context_id,beta_name,beta_motion,beta_stability,beta_energy,lambda_motion,lambda_stability,lambda_energy,group,terrain,seed,episode_index,raw_path,raw_source_part,policy_steps,settling_steps,decision_time_s,progress_m,energy_abs_j,roll_rms_rad,pitch_rms_rad,max_abs_roll_rad,max_abs_pitch_rad,established_slip_fraction_ge_0p002,established_slip_fraction_ge_0p05,established_slip_fraction_ge_0p10,J_motion_s_per_m,J_stability_attitude,J_stability_slip,J_stability,J_stability_dominant,J_energy_j_per_m,source_stage
rough_seed_30,lm100_ls000_le000,0.7,0.15,0.15,1.0,0.0,0.0,rough,rough_perlin,30,0,results/icra27/os_t5p5f2_selector_train_extension_atlas_v0/env_logs/lm100_ls000_le000/rough/episode_0000.jsonl,prefix_partial,38,5,7.6,1.6734916222050285,212.88711516575236,0.00920256464033934,0.04640920700976838,0.01861312407440415,0.0994625804304905,0.08374813339971696,0.00796416127426762,0.0008710801393730175,4.541403075556528,0.17727011281391225,0.08374813339971696,0.17727011281391225,attitude,127.21134204738219,T5.5f3_extension
rough_seed_31,lm100_ls000_le000,0.7,0.15,0.15,1.0,0.0,0.0,rough,rough_perlin,31,1,results/icra27/os_t5p5f2_selector_train_extension_atlas_v0/env_logs/lm100_ls000_le000/rough/episode_0001.jsonl,prefix_partial,37,5,7.4,1.6603566077968153,211.71201981434183,0.006003120864824978,0.08082048772985193,0.017683382648588843,0.12701368610392727,0.0760951188986401,0.006257822277848817,0.0012515644555697052,4.456873881942336,0.30871152300729143,0.0760951188986401,0.30871152300729143,attitude,127.50996913564842,T5.5f3_extension
rough_seed_32,lm100_ls000_le000,0.7,0.15,0.15,1.0,0.0,0.0,rough,rough_perlin,32,2,results/icra27/os_t5p5f2_selector_train_extension_atlas_v0/env_logs/lm100_ls000_le000/rough/episode_0002.jsonl,prefix_partial,39,5,7.800000000000001,1.6873601197661257,196.310843206913,0.00936064667599401,0.04502566812598801,0.03287095570953185,0.06972754536994462,0.058572088724595066,0.002541589648798824,0.00011552680221812719,4.622605399184798,0.17198538355838852,0.058572088724595066,0.17198538355838852,attitude,116.34199534958928,T5.5f3_extension
rough_seed_33,lm100_ls000_le000,0.7,0.15,0.15,1.0,0.0,0.0,rough,rough_perlin,33,3,results/icra27/os_t5p5f2_selector_train_extension_atlas_v0/env_logs/lm100_ls000_le000/rough/episode_0003.jsonl,prefix_partial,37,5,7.4,1.6738280423275316,211.30585741007877,0.006816021564197954,0.08309708516050879,0.016388911503916977,0.17917782375576197,0.09151143892988574,0.003625453181648506,0.0008751093886737371,4.421003718942344,0.3174074846357558,0.09151143892988574,0.3174074846357558,attitude,126.24107857354849,T5.5f3_extension
rough_seed_35,lm100_ls000_le000,0.7,0.15,0.15,1.0,0.0,0.0,rough,rough_perlin,35,5,results/icra27/os_t5p5f2_selector_train_extension_atlas_v0/env_logs/lm100_ls000_le000/rough/episode_0005.jsonl,prefix_partial,38,5,7.6,1.687789225718394,225.27519385393074,0.011187304804930446,0.08607385198670041,0.027741424534702235,0.14855188780872797,0.08119763430262769,0.007885657959588177,0.002587481517989857,4.50293193260854,0.32877789635144467,0.08119763430262769,0.32877789635144467,attitude,133.4735347407163,T5.5f3_extension
rough_seed_36,lm100_ls000_le000,0.7,0.15,0.15,1.0,0.0,0.0,rough,rough_perlin,36,6,results/icra27/os_t5p5f2_selector_train_extension_atlas_v0/env_logs/lm100_ls000_le000/rough/episode_0006.jsonl,prefix_partial,39,5,7.800000000000001,1.699622263620675,214.44807650897246,0.011742634687784493,0.06233718920286165,0.03334574694372706,0.1775794113589575,0.06757671480145508,0.007220216606499363,0.0021435018050544293,4.5892550168081465,0.23811052320216383,0.06757671480145508,0.23811052320216383,attitude,126.17396294405884,T5.5f3_extension
rough_seed_37,lm100_ls000_le000,0.7,0.15,0.15,1.0,0.0,0.0,rough,rough_perlin,37,7,results/icra27/os_t5p5f2_selector_train_extension_atlas_v0/env_logs/lm100_ls000_le000/rough/episode_0007.jsonl,prefix_partial,39,5,7.800000000000001,1.7076457058939727,239.47762301347672,0.008943508071934355,0.08542769663703205,0.028768224273030885,0.14576704872469937,0.07944572748268963,0.006812933025405024,0.0013856812933027004,4.567692216879736,0.32630976472172485,0.07944572748268963,0.32630976472172485,attitude,140.23847112250218,T5.5f3_extension
rough_seed_38,lm100_ls000_le000,0.7,0.15,0.15,1.0,0.0,0.0,rough,rough_perlin,38,8,results/icra27/os_t5p5f2_selector_train_extension_atlas_v0/env_logs/lm100_ls000_le000/rough/episode_0008.jsonl,prefix_partial,37,5,7.4,1.6633584091643,246.53031427203928,0.0078112530593994695,0.12378077935299493,0.017876991841230344,0.2473110237586198,0.1018939393939607,0.00782828282828472,0.0044191919191930665,4.448830726576775,0.47280774945111276,0.1018939393939607,0.47280774945111276,attitude,148.2123834008212,T5.5f3_extension
rough_seed_39,lm100_ls000_le000,0.7,0.15,0.15,1.0,0.0,0.0,rough,rough_perlin,39,9,results/icra27/os_t5p5f2_selector_train_extension_atlas_v0/env_logs/lm100_ls000_le000/rough/episode_0009.jsonl,prefix_partial,41,5,8.200000000000001,1.763577906174878,228.390598831936,0.01300066611414899,0.08331081230339052,0.034730888216260705,0.15829671867635997,0.07168536877656496,0.009804989650289697,0.003813051530668204,4.649638652927693,0.31822386218605664,0.07168536877656496,0.31822386218605664,attitude,129.50411662125268,T5.5f3_extension
rough_seed_40,lm100_ls000_le000,0.7,0.15,0.15,1.0,0.0,0.0,rough,rough_perlin,40,10,results/icra27/os_t5p5f2_selector_train_extension_atlas_v0/env_logs/lm100_ls000_le000/rough/episode_0010.jsonl,prefix_partial,39,5,7.800000000000001,1.6806135493591434,210.43244844243551,0.006702544142357394,0.07555739957009404,0.017193411315191025,0.14708202089564604,0.0783310595725436,0.00409276944065531,0.0001136880400182006,4.64116215353275,0.28860800708999795,0.0783310595725436,0.28860800708999795,attitude,125.21168148541837,T5.5f3_extension
rough_seed_41,lm100_ls000_le000,0.7,0.15,0.15,1.0,0.0,0.0,rough,rough_perlin,41,11,results/icra27/os_t5p5f2_selector_train_extension_atlas_v0/env_logs/lm100_ls000_le000/rough/episode_0011.jsonl,prefix_partial,38,5,7.6,1.6525657770978421,205.28696440748655,0.008530167063084218,0.06415263905329656,0.02099186617914937,0.12230272948250742,0.07545830869309379,0.007924305144885818,0.0008279124778238832,4.5989092266855245,0.2450450308253356,0.07545830869309379,0.2450450308253356,attitude,124.22317299103325,T5.5f3_extension
rough_seed_42,lm100_ls000_le000,0.7,0.15,0.15,1.0,0.0,0.0,rough,rough_perlin,42,12,results/icra27/os_t5p5f2_selector_train_extension_atlas_v0/env_logs/lm100_ls000_le000/rough/episode_0012.jsonl,prefix_partial,39,5,7.800000000000001,1.6877250161451858,209.80819024706517,0.005831286240474055,0.07776804008986875,0.022695409327779557,0.10606418149000185,0.06558946738481043,0.003351286654698552,0.0009575104727709881,4.6216059638764095,0.29705203187691115,0.06558946738481043,0.29705203187691115,attitude,124.31420298922471,T5.5f3_extension
rough_seed_44,lm100_ls000_le000,0.7,0.15,0.15,1.0,0.0,0.0,rough,rough_perlin,44,14,results/icra27/os_t5p5f2_selector_train_extension_atlas_v0/env_logs/lm100_ls000_le000/rough/episode_0014.jsonl,prefix_partial,37,5,7.4,1.652399407553311,212.22619813128986,0.007738706754121649,0.082527112975486,0.018944229185143446,0.18931265758721616,0.08382482118210173,0.006274312962732084,0.0010038900740371407,4.478336149343636,0.31523035125964544,0.08382482118210173,0.31523035125964544,attitude,128.43516958501624,T5.5f3_extension
rough_seed_45,lm100_ls000_le000,0.7,0.15,0.15,1.0,0.0,0.0,rough,rough_perlin,45,15,results/icra27/os_t5p5f2_selector_train_extension_atlas_v0/env_logs/lm100_ls000_le000/rough/episode_0015.jsonl,prefix_partial,39,5,7.800000000000001,1.6879473810090877,209.0268930387661,0.008808494940637866,0.057559679907206736,0.02404662948935383,0.13101984314296122,0.066719439104389,0.0033925138527656122,0.0003392513852765462,4.620997128084057,0.2198617819204608,0.066719439104389,0.2198617819204608,attitude,123.83495800313737,T5.5f3_extension
rough_seed_47,lm100_ls000_le000,0.7,0.15,0.15,1.0,0.0,0.0,rough,rough_perlin,47,17,results/icra27/os_t5p5f2_selector_train_extension_atlas_v0/env_logs/lm100_ls000_le000/rough/episode_0017.jsonl,prefix_partial,38,5,7.6,1.6737587906594165,226.33649208087198,0.011324350083448275,0.07968243394169719,0.022200158108738335,0.1464513049497875,0.10092081031309437,0.008962553713936856,0.0007366482504605153,4.5406781684509046,0.30436447774594866,0.10092081031309437,0.30436447774594866,attitude,135.2264695151811,T5.5f3_extension
rough_seed_30,lm080_ls020_le000,0.59,0.26,0.15,0.8,0.2,0.0,rough,rough_perlin,30,0,results/icra27/os_t5p5f2_selector_train_extension_atlas_v0/env_logs/lm080_ls020_le000/rough/episode_0000.jsonl,prefix_partial,38,5,7.6,1.6724085573136331,212.71431262505334,0.009251302894747302,0.04634015007179503,0.01923706360478978,0.09922772589456197,0.08068766470073027,0.008156606851551496,0.0006274312962732189,4.5443441237874165,0.1770063347411143,0.08068766470073027,0.1770063347411143,attitude,127.19039955567641,T5.5f3_extension
rough_seed_31,lm080_ls020_le000,0.59,0.26,0.15,0.8,0.2,0.0,rough,rough_perlin,31,1,results/icra27/os_t5p5f2_selector_train_extension_atlas_v0/env_logs/lm080_ls020_le000/rough/episode_0001.jsonl,prefix_partial,37,5,7.4,1.6593527611306895,211.46170854804524,0.006000978734069021,0.08072916905926085,0.017696102371670012,0.12699433926558013,0.07923259000873796,0.006353556745983823,0.0009966363523111455,4.459570124774199,0.3083627113795838,0.07923259000873796,0.3083627113795838,attitude,127.43625918575287,T5.5f3_extension
rough_seed_32,lm080_ls020_le000,0.59,0.26,0.15,0.8,0.2,0.0,rough,rough_perlin,32,2,results/icra27/os_t5p5f2_selector_train_extension_atlas_v0/env_logs/lm080_ls020_le000/rough/episode_0002.jsonl,prefix_partial,39,5,7.800000000000001,1.6858779147269343,197.22237100464756,0.0092587881879814,0.04506667108044836,0.033706874496146406,0.07075266655618906,0.05501806737382974,0.0032637836577693404,0.0,4.626669542238701,0.17214200330759818,0.05501806737382974,0.17214200330759818,attitude,116.98496627888511,T5.5f3_extension
rough_seed_33,lm080_ls020_le000,0.59,0.26,0.15,0.8,0.2,0.0,rough,rough_perlin,33,3,results/icra27/os_t5p5f2_selector_train_extension_atlas_v0/env_logs/lm080_ls020_le000/rough/episode_0003.jsonl,prefix_partial,37,5,7.4,1.6721642440856925,210.96622700027882,0.006879344753984159,0.0831037625816496,0.016351962282635375,0.17919494893230858,0.0903105590062304,0.0037267080745349863,0.0008695652173914579,4.425402603944674,0.3174329905057158,0.0903105590062304,0.3174329905057158,attitude,126.1635797718131,T5.5f3_extension
rough_seed_35,lm080_ls020_le000,0.59,0.26,0.15,0.8,0.2,0.0,rough,rough_perlin,35,5,results/icra27/os_t5p5f2_selector_train_extension_atlas_v0/env_logs/lm080_ls020_le000/rough/episode_0005.jsonl,prefix_partial,38,5,7.6,1.6865779113743509,224.85046681376625,0.0112226392557754,0.08604111917070238,0.028896666519075825,0.1480971987187314,0.0824716888232551,0.00640078778926787,0.002092565238799133,4.50616597593582,0.32865286620422696,0.0824716888232551,0.32865286620422696,attitude,133.3175688459842,T5.5f3_extension
rough_seed_36,lm080_ls020_le000,0.59,0.26,0.15,0.8,0.2,0.0,rough,rough_perlin,36,6,results/icra27/os_t5p5f2_selector_train_extension_atlas_v0/env_logs/lm080_ls020_le000/rough/episode_0006.jsonl,prefix_partial,39,5,7.800000000000001,1.6984878457626456,214.5867257288469,0.011841030044101631,0.06227367202731224,0.03438920854583204,0.17757668256812043,0.06700450450451549,0.007094594594595855,0.001801801801802045,4.59232017435938,0.23786790546312564,0.06700450450451549,0.23786790546312564,attitude,126.33986534798802,T5.5f3_extension
rough_seed_37,lm080_ls020_le000,0.59,0.26,0.15,0.8,0.2,0.0,rough,rough_perlin,37,7,results/icra27/os_t5p5f2_selector_train_extension_atlas_v0/env_logs/lm080_ls020_le000/rough/episode_0007.jsonl,prefix_partial,39,5,7.800000000000001,1.7046060987787621,239.1404993236677,0.008917560662264791,0.08517272356346997,0.028630746433770796,0.14568369435648387,0.07591592971173644,0.007809808200299643,0.0019524520500748723,4.575837201091904,0.32533583932141913,0.07591592971173644,0.32533583932141913,attitude,140.2907683452477,T5.5f3_extension
rough_seed_38,lm080_ls020_le000,0.59,0.26,0.15,0.8,0.2,0.0,rough,rough_perlin,38,8,results/icra27/os_t5p5f2_selector_train_extension_atlas_v0/env_logs/lm080_ls020_le000/rough/episode_0008.jsonl,prefix_partial,37,5,7.4,1.6623499476592924,246.61140371784433,0.007854121183241601,0.12378525093560362,0.018052471646623863,0.2473377319329899,0.10150233556371244,0.007953541219544958,0.004544880696882934,4.451529601465522,0.4728248296385275,0.10150233556371244,0.4728248296385275,attitude,148.3510761768849,T5.5f3_extension
rough_seed_39,lm080_ls020_le000,0.59,0.26,0.15,0.8,0.2,0.0,rough,rough_perlin,39,9,results/icra27/os_t5p5f2_selector_train_extension_atlas_v0/env_logs/lm080_ls020_le000/rough/episode_0009.jsonl,prefix_partial,41,5,8.200000000000001,1.7612054187156723,228.4303339080782,0.013128947541363047,0.08334681216807314,0.034729942274744,0.15797425575719481,0.07394058540848655,0.010157273918742948,0.003385757972914263,4.655902095724703,0.31836137154001376,0.07394058540848655,0.31836137154001376,attitude,129.70113053289205,T5.5f3_extension
rough_seed_40,lm080_ls020_le000,0.59,0.26,0.15,0.8,0.2,0.0,rough,rough_perlin,40,10,results/icra27/os_t5p5f2_selector_train_extension_atlas_v0/env_logs/lm080_ls020_le000/rough/episode_0010.jsonl,prefix_partial,39,5,7.800000000000001,1.6805110993944279,210.28755821752176,0.006622229837971831,0.07553025117324413,0.017094306708427556,0.14615108989394954,0.07652886914930994,0.0046691720760738565,0.00022776449151579357,4.6414450953705275,0.28850430785266157,0.07652886914930994,0.28850430785266157,attitude,125.13309688540521,T5.5f3_extension
rough_seed_41,lm080_ls020_le000,0.59,0.26,0.15,0.8,0.2,0.0,rough,rough_perlin,41,11,results/icra27/os_t5p5f2_selector_train_extension_atlas_v0/env_logs/lm080_ls020_le000/rough/episode_0011.jsonl,prefix_partial,38,5,7.6,1.652682506921736,205.5704228305877,0.008525888225681783,0.06419206913722007,0.021089082391711197,0.12239453711078574,0.07547169811322037,0.00795063486412834,0.0009493295360153147,4.598584403338096,0.24519564265164653,0.07547169811322037,0.24519564265164653,attitude,124.38591318636293,T5.5f3_extension
rough_seed_42,lm080_ls020_le000,0.59,0.26,0.15,0.8,0.2,0.0,rough,rough_perlin,42,12,results/icra27/os_t5p5f2_selector_train_extension_atlas_v0/env_logs/lm080_ls020_le000/rough/episode_0012.jsonl,prefix_partial,39,5,7.800000000000001,1.686890187657581,210.03945549714763,0.005817073049880555,0.07789013283028917,0.022619104747165622,0.10665342829385382,0.06710605152787215,0.003355302576393656,0.0009586578789696347,4.623893159774138,0.29751839179259626,0.06710605152787215,0.29751839179259626,attitude,124.51282071230068,T5.5f3_extension
rough_seed_44,lm080_ls020_le000,0.59,0.26,0.15,0.8,0.2,0.0,rough,rough_perlin,44,14,results/icra27/os_t5p5f2_selector_train_extension_atlas_v0/env_logs/lm080_ls020_le000/rough/episode_0014.jsonl,prefix_partial,38,5,7.6,1.6955043890514379,216.1699867113277,0.007650966974099046,0.08473574684258625,0.01892732457634896,0.18931174339670642,0.0800833946529483,0.005886681383371268,0.000981113563895225,4.482441950062939,0.3236667111979456,0.0800833946529483,0.3236667111979456,attitude,127.49597589202678,T5.5f3_extension
rough_seed_45,lm080_ls020_le000,0.59,0.26,0.15,0.8,0.2,0.0,rough,rough_perlin,45,15,results/icra27/os_t5p5f2_selector_train_extension_atlas_v0/env_logs/lm080_ls020_le000/rough/episode_0015.jsonl,prefix_partial,39,5,7.800000000000001,1.6877403726425146,208.92945617104186,0.008853496703932295,0.057547776641569036,0.02402026692451191,0.13107674595646746,0.06708144796381359,0.0033936651583717533,0.0003393665158371603,4.621563912574687,0.21981631479489658,0.06708144796381359,0.21981631479489658,attitude,123.79241473255664,T5.5f3_extension
rough_seed_47,lm080_ls020_le000,0.59,0.26,0.15,0.8,0.2,0.0,rough,rough_perlin,47,17,results/icra27/os_t5p5f2_selector_train_extension_atlas_v0/env_logs/lm080_ls020_le000/rough/episode_0017.jsonl,prefix_partial,38,5,7.6,1.6720493320491758,226.1769947744182,0.011335085597399683,0.0797057767141283,0.022217171387269082,0.1460525263873758,0.09897946637159054,0.009344645272349385,0.0007377351530801542,4.545320436620036,0.3044536405687778,0.09897946637159054,0.3044536405687778,attitude,135.26933113703504,T5.5f3_extension
rough_seed_30,lm080_ls000_le020,0.59,0.15,0.26,0.8,0.0,0.2,rough,rough_perlin,30,0,results/icra27/os_t5p5f2_selector_train_extension_atlas_v0/env_logs/lm080_ls000_le020/rough/episode_0000.jsonl,prefix_partial,38,5,7.6,1.6653761237425306,212.87642923714722,0.009142573033051975,0.046692112105861876,0.01894912022510318,0.10198392916694488,0.0735203262078497,0.0058074879525529055,0.000988508587668521,4.563533661645656,0.17835073068117227,0.0735203262078497,0.17835073068117227,attitude,127.82483560455933,T5.5f3_extension
rough_seed_31,lm080_ls000_le020,0.59,0.15,0.26,0.8,0.0,0.2,rough,rough_perlin,31,1,results/icra27/os_t5p5f2_selector_train_extension_atlas_v0/env_logs/lm080_ls000_le020/rough/episode_0001.jsonl,prefix_partial,37,5,7.4,1.654844517691946,211.13232066697475,0.006113813739491993,0.0812985106290532,0.01779709325178018,0.12761660743811998,0.07496569789199584,0.007733566171886538,0.000873144567793613,4.471719198321405,0.3105374359829475,0.07496569789199584,0.3105374359829475,attitude,127.58438536657596,T5.5f3_extension
rough_seed_32,lm080_ls000_le020,0.59,0.15,0.26,0.8,0.0,0.2,rough,rough_perlin,32,2,results/icra27/os_t5p5f2_selector_train_extension_atlas_v0/env_logs/lm080_ls000_le020/rough/episode_0002.jsonl,prefix_partial,39,5,7.800000000000001,1.663183170944748,198.4242239202692,0.009010605378733773,0.04103759344225582,0.03460779330540592,0.07106196012499355,0.05649181106101023,0.0021362449560885367,0.0,4.689802143421954,0.1567520603743335,0.05649181106101023,0.1567520603743335,attitude,119.30389110873284,T5.5f3_extension
rough_seed_33,lm080_ls000_le020,0.59,0.15,0.26,0.8,0.0,0.2,rough,rough_perlin,33,3,results/icra27/os_t5p5f2_selector_train_extension_atlas_v0/env_logs/lm080_ls000_le020/rough/episode_0003.jsonl,prefix_partial,37,5,7.4,1.6685049931090368,210.89427978272846,0.007174425544328306,0.08370750342382398,0.015955875427202233,0.17893364532989797,0.09242833269059543,0.006299010155548684,0.0006427561383212287,4.435108094109498,0.3197391106508002,0.09242833269059543,0.3197391106508002,attitude,126.39715233321242,T5.5f3_extension
rough_seed_35,lm080_ls000_le020,0.59,0.15,0.26,0.8,0.0,0.2,rough,rough_perlin,35,5,results/icra27/os_t5p5f2_selector_train_extension_atlas_v0/env_logs/lm080_ls000_le020/rough/episode_0005.jsonl,prefix_partial,39,5,7.800000000000001,1.7143975869692492,235.42526016224488,0.011563825005444228,0.08790203754904945,0.03130723997922517,0.1539271399743145,0.09164453030670812,0.008331320936973847,0.0031393383240772084,4.54970309062848,0.3357610508107347,0.09164453030670812,0.3357610508107347,attitude,137.3224402272025,T5.5f3_extension
rough_seed_36,lm080_ls000_le020,0.59,0.15,0.26,0.8,0.0,0.2,rough,rough_perlin,36,6,results/icra27/os_t5p5f2_selector_train_extension_atlas_v0/env_logs/lm080_ls000_le020/rough/episode_0006.jsonl,prefix_partial,39,5,7.800000000000001,1.6947342540086137,215.27658561757602,0.011810174540365464,0.06249327887759693,0.035471234700211726,0.17760368973860619,0.06038123501884318,0.007419244378496636,0.002168702202945123,4.602491500688318,0.23870674184135726,0.06038123501884318,0.23870674184135726,attitude,127.02675071821723,T5.5f3_extension
rough_seed_37,lm080_ls000_le020,0.59,0.15,0.26,0.8,0.0,0.2,rough,rough_perlin,37,7,results/icra27/os_t5p5f2_selector_train_extension_atlas_v0/env_logs/lm080_ls000_le020/rough/episode_0007.jsonl,prefix_partial,39,5,7.800000000000001,1.7055900717850188,231.98299413178086,0.00843409738962171,0.08625582169831313,0.023413019221599475,0.14539416457880128,0.07326344891142578,0.007948393042277182,0.0018431056329917973,4.57319735206758,0.32947296944975274,0.07326344891142578,0.32947296944975274,attitude,136.01333519079088,T5.5f3_extension
rough_seed_38,lm080_ls000_le020,0.59,0.15,0.26,0.8,0.0,0.2,rough,rough_perlin,38,8,results/icra27/os_t5p5f2_selector_train_extension_atlas_v0/env_logs/lm080_ls000_le020/rough/episode_0008.jsonl,prefix_partial,37,5,7.4,1.6597309238246765,242.9990786368412,0.0074489531869991665,0.12314347290804033,0.018068072447254262,0.24379680620788768,0.10301189572262343,0.00847886610984767,0.004555808656037674,4.45855403052169,0.47037341814762035,0.10301189572262343,0.47037341814762035,attitude,146.40871911747914,T5.5f3_extension
rough_seed_39,lm080_ls000_le020,0.59,0.15,0.26,0.8,0.0,0.2,rough,rough_perlin,39,9,results/icra27/os_t5p5f2_selector_train_extension_atlas_v0/env_logs/lm080_ls000_le020/rough/episode_0009.jsonl,prefix_partial,41,5,8.200000000000001,1.755032286474746,220.2678526884658,0.012542237983713173,0.0872247973622295,0.03451725754499871,0.1586039368519523,0.06330623306233914,0.008021680216802909,0.0021680216802169496,4.672278717145979,0.33317418384930575,0.06330623306233914,0.33317418384930575,attitude,125.50643904728834,T5.5f3_extension
rough_seed_40,lm080_ls000_le020,0.59,0.15,0.26,0.8,0.0,0.2,rough,rough_perlin,40,10,results/icra27/os_t5p5f2_selector_train_extension_atlas_v0/env_logs/lm080_ls000_le020/rough/episode_0010.jsonl,prefix_partial,39,5,7.800000000000001,1.671668908138883,209.59255679829258,0.0065866908721446205,0.07500976641517182,0.01840757148563111,0.14819550340934406,0.07074175824176815,0.004464285714286309,0.00011446886446887482,4.665995737567414,0.2865162025234328,0.07074175824176815,0.2865162025234328,attitude,125.37922777521656,T5.5f3_extension
rough_seed_41,lm080_ls000_le020,0.59,0.15,0.26,0.8,0.0,0.2,rough,rough_perlin,41,11,results/icra27/os_t5p5f2_selector_train_extension_atlas_v0/env_logs/lm080_ls000_le020/rough/episode_0011.jsonl,prefix_partial,39,5,7.800000000000001,1.6795809623024558,208.33874706222002,0.008411160938243893,0.06338234777532298,0.021865341644418074,0.11989615226057948,0.07405724670605332,0.006474329850068868,0.0007950931394821261,4.644015486641002,0.24210273487709397,0.07405724670605332,0.24210273487709397,attitude,124.04209843901694,T5.5f3_extension
rough_seed_42,lm080_ls000_le020,0.59,0.15,0.26,0.8,0.0,0.2,rough,rough_perlin,42,12,results/icra27/os_t5p5f2_selector_train_extension_atlas_v0/env_logs/lm080_ls000_le020/rough/episode_0012.jsonl,prefix_partial,39,5,7.800000000000001,1.6871018682088936,210.3259907723342,0.006013236620934177,0.07814436195289858,0.022681865648408406,0.1083444889510281,0.06926922161391395,0.0049988098071902685,0.0019043084979773757,4.62331300022852,0.2984894755095851,0.06926922161391395,0.2984894755095851,attitude,124.66703684918926,T5.5f3_extension
rough_seed_44,lm080_ls000_le020,0.59,0.15,0.26,0.8,0.0,0.2,rough,rough_perlin,44,14,results/icra27/os_t5p5f2_selector_train_extension_atlas_v0/env_logs/lm080_ls000_le020/rough/episode_0014.jsonl,prefix_partial,38,5,7.6,1.6965117212261969,217.8633015276882,0.007713824761830408,0.08423532665560426,0.019078336974182524,0.18923799567838517,0.09443129438148191,0.005356920393672866,0.0008720568082722701,4.479780425275758,0.3217552468847979,0.09443129438148191,0.3217552468847979,attitude,128.4183886275905,T5.5f3_extension
rough_seed_45,lm080_ls000_le020,0.59,0.15,0.26,0.8,0.0,0.2,rough,rough_perlin,45,15,results/icra27/os_t5p5f2_selector_train_extension_atlas_v0/env_logs/lm080_ls000_le020/rough/episode_0015.jsonl,prefix_partial,39,5,7.800000000000001,1.6804448521118605,207.56172319455754,0.008679712260457089,0.05696493714891531,0.02224500004607849,0.1285023388935227,0.06471320285101405,0.004072858920693094,0.0003394049100577432,4.641628072588952,0.2175900319240563,0.06471320285101405,0.2175900319240563,attitude,123.51593861215328,T5.5f3_extension
rough_seed_47,lm080_ls000_le020,0.59,0.15,0.26,0.8,0.0,0.2,rough,rough_perlin,47,17,results/icra27/os_t5p5f2_selector_train_extension_atlas_v0/env_logs/lm080_ls000_le020/rough/episode_0017.jsonl,prefix_partial,38,5,7.6,1.6684496225242154,225.41350187188922,0.011266204615636441,0.07856770526810301,0.022747878285387678,0.14600071641362944,0.09996270048491174,0.008330225040409263,0.0007459903021261804,4.555127045731161,0.3001065278593378,0.09996270048491174,0.3001065278593378,attitude,135.10357090126504,T5.5f3_extension
rough_seed_30,lm060_ls040_le000,0.48,0.37,0.15,0.6,0.4,0.0,rough,rough_perlin,30,0,results/icra27/os_t5p5f2_selector_train_extension_atlas_v0/env_logs/lm060_ls040_le000/rough/episode_0000.jsonl,prefix_partial,38,5,7.6,1.6716993591178926,211.99785675243697,0.009178162506286766,0.04626558218654641,0.018773111861690207,0.09841955101055144,0.07948174909681323,0.008222249906567095,0.0006228977201945042,4.546272006714354,0.17672150640031684,0.07948174909681323,0.17672150640031684,attitude,126.8157791627689,T5.5f3_extension
rough_seed_31,lm060_ls040_le000,0.48,0.37,0.15,0.6,0.4,0.0,rough,rough_perlin,31,1,results/icra27/os_t5p5f2_selector_train_extension_atlas_v0/env_logs/lm060_ls040_le000/rough/episode_0001.jsonl,prefix_partial,37,5,7.4,1.6585502210574379,211.4342946376937,0.006009066143046924,0.08074756378281192,0.01768262772473593,0.12708454001202507,0.08004481513757489,0.006597784140422314,0.0008714054525085739,4.461728023696503,0.30843297404790293,0.08004481513757489,0.30843297404790293,attitude,127.48139426425692,T5.5f3_extension
rough_seed_32,lm060_ls040_le000,0.48,0.37,0.15,0.6,0.4,0.0,rough,rough_perlin,32,2,results/icra27/os_t5p5f2_selector_train_extension_atlas_v0/env_logs/lm060_ls040_le000/rough/episode_0002.jsonl,prefix_partial,39,5,7.800000000000001,1.6854425976547298,196.83714381487076,0.009148767150592246,0.04497667982382425,0.033177266919279094,0.07078255459331473,0.0580046403712402,0.003132250580046765,0.0,4.62786452107808,0.17179826202775553,0.0580046403712402,0.17179826202775553,attitude,116.78661978092101,T5.5f3_extension
rough_seed_33,lm060_ls040_le000,0.48,0.37,0.15,0.6,0.4,0.0,rough,rough_perlin,33,3,results/icra27/os_t5p5f2_selector_train_extension_atlas_v0/env_logs/lm060_ls040_le000/rough/episode_0003.jsonl,prefix_partial,37,5,7.4,1.6719552974791998,211.09156986864866,0.006811933522483429,0.08313786608512092,0.016372367408122347,0.17927356415353501,0.0911019593161309,0.004492699363535225,0.0008735804317984808,4.425955652736021,0.31756325629341686,0.0911019593161309,0.31756325629341686,attitude,126.25431444663057,T5.5f3_extension
rough_seed_35,lm060_ls040_le000,0.48,0.37,0.15,0.6,0.4,0.0,rough,rough_perlin,35,5,results/icra27/os_t5p5f2_selector_train_extension_atlas_v0/env_logs/lm060_ls040_le000/rough/episode_0005.jsonl,prefix_partial,38,5,7.6,1.6860321996456569,224.45998497553907,0.011361758776751569,0.08622911320844515,0.028148506657708613,0.14945582771899324,0.07830805278087564,0.007399186089531734,0.0023430755950184824,4.507624469803866,0.32937095053331256,0.07830805278087564,0.32937095053331256,attitude,133.12912115362474,T5.5f3_extension
rough_seed_36,lm060_ls040_le000,0.48,0.37,0.15,0.6,0.4,0.0,rough,rough_perlin,36,6,results/icra27/os_t5p5f2_selector_train_extension_atlas_v0/env_logs/lm060_ls040_le000/rough/episode_0006.jsonl,prefix_partial,39,5,7.800000000000001,1.6979287478116785,214.54879951382964,0.011901430523229561,0.06201436665755057,0.034535015204017076,0.17757389931639134,0.06467605633803863,0.007098591549297005,0.001802816901408686,4.593832344291704,0.23687743191029745,0.06467605633803863,0.23687743191029745,attitude,126.35913008148547,T5.5f3_extension
rough_seed_37,lm060_ls040_le000,0.48,0.37,0.15,0.6,0.4,0.0,rough,rough_perlin,37,7,results/icra27/os_t5p5f2_selector_train_extension_atlas_v0/env_logs/lm060_ls040_le000/rough/episode_0007.jsonl,prefix_partial,39,5,7.800000000000001,1.699243319111877,239.27590833824138,0.009167729481115184,0.08647276878534958,0.028948574990270995,0.14564216991736845,0.07502013577264863,0.007709124381545256,0.0021861696007366383,4.590278456458333,0.3303016462807425,0.07502013577264863,0.3303016462807425,attitude,140.81321117878565,T5.5f3_extension
rough_seed_38,lm060_ls040_le000,0.48,0.37,0.15,0.6,0.4,0.0,rough,rough_perlin,38,8,results/icra27/os_t5p5f2_selector_train_extension_atlas_v0/env_logs/lm060_ls040_le000/rough/episode_0008.jsonl,prefix_partial,37,5,7.4,1.6637558498746163,246.87559727725142,0.007811692764940901,0.12372600729545084,0.018039683557207954,0.24706271691930715,0.10253485424590263,0.007984790874526653,0.004435994930292669,4.447767982638605,0.4725985356022778,0.10253485424590263,0.4725985356022778,attitude,148.38451044115422,T5.5f3_extension
rough_seed_39,lm060_ls040_le000,0.48,0.37,0.15,0.6,0.4,0.0,rough,rough_perlin,39,9,results/icra27/os_t5p5f2_selector_train_extension_atlas_v0/env_logs/lm060_ls040_le000/rough/episode_0009.jsonl,prefix_partial,41,5,8.200000000000001,1.764829066995254,227.81031464826177,0.012804880791864778,0.08305736369934974,0.034726339330896215,0.15782476949228097,0.07460093386905231,0.009555869258335266,0.0034748615484855153,4.646342330456444,0.31725575983038873,0.07460093386905231,0.31725575983038873,attitude,129.0835010079049,T5.5f3_extension
rough_seed_40,lm060_ls040_le000,0.48,0.37,0.15,0.6,0.4,0.0,rough,rough_perlin,40,10,results/icra27/os_t5p5f2_selector_train_extension_atlas_v0/env_logs/lm060_ls040_le000/rough/episode_0010.jsonl,prefix_partial,39,5,7.800000000000001,1.6818820827966476,210.08493634178663,0.006643100614618551,0.07534861590334256,0.01708335472744406,0.1454860505639468,0.0777790394004874,0.0045418417168166785,0.0002270920858408295,4.637661629066227,0.2878105122275896,0.0777790394004874,0.2878105122275896,attitude,124.91062155347754,T5.5f3_extension
rough_seed_41,lm060_ls040_le000,0.48,0.37,0.15,0.6,0.4,0.0,rough,rough_perlin,41,11,results/icra27/os_t5p5f2_selector_train_extension_atlas_v0/env_logs/lm060_ls040_le000/rough/episode_0011.jsonl,prefix_partial,38,5,7.6,1.6516401773096616,205.4504219496559,0.008673682417978536,0.06421992271597068,0.021467105775138773,0.12244805091599331,0.07511904761906024,0.0079761904761916,0.0007142857142858077,4.601486512867201,0.24530203548542956,0.07511904761906024,0.24530203548542956,attitude,124.39175600844962,T5.5f3_extension
rough_seed_42,lm060_ls040_le000,0.48,0.37,0.15,0.6,0.4,0.0,rough,rough_perlin,42,12,results/icra27/os_t5p5f2_selector_train_extension_atlas_v0/env_logs/lm060_ls040_le000/rough/episode_0012.jsonl,prefix_partial,39,5,7.800000000000001,1.6859282493890067,210.2712139173437,0.0058019804568398255,0.07811955061530092,0.02261409671217576,0.1077649761619579,0.0661413562559804,0.0042979942693416665,0.0009551098376315195,4.626531409522784,0.29839470318102373,0.0661413562559804,0.29839470318102373,attitude,124.72133021885575,T5.5f3_extension
rough_seed_44,lm060_ls040_le000,0.48,0.37,0.15,0.6,0.4,0.0,rough,rough_perlin,44,14,results/icra27/os_t5p5f2_selector_train_extension_atlas_v0/env_logs/lm060_ls040_le000/rough/episode_0014.jsonl,prefix_partial,38,5,7.6,1.6946941740121801,217.05464957711413,0.007715931315486856,0.0854802546899056,0.01907721198862572,0.18929037480968303,0.08048810550969318,0.006162948354494079,0.0008628127696291782,4.484584957300607,0.3265105216956635,0.08048810550969318,0.3265105216956635,attitude,128.07894952706323,T5.5f3_extension
rough_seed_45,lm060_ls040_le000,0.48,0.37,0.15,0.6,0.4,0.0,rough,rough_perlin,45,15,results/icra27/os_t5p5f2_selector_train_extension_atlas_v0/env_logs/lm060_ls040_le000/rough/episode_0015.jsonl,prefix_partial,39,5,7.800000000000001,1.6887963636055259,209.52157072043534,0.009059955147914845,0.05763141586384219,0.025409908259238112,0.13121086711308694,0.06676473916488737,0.003621138395383683,0.00045264229942295096,4.618674085339248,0.2201357930907638,0.06676473916488737,0.2201357930907638,attitude,124.0656216674422,T5.5f3_extension
rough_seed_47,lm060_ls040_le000,0.48,0.37,0.15,0.6,0.4,0.0,rough,rough_perlin,47,17,results/icra27/os_t5p5f2_selector_train_extension_atlas_v0/env_logs/lm060_ls040_le000/rough/episode_0017.jsonl,prefix_partial,38,5,7.6,1.6707185408244216,225.92176100272374,0.011298304846555368,0.07967725829214214,0.02240951146461338,0.1461280646549461,0.09848113669771502,0.008941695247429729,0.0007349338559530747,4.548940958211761,0.30434470822089915,0.09848113669771502,0.30434470822089915,attitude,135.22430947060772,T5.5f3_extension
rough_seed_30,lm060_ls020_le020,0.48,0.26,0.26,0.6,0.2,0.2,rough,rough_perlin,30,0,results/icra27/os_t5p5f2_selector_train_extension_atlas_v0/env_logs/lm060_ls020_le020/rough/episode_0000.jsonl,prefix_partial,38,5,7.6,1.6642788443071779,212.79684699353152,0.009215688767189301,0.04672256449422544,0.020349919239998814,0.10206190248293634,0.07384539392444131,0.006791800444555687,0.000987898246480777,4.566542455308204,0.17846705023646064,0.07384539392444131,0.17846705023646064,attitude,127.86129423048494,T5.5f3_extension
rough_seed_31,lm060_ls020_le020,0.48,0.26,0.26,0.6,0.2,0.2,rough,rough_perlin,31,1,results/icra27/os_t5p5f2_selector_train_extension_atlas_v0/env_logs/lm060_ls020_le020/rough/episode_0001.jsonl,prefix_partial,37,5,7.4,1.6536570604033127,211.0139342960352,0.00604201855557127,0.08123492136536702,0.017824527530578418,0.12757445048663252,0.07534418022529797,0.007759699624532464,0.0008760951188987982,4.474930248352221,0.31029454288750996,0.07534418022529797,0.31029454288750996,attitude,127.60441046015352,T5.5f3_extension
rough_seed_32,lm060_ls020_le020,0.48,0.26,0.26,0.6,0.2,0.2,rough,rough_perlin,32,2,results/icra27/os_t5p5f2_selector_train_extension_atlas_v0/env_logs/lm060_ls020_le020/rough/episode_0002.jsonl,prefix_partial,39,5,7.800000000000001,1.6628857394129848,198.73025226831098,0.009001701860881499,0.04094745478524387,0.03468476212254278,0.07107225215771963,0.057653365098281464,0.002382370458606574,0.0,4.690640983398822,0.15640775606648272,0.057653365098281464,0.15640775606648272,attitude,119.50926486293925,T5.5f3_extension
rough_seed_33,lm060_ls020_le020,0.48,0.26,0.26,0.6,0.2,0.2,rough,rough_perlin,33,3,results/icra27/os_t5p5f2_selector_train_extension_atlas_v0/env_logs/lm060_ls020_le020/rough/episode_0003.jsonl,prefix_partial,38,5,7.6,1.7054909267193454,215.02385549692326,0.006886269913918032,0.08256122996276406,0.016390203257045162,0.17891139377338683,0.08899798590132339,0.006419939577040841,0.0006294058408862842,4.456194917799555,0.3153606685516944,0.08899798590132339,0.3153606685516944,attitude,126.07739632513885,T5.5f3_extension
rough_seed_35,lm060_ls020_le020,0.48,0.26,0.26,0.6,0.2,0.2,rough,rough_perlin,35,5,results/icra27/os_t5p5f2_selector_train_extension_atlas_v0/env_logs/lm060_ls020_le020/rough/episode_0005.jsonl,prefix_partial,39,5,7.800000000000001,1.7131389943636663,235.80420668224397,0.011593424272643735,0.0881816867806534,0.031666927652740144,0.1544339666647221,0.0938554216867667,0.008795180722893618,0.0032530120481937905,4.553045623071149,0.33682923219173355,0.0938554216867667,0.33682923219173355,attitude,137.64452706876352,T5.5f3_extension
rough_seed_36,lm060_ls020_le020,0.48,0.26,0.26,0.6,0.2,0.2,rough,rough_perlin,36,6,results/icra27/os_t5p5f2_selector_train_extension_atlas_v0/env_logs/lm060_ls020_le020/rough/episode_0006.jsonl,prefix_partial,39,5,7.800000000000001,1.6897792462762036,215.03248437455665,0.01199342859320425,0.06266154928250293,0.035942884830175444,0.17760034443245742,0.06107482525496585,0.007791910163860422,0.0019479775409650577,4.615987571861235,0.23934948744256201,0.06107482525496585,0.23934948744256201,attitude,127.2547788999229,T5.5f3_extension
rough_seed_37,lm060_ls020_le020,0.48,0.26,0.26,0.6,0.2,0.2,rough,rough_perlin,37,7,results/icra27/os_t5p5f2_selector_train_extension_atlas_v0/env_logs/lm060_ls020_le020/rough/episode_0007.jsonl,prefix_partial,39,5,7.800000000000001,1.702614382991387,231.73636915569307,0.008512944392752117,0.0862675373101997,0.023449958640624775,0.14553304887668128,0.07094165222415744,0.008318890814559032,0.0017331022530331227,4.581190008682935,0.32951771979078703,0.07094165222415744,0.32951771979078703,attitude,136.10619731083605,T5.5f3_extension
rough_seed_38,lm060_ls020_le020,0.48,0.26,0.26,0.6,0.2,0.2,rough,rough_perlin,38,8,results/icra27/os_t5p5f2_selector_train_extension_atlas_v0/env_logs/lm060_ls020_le020/rough/episode_0008.jsonl,prefix_partial,37,5,7.4,1.660226762773268,242.87125792706485,0.007417111749048869,0.12315092297412705,0.017804546677200522,0.2438540747180864,0.1027753136484819,0.008490685591181893,0.004562159422127704,4.4572224505277385,0.4704018753038779,0.1027753136484819,0.4704018753038779,attitude,146.2880031649225,T5.5f3_extension
rough_seed_39,lm060_ls020_le020,0.48,0.26,0.26,0.6,0.2,0.2,rough,rough_perlin,39,9,results/icra27/os_t5p5f2_selector_train_extension_atlas_v0/env_logs/lm060_ls020_le020/rough/episode_0009.jsonl,prefix_partial,41,5,8.200000000000001,1.755387328397549,220.62760453884957,0.012548020803724047,0.08713203641806579,0.03451790982553647,0.15860201432338772,0.06186238332972429,0.008139787280226626,0.0022791404384633583,4.67133370928773,0.3328198631423571,0.06186238332972429,0.3328198631423571,attitude,125.68599588801591,T5.5f3_extension
rough_seed_40,lm060_ls020_le020,0.48,0.26,0.26,0.6,0.2,0.2,rough,rough_perlin,40,10,results/icra27/os_t5p5f2_selector_train_extension_atlas_v0/env_logs/lm060_ls020_le020/rough/episode_0010.jsonl,prefix_partial,39,5,7.800000000000001,1.6734091599569063,210.51243010966752,0.006511290876033718,0.07535507617089626,0.018696626334185222,0.14959738524149246,0.07252822442696863,0.004105371193979306,0.00022807617744328705,4.661143363288908,0.2878351886319464,0.07252822442696863,0.2878351886319464,attitude,125.79854057634574,T5.5f3_extension
rough_seed_41,lm060_ls020_le020,0.48,0.26,0.26,0.6,0.2,0.2,rough,rough_perlin,41,11,results/icra27/os_t5p5f2_selector_train_extension_atlas_v0/env_logs/lm060_ls020_le020/rough/episode_0011.jsonl,prefix_partial,39,5,7.800000000000001,1.680185652666753,207.8830994150191,0.008341287445554799,0.06337407881544917,0.021948709273521456,0.1198891217629725,0.07209854220816977,0.006554412928015251,0.0005650355972426789,4.642344128828868,0.24207114977697847,0.07209854220816977,0.24207114977697847,attitude,123.72626744257202,T5.5f3_extension
rough_seed_42,lm060_ls020_le020,0.48,0.26,0.26,0.6,0.2,0.2,rough,rough_perlin,42,12,results/icra27/os_t5p5f2_selector_train_extension_atlas_v0/env_logs/lm060_ls020_le020/rough/episode_0012.jsonl,prefix_partial,39,5,7.800000000000001,1.6860558569120125,210.42844825163763,0.006013977885719826,0.07814917430549147,0.022676349233288897,0.1086139794564347,0.06919961886613919,0.004883277751311588,0.0019056693663656392,4.626181254923304,0.2985078573424585,0.06919961886613919,0.2985078573424585,attitude,124.80514651337492,T5.5f3_extension
rough_seed_44,lm060_ls020_le020,0.48,0.26,0.26,0.6,0.2,0.2,rough,rough_perlin,44,14,results/icra27/os_t5p5f2_selector_train_extension_atlas_v0/env_logs/lm060_ls020_le020/rough/episode_0014.jsonl,prefix_partial,38,5,7.6,1.694133689064779,217.69477192914357,0.007722847436691681,0.08427250395453294,0.019031653580878615,0.18923414124203686,0.0928913536677768,0.004537433829090927,0.0006301991429293188,4.486068631452259,0.3218972537062852,0.0928913536677768,0.3218972537062852,attitude,128.499169418748,T5.5f3_extension
rough_seed_45,lm060_ls020_le020,0.48,0.26,0.26,0.6,0.2,0.2,rough,rough_perlin,45,15,results/icra27/os_t5p5f2_selector_train_extension_atlas_v0/env_logs/lm060_ls020_le020/rough/episode_0015.jsonl,prefix_partial,39,5,7.800000000000001,1.681711510999005,207.26060071954947,0.008618084637899088,0.0567239011625194,0.022430243681711405,0.12869130058427225,0.06211250140909808,0.004058167061211397,0.00022545372562284566,4.638132015500378,0.21666934227530574,0.06211250140909808,0.21666934227530574,attitude,123.24384971143371,T5.5f3_extension
rough_seed_47,lm060_ls020_le020,0.48,0.26,0.26,0.6,0.2,0.2,rough,rough_perlin,47,17,results/icra27/os_t5p5f2_selector_train_extension_atlas_v0/env_logs/lm060_ls020_le020/rough/episode_0017.jsonl,prefix_partial,38,5,7.6,1.6683245332340753,225.28441607590364,0.011135591544740097,0.07881854638644833,0.022763524630159925,0.14666163304239288,0.10151027482051837,0.007922753156723365,0.0006189650903689935,4.555468584560866,0.30106467035330636,0.10151027482051837,0.30106467035330636,attitude,135.03632631906814,T5.5f3_extension
rough_seed_30,lm060_ls000_le040,0.48,0.15,0.37,0.6,0.0,0.4,rough,rough_perlin,30,0,results/icra27/os_t5p5f2_selector_train_extension_atlas_v0/env_logs/lm060_ls000_le040/rough/episode_0000.jsonl,prefix_partial,38,5,7.6,1.6592860805569543,213.58785951523916,0.00906260976981176,0.04659956992348893,0.018446285144934182,0.10043203439889958,0.07558997050149048,0.010570304818094766,0.0012291052114064022,4.580283104314955,0.1779972455827123,0.07558997050149048,0.1779972455827123,attitude,128.72274529269026,T5.5f3_extension
rough_seed_31,lm060_ls000_le040,0.48,0.15,0.37,0.6,0.0,0.4,rough,rough_perlin,31,1,results/icra27/os_t5p5f2_selector_train_extension_atlas_v0/env_logs/lm060_ls000_le040/rough/episode_0001.jsonl,prefix_partial,38,5,7.6,1.6945020810975184,215.20941237835848,0.006051780625464736,0.08061108679992496,0.01764620574325981,0.1278222969038929,0.07478132314896048,0.007761488234570853,0.0007391893556733983,4.485093340857703,0.3079116703732294,0.07478132314896048,0.3079116703732294,attitude,127.00451346685198,T5.5f3_extension
rough_seed_32,lm060_ls000_le040,0.48,0.15,0.37,0.6,0.0,0.4,rough,rough_perlin,32,2,results/icra27/os_t5p5f2_selector_train_extension_atlas_v0/env_logs/lm060_ls000_le040/rough/episode_0002.jsonl,prefix_partial,39,5,7.800000000000001,1.6558004897583984,197.90317561738303,0.008770731029717978,0.04097011438484057,0.034341789096919,0.07090771991657574,0.06039649608115328,0.002305209774089716,0.0,4.710712460978989,0.15649430936130587,0.06039649608115328,0.15649430936130587,attitude,119.52114813437429,T5.5f3_extension
rough_seed_33,lm060_ls000_le040,0.48,0.15,0.37,0.6,0.0,0.4,rough,rough_perlin,33,3,results/icra27/os_t5p5f2_selector_train_extension_atlas_v0/env_logs/lm060_ls000_le040/rough/episode_0003.jsonl,prefix_partial,38,5,7.6,1.6982696282420569,215.39096193063148,0.00661522057575963,0.08231733214605379,0.016523698257095393,0.1786785471390291,0.08457773873762166,0.006023340444222374,0.0007529175555277669,4.475143330371543,0.31442904751636414,0.08457773873762166,0.31442904751636414,attitude,126.82966140870741,T5.5f3_extension
rough_seed_35,lm060_ls000_le040,0.48,0.15,0.37,0.6,0.0,0.4,rough,rough_perlin,35,5,results/icra27/os_t5p5f2_selector_train_extension_atlas_v0/env_logs/lm060_ls000_le040/rough/episode_0005.jsonl,prefix_partial,39,5,7.800000000000001,1.7048096325389794,232.63258206642726,0.011217486663928588,0.08745216637477823,0.032195617083531795,0.1557371153795526,0.08980176737522615,0.010031048483403145,0.003701934559351169,4.575290901180228,0.3340426695033791,0.08980176737522615,0.3340426695033791,attitude,136.45663282648553,T5.5f3_extension
rough_seed_36,lm060_ls000_le040,0.48,0.15,0.37,0.6,0.0,0.4,rough,rough_perlin,36,6,results/icra27/os_t5p5f2_selector_train_extension_atlas_v0/env_logs/lm060_ls000_le040/rough/episode_0006.jsonl,prefix_partial,40,5,8.0,1.7181554908080579,217.7706583352179,0.011286134024615601,0.06348601263775837,0.034736059202213364,0.1776286479554945,0.06546351305908407,0.00818293913238527,0.0015693307925122068,4.65615600147898,0.24249870548385077,0.06546351305908407,0.24249870548385077,attitude,126.74676971919413,T5.5f3_extension
rough_seed_37,lm060_ls000_le040,0.48,0.15,0.37,0.6,0.0,0.4,rough,rough_perlin,37,7,results/icra27/os_t5p5f2_selector_train_extension_atlas_v0/env_logs/lm060_ls000_le040/rough/episode_0007.jsonl,prefix_partial,39,5,7.800000000000001,1.695253269655486,231.58075468193476,0.008344688516147818,0.08632361061772585,0.022930297191187596,0.1457384615994206,0.0729910200322459,0.008634584388672617,0.0013815335021875764,4.601082410290904,0.32973190404842617,0.0729910200322459,0.32973190404842617,attitude,136.60540217037732,T5.5f3_extension
rough_seed_38,lm060_ls000_le040,0.48,0.15,0.37,0.6,0.0,0.4,rough,rough_perlin,38,8,results/icra27/os_t5p5f2_selector_train_extension_atlas_v0/env_logs/lm060_ls000_le040/rough/episode_0008.jsonl,prefix_partial,38,5,7.6,1.6812702637928136,247.60224875256853,0.00817523599258867,0.12224214719006318,0.01939817635794181,0.2453284572075769,0.10216601978216251,0.009640666082385821,0.004882934769000802,4.5203916132168995,0.4669306075071744,0.10216601978216251,0.4669306075071744,attitude,147.27093798352044,T5.5f3_extension
rough_seed_39,lm060_ls000_le040,0.48,0.15,0.37,0.6,0.0,0.4,rough,rough_perlin,39,9,results/icra27/os_t5p5f2_selector_train_extension_atlas_v0/env_logs/lm060_ls000_le040/rough/episode_0009.jsonl,prefix_partial,41,5,8.200000000000001,1.7678597134118914,234.39578268431583,0.012457210694762194,0.08948157923966037,0.03427096398781743,0.1589010259911534,0.08166928427194473,0.01076957594794917,0.003141126318151902,4.638377093946194,0.3417944556398657,0.08166928427194473,0.3417944556398657,attitude,132.58732064884396,T5.5f3_extension
rough_seed_40,lm060_ls000_le040,0.48,0.15,0.37,0.6,0.0,0.4,rough,rough_perlin,40,10,results/icra27/os_t5p5f2_selector_train_extension_atlas_v0/env_logs/lm060_ls000_le040/rough/episode_0010.jsonl,prefix_partial,39,5,7.800000000000001,1.664884841475579,209.08215661873217,0.006438361780646043,0.07420460991032676,0.017027478495358454,0.14696977721358603,0.07411261417505893,0.004277951208232657,0.00023124060585040767,4.685008719934587,0.2834407312184244,0.07411261417505893,0.2834407312184244,attitude,125.58355473608836,T5.5f3_extension
rough_seed_41,lm060_ls000_le040,0.48,0.15,0.37,0.6,0.0,0.4,rough,rough_perlin,41,11,results/icra27/os_t5p5f2_selector_train_extension_atlas_v0/env_logs/lm060_ls000_le040/rough/episode_0011.jsonl,prefix_partial,39,5,7.800000000000001,1.6730007328886305,207.83100168924727,0.008143505830268882,0.06348713395721209,0.02183409065905073,0.12335853302971778,0.07407407407408442,0.0061538461538468096,0.0005698005698006235,4.662281280972539,0.24250298860866304,0.07407407407408442,0.24250298860866304,attitude,124.22648574122431,T5.5f3_extension
rough_seed_42,lm060_ls000_le040,0.48,0.15,0.37,0.6,0.0,0.4,rough,rough_perlin,42,12,results/icra27/os_t5p5f2_selector_train_extension_atlas_v0/env_logs/lm060_ls000_le040/rough/episode_0012.jsonl,prefix_partial,39,5,7.800000000000001,1.6898633010806834,209.26431259511463,0.006100271133327576,0.0779585079781222,0.02277965585540145,0.10956944091951537,0.07291049199764256,0.0055720213396573725,0.0014226437462954464,4.615757969897227,0.29777956561889063,0.07291049199764256,0.29777956561889063,attitude,123.83505367640575,T5.5f3_extension
rough_seed_44,lm060_ls000_le040,0.48,0.15,0.37,0.6,0.0,0.4,rough,rough_perlin,44,14,results/icra27/os_t5p5f2_selector_train_extension_atlas_v0/env_logs/lm060_ls000_le040/rough/episode_0014.jsonl,prefix_partial,38,5,7.6,1.6917296950639722,217.01991024499833,0.007568345467092519,0.08406506146951116,0.0190319748696627,0.18915886200421617,0.09089778662026243,0.005098234270083099,0.0007460830639146204,4.49244345723482,0.3211048817807216,0.09089778662026243,0.3211048817807216,attitude,128.28285208813563,T5.5f3_extension
rough_seed_45,lm060_ls000_le040,0.48,0.15,0.37,0.6,0.0,0.4,rough,rough_perlin,45,15,results/icra27/os_t5p5f2_selector_train_extension_atlas_v0/env_logs/lm060_ls000_le040/rough/episode_0015.jsonl,prefix_partial,39,5,7.800000000000001,1.6726565947520653,207.7256934868034,0.008398286732607384,0.055373293040693876,0.022372982094587046,0.1316061108613955,0.06219663618919885,0.005418218760583621,0.0005643977875607495,4.663240514802848,0.21151039926485948,0.06219663618919885,0.21151039926485948,attitude,124.1890858760487,T5.5f3_extension
rough_seed_47,lm060_ls000_le040,0.48,0.15,0.37,0.6,0.0,0.4,rough,rough_perlin,47,17,results/icra27/os_t5p5f2_selector_train_extension_atlas_v0/env_logs/lm060_ls000_le040/rough/episode_0017.jsonl,prefix_partial,39,5,7.800000000000001,1.6984878116894113,227.70969396686067,0.010597588265081769,0.079458573327483,0.02249951101048613,0.14574810823931794,0.10447761194031648,0.009464870768112033,0.0008494114791895124,4.592320266485564,0.30350939318637005,0.10447761194031648,0.30350939318637005,attitude,134.0661336511846,T5.5f3_extension
rough_seed_30,lm040_ls060_le000,0.37,0.48,0.15,0.4,0.6,0.0,rough,rough_perlin,30,0,results/icra27/os_t5p5f2_selector_train_extension_atlas_v0/env_logs/lm040_ls060_le000/rough/episode_0000.jsonl,prefix_partial,38,5,7.6,1.6707785128299213,212.6569227727776,0.009244876264664538,0.04637742229992863,0.018642436760632083,0.0993255908170072,0.08223972003501095,0.008998875140609292,0.0006249218847645651,4.5487776755802996,0.17714870416545456,0.08223972003501095,0.17714870416545456,attitude,127.28013985084404,T5.5f3_extension
rough_seed_31,lm040_ls060_le000,0.37,0.48,0.15,0.4,0.6,0.0,rough,rough_perlin,31,1,results/icra27/os_t5p5f2_selector_train_extension_atlas_v0/env_logs/lm040_ls060_le000/rough/episode_0001.jsonl,prefix_partial,37,5,7.4,1.659258465025813,211.75908575059026,0.005918542825023138,0.08089519036238459,0.01769374669280569,0.12706077520060566,0.08142302392586044,0.007140172867344774,0.0007515971439310047,4.45982356334393,0.30899686604480064,0.08142302392586044,0.30899686604480064,attitude,127.6227243760338,T5.5f3_extension
rough_seed_32,lm040_ls060_le000,0.37,0.48,0.15,0.4,0.6,0.0,rough,rough_perlin,32,2,results/icra27/os_t5p5f2_selector_train_extension_atlas_v0/env_logs/lm040_ls060_le000/rough/episode_0002.jsonl,prefix_partial,39,5,7.800000000000001,1.6832749030529086,196.84936052128427,0.00910942072221321,0.04493501212764326,0.03298372636563316,0.07082084687979884,0.055782471700324326,0.002917493289765766,0.0,4.633824211276101,0.17163910315220857,0.055782471700324326,0.17163910315220857,attitude,116.94427343048012,T5.5f3_extension
rough_seed_33,lm040_ls060_le000,0.37,0.48,0.15,0.4,0.6,0.0,rough,rough_perlin,33,3,results/icra27/os_t5p5f2_selector_train_extension_atlas_v0/env_logs/lm040_ls060_le000/rough/episode_0003.jsonl,prefix_partial,37,5,7.4,1.6703307156064429,210.54087526319893,0.00688844741912951,0.08303794253171654,0.016319477935529337,0.1792061695353142,0.09315068493152676,0.004109589041096778,0.000996264009962815,4.430260385478992,0.31718157643448214,0.09315068493152676,0.31718157643448214,attitude,126.04741881116541,T5.5f3_extension
rough_seed_35,lm040_ls060_le000,0.37,0.48,0.15,0.4,0.6,0.0,rough,rough_perlin,35,5,results/icra27/os_t5p5f2_selector_train_extension_atlas_v0/env_logs/lm040_ls060_le000/rough/episode_0005.jsonl,prefix_partial,38,5,7.6,1.6845120338073796,225.9370108629669,0.011279564526849301,0.08620831304559073,0.02895200670545306,0.14886940616943378,0.0834158415841738,0.006188118811882595,0.00284653465346607,4.51169231651155,0.329291499763663,0.0834158415841738,0.329291499763663,attitude,134.12608893763613,T5.5f3_extension
rough_seed_36,lm040_ls060_le000,0.37,0.48,0.15,0.4,0.6,0.0,rough,rough_perlin,36,6,results/icra27/os_t5p5f2_selector_train_extension_atlas_v0/env_logs/lm040_ls060_le000/rough/episode_0006.jsonl,prefix_partial,39,5,7.800000000000001,1.6971942471199764,214.494760361739,0.011939549280585353,0.061980016393496346,0.03480210890663994,0.177571264624089,0.06423982869380057,0.006987490138623958,0.0019159247154290758,4.595820433186168,0.23674622356659963,0.06423982869380057,0.23674622356659963,attitude,126.3819746771603,T5.5f3_extension
rough_seed_37,lm040_ls060_le000,0.37,0.48,0.15,0.4,0.6,0.0,rough,rough_perlin,37,7,results/icra27/os_t5p5f2_selector_train_extension_atlas_v0/env_logs/lm040_ls060_le000/rough/episode_0007.jsonl,prefix_partial,39,5,7.800000000000001,1.70689326564539,234.4415097323814,0.008539809399949253,0.08474774892463495,0.023920956176883723,0.14662554167035857,0.08106543138391324,0.007180081065432272,0.0019687319050378503,4.569705767191459,0.3237125557743963,0.08106543138391324,0.3237125557743963,attitude,137.34983578117124,T5.5f3_extension
rough_seed_38,lm040_ls060_le000,0.37,0.48,0.15,0.4,0.6,0.0,rough,rough_perlin,38,8,results/icra27/os_t5p5f2_selector_train_extension_atlas_v0/env_logs/lm040_ls060_le000/rough/episode_0008.jsonl,prefix_partial,37,5,7.4,1.6642491839146931,246.15619466240503,0.0078617054050106,0.12392206652018849,0.01911755751662761,0.24544272715847137,0.10518951920633067,0.008013228186214087,0.004324599338591821,4.446449529026365,0.47334742667641605,0.10518951920633067,0.47334742667641605,attitude,147.90825619237475,T5.5f3_extension
rough_seed_39,lm040_ls060_le000,0.37,0.48,0.15,0.4,0.6,0.0,rough,rough_perlin,39,9,results/icra27/os_t5p5f2_selector_train_extension_atlas_v0/env_logs/lm040_ls060_le000/rough/episode_0009.jsonl,prefix_partial,41,5,8.200000000000001,1.7584341179327228,226.55014752916233,0.012960635876955574,0.08313336825065107,0.034720245230718115,0.1578295604623261,0.07253942359979317,0.011201740076130453,0.003588907014682379,4.663239820232907,0.3175460758312788,0.07253942359979317,0.3175460758312788,attitude,128.83630112654018,T5.5f3_extension
rough_seed_40,lm040_ls060_le000,0.37,0.48,0.15,0.4,0.6,0.0,rough,rough_perlin,40,10,results/icra27/os_t5p5f2_selector_train_extension_atlas_v0/env_logs/lm040_ls060_le000/rough/episode_0010.jsonl,prefix_partial,39,5,7.800000000000001,1.6807086942338207,210.01102463482832,0.0066224811436945185,0.07544729687820494,0.017122062727281846,0.14718229623204349,0.08054831766173073,0.004531550923304013,0.00022657754616519624,4.640899417466131,0.288187445786113,0.08054831766173073,0.288187445786113,attitude,124.95385152426154,T5.5f3_extension
rough_seed_41,lm040_ls060_le000,0.37,0.48,0.15,0.4,0.6,0.0,rough,rough_perlin,41,11,results/icra27/os_t5p5f2_selector_train_extension_atlas_v0/env_logs/lm040_ls060_le000/rough/episode_0011.jsonl,prefix_partial,38,5,7.6,1.6521288817137085,205.40032509191406,0.008597500206419903,0.06419828749007529,0.02128447887549625,0.12245575053304414,0.07516105941304045,0.007874015748032601,0.0007158196134575019,4.600125380119695,0.24521939500992168,0.07516105941304045,0.24521939500992168,attitude,124.32463796580922,T5.5f3_extension
rough_seed_42,lm040_ls060_le000,0.37,0.48,0.15,0.4,0.6,0.0,rough,rough_perlin,42,12,results/icra27/os_t5p5f2_selector_train_extension_atlas_v0/env_logs/lm040_ls060_le000/rough/episode_0012.jsonl,prefix_partial,39,5,7.800000000000001,1.6843700854315062,210.25202333314576,0.005892074378990643,0.07813475896231885,0.02266911695182785,0.10645339412152954,0.06636265450619101,0.003360134405376819,0.0009600384015362528,4.630811285158734,0.2984527947875236,0.06636265450619101,0.2984527947875236,attitude,124.82531312546011,T5.5f3_extension
rough_seed_44,lm040_ls060_le000,0.37,0.48,0.15,0.4,0.6,0.0,rough,rough_perlin,44,14,results/icra27/os_t5p5f2_selector_train_extension_atlas_v0/env_logs/lm040_ls060_le000/rough/episode_0014.jsonl,prefix_partial,38,5,7.6,1.6936869256292593,216.84883000001773,0.007678605030533091,0.08528182346888095,0.019063124568274734,0.1893147877553902,0.0821410952146207,0.005796743956587325,0.0006166748889986734,4.48725197378279,0.32575257026310755,0.0821410952146207,0.32575257026310755,attitude,128.033597425009,T5.5f3_extension
rough_seed_45,lm040_ls060_le000,0.37,0.48,0.15,0.4,0.6,0.0,rough,rough_perlin,45,15,results/icra27/os_t5p5f2_selector_train_extension_atlas_v0/env_logs/lm040_ls060_le000/rough/episode_0015.jsonl,prefix_partial,39,5,7.800000000000001,1.6879632307728507,208.53654639331202,0.008905088622373344,0.057299549359805226,0.024109999685227708,0.1309048477307766,0.06579244856433514,0.0031652724395212655,0.0003391363328058436,4.620953737498591,0.21886815642122517,0.06579244856433514,0.21886815642122517,attitude,123.5432991616953,T5.5f3_extension
rough_seed_47,lm040_ls060_le000,0.37,0.48,0.15,0.4,0.6,0.0,rough,rough_perlin,47,17,results/icra27/os_t5p5f2_selector_train_extension_atlas_v0/env_logs/lm040_ls060_le000/rough/episode_0017.jsonl,prefix_partial,38,5,7.6,1.6712810388246715,226.91494315715275,0.011398081597544284,0.08008844984413821,0.02240863179462873,0.1487565364554313,0.09765672923569417,0.009569377990432925,0.0009814746656853389,4.547409934923153,0.30591534425428635,0.09765672923569417,0.30591534425428635,attitude,135.77306143359988,T5.5f3_extension
rough_seed_30,lm040_ls040_le020,0.37,0.37,0.26,0.4,0.4,0.2,rough,rough_perlin,30,0,results/icra27/os_t5p5f2_selector_train_extension_atlas_v0/env_logs/lm040_ls040_le020/rough/episode_0000.jsonl,prefix_partial,38,5,7.6,1.65966832495125,212.73870580582883,0.009357516464836173,0.04632324594635867,0.019621548344416956,0.10020796004900556,0.07461406518011778,0.007473658417056423,0.0011026709139919028,4.579228202251336,0.17694176573819007,0.07461406518011778,0.17694176573819007,attitude,128.1814580705923,T5.5f3_extension
rough_seed_31,lm040_ls040_le020,0.37,0.37,0.26,0.4,0.4,0.2,rough,rough_perlin,31,1,results/icra27/os_t5p5f2_selector_train_extension_atlas_v0/env_logs/lm040_ls040_le020/rough/episode_0001.jsonl,prefix_partial,37,5,7.4,1.656537686632995,211.83116337547347,0.00610064835708638,0.08158956286007929,0.018278447970218877,0.12811565193808883,0.07856511304788863,0.007199696854870961,0.001010483769104657,4.467148595357894,0.3116491736133249,0.07856511304788863,0.3116491736133249,attitude,127.87584917915878,T5.5f3_extension
rough_seed_32,lm040_ls040_le020,0.37,0.37,0.26,0.4,0.4,0.2,rough,rough_perlin,32,2,results/icra27/os_t5p5f2_selector_train_extension_atlas_v0/env_logs/lm040_ls040_le020/rough/episode_0002.jsonl,prefix_partial,39,5,7.800000000000001,1.6632251584461004,198.0778421156866,0.008851148835679964,0.040893100477992404,0.03410069679612206,0.07106067485913847,0.05743845879415779,0.0020216434772270062,0.0,4.689683751108778,0.15620013790622495,0.05743845879415779,0.15620013790622495,attitude,119.09262020828531,T5.5f3_extension
rough_seed_33,lm040_ls040_le020,0.37,0.37,0.26,0.4,0.4,0.2,rough,rough_perlin,33,3,results/icra27/os_t5p5f2_selector_train_extension_atlas_v0/env_logs/lm040_ls040_le020/rough/episode_0003.jsonl,prefix_partial,38,5,7.6,1.6971390482652053,212.41234777244546,0.0069948902367545675,0.08157769546258754,0.015282136373642511,0.17441041890342812,0.08520345252775786,0.004562268803946526,0.0003699136868064617,4.478124528316419,0.3116038434939862,0.08520345252775786,0.3116038434939862,attitude,125.15907166803495,T5.5f3_extension
rough_seed_35,lm040_ls040_le020,0.37,0.37,0.26,0.4,0.4,0.2,rough,rough_perlin,35,5,results/icra27/os_t5p5f2_selector_train_extension_atlas_v0/env_logs/lm040_ls040_le020/rough/episode_0005.jsonl,prefix_partial,39,5,7.800000000000001,1.7146920584976248,235.69427919335536,0.011565725479526348,0.08816226953142073,0.03155886327986031,0.1539252217450775,0.09130434782610564,0.008695652173915137,0.0028985507246385525,4.548921750319523,0.33675506376301456,0.09130434782610564,0.33675506376301456,attitude,137.4557478267354,T5.5f3_extension
rough_seed_36,lm040_ls040_le020,0.37,0.37,0.26,0.4,0.4,0.2,rough,rough_perlin,36,6,results/icra27/os_t5p5f2_selector_train_extension_atlas_v0/env_logs/lm040_ls040_le020/rough/episode_0006.jsonl,prefix_partial,39,5,7.800000000000001,1.6876360924328029,214.1642128264001,0.011829569585152152,0.0628894327586571,0.03603842606546593,0.17759709647824273,0.06079616744611449,0.007528230865747687,0.0018250256644236373,4.621849482228098,0.24021993820285562,0.06079616744611449,0.24021993820285562,attitude,126.90189181583146,T5.5f3_extension
rough_seed_37,lm040_ls040_le020,0.37,0.37,0.26,0.4,0.4,0.2,rough,rough_perlin,37,7,results/icra27/os_t5p5f2_selector_train_extension_atlas_v0/env_logs/lm040_ls040_le020/rough/episode_0007.jsonl,prefix_partial,39,5,7.800000000000001,1.7017030701652396,232.5734630403971,0.008533675502812933,0.08639775958344459,0.02346309404182631,0.14539244320699574,0.07233943890564398,0.008462786923256261,0.0017389288198471685,4.583643372778661,0.33001513223448914,0.07233943890564398,0.33001513223448914,attitude,136.67100160888447,T5.5f3_extension
rough_seed_38,lm040_ls040_le020,0.37,0.37,0.26,0.4,0.4,0.2,rough,rough_perlin,38,8,results/icra27/os_t5p5f2_selector_train_extension_atlas_v0/env_logs/lm040_ls040_le020/rough/episode_0008.jsonl,prefix_partial,37,5,7.4,1.6547569292764537,245.6671736174044,0.008026971950952795,0.12352077854911717,0.02020132699405902,0.24365543757612462,0.11111111111113417,0.008974845152321808,0.005182657059791611,4.471955892177872,0.4718146195356324,0.11111111111113417,0.4718146195356324,attitude,148.4611844017616,T5.5f3_extension
rough_seed_39,lm040_ls040_le020,0.37,0.37,0.26,0.4,0.4,0.2,rough,rough_perlin,39,9,results/icra27/os_t5p5f2_selector_train_extension_atlas_v0/env_logs/lm040_ls040_le020/rough/episode_0009.jsonl,prefix_partial,41,5,8.200000000000001,1.7537141199033144,220.39542286598012,0.012399550719411775,0.0870388415868221,0.034516063646030735,0.15849335156877387,0.06273743623142046,0.008249213068491154,0.0021708455443396634,4.675790601749893,0.33246388510884395,0.06273743623142046,0.33246388510884395,attitude,125.67351791529794,T5.5f3_extension
rough_seed_40,lm040_ls040_le020,0.37,0.37,0.26,0.4,0.4,0.2,rough,rough_perlin,40,10,results/icra27/os_t5p5f2_selector_train_extension_atlas_v0/env_logs/lm040_ls040_le020/rough/episode_0010.jsonl,prefix_partial,39,5,7.800000000000001,1.6727646549715667,209.68208131759397,0.006555625683525748,0.07530351840567708,0.01882776969867932,0.14940644565533723,0.07259445268805932,0.004223262184682641,0.00011414222120763517,4.662939270517157,0.2876382524754007,0.07259445268805932,0.2876382524754007,attitude,125.35061683327957,T5.5f3_extension
rough_seed_41,lm040_ls040_le020,0.37,0.37,0.26,0.4,0.4,0.2,rough,rough_perlin,41,11,results/icra27/os_t5p5f2_selector_train_extension_atlas_v0/env_logs/lm040_ls040_le020/rough/episode_0011.jsonl,prefix_partial,39,5,7.800000000000001,1.6797411923409737,208.28181509434768,0.008431990066727485,0.06334120118344379,0.022442396996367416,0.11999698432960693,0.072989360485081,0.006864203180414928,0.0005720169317012291,4.643572495313709,0.24194556647335896,0.072989360485081,0.24194556647335896,attitude,123.99637280078571,T5.5f3_extension
rough_seed_42,lm040_ls040_le020,0.37,0.37,0.26,0.4,0.4,0.2,rough,rough_perlin,42,12,results/icra27/os_t5p5f2_selector_train_extension_atlas_v0/env_logs/lm040_ls040_le020/rough/episode_0012.jsonl,prefix_partial,39,5,7.800000000000001,1.6849748514862455,209.8992240751778,0.005914215098385837,0.07810603956353146,0.022674069666204142,0.10759810952837912,0.06856326627783613,0.0046423044875623185,0.001666468277586578,4.629149208440677,0.29834309476481224,0.06856326627783613,0.29834309476481224,attitude,124.57113166409252,T5.5f3_extension
rough_seed_44,lm040_ls040_le020,0.37,0.37,0.26,0.4,0.4,0.2,rough,rough_perlin,44,14,results/icra27/os_t5p5f2_selector_train_extension_atlas_v0/env_logs/lm040_ls040_le020/rough/episode_0014.jsonl,prefix_partial,38,5,7.6,1.692903004165407,217.98639969770963,0.007707414638197954,0.08448221157816944,0.01900905644837227,0.18923781488642133,0.09186614864019879,0.00476250156661349,0.0006266449429754629,4.489329856052068,0.3226982778240245,0.09186614864019879,0.3226982778240245,attitude,128.76484899687202,T5.5f3_extension
rough_seed_45,lm040_ls040_le020,0.37,0.37,0.26,0.4,0.4,0.2,rough,rough_perlin,45,15,results/icra27/os_t5p5f2_selector_train_extension_atlas_v0/env_logs/lm040_ls040_le020/rough/episode_0015.jsonl,prefix_partial,39,5,7.800000000000001,1.6809459921536116,207.39075955582018,0.008578948493425644,0.05675940203466376,0.022249530654362113,0.12862133671821563,0.06490574556948997,0.004176543627949805,0.0002257591150242989,4.640244265079996,0.21680494561816607,0.06490574556948997,0.21680494561816607,attitude,123.37740803326653,T5.5f3_extension
rough_seed_47,lm040_ls040_le020,0.37,0.37,0.26,0.4,0.4,0.2,rough,rough_perlin,47,17,results/icra27/os_t5p5f2_selector_train_extension_atlas_v0/env_logs/lm040_ls040_le020/rough/episode_0017.jsonl,prefix_partial,38,5,7.6,1.6660511140419363,224.23502399655027,0.010993854831370097,0.07888117987715794,0.022068312119086726,0.14496342458931966,0.09410164461483055,0.0093977989365666,0.0006182762458267264,4.561684774221579,0.3013039126648952,0.09410164461483055,0.3013039126648952,attitude,134.59072300161498,T5.5f3_extension
rough_seed_30,lm040_ls020_le040,0.36999999999999994,0.26,0.37,0.4,0.2,0.4,rough,rough_perlin,30,0,results/icra27/os_t5p5f2_selector_train_extension_atlas_v0/env_logs/lm040_ls020_le040/rough/episode_0000.jsonl,prefix_partial,39,5,7.800000000000001,1.6987992631409485,218.3656075404308,0.009202389142416,0.045819108073444414,0.01914617028096722,0.09733075020179438,0.07424260567598033,0.009938929469526443,0.0016764459346189564,4.591478327803371,0.17501610091081077,0.07424260567598033,0.17501610091081077,attitude,128.54114802044927,T5.5f3_extension
rough_seed_31,lm040_ls020_le040,0.36999999999999994,0.26,0.37,0.4,0.2,0.4,rough,rough_perlin,31,1,results/icra27/os_t5p5f2_selector_train_extension_atlas_v0/env_logs/lm040_ls020_le040/rough/episode_0001.jsonl,prefix_partial,38,5,7.6,1.6952280419510268,215.41573473717233,0.0060422354282831155,0.08067572604679671,0.01752373021136577,0.12801712538107446,0.07629326386305849,0.007815407517679146,0.0007443245254932356,4.483172654018399,0.3081585741090065,0.07629326386305849,0.3081585741090065,attitude,127.07183305512795,T5.5f3_extension
rough_seed_32,lm040_ls020_le040,0.36999999999999994,0.26,0.37,0.4,0.2,0.4,rough,rough_perlin,32,2,results/icra27/os_t5p5f2_selector_train_extension_atlas_v0/env_logs/lm040_ls020_le040/rough/episode_0002.jsonl,prefix_partial,39,5,7.800000000000001,1.6538062978019514,197.2423349243694,0.008781395984446404,0.04088507483462267,0.034435639808454196,0.07082038834723714,0.06006493506494499,0.00243506493506522,0.0,4.716392730132218,0.1561694822066941,0.06006493506494499,0.1561694822066941,attitude,119.26568134764099,T5.5f3_extension
rough_seed_33,lm040_ls020_le040,0.36999999999999994,0.26,0.37,0.4,0.2,0.4,rough,rough_perlin,33,3,results/icra27/os_t5p5f2_selector_train_extension_atlas_v0/env_logs/lm040_ls020_le040/rough/episode_0003.jsonl,prefix_partial,38,5,7.6,1.6902348731519972,212.0658716796611,0.0069215896653809835,0.08160532927491931,0.014621045483556042,0.17468115210901103,0.08107121119903993,0.0077906269020101004,0.00036518563603170004,4.496416516260434,0.311709396881884,0.08107121119903993,0.311709396881884,attitude,125.46532736257815,T5.5f3_extension
rough_seed_35,lm040_ls020_le040,0.36999999999999994,0.26,0.37,0.4,0.2,0.4,rough,rough_perlin,35,5,results/icra27/os_t5p5f2_selector_train_extension_atlas_v0/env_logs/lm040_ls020_le040/rough/episode_0005.jsonl,prefix_partial,39,5,7.800000000000001,1.7046851481022438,233.4880725222104,0.011339949565152722,0.08769275714247911,0.032373716490010696,0.15626541877890832,0.09317288216372692,0.010484927916122938,0.004050994876683951,4.575625011271684,0.3349616585419839,0.09317288216372692,0.3349616585419839,attitude,136.96844416233878,T5.5f3_extension
rough_seed_36,lm040_ls020_le040,0.36999999999999994,0.26,0.37,0.4,0.2,0.4,rough,rough_perlin,36,6,results/icra27/os_t5p5f2_selector_train_extension_atlas_v0/env_logs/lm040_ls020_le040/rough/episode_0006.jsonl,prefix_partial,40,5,8.0,1.7176030097644635,217.58565648990265,0.011356515255805546,0.0633555875540745,0.03457559389082414,0.17762562904070345,0.06333630686887658,0.007917038358609328,0.0014495985727030923,4.657653692104934,0.24200051836133568,0.06333630686887658,0.24200051836133568,attitude,126.67982953740886,T5.5f3_extension
rough_seed_37,lm040_ls020_le040,0.36999999999999994,0.26,0.37,0.4,0.2,0.4,rough,rough_perlin,37,7,results/icra27/os_t5p5f2_selector_train_extension_atlas_v0/env_logs/lm040_ls020_le040/rough/episode_0007.jsonl,prefix_partial,39,5,7.800000000000001,1.6945657511827292,231.55729598868265,0.008404529385221505,0.08627978124299547,0.022967813634734137,0.145690894477146,0.07245039224735678,0.008421781264421956,0.001499769266266893,4.6029491594268075,0.329564488169043,0.07245039224735678,0.329564488169043,attitude,136.64698217054504,T5.5f3_extension
rough_seed_38,lm040_ls020_le040,0.36999999999999994,0.26,0.37,0.4,0.2,0.4,rough,rough_perlin,38,8,results/icra27/os_t5p5f2_selector_train_extension_atlas_v0/env_logs/lm040_ls020_le040/rough/episode_0008.jsonl,prefix_partial,38,5,7.6,1.682037180214301,248.02963466565285,0.008125458651675953,0.12225489028606022,0.01927431699219217,0.2454065697144443,0.10195146359771477,0.00938203652739746,0.00487865899424686,4.518330563318295,0.4669792825484118,0.10195146359771477,0.4669792825484118,attitude,147.4578788050645,T5.5f3_extension
rough_seed_39,lm040_ls020_le040,0.36999999999999994,0.26,0.37,0.4,0.2,0.4,rough,rough_perlin,39,9,results/icra27/os_t5p5f2_selector_train_extension_atlas_v0/env_logs/lm040_ls020_le040/rough/episode_0009.jsonl,prefix_partial,40,5,8.0,1.7359952348567704,231.32561875891955,0.012795050209102288,0.09058168291826035,0.03427169123721484,0.15865880882692296,0.08231292517008153,0.010544217687076788,0.004308390022676691,4.608307580210637,0.3459965421605721,0.08231292517008153,0.3459965421605721,attitude,133.2524503029556,T5.5f3_extension
rough_seed_40,lm040_ls020_le040,0.36999999999999994,0.26,0.37,0.4,0.2,0.4,rough,rough_perlin,40,10,results/icra27/os_t5p5f2_selector_train_extension_atlas_v0/env_logs/lm040_ls020_le040/rough/episode_0010.jsonl,prefix_partial,39,5,7.800000000000001,1.6649546297870266,208.85097120418087,0.006473538565765368,0.07419342597760291,0.016853455698823003,0.14698527865847866,0.0755300859598955,0.004240687679083583,0.0002292263610315395,4.684812342903147,0.28339801174219537,0.0755300859598955,0.28339801174219537,attitude,125.43943688777641,T5.5f3_extension
rough_seed_41,lm040_ls020_le040,0.36999999999999994,0.26,0.37,0.4,0.2,0.4,rough,rough_perlin,41,11,results/icra27/os_t5p5f2_selector_train_extension_atlas_v0/env_logs/lm040_ls020_le040/rough/episode_0011.jsonl,prefix_partial,39,5,7.800000000000001,1.6732588171052034,207.74766974506178,0.008141960294386697,0.06351945328450681,0.021754147582382057,0.12337138822751204,0.07453840893550163,0.00638249373148005,0.0005698655117392833,4.661562168543821,0.24262643934537567,0.07453840893550163,0.24262643934537567,attitude,124.15752280598919,T5.5f3_extension
rough_seed_42,lm040_ls020_le040,0.36999999999999994,0.26,0.37,0.4,0.2,0.4,rough,rough_perlin,42,12,results/icra27/os_t5p5f2_selector_train_extension_atlas_v0/env_logs/lm040_ls020_le040/rough/episode_0012.jsonl,prefix_partial,39,5,7.800000000000001,1.6896839277796494,208.41672854235378,0.006246193864068886,0.07798948778385585,0.022778524271640344,0.10973709507134255,0.06735321969698081,0.005563446969698083,0.0014204545454547903,4.616247969080045,0.2978978997601355,0.06735321969698081,0.2978978997601355,attitude,123.34657690460868,T5.5f3_extension
rough_seed_44,lm040_ls020_le040,0.36999999999999994,0.26,0.37,0.4,0.2,0.4,rough,rough_perlin,44,14,results/icra27/os_t5p5f2_selector_train_extension_atlas_v0/env_logs/lm040_ls020_le040/rough/episode_0014.jsonl,prefix_partial,38,5,7.6,1.6899583968877328,216.98315645127755,0.007585470225970949,0.08402400473084846,0.019011744141718027,0.18915702291969128,0.09081873524663289,0.005839234687540285,0.0006211951795255607,4.4971521275294934,0.320948056590992,0.09081873524663289,0.320948056590992,attitude,128.39556100959578,T5.5f3_extension
rough_seed_45,lm040_ls020_le040,0.36999999999999994,0.26,0.37,0.4,0.2,0.4,rough,rough_perlin,45,15,results/icra27/os_t5p5f2_selector_train_extension_atlas_v0/env_logs/lm040_ls020_le040/rough/episode_0015.jsonl,prefix_partial,39,5,7.800000000000001,1.6728909328184387,207.45320839289943,0.008437439118631724,0.05543277037992102,0.02237482211734278,0.1316450897187964,0.06313416009020469,0.005749718151072382,0.0006764374295378595,4.6625872894527465,0.21173758596581838,0.06313416009020469,0.21173758596581838,attitude,124.00880674473392,T5.5f3_extension
rough_seed_47,lm040_ls020_le040,0.36999999999999994,0.26,0.37,0.4,0.2,0.4,rough,rough_perlin,47,17,results/icra27/os_t5p5f2_selector_train_extension_atlas_v0/env_logs/lm040_ls020_le040/rough/episode_0017.jsonl,prefix_partial,39,5,7.800000000000001,1.6969135413013359,227.7240896723866,0.010658614440628836,0.07928685848448322,0.02248820163765397,0.14551337904599618,0.10205321346132297,0.009962337504557465,0.0009719353662982525,4.596580680249805,0.3028534908007941,0.10205321346132297,0.3028534908007941,attitude,134.1989937199444,T5.5f3_extension
rough_seed_30,lm040_ls000_le060,0.37,0.15,0.48,0.4,0.0,0.6,rough,rough_perlin,30,0,results/icra27/os_t5p5f2_selector_train_extension_atlas_v0/env_logs/lm040_ls000_le060/rough/episode_0000.jsonl,prefix_partial,39,5,7.800000000000001,1.6907630153481403,216.29171040203465,0.009346428338000057,0.047387949340625804,0.020564449437756302,0.09708411927975337,0.06998939554614161,0.007187463178981179,0.0008247908566043805,4.613301763283439,0.18100863313317408,0.06998939554614161,0.18100863313317408,attitude,127.92550371555095,T5.5f3_extension
rough_seed_31,lm040_ls000_le060,0.37,0.15,0.48,0.4,0.0,0.6,rough,rough_perlin,31,1,results/icra27/os_t5p5f2_selector_train_extension_atlas_v0/env_logs/lm040_ls000_le060/rough/episode_0001.jsonl,prefix_partial,38,5,7.6,1.6877061691248634,214.431154265337,0.006092418823305017,0.08054654096410618,0.017698029898267548,0.1280478708128583,0.07019704433498816,0.0064039408867007565,0.0007389162561577586,4.503153534089926,0.3076651234413921,0.07019704433498816,0.3076651234413921,attitude,127.05479080907034,T5.5f3_extension
rough_seed_32,lm040_ls000_le060,0.37,0.15,0.48,0.4,0.0,0.6,rough,rough_perlin,32,2,results/icra27/os_t5p5f2_selector_train_extension_atlas_v0/env_logs/lm040_ls000_le060/rough/episode_0002.jsonl,prefix_partial,39,5,7.800000000000001,1.6526632660226703,196.695777655553,0.008757031498671923,0.04089604511973094,0.03409978108709453,0.07061185745825149,0.06336497769645438,0.0032025620496400923,0.00011437721605857382,4.71965472964836,0.1562113856091447,0.06336497769645438,0.1562113856091447,attitude,119.01745606588368,T5.5f3_extension
rough_seed_33,lm040_ls000_le060,0.37,0.15,0.48,0.4,0.0,0.6,rough,rough_perlin,33,3,results/icra27/os_t5p5f2_selector_train_extension_atlas_v0/env_logs/lm040_ls000_le060/rough/episode_0003.jsonl,prefix_partial,38,5,7.6,1.687803920268241,211.5626908785627,0.00677341581298194,0.08202318487107176,0.01438840428988174,0.17555455278202103,0.07269849001462626,0.004870920603995041,0.0003653190452996118,4.502892728672024,0.3133054876889145,0.07269849001462626,0.3133054876889145,attitude,125.34790821254832,T5.5f3_extension
rough_seed_35,lm040_ls000_le060,0.37,0.15,0.48,0.4,0.0,0.6,rough,rough_perlin,35,5,results/icra27/os_t5p5f2_selector_train_extension_atlas_v0/env_logs/lm040_ls000_le060/rough/episode_0005.jsonl,prefix_partial,39,5,7.800000000000001,1.6979905111588056,230.22058422486268,0.011256295195561353,0.08742642638429106,0.03315555955941098,0.15838328207520047,0.09049827565705125,0.007967653704366277,0.0026162444999411607,4.593665246501781,0.3339443499820709,0.09049827565705125,0.3339443499820709,attitude,135.5841406132164,T5.5f3_extension
rough_seed_36,lm040_ls000_le060,0.37,0.15,0.48,0.4,0.0,0.6,rough,rough_perlin,36,6,results/icra27/os_t5p5f2_selector_train_extension_atlas_v0/env_logs/lm040_ls000_le060/rough/episode_0006.jsonl,prefix_partial,40,5,8.0,1.713057264729492,216.97897556781413,0.010894779470218805,0.06336956260155112,0.03463169034224787,0.17765674620263638,0.06499277858016722,0.007443617375848074,0.0006665926008222183,4.670013177442306,0.24205389911059605,0.06499277858016722,0.24205389911059605,attitude,126.66183439120302,T5.5f3_extension
rough_seed_37,lm040_ls000_le060,0.37,0.15,0.48,0.4,0.0,0.6,rough,rough_perlin,37,7,results/icra27/os_t5p5f2_selector_train_extension_atlas_v0/env_logs/lm040_ls000_le060/rough/episode_0007.jsonl,prefix_partial,39,5,7.800000000000001,1.6878225771116864,231.14553686651192,0.00834736699138739,0.08626699480462904,0.022754231589048157,0.14641356186508547,0.07835432797874639,0.008551947301515025,0.0016179359759622663,4.621338821849318,0.32951564757214963,0.07835432797874639,0.32951564757214963,attitude,136.94895423313002,T5.5f3_extension
rough_seed_38,lm040_ls000_le060,0.37,0.15,0.48,0.4,0.0,0.6,rough,rough_perlin,38,8,results/icra27/os_t5p5f2_selector_train_extension_atlas_v0/env_logs/lm040_ls000_le060/rough/episode_0008.jsonl,prefix_partial,38,5,7.6,1.6730011494174584,249.25841084306245,0.008626661610722527,0.12304605444663828,0.020086082735210134,0.24577064462444165,0.10159337157426702,0.009687699171448688,0.0056086679413651745,4.542734476091861,0.47000130703528736,0.10159337157426702,0.47000130703528736,attitude,148.98878636745386,T5.5f3_extension
rough_seed_39,lm040_ls000_le060,0.37,0.15,0.48,0.4,0.0,0.6,rough,rough_perlin,39,9,results/icra27/os_t5p5f2_selector_train_extension_atlas_v0/env_logs/lm040_ls000_le060/rough/episode_0009.jsonl,prefix_partial,41,5,8.200000000000001,1.76283469769177,236.28320257967434,0.012328134919572808,0.0903052195442453,0.034132627043814735,0.15880665237596037,0.08238387379492854,0.012160385626646083,0.0030674846625773976,4.651598933658931,0.3449405298591714,0.08238387379492854,0.3449405298591714,attitude,134.03593819038173,T5.5f3_extension
rough_seed_40,lm040_ls000_le060,0.37,0.15,0.48,0.4,0.0,0.6,rough,rough_perlin,40,10,results/icra27/os_t5p5f2_selector_train_extension_atlas_v0/env_logs/lm040_ls000_le060/rough/episode_0010.jsonl,prefix_partial,39,5,7.800000000000001,1.660376452732971,208.23352812887336,0.006310873444226177,0.074285922610755,0.016255409062278087,0.14818655977932993,0.07595659623073617,0.0038834951456315292,0.0,4.697729835400425,0.28375132285544774,0.07595659623073617,0.28375132285544774,attitude,125.41344331047459,T5.5f3_extension
rough_seed_41,lm040_ls000_le060,0.37,0.15,0.48,0.4,0.0,0.6,rough,rough_perlin,41,11,results/icra27/os_t5p5f2_selector_train_extension_atlas_v0/env_logs/lm040_ls000_le060/rough/episode_0011.jsonl,prefix_partial,39,5,7.800000000000001,1.6619081121215888,206.4876040536596,0.008003094807486304,0.06318769769157241,0.021167408532959373,0.12039551870518705,0.07190959936081383,0.005478826617966637,0.0005707111060381834,4.693400280742679,0.24135922632504228,0.07190959936081383,0.24135922632504228,attitude,124.24730497888834,T5.5f3_extension
rough_seed_42,lm040_ls000_le060,0.37,0.15,0.48,0.4,0.0,0.6,rough,rough_perlin,42,12,results/icra27/os_t5p5f2_selector_train_extension_atlas_v0/env_logs/lm040_ls000_le060/rough/episode_0012.jsonl,prefix_partial,39,5,7.800000000000001,1.6917552559489273,207.6729062545249,0.006738082377524622,0.0781823396400336,0.02287581025653014,0.108961645637901,0.07187350263537534,0.006947771921420379,0.0015572592237665837,4.610595990508616,0.29863453958881875,0.07187350263537534,0.29863453958881875,attitude,122.75588063004922,T5.5f3_extension
rough_seed_44,lm040_ls000_le060,0.37,0.15,0.48,0.4,0.0,0.6,rough,rough_perlin,44,14,results/icra27/os_t5p5f2_selector_train_extension_atlas_v0/env_logs/lm040_ls000_le060/rough/episode_0014.jsonl,prefix_partial,38,5,7.6,1.6864901977458728,216.2368249913097,0.00767503080749749,0.08330213409173721,0.01900825288471797,0.18909125400223403,0.0820858895705693,0.007607361963192283,0.0009815950920247453,4.506400339686527,0.31819071385929293,0.0820858895705693,0.31819071385929293,attitude,128.2170659991545,T5.5f3_extension
rough_seed_45,lm040_ls000_le060,0.37,0.15,0.48,0.4,0.0,0.6,rough,rough_perlin,45,15,results/icra27/os_t5p5f2_selector_train_extension_atlas_v0/env_logs/lm040_ls000_le060/rough/episode_0015.jsonl,prefix_partial,39,5,7.800000000000001,1.664069183256749,205.74754160878783,0.00840685982069136,0.055051265666873274,0.02237088656118387,0.131235913821389,0.058910162002956276,0.0045315509233043085,0.0003398663192478565,4.687305118369313,0.2102803453043527,0.058910162002956276,0.2102803453043527,attitude,123.641218573689,T5.5f3_extension
rough_seed_47,lm040_ls000_le060,0.37,0.15,0.48,0.4,0.0,0.6,rough,rough_perlin,47,17,results/icra27/os_t5p5f2_selector_train_extension_atlas_v0/env_logs/lm040_ls000_le060/rough/episode_0017.jsonl,prefix_partial,39,5,7.800000000000001,1.698150166640092,230.7602766827189,0.01046663760432484,0.0796526121768383,0.022072169855397464,0.14754391416722723,0.10382513661204008,0.008136004857317828,0.0008500303582271737,4.593233362531679,0.3042505669950123,0.10382513661204008,0.3042505669950123,attitude,135.8892053341161,T5.5f3_extension
rough_seed_30,lm020_ls080_le000,0.26,0.59,0.15,0.2,0.8,0.0,rough,rough_perlin,30,0,results/icra27/os_t5p5f2_selector_train_extension_atlas_v0/env_logs/lm020_ls080_le000/rough/episode_0000.jsonl,prefix_partial,38,5,7.6,1.6680209861816306,212.36898424852757,0.009311750424273693,0.04627850688355371,0.019665412657326256,0.09941653749472046,0.07968027975522923,0.008742350443363843,0.000624453603097451,4.55629759035444,0.1767708751063171,0.07968027975522923,0.1767708751063171,attitude,127.31793305231396,T5.5f3_extension
rough_seed_31,lm020_ls080_le000,0.26,0.59,0.15,0.2,0.8,0.0,rough,rough_perlin,31,1,results/icra27/os_t5p5f2_selector_train_extension_atlas_v0/env_logs/lm020_ls080_le000/rough/episode_0001.jsonl,prefix_partial,37,5,7.4,1.6586396468134448,211.98931880758892,0.005870437261876478,0.08092453285248064,0.017692970163876345,0.1270961764309202,0.08218835873097002,0.007119660254810562,0.0007494379215589825,4.461487469093589,0.30910894610099454,0.08218835873097002,0.30910894610099454,attitude,127.80914722185727,T5.5f3_extension
rough_seed_32,lm020_ls080_le000,0.26,0.59,0.15,0.2,0.8,0.0,rough,rough_perlin,32,2,results/icra27/os_t5p5f2_selector_train_extension_atlas_v0/env_logs/lm020_ls080_le000/rough/episode_0002.jsonl,prefix_partial,39,5,7.800000000000001,1.682955744384013,196.390636959564,0.008872803939951313,0.04497177753170808,0.0324796314751824,0.07079366997490011,0.056405465374294056,0.0024524115380126616,0.0,4.634702977798693,0.17177953665120904,0.056405465374294056,0.17177953665120904,attitude,116.69388076003503,T5.5f3_extension
rough_seed_33,lm020_ls080_le000,0.26,0.59,0.15,0.2,0.8,0.0,rough,rough_perlin,33,3,results/icra27/os_t5p5f2_selector_train_extension_atlas_v0/env_logs/lm020_ls080_le000/rough/episode_0003.jsonl,prefix_partial,37,5,7.4,1.6676348586831253,210.45375387856848,0.007009099177759109,0.0830623611680814,0.015916123413573298,0.17927020681155081,0.0904749937170335,0.0040211108318681694,0.0007539582809752502,4.437422233931671,0.31727484875482687,0.0904749937170335,0.31727484875482687,attitude,126.19894144258694,T5.5f3_extension
rough_seed_35,lm020_ls080_le000,0.26,0.59,0.15,0.2,0.8,0.0,rough,rough_perlin,35,5,results/icra27/os_t5p5f2_selector_train_extension_atlas_v0/env_logs/lm020_ls080_le000/rough/episode_0005.jsonl,prefix_partial,38,5,7.6,1.683192918111839,224.59860283779486,0.011246758565671445,0.08649687178800798,0.02855421753212474,0.14897894912242315,0.08592884402316046,0.006770897451681966,0.0028314662070670796,4.515228122825919,0.3303937129691371,0.08592884402316046,0.3303937129691371,attitude,133.43604314218692,T5.5f3_extension
rough_seed_36,lm020_ls080_le000,0.26,0.59,0.15,0.2,0.8,0.0,rough,rough_perlin,36,6,results/icra27/os_t5p5f2_selector_train_extension_atlas_v0/env_logs/lm020_ls080_le000/rough/episode_0006.jsonl,prefix_partial,39,5,7.800000000000001,1.6948331940837078,214.7442651244222,0.011955702636443374,0.062229490217771584,0.03503538750937673,0.17756887437268531,0.06475548060709312,0.006970207982013542,0.0017987633501969768,4.602222818875684,0.23769914338193027,0.06475548060709312,0.23769914338193027,attitude,126.70525092029558,T5.5f3_extension
rough_seed_37,lm020_ls080_le000,0.26,0.59,0.15,0.2,0.8,0.0,rough,rough_perlin,37,7,results/icra27/os_t5p5f2_selector_train_extension_atlas_v0/env_logs/lm020_ls080_le000/rough/episode_0007.jsonl,prefix_partial,39,5,7.800000000000001,1.706315584409669,237.1715921386836,0.009042158717462405,0.08518879850867724,0.02882107757897655,0.1438589518779101,0.0844582900657777,0.0065766701280728385,0.0016153224875968255,4.5712528627572455,0.3253972410891712,0.0844582900657777,0.3253972410891712,attitude,138.99632301649373,T5.5f3_extension
rough_seed_38,lm020_ls080_le000,0.26,0.59,0.15,0.2,0.8,0.0,rough,rough_perlin,38,8,results/icra27/os_t5p5f2_selector_train_extension_atlas_v0/env_logs/lm020_ls080_le000/rough/episode_0008.jsonl,prefix_partial,37,5,7.4,1.663187543599028,246.16967020421652,0.007889372414305913,0.1239378842534862,0.01911734429631222,0.24546619376079515,0.10645657186781615,0.008070714834744438,0.00435562387906852,4.449287771832928,0.4734078459670442,0.10645657186781615,0.4734078459670442,attitude,148.01077073456287,T5.5f3_extension
rough_seed_39,lm020_ls080_le000,0.26,0.59,0.15,0.2,0.8,0.0,rough,rough_perlin,39,9,results/icra27/os_t5p5f2_selector_train_extension_atlas_v0/env_logs/lm020_ls080_le000/rough/episode_0009.jsonl,prefix_partial,41,5,8.200000000000001,1.756317736922852,230.28839489551987,0.0134766005933194,0.08410960042482261,0.035321468867121314,0.15783769221909072,0.07315737597197404,0.01138977110940924,0.003833096046435859,4.668859072371934,0.3212750080582728,0.07315737597197404,0.3212750080582728,attitude,131.12000753291687,T5.5f3_extension
rough_seed_40,lm020_ls080_le000,0.26,0.59,0.15,0.2,0.8,0.0,rough,rough_perlin,40,10,results/icra27/os_t5p5f2_selector_train_extension_atlas_v0/env_logs/lm020_ls080_le000/rough/episode_0010.jsonl,prefix_partial,39,5,7.800000000000001,1.681227568240673,209.9316068643764,0.00666948999854057,0.07540248566134355,0.017244437468079864,0.14713937604010296,0.07906660625284256,0.004531037607612656,0.0002265518803806284,4.63946710567109,0.28801627954604614,0.07906660625284256,0.28801627954604614,attitude,124.86804929332685,T5.5f3_extension
rough_seed_41,lm020_ls080_le000,0.26,0.59,0.15,0.2,0.8,0.0,rough,rough_perlin,41,11,results/icra27/os_t5p5f2_selector_train_extension_atlas_v0/env_logs/lm020_ls080_le000/rough/episode_0011.jsonl,prefix_partial,38,5,7.6,1.6494623270733204,203.95767996768132,0.00863392941363162,0.06375303330648406,0.022585530435733206,0.11986779437265205,0.07442025556082667,0.0066256507335551475,0.0007098911500237573,4.607562037191148,0.24351864930790032,0.07442025556082667,0.24351864930790032,attitude,123.65100834377236,T5.5f3_extension
rough_seed_42,lm020_ls080_le000,0.26,0.59,0.15,0.2,0.8,0.0,rough,rough_perlin,42,12,results/icra27/os_t5p5f2_selector_train_extension_atlas_v0/env_logs/lm020_ls080_le000/rough/episode_0012.jsonl,prefix_partial,39,5,7.800000000000001,1.6848970739164737,210.4608785900274,0.005871273950669996,0.07819703193974219,0.022618551782697748,0.10750290018626463,0.06542168674699814,0.0042168674698803005,0.000963855421686938,4.6293628974434755,0.298690660039795,0.06542168674699814,0.298690660039795,attitude,124.91022855231137,T5.5f3_extension
rough_seed_44,lm020_ls080_le000,0.26,0.59,0.15,0.2,0.8,0.0,rough,rough_perlin,44,14,results/icra27/os_t5p5f2_selector_train_extension_atlas_v0/env_logs/lm020_ls080_le000/rough/episode_0014.jsonl,prefix_partial,38,5,7.6,1.6905144375003094,214.93804178727808,0.007271365143974721,0.08497158200649767,0.01732497818662647,0.18706822100652265,0.0789441375076906,0.00491098833640374,0.0004910988336403931,4.495672933286385,0.3245675351681389,0.0789441375076906,0.3245675351681389,attitude,127.1435706311374,T5.5f3_extension
rough_seed_45,lm020_ls080_le000,0.26,0.59,0.15,0.2,0.8,0.0,rough,rough_perlin,45,15,results/icra27/os_t5p5f2_selector_train_extension_atlas_v0/env_logs/lm020_ls080_le000/rough/episode_0015.jsonl,prefix_partial,39,5,7.800000000000001,1.6883651292886503,209.32029601745901,0.009080400292897226,0.057414338156988,0.025164378527221386,0.13125993880944709,0.06680985756275297,0.0037304996608643645,0.000565227221343114,4.619853765450801,0.21930661732882228,0.06680985756275297,0.21930661732882228,attitude,123.97809714635056,T5.5f3_extension
rough_seed_47,lm020_ls080_le000,0.26,0.59,0.15,0.2,0.8,0.0,rough,rough_perlin,47,17,results/icra27/os_t5p5f2_selector_train_extension_atlas_v0/env_logs/lm020_ls080_le000/rough/episode_0017.jsonl,prefix_partial,38,5,7.6,1.6690788123098934,226.60303430943586,0.011453447805345773,0.07994423335858147,0.022475815621967765,0.14869681418678504,0.09726481049922032,0.008463142401571677,0.0008585796639275173,4.5534099072781995,0.3053644778570457,0.09726481049922032,0.3053644778570457,attitude,135.76532913735358,T5.5f3_extension
rough_seed_30,lm020_ls060_le020,0.26,0.48,0.26,0.2,0.6,0.2,rough,rough_perlin,30,0,results/icra27/os_t5p5f2_selector_train_extension_atlas_v0/env_logs/lm020_ls060_le020/rough/episode_0000.jsonl,prefix_partial,39,5,7.800000000000001,1.6979926824719285,217.43139642372734,0.009205345640850621,0.04601531381351245,0.020420929821811006,0.09997859221018635,0.07445918489304405,0.008246683399069329,0.0007171029042669091,4.593659372338874,0.17576555163228672,0.07445918489304405,0.17576555163228672,attitude,128.05202205417746,T5.5f3_extension
rough_seed_31,lm020_ls060_le020,0.26,0.48,0.26,0.2,0.6,0.2,rough,rough_perlin,31,1,results/icra27/os_t5p5f2_selector_train_extension_atlas_v0/env_logs/lm020_ls060_le020/rough/episode_0001.jsonl,prefix_partial,37,5,7.4,1.6563560608143268,211.76244912435027,0.006116033121767346,0.08161334497167382,0.01831973714548547,0.1281229244947253,0.08024769366866424,0.0072033362820691765,0.0010109945659044065,4.467638435398897,0.31174001458814327,0.08024769366866424,0.31174001458814327,attitude,127.84838606515552,T5.5f3_extension
rough_seed_32,lm020_ls060_le020,0.26,0.48,0.26,0.2,0.6,0.2,rough,rough_perlin,32,2,results/icra27/os_t5p5f2_selector_train_extension_atlas_v0/env_logs/lm020_ls060_le020/rough/episode_0002.jsonl,prefix_partial,39,5,7.800000000000001,1.6626535213199767,198.28530666975544,0.008837428304327107,0.04095203946800878,0.033820006853286746,0.07107071548764732,0.05822694189238435,0.0017897625581674839,0.0,4.691296111896842,0.15642526826467176,0.05822694189238435,0.15642526826467176,attitude,119.25834464437138,T5.5f3_extension
rough_seed_33,lm020_ls060_le020,0.26,0.48,0.26,0.2,0.6,0.2,rough,rough_perlin,33,3,results/icra27/os_t5p5f2_selector_train_extension_atlas_v0/env_logs/lm020_ls060_le020/rough/episode_0003.jsonl,prefix_partial,38,5,7.6,1.6953903721525143,212.28127429498045,0.007075959092387761,0.08153230042673179,0.015302137952596469,0.1744548918066562,0.0841937069813322,0.004424778761062713,0.000368731563421879,4.482743399297963,0.31143044722962754,0.0841937069813322,0.31143044722962754,attitude,125.21085278162946,T5.5f3_extension
rough_seed_35,lm020_ls060_le020,0.26,0.48,0.26,0.2,0.6,0.2,rough,rough_perlin,35,5,results/icra27/os_t5p5f2_selector_train_extension_atlas_v0/env_logs/lm020_ls060_le020/rough/episode_0005.jsonl,prefix_partial,39,5,7.800000000000001,1.709498908857908,234.39585975226086,0.011641609654730503,0.08781993038904622,0.03174463178682646,0.15512828891439456,0.0872604555863734,0.009521513800171388,0.0030131372785352885,4.562740554898085,0.3354474245616687,0.0872604555863734,0.3354474245616687,attitude,137.1137814348518,T5.5f3_extension
rough_seed_36,lm020_ls060_le020,0.26,0.48,0.26,0.2,0.6,0.2,rough,rough_perlin,36,6,results/icra27/os_t5p5f2_selector_train_extension_atlas_v0/env_logs/lm020_ls060_le020/rough/episode_0006.jsonl,prefix_partial,39,5,7.800000000000001,1.6842509014378617,213.4520747733954,0.011716950638522381,0.06308531991821192,0.03549524424933261,0.17759481445063519,0.06050554729498862,0.007434519043807725,0.0017156582408786424,4.631138978961545,0.24096817203640875,0.06050554729498862,0.24096817203640875,attitude,126.73413123375457,T5.5f3_extension
rough_seed_37,lm020_ls060_le020,0.26,0.48,0.26,0.2,0.6,0.2,rough,rough_perlin,37,7,results/icra27/os_t5p5f2_selector_train_extension_atlas_v0/env_logs/lm020_ls060_le020/rough/episode_0007.jsonl,prefix_partial,39,5,7.800000000000001,1.700949296850155,232.45861659905847,0.008507673697558896,0.08632823657782533,0.023582202368570847,0.14511129337138007,0.07220425138633133,0.00785582255083273,0.001386321626617537,4.585674607964014,0.3297495739144193,0.07220425138633133,0.3297495739144193,attitude,136.6640481462493,T5.5f3_extension
rough_seed_38,lm020_ls060_le020,0.26,0.48,0.26,0.2,0.6,0.2,rough,rough_perlin,38,8,results/icra27/os_t5p5f2_selector_train_extension_atlas_v0/env_logs/lm020_ls060_le020/rough/episode_0008.jsonl,prefix_partial,37,5,7.4,1.6631420151473628,242.07488935921612,0.009112165821185894,0.12542330432026363,0.019509681602871868,0.23986808932161763,0.10238095238097374,0.009147869674187603,0.004260651629073807,4.449409570922494,0.4790817326757367,0.10238095238097374,0.4790817326757367,attitude,145.55274724255406,T5.5f3_extension
rough_seed_39,lm020_ls060_le020,0.26,0.48,0.26,0.2,0.6,0.2,rough,rough_perlin,39,9,results/icra27/os_t5p5f2_selector_train_extension_atlas_v0/env_logs/lm020_ls060_le020/rough/episode_0009.jsonl,prefix_partial,41,5,8.200000000000001,1.7547027178981862,220.50166621433297,0.012543806490334842,0.08744650734635392,0.034512670134697186,0.15851230830638796,0.062622096809212,0.00911656175385392,0.0023876709355330444,4.673156265365626,0.33402105360705525,0.062622096809212,0.33402105360705525,attitude,125.66326134061828,T5.5f3_extension
rough_seed_40,lm020_ls060_le020,0.26,0.48,0.26,0.2,0.6,0.2,rough,rough_perlin,40,10,results/icra27/os_t5p5f2_selector_train_extension_atlas_v0/env_logs/lm020_ls060_le020/rough/episode_0010.jsonl,prefix_partial,39,5,7.800000000000001,1.6712439288754413,208.7606581895,0.006380167573501446,0.0747173313222042,0.017126708998237587,0.14774394020123904,0.07205563789762703,0.004446471325961151,0.0001140120852810503,4.667182249839807,0.2853991827495288,0.07205563789762703,0.2853991827495288,attitude,124.91333825216788,T5.5f3_extension
rough_seed_41,lm020_ls060_le020,0.26,0.48,0.26,0.2,0.6,0.2,rough,rough_perlin,41,11,results/icra27/os_t5p5f2_selector_train_extension_atlas_v0/env_logs/lm020_ls060_le020/rough/episode_0011.jsonl,prefix_partial,39,5,7.800000000000001,1.6793750214482137,207.9116305963953,0.008488408273152172,0.06344087528078604,0.022730756260162396,0.11998047609683615,0.07115209471767855,0.0066029143898004095,0.00045537340619311947,4.644584979758511,0.24232629348032478,0.07115209471767855,0.24232629348032478,attitude,123.80297904937404,T5.5f3_extension
rough_seed_42,lm020_ls060_le020,0.26,0.48,0.26,0.2,0.6,0.2,rough,rough_perlin,42,12,results/icra27/os_t5p5f2_selector_train_extension_atlas_v0/env_logs/lm020_ls060_le020/rough/episode_0012.jsonl,prefix_partial,39,5,7.800000000000001,1.683600858047166,209.94508899462505,0.005920324686902412,0.07816507335973134,0.02271432216636449,0.10763372231158708,0.06800857551216015,0.004525964745117931,0.0015483563601720223,4.6329270757484275,0.29856858725620483,0.06800857551216015,0.29856858725620483,attitude,124.70003682353995,T5.5f3_extension
rough_seed_44,lm020_ls060_le020,0.26,0.48,0.26,0.2,0.6,0.2,rough,rough_perlin,44,14,results/icra27/os_t5p5f2_selector_train_extension_atlas_v0/env_logs/lm020_ls060_le020/rough/episode_0014.jsonl,prefix_partial,38,5,7.6,1.6910980446091977,217.04180554790472,0.007615230394512078,0.08428931122027682,0.018985233894822706,0.18924149702939322,0.09395044648473659,0.004401962017357284,0.0010061627468245025,4.494121452169447,0.3219614527324371,0.09395044648473659,0.3219614527324371,attitude,128.3437150434774,T5.5f3_extension
rough_seed_45,lm020_ls060_le020,0.26,0.48,0.26,0.2,0.6,0.2,rough,rough_perlin,45,15,results/icra27/os_t5p5f2_selector_train_extension_atlas_v0/env_logs/lm020_ls060_le020/rough/episode_0015.jsonl,prefix_partial,39,5,7.800000000000001,1.6813949821152432,207.4355504644122,0.008632898734290973,0.05660588574482922,0.022375724093083815,0.12785923742218186,0.06471581316827367,0.003939223410242677,0.00022509848058528586,4.639005161171218,0.216218556585231,0.06471581316827367,0.216218556585231,attitude,123.3711011813847,T5.5f3_extension
rough_seed_47,lm020_ls060_le020,0.26,0.48,0.26,0.2,0.6,0.2,rough,rough_perlin,47,17,results/icra27/os_t5p5f2_selector_train_extension_atlas_v0/env_logs/lm020_ls060_le020/rough/episode_0017.jsonl,prefix_partial,38,5,7.6,1.6650129273199787,225.60528374606687,0.010871693790616362,0.078983532304243,0.0220257818470035,0.14506249341058108,0.10060711188206445,0.008920827654567396,0.0006195019204560443,4.564529124847718,0.30169487013788815,0.10060711188206445,0.30169487013788815,attitude,135.49761689190208,T5.5f3_extension
rough_seed_30,lm020_ls040_le040,0.26,0.36999999999999994,0.37,0.2,0.4,0.4,rough,rough_perlin,30,0,results/icra27/os_t5p5f2_selector_train_extension_atlas_v0/env_logs/lm020_ls040_le040/rough/episode_0000.jsonl,prefix_partial,39,5,7.800000000000001,1.699321765461467,219.08817178523987,0.008986642037046005,0.04634222172344281,0.01945782531931843,0.10057092190872452,0.07322025800287939,0.010391782130914448,0.0016722408026758795,4.59006655392414,0.17701424786751688,0.07322025800287939,0.17701424786751688,attitude,128.92683200920715,T5.5f3_extension
rough_seed_31,lm020_ls040_le040,0.26,0.36999999999999994,0.37,0.2,0.4,0.4,rough,rough_perlin,31,1,results/icra27/os_t5p5f2_selector_train_extension_atlas_v0/env_logs/lm020_ls040_le040/rough/episode_0001.jsonl,prefix_partial,38,5,7.6,1.6935397626858855,215.77104051749768,0.005926286544817147,0.08034233877076219,0.017623221035832196,0.1278125889326256,0.07638804148872677,0.007565588773643857,0.0009762050030507936,4.487641900977104,0.30688512851833044,0.07638804148872677,0.30688512851833044,attitude,127.40831084786197,T5.5f3_extension
rough_seed_32,lm020_ls040_le040,0.26,0.36999999999999994,0.37,0.2,0.4,0.4,rough,rough_perlin,32,2,results/icra27/os_t5p5f2_selector_train_extension_atlas_v0/env_logs/lm020_ls040_le040/rough/episode_0002.jsonl,prefix_partial,39,5,7.800000000000001,1.6554735273631813,197.34345478825676,0.008836958453483914,0.04090002531590755,0.03427809529666543,0.07084843129952145,0.05955967555041526,0.0023174971031288934,0.0,4.711642844826247,0.1562265888386483,0.05955967555041526,0.1562265888386483,attitude,119.20665086235664,T5.5f3_extension
rough_seed_33,lm020_ls040_le040,0.26,0.36999999999999994,0.37,0.2,0.4,0.4,rough,rough_perlin,33,3,results/icra27/os_t5p5f2_selector_train_extension_atlas_v0/env_logs/lm020_ls040_le040/rough/episode_0003.jsonl,prefix_partial,38,5,7.6,1.6890561600552698,211.06083917485364,0.006866485058549107,0.08155811934242325,0.014639601155107644,0.17473569404558684,0.07744846932554061,0.006464202951580529,0.00048786437370423175,4.499554354516732,0.3115290682230092,0.07744846932554061,0.3115290682230092,attitude,124.95785762857479,T5.5f3_extension
rough_seed_35,lm020_ls040_le040,0.26,0.36999999999999994,0.37,0.2,0.4,0.4,rough,rough_perlin,35,5,results/icra27/os_t5p5f2_selector_train_extension_atlas_v0/env_logs/lm020_ls040_le040/rough/episode_0005.jsonl,prefix_partial,39,5,7.800000000000001,1.7042825255620002,233.47427349413684,0.011359381351346948,0.08775632459974778,0.03240094364104523,0.15643261077344084,0.09427449113202718,0.010355910010715362,0.004047137245567007,4.576705964539472,0.3352044683430421,0.09427449113202718,0.3352044683430421,attitude,136.99270513681228,T5.5f3_extension
rough_seed_36,lm020_ls040_le040,0.26,0.36999999999999994,0.37,0.2,0.4,0.4,rough,rough_perlin,36,6,results/icra27/os_t5p5f2_selector_train_extension_atlas_v0/env_logs/lm020_ls040_le040/rough/episode_0006.jsonl,prefix_partial,40,5,8.0,1.715392063385918,217.437559756999,0.011269146117893874,0.06347709007960313,0.03488844244244874,0.1776297529785904,0.06400979628187561,0.007903818323500914,0.0012245352332184369,4.663656880986869,0.24246462382220044,0.06400979628187561,0.24246462382220044,attitude,126.75677146821523,T5.5f3_extension
rough_seed_37,lm020_ls040_le040,0.26,0.36999999999999994,0.37,0.2,0.4,0.4,rough,rough_perlin,37,7,results/icra27/os_t5p5f2_selector_train_extension_atlas_v0/env_logs/lm020_ls040_le040/rough/episode_0007.jsonl,prefix_partial,39,5,7.800000000000001,1.6932723027982852,231.30661992472812,0.008364378934981069,0.08619702626964536,0.022958088545229724,0.14572734551617428,0.07299102003224583,0.00863458438867261,0.0016117890858855022,4.60646523722723,0.32924838745526436,0.07299102003224583,0.32924838745526436,attitude,136.60332100305018,T5.5f3_extension
rough_seed_38,lm020_ls040_le040,0.26,0.36999999999999994,0.37,0.2,0.4,0.4,rough,rough_perlin,38,8,results/icra27/os_t5p5f2_selector_train_extension_atlas_v0/env_logs/lm020_ls040_le040/rough/episode_0008.jsonl,prefix_partial,38,5,7.6,1.6843387634367772,248.96704293160326,0.00832176501534874,0.1224689729641979,0.019418284484857697,0.24449888642756812,0.09935499875962941,0.0068221285040948616,0.004217315802531484,4.512156440841344,0.4677970181433549,0.09935499875962941,0.4677970181433549,attitude,147.8129271475075,T5.5f3_extension
rough_seed_39,lm020_ls040_le040,0.26,0.36999999999999994,0.37,0.2,0.4,0.4,rough,rough_perlin,39,9,results/icra27/os_t5p5f2_selector_train_extension_atlas_v0/env_logs/lm020_ls040_le040/rough/episode_0009.jsonl,prefix_partial,41,5,8.200000000000001,1.7656148906788196,232.77796539948721,0.012255928771166092,0.08957781220457516,0.03427141508025703,0.15886762583003855,0.0774655647383024,0.009586776859505477,0.0027548209366396277,4.644274379022357,0.34216203848917554,0.0774655647383024,0.34216203848917554,attitude,131.83960252509647,T5.5f3_extension
rough_seed_40,lm020_ls040_le040,0.26,0.36999999999999994,0.37,0.2,0.4,0.4,rough,rough_perlin,40,10,results/icra27/os_t5p5f2_selector_train_extension_atlas_v0/env_logs/lm020_ls040_le040/rough/episode_0010.jsonl,prefix_partial,39,5,7.800000000000001,1.6651540377058267,209.1653577023454,0.006555837669921991,0.0746061185571672,0.017567700163153708,0.14910834453734578,0.07859264336304475,0.004912040210190194,0.0001142334932602344,4.684251320524368,0.28497438127855546,0.07859264336304475,0.28497438127855546,attitude,125.61321833655936,T5.5f3_extension
rough_seed_41,lm020_ls040_le040,0.26,0.36999999999999994,0.37,0.2,0.4,0.4,rough,rough_perlin,41,11,results/icra27/os_t5p5f2_selector_train_extension_atlas_v0/env_logs/lm020_ls040_le040/rough/episode_0011.jsonl,prefix_partial,39,5,7.800000000000001,1.6738145754034317,207.63545610722826,0.008208753397020704,0.06349534533071959,0.02263066084276593,0.12334464489208896,0.07465909090910125,0.006590909090909769,0.0005681818181818701,4.660014385476362,0.24253435374506205,0.07465909090910125,0.24253435374506205,attitude,124.04925799931146,T5.5f3_extension
rough_seed_42,lm020_ls040_le040,0.26,0.36999999999999994,0.37,0.2,0.4,0.4,rough,rough_perlin,42,12,results/icra27/os_t5p5f2_selector_train_extension_atlas_v0/env_logs/lm020_ls040_le040/rough/episode_0012.jsonl,prefix_partial,39,5,7.800000000000001,1.6898130773366085,206.73097523865135,0.006741776602604296,0.07799503554590005,0.022774882506731972,0.10807130269294563,0.07330715220755887,0.0054742353921231205,0.0011900511722006788,4.615895157051297,0.2979190906501939,0.07330715220755887,0.2979190906501939,attitude,122.33955223289519,T5.5f3_extension
rough_seed_44,lm020_ls040_le040,0.26,0.36999999999999994,0.37,0.2,0.4,0.4,rough,rough_perlin,44,14,results/icra27/os_t5p5f2_selector_train_extension_atlas_v0/env_logs/lm020_ls040_le040/rough/episode_0014.jsonl,prefix_partial,38,5,7.6,1.6888883549200264,216.53188105571368,0.007606198522186116,0.08399377740891358,0.018986325893134974,0.18916867166934437,0.08734004224128944,0.006211951795255745,0.0006211951795255607,4.500001422746432,0.3208325967261352,0.08734004224128944,0.3208325967261352,attitude,128.20970695008853,T5.5f3_extension
rough_seed_45,lm020_ls040_le040,0.26,0.36999999999999994,0.37,0.2,0.4,0.4,rough,rough_perlin,45,15,results/icra27/os_t5p5f2_selector_train_extension_atlas_v0/env_logs/lm020_ls040_le040/rough/episode_0015.jsonl,prefix_partial,39,5,7.800000000000001,1.674558730214088,207.10620021142293,0.008377885181880922,0.05546731572924586,0.02227337404544762,0.13182488093994849,0.06150213627165613,0.004947155385654132,0.0006746120980437145,4.657943528205064,0.2118695394803596,0.06150213627165613,0.2118695394803596,attitude,123.67807499050507,T5.5f3_extension
rough_seed_47,lm020_ls040_le040,0.26,0.36999999999999994,0.37,0.2,0.4,0.4,rough,rough_perlin,47,17,results/icra27/os_t5p5f2_selector_train_extension_atlas_v0/env_logs/lm020_ls040_le040/rough/episode_0017.jsonl,prefix_partial,39,5,7.800000000000001,1.6951394028183542,227.3524905606425,0.010591377230336766,0.07968368333868107,0.02235773007901304,0.1464112844750609,0.10245605586324931,0.011557909944620144,0.0010835540573080884,4.601391476731441,0.3043692500908895,0.10245605586324931,0.3043692500908895,attitude,134.12023234351358,T5.5f3_extension
rough_seed_30,lm020_ls020_le060,0.26,0.26,0.48,0.2,0.2,0.6,rough,rough_perlin,30,0,results/icra27/os_t5p5f2_selector_train_extension_atlas_v0/env_logs/lm020_ls020_le060/rough/episode_0000.jsonl,prefix_partial,39,5,7.800000000000001,1.6897377145560648,216.38336592759416,0.00936066859013995,0.04735755074339534,0.020031902974421457,0.0966241396147387,0.07001057206626408,0.007048044167744826,0.0009397392223659672,4.616101027282362,0.18089251904487916,0.07001057206626408,0.18089251904487916,attitude,128.05736894169007,T5.5f3_extension
rough_seed_31,lm020_ls020_le060,0.26,0.26,0.48,0.2,0.2,0.6,rough,rough_perlin,31,1,results/icra27/os_t5p5f2_selector_train_extension_atlas_v0/env_logs/lm020_ls020_le060/rough/episode_0001.jsonl,prefix_partial,38,5,7.6,1.6871682373895052,214.09625956211818,0.006062008455350236,0.08037936444685995,0.017651349301156513,0.12794765615684978,0.06908911135831183,0.007292052898283389,0.0008651588184403799,4.504589306256267,0.3070265561832651,0.06908911135831183,0.3070265561832651,attitude,126.89680543855047,T5.5f3_extension
rough_seed_32,lm020_ls020_le060,0.26,0.26,0.48,0.2,0.2,0.6,rough,rough_perlin,32,2,results/icra27/os_t5p5f2_selector_train_extension_atlas_v0/env_logs/lm020_ls020_le060/rough/episode_0002.jsonl,prefix_partial,39,5,7.800000000000001,1.652649908364234,196.96617355816684,0.008728809413552885,0.04085997117967084,0.033737164356700655,0.07063536177306617,0.06325197662428095,0.0030938466827092137,0.00011458691417441438,4.719692876587706,0.15607359330808793,0.06325197662428095,0.15607359330808793,attitude,119.18203157323305,T5.5f3_extension
rough_seed_33,lm020_ls020_le060,0.26,0.26,0.48,0.2,0.2,0.6,rough,rough_perlin,33,3,results/icra27/os_t5p5f2_selector_train_extension_atlas_v0/env_logs/lm020_ls020_le060/rough/episode_0003.jsonl,prefix_partial,38,5,7.6,1.6856878075776796,210.70244503573474,0.006613728798064277,0.08172121970444209,0.014427621492648326,0.17558049250902852,0.07426345264184486,0.005478451424398291,0.0004869734599465003,4.508545393658118,0.31215206571505816,0.07426345264184486,0.31215206571505816,attitude,124.99493921031116,T5.5f3_extension
rough_seed_35,lm020_ls020_le060,0.26,0.26,0.48,0.2,0.2,0.6,rough,rough_perlin,35,5,results/icra27/os_t5p5f2_selector_train_extension_atlas_v0/env_logs/lm020_ls020_le060/rough/episode_0005.jsonl,prefix_partial,39,5,7.800000000000001,1.6961929468323316,231.43264009108688,0.011228966116845063,0.08718745371399385,0.033670603710215435,0.15890059291320324,0.09629186602872575,0.007655502392346299,0.0028708133971297786,4.598533447840724,0.3330315416202708,0.09629186602872575,0.3330315416202708,attitude,136.44240210012143,T5.5f3_extension
rough_seed_36,lm020_ls020_le060,0.26,0.26,0.48,0.2,0.2,0.6,rough,rough_perlin,36,6,results/icra27/os_t5p5f2_selector_train_extension_atlas_v0/env_logs/lm020_ls020_le060/rough/episode_0006.jsonl,prefix_partial,40,5,8.0,1.711637426973792,216.9255281783507,0.010965173623904426,0.06335290710072047,0.034787454868065615,0.1776542945111299,0.0651349542717027,0.007472674548294464,0.0006691947356681682,4.673887047529776,0.2419902797837112,0.0651349542717027,0.2419902797837112,attitude,126.73567705391862,T5.5f3_extension
rough_seed_37,lm020_ls020_le060,0.26,0.26,0.48,0.2,0.2,0.6,rough,rough_perlin,37,7,results/icra27/os_t5p5f2_selector_train_extension_atlas_v0/env_logs/lm020_ls020_le060/rough/episode_0007.jsonl,prefix_partial,39,5,7.800000000000001,1.687886678240939,231.1912337121725,0.008373753888027956,0.08639014495833779,0.02313429842015196,0.14581528895186424,0.0770826132042969,0.0082958866228839,0.0013826477704806201,4.621163316561577,0.32998604650907615,0.0770826132042969,0.32998604650907615,attitude,136.9708267104238,T5.5f3_extension
rough_seed_38,lm020_ls020_le060,0.26,0.26,0.48,0.2,0.2,0.6,rough,rough_perlin,38,8,results/icra27/os_t5p5f2_selector_train_extension_atlas_v0/env_logs/lm020_ls020_le060/rough/episode_0008.jsonl,prefix_partial,38,5,7.6,1.6734688991163977,248.7685046225888,0.00865422872658974,0.12303967069227001,0.019412797671105413,0.24532947144381678,0.10698198198199896,0.009884884884886957,0.0036286286286292984,4.541464740702889,0.46997692288977067,0.10698198198199896,0.46997692288977067,attitude,148.65439372906192,T5.5f3_extension
rough_seed_39,lm020_ls020_le060,0.26,0.26,0.48,0.2,0.2,0.6,rough,rough_perlin,39,9,results/icra27/os_t5p5f2_selector_train_extension_atlas_v0/env_logs/lm020_ls020_le060/rough/episode_0009.jsonl,prefix_partial,41,5,8.200000000000001,1.7616791643849083,235.15179992704614,0.012564701698648479,0.09021246795854597,0.03413156002715567,0.15880063549270473,0.08261674104714341,0.012191139653861349,0.0030477849134653372,4.6546500439897285,0.3445862448989236,0.08261674104714341,0.3445862448989236,attitude,133.48162632618158,T5.5f3_extension
rough_seed_40,lm020_ls020_le060,0.26,0.26,0.48,0.2,0.2,0.6,rough,rough_perlin,40,10,results/icra27/os_t5p5f2_selector_train_extension_atlas_v0/env_logs/lm020_ls020_le060/rough/episode_0010.jsonl,prefix_partial,39,5,7.800000000000001,1.6595477193815251,208.06368080502628,0.006462434035596734,0.0741145583398409,0.01680860985833678,0.14815909445804287,0.07576449109996511,0.003993610223642643,0.0,4.700075754921274,0.2830967595566001,0.07576449109996511,0.2830967595566001,attitude,125.3737258501773,T5.5f3_extension
rough_seed_41,lm020_ls020_le060,0.26,0.26,0.48,0.2,0.2,0.6,rough,rough_perlin,41,11,results/icra27/os_t5p5f2_selector_train_extension_atlas_v0/env_logs/lm020_ls020_le060/rough/episode_0011.jsonl,prefix_partial,39,5,7.800000000000001,1.6633650611987927,206.53615568226155,0.008103416942019223,0.06316546292439118,0.02193803100676419,0.12033554051123097,0.0723180623786233,0.005712327202102809,0.0005712327202102732,4.689289309935677,0.2412742957705129,0.0723180623786233,0.2412742957705129,attitude,124.16766499436406,T5.5f3_extension
rough_seed_42,lm020_ls020_le060,0.26,0.26,0.48,0.2,0.2,0.6,rough,rough_perlin,42,12,results/icra27/os_t5p5f2_selector_train_extension_atlas_v0/env_logs/lm020_ls020_le060/rough/episode_0012.jsonl,prefix_partial,39,5,7.800000000000001,1.6906933591552271,206.94450734025503,0.006822134230117439,0.07825967232868603,0.022805527507702886,0.10906757678922463,0.06897792706335205,0.00683781190019391,0.001199616122840905,4.613491830296981,0.2989299287006976,0.06897792706335205,0.2989299287006976,attitude,122.40215306911541,T5.5f3_extension
rough_seed_44,lm020_ls020_le060,0.26,0.26,0.48,0.2,0.2,0.6,rough,rough_perlin,44,14,results/icra27/os_t5p5f2_selector_train_extension_atlas_v0/env_logs/lm020_ls020_le060/rough/episode_0014.jsonl,prefix_partial,38,5,7.6,1.6863916706900768,215.68922289264938,0.0076743151420393015,0.0835924125318875,0.018988493828052407,0.18910280237851487,0.08679570953028638,0.005424731845642966,0.0008630255208977346,4.506663625117441,0.31929949582624306,0.08679570953028638,0.31929949582624306,attitude,127.89983883423041,T5.5f3_extension
rough_seed_45,lm020_ls020_le060,0.26,0.26,0.48,0.2,0.2,0.6,rough,rough_perlin,45,15,results/icra27/os_t5p5f2_selector_train_extension_atlas_v0/env_logs/lm020_ls020_le060/rough/episode_0015.jsonl,prefix_partial,39,5,7.800000000000001,1.6612497053900956,205.55450010597147,0.008602866962858694,0.05495895430350241,0.022368649402073407,0.13124618490177764,0.05863779882725444,0.004736129905278239,0.00033829499323419394,4.695260426347765,0.20992774186953608,0.05863779882725444,0.20992774186953608,attitude,123.73486023144427,T5.5f3_extension
rough_seed_47,lm020_ls020_le060,0.26,0.26,0.48,0.2,0.2,0.6,rough,rough_perlin,47,17,results/icra27/os_t5p5f2_selector_train_extension_atlas_v0/env_logs/lm020_ls020_le060/rough/episode_0017.jsonl,prefix_partial,39,5,7.800000000000001,1.6952129893614112,229.24845636481686,0.010679359349544025,0.07957814245024095,0.022050423787179533,0.14800216119949505,0.10733365711512338,0.00764934434191472,0.000971345313258971,4.6011917375280795,0.30396611359264414,0.10733365711512338,0.30396611359264414,attitude,135.23283375216175,T5.5f3_extension
rough_seed_30,lm020_ls000_le080,0.26,0.15,0.59,0.2,0.0,0.8,rough,rough_perlin,30,0,results/icra27/os_t5p5f2_selector_train_extension_atlas_v0/env_logs/lm020_ls000_le080/rough/episode_0000.jsonl,prefix_partial,39,5,7.800000000000001,1.6857279286543136,216.23222308467143,0.009426386620969706,0.047350226436208405,0.022149196578564664,0.09475127263566474,0.06961574952562988,0.00711574952561821,0.0009487666034157631,4.627081195852643,0.18086454225223458,0.06961574952562988,0.18086454225223458,attitude,128.2723145349355,T5.5f3_extension
rough_seed_31,lm020_ls000_le080,0.26,0.15,0.59,0.2,0.0,0.8,rough,rough_perlin,31,1,results/icra27/os_t5p5f2_selector_train_extension_atlas_v0/env_logs/lm020_ls000_le080/rough/episode_0001.jsonl,prefix_partial,38,5,7.6,1.6820883240954458,214.46488556706242,0.005992677633034345,0.08060482161739285,0.017688112448432658,0.12813802335299784,0.07396486054799188,0.006143260842856542,0.0006143260842856378,4.518193183516062,0.3078877391387649,0.07396486054799188,0.3078877391387649,attitude,127.49918211482286,T5.5f3_extension
rough_seed_32,lm020_ls000_le080,0.26,0.15,0.59,0.2,0.0,0.8,rough,rough_perlin,32,2,results/icra27/os_t5p5f2_selector_train_extension_atlas_v0/env_logs/lm020_ls000_le080/rough/episode_0002.jsonl,prefix_partial,40,5,8.0,1.6782129510891928,200.5737605160942,0.008588166627121294,0.040707790124306975,0.033710600463839224,0.07077510855781144,0.05808988764045803,0.0023595505617979426,0.0,4.76697548711434,0.1554923044951415,0.05808988764045803,0.1554923044951415,attitude,119.51627496732041,T5.5f3_extension
rough_seed_33,lm020_ls000_le080,0.26,0.15,0.59,0.2,0.0,0.8,rough,rough_perlin,33,3,results/icra27/os_t5p5f2_selector_train_extension_atlas_v0/env_logs/lm020_ls000_le080/rough/episode_0003.jsonl,prefix_partial,38,5,7.6,1.6833726618076588,212.0937246248045,0.0066586964623996155,0.08211982781166145,0.014178636561578903,0.17550278533053065,0.07433671597996262,0.005012837755227704,0.0004890573419734132,4.514746005105536,0.31367463652994937,0.07433671597996262,0.31367463652994937,attitude,125.99332841549867,T5.5f3_extension
rough_seed_35,lm020_ls000_le080,0.26,0.15,0.59,0.2,0.0,0.8,rough,rough_perlin,35,5,results/icra27/os_t5p5f2_selector_train_extension_atlas_v0/env_logs/lm020_ls000_le080/rough/episode_0005.jsonl,prefix_partial,39,5,7.800000000000001,1.6923219346627412,234.67580361186785,0.011232440562113335,0.08803013653389839,0.03568434785995404,0.16310964269017547,0.09398315282793529,0.009025270758124745,0.003489771359808173,4.6090521195982985,0.33625035289018507,0.09398315282793529,0.33625035289018507,attitude,138.67089872509146,T5.5f3_extension
rough_seed_36,lm020_ls000_le080,0.26,0.15,0.59,0.2,0.0,0.8,rough,rough_perlin,36,6,results/icra27/os_t5p5f2_selector_train_extension_atlas_v0/env_logs/lm020_ls000_le080/rough/episode_0006.jsonl,prefix_partial,40,5,8.0,1.708326467003297,215.66261700924622,0.010706301069943686,0.0631283586434415,0.035499872102140256,0.1776822630866699,0.06726210166502251,0.007608336089977808,0.001212923144779049,4.682945651502664,0.2411325678571606,0.06726210166502251,0.2411325678571606,attitude,126.24203931439177,T5.5f3_extension
rough_seed_37,lm020_ls000_le080,0.26,0.15,0.59,0.2,0.0,0.8,rough,rough_perlin,37,7,results/icra27/os_t5p5f2_selector_train_extension_atlas_v0/env_logs/lm020_ls000_le080/rough/episode_0007.jsonl,prefix_partial,39,5,7.800000000000001,1.681991079630022,232.70696838770897,0.008453503054082,0.08680517506131244,0.02324611718640574,0.1473889212143038,0.07361255336334245,0.009807315103266741,0.0019614630206532557,4.637361098083661,0.3315713447271647,0.07361255336334245,0.3315713447271647,attitude,138.35208236591612,T5.5f3_extension
rough_seed_38,lm020_ls000_le080,0.26,0.15,0.59,0.2,0.0,0.8,rough,rough_perlin,38,8,results/icra27/os_t5p5f2_selector_train_extension_atlas_v0/env_logs/lm020_ls000_le080/rough/episode_0008.jsonl,prefix_partial,38,5,7.6,1.6684187807005584,247.5484460980806,0.009329915555127187,0.12402992636476311,0.019448219539633677,0.24485166416463788,0.10206133735547172,0.009803921568629546,0.004524886877828856,4.555211250264642,0.47375942093462026,0.10206133735547172,0.47375942093462026,attitude,148.37308771730355,T5.5f3_extension
rough_seed_39,lm020_ls000_le080,0.26,0.15,0.59,0.2,0.0,0.8,rough,rough_perlin,39,9,results/icra27/os_t5p5f2_selector_train_extension_atlas_v0/env_logs/lm020_ls000_le080/rough/episode_0009.jsonl,prefix_partial,41,5,8.200000000000001,1.7569587626278487,257.1181370577855,0.015162169708515272,0.09232237145644846,0.046171335887584125,0.1590094574238714,0.09396425761493725,0.009778577048445033,0.003933910306845707,4.667155640998325,0.35264548260623707,0.09396425761493725,0.35264548260623707,attitude,146.3427272892956,T5.5f3_extension
rough_seed_40,lm020_ls000_le080,0.26,0.15,0.59,0.2,0.0,0.8,rough,rough_perlin,40,10,results/icra27/os_t5p5f2_selector_train_extension_atlas_v0/env_logs/lm020_ls000_le080/rough/episode_0010.jsonl,prefix_partial,39,5,7.800000000000001,1.6526899861930537,208.80808299849642,0.00655546881422013,0.0741738853438719,0.016069347242734625,0.14906853349911042,0.07852272727273825,0.0037500000000004917,0.0,4.719578423759426,0.2833233720194089,0.07852272727273825,0.2833233720194089,attitude,126.34437477259885,T5.5f3_extension
rough_seed_41,lm020_ls000_le080,0.26,0.15,0.59,0.2,0.0,0.8,rough,rough_perlin,41,11,results/icra27/os_t5p5f2_selector_train_extension_atlas_v0/env_logs/lm020_ls000_le080/rough/episode_0011.jsonl,prefix_partial,40,5,8.0,1.6800062358427392,210.01122235263006,0.007752214510134423,0.06317187019509855,0.021305469750059244,0.12065237083050628,0.0727533671892336,0.004967984102451316,0.0004415985868845472,4.761887086679158,0.24129876974182826,0.0727533671892336,0.24129876974182826,attitude,125.0062159723368,T5.5f3_extension
rough_seed_42,lm020_ls000_le080,0.26,0.15,0.59,0.2,0.0,0.8,rough,rough_perlin,42,12,results/icra27/os_t5p5f2_selector_train_extension_atlas_v0/env_logs/lm020_ls000_le080/rough/episode_0012.jsonl,prefix_partial,39,5,7.800000000000001,1.6843609842372984,208.28268116997697,0.006754781420973364,0.07791292634521428,0.022974221510161333,0.10971368517010904,0.06858644999403744,0.007169315330387912,0.0019118174214369037,4.6308363070591705,0.2976054566062947,0.06858644999403744,0.2976054566062947,attitude,123.65679514019983,T5.5f3_extension
rough_seed_44,lm020_ls000_le080,0.26,0.15,0.59,0.2,0.0,0.8,rough,rough_perlin,44,14,results/icra27/os_t5p5f2_selector_train_extension_atlas_v0/env_logs/lm020_ls000_le080/rough/episode_0014.jsonl,prefix_partial,38,5,7.6,1.6813666122682085,214.52338692229378,0.007725285751773919,0.0826720642656302,0.019010276018579072,0.18906049554114412,0.08289028516193195,0.0065248912518143295,0.0006041565973901971,4.520132578193281,0.3157840244036614,0.08289028516193195,0.3157840244036614,attitude,127.58870394892402,T5.5f3_extension
rough_seed_45,lm020_ls000_le080,0.26,0.15,0.59,0.2,0.0,0.8,rough,rough_perlin,45,15,results/icra27/os_t5p5f2_selector_train_extension_atlas_v0/env_logs/lm020_ls000_le080/rough/episode_0015.jsonl,prefix_partial,40,5,8.0,1.6869222805224129,212.6313234318012,0.008439509009433811,0.05572274457208432,0.022021026266311104,0.1307135075017436,0.05996453114609743,0.006207049434716652,0.00022168033695418285,4.742364299985728,0.21284520579106322,0.05996453114609743,0.21284520579106322,attitude,126.0468996627116,T5.5f3_extension
rough_seed_47,lm020_ls000_le080,0.26,0.15,0.59,0.2,0.0,0.8,rough,rough_perlin,47,17,results/icra27/os_t5p5f2_selector_train_extension_atlas_v0/env_logs/lm020_ls000_le080/rough/episode_0017.jsonl,prefix_partial,39,5,7.800000000000001,1.6936265823280634,232.31415196851836,0.010604924393419292,0.07941205143376198,0.02233853337070564,0.14703281119333145,0.1086083039084568,0.007670765859005553,0.0010958236941435578,4.605501638547796,0.3033316926420253,0.1086083039084568,0.3033316926420253,attitude,137.1696419934427,T5.5f3_extension
rough_seed_30,lm000_ls100_le000,0.15,0.7,0.15,0.0,1.0,0.0,rough,rough_perlin,30,0,results/icra27/os_t5p5f2_selector_train_extension_atlas_v0/env_logs/lm000_ls100_le000/rough/episode_0000.jsonl,prefix_partial,38,5,7.6,1.666347498325452,211.96259941670627,0.009050731977677345,0.04637495486184887,0.019448458203144434,0.09933167761283501,0.0744312561820124,0.008654797230466815,0.0008654797230467392,4.560873411840808,0.17713927924624256,0.0744312561820124,0.17713927924624256,attitude,127.20191894530521,T5.5f3_extension
rough_seed_31,lm000_ls100_le000,0.15,0.7,0.15,0.0,1.0,0.0,rough,rough_perlin,31,1,results/icra27/os_t5p5f2_selector_train_extension_atlas_v0/env_logs/lm000_ls100_le000/rough/episode_0001.jsonl,prefix_partial,37,5,7.4,1.6580349142830233,211.7374980616912,0.005849244579070421,0.0809049119685605,0.01768501539266568,0.1271843098868637,0.08184876043355448,0.0068518749221393735,0.0006228977201944697,4.463114700573088,0.3090339998450652,0.08184876043355448,0.3090339998450652,attitude,127.7038838191486,T5.5f3_extension
rough_seed_32,lm000_ls100_le000,0.15,0.7,0.15,0.0,1.0,0.0,rough,rough_perlin,32,2,results/icra27/os_t5p5f2_selector_train_extension_atlas_v0/env_logs/lm000_ls100_le000/rough/episode_0002.jsonl,prefix_partial,39,5,7.800000000000001,1.6801729842781297,196.43178456198532,0.008935282795139256,0.04493504844373786,0.03206179427822168,0.07078437325517672,0.05901097604155296,0.002242417089578913,0.0,4.642379131783979,0.17163924186947183,0.05901097604155296,0.17163924186947183,attitude,116.91164326533935,T5.5f3_extension
rough_seed_33,lm000_ls100_le000,0.15,0.7,0.15,0.0,1.0,0.0,rough,rough_perlin,33,3,results/icra27/os_t5p5f2_selector_train_extension_atlas_v0/env_logs/lm000_ls100_le000/rough/episode_0003.jsonl,prefix_partial,37,5,7.4,1.6672192068385419,209.7323729683083,0.007273508843239729,0.08350331356577302,0.01674242061782364,0.17917040225621506,0.09139919759279769,0.004137412236711019,0.0007522567703110638,4.438528520812943,0.3189591628450872,0.09139919759279769,0.3189591628450872,attitude,125.79771880508295,T5.5f3_extension
rough_seed_35,lm000_ls100_le000,0.15,0.7,0.15,0.0,1.0,0.0,rough,rough_perlin,35,5,results/icra27/os_t5p5f2_selector_train_extension_atlas_v0/env_logs/lm000_ls100_le000/rough/episode_0005.jsonl,prefix_partial,39,5,7.800000000000001,1.7102362983679666,231.52445946104032,0.010324327793388245,0.08663508430634298,0.02430142903047368,0.14419894768467678,0.08642883413021152,0.0077234277307852385,0.004045605001839998,4.5607732729350525,0.33092164590090173,0.08642883413021152,0.33092164590090173,attitude,135.37571368469844,T5.5f3_extension
rough_seed_36,lm000_ls100_le000,0.15,0.7,0.15,0.0,1.0,0.0,rough,rough_perlin,36,6,results/icra27/os_t5p5f2_selector_train_extension_atlas_v0/env_logs/lm000_ls100_le000/rough/episode_0006.jsonl,prefix_partial,39,5,7.800000000000001,1.6947429933731664,214.8301545893833,0.011957805123515113,0.06213529814662385,0.03548407923031654,0.17756650999156265,0.06370287000563789,0.006752954417558766,0.00191333708497492,4.602467766794015,0.23733935617257287,0.06370287000563789,0.23733935617257287,attitude,126.76267459397589,T5.5f3_extension
rough_seed_37,lm000_ls100_le000,0.15,0.7,0.15,0.0,1.0,0.0,rough,rough_perlin,37,7,results/icra27/os_t5p5f2_selector_train_extension_atlas_v0/env_logs/lm000_ls100_le000/rough/episode_0007.jsonl,prefix_partial,39,5,7.800000000000001,1.7033760253926113,237.28259234042713,0.009075695324638111,0.08499578500865271,0.02912210738435544,0.14388020846061855,0.08198229274463534,0.006898930665747749,0.0017247326664369116,4.579141589246084,0.32465998382647426,0.08198229274463534,0.32465998382647426,attitude,139.30135730643258,T5.5f3_extension
rough_seed_38,lm000_ls100_le000,0.15,0.7,0.15,0.0,1.0,0.0,rough,rough_perlin,38,8,results/icra27/os_t5p5f2_selector_train_extension_atlas_v0/env_logs/lm000_ls100_le000/rough/episode_0008.jsonl,prefix_partial,37,5,7.4,1.6648328618185821,245.0344354062397,0.009715380866347685,0.1257431112904811,0.02067774694451622,0.23993125923200176,0.11653802353538963,0.008983930153108449,0.00379602682525721,4.444890637199822,0.4803033053192252,0.11653802353538963,0.4803033053192252,attitude,147.18260374712693,T5.5f3_extension
rough_seed_39,lm000_ls100_le000,0.15,0.7,0.15,0.0,1.0,0.0,rough,rough_perlin,39,9,results/icra27/os_t5p5f2_selector_train_extension_atlas_v0/env_logs/lm000_ls100_le000/rough/episode_0009.jsonl,prefix_partial,41,5,8.200000000000001,1.7648021797332925,222.49362544816253,0.012286827814497988,0.08691898529989625,0.034698155072777896,0.15784854038069285,0.07775119617225858,0.009351892127012535,0.002936059156155052,4.646413118800224,0.33200606781624664,0.07775119617225858,0.33200606781624664,attitude,126.07284147948361,T5.5f3_extension
rough_seed_40,lm000_ls100_le000,0.15,0.7,0.15,0.0,1.0,0.0,rough,rough_perlin,40,10,results/icra27/os_t5p5f2_selector_train_extension_atlas_v0/env_logs/lm000_ls100_le000/rough/episode_0010.jsonl,prefix_partial,39,5,7.800000000000001,1.6810430104699237,209.85268111678053,0.006560847418757165,0.07530594298550473,0.017330707487976795,0.14589140212202167,0.07955838834510573,0.004666514910084781,0.00011381743683133396,4.639976461886937,0.2876475136881485,0.07955838834510573,0.2876475136881485,attitude,124.8348078007342,T5.5f3_extension
rough_seed_41,lm000_ls100_le000,0.15,0.7,0.15,0.0,1.0,0.0,rough,rough_perlin,41,11,results/icra27/os_t5p5f2_selector_train_extension_atlas_v0/env_logs/lm000_ls100_le000/rough/episode_0011.jsonl,prefix_partial,39,5,7.800000000000001,1.6843691007248187,208.7514789336613,0.008421303935539512,0.06334422934599447,0.021662135926781616,0.1200511483131903,0.07742009922696358,0.006807430483443609,0.0008076612437983851,4.6308139923984,0.2419571332022812,0.07742009922696358,0.2419571332022812,attitude,123.9345217410075,T5.5f3_extension
rough_seed_42,lm000_ls100_le000,0.15,0.7,0.15,0.0,1.0,0.0,rough,rough_perlin,42,12,results/icra27/os_t5p5f2_selector_train_extension_atlas_v0/env_logs/lm000_ls100_le000/rough/episode_0012.jsonl,prefix_partial,39,5,7.800000000000001,1.6837380429583233,212.00295852995595,0.0058952092710468995,0.07853484373719247,0.02258194486157786,0.10695727722689785,0.06899856252995787,0.004192620987063663,0.001317680881648523,4.632549601537435,0.29998100605737027,0.06899856252995787,0.29998100605737027,attitude,125.91207962342366,T5.5f3_extension
rough_seed_44,lm000_ls100_le000,0.15,0.7,0.15,0.0,1.0,0.0,rough,rough_perlin,44,14,results/icra27/os_t5p5f2_selector_train_extension_atlas_v0/env_logs/lm000_ls100_le000/rough/episode_0014.jsonl,prefix_partial,38,5,7.6,1.6898372875920782,214.71217226497473,0.007214556770557842,0.08497846208470554,0.017336383109257694,0.18708365217596357,0.07925036746694486,0.004899559039687481,0.0004899559039687658,4.49747443484903,0.3245938151310743,0.07925036746694486,0.3245938151310743,attitude,127.06085600166116,T5.5f3_extension
rough_seed_45,lm000_ls100_le000,0.15,0.7,0.15,0.0,1.0,0.0,rough,rough_perlin,45,15,results/icra27/os_t5p5f2_selector_train_extension_atlas_v0/env_logs/lm000_ls100_le000/rough/episode_0015.jsonl,prefix_partial,39,5,7.800000000000001,1.6875614340049259,208.8020712208914,0.008862091933868626,0.0571670464524893,0.023384115652732136,0.12962128847819865,0.06732941708089846,0.0031631269769549367,0.00033890646181659406,4.622053954793822,0.21836203259706416,0.06732941708089846,0.21836203259706416,attitude,123.73005628918747,T5.5f3_extension
rough_seed_47,lm000_ls100_le000,0.15,0.7,0.15,0.0,1.0,0.0,rough,rough_perlin,47,17,results/icra27/os_t5p5f2_selector_train_extension_atlas_v0/env_logs/lm000_ls100_le000/rough/episode_0017.jsonl,prefix_partial,38,5,7.6,1.6679252707170606,226.87618645948444,0.011460558787928895,0.08006869934185602,0.022547619582789814,0.14853987630659904,0.09756995581739618,0.0096956308296535,0.0009818360333825721,4.556559057788404,0.3058399028926842,0.09756995581739618,0.3058399028926842,attitude,136.02299242216512,T5.5f3_extension
rough_seed_30,lm000_ls080_le020,0.15,0.59,0.26,0.0,0.8,0.2,rough,rough_perlin,30,0,results/icra27/os_t5p5f2_tail_selector_train_extension_atlas_v0/env_logs/lm000_ls080_le020/rough/episode_0000.jsonl,recovery_tail,39,5,7.800000000000001,1.6972784567110772,217.43892362590537,0.009228850222297838,0.045995409839902725,0.020959670667160944,0.10018533845779976,0.0741535526943367,0.008583690987126025,0.0008345255126372568,4.595592413936926,0.1756895240533949,0.0741535526943367,0.1756895240533949,attitude,128.11034203972068,T5.5f3_extension
rough_seed_31,lm000_ls080_le020,0.15,0.59,0.26,0.0,0.8,0.2,rough,rough_perlin,31,1,results/icra27/os_t5p5f2_tail_selector_train_extension_atlas_v0/env_logs/lm000_ls080_le020/rough/episode_0001.jsonl,recovery_tail,37,5,7.4,1.6543935989509464,212.00979993736388,0.005888032220540839,0.08116481885393187,0.01763285049040849,0.1275761260736774,0.07915831663328377,0.0066382765531077794,0.0008767535070141994,4.472938002596451,0.3100267710182765,0.07915831663328377,0.3100267710182765,attitude,128.14955284631156,T5.5f3_extension
rough_seed_32,lm000_ls080_le020,0.15,0.59,0.26,0.0,0.8,0.2,rough,rough_perlin,32,2,results/icra27/os_t5p5f2_tail_selector_train_extension_atlas_v0/env_logs/lm000_ls080_le020/rough/episode_0002.jsonl,recovery_tail,39,5,7.800000000000001,1.6620873704765002,198.13010400923184,0.008727380224297934,0.041014367724944524,0.0333797220109852,0.07102099185668687,0.05737118320611552,0.0020276717557254145,0.0,4.692894091219666,0.15666334466912676,0.05737118320611552,0.15666334466912676,attitude,119.20558902534128,T5.5f3_extension
rough_seed_33,lm000_ls080_le020,0.15,0.59,0.26,0.0,0.8,0.2,rough,rough_perlin,33,3,results/icra27/os_t5p5f2_tail_selector_train_extension_atlas_v0/env_logs/lm000_ls080_le020/rough/episode_0003.jsonl,recovery_tail,38,5,7.6,1.6949275712869833,211.9454065584714,0.007058577305997168,0.08150740032690536,0.015302678974474931,0.17449249957827018,0.0828134556575064,0.0053822629969428,0.00036697247706427065,4.483967414742807,0.31133533585432693,0.0828134556575064,0.31133533585432693,attitude,125.04688114639504,T5.5f3_extension
rough_seed_35,lm000_ls080_le020,0.15,0.59,0.26,0.0,0.8,0.2,rough,rough_perlin,35,5,results/icra27/os_t5p5f2_tail_selector_train_extension_atlas_v0/env_logs/lm000_ls080_le020/rough/episode_0005.jsonl,recovery_tail,39,5,7.800000000000001,1.7045324635683547,233.9821593671396,0.011579967350200206,0.08770401601661255,0.03251312170430839,0.1559245301250198,0.09038042161378025,0.009813423794526157,0.003998061545918167,4.57603487566971,0.3350046642733116,0.09038042161378025,0.3350046642733116,attitude,137.2705796857101,T5.5f3_extension
rough_seed_36,lm000_ls080_le020,0.15,0.59,0.26,0.0,0.8,0.2,rough,rough_perlin,36,6,results/icra27/os_t5p5f2_tail_selector_train_extension_atlas_v0/env_logs/lm000_ls080_le020/rough/episode_0006.jsonl,recovery_tail,40,5,8.0,1.7229349523391282,217.236170212013,0.011664086599614694,0.06287773731638607,0.03535688273871303,0.17759232220683807,0.062347188264067176,0.006779284285397604,0.0016670371193600096,4.64323971670484,0.2401752649040777,0.062347188264067176,0.2401752649040777,attitude,126.08495167915895,T5.5f3_extension
rough_seed_37,lm000_ls080_le020,0.15,0.59,0.26,0.0,0.8,0.2,rough,rough_perlin,37,7,results/icra27/os_t5p5f2_tail_selector_train_extension_atlas_v0/env_logs/lm000_ls080_le020/rough/episode_0007.jsonl,recovery_tail,39,5,7.800000000000001,1.6965069145190848,232.69681282644882,0.008513471738351461,0.08607064987584319,0.023733250046930835,0.14485255443816603,0.07207415990730977,0.007763615295481805,0.0015063731170337762,4.597682410396244,0.3287656651889345,0.07207415990730977,0.3287656651889345,attitude,137.1623132419783,T5.5f3_extension
rough_seed_38,lm000_ls080_le020,0.15,0.59,0.26,0.0,0.8,0.2,rough,rough_perlin,38,8,results/icra27/os_t5p5f2_tail_selector_train_extension_atlas_v0/env_logs/lm000_ls080_le020/rough/episode_0008.jsonl,recovery_tail,37,5,7.4,1.662720063613755,243.31517413038478,0.009277700766643214,0.12539436645469187,0.02030375546099758,0.24069847533391675,0.11231427851928767,0.009443465122137664,0.004281037522035877,4.450538705786014,0.4789711981713782,0.11231427851928767,0.4789711981713782,attitude,146.335621644911,T5.5f3_extension
rough_seed_39,lm000_ls080_le020,0.15,0.59,0.26,0.0,0.8,0.2,rough,rough_perlin,39,9,results/icra27/os_t5p5f2_tail_selector_train_extension_atlas_v0/env_logs/lm000_ls080_le020/rough/episode_0009.jsonl,recovery_tail,41,5,8.200000000000001,1.7536448264094122,220.27114817728298,0.012578007081173237,0.08706587352915776,0.03450758776303861,0.15851497534581038,0.06222173960257092,0.00912151156477468,0.002497556737973886,4.6759753608656895,0.3325671395227023,0.06222173960257092,0.3325671395227023,attitude,125.60761726665494,T5.5f3_extension
rough_seed_40,lm000_ls080_le020,0.15,0.59,0.26,0.0,0.8,0.2,rough,rough_perlin,40,10,results/icra27/os_t5p5f2_tail_selector_train_extension_atlas_v0/env_logs/lm000_ls080_le020/rough/episode_0010.jsonl,recovery_tail,39,5,7.800000000000001,1.6717765600515506,209.16565588493185,0.006513741714595532,0.07498518594613218,0.018971019081757447,0.1486013529210526,0.07441119581295814,0.003754693366708873,0.00011377858686996164,4.665695276741697,0.2864223120478046,0.07441119581295814,0.2864223120478046,attitude,125.11579650242378,T5.5f3_extension
rough_seed_41,lm000_ls080_le020,0.15,0.59,0.26,0.0,0.8,0.2,rough,rough_perlin,41,11,results/icra27/os_t5p5f2_tail_selector_train_extension_atlas_v0/env_logs/lm000_ls080_le020/rough/episode_0011.jsonl,recovery_tail,39,5,7.800000000000001,1.6801970302328595,207.74894397338107,0.008374513584808563,0.06342511022297052,0.02278726170738444,0.12004246918974615,0.07073004321129,0.006481692062770735,0.00045485558335232694,4.642312692886378,0.24226607539521752,0.07073004321129,0.24226607539521752,attitude,123.64558455658562,T5.5f3_extension
rough_seed_42,lm000_ls080_le020,0.15,0.59,0.26,0.0,0.8,0.2,rough,rough_perlin,42,12,results/icra27/os_t5p5f2_tail_selector_train_extension_atlas_v0/env_logs/lm000_ls080_le020/rough/episode_0012.jsonl,recovery_tail,39,5,7.800000000000001,1.6823917406238895,208.93542433576948,0.005898411920091452,0.0782148277274609,0.022711056031000765,0.1078568374188491,0.06634169539889317,0.004280109380574086,0.0016644869813345422,4.636256712189688,0.29875863494175453,0.06634169539889317,0.29875863494175453,attitude,124.18952096037332,T5.5f3_extension
rough_seed_44,lm000_ls080_le020,0.15,0.59,0.26,0.0,0.8,0.2,rough,rough_perlin,44,14,results/icra27/os_t5p5f2_tail_selector_train_extension_atlas_v0/env_logs/lm000_ls080_le020/rough/episode_0014.jsonl,recovery_tail,38,5,7.6,1.6888399254520086,216.61154001240058,0.007646816232901529,0.08467505267382339,0.018961904679542133,0.18924498632363584,0.0883692307692491,0.004430769230770239,0.0006153846153847688,4.500130465571449,0.3234348765505345,0.0883692307692491,0.3234348765505345,attitude,128.2605513689675,T5.5f3_extension
rough_seed_45,lm000_ls080_le020,0.15,0.59,0.26,0.0,0.8,0.2,rough,rough_perlin,45,15,results/icra27/os_t5p5f2_tail_selector_train_extension_atlas_v0/env_logs/lm000_ls080_le020/rough/episode_0015.jsonl,recovery_tail,39,5,7.800000000000001,1.6807782958685051,207.32455614815115,0.008600065869341653,0.056598127254379786,0.022200928427152895,0.12784814443089876,0.06467941507312852,0.003937007874016494,0.00022497187851521538,4.6407072361495025,0.21618892133468798,0.06467941507312852,0.21618892133468798,attitude,123.35032922412933,T5.5f3_extension
rough_seed_47,lm000_ls080_le020,0.15,0.59,0.26,0.0,0.8,0.2,rough,rough_perlin,47,17,results/icra27/os_t5p5f2_tail_selector_train_extension_atlas_v0/env_logs/lm000_ls080_le020/rough/episode_0017.jsonl,recovery_tail,38,5,7.6,1.6639697669350872,225.30289949684484,0.011064065831997054,0.0785590072193483,0.022524609919317706,0.1451886498081798,0.09749752229932326,0.008795837462836137,0.0006194251734391393,4.567390676814191,0.30007330376042823,0.09749752229932326,0.30007330376042823,attitude,135.40083718698602,T5.5f3_extension
rough_seed_30,lm000_ls060_le040,0.15,0.48,0.37,0.0,0.6,0.4,rough,rough_perlin,30,0,results/icra27/os_t5p5f2_tail_selector_train_extension_atlas_v0/env_logs/lm000_ls060_le040/rough/episode_0000.jsonl,recovery_tail,39,5,7.800000000000001,1.69727963695978,217.68677534198852,0.009094231130610118,0.0462134939063125,0.02041544615248378,0.09989072289619427,0.07366526694662266,0.009718056388723886,0.0014397120575886959,4.595589218269066,0.17652254382568364,0.07366526694662266,0.17652254382568364,attitude,128.2562817591542,T5.5f3_extension
rough_seed_31,lm000_ls060_le040,0.15,0.48,0.37,0.0,0.6,0.4,rough,rough_perlin,31,1,results/icra27/os_t5p5f2_tail_selector_train_extension_atlas_v0/env_logs/lm000_ls060_le040/rough/episode_0001.jsonl,recovery_tail,38,5,7.6,1.6919314085573902,213.59481524688312,0.005826578093270728,0.0800660661659831,0.01665928679758464,0.1267863763403101,0.07262021589795238,0.008218842001964271,0.0007360157016684228,4.491907864326527,0.3058298449017352,0.07262021589795238,0.3058298449017352,attitude,126.24318820879552,T5.5f3_extension
rough_seed_32,lm000_ls060_le040,0.15,0.48,0.37,0.0,0.6,0.4,rough,rough_perlin,32,2,results/icra27/os_t5p5f2_tail_selector_train_extension_atlas_v0/env_logs/lm000_ls060_le040/rough/episode_0002.jsonl,recovery_tail,39,5,7.800000000000001,1.6549529111086974,197.57507438798967,0.008764257874553785,0.04099228277949772,0.033532457177743,0.07085558992630991,0.05918604651163763,0.002674418604651471,0.0,4.713125036756829,0.1565789863914682,0.05918604651163763,0.1565789863914682,attitude,119.38410637655474,T5.5f3_extension
rough_seed_33,lm000_ls060_le040,0.15,0.48,0.37,0.0,0.6,0.4,rough,rough_perlin,33,3,results/icra27/os_t5p5f2_tail_selector_train_extension_atlas_v0/env_logs/lm000_ls060_le040/rough/episode_0003.jsonl,recovery_tail,38,5,7.6,1.6893218110932269,211.59571375579088,0.0069993902010287165,0.08165161808678378,0.014638679057432538,0.17472409736450745,0.07736424649177641,0.006955460646737058,0.0003660768761440407,4.498846785788991,0.3118862071191179,0.07736424649177641,0.3118862071191179,attitude,125.25482851539041,T5.5f3_extension
rough_seed_35,lm000_ls060_le040,0.15,0.48,0.37,0.0,0.6,0.4,rough,rough_perlin,35,5,results/icra27/os_t5p5f2_tail_selector_train_extension_atlas_v0/env_logs/lm000_ls060_le040/rough/episode_0005.jsonl,recovery_tail,39,5,7.800000000000001,1.70347637229574,232.34758652126052,0.01120222539575617,0.08779853121048403,0.032543050437341736,0.1562450159582247,0.08982322025802003,0.010391782130914908,0.003941710463450526,4.578871845159849,0.335365685720558,0.08982322025802003,0.335365685720558,attitude,136.39613105295408,T5.5f3_extension
rough_seed_36,lm000_ls060_le040,0.15,0.48,0.37,0.0,0.6,0.4,rough,rough_perlin,36,6,results/icra27/os_t5p5f2_tail_selector_train_extension_atlas_v0/env_logs/lm000_ls060_le040/rough/episode_0006.jsonl,recovery_tail,40,5,8.0,1.7152209655952753,217.29913254193445,0.011256202387554775,0.06326511847197015,0.03480243101578772,0.1776267460754679,0.06301824212272904,0.007739082365948885,0.0013266998341626545,4.664122092994336,0.24165495192260225,0.06301824212272904,0.24165495192260225,attitude,126.6887106096676,T5.5f3_extension
rough_seed_37,lm000_ls060_le040,0.15,0.48,0.37,0.0,0.6,0.4,rough,rough_perlin,37,7,results/icra27/os_t5p5f2_tail_selector_train_extension_atlas_v0/env_logs/lm000_ls060_le040/rough/episode_0007.jsonl,recovery_tail,39,5,7.800000000000001,1.6922544672231628,231.34893135352854,0.008346876732919275,0.08616862531286233,0.022988130812833074,0.145616230062942,0.07279870580079577,0.008550959094061698,0.0016177490177954133,4.609235875027175,0.329139903791411,0.07279870580079577,0.329139903791411,attitude,136.71048641588243,T5.5f3_extension
rough_seed_38,lm000_ls060_le040,0.15,0.48,0.37,0.0,0.6,0.4,rough,rough_perlin,38,8,results/icra27/os_t5p5f2_tail_selector_train_extension_atlas_v0/env_logs/lm000_ls060_le040/rough/episode_0008.jsonl,recovery_tail,37,5,7.4,1.6466767355050616,245.09804517219732,0.008014880161557282,0.12395070188699103,0.02016744981489649,0.24483086345156121,0.10442794983365337,0.007678525723063126,0.004479140005120275,4.493899646751434,0.47345680572058907,0.10442794983365337,0.47345680572058907,attitude,148.8440565701087,T5.5f3_extension
rough_seed_39,lm000_ls060_le040,0.15,0.48,0.37,0.0,0.6,0.4,rough,rough_perlin,39,9,results/icra27/os_t5p5f2_tail_selector_train_extension_atlas_v0/env_logs/lm000_ls060_le040/rough/episode_0009.jsonl,recovery_tail,41,5,8.200000000000001,1.768227678612239,236.59841295506484,0.012429141814651452,0.09018368855780494,0.03426943358109649,0.15886588405861968,0.08221476510068342,0.010626398210292785,0.0036912751677858294,4.637411855488892,0.3444763156856318,0.08221476510068342,0.3444763156856318,attitude,133.80540063752127,T5.5f3_extension
rough_seed_40,lm000_ls060_le040,0.15,0.48,0.37,0.0,0.6,0.4,rough,rough_perlin,40,10,results/icra27/os_t5p5f2_tail_selector_train_extension_atlas_v0/env_logs/lm000_ls060_le040/rough/episode_0010.jsonl,recovery_tail,39,5,7.800000000000001,1.6653483918482543,208.69700771353936,0.006499616095057404,0.07423162590819575,0.017181186018351516,0.14752218340147882,0.07665067397762085,0.004683573223669712,0.0001142334932602344,4.683704645934971,0.2835439247289062,0.07665067397762085,0.2835439247289062,attitude,125.31732623341418,T5.5f3_extension
rough_seed_41,lm000_ls060_le040,0.15,0.48,0.37,0.0,0.6,0.4,rough,rough_perlin,41,11,results/icra27/os_t5p5f2_tail_selector_train_extension_atlas_v0/env_logs/lm000_ls060_le040/rough/episode_0011.jsonl,recovery_tail,39,5,7.800000000000001,1.673547680453819,207.5574773357573,0.008220692819969542,0.06348639987092985,0.022660043850620724,0.12336095147193582,0.07497155858931669,0.006484641638225922,0.0006825938566553522,4.660757557791757,0.24250018460561168,0.07497155858931669,0.24250018460561168,attitude,124.02244630369513,T5.5f3_extension
rough_seed_42,lm000_ls060_le040,0.15,0.48,0.37,0.0,0.6,0.4,rough,rough_perlin,42,12,results/icra27/os_t5p5f2_tail_selector_train_extension_atlas_v0/env_logs/lm000_ls060_le040/rough/episode_0012.jsonl,recovery_tail,39,5,7.800000000000001,1.6837258311401797,208.65674275338358,0.006117147357366958,0.07790987439107397,0.02276928451804028,0.10917510258711884,0.07352941176471954,0.004862428842505763,0.0010673624288427095,4.632583200744757,0.2975937990001942,0.07352941176471954,0.2975937990001942,attitude,123.92560528223655,T5.5f3_extension
rough_seed_44,lm000_ls060_le040,0.15,0.48,0.37,0.0,0.6,0.4,rough,rough_perlin,44,14,results/icra27/os_t5p5f2_tail_selector_train_extension_atlas_v0/env_logs/lm000_ls060_le040/rough/episode_0014.jsonl,recovery_tail,38,5,7.6,1.6851692709888,215.48720552949962,0.007581447164585713,0.08328275183774932,0.018961967117883022,0.1891774447661958,0.08942096261912419,0.004397752259956969,0.0006107989249940461,4.509932699841232,0.31811667910256247,0.08942096261912419,0.31811667910256247,attitude,127.8727361335393,T5.5f3_extension
rough_seed_45,lm000_ls060_le040,0.15,0.48,0.37,0.0,0.6,0.4,rough,rough_perlin,45,15,results/icra27/os_t5p5f2_tail_selector_train_extension_atlas_v0/env_logs/lm000_ls060_le040/rough/episode_0015.jsonl,recovery_tail,39,5,7.800000000000001,1.6754328051439284,207.48358576443877,0.008355761347013034,0.05554252266146077,0.022267139441302243,0.13185604501453008,0.06298504105276326,0.005061297941739741,0.0005623664379710573,4.655513474519761,0.21215680880076232,0.06298504105276326,0.21215680880076232,attitude,123.83879862410528,T5.5f3_extension
rough_seed_47,lm000_ls060_le040,0.15,0.48,0.37,0.0,0.6,0.4,rough,rough_perlin,47,17,results/icra27/os_t5p5f2_tail_selector_train_extension_atlas_v0/env_logs/lm000_ls060_le040/rough/episode_0017.jsonl,recovery_tail,39,5,7.800000000000001,1.6943633152186344,230.55408285079577,0.010968349554378524,0.08003996723579841,0.02290647123194128,0.1474329544584927,0.10769045031995049,0.009779065555959525,0.0007243752263673365,4.603499101958258,0.30573015433177597,0.10769045031995049,0.30573015433177597,attitude,136.0712196610831,T5.5f3_extension
rough_seed_30,lm000_ls040_le060,0.15,0.37,0.48,0.0,0.4,0.6,rough,rough_perlin,30,0,results/icra27/os_t5p5f2_tail_selector_train_extension_atlas_v0/env_logs/lm000_ls040_le060/rough/episode_0000.jsonl,recovery_tail,39,5,7.800000000000001,1.68920055908215,216.36235009016912,0.0094010867807036,0.047301065975353634,0.01982471803097613,0.09642176727195606,0.07109283196241001,0.00728554641598254,0.0010575793184490697,4.617568919251505,0.18067676312384148,0.07109283196241001,0.18067676312384148,attitude,128.08564911186895,T5.5f3_extension
rough_seed_31,lm000_ls040_le060,0.15,0.37,0.48,0.0,0.4,0.6,rough,rough_perlin,31,1,results/icra27/os_t5p5f2_tail_selector_train_extension_atlas_v0/env_logs/lm000_ls040_le060/rough/episode_0001.jsonl,recovery_tail,38,5,7.6,1.6854703825339425,214.18221482642332,0.0059823294978484645,0.08042323979115362,0.01768180237274642,0.12809168284049033,0.07252285643688007,0.0063009636767988346,0.0008648381517174594,4.509126994313677,0.3071941476534458,0.07252285643688007,0.3071941476534458,attitude,127.07563244417322,T5.5f3_extension
rough_seed_32,lm000_ls040_le060,0.15,0.37,0.48,0.0,0.4,0.6,rough,rough_perlin,32,2,results/icra27/os_t5p5f2_tail_selector_train_extension_atlas_v0/env_logs/lm000_ls040_le060/rough/episode_0002.jsonl,recovery_tail,39,5,7.800000000000001,1.6530120945495836,196.88992691076123,0.008805474897016403,0.040827293303969954,0.03425945004762673,0.07066957808610841,0.0632229985110637,0.002977894857405015,0.00011453441759249961,4.718658759798949,0.155948773017347,0.0632229985110637,0.155948773017347,attitude,119.10979209405617,T5.5f3_extension
rough_seed_33,lm000_ls040_le060,0.15,0.37,0.48,0.0,0.4,0.6,rough,rough_perlin,33,3,results/icra27/os_t5p5f2_tail_selector_train_extension_atlas_v0/env_logs/lm000_ls040_le060/rough/episode_0003.jsonl,recovery_tail,38,5,7.6,1.6835654455047089,210.09018466732283,0.006545697425798184,0.08104501755869198,0.014702906469273538,0.17182468561274655,0.07314356435644852,0.004826732673268136,0.000495049504950561,4.514229025246849,0.30956916377844673,0.07314356435644852,0.30956916377844673,attitude,124.78884336114466,T5.5f3_extension
rough_seed_35,lm000_ls040_le060,0.15,0.37,0.48,0.0,0.4,0.6,rough,rough_perlin,35,5,results/icra27/os_t5p5f2_tail_selector_train_extension_atlas_v0/env_logs/lm000_ls040_le060/rough/episode_0005.jsonl,recovery_tail,39,5,7.800000000000001,1.6969608318834573,231.5111382134195,0.011239173272120337,0.08748952702769675,0.033341804113756715,0.15924189182217474,0.09503394069312239,0.008693581040850015,0.003096343932357576,4.596452583612539,0.33418537668551795,0.09503394069312239,0.33418537668551795,attitude,136.42691915078868,T5.5f3_extension
rough_seed_36,lm000_ls040_le060,0.15,0.37,0.48,0.0,0.4,0.6,rough,rough_perlin,36,6,results/icra27/os_t5p5f2_tail_selector_train_extension_atlas_v0/env_logs/lm000_ls040_le060/rough/episode_0006.jsonl,recovery_tail,40,5,8.0,1.709997561529124,216.64170578326036,0.010906147020393513,0.06337131853481699,0.03493572247725289,0.1776517052132831,0.06562710343281196,0.007404083464214438,0.0006730984967467785,4.678369244483713,0.2420606062816121,0.06562710343281196,0.2420606062816121,attitude,126.69123667611183,T5.5f3_extension
rough_seed_37,lm000_ls040_le060,0.15,0.37,0.48,0.0,0.4,0.6,rough,rough_perlin,37,7,results/icra27/os_t5p5f2_tail_selector_train_extension_atlas_v0/env_logs/lm000_ls040_le060/rough/episode_0007.jsonl,recovery_tail,39,5,7.800000000000001,1.688678897747478,232.17783524399573,0.008496165502329376,0.08662392297232793,0.022693703451156826,0.14650887105185983,0.07577854671281377,0.00865051903114325,0.0017301038062285706,4.618995364011707,0.3308790127453819,0.07577854671281377,0.3308790127453819,attitude,137.4908134126013,T5.5f3_extension
rough_seed_38,lm000_ls040_le060,0.15,0.37,0.48,0.0,0.4,0.6,rough,rough_perlin,38,8,results/icra27/os_t5p5f2_tail_selector_train_extension_atlas_v0/env_logs/lm000_ls040_le060/rough/episode_0008.jsonl,recovery_tail,38,5,7.6,1.6758290650805212,249.06141700556498,0.00861078094681554,0.12303595014177203,0.019655012260043035,0.24538849888814807,0.10330057949107262,0.009826152683297548,0.003905265810028531,4.535068736043691,0.46996271143370405,0.10330057949107262,0.46996271143370405,attitude,148.6198217916682,T5.5f3_extension
rough_seed_39,lm000_ls040_le060,0.15,0.37,0.48,0.0,0.4,0.6,rough,rough_perlin,39,9,results/icra27/os_t5p5f2_tail_selector_train_extension_atlas_v0/env_logs/lm000_ls040_le060/rough/episode_0009.jsonl,recovery_tail,41,5,8.200000000000001,1.75918090354642,235.4733550423302,0.01238285176589966,0.09034986468682844,0.034129830363948954,0.1587974902968814,0.08211239886290213,0.012245790509515055,0.002952110212115243,4.661260239620163,0.34511106174222306,0.08211239886290213,0.34511106174222306,attitude,133.85397406692385,T5.5f3_extension
rough_seed_40,lm000_ls040_le060,0.15,0.37,0.48,0.0,0.4,0.6,rough,rough_perlin,40,10,results/icra27/os_t5p5f2_tail_selector_train_extension_atlas_v0/env_logs/lm000_ls040_le060/rough/episode_0010.jsonl,recovery_tail,39,5,7.800000000000001,1.660492904463001,207.87848133423174,0.0064229775537696125,0.07407382740226834,0.0169678711058003,0.147945045153286,0.07694938440493539,0.0038759689922485165,0.0,4.697400379751999,0.2829411788353655,0.07694938440493539,0.2829411788353655,attitude,125.19082784124217,T5.5f3_extension
rough_seed_41,lm000_ls040_le060,0.15,0.37,0.48,0.0,0.4,0.6,rough,rough_perlin,41,11,results/icra27/os_t5p5f2_tail_selector_train_extension_atlas_v0/env_logs/lm000_ls040_le060/rough/episode_0011.jsonl,recovery_tail,39,5,7.800000000000001,1.6631413871389749,206.44183876687777,0.008209001622041355,0.06316066531484942,0.02218777354371452,0.12028405280126764,0.07287864963504682,0.005702554744526216,0.0007983576642336596,4.689919967308359,0.2412559702519466,0.07287864963504682,0.2412559702519466,attitude,124.12765406674781,T5.5f3_extension
rough_seed_42,lm000_ls040_le060,0.15,0.37,0.48,0.0,0.4,0.6,rough,rough_perlin,42,12,results/icra27/os_t5p5f2_tail_selector_train_extension_atlas_v0/env_logs/lm000_ls040_le060/rough/episode_0012.jsonl,recovery_tail,39,5,7.800000000000001,1.6891940278870246,207.04664276971988,0.006884671370416962,0.07822174804457602,0.022860335557555702,0.10921580211366244,0.0683689297220026,0.007039732728793371,0.0011931750387784031,4.617586772880584,0.29878506860599374,0.0683689297220026,0.29878506860599374,attitude,122.57126141317818,T5.5f3_extension
rough_seed_44,lm000_ls040_le060,0.15,0.37,0.48,0.0,0.4,0.6,rough,rough_perlin,44,14,results/icra27/os_t5p5f2_tail_selector_train_extension_atlas_v0/env_logs/lm000_ls040_le060/rough/episode_0014.jsonl,recovery_tail,38,5,7.6,1.6843255684592873,215.27325355498422,0.007677132269919599,0.08333006516992307,0.01896119598014367,0.1891088849620821,0.08331303288674097,0.006211936662608323,0.0009744214372718256,4.512191788997177,0.3182974027191129,0.08331303288674097,0.3182974027191129,attitude,127.80976408967202,T5.5f3_extension
rough_seed_45,lm000_ls040_le060,0.15,0.37,0.48,0.0,0.4,0.6,rough,rough_perlin,45,15,results/icra27/os_t5p5f2_tail_selector_train_extension_atlas_v0/env_logs/lm000_ls040_le060/rough/episode_0015.jsonl,recovery_tail,39,5,7.800000000000001,1.6631598248440802,205.3513434363048,0.008506808917939227,0.05496019358773831,0.022370659333825968,0.13122874319078903,0.05872407574392427,0.004508566275925064,0.000338142470694413,4.689867975094483,0.209932475586625,0.05872407574392427,0.209932475586625,attitude,123.47060118263518,T5.5f3_extension
rough_seed_47,lm000_ls040_le060,0.15,0.37,0.48,0.0,0.4,0.6,rough,rough_perlin,47,17,results/icra27/os_t5p5f2_tail_selector_train_extension_atlas_v0/env_logs/lm000_ls040_le060/rough/episode_0017.jsonl,recovery_tail,39,5,7.800000000000001,1.6935948600876085,229.32543458945176,0.010722172441849484,0.07954919539675193,0.022161930250577756,0.147756516491083,0.10704327797310698,0.00787974299915261,0.0009698145229725891,4.605587902880451,0.3038555439930268,0.10704327797310698,0.3038555439930268,attitude,135.40749325230527,T5.5f3_extension
rough_seed_30,lm000_ls020_le080,0.15,0.26,0.59,0.0,0.2,0.8,rough,rough_perlin,30,0,results/icra27/os_t5p5f2_tail_selector_train_extension_atlas_v0/env_logs/lm000_ls020_le080/rough/episode_0000.jsonl,recovery_tail,39,5,7.800000000000001,1.6847847082536134,216.2303915329621,0.009390703605302777,0.04740531547627417,0.021815896707688305,0.09601055334586084,0.06808259587021899,0.007079646017700548,0.0008259587020650636,4.629671649907837,0.18107496688511426,0.06808259587021899,0.18107496688511426,attitude,128.34304019597772,T5.5f3_extension
rough_seed_31,lm000_ls020_le080,0.15,0.26,0.59,0.0,0.2,0.8,rough,rough_perlin,31,1,results/icra27/os_t5p5f2_tail_selector_train_extension_atlas_v0/env_logs/lm000_ls020_le080/rough/episode_0001.jsonl,recovery_tail,38,5,7.6,1.6801328208848978,214.19906550568197,0.005932114340830594,0.08054702634650726,0.017693985545051125,0.12816439782971778,0.0722876779577936,0.006750122729505414,0.0006136475208641149,4.523451899473761,0.30766697746559424,0.0722876779577936,0.30766697746559424,attitude,127.48936443778707,T5.5f3_extension
rough_seed_32,lm000_ls020_le080,0.15,0.26,0.59,0.0,0.2,0.8,rough,rough_perlin,32,2,results/icra27/os_t5p5f2_tail_selector_train_extension_atlas_v0/env_logs/lm000_ls020_le080/rough/episode_0002.jsonl,recovery_tail,40,5,8.0,1.6781368991848138,200.63257500100434,0.00857824356470354,0.040737238157405854,0.0337648459503088,0.07081066221229282,0.05812254075324079,0.0022484541877461086,0.0,4.767191522864523,0.15560478769591,0.05812254075324079,0.15560478769591,attitude,119.55673884440854,T5.5f3_extension
rough_seed_33,lm000_ls020_le080,0.15,0.26,0.59,0.0,0.2,0.8,rough,rough_perlin,33,3,results/icra27/os_t5p5f2_tail_selector_train_extension_atlas_v0/env_logs/lm000_ls020_le080/rough/episode_0003.jsonl,recovery_tail,38,5,7.6,1.6818826064283827,212.0836081068328,0.006733544966890486,0.08200835485225189,0.01463967811963663,0.17559776134180738,0.07284446065914021,0.0055940654262448325,0.0003648303538854938,4.518745821469211,0.3132488411896826,0.07284446065914021,0.3132488411896826,attitude,126.09893657037689,T5.5f3_extension
rough_seed_35,lm000_ls020_le080,0.15,0.26,0.59,0.0,0.2,0.8,rough,rough_perlin,35,5,results/icra27/os_t5p5f2_tail_selector_train_extension_atlas_v0/env_logs/lm000_ls020_le080/rough/episode_0005.jsonl,recovery_tail,39,5,7.800000000000001,1.6900823110312608,233.04782030433117,0.011063745420245465,0.08767922729053089,0.03573889759124766,0.16315767867856712,0.09707924347619701,0.008259516399331531,0.0026334689968881765,4.615159835168363,0.33490997831437924,0.09707924347619701,0.33490997831437924,attitude,137.89140255667735,T5.5f3_extension
rough_seed_36,lm000_ls020_le080,0.15,0.26,0.59,0.0,0.2,0.8,rough,rough_perlin,36,6,results/icra27/os_t5p5f2_tail_selector_train_extension_atlas_v0/env_logs/lm000_ls020_le080/rough/episode_0006.jsonl,recovery_tail,40,5,8.0,1.7065881248575572,215.61018559698323,0.010746328564347655,0.06319803948629948,0.035251854147605594,0.1776797634581069,0.06787330316743088,0.007725416620682993,0.0012139940403930209,4.687715731449691,0.2413987290710724,0.06787330316743088,0.2413987290710724,attitude,126.33990736047073,T5.5f3_extension
rough_seed_37,lm000_ls020_le080,0.15,0.26,0.59,0.0,0.2,0.8,rough,rough_perlin,37,7,results/icra27/os_t5p5f2_tail_selector_train_extension_atlas_v0/env_logs/lm000_ls020_le080/rough/episode_0007.jsonl,recovery_tail,39,5,7.800000000000001,1.6807465530623356,233.34064521255692,0.008564031566774979,0.08677603901588216,0.023282488754880502,0.14730536294454066,0.0743087557603794,0.009677419354840145,0.0021889400921661804,4.640794881172495,0.33146005323150757,0.0743087557603794,0.33146005323150757,attitude,138.83154767588732,T5.5f3_extension
rough_seed_38,lm000_ls020_le080,0.15,0.26,0.59,0.0,0.2,0.8,rough,rough_perlin,38,8,results/icra27/os_t5p5f2_tail_selector_train_extension_atlas_v0/env_logs/lm000_ls020_le080/rough/episode_0008.jsonl,recovery_tail,38,5,7.6,1.671199118788509,248.3437909455032,0.009241274529892266,0.12403491347448092,0.019346352020335834,0.24486867342828122,0.10348763474954119,0.010272669625874104,0.004185161699430044,4.547632843122498,0.4737784702905402,0.10348763474954119,0.4737784702905402,attitude,148.60215527491027,T5.5f3_extension
rough_seed_39,lm000_ls020_le080,0.15,0.26,0.59,0.0,0.2,0.8,rough,rough_perlin,39,9,results/icra27/os_t5p5f2_tail_selector_train_extension_atlas_v0/env_logs/lm000_ls020_le080/rough/episode_0009.jsonl,recovery_tail,41,5,8.200000000000001,1.749559690360486,277.30613350529484,0.017049806772835657,0.08599237359995687,0.04449644571821576,0.15900601565957073,0.11059647537281359,0.010619069136920177,0.004518752824221551,4.686893533944213,0.3284666718393154,0.11059647537281359,0.3284666718393154,attitude,158.5005273230533,T5.5f3_extension
rough_seed_40,lm000_ls020_le080,0.15,0.26,0.59,0.0,0.2,0.8,rough,rough_perlin,40,10,results/icra27/os_t5p5f2_tail_selector_train_extension_atlas_v0/env_logs/lm000_ls020_le080/rough/episode_0010.jsonl,recovery_tail,39,5,7.800000000000001,1.6529676894605232,208.39147880909232,0.006561010146980521,0.07416539778598644,0.01629227963614548,0.1489573225573937,0.0766353021199518,0.003967804103843677,0.0,4.718785521177172,0.28329095193639486,0.0766353021199518,0.28329095193639486,attitude,126.07111447962104,T5.5f3_extension
rough_seed_41,lm000_ls020_le080,0.15,0.26,0.59,0.0,0.2,0.8,rough,rough_perlin,41,11,results/icra27/os_t5p5f2_tail_selector_train_extension_atlas_v0/env_logs/lm000_ls020_le080/rough/episode_0011.jsonl,recovery_tail,40,5,8.0,1.6803380291628902,210.01355348315542,0.007767230737005251,0.06316565811201248,0.02131418188575296,0.12065720181464146,0.07194165101116996,0.005083434633661633,0.0004420377942314325,4.760946822101881,0.24127504133230715,0.07194165101116996,0.24127504133230715,attitude,124.98292000674402,T5.5f3_extension
rough_seed_42,lm000_ls020_le080,0.15,0.26,0.59,0.0,0.2,0.8,rough,rough_perlin,42,12,results/icra27/os_t5p5f2_tail_selector_train_extension_atlas_v0/env_logs/lm000_ls020_le080/rough/episode_0012.jsonl,recovery_tail,39,5,7.800000000000001,1.683130874197592,207.76722282826057,0.006795192887562043,0.07790389663234762,0.02297627981389525,0.1098912091966715,0.06735936940165987,0.007165890361879428,0.002030335602532663,4.634220736826859,0.2975709656437964,0.06735936940165987,0.2975709656437964,attitude,123.44091954662203,T5.5f3_extension
rough_seed_44,lm000_ls020_le080,0.15,0.26,0.59,0.0,0.2,0.8,rough,rough_perlin,44,14,results/icra27/os_t5p5f2_tail_selector_train_extension_atlas_v0/env_logs/lm000_ls020_le080/rough/episode_0014.jsonl,recovery_tail,38,5,7.6,1.6811609841105628,215.1258326319984,0.007729918859551737,0.0831269826782734,0.018984579186719027,0.18907278569951558,0.08315982853645386,0.0058787507654636095,0.0006123698714024805,4.520685450014096,0.31752168474147774,0.08315982853645386,0.31752168474147774,attitude,127.96266072390037,T5.5f3_extension
rough_seed_45,lm000_ls020_le080,0.15,0.26,0.59,0.0,0.2,0.8,rough,rough_perlin,45,15,results/icra27/os_t5p5f2_tail_selector_train_extension_atlas_v0/env_logs/lm000_ls020_le080/rough/episode_0015.jsonl,recovery_tail,40,5,8.0,1.68661791281477,212.15691267923398,0.008341696368039896,0.05514602706730806,0.021255355413436646,0.13009513796014804,0.059587813620081684,0.006048387096775575,0.00044802867383521674,4.743220108844288,0.21064230719139684,0.059587813620081684,0.21064230719139684,attitude,125.78836680630805,T5.5f3_extension
rough_seed_47,lm000_ls020_le080,0.15,0.26,0.59,0.0,0.2,0.8,rough,rough_perlin,47,17,results/icra27/os_t5p5f2_tail_selector_train_extension_atlas_v0/env_logs/lm000_ls020_le080/rough/episode_0017.jsonl,recovery_tail,39,5,7.800000000000001,1.690172723269803,231.25521237269922,0.01090442751264643,0.07931981514715307,0.022357929130093282,0.1472142842764761,0.10236027883088512,0.007949125596186093,0.001100648159471862,4.614912956890078,0.30297937597931535,0.10236027883088512,0.30297937597931535,attitude,136.82341999065846,T5.5f3_extension
rough_seed_30,lm000_ls000_le100,0.15,0.15,0.7,0.0,0.0,1.0,rough,rough_perlin,30,0,results/icra27/os_t5p5f2_tail_selector_train_extension_atlas_v0/env_logs/lm000_ls000_le100/rough/episode_0000.jsonl,recovery_tail,39,5,7.800000000000001,1.6794290024774776,215.5541942051573,0.009323188085287152,0.04727877681228202,0.02228384064848395,0.0941379263192077,0.07204954150293126,0.007740859830893629,0.0009527212099561534,4.644435691234054,0.180591624792316,0.07204954150293126,0.180591624792316,attitude,128.34969140533707,T5.5f3_extension
rough_seed_31,lm000_ls000_le100,0.15,0.15,0.7,0.0,0.0,1.0,rough,rough_perlin,31,1,results/icra27/os_t5p5f2_tail_selector_train_extension_atlas_v0/env_logs/lm000_ls000_le100/rough/episode_0001.jsonl,recovery_tail,38,5,7.6,1.6753986891413215,213.3855419199159,0.005902160513762531,0.08046994930007947,0.016897146736305144,0.12887375146922353,0.07516219855552796,0.0061207002081049445,0.0007344840249725711,4.53623370321196,0.30737256483508446,0.07516219855552796,0.30737256483508446,attitude,127.36403776779882,T5.5f3_extension
rough_seed_32,lm000_ls000_le100,0.15,0.15,0.7,0.0,0.0,1.0,rough,rough_perlin,32,2,results/icra27/os_t5p5f2_tail_selector_train_extension_atlas_v0/env_logs/lm000_ls000_le100/rough/episode_0002.jsonl,recovery_tail,40,5,8.0,1.6686274226833666,199.07921634748186,0.008443833790402977,0.041310941188527225,0.032718025262171914,0.07015979838233366,0.058497058497065706,0.001887001887002042,0.0,4.794359658272292,0.15779617185438446,0.058497058497065706,0.15779617185438446,attitude,119.3071704571036,T5.5f3_extension
rough_seed_33,lm000_ls000_le100,0.15,0.15,0.7,0.0,0.0,1.0,rough,rough_perlin,33,3,results/icra27/os_t5p5f2_tail_selector_train_extension_atlas_v0/env_logs/lm000_ls000_le100/rough/episode_0003.jsonl,recovery_tail,38,5,7.6,1.6715614270957506,209.485889155684,0.006608690622421683,0.08140336339606308,0.013917800811523474,0.17400425512704043,0.07407865446452006,0.0051941627504337945,0.0004946821667079582,4.5466471508645645,0.3109379440509431,0.07407865446452006,0.3109379440509431,attitude,125.32347645737113,T5.5f3_extension
rough_seed_35,lm000_ls000_le100,0.15,0.15,0.7,0.0,0.0,1.0,rough,rough_perlin,35,5,results/icra27/os_t5p5f2_tail_selector_train_extension_atlas_v0/env_logs/lm000_ls000_le100/rough/episode_0005.jsonl,recovery_tail,40,5,8.0,1.7284996804527502,237.42572606914692,0.010751260906741219,0.08758407227273214,0.036976598520468085,0.16543310304000225,0.0939022940687183,0.008439320099846971,0.0021395459408060833,4.628291280854932,0.33454651291975523,0.0939022940687183,0.33454651291975523,attitude,137.35942722706054,T5.5f3_extension
rough_seed_36,lm000_ls000_le100,0.15,0.15,0.7,0.0,0.0,1.0,rough,rough_perlin,36,6,results/icra27/os_t5p5f2_tail_selector_train_extension_atlas_v0/env_logs/lm000_ls000_le100/rough/episode_0006.jsonl,recovery_tail,40,5,8.0,1.7028324192357793,214.82202665530127,0.010404579426390233,0.06283535825310185,0.03572089285175576,0.17769800058347385,0.06264981477446994,0.006646328176074005,0.0014164305949009761,4.698054787793123,0.24001338880635079,0.06264981477446994,0.24001338880635079,attitude,126.15570635642001,T5.5f3_extension
rough_seed_37,lm000_ls000_le100,0.15,0.15,0.7,0.0,0.0,1.0,rough,rough_perlin,37,7,results/icra27/os_t5p5f2_tail_selector_train_extension_atlas_v0/env_logs/lm000_ls000_le100/rough/episode_0007.jsonl,recovery_tail,40,5,8.0,1.725518037106757,237.99188536920832,0.008925405225558706,0.0852157062791592,0.024543911273772076,0.14405533915609814,0.08017817371938542,0.010690423162584693,0.002227171492205259,4.636288829187731,0.325500021201486,0.08017817371938542,0.325500021201486,attitude,137.92488994682347,T5.5f3_extension
rough_seed_38,lm000_ls000_le100,0.15,0.15,0.7,0.0,0.0,1.0,rough,rough_perlin,38,8,results/icra27/os_t5p5f2_tail_selector_train_extension_atlas_v0/env_logs/lm000_ls000_le100/rough/episode_0008.jsonl,recovery_tail,38,5,7.6,1.6635528864510212,246.60249313079282,0.009500931652251762,0.12449567173275321,0.01919266141879061,0.24255289109118716,0.09908670086327159,0.00925810083823527,0.004629050419117578,4.568535248803322,0.4755384371955269,0.09908670086327159,0.4755384371955269,attitude,148.23844504089553,T5.5f3_extension
rough_seed_39,lm000_ls000_le100,0.15,0.15,0.7,0.0,0.0,1.0,rough,rough_perlin,39,9,results/icra27/os_t5p5f2_tail_selector_train_extension_atlas_v0/env_logs/lm000_ls000_le100/rough/episode_0009.jsonl,recovery_tail,44,5,8.8,1.7655840171752621,313.91978231464145,0.015495125407634978,0.0884912000159268,0.04141675439356733,0.15915067429880958,0.11401673640168826,0.01391213389121444,0.005020920502092608,4.98418648696142,0.3380114856640406,0.11401673640168826,0.3380114856640406,attitude,177.799401932103,T5.5f3_extension
rough_seed_40,lm000_ls000_le100,0.15,0.15,0.7,0.0,0.0,1.0,rough,rough_perlin,40,10,results/icra27/os_t5p5f2_tail_selector_train_extension_atlas_v0/env_logs/lm000_ls000_le100/rough/episode_0010.jsonl,recovery_tail,40,5,8.0,1.6745373379483715,212.89693891079762,0.0065504431664481656,0.07420599954828319,0.016581143709581407,0.1497191489069858,0.078102592388316,0.0029784886927746827,0.0,4.777439008796024,0.28344603924442136,0.078102592388316,0.28344603924442136,attitude,127.13776760071357,T5.5f3_extension
rough_seed_41,lm000_ls000_le100,0.15,0.15,0.7,0.0,0.0,1.0,rough,rough_perlin,41,11,results/icra27/os_t5p5f2_tail_selector_train_extension_atlas_v0/env_logs/lm000_ls000_le100/rough/episode_0011.jsonl,recovery_tail,40,5,8.0,1.6753115583369116,210.684073673684,0.007740495347676722,0.06345288274223605,0.021632174126330443,0.12336050891715522,0.07256637168142355,0.004756637168141987,0.0005530973451327763,4.775231186216868,0.2423721586045749,0.07256637168142355,0.2423721586045749,attitude,125.7581448807235,T5.5f3_extension
rough_seed_42,lm000_ls000_le100,0.15,0.15,0.7,0.0,0.0,1.0,rough,rough_perlin,42,12,results/icra27/os_t5p5f2_tail_selector_train_extension_atlas_v0/env_logs/lm000_ls000_le100/rough/episode_0012.jsonl,recovery_tail,39,5,7.800000000000001,1.6785402360681914,208.53023866941794,0.006850473048186883,0.07805206326426319,0.022909262494933257,0.11030537537451912,0.07261509254865976,0.006644518272427016,0.001186521120076259,4.646894862806924,0.2981369204886918,0.07261509254865976,0.2981369204886918,attitude,124.23308907856666,T5.5f3_extension
rough_seed_44,lm000_ls000_le100,0.15,0.15,0.7,0.0,0.0,1.0,rough,rough_perlin,44,14,results/icra27/os_t5p5f2_tail_selector_train_extension_atlas_v0/env_logs/lm000_ls000_le100/rough/episode_0014.jsonl,recovery_tail,38,5,7.6,1.6779563905425976,214.58133712026645,0.007676132790876906,0.0824605159847026,0.01900469125679707,0.18898305546321037,0.07979174234170636,0.007143722000243688,0.0015740404407316147,4.529319142520982,0.314975969492968,0.07979174234170636,0.314975969492968,attitude,127.88254708507513,T5.5f3_extension
rough_seed_45,lm000_ls000_le100,0.15,0.15,0.7,0.0,0.0,1.0,rough,rough_perlin,45,15,results/icra27/os_t5p5f2_tail_selector_train_extension_atlas_v0/env_logs/lm000_ls000_le100/rough/episode_0015.jsonl,recovery_tail,40,5,8.0,1.6797439379676078,211.44471501739005,0.008302347485408298,0.055461941673323266,0.021140053948026618,0.12879881768962087,0.061519635109589105,0.0056736010679727085,0.00044498831905671497,4.762630671957973,0.2118490120988108,0.061519635109589105,0.2118490120988108,attitude,125.87913564565432,T5.5f3_extension
rough_seed_47,lm000_ls000_le100,0.15,0.15,0.7,0.0,0.0,1.0,rough,rough_perlin,47,17,results/icra27/os_t5p5f2_tail_selector_train_extension_atlas_v0/env_logs/lm000_ls000_le100/rough/episode_0017.jsonl,recovery_tail,39,5,7.800000000000001,1.6855402365346708,231.5632713336017,0.010958619484341528,0.07888247717537619,0.022565893808200288,0.14710074595991962,0.10290365690683352,0.009840845583771334,0.0012149192078728633,4.6275964411482375,0.3013088679790736,0.10290365690683352,0.3013088679790736,attitude,137.3822269646178,T5.5f3_extension
