fold,held_context,k95,beta_name,true_regret_motion,true_regret_stability,true_regret_energy,pred_regret_motion,pred_regret_stability,pred_regret_energy,true_log_motion,true_log_stability,true_log_energy,pred_log_motion,pred_log_stability,pred_log_energy,regret_abs_error_mean,log_abs_error_mean,preclip_negative_log_fraction
1,rough_seed_13,6,lm100_ls000_le000,0.0,0.8099072147082177,1.0,0.0,2.935350966551838,0.0,0.0,0.5932755813716178,0.6931471805599453,-0.7647082517514353,1.370000068883659,-0.2547185224862373,1.0418145839478734,0.829766147436553,0.6666666666666666
1,rough_seed_13,6,lm080_ls020_le000,0.07933641749090085,0.527836600435501,0.7091206495906697,0.0,1.6038162327153462,0.0,0.07634642404857003,0.42385274813841095,0.535978998242374,-0.9073838051456954,0.9569781507022009,-0.28438576220297773,0.6214788997871386,0.7790734640678023,0.6666666666666666
1,rough_seed_13,6,lm080_ls000_le020,0.20837475242192657,0.8029449056926471,0.8670491814978644,0.0,2.001403619675398,0.0,0.18927627691747775,0.5894213867341425,0.6243592067396033,-0.8805819206318798,1.0990800524746929,-0.9779973414061907,0.7579608826341806,1.0606244704785672,0.6666666666666666
1,rough_seed_13,6,lm060_ls040_le000,0.10218635080706807,0.5998490783076771,0.7243439357230684,0.0,0.9695380562158763,0.13462424618938298,0.09729579880028985,0.4699092987390514,0.5448466510235601,-1.0985119078532533,0.6777990260224793,0.12630153549460477,0.3538650060829842,0.6074141831553087,0.3333333333333333
1,rough_seed_13,6,lm060_ls020_le020,0.215662158043883,1.2314531605380747,1.012743264501459,0.0,1.5288020379568399,0.0,0.19528891438589902,0.8026530147427935,0.6994985997764844,-1.1621904846691478,0.9277456878177281,-0.681907832464943,0.5085847666547023,0.9546595014571363,0.6666666666666666
1,rough_seed_13,6,lm060_ls000_le040,0.5516451941425174,0.7860719821152907,0.32699033477310696,0.0,0.0,0.0,0.4393157836037416,0.5800187851781387,0.2829134718066706,-1.8433306995009402,-0.6101864487881257,-2.1072167433022484,0.5549025036769717,1.9543273107266217,1.0
1,rough_seed_13,6,lm040_ls060_le000,0.21332168223148967,0.0,0.7685590117254372,0.0,1.4616671550217433,0.4754222782208381,0.1933617903779702,0.0,0.5701650973427312,-1.0922344430259692,0.9008388256991311,0.38894423913774195,0.6560418569192773,0.7892186391026866,0.3333333333333333
1,rough_seed_13,6,lm040_ls040_le020,0.1266205443905029,1.0441785870792801,0.9448116646921284,0.0,0.7979698799534429,0.0,0.11922248305737237,0.714996039894313,0.6651651418895559,-1.4992924169390136,0.5866581839366115,-0.9042035893084606,0.4392136387361562,1.1054071623840347,0.6666666666666666
1,rough_seed_13,6,lm040_ls020_le040,0.5217214330224189,0.8765833144301184,0.5295157030376247,0.0,0.0,0.0,0.41984221576451347,0.6294527374509938,0.4249511513345586,-2.0563951978673924,-0.7634597675510824,-2.0921455791667727,0.6426068168300539,2.1287488830451045,1.0
1,rough_seed_13,6,lm040_ls000_le060,0.6699104441468061,0.7248823206898959,0.0,0.0,0.0,0.0,0.512769998731327,0.5451588282663251,0.0,-1.8974053104643196,-1.0746742370295113,-1.58766980771934,0.464930921612234,1.8725593940702743,1.0
1,rough_seed_13,6,lm020_ls080_le000,0.1301904199404949,0.6989191781787791,0.9982750360902248,0.0,2.2819850041854024,0.22958290938786274,0.12238613174916804,0.5299922713280303,0.6922843264534985,-0.8459415900658821,1.1884484235488082,0.2066750138189306,0.8273161242164934,0.7041310622234653,0.3333333333333333
1,rough_seed_13,6,lm020_ls060_le020,0.37497020384834256,1.0,0.642538160020554,0.0,0.4290351982701633,0.0,0.31843206095526017,0.6931471805599453,0.4962427039959753,-1.592162827214675,0.3569995300440768,-1.4466992783871209,0.5294910551995778,1.3965615070229667,0.6666666666666666
1,rough_seed_13,6,lm020_ls040_le040,0.554620114395072,0.8104287692506317,0.3994153140676368,0.0,0.0,0.0,0.44123121636084106,0.5935637063126913,0.3360545165795122,-2.0274551887827585,-0.5480672606862345,-1.9848571856665067,0.5881547325711135,1.9770763581295145,1.0
1,rough_seed_13,6,lm020_ls020_le060,0.7056891505389865,0.7838973686372499,0.2901648587523369,0.0,0.0,0.0,0.533969222935653,0.578800503712194,0.25477000769060987,-1.7251009881588235,-1.1703005195692717,-1.8266437138079612,0.5932504593095244,2.029861651958171,1.0
1,rough_seed_13,6,lm020_ls000_le080,1.0,0.15604136774580057,0.0030524860355003367,0.0,0.0,0.0,0.6931471805599453,0.14500155485714136,0.0030478366590368615,-1.47785398840329,-1.481288978903225,-1.668166389419038,0.3863646179271003,1.8228353096005587,1.0
1,rough_seed_13,6,lm000_ls100_le000,0.25270207995470023,0.03795826006107678,0.8094097662593284,0.0,2.2239570507369555,0.10277010293034863,0.22530288224397588,0.03725557204796802,0.5930006961075542,-0.6711444996918369,1.1706095028239332,0.09782528965343529,1.0484468446531863,0.8416589063886324,0.3333333333333333
1,rough_seed_13,6,lm000_ls080_le020,0.3102577214015742,1.2250734375429206,1.0247109524401434,0.0,0.13508990281280886,0.0,0.2702238517578168,0.7997899207107971,0.7054269508345138,-1.5481118893957002,0.12671185732316093,-1.5469841582004598,0.8083174028572765,1.5812749711920422,0.6666666666666666
1,rough_seed_13,6,lm000_ls060_le040,0.55926225444919,0.9374573819413757,0.6431292493473035,0.0,0.0,0.0,0.444212795587818,0.6613764855860859,0.49660250263623995,-1.8987053033994141,-0.6295471211703292,-2.1396179880322057,0.7132829619126232,2.0900207321373645,1.0
1,rough_seed_13,6,lm000_ls040_le060,0.7042132241638912,0.7022181999916215,0.5603582008758432,0.0,0.0,0.0,0.5331035521304037,0.53193222404423,0.44491541084979236,-1.7286144330433242,-0.9635156867562753,-2.2533882218069534,0.6555965416771187,2.151823176210326,1.0
1,rough_seed_13,6,lm000_ls020_le080,1.0160102125026187,0.2305110650245367,0.22797329226226648,0.0,0.0,0.0,0.7011204159217967,0.2074295831080446,0.2053650805163427,-1.4387801559199178,-1.1747820090202803,-1.888650341776234,0.49149818992980726,1.8720425287542053,1.0
1,rough_seed_13,6,lm000_ls000_le100,1.1368083816263266,0.28648310279831823,0.3342340846020627,0.0,0.0,0.0,0.7593133053191776,0.25191221841191314,0.28835740781305996,-1.0210060834699997,-0.9828170621464121,-1.033584755576063,0.5858418563422357,1.4456636109122085,1.0
2,rough_seed_7,6,lm100_ls000_le000,0.0,0.5636546569277822,0.7717556440993897,0.0,0.0,0.0,0.0,0.44702581015060194,0.5719709443102601,-0.3166882798303887,-0.47888183477536705,-0.39411085433118587,0.4451367670090573,0.7362259077992679,1.0
2,rough_seed_7,6,lm080_ls020_le000,0.04303433854531195,0.39435901174609406,1.0,0.01090489504962198,0.0,0.0,0.04213409833892567,0.3324348198878016,0.6931471805599453,0.010845865435042179,-0.42209463629469834,-0.3175155682296146,0.47549615174726134,0.5988268126253145,0.6666666666666666
2,rough_seed_7,6,lm080_ls000_le020,0.09011321216238134,1.0551002872844095,0.8401256569217762,2.7761811622946264,0.0,0.26695508744429375,0.08628155521667939,0.7203246483556914,0.6098338610944283,1.3287132244349826,-0.11498822926767915,0.2366164527582963,1.4381129356313789,0.8169873183926019,0.3333333333333333
2,rough_seed_7,6,lm060_ls040_le000,0.05348229937539334,0.40187495922690597,1.0459002554398356,0.5217651453105423,0.0,0.0,0.05210115238900852,0.3378105972076494,0.7158379153341428,0.4198709409039227,-0.4112935632185303,-0.08949877303952458,0.6386860202006301,0.6407368791049204,0.6666666666666666
2,rough_seed_7,6,lm060_ls020_le020,0.11289340604583702,0.9997144932122298,0.9004887470451889,4.1991743415483205,0.0,0.020418477959424572,0.10696329596022404,0.6930044169758247,0.6421110883800125,1.6484998325089513,-0.19707201906079874,0.020212815666665995,1.9886885659334927,1.0178370817662323,0.3333333333333333
2,rough_seed_7,6,lm060_ls000_le040,0.3749519204129598,1.0,0.37522884209241836,36.21695749889922,5.105578746830425,11.75996648924092,0.31841876353478293,0.6931471805599453,0.31862014788316456,3.61676450415714,1.8092029018951656,2.5463126516781576,17.110773990821727,2.2140313219175236,0.0
2,rough_seed_7,6,lm040_ls060_le000,0.0808823696060145,0.4197590610899565,1.1525305049796435,0.8026540486740488,0.0,0.42277648158185344,0.0777777164604935,0.350487181927926,0.7666441291030189,0.5892600504219734,-0.372979272661209,0.3526102312829667,0.623761587851927,0.549660895456889,0.3333333333333333
2,rough_seed_7,6,lm040_ls040_le020,0.27768297821694904,0.7529857247374933,0.4699191361212941,5.688993344545017,0.04209608874881873,0.29167109988354223,0.24504826432005097,0.5613204625730785,0.3852073898362736,1.9004633911507285,0.041234154769415055,0.2559368062992144,2.100149346184832,0.7682573393904667,0.0
2,rough_seed_7,6,lm040_ls020_le040,0.44724169703630584,0.8316315487056483,0.2502885264171492,52.35471934964676,4.665786913775097,13.5138999075665,0.36965946689802615,0.6052071263225021,0.22337434581282978,3.976962433997469,1.7344457928252215,2.6751068045641833,23.00174813294308,2.3960913641178387,0.0
2,rough_seed_7,6,lm040_ls000_le060,0.7017433840154453,0.7302343595337738,0.7127504905272921,90.2353834305363,11.812657185745364,33.948620183811045,0.5316532455848453,0.5482568672733326,0.5381005522983152,4.513442798048997,2.5504335249791095,3.553878988181191,44.61731085533873,2.999914882017601,0.0
2,rough_seed_7,6,lm020_ls080_le000,0.0805662827463243,0.4259907071743742,0.901240998910694,0.7730626545960646,0.0,0.4466370836880223,0.07748523959633165,0.35486680526285785,0.642506830279406,0.5727083646493415,-0.455161151709332,0.3692416101715398,0.5243636647489288,0.5261721007110219,0.3333333333333333
2,rough_seed_7,6,lm020_ls060_le020,0.302518082651937,0.7438388811383603,0.5925555353396316,6.2451960335806,0.2758939399421979,1.0173786462126637,0.2642993775831332,0.5560889365506901,0.4653399809108442,1.9803386331816908,0.2436470623004522,0.7017989687767213,2.278482000999286,0.7549800392382241,0.0
2,rough_seed_7,6,lm020_ls040_le040,0.4212701650558283,0.9068961795526966,0.32993619676929165,58.296621018789445,3.78059993915591,12.175860409984143,0.3515509542358374,0.6454768833705158,0.28513096872903615,4.082552323246794,1.5645660489112712,2.578386398555721,24.19832627551723,2.3144486547927987,0.0
2,rough_seed_7,6,lm020_ls020_le060,1.0,0.0,0.0,113.43479558727094,10.55881876218869,37.738133479172596,0.6931471805599453,0.0,0.0,4.7400051899306535,2.447448674821502,3.6568244761049726,53.57724927621074,3.3837103867657277,0.0
2,rough_seed_7,6,lm020_ls000_le080,1.0240648240617205,0.5729568425341082,0.1169697791522425,89.1548630507213,21.368082698442187,42.7823827880905,0.7051077786108219,0.45295718729423007,0.11061946435153727,4.501528892184655,3.1076350632209864,3.779231517020472,50.53044569716864,3.373237014056508,0.0
2,rough_seed_7,6,lm000_ls100_le000,0.1540811775971606,0.47064302712014006,0.6766954712068608,0.9491590234858623,0.0,0.568000763651973,0.14330451015011425,0.3856997385596014,0.5168248749422087,0.6673980095447493,-0.6914591901969341,0.44980140895103954,0.4581385268545765,0.5560919647141133,0.3333333333333333
2,rough_seed_7,6,lm000_ls080_le020,0.31587045023038685,0.7704306975638339,0.5267254031386124,5.7793283160518785,0.327850056478543,2.380517633515314,0.2744983859832123,0.5712228489422871,0.42312518238947133,1.9138780286157768,0.2835611354013041,1.2180288437797222,2.5866102457611615,0.9073150058545995,0.0
2,rough_seed_7,6,lm000_ls060_le040,0.6577257545448969,0.2381652803087465,0.4902517986104487,46.15869264648316,2.9637369865901713,8.714835408608764,0.5054466356402944,0.21363067125495677,0.39894509803577394,3.8535183536242554,1.377187263759429,2.27365414070017,18.817040736072666,2.1287791177176096,0.0
2,rough_seed_7,6,lm000_ls040_le060,0.9054675433231543,0.4703133972723879,0.3348649818244887,108.90048530728315,8.762645291829083,35.772358191345766,0.6447274080317156,0.3854755734911233,0.2888301495273795,4.699575277298671,2.2785633977008035,3.604746426826082,50.574947622679325,3.0879506569251127,0.0
2,rough_seed_7,6,lm000_ls020_le080,1.0026977454955832,0.6348920162725158,0.08582101047277964,94.51947781973877,16.359420386718664,39.052511750020386,0.6944951443961377,0.491576757074881,0.08233639252559567,4.559330182918072,2.854135320812989,3.6901913869041567,49.402666394745644,3.2784161988795346,0.0
2,rough_seed_7,6,lm000_ls000_le100,1.0726263290079001,0.8157793121287559,0.1441903271684117,63.868095737986394,14.450368336796494,29.527486549345905,0.7288165610588552,0.5965147486362686,0.13469724902212651,4.172355911745328,2.737632843628925,3.41862747611716,35.2711182186079,2.9561958909247203,0.0
3,rough_seed_15,6,lm100_ls000_le000,0.14768931308140495,0.372511620125009,0.5136848329728448,0.34064883206926416,3.1710483913523597,0.0,0.13775062806524932,0.3166423607591581,0.41454696489925735,0.29315369981112105,1.4281674170061405,-0.6074031357936772,1.1683937077293516,0.7629594095619296,0.3333333333333333
3,rough_seed_15,6,lm080_ls020_le000,0.1182042353455897,0.3903664304130613,0.50252967373731,0.7098472308847683,1.711208284546831,0.0,0.11172403724908497,0.3295673314034191,0.40715013680778595,0.5364040278597542,0.9973943969813204,-0.29559828001578614,0.8050048411367529,0.5984184910040475,0.3333333333333333
3,rough_seed_15,6,lm080_ls000_le020,0.10399936977960171,0.9599121287284395,0.3876668825358836,6.308163225870282,2.857388913780602,3.9454529675127565,0.09893937700293058,0.6728996399560206,0.32762383510744797,1.9889919734976247,1.3499905073760008,1.5984685619943637,3.8864755753732383,1.2793293969338635,0.0
3,rough_seed_15,6,lm060_ls040_le000,0.14574749515138913,0.3284708532116371,0.48248874492912863,2.274898936169976,2.9458461737406596,0.4828203137686343,0.13605725819601286,0.28402854635465075,0.3937222599075542,1.1862870094263207,1.3726634240074915,0.3939458918017846,1.5822861101290382,0.7130294202591263,0.0
3,rough_seed_15,6,lm060_ls020_le020,0.06629264880928734,1.0759353918340373,0.46162894598045495,16.35837869518157,8.268684404282235,11.229837542856618,0.06418781790708848,0.7304118433521326,0.37955153019621324,2.8540753117360915,2.2266414497955545,2.503878666115893,11.417681218565548,2.136814745397368,0.0
3,rough_seed_15,6,lm060_ls000_le040,0.2421316478091384,1.4447849124368526,0.8802678583935013,43.27988830082731,11.464115122816503,44.106258481094955,0.2168289745197569,0.8939571486837397,0.6314142445617339,3.790530585272379,2.5228537255119647,3.809021005863258,32.09435916203309,2.793401649627457,0.0
3,rough_seed_15,6,lm040_ls060_le000,0.0,0.5288771435991076,0.4807000010818959,5.682285126698325,5.550647261668737,1.812027070485117,0.0,0.4245335729005139,0.39251494966320133,1.899460013885956,1.8795638633403065,1.0339056006748826,4.011794104723725,1.33196031844581,0.0
3,rough_seed_15,6,lm040_ls040_le020,0.08792988263316408,0.972043797643484,0.2655758119134196,35.8999965550272,16.86445850059441,16.087445294705645,0.08427670024778697,0.6790704656921697,0.2355272058965146,3.6082114576867808,2.882813180385961,2.838344000564659,22.508783619379063,2.7768314222669765,0.0
3,rough_seed_15,6,lm040_ls020_le040,0.6620833049661045,0.24677282962705924,0.552272905145805,83.12444905158151,34.918949175243874,100.20361420340531,0.5080718185020972,0.220558476587501,0.4397202472472822,4.432297238779482,3.5812649884193233,4.617134469688039,72.26196113016391,3.820782051516654,0.0
3,rough_seed_15,6,lm040_ls000_le060,0.8365287177920119,0.49814854865714125,0.6017018734694958,64.51263186728073,45.554751662172066,80.01558003448679,0.607877223395734,0.4042300448361758,0.4710667348670836,4.182242976983053,3.8406290750371896,4.394641482281074,62.715528141340315,3.6447798437341077,0.0
3,rough_seed_15,6,lm020_ls080_le000,0.06889495730567713,0.8752304898578421,0.808685278865132,9.995429743566397,8.797614172569705,4.602571270341028,0.0666253646382834,0.6287315797915385,0.5926002160787857,2.397479708605931,2.28213890425873,1.7232256477795511,7.214268153482827,1.704962366711868,0.0
3,rough_seed_15,6,lm020_ls060_le020,0.04777814470160618,1.0,0.25848052015557194,62.22969090033188,34.632097145123716,29.54219692977476,0.046671869501498535,0.6931471805599453,0.22990505685251822,4.146773983561529,3.573246836856258,3.4191092333451434,41.69924210345773,3.3898019822829895,0.0
3,rough_seed_15,6,lm020_ls040_le040,0.6645475828543229,0.2196425585864936,0.5471811701558027,119.03945389311451,67.1148698019856,127.24719670845974,0.5095533644998775,0.19855783105157457,0.4364346753712488,4.787820471187564,4.221195541772104,4.853959625788283,103.99004969732107,4.239476589275084,0.0
3,rough_seed_15,6,lm020_ls020_le060,0.9140876177339224,0.47853153696014755,0.6295092149480422,95.78045930784356,84.45873977018465,128.31891721300755,0.6492410692734649,0.3910493904583859,0.4882788743565327,4.572445107250207,4.448033683678231,4.862281579894616,102.17866264046455,4.118063678911557,0.0
3,rough_seed_15,6,lm020_ls000_le080,1.2487734268058646,0.3105961789203838,0.7528415558463446,68.14020695527815,58.77775014481868,56.593932548327096,0.8103849239296713,0.27048213209969285,0.561238217282771,4.236136427767537,4.090633520564061,4.053417224450786,60.39989282895044,3.5793606331567496,0.0
3,rough_seed_15,6,lm000_ls100_le000,0.0429177790532488,0.9722057142608223,0.8460364364701514,13.789037285988618,10.684702543206006,7.615541256314164,0.04202234170635382,0.6791525683162255,0.6130408739520382,2.693886182378872,2.458280511372924,2.153567695204741,10.076040385241521,1.99050620166064,0.0
3,rough_seed_15,6,lm000_ls080_le020,0.17121515767851958,0.5849091880339408,0.0,87.89006337513845,60.90654166859684,49.176288947491926,0.1580418061480957,0.4605271110720345,0.0,4.487400363214725,4.1256258553441105,3.915542583390649,65.7389232151716,3.969999961576452,0.0
3,rough_seed_15,6,lm000_ls060_le040,0.8332261322261827,0.09466206974117049,1.0,120.38062090790937,85.51897265568623,119.97870340865657,0.6060773285295106,0.09044570352942746,0.6931471805599453,4.798931235800041,4.460363726946934,4.7956145252189275,107.98346959009494,4.221746425115673,0.0
3,rough_seed_15,6,lm000_ls040_le060,1.0,0.0,0.4147128531472965,112.6408682258882,133.48747049165777,153.92336767167617,0.6931471805599453,0.0,0.34692657986403996,4.733043197100133,4.901471038506733,5.042930592544003,132.87899784535827,4.545790355908962,0.0
3,rough_seed_15,6,lm000_ls020_le080,1.2809431486625806,0.29275241039839217,0.8747009521451277,80.69738261644234,83.33215107244168,83.52886322370865,0.8245890191260525,0.25677359684352274,0.6284491545128772,4.403021964834323,4.434763181057291,4.437093052651055,81.70333346712886,3.855022142686739,0.0
3,rough_seed_15,6,lm000_ls000_le100,1.6736722551711365,0.6321478707087683,1.5327709927510145,49.08543304826215,63.16263730186943,47.27115473439089,0.9834529039168882,0.48989685948928563,0.9293139574380836,3.9137302082929386,4.161421067792481,3.8768341717892256,51.893544655297184,3.1831072423434623,0.0
4,rough_seed_0,6,lm100_ls000_le000,0.10514555554367805,0.6498733981956885,0.0,0.0,3.0874260415450734,0.0,0.0999770507687262,0.5006985566024682,0.0,-0.44597033104479145,1.407915442248074,-0.027515884647660305,0.8475660662976877,0.4935600507022612,0.6666666666666666
4,rough_seed_0,6,lm080_ls020_le000,0.0,1.0,0.4846161947647591,0.0,4.144882960336135,0.0,0.0,0.6931471805599453,0.3951562841456241,-0.19074775944177957,1.6380026207932805,-0.025099644850708813,1.209833051700298,0.5186197095571492,0.6666666666666666
4,rough_seed_0,6,lm080_ls000_le020,0.1361971466624136,1.1961465478015871,0.703368465162536,0.0,3.3741871224310866,0.0,0.12768684983903308,0.7867042553922506,0.5326077406748447,-0.07740769878563569,1.4757207019593301,-0.08455180515000149,1.0058687288181496,0.5037568470055315,0.6666666666666666
4,rough_seed_0,6,lm060_ls040_le000,0.08935026426919668,0.6532011666173325,0.10475854625637902,0.0,4.162310224783431,0.11697832867038313,0.0855814306836465,0.5027135093274224,0.09962680091766692,-0.15782957231329964,1.6413841972789662,0.11062711852945728,1.203559701616433,0.4643606695200934,0.3333333333333333
4,rough_seed_0,6,lm060_ls020_le020,0.22631363403598034,0.8043597520607906,0.33097215198747143,0.0,3.8338636370775316,0.07069698496091387,0.2040126237506065,0.5902058208615196,0.28590961657010505,-0.022761481109451198,1.5756460727558788,0.06830982422679521,1.1720308953597596,0.47660471636590884,0.3333333333333333
4,rough_seed_0,6,lm060_ls000_le040,0.6710868076122553,0.11687906794583955,0.9717562503844873,0.0,0.38931424443070517,0.1410411952268525,0.5134741977625848,0.1105382491819696,0.6789246432589812,-0.2153029283597795,0.3288102760753507,0.1319411747214846,0.5914123464182519,0.49801087385108067,0.3333333333333333
4,rough_seed_0,6,lm040_ls060_le000,0.025402563277019997,1.6263514950220461,1.1226194038613173,0.0,3.217687003526243,0.30056601741285704,0.025085280146882098,0.9655956187975927,0.7526508938572345,-0.3685656082504193,1.4392868743545262,0.2627995677191716,0.8129304860765592,0.4523978233640992,0.3333333333333333
4,rough_seed_0,6,lm040_ls040_le020,0.3582540553046554,1.1770924348688012,0.6573689699301304,0.0,3.529868750003289,0.1677329464730427,0.30620009212856886,0.777990241097829,0.5052313871205402,-0.18946115535377772,1.5106929655659946,0.15506421654524738,1.0668887979654105,0.5261770475086016,0.3333333333333333
4,rough_seed_0,6,lm040_ls020_le040,0.6903296442584912,0.10974282747483065,0.9673010369617263,0.0,0.553462732431,0.43748158753326727,0.5249235656883331,0.10412830152106083,0.6766625713988746,-0.2833408251673202,0.4404864601399764,0.36289268493482696,0.5546229995477066,0.48613081197953883,0.3333333333333333
4,rough_seed_0,6,lm040_ls000_le060,1.0283850940724593,0.3038280840133678,0.80552957923139,0.0,0.0,0.0,0.7072399562982665,0.26530461740008404,0.5908539444488047,-0.557489581164856,-0.174071548572306,-0.8136376053178117,0.7125809191057391,1.0361990844007096,1.0
4,rough_seed_0,6,lm020_ls080_le000,0.07550930361818031,1.1170528553273886,0.585937280595416,0.0,2.7028022027207736,0.11751855231547925,0.07279432019328139,0.7500249589300441,0.4611755767783835,-0.5949184885941704,1.3090898850905017,0.11111064899237133,0.7098924597638341,0.5256142209113072,0.3333333333333333
4,rough_seed_0,6,lm020_ls060_le020,0.45337017170747884,0.7905577509728173,0.19169042199850256,0.0,2.517626686320041,0.08011997232327032,0.3738851158767367,0.5825271640399775,0.17537282182336886,-0.22185700321576107,1.2577865253692295,0.07707212045110234,0.7640031855766449,0.45643406059800545,0.3333333333333333
4,rough_seed_0,6,lm020_ls040_le040,0.7227050936903601,0.03051668446683763,1.0,0.0,0.3635828576918714,0.5755065063247208,0.5438957842722004,0.03006031186926254,0.6931471805599453,-0.23798271603412136,0.3101156898413935,0.4545768118954755,0.4934215868635577,0.43350141564764083,0.3333333333333333
4,rough_seed_0,6,lm020_ls020_le060,1.0397808921558043,0.3453113347167896,0.8108947162638604,0.0,0.0,0.0,0.7128423962817301,0.2966254618933191,0.5938210415204759,-0.5508922529520696,-0.10169643457782651,-0.8680005288433857,0.7319956477121514,1.0412927053562688,1.0
4,rough_seed_0,6,lm020_ls000_le080,1.1174491783205822,0.4290170815262006,0.9619705763792896,0.0,0.0,0.0,0.7502121464629353,0.3569868523585838,0.6739493642821408,-0.45630724185182137,-0.6068926517368309,-1.6470289070607063,0.8361456120753575,1.497125721251006,1.0
4,rough_seed_0,6,lm000_ls100_le000,0.12155665258728335,1.3446575014001603,0.6983467096935926,0.0,2.2803058165589754,0.0,0.1147175887154674,0.8521393363911789,0.5296552541445072,-0.7837977419363175,1.1879366548055614,-0.06289354409651071,0.585183892479897,0.6089538157690618,0.6666666666666666
4,rough_seed_0,6,lm000_ls080_le020,0.4776765337550343,0.7678895552844375,0.23852243778818508,0.0,1.8332693661227464,0.004377530192351083,0.39047094455166953,0.5697864935336775,0.21391908668925208,-0.3021353250836063,1.0414312979107443,0.004367976677444929,0.5924004173963925,0.4579340613413832,0.3333333333333333
4,rough_seed_0,6,lm000_ls060_le040,0.7235723736864053,0.0517034816856679,0.6942218161381594,0.0,0.1175097115071634,0.33477884943612807,0.5443990983683891,0.05041121306957051,0.5272235298879955,-0.16518979077057416,0.11110273785454905,0.28876562227667896,0.3829405234033107,0.33624610717841946,0.3333333333333333
4,rough_seed_0,6,lm000_ls040_le060,1.0,0.0,0.47506862745505213,0.0,0.0,0.0,0.6931471805599453,0.0,0.3887045157976027,-0.2195134410400802,-0.2591544028454241,-1.0359311529945692,0.4916895424850174,0.8654835644125405,1.0
4,rough_seed_0,6,lm000_ls020_le080,1.148829536370648,1.0365700550822656,1.2141405345353382,0.0,0.0,0.0,0.7649232922110978,0.711267047260445,0.7948643076718489,-0.20161333256958458,-0.521251996919307,-1.44521403981539,1.133180041996084,1.479711338815891,1.0
4,rough_seed_0,6,lm000_ls000_le100,1.5658093039391001,0.9977477166880184,0.8079297527386075,0.0,0.0,0.0,0.9422739469622756,0.6920204043299817,0.5921824076413861,-0.28680668365822615,-0.7615422912662209,-1.5017496722594355,1.123828924455242,1.5921918020391754,1.0
5,rough_seed_5,6,lm100_ls000_le000,0.07914196954144474,0.7036762899419433,0.2462176392162441,0.20198340917227628,0.0,1.159279015981513,0.07616625272867143,0.5327884396690588,0.22011307543019049,0.18397303333246362,-0.2950534405617137,0.7697743770787124,0.5798597021126812,0.49510332082769554,0.3333333333333333
5,rough_seed_5,6,lm080_ls020_le000,0.07059912937608497,0.7384717899429772,0.11464702222216455,0.5074880123698273,0.0,0.930427439591698,0.06821842576560917,0.5530064456691711,0.10853778279453051,0.4104446975941052,-0.23192691491867434,0.6577414496866835,0.663713696768751,0.5587877664361648,0.3333333333333333
5,rough_seed_5,6,lm080_ls000_le020,0.3380952505051755,0.6277427606317079,0.13116186318237882,0.0,0.0,0.09150640143027466,0.2912471478906075,0.4871942456555589,0.12324530199777714,-0.3272335593175234,-0.14082853244448001,0.08755876179164823,0.33516449096299583,0.42739667517143287,0.6666666666666666
5,rough_seed_5,6,lm060_ls040_le000,0.021444675661092844,0.8269887794994444,0.12481203115444141,0.4813976515035431,0.0,0.4922354912758641,0.021217973907804392,0.6026691358879271,0.11761593827811981,0.392986001273494,-0.19562167208152492,0.4002753253025622,0.5514550718211058,0.48423940745319466,0.3333333333333333
5,rough_seed_5,6,lm060_ls020_le020,0.27653976501319666,0.5996674772349548,0.1155057124866261,0.0,0.0,0.0939205842974425,0.24415310881090768,0.46979578091861524,0.10930785588731191,-0.20435360983455952,-0.10903457025262009,0.08976810931498935,0.2992641234791117,0.3489589387963417,0.6666666666666666
5,rough_seed_5,6,lm060_ls000_le040,0.9645519946986142,0.11801268187873186,0.8489373594661518,0.0,0.33142174893164655,0.0,0.6752642268071898,0.11155271803058615,0.6146110737706222,-0.6281834184955105,0.2862473554360885,-0.5701754275349818,0.6756328070725601,0.8876429280046022,0.6666666666666666
5,rough_seed_5,6,lm040_ls060_le000,0.003128078692242339,0.9252378025380285,0.273120133437101,0.29330506209536844,0.0,0.6075081541453107,0.003123196432834726,0.6550494938960666,0.24147068545817696,0.25720100552354447,-0.05085992434695785,0.4746852496799513,0.5166009355497881,0.3977339305185028,0.3333333333333333
5,rough_seed_5,6,lm040_ls040_le020,0.2360959856164134,0.6214354880123838,0.03696214172838561,0.0,0.17301420530583694,0.34635129055540886,0.21195801428595865,0.48331186059750997,0.036295421086651104,-0.19309244616633225,0.1595766798331652,0.2973981856965192,0.33130213904999445,0.32996280194216787,0.3333333333333333
5,rough_seed_5,6,lm040_ls020_le040,0.957379073289271,0.1290158338010473,0.8899405947060274,0.0,0.3316408682873357,0.0,0.6716063708771645,0.12134630969366915,0.6365453972051028,-0.6204166502422505,0.2864119173617201,-0.5274513162663911,0.6833149008271956,0.87369511408632,0.6666666666666666
5,rough_seed_5,6,lm040_ls000_le060,1.0636877126232849,0.06804734324691869,1.0750650253137426,0.0,0.0,0.0,0.7244945341484081,0.06583206843838987,0.7299924906922513,-0.3031693822113174,-0.12484726519085354,-0.5090508706557154,0.7356000270613153,0.8191288704456451,1.0
5,rough_seed_5,6,lm020_ls080_le000,0.00427895192695473,0.9537890208009424,0.3723559372682613,0.08677222615181494,0.1720186438538645,0.4569610438027184,0.00426982324369155,0.669770574813066,0.3165289251534981,0.08321204262316562,0.15872759875343473,0.3763527895891268,0.31628958590213174,0.2166030199582447,0.0
5,rough_seed_5,6,lm020_ls060_le020,0.1567100509934277,0.6957204846793676,0.0,0.0,0.7128700914892347,0.0,0.14557981265073047,0.5281077152255944,0.0,-0.33349758733243784,0.5381703796239794,-0.06916093011581026,0.05795321926776493,0.1861003314991212,0.6666666666666666
5,rough_seed_5,6,lm020_ls040_le040,0.9125926438368941,0.16200229110219883,0.7799357065806363,0.0,0.5755448202435685,0.0,0.6484597267672212,0.15014463011641496,0.5765772437531356,-0.4433566274167341,0.4546011300768561,-0.8269537042130647,0.7020236265196335,0.9332679340368655,0.6666666666666666
5,rough_seed_5,6,lm020_ls020_le060,1.0011464394001657,0.08923606292706653,0.650042130292548,0.02072381591644942,0.0,0.0,0.6937202360323719,0.0854765908241384,0.5008008210971499,0.020511999080011112,-0.20012853450080614,-0.7423577389535233,0.5732336055677769,0.7339906407759927,0.6666666666666666
5,rough_seed_5,6,lm020_ls000_le080,1.0693363166204453,0.1567542827931476,1.0089587699079157,0.47629712821745995,0.0,0.06491851562132371,0.7272279358775767,0.14561805123438123,0.6976165629282844,0.38953701229926313,-0.09737861031568817,0.06289828508057416,0.5646112418275749,0.4051352876586978,0.3333333333333333
5,rough_seed_5,6,lm000_ls100_le000,0.0,1.0,0.33841355055714795,0.0,0.9647147843628359,0.5200776395732398,0.0,0.6931471805599453,0.2914849950841954,-0.2586038421959804,0.6753470868792939,0.41876141222031954,0.07231643488441868,0.13456011767091866,0.3333333333333333
5,rough_seed_5,6,lm000_ls080_le020,0.1192191043712831,0.72901169738409,0.06163477772694636,0.0,2.238835224435973,0.19646077099632892,0.11263121389042843,0.5475499720826001,0.05980996322699142,-0.49144944416266967,1.1752137665382414,0.1793678413652251,0.5879562082308495,0.45043411021565766,0.3333333333333333
5,rough_seed_5,6,lm000_ls060_le040,0.9205030356215846,0.10524457116451238,1.0,0.0,1.4826128366216036,0.0,0.6525871494438565,0.10006664185014134,0.6931471805599453,-0.37223534921128054,0.9093115687226125,-0.06012482917331585,1.099290433692892,0.8624464784202899,0.6666666666666666
5,rough_seed_5,6,lm000_ls040_le060,1.0,0.0,0.4711392416128446,0.1980434908446581,0.0,0.0,0.6931471805599453,0.0,0.3860370949320867,0.18068980190966483,-0.059826000317338424,-0.4023643711856274,0.42436525025606214,0.4535616150284443,0.6666666666666666
5,rough_seed_5,6,lm000_ls020_le080,1.0538749071296418,0.012613380067121436,0.6042316497872029,1.074542477197,0.0,0.0,0.7197282075727147,0.01253449404243626,0.4726449190835836,0.7297406364534161,-0.2532831920158558,-0.026588089718854624,0.21250419997389416,0.2583543745804772,0.6666666666666666
5,rough_seed_5,6,lm000_ls000_le100,1.1749812095740353,0.17890364439387837,0.8987485227935035,2.0108825197058104,0.1507631942181028,0.8292762770446174,0.7770200252270231,0.16458489166232299,0.6411949969386047,1.1022332317028132,0.14042536940494876,0.6039204116068678,0.31117133535214564,0.12888243802163374,0.0
6,rough_seed_11,6,lm100_ls000_le000,0.0,1.0,0.9867217581158748,0.004290697637881273,0.0,0.6834725748192441,0.0,0.6931471805599453,0.6864859226199018,0.004281518841032894,-0.1614476999230018,0.5208586689126397,0.4358466269781707,0.3415012176770807,0.3333333333333333
6,rough_seed_11,6,lm080_ls020_le000,0.1044738970797617,0.9828108568617011,1.0,0.009274317180245382,0.0,0.0,0.0993691103527369,0.6845154626696165,0.6931471805599453,0.009231574768547302,-0.12208938015269044,-0.017897627162491325,0.6926701455870724,0.5359290620429777,0.6666666666666666
6,rough_seed_11,6,lm080_ls000_le020,2.888954256763599,0.27634243400353925,2.4451757701371326,0.11818464464373765,0.0,0.24463908857552227,1.358140292893995,0.2439985141256328,1.236974924974542,0.11170651730697845,-0.16638625069428925,0.21884559919646168,1.7492162425616702,0.8916492887283397,0.3333333333333333
6,rough_seed_11,6,lm060_ls040_le000,0.2922445902551119,1.0025896724925436,1.0798044572043493,0.003366139680707305,0.054555191858264275,0.0,0.2563806987862449,0.694441179228704,0.7322738783344719,0.0033604869143144533,0.05311905893001734,-0.4932401774463361,0.772239129471011,0.7066187959838084,0.3333333333333333
6,rough_seed_11,6,lm060_ls020_le020,2.8607200449920263,0.27954775756478417,2.6575397582256346,0.15981249568646141,0.0,0.03626410560002356,1.3508537062336632,0.24650670109877448,1.2967907241813272,0.14825835040325164,-0.041324714986099575,0.035622039533973804,1.86724365316532,0.9171984855208798,0.3333333333333333
6,rough_seed_11,6,lm060_ls000_le040,4.015873575050209,0.34247762061684933,3.6703922977978203,0.5451575634926981,0.1329325197530836,0.2495929339420712,1.6126075986769022,0.2945168773303545,1.5412430719637797,0.43512588799298246,0.12480942136050188,0.22281784543146393,2.3670201587590087,0.8885381310620293,0.0
6,rough_seed_11,6,lm040_ls060_le000,0.4797009591105021,1.0158502842441262,1.3569063171081053,0.05061799656270236,0.22194848310007348,0.0,0.3918400127051656,0.7010410836836375,0.8573498764980181,0.04937855918608258,0.2004467020048225,-0.5020248061807858,0.8599636935999859,0.7341435059589007,0.3333333333333333
6,rough_seed_11,6,lm040_ls040_le020,2.7807667933616385,0.30729112875250003,2.4982082514710098,0.07386425022084755,0.21863758627169586,0.0,1.3299268444458012,0.26795715563172645,1.2522509092642744,0.07126359165555562,0.19773350217055974,-0.2553537134531011,1.7645881123642015,0.9454971763229292,0.3333333333333333
6,rough_seed_11,6,lm040_ls020_le040,3.759760873301768,0.23275292150331,3.3647805692607657,0.48030344686557047,0.38399833386389987,0.36470920115843125,1.560197430280114,0.20924981602665993,1.4735679175264187,0.3922470984258303,0.3249766533391895,0.3109413664964244,2.143591402299707,0.8154345733989358,0.0
6,rough_seed_11,6,lm040_ls000_le060,4.715623351537831,0.5537512496442532,4.691858889706464,0.5919055159389945,0.6011142832656369,0.15520886444543175,1.7432033641837692,0.4406721681187295,1.7390368889340893,0.46493173637640167,0.47069981389397964,0.1442811626427658,2.902576964827084,0.9676849999579803,0.0
6,rough_seed_11,6,lm020_ls080_le000,0.9014652717905363,0.0,0.3074320243543387,0.09320207423619105,0.28961034332310975,0.0,0.6426247846330359,0.0,0.2680649265839266,0.08911107246861383,0.25434011330498973,-0.5710900553994859,0.4684351884105979,0.5490029358176081,0.3333333333333333
6,rough_seed_11,6,lm020_ls060_le020,2.9708769001789044,0.3287749800606485,3.148842073452567,0.05405602020400888,0.36450810256650923,0.0,1.3789869519654923,0.2842574501666588,1.4228292768645538,0.05264559880543429,0.3107939992699221,-0.4020998261525931,2.033798691977774,1.059269001760156,0.3333333333333333
6,rough_seed_11,6,lm020_ls040_le040,3.8647387871865115,0.25208833944342296,3.6586943558692173,0.2601170337963583,0.6373959671776362,0.5523893600595833,1.5820130219429445,0.22481282884964252,1.53873522773554,0.23120460061530196,0.49310715501448577,0.43979526662387464,2.365411458978,0.9060142362013837,0.0
6,rough_seed_11,6,lm020_ls020_le060,4.710552544393711,0.5837989217250414,4.972385833743363,0.6684632797784678,0.8742754615094308,0.23424404080080713,1.742315786830996,0.4598263419788413,1.7871464847137986,0.511903011042911,0.6282221642144191,0.2104586699505731,3.0235691991140627,0.9918321375956295,0.0
6,rough_seed_11,6,lm020_ls000_le080,5.623866316910076,0.7331315867826782,4.45804508370538,0.43182370434271267,0.3954197690644741,0.0,1.8906792352534125,0.5499299379044069,1.6970906823666125,0.35894894946709294,0.3331952797327155,-0.011802609140469711,3.3292665046636487,1.152452745155031,0.3333333333333333
6,rough_seed_11,6,lm000_ls100_le000,1.0,0.013979454301641594,0.0,0.0835758943797496,0.3171634258869636,0.0,0.6931471805599453,0.013882642933774463,0.0,0.08026658511549589,0.2754805045744189,-0.7097019170513205,0.4065360257351908,0.528060124712138,0.3333333333333333
6,rough_seed_11,6,lm000_ls080_le020,3.0474198023433794,0.2984176966515977,3.098823417099058,0.05066834054974709,0.4173327411994817,0.0,1.398079592251888,0.26114636670915614,1.4106999610868252,0.04942647648908427,0.34877675403127056,-0.3081448371744486,2.071496641146858,1.051709433782064,0.3333333333333333
6,rough_seed_11,6,lm000_ls060_le040,3.988676820353838,0.7039674285744595,3.855027228092814,0.0,0.3242192976880407,0.5361177982167632,1.6071707083388822,0.532959313538086,1.5800147099856081,-0.06123785799541914,0.2808230764941309,0.4292583233322059,2.562444793705436,1.0237670633438862,0.3333333333333333
6,rough_seed_11,6,lm000_ls040_le060,4.664564241730734,0.580092600514578,4.820321818934523,0.22282029762155756,0.5688306864938977,0.021729013554094737,1.7342299703794157,0.45748345324211737,1.7613555555641893,0.20115991019474544,0.4503305561969017,0.021496303544034867,3.0838662211700956,1.0933607364166802,0.0
6,rough_seed_11,6,lm000_ls020_le080,5.655734197760302,0.733029633440646,4.476580539285347,0.41851325081346935,0.8420873842012812,0.0,1.895478768490791,0.5498711100913977,1.700480917016145,0.3496093166496234,0.6108993765565679,-0.02995301396885197,3.2742864123309388,1.1124438830971115,0.3333333333333333
6,rough_seed_11,6,lm000_ls000_le100,6.95762845486343,0.8337114282814462,6.33392247875919,0.3489429426080527,0.7307382938934357,0.20829454153246707,2.0741310226593943,0.6063420159151499,1.9925104994758978,0.2993212802659206,0.5485480769497362,0.18920989556386053,4.279095527956703,1.211968095090308,0.0
7,rough_seed_4,6,lm100_ls000_le000,4.707574303693927,1.0071369728209905,0.8380649974097547,0.3838598938407304,0.3658366795947464,0.0,1.7417941179431042,0.6967093150295344,0.6087133864256206,0.32487661929705597,0.31176719294258654,-0.3209653626311775,1.9343599001630654,0.9105127899299313,0.3333333333333333
7,rough_seed_4,6,lm080_ls020_le000,0.0,1.0,1.0,0.30764407282704814,0.0,0.0,0.0,0.6931471805599453,0.6931471805599453,0.2682271004291946,-0.43403520109343074,-0.47381219989862466,0.7692146909423494,0.8541229541803802,0.6666666666666666
7,rough_seed_4,6,lm080_ls000_le020,27.669702980413156,0.6930318532704227,2.4184248348442625,0.0,0.3665816007867912,0.0,3.3558409198978802,0.5265209176641534,1.2291798703705104,-0.446749011868796,0.31231243977821804,-0.8612693071579218,10.138192689247017,2.0357491957270146,0.6666666666666666
7,rough_seed_4,6,lm060_ls040_le000,0.18915602948294466,0.9857261174473378,0.12286247807930432,0.25596735821948985,0.0,0.0,0.17324383658682954,0.6859846494902984,0.11588120884463203,0.22790607902954524,-0.7034914412556605,-0.6737300401070141,0.3917999747543958,0.7445831940467736,0.6666666666666666
7,rough_seed_4,6,lm060_ls020_le020,30.408444060920168,0.6771937364392733,2.4247653803449265,0.0,0.0,0.0,3.4470767758995224,0.5171220017733171,1.2310329672787408,-0.6763432986728022,-1.07069244093746,-0.4175506582020474,11.170134392568123,2.4532727142546302,1.0
7,rough_seed_4,6,lm060_ls000_le040,45.22571318975829,1.2929303271603274,2.909808529108578,0.02623369612407196,0.9454721453128789,0.8638401945323276,3.8335362058130817,0.8298306183990124,1.3634884032607792,0.02589549481208875,0.6655046958446672,0.6226389800411201,15.86430200335264,1.5709386855916658,0.0
7,rough_seed_4,6,lm040_ls060_le000,2.597299340675198,0.7292244497562406,0.643370419005555,0.16123689075732034,0.0,0.0,1.2801833807881025,0.5476730130568812,0.49674926647802986,0.1494857221756854,-0.7858919117869563,-0.8037144067830859,1.269552439559891,1.2549087522391236,0.6666666666666666
7,rough_seed_4,6,lm040_ls040_le020,28.307201214929872,0.7301233455601,1.8798070162031837,0.0,0.0,0.49399160988392543,3.377833261078811,0.5481927039797236,1.057723283639917,-0.6708923457577594,-1.4493907442644283,0.40145147082064325,10.141046655603077,2.234193622633332,0.6666666666666666
7,rough_seed_4,6,lm040_ls020_le040,42.30223774619076,1.1298102609911886,3.2242594058333154,0.0,0.2545020100550111,2.610609108523324,3.7682043137236714,0.7560328964066733,1.44084395688414,-0.21500787668421895,0.22673868909887224,1.2838764862346053,14.597065431478976,1.5564912894550755,0.3333333333333333
7,rough_seed_4,6,lm040_ls000_le060,100.28442067352832,2.3817602360261576,4.618365946400703,0.24021430850305442,0.8044760848974606,2.778140201766824,4.617932605483684,1.2183963538255387,1.7260408647594239,0.21528419412160588,0.5902702919773952,1.3292318784402075,34.487238753595946,1.8091944865098128,0.0
7,rough_seed_4,6,lm020_ls080_le000,0.05992258998256064,0.5104998424368907,0.15229336011807562,0.09747876611931226,0.0,0.0,0.05819587713893929,0.41244061753269456,0.14175418273543228,0.09301551828053639,-0.8385721801283437,-0.8904512534838247,0.23344979289723933,0.7726792916739642,0.6666666666666666
7,rough_seed_4,6,lm020_ls060_le020,31.517561686222894,0.45146919225766863,2.2335406297527887,0.0,0.0,1.3377278277321811,3.4817803029701166,0.3725762794951004,1.1735777070807991,-0.5118269942748961,-1.3154452393570404,0.8491794438406524,10.954947893500389,2.0020090264457666,0.6666666666666666
7,rough_seed_4,6,lm020_ls040_le040,45.641298640850465,0.889079466707055,2.7515046187714827,0.0,0.10617942608614904,4.895960997095605,3.842486385583643,0.6360896557695545,1.322156991182812,-0.17935533023599182,0.10091211967663472,1.7742675397185483,16.1895516865985,1.6697099334827634,0.3333333333333333
7,rough_seed_4,6,lm020_ls020_le060,100.69085428194751,2.4720228426422177,4.45266839303219,0.14357879076532995,0.37891666769087434,4.8534936311059536,4.621937370612951,1.2447373758784828,1.6961051022540228,0.13416263526862027,0.32129816746446943,1.7670386848881305,34.347068968069095,1.8273825087974842,0.0
7,rough_seed_4,6,lm020_ls000_le080,113.55253985190981,1.7618734690656583,4.589661692797644,1.0918967107593218,0.9649861189177464,3.025965978051834,4.7410335810841655,1.0159092425929273,1.7209187652636164,0.7380711715417612,0.6754851811322765,1.3927648766234817,38.2737420686814,1.5571801198810633,0.0
7,rough_seed_4,6,lm000_ls100_le000,1.0,0.0,0.0,0.05754684388862466,0.0,0.0,0.6931471805599453,0.0,0.0,0.05595192777861524,-0.8749609979375808,-1.109117586960731,0.3141510520371251,0.8737579458932139,0.6666666666666666
7,rough_seed_4,6,lm000_ls080_le020,32.07429462026914,0.35043558446286244,2.372602708928795,0.0,0.0,1.1222120474322304,3.498756383099956,0.3004271955660327,1.2156847634703698,-0.2935570374954315,-1.225636238495686,0.7524589633012105,11.225040288742859,1.9272008849420885,0.6666666666666666
7,rough_seed_4,6,lm000_ls060_le040,44.54068898001786,0.7619687710528146,2.709018227187675,0.18494950817062525,0.39605105570680543,6.234577332683815,3.8186061896388015,0.5664318037773629,1.3107672128085828,0.1697001645405865,0.33364757652728794,1.9788719385682105,16.08240543089646,1.5165983260359726,0.0
7,rough_seed_4,6,lm000_ls040_le060,97.57196381115646,2.348310404116513,4.178414525274489,0.48550292408948,0.6896719963007496,8.355445370560428,4.590786878489504,1.2084558616260663,1.6444989332186748,0.3957533843396448,0.5245344250689032,2.2359585663491655,34.307376713389566,1.8234715212791712,0.0
7,rough_seed_4,6,lm000_ls020_le080,114.09503877996859,1.7017018145744085,5.3857640133484495,1.5955631583513523,0.4251771277194746,4.548860294175949,4.745758211236459,0.9938818761478252,1.8540711398591494,0.9538035097788564,0.35429610615000706,1.713592554269922,38.20430134254822,1.5240063523482161,0.0
7,rough_seed_4,6,lm000_ls000_le100,124.20280555495604,1.7410858088132712,6.04597421128567,3.766326273348377,0.8523945046771049,3.535832353222245,4.829934867000841,1.0083541224903492,1.9524564198620598,1.5615758348621966,0.6164791290238086,1.5120086065762723,41.27843748126908,1.366893946296991,0.0
8,rough_seed_25,6,lm100_ls000_le000,0.0,0.7772639353034957,0.07821826428738247,0.0,0.21337091615810383,0.0,0.0,0.5750750667327097,0.07530992350184687,-0.04848185009520789,0.19340236735640876,-0.24197058493465962,0.21403709447759145,0.24914501930267177,0.6666666666666666
8,rough_seed_25,6,lm080_ls020_le000,0.03294506704574761,0.9436432261357288,0.15924830564667047,0.0,0.1494667144756357,0.0,0.032414010645808726,0.6645641635450091,0.14777178269394664,-0.022420795282628747,0.13929810827782807,-0.1162141219353573,0.3287899614508371,0.28136225527497416,0.6666666666666666
8,rough_seed_25,6,lm080_ls000_le020,0.15418850660114294,0.3771999233653677,0.21967237451968413,0.0,0.0,0.0,0.14339750535322626,0.32005239683698444,0.19858227720470337,-0.034192179698395275,-0.13125282268263705,-0.397447767662946,0.25035360149539826,0.40830831647963084,1.0
8,rough_seed_25,6,lm060_ls040_le000,0.08010000309074468,0.8826060913426966,0.3573359895606116,0.0,0.14657146612484445,0.010927298253382161,0.07705363230382707,0.6326570357268831,0.3055239475236379,-0.03684695677961414,0.13677615554220346,0.010868026724030755,0.3875144398719421,0.30147913002257604,0.3333333333333333
8,rough_seed_25,6,lm060_ls020_le020,0.17962122732167546,0.3740991721349098,0.254524999762605,0.009168648988183436,0.0,0.0,0.16519339315284742,0.3177983688773589,0.22675701469481407,0.009126872090364557,-0.17906092027307097,-0.5434035813836828,0.26635891674366896,0.4743621354304699,0.6666666666666666
8,rough_seed_25,6,lm060_ls000_le040,0.38876347426017205,0.0,0.7819476299722942,0.0,0.0,0.0,0.328413764362202,0.0,0.5777069402735024,-0.16385478717892799,-0.4978073231622584,-0.4748004372015975,0.39023703474415544,0.6808610840594961,1.0
8,rough_seed_25,6,lm040_ls060_le000,0.08727559742560603,1.0654645152385964,0.5895328647124041,0.0,0.19697050183543385,0.008931314654506648,0.08367511549334553,0.7253551479630256,0.4634401772873433,-0.05306297859087361,0.17979378285984626,0.008891666363149198,0.5121237202955553,0.37894932337053083,0.3333333333333333
8,rough_seed_25,6,lm040_ls040_le020,0.23541435417794485,0.24922905843201265,0.08072459548269413,0.06021296816504643,0.0,0.0,0.2114064232650547,0.22252660778929415,0.07763173791198891,0.05846980130684032,-0.07886606396780094,-0.3570917187152274,0.16838501330920175,0.2963509167808419,0.6666666666666666
8,rough_seed_25,6,lm040_ls020_le040,0.35052789423884134,0.23275293543231854,1.0,0.0,0.0,0.0,0.30049554878646145,0.20924982732576797,0.6931471805599453,-0.11353860911130464,-0.5694728020449673,-0.5878196867616814,0.5277602765570534,0.8245745515300427,1.0
8,rough_seed_25,6,lm040_ls000_le060,0.687071521960891,1.680345590530541,0.8463693647248752,0.0,0.0,0.0,0.522994198611142,0.9859457378997111,0.6132212052988898,-0.018960899279760524,-0.3936351011792505,-0.052343099174708585,1.0712621590721023,0.862366747147821,1.0
8,rough_seed_25,6,lm020_ls080_le000,0.1272677613440394,0.8981170208419454,0.8990242026254718,0.01022558246743686,0.2509978503698478,0.2889318514480408,0.11979679454359755,0.6408623531037764,0.6413401766807242,0.010173654892158712,0.22394151315383953,0.25381385324059846,0.45808456684204374,0.3046901010138338,0.0
8,rough_seed_25,6,lm020_ls060_le020,0.2528923095212445,0.49897630373745355,1.5814412866274064,0.052818055543421685,0.0,0.0,0.2254547261080177,0.4047824109484498,0.9483478811809565,0.051470431464102795,-0.043420971375701,-0.3166860366087376,0.7601639481142275,0.6290738649192532,0.6666666666666666
8,rough_seed_25,6,lm020_ls040_le040,0.3954048575031937,0.3730384563504889,1.454604326903312,0.0,0.0,0.0,0.33318459359992264,0.31702613538884716,0.8979655779530049,-0.04176370411602648,-0.5143339550836485,-0.5277020835742843,0.7410158802523314,0.8773253499052447,1.0
8,rough_seed_25,6,lm020_ls020_le060,0.6879947450782941,1.65710649463854,0.7868131854635495,0.03343776827845876,0.0,0.0,0.5235412830636437,0.9772377467567517,0.5804336898415281,0.03289088379208693,-0.45432601843582354,-0.030981243810671355,1.0328255523006415,0.8445430327054438,0.6666666666666666
8,rough_seed_25,6,lm020_ls000_le080,1.0,1.0,0.0,0.22348389973205285,0.0,0.08722074604577046,0.6931471805599453,0.6931471805599453,0.0,0.20170244462483833,-0.6873795767186099,0.08362466576045735,0.6212456154379059,0.6518653863247065,0.3333333333333333
8,rough_seed_25,6,lm000_ls100_le000,0.17824928241465826,0.9531085806675507,1.0777921409569737,0.058225694440796526,0.32099195630360017,0.8079150152762007,0.16402967779512967,0.6694222472090787,0.7313058592604694,0.056593632463943,0.27838293642520767,0.5921742560401131,0.340672446006195,0.2125356531118047,0.0
8,rough_seed_25,6,lm000_ls080_le020,0.2921849028387986,0.5604958385013703,1.6256867279603808,0.0,0.0,0.0,0.2563345087729492,0.44500361595254934,0.9653424724810613,-0.05062907808370143,-0.09557800334612832,-0.33943121613982097,0.82612248976685,0.7174396315920702,1.0
8,rough_seed_25,6,lm000_ls060_le040,0.3569815863441868,0.40342912042395684,1.1939805331984963,0.0,0.0,0.0,0.3052628113753958,0.3389186135309622,0.7857174890691432,-0.09582493973360817,-0.47002074250550074,-0.6114975854209526,0.6514637466555466,0.8690807272118543,1.0
8,rough_seed_25,6,lm000_ls040_le060,0.6942145381720183,1.6462768922615874,0.7238595469712471,0.037425029048052255,0.0,0.0,0.5272192341212287,0.9731537058193018,0.5445656996484811,0.03674170935324916,-0.5384673218568252,-0.10382267549511492,1.0089753161189334,0.8834956425292342,0.6666666666666666
8,rough_seed_25,6,lm000_ls020_le080,1.0191470099705955,1.029124633365479,0.0014693976978233073,0.2045137164368106,0.0,0.1727467690715609,0.7026751499392778,0.7076044849628353,0.0014683191894020496,0.18607593066823286,-0.610833017666887,0.15934866322076868,0.6716784327576671,0.6643056886440446,0.3333333333333333
8,rough_seed_25,6,lm000_ls000_le100,1.1736444707682936,0.9391954073012477,1.2172489434723464,0.32226635442414686,0.0,0.0,0.7764052384202912,0.6622731485429248,0.7962672127706901,0.27934719951982806,-0.6038135439470118,-0.14084497724303802,1.002607489039247,0.9000856404680425,0.6666666666666666
9,rough_seed_12,6,lm100_ls000_le000,0.0,1.0,0.0,0.02879482205257796,0.710505295966505,0.6528406683477751,0.0,0.6931471805599453,0.0,0.028388041491446914,0.5367888215818576,0.5024954248088458,0.32371006481128267,0.2290806084261268,0.0
9,rough_seed_12,6,lm080_ls020_le000,0.039851501411429124,1.7956373780481185,1.6100908897856003,0.023100203201144136,0.7519263976133304,0.3153712602145557,0.03907791585383714,1.0280601228448472,0.9593850444009158,0.02283743251591719,0.5607159811370597,0.27411895294227306,0.7850606360720392,0.38961690550145,0.0
9,rough_seed_12,6,lm080_ls000_le020,0.9010461168388647,0.9013024096462366,1.0,0.0,0.34976379625315673,0.6165781388099207,0.6424043224644688,0.6425391301003153,0.6931471805599453,-0.02445647677064222,0.2999296114036452,0.480311655282908,0.6120021971406746,0.4074352810696061,0.3333333333333333
9,rough_seed_12,6,lm060_ls040_le000,0.2978125222541425,1.2447276858213936,1.2158966052330415,0.05142590517750552,0.8744202402478559,0.36382580403048786,0.2606801719903605,0.8085842157619081,0.7956571095081669,0.05014724784564473,0.628299406407446,0.31029384161063045,0.4895882879509095,0.2920603337989048,0.0
9,rough_seed_12,6,lm060_ls020_le020,0.9784345832452603,0.9477639689510367,1.0524557144532098,0.0,0.6027952261501254,0.5976372836883972,0.6823059174833586,0.666682032042947,0.7190369857185958,-0.012185335777097572,0.471749121331522,0.4685258401583727,0.5927405856036615,0.37997843651070135,0.3333333333333333
9,rough_seed_12,6,lm060_ls000_le040,1.7664392332762975,1.093694333942553,1.3952183249971264,0.0,0.12663634606856017,0.7080350407383158,1.017561017915547,0.738930129464099,0.8734743853708634,-0.17879018474222041,0.11923650869122215,0.5353436108106866,1.1402268351363671,0.7180585326636071,0.3333333333333333
9,rough_seed_12,6,lm040_ls060_le000,0.23332627023844582,2.1852338740211255,1.9449429582746023,0.08414297202442593,1.233344978647946,0.9617931496714244,0.20971480413197813,1.1585257161622367,1.0800894479090422,0.08078978733179898,0.8035004520351919,0.673858927283191,0.6947406673967924,0.296726933851025,0.0
9,rough_seed_12,6,lm040_ls040_le020,1.0,0.0,0.7057123891649092,0.009650307703549158,1.3793651470412231,1.6212051270817973,0.6931471805599453,0.0,0.5339828470286556,0.009604040905238476,0.8668337071599612,0.9636341841868608,1.0950691924181875,0.6600093946576244,0.0
9,rough_seed_12,6,lm040_ls020_le040,2.0081528833560074,0.6146372359471891,1.3474107646148148,0.0,0.6142250343874122,1.3817117485218389,1.1013262303797962,0.47911030973885954,0.8533129184341348,-0.09708047930964425,0.4788549866389532,0.8678194512351376,0.6809553562742696,0.40438952186344984,0.3333333333333333
9,rough_seed_12,6,lm040_ls000_le060,2.4357778278504805,2.0332278436965057,2.5099010671712034,0.0,0.26491945773836256,0.3209138570422325,1.2342433419180894,1.1096273474466178,1.2555878510894318,-0.020478793281334395,0.23500845038043217,0.27832381299923553,2.131024474645865,1.0355350234519352,0.3333333333333333
9,rough_seed_12,6,lm020_ls080_le000,0.5742353018628146,1.3141388373047185,1.613934739940786,0.040941962311716484,1.3791592070865848,1.546555147042521,0.4537696317465364,0.839037625806855,0.9608566492977243,0.04012603621669519,0.8667471509339378,0.9347415231231612,0.2218977674104098,0.15582274894382905,0.0
9,rough_seed_12,6,lm020_ls060_le020,1.332747474802467,0.46656433996714564,0.8254446916794342,0.008073819660764396,2.194020689470829,3.11221149090261,0.8470467466332697,0.38292248161797254,0.601823624026215,0.008041400758154627,1.1612805273769848,1.413960959442755,1.7796322679561873,0.8098335756835557,0.0
9,rough_seed_12,6,lm020_ls040_le040,2.1568679737845784,0.9259042794890304,1.5201431866599364,0.013022381493705826,0.9982627566694918,2.549232881496577,1.149580388550775,0.6553956130178543,0.9243157200122805,0.012938319290690559,0.6922781814242908,1.266731490417303,1.081764588102658,0.5053134693571811,0.0
9,rough_seed_12,6,lm020_ls020_le060,2.556570019320636,1.6801842135253648,2.3103991767421017,0.0036415472888098794,0.6664985203504707,0.643240105200529,1.268796602702015,0.9858855285505894,1.1970687793207653,0.003634932908337607,0.5107247308867577,0.4966699666619217,1.7445910789160977,0.8135737600387842,0.0
9,rough_seed_12,6,lm020_ls000_le080,2.8775281927171434,2.0144018534276205,1.5420762088851878,0.13083851195478935,0.0,0.0,1.355197886891162,1.1034014202576068,0.9329811522097657,0.12295940352194479,-0.021050275952106512,-0.16557002638680762,2.1010559143583873,1.1517471193918347,0.6666666666666666
9,rough_seed_12,6,lm000_ls100_le000,0.5871404564837043,1.7672788504312178,2.0803573968314315,0.0,1.3734673214234294,2.6151288878909313,0.4619339420285584,1.0178644728977715,1.125045628185886,-0.007784536291961075,0.8643518908181536,1.2851275086102647,0.5052411588503308,0.26110431360817205,0.3333333333333333
9,rough_seed_12,6,lm000_ls080_le020,1.540650599591346,0.5600008836428221,1.4067860346353873,0.0,1.952472353142278,3.1176104189988174,0.9324201898031896,0.4446863876989917,0.8782922618856113,-0.07076057073117747,1.082642905164854,1.415272999710409,1.5479821511514107,0.7260393386083424,0.3333333333333333
9,rough_seed_12,6,lm000_ls060_le040,2.1291496921425903,1.000852379141331,1.4771735888001536,0.0,0.8321742802394169,2.6373853632744186,1.1407613037925457,0.6935732793376316,0.907118228310155,-0.005365607377173842,0.6055033928623119,1.291265116749976,1.1526798551729232,0.5394478953616201,0.3333333333333333
9,rough_seed_12,6,lm000_ls040_le060,2.6663025582306497,1.8155784473288505,2.399200533798761,0.03605861072990122,0.7972861899253898,0.9684289315373842,1.299183676898729,1.0351677279877962,1.223540266855038,0.035423716300650554,0.586277854956975,0.677235727898717,1.6931026023885287,0.7529847908617402,0.0
9,rough_seed_12,6,lm000_ls020_le080,2.9346407192886406,1.8434277732918563,1.5632180399512179,0.17849431994940756,0.1660726413549691,0.0,1.369819573835258,1.045010286806229,0.9412635159255076,0.16423762365346273,0.15364138560608687,-0.02863533308032329,1.998906523742446,1.0222832334625895,0.3333333333333333
9,rough_seed_12,6,lm000_ls000_le100,3.4068807740022233,2.1773747244842494,1.806718090493581,0.2867516673548674,0.0,0.0,1.483167131716314,1.1560552974928457,1.032015861446871,0.25212095533762185,-0.5157947934178321,-0.37671113600072015,2.368073973875062,1.4372077549123203,0.6666666666666666
10,rough_seed_6,6,lm100_ls000_le000,0.019252265799284025,0.8426912781621905,0.0,0.0,1.238987892954576,1.078011143428924,0.019069285721165476,0.611227154163665,0.0,-0.11883002572492452,0.8060239302570118,0.7314112552367302,0.49785334134019776,0.35470244759205566,0.3333333333333333
10,rough_seed_6,6,lm080_ls020_le000,0.0,1.0,0.5861009634473823,0.0,0.5302173172450986,0.8056571601503629,0.0,0.6931471805599453,0.46127878035886927,-0.15050544321933346,0.4254097627330827,0.5909246031702907,0.2297796264859607,0.18262956128587252,0.3333333333333333
10,rough_seed_6,6,lm080_ls000_le020,0.38108363084924457,0.8370451193809371,0.9639905267561719,0.08948285330300618,3.167624335794064,0.20924757206295427,0.32286843077551186,0.6081583673798844,0.674978386476737,0.08570313714469102,1.4273461698214192,0.18999832491489133,1.1256409828841945,0.5137777192114004,0.0
10,rough_seed_6,6,lm060_ls040_le000,0.05070602118124566,0.8082821782733851,0.41869244738539646,0.0,0.7876441149876678,0.429417266349718,0.04946233933407641,0.5923773218458723,0.34973563570522037,-0.142392534741839,0.5808986161054289,0.35726685516951373,0.02735630114376149,0.07028826642688406,0.3333333333333333
10,rough_seed_6,6,lm060_ls020_le020,0.35348632691817383,0.46355591811290303,0.7505415874698491,0.0,1.7981205121347383,0.18092543274359255,0.30268372800285087,0.3808690349015337,0.5599252186110124,-0.033034713586756026,1.0289479461287558,0.16629839613939068,0.7525556918887553,0.45914139176281693,0.3333333333333333
10,rough_seed_6,6,lm060_ls000_le040,0.601920077692688,0.22131978366543784,1.5052285905615033,0.8241309512786399,2.9163407933755994,0.0,0.4712029583209468,0.1999320639218387,0.9183799840906279,0.6011036825392788,1.3651577467692693,-0.7639653555423438,1.4741534912858725,0.9924905822329114,0.3333333333333333
10,rough_seed_6,6,lm040_ls060_le000,0.05092543790214702,0.803983832094564,0.1205978735173274,0.0,1.076748367073475,0.19748663732329874,0.04967114542208032,0.5899974593467031,0.11386235851858999,-0.03811368368062751,0.7308033854473283,0.1802248914292317,0.13352624556234313,0.09831776270465824,0.3333333333333333
10,rough_seed_6,6,lm040_ls040_le020,0.3358926221920597,0.5082615818205904,0.7453715072454077,0.0,1.5686540017958297,0.1709418993808593,0.28959969927366885,0.41095771728859143,0.5569674311297027,-0.18213965054538406,0.9433820270004061,0.1578084671428599,0.6569048833439491,0.46777420783923684,0.3333333333333333
10,rough_seed_6,6,lm040_ls020_le040,0.5639737118761893,0.2532680913032571,0.7775142614226306,0.6643107617743707,0.9840702499027711,0.0,0.4472298337185528,0.22575461256756374,0.5752159059669433,0.5094110808363304,0.6851504164529475,-1.0055139625342946,0.5362178233067754,0.7007689731681331,0.3333333333333333
10,rough_seed_6,6,lm040_ls000_le060,1.0,0.0,0.49069545539808845,1.8815344768670998,2.548239161691892,0.0,0.6931471805599453,0.0,0.3992427596534486,1.0583229567256947,1.2664514696422633,-0.8742914305408884,1.3068230313190268,0.9683871453341165,0.3333333333333333
10,rough_seed_6,6,lm020_ls080_le000,0.04525228209790483,0.580727938418896,0.196400729023213,0.5341590239868802,0.9445951978364624,0.31011045333328263,0.04425827455557879,0.45788546145805287,0.1793176571208566,0.42798236379561316,0.6650538309038243,0.27011144918029617,0.3221612418722038,0.22722875024841513,0.0
10,rough_seed_6,6,lm020_ls060_le020,0.3334133400630006,0.4228478447768291,0.7192982757959149,0.0,0.8601260834364352,0.0,0.28774207569880056,0.3526603877244404,0.5419162283907885,-0.08877407626884959,0.6206442722214713,-0.03726285809926788,0.4966632848395072,0.40789304098491247,0.6666666666666666
10,rough_seed_6,6,lm020_ls040_le040,0.5947369623631938,0.10616502512463044,1.0,0.6287270007585148,0.5282410191216302,0.0,0.46670880875814363,0.1008991009430366,0.6931471805599453,0.48779872856428824,0.42411741333271225,-1.0352472736025717,0.4853553441307736,0.6909008954527791,0.3333333333333333
10,rough_seed_6,6,lm020_ls020_le060,1.1308200699470898,0.1903251856134535,1.6579110145662421,1.8372318385367952,0.7349559218042516,0.0,0.7565069149890773,0.17422653501468743,0.9775404813883698,1.0428288720989856,0.5509820077759593,-0.932127878885147,0.9696511731155818,0.8575819300482322,0.3333333333333333
10,rough_seed_6,6,lm020_ls000_le080,1.8154496930318786,0.3730217670704029,3.1628936017083973,2.4417819069925493,1.6830215493014449,0.0,1.035121997689959,0.3170139803166868,1.4262104098051291,1.2359893334903416,0.9869436032045402,-0.695399455497606,1.6997418659667034,0.9974689413303236,0.3333333333333333
10,rough_seed_6,6,lm000_ls100_le000,0.058982450427719,0.6422798588888279,0.20610689731115106,1.3282856768577502,0.8046583915452951,0.7496306572858626,0.05730849464788423,0.4960854343202906,0.18739773227999723,0.8451322357673834,0.590371317111914,0.5594047126811014,0.65840183968707,0.4180388681040756,0.0
10,rough_seed_6,6,lm000_ls080_le020,0.3192582459012179,0.4167936853836839,0.23176923746176506,0.2657475098992374,0.22099016496942064,0.0,0.27706964373035814,0.3483963505198096,0.2084515403120725,0.2356628645732246,0.19966214019802736,-0.23035455870674926,0.16036116462600292,0.20964902949924583,0.3333333333333333
10,rough_seed_6,6,lm000_ls060_le040,0.6082041058482581,0.05169506397398871,0.5873321399101697,0.43336893857171976,0.0,0.0,0.47511809419932666,0.05040320915448119,0.4620547075547225,0.3600275745868684,-0.12867423777616505,-1.4741903985181315,0.2712874570535656,0.7434710242053195,0.6666666666666666
10,rough_seed_6,6,lm000_ls040_le060,1.0583630367958388,0.5368380846180889,1.2554990655050264,1.955326000884869,0.4060365794864494,0.0,0.7219110245737942,0.4297271139312121,0.8133712635479065,1.0836089665615103,0.34077480975448937,-0.7701713211514067,0.7610878449085655,0.678064276954584,0.3333333333333333
10,rough_seed_6,6,lm000_ls020_le080,1.826426042448163,0.46009663314993327,2.738778727386072,2.586463520846316,0.49753609811536226,0.0,1.0390130310198413,0.3785026206189717,1.3187590146198493,1.2771666252922276,0.4038211563031509,-0.6719033144319997,1.1787518902498848,0.7513781530028049,0.3333333333333333
10,rough_seed_6,6,lm000_ls000_le100,1.9378836423654633,0.48358856253326243,3.258752128944294,2.72428518472866,0.8026136373539312,0.0,1.0776894725989514,0.3944638573377844,1.44897618989178,1.3148749366998538,0.5892376324915235,-0.46473184613410723,1.4547262487093864,0.7818890917601763,0.3333333333333333
11,rough_seed_29,6,lm100_ls000_le000,0.0,0.6999374025785785,1.0,0.1655823234960141,0.0,0.7556474680954064,0.0,0.5305914283716225,0.6931471805599453,0.1532208106294511,-0.5340109665952346,0.5628377165704326,0.3699574193263954,0.44937755652860706,0.3333333333333333
11,rough_seed_29,6,lm080_ls020_le000,0.4041205845062981,0.0,0.26669349182036656,0.47182721712658193,0.0,0.015314918555229507,0.33941118831609085,0.0,0.23640995559290592,0.3865046337477103,-1.025926900742121,0.015198828958080335,0.1063617352951403,0.43141049093618866,0.3333333333333333
11,rough_seed_29,6,lm080_ls000_le020,0.45650143073558325,1.0,0.0,3.7058150648338724,0.0,0.0,0.3760372797276032,0.6931471805599453,0.0,1.5487989917926357,-0.4642478679601987,-1.000512055107722,1.416437878032763,1.1102229385642997,0.6666666666666666
11,rough_seed_29,6,lm060_ls040_le000,0.18435814657591937,0.2515038233390236,0.3487621308609504,1.3245208233350072,0.0,0.0,0.1692009793834364,0.22434588689023796,0.2991872317006039,0.8435139203079939,-1.265531921657937,-0.6407120703606982,0.580142876986354,1.0346966838446783,0.6666666666666666
11,rough_seed_29,6,lm060_ls020_le020,0.8087524114342151,1.1589141977475546,0.7982763789556974,3.285003950742565,0.0,0.0,0.5926373321674862,0.7696054090790099,0.5868286388948821,1.4551214740429155,-0.832122301552805,-1.3391836962345196,1.4778140386705338,1.4634080625455486,0.6666666666666666
11,rough_seed_29,6,lm060_ls000_le040,0.810834861766235,1.8349458249037134,2.8834328108512084,3.6348702782745304,1.5708143581442562,0.0,0.5937879885294443,1.0420228276157226,1.3567195075437104,1.5336082111988774,0.9442227195874076,-0.5537992504781596,1.9905332313729869,0.982713029573206,0.3333333333333333
11,rough_seed_29,6,lm040_ls060_le000,0.22645109158507232,0.22551434117990501,0.35954201446838796,2.3233438928916925,0.0,0.0,0.20412470751290138,0.20336062622674275,0.30714788896621503,1.2009714727002962,-1.227367010406445,-1.0444353848428212,0.8939830523183044,1.2597192252098728,0.6666666666666666
11,rough_seed_29,6,lm040_ls040_le020,1.0,0.8669446010930493,0.12923333365712902,3.200903594414384,0.0,0.0,0.6931471805599453,0.6243031914321704,0.12153893667202784,1.4352996436769374,-0.9520868358738206,-1.4138047410697747,1.0656938430548542,1.2846287227215951,0.6666666666666666
11,rough_seed_29,6,lm040_ls020_le040,0.9059206123986532,1.7709330795572924,2.840593986003365,2.294105335371647,1.1951085768028165,0.0,0.6449651529472802,1.0191841153031458,1.3456270384923645,1.1921346091954845,0.786231510817568,-0.39861587715546454,1.6015344039102783,0.8414549921272036,0.3333333333333333
11,rough_seed_29,6,lm040_ls000_le060,1.99256714088673,2.158193500800524,2.026932494812744,3.9811929144767064,4.536161110313106,0.7848139651712179,1.0961315945848422,1.1500001871673828,1.107549728771004,1.6056694034107624,1.7113013201883474,0.5793141886076015,1.8695706375813614,0.5330248273367624,0.0
11,rough_seed_29,6,lm020_ls080_le000,0.4194385848803055,0.3061077240913725,0.4482295674279843,3.1404783287890763,0.0,0.0,0.35026143067635895,0.2670515114429532,0.3703418224386475,1.4208113195180307,-1.2365013775412586,-0.9740708904118361,1.1584590118093758,1.3061718302254557,0.6666666666666666
11,rough_seed_29,6,lm020_ls060_le020,0.7827131749826539,1.0449438137695979,0.17371670565941857,4.37566340451159,0.0,0.0,0.5781364594137612,0.7153703141880303,0.16017538535264622,1.681881990492779,-0.9774229096891014,-1.1275398463632982,1.603870249652651,1.3614179955573646,0.6666666666666666
11,rough_seed_29,6,lm020_ls040_le040,0.9913388140151126,1.9106212195107721,3.0080694892621453,1.9501403565675135,0.9918512749824467,0.0,0.6888071833894025,1.0683665358954337,1.3883097012725243,1.0818527477173698,0.6890644952217336,-0.10498537047619816,1.6285469921142905,0.7552142255834632,0.3333333333333333
11,rough_seed_29,6,lm020_ls020_le060,2.2050499197719047,1.027464584940791,1.3900678619653644,3.1853390612533135,2.210185165977363,0.7970517355737945,1.164727665843193,0.706786039501381,0.8713217596680812,1.4315877188802644,1.166328619583358,0.5861473973557214,0.9186752829698502,0.3371923318104694,0.0
11,rough_seed_29,6,lm020_ls000_le080,3.1486287526834893,1.6415995898581002,2.2652128312456745,7.164305143746944,1.9812192933368045,1.34861507976743,1.4227778586014241,0.9713846389210328,1.1833249462840456,2.099771620994199,1.0923323756725152,0.8538258266756675,1.757297948673468,0.3758135395842117,0.0
11,rough_seed_29,6,lm000_ls100_le000,0.5137412787287265,0.38820165645288823,0.6085937613015593,3.892768606436663,0.0,0.0,0.41458425450026204,0.3280091371605599,0.47536035713986524,1.5877583204543613,-1.2261535984719132,-0.8120434793689951,1.4586075818207946,1.338246879365144,0.6666666666666666
11,rough_seed_29,6,lm000_ls080_le020,1.0088096820650405,0.9022086579944393,0.6086290258956276,6.736179272049199,0.0,0.0,0.6975423486749118,0.6430156626247305,0.47538227952224427,2.0459079316220414,-1.2940792486325454,-1.1188834209250014,2.412735757958075,1.626575398217217,0.6666666666666666
11,rough_seed_29,6,lm000_ls060_le040,1.2205967759202287,1.3672798155785941,2.439758494946746,2.0974233304244416,0.9024637637568216,0.0,0.7977759777411932,0.861741538829548,1.2354012639634824,1.130570582132318,0.6431497639267539,-0.007146181519192107,1.2604670337575772,0.5979779415921977,0.3333333333333333
11,rough_seed_29,6,lm000_ls040_le060,2.017514854323369,2.2058053270791897,2.5362602431462204,2.2988058186739684,1.336647627038381,0.5879999215632403,1.1044335967026588,1.1649633309086778,1.2630697402420203,1.193560529851453,0.8487172641447847,0.46247531343151727,1.0329029953247961,0.40198914224106347,0.0
11,rough_seed_29,6,lm000_ls020_le080,3.4733997957626705,1.405959482513941,2.3735250496214046,5.828601201353145,1.2932694288477335,1.1987922179172505,1.498148700238081,0.8779487772252952,1.215958206468003,1.9211198504633873,0.8299784975608739,0.7879082177572695,1.214208096986945,0.29966380620015365,0.0
11,rough_seed_29,6,lm000_ls000_le100,3.6644716225869147,1.6014838153522053,3.5195558225885746,13.741763078395277,1.4277270264320885,3.002929921192842,1.5399745637015658,0.9560819804535299,1.508413719676581,2.6906844914396957,0.8869554395424302,1.3870265732853342,3.5892247153747374,0.4470745383468255,0.0
12,rough_seed_18,6,lm100_ls000_le000,0.6557608260806952,18.202872134321495,2.2364354790463565,5.414166870692125,0.8638617208587824,1.4712500342203287,0.5042606168370072,2.9550598581754626,1.1744725633949686,1.8585091175667936,0.6226505294229878,0.9047241093500659,7.620867300966723,1.3188020945090546,0.0
12,rough_seed_18,6,lm080_ls020_le000,0.7925542252008912,5.87924301920581,2.331032961479256,3.9147375321121203,1.1211329500957654,2.1543342186953143,0.5836415441921796,1.928508619613692,1.20328245453312,1.5922383507718245,0.7519503563600566,1.1487774495391199,2.6856640396017384,0.7465533582757602,0.0
12,rough_seed_18,6,lm080_ls000_le020,1.874992444712129,9.962602348705683,1.5114609386058275,24.6042369658341,0.05043925559449828,5.044765892575385,1.0560500463196447,2.3944896939106535,0.9208646310732075,3.2427578442687253,0.04920841535163756,1.7991927558685883,12.058237522734238,1.803439067101159,0.0
12,rough_seed_18,6,lm060_ls040_le000,0.4912833965496324,13.032524855889378,1.9854020070014045,3.9429227379657226,1.563261845487219,3.428808473241915,0.39963708918316904,2.641377839141352,1.093734413488969,1.5979568036070173,0.9412806058339753,1.4881305802132725,5.454769606019586,1.0976043714851762,0.0
12,rough_seed_18,6,lm060_ls020_le020,1.1824247903134786,1.098149981884521,1.2552730452177088,19.925189342097234,0.0,5.761043467394009,0.7804365478003823,0.7410559954478051,0.8132710499782742,3.040953664941398,-0.11615509819102565,1.9111772372246894,8.115561651948193,1.405211466008754,0.3333333333333333
12,rough_seed_18,6,lm060_ls000_le040,9.036807329784189,39.66113226493609,7.542142262017046,31.232261059567193,0.0,2.1101167704522235,2.3062590686510234,3.7052726549579775,2.1450118266960736,3.472967847247137,-0.8749633056144595,1.1346602722554842,22.429537162094643,2.2524320978697134,0.3333333333333333
12,rough_seed_18,6,lm040_ls060_le000,0.30702479057089566,5.00462320563019,1.421967336722175,4.336928869327119,0.8960755591630618,4.078338437942531,0.2677534019992315,1.7925297067906278,0.8845801589632387,1.674650369424715,0.639786254918017,1.6249841289431692,3.5982742754812356,1.1000147964260083,0.0
12,rough_seed_18,6,lm040_ls040_le020,1.0,0.0,1.0,21.043208148817946,0.0,6.0808913793663475,0.6931471805599453,0.0,0.6931471805599453,3.093004533983038,-0.2106593065896164,1.9573998008212021,8.374699842728099,1.291589760091322,0.3333333333333333
12,rough_seed_18,6,lm040_ls020_le040,8.793743682301926,38.09566497958236,7.317205510004411,29.738112814107236,0.0,2.106024398122504,2.2817437820475175,3.66601159075737,2.1183263222126794,3.425503344362107,-0.7693551754875523,1.133343579854209,21.41707174108986,2.18803635697266,0.3333333333333333
12,rough_seed_18,6,lm040_ls000_le060,10.310919080990585,33.80726350105505,7.834186529564011,27.19262417287049,0.0,1.0230373707987321,2.42576854951345,3.549826086295855,2.1786290279122515,3.339060389579286,-0.43441053040204747,0.7046000309753078,19.16670591723341,2.123852484566894,0.3333333333333333
12,rough_seed_18,6,lm020_ls080_le000,0.13295314203307265,3.6072507820556465,0.2618776530036565,4.1794482745971315,0.0,3.3939526856886006,0.12482762376174165,1.5276313194745599,0.2326008125125965,1.6446985399031904,-0.06191927119858642,1.4802292059683038,3.59527364910155,1.4523499667567676,0.3333333333333333
12,rough_seed_18,6,lm020_ls060_le020,1.2335956476250514,1.3525407412127057,1.681187048015911,20.289976672409228,0.0,4.967187163849292,0.8036126849920816,0.8554959105900124,0.986259624823099,3.0582363831983166,-0.4013475078772709,1.786275654538607,7.898307293943422,1.437161048796342,0.3333333333333333
12,rough_seed_18,6,lm020_ls040_le040,8.822144197424976,20.716921994322572,6.612245175492499,34.906143913455175,0.0,2.1232490879806534,2.28463944857475,3.078091772054929,2.0297581579919886,3.580908420502076,-0.7848321536608451,1.1388738343200426,17.09663926595487,2.0166924071050154,0.3333333333333333
12,rough_seed_18,6,lm020_ls020_le060,10.008116838056107,29.162167403948665,7.662872900122303,35.3819131023253,0.0,1.256737421111029,2.3986328950569087,3.4065884040838452,2.1590464112226653,3.5940717583573,-0.2366050794507344,0.8139201512849594,20.31403304907638,2.0612528689242255,0.3333333333333333
12,rough_seed_18,6,lm020_ls000_le080,11.565918237394738,31.28552975874772,7.132137266893869,21.888891893029886,0.5524920270066258,0.7017175854890019,2.5309882473062952,3.4746191347636217,2.09582377546794,3.1306517227022317,0.4398613992288158,0.5316380854130818,15.828810356260371,1.7328689669952002,0.0
12,rough_seed_18,6,lm000_ls100_le000,0.0,1.0,0.0,3.838706314198445,0.0,2.667285545721181,0.0,0.6931471805599453,0.0,1.5766473945452133,-0.6681950949401401,1.2994517550843279,2.501997286639875,1.4124804750432087,0.3333333333333333
12,rough_seed_18,6,lm000_ls080_le020,1.0316604568202477,0.7112431153314087,1.3128127097406808,19.204120576060046,0.0,3.750781073084341,0.708853417732274,0.5372200744313672,0.8384644070960622,3.005886572518113,-0.4912528574574033,1.5583090409671692,7.107223865971623,1.3484502401819054,0.3333333333333333
12,rough_seed_18,6,lm000_ls060_le040,8.542633130630529,27.262143007567346,6.629092245519325,37.487211984035476,0.0,2.60933610603003,2.255769456876636,3.3415232062131173,2.0319688664649727,3.650326029858811,-0.687137393729887,1.2835238512855422,20.07549266682053,2.057220729368203,0.3333333333333333
12,rough_seed_18,6,lm000_ls040_le060,9.773213591329421,26.899985566906075,7.4403748892833494,44.92775069965248,0.0,1.8694476002077516,2.3770628302568118,3.3286261715119916,2.1330267257829427,3.8270695247817237,-0.21927832206160203,1.0541195374508632,22.54181665476824,2.025606125476862,0.3333333333333333
12,rough_seed_18,6,lm000_ls020_le080,11.345761242882906,31.77503833736888,6.790564333797572,29.155687814165276,0.8439636402698681,1.0747165852734302,2.5133127849610313,3.4896671993628514,2.052913300621738,3.406373555933662,0.6119174070820135,0.7298245589436299,18.152283005635173,1.6979664349771924,0.0
12,rough_seed_18,6,lm000_ls000_le100,12.187131559050773,29.361921625003855,8.059654563434307,22.23897631020986,1.7528315624190993,1.2428574540882122,2.5792414721958155,3.413189245155629,2.203830991671753,3.1458308823995083,1.0126300410046791,0.8077507020643844,14.82591064102998,1.4544096346540039,0.0
13,rough_seed_10,6,lm100_ls000_le000,0.009946626257242849,0.9146795437894999,0.13507436375814466,0.0,2.7669104179646085,0.39493300058105285,0.009897484166947993,0.6495502685719973,0.12669816751675064,-0.05662087242162439,1.3262551476903734,0.3328463858626255,0.7073453790850865,0.31645715135094116,0.3333333333333333
13,rough_seed_10,6,lm080_ls020_le000,0.0573071874318159,0.4400242770046777,0.0,0.0,2.7059750221398833,0.41680593889488293,0.055725286644725744,0.3646599724768236,0.0,-0.009126411203136398,1.3099463879969266,0.3484049992442759,0.9133546238206348,0.4528477042040804,0.3333333333333333
13,rough_seed_10,6,lm080_ls000_le020,0.24005516343135588,0.32212174912097097,0.3779268255709065,0.9240645143475813,9.836154087231435,2.595894320322592,0.21515586526563457,0.2792378318342556,0.32058006927360533,0.6544398830470378,2.382888144058202,1.2797927280581218,4.138669727926125,1.1673823295966221,0.0
13,rough_seed_10,6,lm060_ls040_le000,0.0,1.0,0.602774713795833,0.0,2.924255377596982,0.48287403568795967,0.0,0.6931471805599453,0.4717363233862724,-0.03684752746882303,1.3671766205224938,0.39398212069997907,0.6813853519016185,0.2628770567058883,0.3333333333333333
13,rough_seed_10,6,lm060_ls020_le020,0.2699838950367083,0.29818270396665325,0.13071134471946888,0.757483039026773,7.013023950340895,1.232234987190754,0.23900421931663637,0.2609653664400889,0.12284694326812441,0.5638826940312351,2.0810682117270582,0.8030033199768508,2.7679546776118635,0.9417125655700982,0.0
13,rough_seed_10,6,lm060_ls000_le040,0.3407071150896317,0.2791206977119058,0.6716145436371548,2.7407683499089823,13.610324549388466,3.3194940223128397,0.2931971726073669,0.2461728869573109,0.5137899519827978,1.3192910314784312,2.6817284397108434,1.4631382709317928,6.126381521723865,1.470332576857864,0.0
13,rough_seed_10,6,lm040_ls060_le000,0.011008225031069852,1.0077731963053271,0.7429165022109187,0.0,2.577265655920442,0.8568801644884159,0.010948075545369475,0.697026245402998,0.5555598607495241,-0.0020454497643515035,1.27459872531912,0.6188977485103911,0.5648214489745608,0.21796796432890334,0.3333333333333333
13,rough_seed_10,6,lm040_ls040_le020,0.2897079040095783,0.31904667759656385,0.15414448856130816,0.6645195386298461,5.642822368419294,0.4872960499113966,0.25441576173388447,0.2769092617341581,0.1433593669737703,0.5095365164019245,1.8935369286626837,0.3969597397340452,2.0105796289310285,0.7084495981189468,0.0
13,rough_seed_10,6,lm040_ls020_le040,0.35641572883363554,0.28956923949260066,0.5830713469317585,2.7381459259014203,10.316922561292895,2.25019471027894,0.30484572721629455,0.25430823973497046,0.4593668505918495,1.318589746768291,2.426299177271774,1.178714905402121,4.69206896073842,1.3016943372996905,0.0
13,rough_seed_10,6,lm040_ls000_le060,0.46506281972573055,0.1890166606146675,0.5524492841066975,5.675870791791639,28.460761213591354,8.230870218597534,0.38189812190855477,0.17312662990203576,0.439833867049848,1.8984996514768304,3.3830592495869984,2.22255332560873,13.720324486511144,2.16975120260404,0.0
13,rough_seed_10,6,lm020_ls080_le000,0.10769044094603426,0.4886303043394795,0.3939026550984324,0.0,1.9722912450531553,1.4374684193520348,0.10227716386194576,0.39785643834728857,0.33210747855024836,-0.022094593697479015,1.0893331183708614,0.8909599676426656,0.8783057153044375,0.4582336422251383,0.3333333333333333
13,rough_seed_10,6,lm020_ls060_le020,0.2901370798876956,0.3440284152455691,0.7894431336405561,0.6772368354146014,4.547010394067919,0.08535680460189879,0.25474847620685104,0.29567138417327293,0.5819044729266499,0.517147698519401,1.7132591148892469,0.08190878510004895,1.764722687795971,0.7266608802850416,0.0
13,rough_seed_10,6,lm020_ls040_le040,0.3688063366875006,0.26540532729900357,0.30599878617853193,2.791888177579989,8.780897506014924,2.0332265942433487,0.31393907295940104,0.23539248769412854,0.26696810143461286,1.3328640949231523,2.2804312493673384,1.1096269355245736,4.221933942557741,1.3022075392423071,0.0
13,rough_seed_10,6,lm020_ls020_le060,0.4929267551933149,0.24626304087807022,1.1517905508829138,5.537051319971772,27.935936452351484,7.883045338728053,0.40073845854138324,0.22014950633390318,0.7663003099062557,1.8774861952914956,3.365084298502496,2.184144441762837,13.155017588032337,2.0131755535917626,0.0
13,rough_seed_10,6,lm020_ls000_le080,0.7826448795225182,0.20160634747405962,1.3673548591501146,9.707244347710088,61.31432316168983,15.914162537854626,0.5780981488378807,0.18365928453213934,0.8617732386656207,2.370920554220493,4.132191305656163,2.8281512909777238,28.19470798703595,2.5692441596062463,0.0
13,rough_seed_10,6,lm000_ls100_le000,0.08289714025244328,1.0521022526099137,0.9981446854642038,0.0,1.5447886396555974,1.4817016346166603,0.07963998682540496,0.7188647567736003,0.6922190927517607,-0.06751175072888049,0.9340475973024673,0.9089444678789994,0.3530468254835279,0.1930199844034637,0.3333333333333333
13,rough_seed_10,6,lm000_ls080_le020,0.30963029477310927,0.33612495224918565,0.9037680289932082,0.6853157211124594,3.8075996176986036,0.0,0.26974487965169136,0.2897735978736884,0.6438350954348979,0.5219529178325576,1.5701979195762763,-0.13103838443285154,1.5836427069273256,0.7691686132504012,0.3333333333333333
13,rough_seed_10,6,lm000_ls060_le040,0.3963650622013837,0.2877231885668628,0.6347555190946801,2.973102486594065,7.819591598300852,2.040581457717085,0.333872476028396,0.25287568887551404,0.4914932635628504,1.3795472722697202,2.176975564899112,1.1120487661144332,3.838143924249692,1.196776724938835,0.0
13,rough_seed_10,6,lm000_ls040_le060,0.5298016289423433,0.2186933653424674,0.9689948209164364,5.327650554594928,33.63768902947548,10.064487763993547,0.4251380727124504,0.19777927278759008,0.6775231693419175,1.844929006847467,3.5449423675390697,2.403740679073426,15.770779177620904,2.1643905128726684,0.0
13,rough_seed_10,6,lm000_ls020_le080,0.8093714225733408,0.20363029668703764,2.082700252725386,8.997771237708871,65.38999062790697,14.677707798289088,0.5929795046157297,0.18534223718097653,1.1258059183340654,2.302362191924335,4.195546301563819,2.752239817902394,28.65658923063972,2.4486735504199255,0.0
13,rough_seed_10,6,lm000_ls000_le100,1.0,0.0,1.0,14.071669788353166,112.49601432394972,16.70888134898523,0.6931471805599453,0.0,0.6931471805599453,2.7128168086471587,4.731767720216324,2.8740662848638547,47.09218848709603,2.977452150869149,0.0
14,rough_seed_8,6,lm100_ls000_le000,0.23889378347076154,1.0,0.25547873057965836,0.0,3.255051022373637,1.0227901412142273,0.2142188713456784,0.6931471805599453,0.22751695847611098,-0.1873292899102168,1.4481067531105856,0.7044778163806033,1.0870854054929893,0.5444895305703427,0.3333333333333333
14,rough_seed_8,6,lm080_ls020_le000,0.0,0.0,1.0,0.0,2.562175588637463,0.9598405996824074,0.0,0.0,0.6931471805599453,-0.1622516433093435,1.27037147860969,0.6728631432425818,0.8674449963183518,0.48430238641213236,0.3333333333333333
14,rough_seed_8,6,lm080_ls000_le020,2.7149391211391047,0.978215926826893,1.7561547284228614,0.5106577620954648,3.6798744883314995,1.7009000070308544,1.3123622907243062,0.6821953914624055,1.0138364939640436,0.41254516001566927,1.5432712908373412,0.9935850534035562,1.653731547313418,0.59371482354802,0.0
14,rough_seed_8,6,lm060_ls040_le000,0.6427475384204914,0.7068637807006859,1.132844042654888,0.0,3.353730095339896,1.0207039189056555,0.4963701683442481,0.5346576402184071,0.7574563203861137,-0.11543073512198643,1.4710329708449348,0.7034459254156751,1.1339179922696445,0.5340622096877335,0.3333333333333333
14,rough_seed_8,6,lm060_ls020_le020,2.799213823183978,0.7382707339875437,0.9425568818067168,0.6214733931732718,2.928939061691294,1.473548577568952,1.3347941566921386,0.55289078800728,0.6640050856143137,0.4833352378568031,1.3683694305785412,0.9056537906959137,1.633133484492231,0.6361954221627322,0.0
14,rough_seed_8,6,lm060_ls000_le040,3.3947759711533516,0.5397932901638484,2.384516233298496,1.1734277487193077,4.8444992243078815,1.4250272851344883,1.480416556266465,0.43164818024993323,1.2192109813203635,0.7763055289891049,1.7655009153439547,0.8858427759279985,2.495181034914028,0.7904439892545821,0.0
14,rough_seed_8,6,lm040_ls060_le000,1.0,0.6937804920446508,0.0,0.01339384040217625,4.6995454641309085,1.4698999615820836,0.6931471805599453,0.5269630081670162,0.0,0.013304935890594671,1.7403864285259234,0.9041776484359108,2.1540903644220553,0.9324811044880562,0.0
14,rough_seed_8,6,lm040_ls040_le020,2.8597777259508512,0.7362264530593007,1.0531459444590763,0.5167779817236952,2.8729970654250465,1.6592712335690263,1.3506095978681634,0.5517140530415658,0.7193732238974122,0.41658833614459734,1.3540286428315913,0.9780521129138579,1.6952985485676173,0.6650049135100123,0.0
14,rough_seed_8,6,lm040_ls020_le040,3.4196253552090026,0.5456801083831767,1.7361936210981972,1.1720768267733794,3.3390523327285964,1.3340460408659247,1.4860549312322362,0.4354640130910501,1.0065677652016185,0.7756837728887583,1.4676559677549106,0.8476032598334413,1.8143561110044384,0.6338425394585051,0.0
14,rough_seed_8,6,lm040_ls000_le060,4.558103361406275,0.7270372666364014,4.211340824094286,1.9203882232017717,4.255853703616917,0.5850288107710747,1.7152569280178986,0.5464073777599799,1.6508371785271576,1.0717165605939951,1.6593424466276785,0.46060258430667556,3.26428119616941,0.9822366768373613,0.0
14,rough_seed_8,6,lm020_ls080_le000,1.02748184239851,0.0003917035985968153,1.3102028659104243,0.1031130268830117,5.094671233544568,1.7900698353892581,0.7067945513069144,0.0003916269027696059,0.8373353414181302,0.09813620726352157,1.8074148211247623,1.0260666261254827,2.1661717716467677,0.8681376076575793,0.0
14,rough_seed_8,6,lm020_ls060_le020,3.0704528240702307,0.62817420414437,1.148681289380752,0.43843548572249597,2.2115381856602077,1.7170722904189013,1.4037542522509965,0.4874592668584059,0.7648543001847989,0.3635560547051728,1.1667500079331132,0.9995549367957799,1.5945907736339073,0.6513965250771706,0.0
14,rough_seed_8,6,lm020_ls040_le040,3.7956091457233962,0.6743543069608012,1.6391808366934537,1.0030836604740023,2.4680180252368498,1.286540790244505,1.5677007379567656,0.5154276025756721,0.9704685798773243,0.6946878233970626,1.2435832564932683,0.8270401035564576,1.6462764166581305,0.5815323482660553,0.0
14,rough_seed_8,6,lm020_ls020_le060,5.208765859320541,0.8294727438257614,4.547424136819899,1.9183665948199842,3.057038381657,0.6692264636203269,1.8259621417861573,0.6040278072113283,1.7133337005296452,1.071024074430221,1.4004532447802491,0.5123603236835896,3.132054191843789,0.917445627256971,0.0
14,rough_seed_8,6,lm020_ls000_le080,5.396252298065518,0.6568851459399608,4.4181100556277215,2.8034914726693283,2.1974469633836513,0.9617084662539336,1.8557122404203545,0.5049394215821768,1.689747056418525,1.33591945348329,1.1623526674321711,0.6738157600179296,2.529908077404556,0.7310457763958847,0.0
14,rough_seed_8,6,lm000_ls100_le000,1.333557330249393,1.459285565718503,2.663713344572118,0.03965829941495742,4.6666976169750285,2.051008282153256,0.8473938544579367,0.8998708873244559,1.298477208099601,0.03889210091134365,1.7346065171923133,1.115472120300909,1.7046720481699411,0.6087474904043808,0.0
14,rough_seed_8,6,lm000_ls080_le020,3.2607683183657286,0.6356345539490932,1.0865070018107172,0.38508203951260445,1.3563020478329195,1.4534601901372812,1.4494495004428944,0.4920308354462948,0.735491376812216,0.3257593721901492,0.8570934612361801,0.8974993506722577,1.3211023203545047,0.5502535759675574,0.0
14,rough_seed_8,6,lm000_ls060_le040,4.1768804461115,0.6568716379647104,1.687197308784526,1.086258632946065,1.450704073686215,0.8933333434916313,1.6442026443773718,0.5049312689167089,0.9884987578211477,0.7353723340062281,0.8963753602865523,0.6383389494302485,1.5594394047266114,0.5501447367106288,0.0
14,rough_seed_8,6,lm000_ls040_le060,5.308505860847482,0.8204657497377544,4.69066862674406,1.853035452532628,2.1862489170413673,0.6401053967735877,1.841898859425012,0.5990923747995494,1.7388277503284462,1.0483834985588625,1.1588443368231143,0.4947605060964736,2.957272268529646,0.8657781890405625,0.0
14,rough_seed_8,6,lm000_ls020_le080,5.191478835494984,0.6797541276082953,5.246998560909201,2.87637486396114,2.0274980424304188,0.9361940415409626,1.8231739653509313,0.5186474300904688,1.8321011181463032,1.3549004034802712,1.107736549848838,0.6607242119005671,2.6578841352414018,0.7429131959582552,0.0
14,rough_seed_8,6,lm000_ls000_le100,5.756836425275101,0.4521718361689243,5.529126642584496,3.500957723162188,1.2115667038527933,1.767007286687015,1.9105547960892244,0.3730602538694063,1.8762731889507474,1.5042902015011175,0.7937011801380661,1.017766334226336,2.2591309752314213,0.5618041251937261,0.0
15,rough_seed_22,6,lm100_ls000_le000,0.0,1.0,1.0,0.0,0.0,0.0,0.0,0.6931471805599453,0.6931471805599453,-0.36581370428545357,-0.20246086992677703,-1.2926835232416747,0.6666666666666666,1.0824174861912652,1.0
15,rough_seed_22,6,lm080_ls020_le000,0.010989150229293988,0.989985602786431,0.9946846043621045,0.0,0.0,0.0,0.010929208258982446,0.688127403929542,0.6904859447922264,-0.13924130902872134,-0.053436310544586085,-1.9297219722758887,0.6652197857926098,1.1706473829433157,1.0
15,rough_seed_22,6,lm080_ls000_le020,0.30411536118724497,0.672504169945773,0.9432519788661281,0.9163470806750531,0.0,0.0,0.2655249267596047,0.5143220062582582,0.6643628474557981,0.6504208117210403,-1.4590920030018935,-0.7286209332753768,0.7426626227665697,1.250431224984254,0.6666666666666666
15,rough_seed_22,6,lm060_ls040_le000,0.05389492978845366,1.0369657599718616,1.0321846896950517,0.2526132932058403,0.1038372113323922,0.0,0.052492758042351643,0.71146132805669,0.7091114161838938,0.22523200354355494,0.09879248347929903,-2.597017654747587,0.7213438672506358,1.3638457203366918,0.3333333333333333
15,rough_seed_22,6,lm060_ls020_le020,0.331428696071677,0.6955460399656749,1.001316416284054,1.2352365202665614,0.0,0.0,0.28625257325824854,0.5280048364264325,0.6938051721779999,0.8043470480890185,-1.4004128047042483,-1.1018380108913435,0.8668900934815378,1.4140517663435979,0.6666666666666666
15,rough_seed_22,6,lm060_ls000_le040,0.6427133169697185,0.8356562493265142,2.259483401093209,0.8550084842589599,0.0,0.0,0.49634933628915423,0.6074020466332744,1.181568716899237,0.6178892697734457,-2.2182874999093802,-0.5305982509534517,1.102478272569655,1.5531321492932115,0.6666666666666666
15,rough_seed_22,6,lm040_ls060_le000,0.09056596487456328,1.058342552484686,1.333290669981517,0.49873018364827293,0.013349074871857838,0.0,0.08669679531568616,0.7219010727758292,0.8472795759264083,0.40461820535275905,0.013260761042380498,-2.9427534626124627,0.928816122122685,1.6055315867697975,0.3333333333333333
15,rough_seed_22,6,lm040_ls040_le020,0.5156647562688486,0.46192818553526344,0.576034244279939,1.1701949176605506,0.0,0.0,0.41585412573995706,0.3797562394202114,0.45491171980364686,0.7748169873251569,-1.4394182256694337,-1.4845205980027079,0.5641641970689681,1.3725232148270665,0.6666666666666666
15,rough_seed_22,6,lm040_ls020_le040,1.0,0.0,0.0,0.9867625647037965,0.0,0.0,0.6931471805599453,0.0,0.0,0.6865064620682086,-1.8528274187191962,-0.8713437470511363,0.004412478432067823,0.9102706280873564,0.6666666666666666
15,rough_seed_22,6,lm040_ls000_le060,1.5929299098320757,0.20033325067785454,1.3234116398860567,0.8606145323350372,0.0,0.0,0.9527884756597944,0.18259922713818835,0.843036639934932,0.6209068268856355,-1.5075036491147746,-0.17735667917391018,0.7520200893536501,1.0141259480453215,0.6666666666666666
15,rough_seed_22,6,lm020_ls080_le000,0.14106019105592882,1.078260129355569,1.4015383240938604,0.48086216712218577,0.0,0.0,0.1319578223859494,0.7315310674003747,0.8761095003938509,0.39262446351517644,-0.19690882449049285,-3.162434056897638,0.9398668098385622,1.7425500301038612,0.6666666666666666
15,rough_seed_22,6,lm020_ls060_le020,0.5728811706618763,0.47545080317989746,0.623419074732134,0.7075211999639005,0.0,0.0,0.45290907809602654,0.3889635723711772,0.4845344651417056,0.5350427281771826,-1.5779317077652983,-1.8158776590247927,0.4111699690713519,1.4498136847947098,0.6666666666666666
15,rough_seed_22,6,lm020_ls040_le040,0.9954684541404946,0.4777244940246011,1.7837861037896867,0.6667234992584344,0.0,0.0,0.6908788368828207,0.3905034005663492,1.0238119089852429,0.5108597227396747,-1.9060678897486216,-1.487671143369319,0.8634185175654494,1.6626911522708927,0.6666666666666666
15,rough_seed_22,6,lm020_ls020_le060,1.5953585240270491,0.1760531212128452,0.9975141305455916,1.0067313432334217,0.0,0.0,0.9537246666226964,0.16216401955560994,0.6919034727487113,0.6965072009804375,-1.2426221588641502,-0.4946029554193694,0.5873981441840214,0.9495033574100332,0.6666666666666666
15,rough_seed_22,6,lm020_ls000_le080,1.8843010963943307,0.2755066606390128,1.6929517715670044,1.4840094421853178,0.0,0.3849604412484176,1.0592826163290265,0.24334348056885644,0.9906379048562506,0.9098739652658265,-1.171884654446988,0.3256715769558815,0.6612632150555375,0.7432010379931379,0.3333333333333333
15,rough_seed_22,6,lm000_ls100_le000,0.19613499241416255,1.1287044006805866,1.6311886686578367,0.3143257044387303,0.0,0.0,0.17909551907061794,0.75551353206332,0.9674357093532746,0.273323761827119,-0.39970360371783964,-3.3078277562341327,0.9593612604543305,1.841569614708356,0.6666666666666666
15,rough_seed_22,6,lm000_ls080_le020,0.6485276158056478,0.5745598517152068,0.6331068304031835,0.3321460006916034,0.0,0.0,0.4998825354704065,0.4539757739931496,0.4904842315688108,0.2867911762402775,-1.7272864152717546,-2.0322789936622945,0.5080160990774782,1.6390389245753798,0.6666666666666666
15,rough_seed_22,6,lm000_ls060_le040,1.1432829385960168,0.0993270792678656,0.4143842098241055,0.37343370740201604,0.0,0.0,0.7623387369858782,0.09469824649119798,0.34669424897022183,0.3173139599366232,-2.0392603211354112,-1.8512062608276219,0.42785350676199063,1.5922946181579025,0.6666666666666666
15,rough_seed_22,6,lm000_ls040_le060,1.6370366097766893,0.2285958927254851,1.137334563620216,0.9955629627659155,0.0,0.0,0.9696557903907033,0.20587196668942828,0.7595595216967241,0.6909261973846891,-1.194383486397233,-0.7451998978886685,0.6691347011188249,1.0612481552260227,0.6666666666666666
15,rough_seed_22,6,lm000_ls020_le080,1.8997574927505243,0.30382566519136545,1.635314178113847,2.278942941894393,0.0,0.6028590499799564,1.06462711030634,0.26530276222893406,0.9690024075664514,1.1875210966420022,-0.7755554512385509,0.4717889408655964,0.5718220808230415,0.5536552221680007,0.3333333333333333
15,rough_seed_22,6,lm000_ls000_le100,2.3306684531354285,0.29282773524960837,2.6211436682753737,3.3042083247140313,0.0,1.5204125575566563,1.2031730205247473,0.25683186218204984,1.2867899064049702,1.4595932242703724,-1.0710207250914485,0.9244226014399028,0.7890329058489761,0.6488800319947302,0.3333333333333333
16,rough_seed_20,6,lm100_ls000_le000,0.0,0.9724201115942989,1.0,0.12573376932170865,1.4865812699889729,1.3709346407918428,0.0,0.6792612718248232,0.6931471805599453,0.11843506243778812,0.9109087831303749,0.863284240609619,0.3369431895027419,0.17340654459767116,0.0
16,rough_seed_20,6,lm080_ls020_le000,0.002864142927763102,1.0,0.9667764500057661,0.23242058499355192,1.151539137417569,1.6076588245962073,0.0028600490854445754,0.6931471805599453,0.6763958827224024,0.20898019077643265,0.7661834638898725,0.9584528167170845,0.34065931802459976,0.18707111967186582,0.0
16,rough_seed_20,6,lm080_ls000_le020,0.1489577839519375,0.686369506354017,0.39891645239527207,2.054006784852896,2.1770702482278885,3.459416476107192,0.13885525663544096,0.5225779971058448,0.33569797438274473,1.116454428422295,1.1559594665405277,1.4950179225187892,2.152083255495583,0.9234335297858604,0.0
16,rough_seed_20,6,lm060_ls040_le000,0.03114211909500075,1.0685296517315204,1.2163606132853642,0.4947075120300936,0.9052501598386022,1.581277839861329,0.030667041407893152,0.7268380417121718,0.7958664872726519,0.4019305435748133,0.6446133174578547,0.9482845630874761,0.33058737046799197,0.20196876741202052,0.0
16,rough_seed_20,6,lm060_ls020_le020,0.14485827011712582,0.7268433044343523,0.0,2.3821860644221076,1.8306030691340334,2.7634261683781918,0.13528084778753843,0.5462950622364626,0.0,1.2185222650547525,1.0404897875867916,1.3253297574916458,2.0348379091276185,0.9675886333697296,0.0
16,rough_seed_20,6,lm060_ls000_le040,0.43819498912261073,0.2770371355404156,0.7816766051436057,7.60345337204079,5.552679313578317,10.740473325770878,0.36338884754905837,0.24454265692547644,0.5775548339843263,2.1521636775463384,1.8798740215149043,2.463042130944202,7.466565760527785,1.7698644971821944,0.0
16,rough_seed_20,6,lm040_ls060_le000,0.05167942574798677,1.012761539577812,1.2388428869468713,0.5859220984540965,0.7912591389341528,1.4798352244918507,0.050388339499953534,0.6995076794210223,0.8059591640722752,0.4611660037554305,0.5829188021341954,0.9081921162323838,0.3322458036315828,0.20986649790080417,0.0
16,rough_seed_20,6,lm040_ls040_le020,0.16180076168483795,0.8867326385246294,0.9671754841459057,2.671726060359835,1.665267909972605,2.643480435384186,0.14997118218361843,0.6348465703515174,0.6765987495332773,1.3006618676768342,0.9803045816354954,1.2929393883825315,1.654921840453751,0.7041631118754826,0.0
16,rough_seed_20,6,lm040_ls020_le040,0.4359291617217268,0.3439514336072868,0.7930183900915317,6.904785804929948,5.017014531841839,9.757171811489272,0.36181213913190524,0.29561410573918334,0.5839004511747095,2.067468374143784,1.7945912113660676,2.375572677386021,6.702024387613505,1.6654351889500247,0.0
16,rough_seed_20,6,lm040_ls000_le060,0.7213740990765107,0.4441924444793432,1.2244580882777247,11.221783436215578,7.067081782514824,14.509858916436574,0.5431228666906849,0.3675503033908363,0.7995133301234295,2.5032198871384814,2.087791803812811,2.741475880850272,10.136233167777798,1.874100357198871,0.0
16,rough_seed_20,6,lm020_ls080_le000,0.05602903154046105,0.9865516702267595,1.2128077058758375,0.6168183600962494,0.8887404910519701,1.8871732495964966,0.05451567689524489,0.6864003066197515,0.7942621643318365,0.4804602428668011,0.6359102000729968,1.060277909131899,0.4443220171504123,0.2474834724394578,0.0
16,rough_seed_20,6,lm020_ls060_le020,0.1594534693720365,0.819985654112524,0.22211565507594375,2.984006928921027,1.9247786474652695,1.4317889314527195,0.14794874700053565,0.598828618701882,0.20058350035926809,1.3822880789078442,1.073218801739991,0.888627172283639,1.7130065764261708,0.7989243956232629,0.0
16,rough_seed_20,6,lm020_ls040_le040,0.40590689800076873,0.590876346245399,1.2774733672165375,6.634920687182136,5.036654746984688,7.715444055010949,0.34068257355784404,0.4642850255592432,0.823066656216001,2.03273255055929,1.7978500086782758,2.1650966306298587,5.704254292571689,1.4558816448447789,0.0
16,rough_seed_20,6,lm020_ls020_le060,0.5563867301990284,0.08986291925197469,0.6594073350609846,9.886541204617252,6.558512823149061,13.26279170986556,0.44236693613395356,0.08605192617817788,0.5064605115474169,2.3875272744309433,2.0226744543255357,2.6576541679056307,9.467396251039963,2.0109921742675207,0.0
16,rough_seed_20,6,lm020_ls000_le080,0.8136093987700718,0.28765939508191396,1.4876391696476852,16.1646335708681,6.405209311264282,19.49928309305443,0.5953190025808986,0.2528261478982884,0.9113341360826617,2.842851079222902,2.002183713527476,3.0203899144623447,13.16007267056238,2.0353151402169583,0.0
16,rough_seed_20,6,lm000_ls100_le000,0.05804812896235233,1.0835280741710018,1.381904447795167,0.7659823331085647,0.7208482330210941,1.429136248939876,0.056425822914066,0.7340626463137094,0.8679003558527607,0.5687070982294439,0.5428173279957528,0.8875357410528637,0.37261528214694306,0.24105399294447918,0.0
16,rough_seed_20,6,lm000_ls080_le020,0.15982927175738929,0.8920825949673292,0.0512082811236045,3.290748300001952,1.5489633891437347,0.0025285118012065605,0.14827281476681295,0.6376781245221529,0.04994024649838618,1.4564611466338568,0.9356867624598137,0.00252532049361609,1.2788265305811222,0.551203965269825,0.0
16,rough_seed_20,6,lm000_ls060_le040,0.39963959406864585,0.537592040522202,0.5646393580490444,8.127406270730749,6.0552461990706385,4.2783382122866405,0.33621477067158956,0.4302175826610506,0.44765535529506084,2.2112815656075835,1.9537714818001595,1.663611315658026,5.653039896482713,1.5381922181460226,0.0
16,rough_seed_20,6,lm000_ls040_le060,0.5678907975998506,0.05965689117544133,0.6504394972303772,9.390344142142022,7.06682784507972,10.952735100925505,0.44973127511508276,0.057945168155508424,0.5010416144022454,2.3408769270016783,2.087760325089924,2.480960130927313,8.710639967380525,1.9669597751153596,0.0
16,rough_seed_20,6,lm000_ls020_le080,0.8318722789404461,0.4465338516918239,1.7713676822895816,15.192013121178832,7.460599766085211,20.312859561637644,0.6053385470860496,0.36917024764333256,1.0193409464647356,2.78451810345421,2.1354200654415605,3.0593106258287026,13.305232878659945,1.9951330178434519,0.0
16,rough_seed_20,6,lm000_ls000_le100,1.0,0.0,0.9588063188687238,20.611101532626048,5.04201075969827,23.230505993702092,0.6931471805599453,0.0,0.6723352667284695,3.073207142501795,1.7987368637802184,3.187612417553108,15.64160398905256,2.2313579921822355,0.0
17,rough_seed_28,6,lm100_ls000_le000,0.0,1.0,1.0,0.2670731921901714,0.5787124812969133,1.0323233079039011,0.0,0.6931471805599453,0.6931471805599453,0.23670966777638613,0.4566096295842859,0.7091796252802888,0.24022800626571975,0.163093221157463,0.0
17,rough_seed_28,6,lm080_ls020_le000,0.06596671078954602,0.5923764737508781,0.844176407156701,0.4467294768201604,1.1807339799292111,1.1113708586924353,0.06388209710364805,0.46522753795229377,0.6120327860450316,0.36930547565849925,0.7796615081752207,0.7473374325896225,0.4121049079148939,0.25172066510745633,0.0
17,rough_seed_28,6,lm080_ls000_le020,0.9932917610941652,2.0569338868007705,3.443144018436426,0.19277916742910226,1.3043077523477067,1.2230647864433384,0.6897874234385701,1.117412415851403,1.4913622381113947,0.17628601904851982,0.8347803069811379,0.7988867782565977,1.2577393200370715,0.49620299103837073,0.0
17,rough_seed_28,6,lm060_ls040_le000,0.017290715137091857,0.5671160513923715,0.7282364576305951,0.23335845847881678,1.7391527074291584,1.443601359347555,0.017142931809524954,0.44923702023107837,0.5471014999268691,0.20974090251414917,1.0076486417129853,0.8934729180822196,0.7011564336984906,0.3657936701139606,0.0
17,rough_seed_28,6,lm060_ls020_le020,0.9576076523001096,0.8990044891063806,3.178176071177746,0.18888474077894668,1.097125417092372,1.105442461042975,0.6717231421599912,0.6413297957590981,1.4298748047015868,0.17301567506111692,0.7405675579961097,0.744525640316236,1.0131924832139751,0.4277647979070789,0.0
17,rough_seed_28,6,lm060_ls000_le040,1.584843406555654,3.80046284155291,3.7405123528338984,0.0,0.9320697523706039,0.24526828886301458,0.9496649283907307,1.5687123385887456,1.5561452211807083,-0.3201819394507863,0.6585918388500956,0.21935099976403832,2.6494935199029483,1.1722538629989456,0.3333333333333333
17,rough_seed_28,6,lm040_ls060_le000,0.16417571087646976,0.5697530415619931,0.6776368874972689,0.019153464615169837,1.982622153908049,1.3581871149765368,0.1520132922780113,0.45091830861937365,0.5173861886192409,0.018972346056291722,1.0928028310357332,0.8578931522224049,0.7461471953622079,0.371810810747081,0.0
17,rough_seed_28,6,lm040_ls040_le020,0.7314809672192489,1.7380791279546282,2.0479997760986337,0.03765039099699647,0.7204590748234339,0.8017127674336739,0.548977092723258,1.0072566263590457,1.1144855643659437,0.0369589177955576,0.5425911591799472,0.588737749940476,0.9859125460061356,0.5008104855107556,0.0
17,rough_seed_28,6,lm040_ls020_le040,1.6422897082455976,3.2847497932194507,3.7326620112520916,0.0,0.617047203136958,0.0,0.971645854988398,1.45506215903089,1.554487837271764,-0.36737230425681644,0.4806017719666452,-0.11631917341116205,2.680884769860061,1.3280951856641285,0.6666666666666666
17,rough_seed_28,6,lm040_ls000_le060,2.1809576907022725,5.145513218925743,4.097568984133133,0.0,0.1821089367548017,0.0,1.1571823120505342,1.815722257663302,1.6287637563093096,-0.2774868796367279,0.1673000778122795,-0.31603977317064313,3.7473103190021155,1.6759649670060792,0.6666666666666666
17,rough_seed_28,6,lm020_ls080_le000,0.2359461594450606,0.5474503631891309,1.6071412737590323,0.018091227186308286,1.7662417000473316,0.6082787508434407,0.2118367977671905,0.436608649578586,0.9582543236477001,0.017929528245158033,1.0174896119438561,0.4751645082475413,0.8118362640108483,0.4192926824291538,0.0
17,rough_seed_28,6,lm020_ls060_le020,0.8192041750915271,1.089876924384008,2.012368317931025,0.023803579033590087,0.7628986782227565,0.6233940747092539,0.5983991390266324,0.7371051763882203,1.1027265859712647,0.02352469086800557,0.5669594305349058,0.4845190654117366,0.8371176951469866,0.4544092381904898,0.0
17,rough_seed_28,6,lm020_ls040_le040,1.7189972955072672,3.2128074538134994,2.042555974036965,0.0,0.3770901650718773,0.0,1.0002631709853547,1.438129279083613,1.1126979430930484,-0.35850611152203027,0.3199726969578691,-0.27868098759971616,2.1990901860952845,1.289434931775298,0.6666666666666666
17,rough_seed_28,6,lm020_ls020_le060,2.216491669582751,5.153874068316809,2.9501429116742948,0.0,0.17045078930738602,0.0,1.168291221964352,1.8170818133035382,1.3737517584292513,-0.28809784132439964,0.15738896461084284,-0.5998282912078942,3.383352620088823,1.6965539872061974,0.6666666666666666
17,rough_seed_28,6,lm020_ls000_le080,2.69988768450396,9.54711958272465,5.673778325978974,0.0,0.0,0.0,1.3083024636499698,2.355852797309717,1.8981861652104364,-0.05440272663410717,-0.2984115354702832,-0.5832820003627078,5.973595197735861,2.166145896212407,1.0
17,rough_seed_28,6,lm000_ls100_le000,0.23588681885320262,0.0,0.10329968551997849,0.0,1.5488988914865898,0.13973615617142762,0.21178878433554654,0.0,0.09830540374826154,-0.04143529309907279,0.9356614586545724,0.13079679366469366,0.6070740603304138,0.40712564200187457,0.3333333333333333
17,rough_seed_28,6,lm000_ls080_le020,1.0,0.2761665082421718,0.0,0.02410235406348955,0.7271490625160315,0.17630333000625042,0.6931471805599453,0.2438606687620109,0.0,0.023816476762260397,0.5464721084195425,0.16237674989604722,0.5343945100722068,0.37810629778375454,0.0
17,rough_seed_28,6,lm000_ls060_le040,1.8261206680385873,4.05156828229159,2.0011648549479255,0.0,0.29355946084416495,0.0,1.0389049825859182,1.6196987460251333,1.0990004982876451,-0.23718849856782942,0.2573976905430812,-0.36830985054454335,2.528431448144646,1.368568295155996,0.6666666666666666
17,rough_seed_28,6,lm000_ls040_le060,2.1604353240886085,4.44910096431131,3.6095294870489814,0.0,0.0,0.0,1.1507097788982092,1.69545063439082,1.5281257882528603,-0.2708937717473875,-0.015120244014341866,-0.7772230481658214,3.4063552584829666,1.8125077551564803,1.0
17,rough_seed_28,6,lm000_ls020_le080,2.5815686027956573,9.734983291611353,5.3301436349814715,0.0,0.0,0.0,1.2758008616552616,2.3735078748890444,1.845322927048956,-0.08520230814621832,-0.10475764802662046,-0.4441812836161497,5.882231843129493,2.042924301127417,1.0
17,rough_seed_28,6,lm000_ls000_le100,3.158582943506154,9.83739339398625,5.533794341890057,0.1662466524167735,0.0,0.0,1.4251743776624206,2.3830025052865373,1.8769878376131357,0.1537906027931092,-0.37307107060925737,-0.17258073461132906,6.121174675655229,2.02567530766319,0.6666666666666666
18,rough_seed_17,6,lm100_ls000_le000,0.0005123518609877983,0.09464123981968448,0.26922910332438293,0.17249392388781754,1.5150625399851931,2.4230111183699674,0.0005122206535873937,0.0904266747165666,0.23840971091183247,0.15913303913963955,0.9222976700358463,1.2305206076789015,1.2487282957459742,0.6608675701908003,0.0
18,rough_seed_17,6,lm080_ls020_le000,0.04635244453353344,0.28036529448276126,0.8382225489825449,0.2578558130222552,1.7647442442686676,2.6704749579890614,0.04531025395023173,0.24714542353125488,0.608799098748663,0.2294085356697858,1.0169481331441168,1.3003210700386993,1.1760449090937148,0.5484743208741508,0.0
18,rough_seed_17,6,lm080_ls000_le020,0.4921172776964694,0.6699069016552688,0.3396643622615914,0.6888795948943665,1.1380766831412867,0.0,0.40019610304661074,0.5127678773628983,0.29241910666430104,0.5240653474777971,0.7599066787235885,-0.12399980244649011,0.3348654869818355,0.2624756516342226,0.3333333333333333
18,rough_seed_17,6,lm060_ls040_le000,0.0,0.6046352986225292,0.9979711357216359,0.1842244219418432,2.02659790863901,2.903945368114158,0.0,0.47289650248915627,0.692132233536241,0.16908806405931331,1.1074391862770292,1.361987674629714,1.170720421450282,0.49116206298021975,0.0
18,rough_seed_17,6,lm060_ls020_le020,0.5571118303767914,0.6825165438702985,0.4083490349711585,0.8927815236481881,1.7379264787796564,0.032715898288631556,0.4428327145351731,0.5202906153979415,0.34241812117082365,0.638047452808136,1.0072008743434437,0.032192126452901815,0.5889042549544272,0.3307836639787956,0.0
18,rough_seed_17,6,lm060_ls000_le040,1.0,0.0,1.0,0.8124399737864284,0.5520087272834462,0.0,0.6931471805599453,0.0,0.6931471805599453,0.5946739892873466,0.4395500449948597,-0.5076821802287056,0.5798562511656726,0.5796175323520364,0.3333333333333333
18,rough_seed_17,6,lm040_ls060_le000,0.11419009824805318,0.43363345545972526,1.0466123663686038,0.0885754414869328,2.3598563182328163,3.3345564583256615,0.10812777169383953,0.36021209964293865,0.7161859220487271,0.08486990704176567,1.2118982106300646,1.4666192885792908,1.4132605371637563,0.5417924473899212,0.0
18,rough_seed_17,6,lm040_ls040_le020,0.5339597176820022,0.83061083095312,0.4128785737836549,0.8788213162153773,1.7777752767440063,0.0,0.42785244294056185,0.604649698564783,0.3456291649663482,0.6306446207606833,1.0216503471594183,-0.1435871778423916,0.5683015393693054,0.3696697230744988,0.3333333333333333
18,rough_seed_17,6,lm040_ls020_le040,0.930969523632551,0.7568964368373209,0.443097983601985,0.988412156542286,0.8111169689572796,0.0,0.658022220635424,0.56354886429035,0.36679218019052784,0.6873364089504732,0.5939437648648566,-0.43933798857975914,0.1849203828772262,0.2886130858866142,0.3333333333333333
18,rough_seed_17,6,lm040_ls000_le060,2.3108913626889147,1.2096944882717358,2.682184784425062,0.976442894363583,0.4072428662370705,0.0,1.1972174469996077,0.7928542653725243,1.3035062674356641,0.6812987110344465,0.3416323760558976,-0.5330663539114283,1.606361624928353,0.9345710822096267,0.3333333333333333
18,rough_seed_17,6,lm020_ls080_le000,0.10461091969815578,0.7171601598778032,0.6118628621003379,0.04813170855450593,3.0597364524723862,4.080186292419816,0.09949316409438515,0.5406718564689196,0.47739056732676366,0.04700925410389856,1.401118058322548,1.625347932654183,1.955792978019237,0.6869624923905114,0.0
18,rough_seed_17,6,lm020_ls060_le020,0.5851599826906911,1.0,0.0,0.70062714644943,1.9238416159491514,0.0,0.46068533768714415,0.6931471805599453,0.0,0.530997092707862,1.072898373508397,-0.2753331868342729,0.3464362599026301,0.2417987116011475,0.3333333333333333
18,rough_seed_17,6,lm020_ls040_le040,1.0440025510444515,0.28905862618208306,0.993862742204548,0.8657815040729551,1.2131727882632868,0.0,0.7149099204054793,0.2539122048328518,0.6900738337664436,0.6236800023607157,0.7944271367661979,-0.7002117013209502,0.6987326504190827,0.6740101283551678,0.3333333333333333
18,rough_seed_17,6,lm020_ls020_le060,2.265373495274082,1.563601561406821,2.6163746792535183,1.1745546655997468,0.5395117772954707,0.0,1.183374149838032,0.9414131297157868,1.2854720542122529,0.7768238921278156,0.43146533843140944,-0.4258125951867121,1.577094431013068,0.8759275661311863,0.3333333333333333
18,rough_seed_17,6,lm020_ls000_le080,2.7037574468991474,1.725872281852484,1.747267245621655,1.7598835997833053,1.0146733051164052,0.07014894502700185,1.3093478305412534,1.0027884803251386,1.0106066887377534,1.0151885048481548,0.7004570507980427,0.067797839746075,1.1107303748155246,0.5130998680706242,0.0
18,rough_seed_17,6,lm000_ls100_le000,0.16456353355940764,1.056999758096948,0.5904860501521143,0.4026196197018504,3.544655818484796,4.185805613806956,0.15234636751384967,0.7212484930708851,0.4640396614374539,0.3383416451177004,1.5139519972558744,1.645925203538337,2.1070105700617106,0.7201947746299077,0.0
18,rough_seed_17,6,lm000_ls080_le020,0.6254724220912118,1.140046487698809,0.16079597018908506,0.6874809840524115,2.036075456182971,0.0,0.4857984948173557,0.7608275520215568,0.14910595100108204,0.5232368749913734,1.1105657130397404,-0.21123174266523004,0.3729445002114822,0.24917141161950443,0.3333333333333333
18,rough_seed_17,6,lm000_ls060_le040,1.1389223157922381,0.3602093137440061,1.212830365443287,0.9263164270607519,2.665076129600931,0.0,0.7603021114380603,0.30763859507017843,0.7942724044676472,0.6556095922286473,1.2988491071831598,-0.538789945110619,1.2434343566772326,0.8096551269668869,0.3333333333333333
18,rough_seed_17,6,lm000_ls040_le060,2.2284811044687673,2.0063114227765264,2.382672542243054,1.3093273575068696,1.688253053131625,0.0,1.1720117803396028,1.1007138863560255,1.2186660900332393,0.8369562949040066,0.988891560019882,-0.3195375333135916,1.2066282196166176,0.6616938117061902,0.3333333333333333
18,rough_seed_17,6,lm000_ls020_le080,2.7166788720131883,1.806145542723751,1.7192755759561913,1.7874986439593639,1.5413024068506829,0.1602112289746575,1.3128304931823627,1.0318118487327808,1.0003655124660948,1.0251446503141417,0.9326767082173051,0.14860208248485374,0.9176959036361421,0.4128614711216459,0.0
18,rough_seed_17,6,lm000_ls000_le100,2.9930960359081986,0.7981617723570864,3.016545423458454,2.125209277214023,2.714043359181221,0.017372306138432932,1.384566878858278,0.5867649055043285,1.3904221857818868,1.1395012496545485,1.312121137386121,0.017223132806477914,1.9276471542794438,0.7812069713536437,0.0
