update,beta,policy_step,episode_step,state_sim_time_s,reward_cost_traction,established_contact_time_s,established_contact_samples,traction_cost_time_sum_delta_s,reconstructed_cost_traction,reconstruction_abs_error,FL_contact_samples,FR_contact_samples,RL_contact_samples,RR_contact_samples,source_log
10,balanced,0,6,1.2,3.864117638081097,0.2519999999999949,126,0.9737576447964167,3.864117638081097,0.0,58,71,87,44,results/icra27/os_t4p5k5_lockstep_checkpoint_sweep_v0/train9/u10/env_logs/balanced/low_friction/episode_0000.jsonl
10,balanced,1,7,1.4000000000000001,2.1954717790484666,0.3939999999999566,197,0.8650158809450006,2.1954717790484666,0.0,100,0,0,98,results/icra27/os_t4p5k5_lockstep_checkpoint_sweep_v0/train9/u10/env_logs/balanced/low_friction/episode_0000.jsonl
10,balanced,2,8,1.6,0.40093223492459135,0.3639999999999599,182,0.14593933351253519,0.40093223492459135,0.0,65,80,69,64,results/icra27/os_t4p5k5_lockstep_checkpoint_sweep_v0/train9/u10/env_logs/balanced/low_friction/episode_0000.jsonl
10,balanced,3,9,1.8,0.010044825055312009,0.39999999999995595,200,0.004017930022124361,0.010044825055312009,0.0,0,100,100,1,results/icra27/os_t4p5k5_lockstep_checkpoint_sweep_v0/train9/u10/env_logs/balanced/low_friction/episode_0000.jsonl
10,balanced,4,10,2.0,0.04788467792355221,0.5119999999999436,256,0.02451695509685603,0.04788467792355221,0.0,93,48,52,100,results/icra27/os_t4p5k5_lockstep_checkpoint_sweep_v0/train9/u10/env_logs/balanced/low_friction/episode_0000.jsonl
10,balanced,5,11,2.2,0.02112697228730183,0.42999999999995264,215,0.009084598083538786,0.02112697228730183,0.0,100,35,18,100,results/icra27/os_t4p5k5_lockstep_checkpoint_sweep_v0/train9/u10/env_logs/balanced/low_friction/episode_0000.jsonl
10,balanced,6,12,2.4,0.007757649593746273,0.5099999999999438,255,0.003956401292810163,0.007757649593746273,0.0,28,100,100,29,results/icra27/os_t4p5k5_lockstep_checkpoint_sweep_v0/train9/u10/env_logs/balanced/low_friction/episode_0000.jsonl
10,balanced,7,13,2.6,0.15364553303360673,0.48999999999994603,245,0.07528631118645901,0.15364553303360673,0.0,44,100,100,41,results/icra27/os_t4p5k5_lockstep_checkpoint_sweep_v0/train9/u10/env_logs/balanced/low_friction/episode_0000.jsonl
10,balanced,8,14,2.8000000000000003,0.007456916651363813,0.42799999999995286,214,0.0031915603267833603,0.007456916651363813,0.0,100,6,8,100,results/icra27/os_t4p5k5_lockstep_checkpoint_sweep_v0/train9/u10/env_logs/balanced/low_friction/episode_0000.jsonl
10,balanced,9,15,3.0,0.003079212411331271,0.5139999999999434,257,0.001582715179424099,0.003079212411331271,0.0,86,68,56,87,results/icra27/os_t4p5k5_lockstep_checkpoint_sweep_v0/train9/u10/env_logs/balanced/low_friction/episode_0000.jsonl
10,balanced,10,16,3.2,0.0,0.39999999999995595,200,0.0,0.0,0.0,0,100,100,0,results/icra27/os_t4p5k5_lockstep_checkpoint_sweep_v0/train9/u10/env_logs/balanced/low_friction/episode_0000.jsonl
10,balanced,11,17,3.4,0.2332162672338076,0.4559999999999498,228,0.10634661785860455,0.2332162672338076,0.0,82,63,65,78,results/icra27/os_t4p5k5_lockstep_checkpoint_sweep_v0/train9/u10/env_logs/balanced/low_friction/episode_0000.jsonl
10,balanced,12,18,3.6,0.0012011834442306126,0.39999999999995595,200,0.0004804733776921921,0.0012011834442306126,0.0,100,10,0,100,results/icra27/os_t4p5k5_lockstep_checkpoint_sweep_v0/train9/u10/env_logs/balanced/low_friction/episode_0000.jsonl
10,balanced,13,19,3.8000000000000003,0.037660015027147,0.5119999999999436,256,0.01928192769389714,0.037660015027147,0.0,43,100,99,44,results/icra27/os_t4p5k5_lockstep_checkpoint_sweep_v0/train9/u10/env_logs/balanced/low_friction/episode_0000.jsonl
10,balanced,14,20,4.0,0.0779435192544295,0.41199999999984094,206,0.032112729932812556,0.0779435192544295,0.0,26,100,100,20,results/icra27/os_t4p5k5_lockstep_checkpoint_sweep_v0/train9/u10/env_logs/balanced/low_friction/episode_0000.jsonl
10,balanced,15,21,4.2,0.03306643288220426,0.4439999999997557,222,0.014681496199690613,0.03306643288220426,0.0,100,20,22,100,results/icra27/os_t4p5k5_lockstep_checkpoint_sweep_v0/train9/u10/env_logs/balanced/low_friction/episode_0000.jsonl
10,balanced,16,22,4.4,0.03236910569337724,0.5079999999997185,254,0.016443505692226523,0.03236910569337724,0.0,100,53,41,100,results/icra27/os_t4p5k5_lockstep_checkpoint_sweep_v0/train9/u10/env_logs/balanced/low_friction/episode_0000.jsonl
10,balanced,17,23,4.6000000000000005,0.0006971278183094197,0.4019999999997772,201,0.0002802453829602314,0.0006971278183094197,0.0,0,100,100,1,results/icra27/os_t4p5k5_lockstep_checkpoint_sweep_v0/train9/u10/env_logs/balanced/low_friction/episode_0000.jsonl
10,balanced,18,24,4.8,0.08617261910171685,0.45799999999974617,229,0.03946705954856444,0.08617261910171685,0.0,67,77,79,65,results/icra27/os_t4p5k5_lockstep_checkpoint_sweep_v0/train9/u10/env_logs/balanced/low_friction/episode_0000.jsonl
10,balanced,19,25,5.0,0.0,0.3999999999997783,200,0.0,0.0,0.0,100,0,0,100,results/icra27/os_t4p5k5_lockstep_checkpoint_sweep_v0/train9/u10/env_logs/balanced/low_friction/episode_0000.jsonl
10,balanced,20,26,5.2,0.006823519167172124,0.5139999999997151,257,0.0035072888519245282,0.006823519167172124,0.0,57,96,86,58,results/icra27/os_t4p5k5_lockstep_checkpoint_sweep_v0/train9/u10/env_logs/balanced/low_friction/episode_0000.jsonl
10,balanced,21,27,5.4,0.010439086461603532,0.3999999999997783,200,0.0041756345846390985,0.010439086461603532,0.0,12,100,100,9,results/icra27/os_t4p5k5_lockstep_checkpoint_sweep_v0/train9/u10/env_logs/balanced/low_friction/episode_0000.jsonl
10,balanced,22,28,5.6000000000000005,0.24803192159110624,0.5059999999997196,253,0.1255041523250302,0.24803192159110624,0.0,100,35,37,100,results/icra27/os_t4p5k5_lockstep_checkpoint_sweep_v0/train9/u10/env_logs/balanced/low_friction/episode_0000.jsonl
10,balanced,23,29,5.8,0.0025048154550505247,0.4519999999997495,226,0.0011321765856822097,0.0025048154550505247,0.0,100,39,27,100,results/icra27/os_t4p5k5_lockstep_checkpoint_sweep_v0/train9/u10/env_logs/balanced/low_friction/episode_0000.jsonl
10,balanced,24,30,6.0,0.0022658650423886466,0.45799999999974617,229,0.001037766189413425,0.0022658650423886466,0.0,14,100,100,15,results/icra27/os_t4p5k5_lockstep_checkpoint_sweep_v0/train9/u10/env_logs/balanced/low_friction/episode_0000.jsonl
10,balanced,25,31,6.2,0.24227624746787116,0.5119999999997162,256,0.12404543870348128,0.24227624746787116,0.0,57,92,94,53,results/icra27/os_t4p5k5_lockstep_checkpoint_sweep_v0/train9/u10/env_logs/balanced/low_friction/episode_0000.jsonl
10,balanced,26,32,6.4,0.0,0.3999999999997783,200,0.0,0.0,0.0,100,0,0,100,results/icra27/os_t4p5k5_lockstep_checkpoint_sweep_v0/train9/u10/env_logs/balanced/low_friction/episode_0000.jsonl
10,balanced,27,33,6.6000000000000005,0.006302623227219552,0.5119999999997162,256,0.003226943092334622,0.006302623227219552,0.0,71,82,71,72,results/icra27/os_t4p5k5_lockstep_checkpoint_sweep_v0/train9/u10/env_logs/balanced/low_friction/episode_0000.jsonl
10,balanced,28,34,6.8,0.0,0.3999999999997783,200,0.0,0.0,0.0,0,100,100,0,results/icra27/os_t4p5k5_lockstep_checkpoint_sweep_v0/train9/u10/env_logs/balanced/low_friction/episode_0000.jsonl
10,balanced,29,35,7.0,0.13852738095574219,0.46199999999974395,231,0.06399965000151742,0.13852738095574219,0.0,97,49,51,94,results/icra27/os_t4p5k5_lockstep_checkpoint_sweep_v0/train9/u10/env_logs/balanced/low_friction/episode_0000.jsonl
10,balanced,30,36,7.2,0.0009514030174446641,0.41399999999977055,207,0.0003938808492218726,0.0009514030174446641,0.0,100,27,12,100,results/icra27/os_t4p5k5_lockstep_checkpoint_sweep_v0/train9/u10/env_logs/balanced/low_friction/episode_0000.jsonl
10,balanced,31,37,7.4,0.0018221405784145412,0.497999999999724,249,0.0009074260080499386,0.0018221405784145412,0.0,28,100,100,29,results/icra27/os_t4p5k5_lockstep_checkpoint_sweep_v0/train9/u10/env_logs/balanced/low_friction/episode_0000.jsonl
10,balanced,32,38,7.6000000000000005,0.25545965890725614,0.479999999999734,240,0.12262063627541497,0.25545965890725614,0.0,42,100,100,38,results/icra27/os_t4p5k5_lockstep_checkpoint_sweep_v0/train9/u10/env_logs/balanced/low_friction/episode_0000.jsonl
10,balanced,33,39,7.8,0.0116907069033983,0.4279999999997628,214,0.005003622554651699,0.0116907069033983,0.0,100,6,8,100,results/icra27/os_t4p5k5_lockstep_checkpoint_sweep_v0/train9/u10/env_logs/balanced/low_friction/episode_0000.jsonl
10,balanced,34,40,8.0,0.005748475553605676,0.5099999999997245,255,0.002931722532337311,0.005748475553605676,0.0,86,67,55,87,results/icra27/os_t4p5k5_lockstep_checkpoint_sweep_v0/train9/u10/env_logs/balanced/low_friction/episode_0000.jsonl
10,balanced,35,41,8.2,0.0,0.40000000000048885,200,0.0,0.0,0.0,0,100,100,0,results/icra27/os_t4p5k5_lockstep_checkpoint_sweep_v0/train9/u10/env_logs/balanced/low_friction/episode_0000.jsonl
10,balanced,36,42,8.4,0.20698544768554103,0.4620000000005646,231,0.09562727683083683,0.20698544768554103,0.0,82,63,65,78,results/icra27/os_t4p5k5_lockstep_checkpoint_sweep_v0/train9/u10/env_logs/balanced/low_friction/episode_0000.jsonl
10,balanced,37,43,8.6,0.001098054601721178,0.40000000000048885,200,0.00043922184068900805,0.001098054601721178,0.0,100,10,0,100,results/icra27/os_t4p5k5_lockstep_checkpoint_sweep_v0/train9/u10/env_logs/balanced/low_friction/episode_0000.jsonl
10,balanced,38,44,8.8,0.030313929293438416,0.5180000000006331,259,0.01570261537402029,0.030313929293438416,0.0,43,100,100,44,results/icra27/os_t4p5k5_lockstep_checkpoint_sweep_v0/train9/u10/env_logs/balanced/low_friction/episode_0000.jsonl
10,balanced,39,45,9.0,0.1864460730476014,0.4240000000005182,212,0.07905313497227962,0.1864460730476014,0.0,27,100,100,23,results/icra27/os_t4p5k5_lockstep_checkpoint_sweep_v0/train9/u10/env_logs/balanced/low_friction/episode_0000.jsonl
10,balanced,40,46,9.200000000000001,0.1686993459328046,0.4840000000005915,242,0.08165048343157721,0.1686993459328046,0.0,100,20,22,100,results/icra27/os_t4p5k5_lockstep_checkpoint_sweep_v0/train9/u10/env_logs/balanced/low_friction/episode_0000.jsonl
10,stability,0,6,1.2,3.9752463584377167,0.2539999999999947,127,1.0097125750431588,3.9752463584377167,0.0,58,73,87,45,results/icra27/os_t4p5k5_lockstep_checkpoint_sweep_v0/train9/u10/env_logs/stability/low_friction/episode_0000.jsonl
10,stability,1,7,1.4000000000000001,2.069397021363545,0.3959999999999564,198,0.8194812204598736,2.069397021363545,0.0,100,0,0,98,results/icra27/os_t4p5k5_lockstep_checkpoint_sweep_v0/train9/u10/env_logs/stability/low_friction/episode_0000.jsonl
10,stability,2,8,1.6,0.5602132595591545,0.35199999999996123,176,0.19719506736480064,0.5602132595591545,0.0,65,79,69,64,results/icra27/os_t4p5k5_lockstep_checkpoint_sweep_v0/train9/u10/env_logs/stability/low_friction/episode_0000.jsonl
10,stability,3,9,1.8,0.006202084010501058,0.39999999999995595,200,0.00248083360420015,0.006202084010501058,0.0,0,100,100,1,results/icra27/os_t4p5k5_lockstep_checkpoint_sweep_v0/train9/u10/env_logs/stability/low_friction/episode_0000.jsonl
10,stability,4,10,2.0,0.04133772744341671,0.5099999999999438,255,0.0210822409961402,0.04133772744341671,0.0,93,48,51,100,results/icra27/os_t4p5k5_lockstep_checkpoint_sweep_v0/train9/u10/env_logs/stability/low_friction/episode_0000.jsonl
10,stability,5,11,2.2,0.023043031585616103,0.42999999999995264,215,0.009908503581813832,0.023043031585616103,0.0,100,35,18,100,results/icra27/os_t4p5k5_lockstep_checkpoint_sweep_v0/train9/u10/env_logs/stability/low_friction/episode_0000.jsonl
10,stability,6,12,2.4,0.0084554489420074,0.5099999999999438,255,0.004312278960423299,0.0084554489420074,0.0,28,100,100,29,results/icra27/os_t4p5k5_lockstep_checkpoint_sweep_v0/train9/u10/env_logs/stability/low_friction/episode_0000.jsonl
10,stability,7,13,2.6,0.17193548321978624,0.48999999999994603,245,0.08424838677768598,0.17193548321978624,0.0,44,100,100,41,results/icra27/os_t4p5k5_lockstep_checkpoint_sweep_v0/train9/u10/env_logs/stability/low_friction/episode_0000.jsonl
10,stability,8,14,2.8000000000000003,0.007869288491546592,0.42799999999995286,214,0.0033680554743815705,0.007869288491546592,0.0,100,6,8,100,results/icra27/os_t4p5k5_lockstep_checkpoint_sweep_v0/train9/u10/env_logs/stability/low_friction/episode_0000.jsonl
10,stability,9,15,3.0,0.0030648078566373996,0.5139999999999434,257,0.0015753112383114498,0.0030648078566373996,0.0,86,68,56,87,results/icra27/os_t4p5k5_lockstep_checkpoint_sweep_v0/train9/u10/env_logs/stability/low_friction/episode_0000.jsonl
10,stability,10,16,3.2,0.0,0.39999999999995595,200,0.0,0.0,0.0,0,100,100,0,results/icra27/os_t4p5k5_lockstep_checkpoint_sweep_v0/train9/u10/env_logs/stability/low_friction/episode_0000.jsonl
10,stability,11,17,3.4,0.3655442061436934,0.49799999999994515,249,0.18204101465953926,0.3655442061436934,0.0,82,63,65,79,results/icra27/os_t4p5k5_lockstep_checkpoint_sweep_v0/train9/u10/env_logs/stability/low_friction/episode_0000.jsonl
10,stability,12,18,3.6,0.0010685806249967134,0.39999999999995595,200,0.00042743224999863827,0.0010685806249967134,0.0,100,10,0,100,results/icra27/os_t4p5k5_lockstep_checkpoint_sweep_v0/train9/u10/env_logs/stability/low_friction/episode_0000.jsonl
10,stability,13,19,3.8000000000000003,0.022597963101908942,0.5119999999999436,256,0.011570157108176105,0.022597963101908942,0.0,43,100,99,44,results/icra27/os_t4p5k5_lockstep_checkpoint_sweep_v0/train9/u10/env_logs/stability/low_friction/episode_0000.jsonl
10,stability,14,20,4.0,0.12294835404852973,0.4139999999998256,207,0.05090061857606987,0.12294835404852973,0.0,26,100,100,21,results/icra27/os_t4p5k5_lockstep_checkpoint_sweep_v0/train9/u10/env_logs/stability/low_friction/episode_0000.jsonl
10,stability,15,21,4.2,0.039855375177569666,0.4439999999997557,222,0.017695786578831196,0.039855375177569666,0.0,100,20,22,100,results/icra27/os_t4p5k5_lockstep_checkpoint_sweep_v0/train9/u10/env_logs/stability/low_friction/episode_0000.jsonl
10,stability,16,22,4.4,0.016114000237257616,0.5079999999997185,254,0.008185912120522332,0.016114000237257616,0.0,100,53,41,100,results/icra27/os_t4p5k5_lockstep_checkpoint_sweep_v0/train9/u10/env_logs/stability/low_friction/episode_0000.jsonl
10,stability,17,23,4.6000000000000005,0.0006528868286737017,0.4019999999997772,201,0.0002624605051266826,0.0006528868286737017,0.0,0,100,100,1,results/icra27/os_t4p5k5_lockstep_checkpoint_sweep_v0/train9/u10/env_logs/stability/low_friction/episode_0000.jsonl
10,stability,18,24,4.8,0.08891596494798402,0.4559999999997473,228,0.040545680016258245,0.08891596494798402,0.0,67,77,79,65,results/icra27/os_t4p5k5_lockstep_checkpoint_sweep_v0/train9/u10/env_logs/stability/low_friction/episode_0000.jsonl
10,stability,19,25,5.0,0.0,0.3999999999997783,200,0.0,0.0,0.0,100,0,0,100,results/icra27/os_t4p5k5_lockstep_checkpoint_sweep_v0/train9/u10/env_logs/stability/low_friction/episode_0000.jsonl
10,stability,20,26,5.2,0.005047432010908795,0.5139999999997151,257,0.0025943800536056827,0.005047432010908795,0.0,57,96,86,58,results/icra27/os_t4p5k5_lockstep_checkpoint_sweep_v0/train9/u10/env_logs/stability/low_friction/episode_0000.jsonl
10,stability,21,27,5.4,0.010269180135186325,0.3999999999997783,200,0.004107672054072253,0.010269180135186325,0.0,12,100,100,9,results/icra27/os_t4p5k5_lockstep_checkpoint_sweep_v0/train9/u10/env_logs/stability/low_friction/episode_0000.jsonl
10,stability,22,28,5.6000000000000005,0.24826382065614802,0.5059999999997196,253,0.12562149325194127,0.24826382065614802,0.0,100,35,37,100,results/icra27/os_t4p5k5_lockstep_checkpoint_sweep_v0/train9/u10/env_logs/stability/low_friction/episode_0000.jsonl
10,stability,23,29,5.8,0.0018741469164166875,0.4519999999997495,226,0.0008471144062198732,0.0018741469164166875,0.0,100,39,27,100,results/icra27/os_t4p5k5_lockstep_checkpoint_sweep_v0/train9/u10/env_logs/stability/low_friction/episode_0000.jsonl
10,stability,24,30,6.0,0.0022181227435639694,0.45799999999974617,229,0.001015900216551735,0.0022181227435639694,0.0,14,100,100,15,results/icra27/os_t4p5k5_lockstep_checkpoint_sweep_v0/train9/u10/env_logs/stability/low_friction/episode_0000.jsonl
10,stability,25,31,6.2,0.23401526975550807,0.5119999999997162,256,0.11981581811475372,0.23401526975550807,0.0,57,92,94,53,results/icra27/os_t4p5k5_lockstep_checkpoint_sweep_v0/train9/u10/env_logs/stability/low_friction/episode_0000.jsonl
10,stability,26,32,6.4,0.0,0.3999999999997783,200,0.0,0.0,0.0,100,0,0,100,results/icra27/os_t4p5k5_lockstep_checkpoint_sweep_v0/train9/u10/env_logs/stability/low_friction/episode_0000.jsonl
10,stability,27,33,6.6000000000000005,0.00468168820464114,0.5119999999997162,256,0.0023970243607749353,0.00468168820464114,0.0,71,82,71,72,results/icra27/os_t4p5k5_lockstep_checkpoint_sweep_v0/train9/u10/env_logs/stability/low_friction/episode_0000.jsonl
10,stability,28,34,6.8,0.0,0.3999999999997783,200,0.0,0.0,0.0,0,100,100,0,results/icra27/os_t4p5k5_lockstep_checkpoint_sweep_v0/train9/u10/env_logs/stability/low_friction/episode_0000.jsonl
10,stability,29,35,7.0,0.28180232144982054,0.5039999999997207,252,0.14202837001063084,0.28180232144982054,0.0,97,49,51,95,results/icra27/os_t4p5k5_lockstep_checkpoint_sweep_v0/train9/u10/env_logs/stability/low_friction/episode_0000.jsonl
10,stability,30,36,7.2,0.00022357303440399668,0.4079999999997739,204,9.12177980367801e-05,0.00022357303440399668,0.0,100,27,13,100,results/icra27/os_t4p5k5_lockstep_checkpoint_sweep_v0/train9/u10/env_logs/stability/low_friction/episode_0000.jsonl
10,stability,31,37,7.4,0.00173110837072084,0.4999999999997229,250,0.0008655541853599402,0.00173110837072084,0.0,28,100,100,29,results/icra27/os_t4p5k5_lockstep_checkpoint_sweep_v0/train9/u10/env_logs/stability/low_friction/episode_0000.jsonl
10,stability,32,38,7.6000000000000005,0.22968515977021955,0.48199999999973286,241,0.11070824700918447,0.22968515977021955,0.0,42,100,100,39,results/icra27/os_t4p5k5_lockstep_checkpoint_sweep_v0/train9/u10/env_logs/stability/low_friction/episode_0000.jsonl
10,stability,33,39,7.8,0.017730112127920434,0.4279999999997628,214,0.00758848799074574,0.017730112127920434,0.0,100,6,8,100,results/icra27/os_t4p5k5_lockstep_checkpoint_sweep_v0/train9/u10/env_logs/stability/low_friction/episode_0000.jsonl
10,stability,34,40,8.0,0.0028458155549458994,0.5119999999997198,256,0.0014570575641315031,0.0028458155549458994,0.0,86,67,56,87,results/icra27/os_t4p5k5_lockstep_checkpoint_sweep_v0/train9/u10/env_logs/stability/low_friction/episode_0000.jsonl
10,stability,35,41,8.2,0.0,0.40000000000048885,200,0.0,0.0,0.0,0,100,100,0,results/icra27/os_t4p5k5_lockstep_checkpoint_sweep_v0/train9/u10/env_logs/stability/low_friction/episode_0000.jsonl
10,stability,36,42,8.4,0.17194455483312865,0.46400000000056707,232,0.0797822734426692,0.17194455483312865,0.0,82,63,65,79,results/icra27/os_t4p5k5_lockstep_checkpoint_sweep_v0/train9/u10/env_logs/stability/low_friction/episode_0000.jsonl
10,stability,37,43,8.6,0.0004959177535884308,0.40000000000048885,200,0.00019836710143561476,0.0004959177535884308,0.0,100,11,0,100,results/icra27/os_t4p5k5_lockstep_checkpoint_sweep_v0/train9/u10/env_logs/stability/low_friction/episode_0000.jsonl
10,stability,38,44,8.8,0.012421653682797039,0.5200000000006355,260,0.006459259915062354,0.012421653682797039,0.0,43,100,100,44,results/icra27/os_t4p5k5_lockstep_checkpoint_sweep_v0/train9/u10/env_logs/stability/low_friction/episode_0000.jsonl
10,stability,39,45,9.0,0.19819250871968097,0.4240000000005182,212,0.08403362369724743,0.19819250871968097,0.0,27,100,100,23,results/icra27/os_t4p5k5_lockstep_checkpoint_sweep_v0/train9/u10/env_logs/stability/low_friction/episode_0000.jsonl
10,stability,40,46,9.200000000000001,0.03872618647707464,0.4440000000005426,222,0.017194426795842155,0.03872618647707464,0.0,100,20,22,99,results/icra27/os_t4p5k5_lockstep_checkpoint_sweep_v0/train9/u10/env_logs/stability/low_friction/episode_0000.jsonl
10,energy,0,6,1.2,3.6705662823367695,0.2619999999999938,131,0.9616883659722109,3.6705662823367695,0.0,58,71,87,45,results/icra27/os_t4p5k5_lockstep_checkpoint_sweep_v0/train9/u10/env_logs/energy/low_friction/episode_0000.jsonl
10,energy,1,7,1.4000000000000001,2.0287147481134458,0.38999999999995705,195,0.7911987517641568,2.0287147481134458,0.0,100,0,0,99,results/icra27/os_t4p5k5_lockstep_checkpoint_sweep_v0/train9/u10/env_logs/energy/low_friction/episode_0000.jsonl
10,energy,2,8,1.6,0.41779700412686593,0.42999999999995264,215,0.17965271177453257,0.41779700412686593,0.0,68,80,71,66,results/icra27/os_t4p5k5_lockstep_checkpoint_sweep_v0/train9/u10/env_logs/energy/low_friction/episode_0000.jsonl
10,energy,3,9,1.8,0.0003602947629178074,0.39999999999995595,200,0.0001441179051671071,0.0003602947629178074,0.0,0,100,100,7,results/icra27/os_t4p5k5_lockstep_checkpoint_sweep_v0/train9/u10/env_logs/energy/low_friction/episode_0000.jsonl
10,energy,4,10,2.0,0.019251659597568513,0.5279999999999418,264,0.010164876267515055,0.019251659597568513,0.0,95,49,51,100,results/icra27/os_t4p5k5_lockstep_checkpoint_sweep_v0/train9/u10/env_logs/energy/low_friction/episode_0000.jsonl
10,energy,5,11,2.2,0.020372859836716502,0.42999999999995264,215,0.00876032972978713,0.020372859836716502,0.0,100,35,17,100,results/icra27/os_t4p5k5_lockstep_checkpoint_sweep_v0/train9/u10/env_logs/energy/low_friction/episode_0000.jsonl
10,energy,6,12,2.4,0.004700363848204141,0.507999999999944,254,0.002387784834887441,0.004700363848204141,0.0,28,100,100,29,results/icra27/os_t4p5k5_lockstep_checkpoint_sweep_v0/train9/u10/env_logs/energy/low_friction/episode_0000.jsonl
10,energy,7,13,2.6,0.1841767398281137,0.48999999999994603,245,0.09024660251576577,0.1841767398281137,0.0,44,100,100,41,results/icra27/os_t4p5k5_lockstep_checkpoint_sweep_v0/train9/u10/env_logs/energy/low_friction/episode_0000.jsonl
10,energy,8,14,2.8000000000000003,0.005816098611505505,0.42799999999995286,214,0.0024892902057240818,0.005816098611505505,0.0,100,6,8,100,results/icra27/os_t4p5k5_lockstep_checkpoint_sweep_v0/train9/u10/env_logs/energy/low_friction/episode_0000.jsonl
10,energy,9,15,3.0,0.004850365460947449,0.5119999999999436,256,0.0024833871160048204,0.004850365460947449,0.0,86,68,55,87,results/icra27/os_t4p5k5_lockstep_checkpoint_sweep_v0/train9/u10/env_logs/energy/low_friction/episode_0000.jsonl
10,energy,10,16,3.2,0.0,0.39999999999995595,200,0.0,0.0,0.0,0,100,100,0,results/icra27/os_t4p5k5_lockstep_checkpoint_sweep_v0/train9/u10/env_logs/energy/low_friction/episode_0000.jsonl
10,energy,11,17,3.4,0.09781649350268136,0.4559999999999498,228,0.04460432103721779,0.09781649350268136,0.0,82,63,65,78,results/icra27/os_t4p5k5_lockstep_checkpoint_sweep_v0/train9/u10/env_logs/energy/low_friction/episode_0000.jsonl
10,energy,12,18,3.6,0.0012702869289761564,0.39999999999995595,200,0.0005081147715904066,0.0012702869289761564,0.0,100,10,0,100,results/icra27/os_t4p5k5_lockstep_checkpoint_sweep_v0/train9/u10/env_logs/energy/low_friction/episode_0000.jsonl
10,energy,13,19,3.8000000000000003,0.056786848677736416,0.5119999999999436,256,0.029074866522997844,0.056786848677736416,0.0,43,100,99,44,results/icra27/os_t4p5k5_lockstep_checkpoint_sweep_v0/train9/u10/env_logs/energy/low_friction/episode_0000.jsonl
10,energy,14,20,4.0,0.07716281156507264,0.41199999999980363,206,0.03179107836479478,0.07716281156507264,0.0,26,100,100,21,results/icra27/os_t4p5k5_lockstep_checkpoint_sweep_v0/train9/u10/env_logs/energy/low_friction/episode_0000.jsonl
10,energy,15,21,4.2,0.03443041124046403,0.45199999999975127,226,0.015562545880681178,0.03443041124046403,0.0,100,20,22,100,results/icra27/os_t4p5k5_lockstep_checkpoint_sweep_v0/train9/u10/env_logs/energy/low_friction/episode_0000.jsonl
10,energy,16,22,4.4,0.03207876236253835,0.5079999999997185,254,0.01629601128016045,0.03207876236253835,0.0,100,53,41,100,results/icra27/os_t4p5k5_lockstep_checkpoint_sweep_v0/train9/u10/env_logs/energy/low_friction/episode_0000.jsonl
10,energy,17,23,4.6000000000000005,0.0007224529074816691,0.4019999999997772,201,0.00029042606880747,0.0007224529074816691,0.0,0,100,100,1,results/icra27/os_t4p5k5_lockstep_checkpoint_sweep_v0/train9/u10/env_logs/energy/low_friction/episode_0000.jsonl
10,energy,18,24,4.8,0.0795197682757867,0.45799999999974617,229,0.036420053870290126,0.0795197682757867,0.0,67,77,79,65,results/icra27/os_t4p5k5_lockstep_checkpoint_sweep_v0/train9/u10/env_logs/energy/low_friction/episode_0000.jsonl
10,energy,19,25,5.0,0.0,0.3999999999997783,200,0.0,0.0,0.0,100,0,0,100,results/icra27/os_t4p5k5_lockstep_checkpoint_sweep_v0/train9/u10/env_logs/energy/low_friction/episode_0000.jsonl
10,energy,20,26,5.2,0.010689569204554918,0.5139999999997151,257,0.005494438571138183,0.010689569204554918,0.0,57,96,86,58,results/icra27/os_t4p5k5_lockstep_checkpoint_sweep_v0/train9/u10/env_logs/energy/low_friction/episode_0000.jsonl
10,energy,21,27,5.4,0.010808207324485725,0.3999999999997783,200,0.004323282929791894,0.010808207324485725,0.0,12,100,100,9,results/icra27/os_t4p5k5_lockstep_checkpoint_sweep_v0/train9/u10/env_logs/energy/low_friction/episode_0000.jsonl
10,energy,22,28,5.6000000000000005,0.25836391496831307,0.5059999999997196,253,0.13073214097389396,0.25836391496831307,0.0,100,35,37,100,results/icra27/os_t4p5k5_lockstep_checkpoint_sweep_v0/train9/u10/env_logs/energy/low_friction/episode_0000.jsonl
10,energy,23,29,5.8,0.0033134536134688895,0.4479999999997517,224,0.0014844272188332397,0.0033134536134688895,0.0,100,38,26,100,results/icra27/os_t4p5k5_lockstep_checkpoint_sweep_v0/train9/u10/env_logs/energy/low_friction/episode_0000.jsonl
10,energy,24,30,6.0,0.001887033036229606,0.45799999999974617,229,0.0008642611305926806,0.001887033036229606,0.0,14,100,100,15,results/icra27/os_t4p5k5_lockstep_checkpoint_sweep_v0/train9/u10/env_logs/energy/low_friction/episode_0000.jsonl
10,energy,25,31,6.2,0.28896908273922056,0.5119999999997162,256,0.14795217036239894,0.28896908273922056,0.0,57,92,94,53,results/icra27/os_t4p5k5_lockstep_checkpoint_sweep_v0/train9/u10/env_logs/energy/low_friction/episode_0000.jsonl
10,energy,26,32,6.4,1.7805534824343205e-10,0.3999999999997783,200,7.122213929733334e-11,1.7805534824343205e-10,0.0,100,0,0,100,results/icra27/os_t4p5k5_lockstep_checkpoint_sweep_v0/train9/u10/env_logs/energy/low_friction/episode_0000.jsonl
10,energy,27,33,6.6000000000000005,0.011664003581794391,0.5099999999997173,255,0.005948641826711842,0.011664003581794391,0.0,71,82,70,72,results/icra27/os_t4p5k5_lockstep_checkpoint_sweep_v0/train9/u10/env_logs/energy/low_friction/episode_0000.jsonl
10,energy,28,34,6.8,0.0,0.3999999999997783,200,0.0,0.0,0.0,0,100,100,0,results/icra27/os_t4p5k5_lockstep_checkpoint_sweep_v0/train9/u10/env_logs/energy/low_friction/episode_0000.jsonl
10,energy,29,35,7.0,0.10663385765083311,0.45999999999974506,230,0.049051574519356045,0.10663385765083311,0.0,97,49,51,93,results/icra27/os_t4p5k5_lockstep_checkpoint_sweep_v0/train9/u10/env_logs/energy/low_friction/episode_0000.jsonl
10,energy,30,36,7.2,0.00028596274767564645,0.40999999999977277,205,0.00011724472654695006,0.00028596274767564645,0.0,100,25,12,100,results/icra27/os_t4p5k5_lockstep_checkpoint_sweep_v0/train9/u10/env_logs/energy/low_friction/episode_0000.jsonl
10,energy,31,37,7.4,0.005145537415342677,0.497999999999724,249,0.002562477632839233,0.005145537415342677,0.0,28,100,100,29,results/icra27/os_t4p5k5_lockstep_checkpoint_sweep_v0/train9/u10/env_logs/energy/low_friction/episode_0000.jsonl
10,energy,32,38,7.6000000000000005,0.2843183256920749,0.48199999999973286,241,0.13704143298350413,0.2843183256920749,0.0,42,100,100,39,results/icra27/os_t4p5k5_lockstep_checkpoint_sweep_v0/train9/u10/env_logs/energy/low_friction/episode_0000.jsonl
10,energy,33,39,7.8,0.011612219182448511,0.4279999999997628,214,0.004970029810085208,0.011612219182448511,0.0,100,6,8,100,results/icra27/os_t4p5k5_lockstep_checkpoint_sweep_v0/train9/u10/env_logs/energy/low_friction/episode_0000.jsonl
10,energy,34,40,8.0,0.005105475662333503,0.5119999999997233,256,0.002614003539113341,0.005105475662333503,0.0,86,67,56,87,results/icra27/os_t4p5k5_lockstep_checkpoint_sweep_v0/train9/u10/env_logs/energy/low_friction/episode_0000.jsonl
10,energy,35,41,8.2,0.0,0.40000000000048885,200,0.0,0.0,0.0,0,100,100,0,results/icra27/os_t4p5k5_lockstep_checkpoint_sweep_v0/train9/u10/env_logs/energy/low_friction/episode_0000.jsonl
10,energy,36,42,8.4,0.15949628803825674,0.46400000000056707,232,0.07400627764984158,0.15949628803825674,0.0,82,63,65,79,results/icra27/os_t4p5k5_lockstep_checkpoint_sweep_v0/train9/u10/env_logs/energy/low_friction/episode_0000.jsonl
10,energy,37,43,8.6,0.0005082767564206675,0.40000000000048885,200,0.00020331070256851547,0.0005082767564206675,0.0,100,11,0,100,results/icra27/os_t4p5k5_lockstep_checkpoint_sweep_v0/train9/u10/env_logs/energy/low_friction/episode_0000.jsonl
10,energy,38,44,8.8,0.016833468675312872,0.5200000000006355,260,0.008753403711173391,0.016833468675312872,0.0,43,100,100,44,results/icra27/os_t4p5k5_lockstep_checkpoint_sweep_v0/train9/u10/env_logs/energy/low_friction/episode_0000.jsonl
10,energy,39,45,9.0,0.16612699558971789,0.42200000000051574,211,0.07010559213894663,0.16612699558971789,0.0,27,100,100,22,results/icra27/os_t4p5k5_lockstep_checkpoint_sweep_v0/train9/u10/env_logs/energy/low_friction/episode_0000.jsonl
10,energy,40,46,9.200000000000001,0.028750855949033247,0.44600000000054507,223,0.012822881753284499,0.028750855949033247,0.0,100,20,22,100,results/icra27/os_t4p5k5_lockstep_checkpoint_sweep_v0/train9/u10/env_logs/energy/low_friction/episode_0000.jsonl
10,energy,41,47,9.4,0.012294997356211593,0.5120000000006257,256,0.006295038646388029,0.012294997356211593,0.0,100,53,41,100,results/icra27/os_t4p5k5_lockstep_checkpoint_sweep_v0/train9/u10/env_logs/energy/low_friction/episode_0000.jsonl
20,balanced,0,6,1.2,3.9232903458747366,0.25799999999999423,129,1.0122089092356594,3.9232903458747366,0.0,58,77,87,45,results/icra27/os_t4p5k5_lockstep_checkpoint_sweep_v0/train9/u20/env_logs/balanced/low_friction/episode_0000.jsonl
20,balanced,1,7,1.4000000000000001,1.835863407133338,0.39799999999995617,199,0.730673636038988,1.835863407133338,0.0,100,0,0,99,results/icra27/os_t4p5k5_lockstep_checkpoint_sweep_v0/train9/u20/env_logs/balanced/low_friction/episode_0000.jsonl
20,balanced,2,8,1.6,0.29498171907330073,0.42999999999995264,215,0.12684213920150533,0.29498171907330073,0.0,68,81,72,67,results/icra27/os_t4p5k5_lockstep_checkpoint_sweep_v0/train9/u20/env_logs/balanced/low_friction/episode_0000.jsonl
20,balanced,3,9,1.8,9.817341964036801e-05,0.39999999999995595,200,3.926936785614288e-05,9.817341964036801e-05,0.0,0,100,100,10,results/icra27/os_t4p5k5_lockstep_checkpoint_sweep_v0/train9/u20/env_logs/balanced/low_friction/episode_0000.jsonl
20,balanced,4,10,2.0,0.031356996995033505,0.5379999999999407,269,0.016870064383326167,0.031356996995033505,0.0,96,49,52,100,results/icra27/os_t4p5k5_lockstep_checkpoint_sweep_v0/train9/u20/env_logs/balanced/low_friction/episode_0000.jsonl
20,balanced,5,11,2.2,0.035066044188727795,0.4319999999999524,216,0.015148531089528738,0.035066044188727795,0.0,100,36,19,100,results/icra27/os_t4p5k5_lockstep_checkpoint_sweep_v0/train9/u20/env_logs/balanced/low_friction/episode_0000.jsonl
20,balanced,6,12,2.4,0.010332886110928877,0.5119999999999436,256,0.005290437688795002,0.010332886110928877,0.0,28,100,100,29,results/icra27/os_t4p5k5_lockstep_checkpoint_sweep_v0/train9/u20/env_logs/balanced/low_friction/episode_0000.jsonl
20,balanced,7,13,2.6,0.1697595061922921,0.4919999999999458,246,0.08352167704659852,0.1697595061922921,0.0,44,100,100,42,results/icra27/os_t4p5k5_lockstep_checkpoint_sweep_v0/train9/u20/env_logs/balanced/low_friction/episode_0000.jsonl
20,balanced,8,14,2.8000000000000003,0.014371440657815602,0.42799999999995286,214,0.0061509766015444,0.014371440657815602,0.0,100,6,8,100,results/icra27/os_t4p5k5_lockstep_checkpoint_sweep_v0/train9/u20/env_logs/balanced/low_friction/episode_0000.jsonl
20,balanced,9,15,3.0,0.003368569939507539,0.5119999999999436,256,0.0017247078090276702,0.003368569939507539,0.0,86,67,56,87,results/icra27/os_t4p5k5_lockstep_checkpoint_sweep_v0/train9/u20/env_logs/balanced/low_friction/episode_0000.jsonl
20,balanced,10,16,3.2,0.0,0.39999999999995595,200,0.0,0.0,0.0,0,100,100,0,results/icra27/os_t4p5k5_lockstep_checkpoint_sweep_v0/train9/u20/env_logs/balanced/low_friction/episode_0000.jsonl
20,balanced,11,17,3.4,0.19604897214020606,0.4559999999999498,228,0.08939833129592412,0.19604897214020606,0.0,82,63,65,78,results/icra27/os_t4p5k5_lockstep_checkpoint_sweep_v0/train9/u20/env_logs/balanced/low_friction/episode_0000.jsonl
20,balanced,12,18,3.6,0.0016513845078771226,0.39999999999995595,200,0.0006605538031507763,0.0016513845078771226,0.0,100,10,0,100,results/icra27/os_t4p5k5_lockstep_checkpoint_sweep_v0/train9/u20/env_logs/balanced/low_friction/episode_0000.jsonl
20,balanced,13,19,3.8000000000000003,0.07321825642181362,0.5119999999999436,256,0.037487747287964446,0.07321825642181362,0.0,43,100,99,44,results/icra27/os_t4p5k5_lockstep_checkpoint_sweep_v0/train9/u20/env_logs/balanced/low_friction/episode_0000.jsonl
20,balanced,14,20,4.0,0.0870224338542741,0.41199999999979386,206,0.03585324274794299,0.0870224338542741,0.0,26,100,100,20,results/icra27/os_t4p5k5_lockstep_checkpoint_sweep_v0/train9/u20/env_logs/balanced/low_friction/episode_0000.jsonl
20,balanced,15,21,4.2,0.040190357684338276,0.4479999999997535,224,0.01800528024257364,0.040190357684338276,0.0,100,20,22,100,results/icra27/os_t4p5k5_lockstep_checkpoint_sweep_v0/train9/u20/env_logs/balanced/low_friction/episode_0000.jsonl
20,balanced,16,22,4.4,0.04968604862205543,0.5079999999997185,254,0.02524051269999017,0.04968604862205543,0.0,100,53,41,100,results/icra27/os_t4p5k5_lockstep_checkpoint_sweep_v0/train9/u20/env_logs/balanced/low_friction/episode_0000.jsonl
20,balanced,17,23,4.6000000000000005,0.0007383309049192598,0.4019999999997772,201,0.00029680902377737794,0.0007383309049192598,0.0,0,100,100,1,results/icra27/os_t4p5k5_lockstep_checkpoint_sweep_v0/train9/u20/env_logs/balanced/low_friction/episode_0000.jsonl
20,balanced,18,24,4.8,0.09727548613253219,0.45999999999974506,230,0.04474672362094001,0.09727548613253219,0.0,67,77,79,65,results/icra27/os_t4p5k5_lockstep_checkpoint_sweep_v0/train9/u20/env_logs/balanced/low_friction/episode_0000.jsonl
20,balanced,19,25,5.0,0.0,0.3999999999997783,200,0.0,0.0,0.0,100,0,0,100,results/icra27/os_t4p5k5_lockstep_checkpoint_sweep_v0/train9/u20/env_logs/balanced/low_friction/episode_0000.jsonl
20,balanced,20,26,5.2,0.010111181526847434,0.5139999999997151,257,0.005197147304796701,0.010111181526847434,0.0,57,96,86,58,results/icra27/os_t4p5k5_lockstep_checkpoint_sweep_v0/train9/u20/env_logs/balanced/low_friction/episode_0000.jsonl
20,balanced,21,27,5.4,0.01143848002864679,0.3999999999997783,200,0.004575392011456181,0.01143848002864679,0.0,12,100,100,10,results/icra27/os_t4p5k5_lockstep_checkpoint_sweep_v0/train9/u20/env_logs/balanced/low_friction/episode_0000.jsonl
20,balanced,22,28,5.6000000000000005,0.10945030391518903,0.46599999999974173,233,0.05100384162444982,0.10945030391518903,0.0,100,35,37,99,results/icra27/os_t4p5k5_lockstep_checkpoint_sweep_v0/train9/u20/env_logs/balanced/low_friction/episode_0000.jsonl
20,balanced,23,29,5.8,0.0025593657638747144,0.4539999999997484,227,0.0011619520567984765,0.0025593657638747144,0.0,100,40,27,100,results/icra27/os_t4p5k5_lockstep_checkpoint_sweep_v0/train9/u20/env_logs/balanced/low_friction/episode_0000.jsonl
20,balanced,24,30,6.0,0.002695661030981241,0.45799999999974617,229,0.001234612752188724,0.002695661030981241,0.0,14,100,100,15,results/icra27/os_t4p5k5_lockstep_checkpoint_sweep_v0/train9/u20/env_logs/balanced/low_friction/episode_0000.jsonl
20,balanced,25,31,6.2,0.28105964517223836,0.5119999999997162,256,0.1439025383281063,0.28105964517223836,0.0,57,92,94,53,results/icra27/os_t4p5k5_lockstep_checkpoint_sweep_v0/train9/u20/env_logs/balanced/low_friction/episode_0000.jsonl
20,balanced,26,32,6.4,0.0,0.3999999999997783,200,0.0,0.0,0.0,100,0,0,100,results/icra27/os_t4p5k5_lockstep_checkpoint_sweep_v0/train9/u20/env_logs/balanced/low_friction/episode_0000.jsonl
20,balanced,27,33,6.6000000000000005,0.00975095702845776,0.5119999999997162,256,0.004992489998567606,0.00975095702845776,0.0,71,82,71,72,results/icra27/os_t4p5k5_lockstep_checkpoint_sweep_v0/train9/u20/env_logs/balanced/low_friction/episode_0000.jsonl
20,balanced,28,34,6.8,0.0,0.3999999999997783,200,0.0,0.0,0.0,0,100,100,0,results/icra27/os_t4p5k5_lockstep_checkpoint_sweep_v0/train9/u20/env_logs/balanced/low_friction/episode_0000.jsonl
20,balanced,29,35,7.0,0.08590807902703805,0.46199999999974395,231,0.03968953251046958,0.08590807902703805,0.0,97,49,51,94,results/icra27/os_t4p5k5_lockstep_checkpoint_sweep_v0/train9/u20/env_logs/balanced/low_friction/episode_0000.jsonl
20,balanced,30,36,7.2,0.00021174053063199188,0.4079999999997739,204,8.63901364978048e-05,0.00021174053063199188,0.0,100,27,13,100,results/icra27/os_t4p5k5_lockstep_checkpoint_sweep_v0/train9/u20/env_logs/balanced/low_friction/episode_0000.jsonl
20,balanced,31,37,7.4,0.0031192114534767746,0.4999999999997229,250,0.001559605726737523,0.0031192114534767746,0.0,28,100,100,29,results/icra27/os_t4p5k5_lockstep_checkpoint_sweep_v0/train9/u20/env_logs/balanced/low_friction/episode_0000.jsonl
20,balanced,32,38,7.6000000000000005,0.275545479188664,0.48199999999973286,241,0.13281292096886244,0.275545479188664,0.0,42,100,100,39,results/icra27/os_t4p5k5_lockstep_checkpoint_sweep_v0/train9/u20/env_logs/balanced/low_friction/episode_0000.jsonl
20,balanced,33,39,7.8,0.017832089150165546,0.4279999999997628,214,0.007632134156266623,0.017832089150165546,0.0,100,6,8,100,results/icra27/os_t4p5k5_lockstep_checkpoint_sweep_v0/train9/u20/env_logs/balanced/low_friction/episode_0000.jsonl
20,balanced,34,40,8.0,0.0045914502011028405,0.5119999999997198,256,0.002350822502963368,0.0045914502011028405,0.0,86,67,56,87,results/icra27/os_t4p5k5_lockstep_checkpoint_sweep_v0/train9/u20/env_logs/balanced/low_friction/episode_0000.jsonl
20,balanced,35,41,8.2,0.0,0.40000000000048885,200,0.0,0.0,0.0,0,100,100,0,results/icra27/os_t4p5k5_lockstep_checkpoint_sweep_v0/train9/u20/env_logs/balanced/low_friction/episode_0000.jsonl
20,balanced,36,42,8.4,0.14586145568348113,0.46400000000056707,232,0.06767971543721796,0.14586145568348113,0.0,82,63,65,79,results/icra27/os_t4p5k5_lockstep_checkpoint_sweep_v0/train9/u20/env_logs/balanced/low_friction/episode_0000.jsonl
20,balanced,37,43,8.6,0.0011258865441452054,0.40000000000048885,200,0.0004503546176586326,0.0011258865441452054,0.0,100,10,0,100,results/icra27/os_t4p5k5_lockstep_checkpoint_sweep_v0/train9/u20/env_logs/balanced/low_friction/episode_0000.jsonl
20,balanced,38,44,8.8,0.02878135644187495,0.5180000000006331,259,0.014908742636909444,0.02878135644187495,0.0,43,100,100,44,results/icra27/os_t4p5k5_lockstep_checkpoint_sweep_v0/train9/u20/env_logs/balanced/low_friction/episode_0000.jsonl
20,balanced,39,45,9.0,0.1739222970684119,0.42200000000051574,211,0.07339520936295951,0.1739222970684119,0.0,27,100,100,22,results/icra27/os_t4p5k5_lockstep_checkpoint_sweep_v0/train9/u20/env_logs/balanced/low_friction/episode_0000.jsonl
20,stability,0,6,1.2,4.098336799457889,0.2539999999999947,127,1.040977547062282,4.098336799457889,0.0,58,76,86,45,results/icra27/os_t4p5k5_lockstep_checkpoint_sweep_v0/train9/u20/env_logs/stability/low_friction/episode_0000.jsonl
20,stability,1,7,1.4000000000000001,2.004592523473199,0.39799999999995617,199,0.7978278243422454,2.004592523473199,0.0,100,0,0,99,results/icra27/os_t4p5k5_lockstep_checkpoint_sweep_v0/train9/u20/env_logs/stability/low_friction/episode_0000.jsonl
20,stability,2,8,1.6,0.3616894397647452,0.4219999999999535,211,0.15263294358070567,0.3616894397647452,0.0,68,81,72,67,results/icra27/os_t4p5k5_lockstep_checkpoint_sweep_v0/train9/u20/env_logs/stability/low_friction/episode_0000.jsonl
20,stability,3,9,1.8,0.0004798526906225038,0.39999999999995595,200,0.00019194107624898038,0.0004798526906225038,0.0,0,100,100,10,results/icra27/os_t4p5k5_lockstep_checkpoint_sweep_v0/train9/u20/env_logs/stability/low_friction/episode_0000.jsonl
20,stability,4,10,2.0,0.0290648343962434,0.535999999999941,268,0.015578751236384747,0.0290648343962434,0.0,95,49,52,100,results/icra27/os_t4p5k5_lockstep_checkpoint_sweep_v0/train9/u20/env_logs/stability/low_friction/episode_0000.jsonl
20,stability,5,11,2.2,0.03466152447544593,0.4319999999999524,216,0.014973778573390994,0.03466152447544593,0.0,100,36,19,100,results/icra27/os_t4p5k5_lockstep_checkpoint_sweep_v0/train9/u20/env_logs/stability/low_friction/episode_0000.jsonl
20,stability,6,12,2.4,0.009966127879737554,0.5119999999999436,256,0.005102657474425065,0.009966127879737554,0.0,28,100,100,29,results/icra27/os_t4p5k5_lockstep_checkpoint_sweep_v0/train9/u20/env_logs/stability/low_friction/episode_0000.jsonl
20,stability,7,13,2.6,0.1754459858212362,0.48999999999994603,245,0.08596853305239627,0.1754459858212362,0.0,44,100,100,41,results/icra27/os_t4p5k5_lockstep_checkpoint_sweep_v0/train9/u20/env_logs/stability/low_friction/episode_0000.jsonl
20,stability,8,14,2.8000000000000003,0.010714345969820366,0.42799999999995286,214,0.004585740075082612,0.010714345969820366,0.0,100,6,8,100,results/icra27/os_t4p5k5_lockstep_checkpoint_sweep_v0/train9/u20/env_logs/stability/low_friction/episode_0000.jsonl
20,stability,9,15,3.0,0.004335769829828243,0.5119999999999436,256,0.002219914152871816,0.004335769829828243,0.0,86,67,56,87,results/icra27/os_t4p5k5_lockstep_checkpoint_sweep_v0/train9/u20/env_logs/stability/low_friction/episode_0000.jsonl
20,stability,10,16,3.2,0.0,0.39999999999995595,200,0.0,0.0,0.0,0,100,100,0,results/icra27/os_t4p5k5_lockstep_checkpoint_sweep_v0/train9/u20/env_logs/stability/low_friction/episode_0000.jsonl
20,stability,11,17,3.4,0.19358151751568145,0.4559999999999498,228,0.08827317198714102,0.19358151751568145,0.0,82,63,65,78,results/icra27/os_t4p5k5_lockstep_checkpoint_sweep_v0/train9/u20/env_logs/stability/low_friction/episode_0000.jsonl
20,stability,12,18,3.6,0.0014689948040970632,0.39999999999995595,200,0.0005875979216387606,0.0014689948040970632,0.0,100,10,0,100,results/icra27/os_t4p5k5_lockstep_checkpoint_sweep_v0/train9/u20/env_logs/stability/low_friction/episode_0000.jsonl
20,stability,13,19,3.8000000000000003,0.05010245609332987,0.5119999999999436,256,0.025652457519782068,0.05010245609332987,0.0,43,100,99,44,results/icra27/os_t4p5k5_lockstep_checkpoint_sweep_v0/train9/u20/env_logs/stability/low_friction/episode_0000.jsonl
20,stability,14,20,4.0,0.0819164439317202,0.41199999999980097,206,0.03374957489985242,0.0819164439317202,0.0,26,100,100,21,results/icra27/os_t4p5k5_lockstep_checkpoint_sweep_v0/train9/u20/env_logs/stability/low_friction/episode_0000.jsonl
20,stability,15,21,4.2,0.044559374735609905,0.4479999999997535,224,0.019962599881542253,0.044559374735609905,0.0,100,20,22,100,results/icra27/os_t4p5k5_lockstep_checkpoint_sweep_v0/train9/u20/env_logs/stability/low_friction/episode_0000.jsonl
20,stability,16,22,4.4,0.02854214200641912,0.5079999999997185,254,0.014499408139252878,0.02854214200641912,0.0,100,53,41,100,results/icra27/os_t4p5k5_lockstep_checkpoint_sweep_v0/train9/u20/env_logs/stability/low_friction/episode_0000.jsonl
20,stability,17,23,4.6000000000000005,0.0006929791457972011,0.4019999999997772,201,0.00027857761661032043,0.0006929791457972011,0.0,0,100,100,1,results/icra27/os_t4p5k5_lockstep_checkpoint_sweep_v0/train9/u20/env_logs/stability/low_friction/episode_0000.jsonl
20,stability,18,24,4.8,0.09476021920455291,0.45799999999974617,229,0.04340018039566118,0.09476021920455291,0.0,67,77,79,65,results/icra27/os_t4p5k5_lockstep_checkpoint_sweep_v0/train9/u20/env_logs/stability/low_friction/episode_0000.jsonl
20,stability,19,25,5.0,0.0,0.3999999999997783,200,0.0,0.0,0.0,100,0,0,100,results/icra27/os_t4p5k5_lockstep_checkpoint_sweep_v0/train9/u20/env_logs/stability/low_friction/episode_0000.jsonl
20,stability,20,26,5.2,0.007862738668816236,0.5139999999997151,257,0.004041447675769305,0.007862738668816236,0.0,57,96,86,58,results/icra27/os_t4p5k5_lockstep_checkpoint_sweep_v0/train9/u20/env_logs/stability/low_friction/episode_0000.jsonl
20,stability,21,27,5.4,0.011382818622971061,0.3999999999997783,200,0.004553127449185901,0.011382818622971061,0.0,12,100,100,9,results/icra27/os_t4p5k5_lockstep_checkpoint_sweep_v0/train9/u20/env_logs/stability/low_friction/episode_0000.jsonl
20,stability,22,28,5.6000000000000005,0.2780218032790795,0.5059999999997196,253,0.14067903245913627,0.2780218032790795,0.0,100,35,37,100,results/icra27/os_t4p5k5_lockstep_checkpoint_sweep_v0/train9/u20/env_logs/stability/low_friction/episode_0000.jsonl
20,stability,23,29,5.8,0.002529864452165023,0.4519999999997495,226,0.0011434987323779566,0.002529864452165023,0.0,100,39,27,100,results/icra27/os_t4p5k5_lockstep_checkpoint_sweep_v0/train9/u20/env_logs/stability/low_friction/episode_0000.jsonl
20,stability,24,30,6.0,0.002400506495730895,0.45799999999974617,229,0.0010994319750441406,0.002400506495730895,0.0,14,100,100,15,results/icra27/os_t4p5k5_lockstep_checkpoint_sweep_v0/train9/u20/env_logs/stability/low_friction/episode_0000.jsonl
20,stability,25,31,6.2,0.2767389587288647,0.5119999999997162,256,0.1416903468691002,0.2767389587288647,0.0,57,92,94,53,results/icra27/os_t4p5k5_lockstep_checkpoint_sweep_v0/train9/u20/env_logs/stability/low_friction/episode_0000.jsonl
20,stability,26,32,6.4,0.0,0.3999999999997783,200,0.0,0.0,0.0,100,0,0,100,results/icra27/os_t4p5k5_lockstep_checkpoint_sweep_v0/train9/u20/env_logs/stability/low_friction/episode_0000.jsonl
20,stability,27,33,6.6000000000000005,0.00760562657082282,0.5119999999997162,256,0.0038940808042591257,0.00760562657082282,0.0,71,82,71,72,results/icra27/os_t4p5k5_lockstep_checkpoint_sweep_v0/train9/u20/env_logs/stability/low_friction/episode_0000.jsonl
20,stability,28,34,6.8,0.0,0.3999999999997783,200,0.0,0.0,0.0,0,100,100,0,results/icra27/os_t4p5k5_lockstep_checkpoint_sweep_v0/train9/u20/env_logs/stability/low_friction/episode_0000.jsonl
20,stability,29,35,7.0,0.08380993484160329,0.46199999999974395,231,0.03872018989679926,0.08380993484160329,0.0,97,49,51,94,results/icra27/os_t4p5k5_lockstep_checkpoint_sweep_v0/train9/u20/env_logs/stability/low_friction/episode_0000.jsonl
20,stability,30,36,7.2,0.00022051422501738694,0.4079999999997739,204,8.9969803807044e-05,0.00022051422501738694,0.0,100,29,13,100,results/icra27/os_t4p5k5_lockstep_checkpoint_sweep_v0/train9/u20/env_logs/stability/low_friction/episode_0000.jsonl
20,stability,31,37,7.4,0.002585776770361304,0.4999999999997229,250,0.0012928883851799355,0.002585776770361304,0.0,28,100,100,29,results/icra27/os_t4p5k5_lockstep_checkpoint_sweep_v0/train9/u20/env_logs/stability/low_friction/episode_0000.jsonl
20,stability,32,38,7.6000000000000005,0.2739958366121152,0.48199999999973286,241,0.13206599324696633,0.2739958366121152,0.0,42,100,100,39,results/icra27/os_t4p5k5_lockstep_checkpoint_sweep_v0/train9/u20/env_logs/stability/low_friction/episode_0000.jsonl
20,stability,33,39,7.8,0.01834045806737756,0.4279999999997628,214,0.007849716052833244,0.01834045806737756,0.0,100,6,8,100,results/icra27/os_t4p5k5_lockstep_checkpoint_sweep_v0/train9/u20/env_logs/stability/low_friction/episode_0000.jsonl
20,stability,34,40,8.0,0.0040429333268530215,0.5119999999997198,256,0.002069981863347614,0.0040429333268530215,0.0,86,67,56,87,results/icra27/os_t4p5k5_lockstep_checkpoint_sweep_v0/train9/u20/env_logs/stability/low_friction/episode_0000.jsonl
20,stability,35,41,8.2,0.0,0.40000000000048885,200,0.0,0.0,0.0,0,100,100,0,results/icra27/os_t4p5k5_lockstep_checkpoint_sweep_v0/train9/u20/env_logs/stability/low_friction/episode_0000.jsonl
20,stability,36,42,8.4,0.1439637755111189,0.46400000000056707,232,0.06679919183724081,0.1439637755111189,0.0,82,63,65,79,results/icra27/os_t4p5k5_lockstep_checkpoint_sweep_v0/train9/u20/env_logs/stability/low_friction/episode_0000.jsonl
20,stability,37,43,8.6,0.000610528853221357,0.40000000000048885,200,0.00024421154128884126,0.000610528853221357,0.0,100,11,0,100,results/icra27/os_t4p5k5_lockstep_checkpoint_sweep_v0/train9/u20/env_logs/stability/low_friction/episode_0000.jsonl
20,stability,38,44,8.8,0.02000685624912126,0.5200000000006355,260,0.010403565249555768,0.02000685624912126,0.0,43,100,100,44,results/icra27/os_t4p5k5_lockstep_checkpoint_sweep_v0/train9/u20/env_logs/stability/low_friction/episode_0000.jsonl
20,stability,39,45,9.0,0.13931343726967987,0.4200000000005133,210,0.05851164365333705,0.13931343726967987,0.0,27,100,100,22,results/icra27/os_t4p5k5_lockstep_checkpoint_sweep_v0/train9/u20/env_logs/stability/low_friction/episode_0000.jsonl
20,energy,0,6,1.2,3.620573513479536,0.2799999999999918,140,1.0137605837742405,3.620573513479536,0.0,58,75,88,46,results/icra27/os_t4p5k5_lockstep_checkpoint_sweep_v0/train9/u20/env_logs/energy/low_friction/episode_0000.jsonl
20,energy,1,7,1.4000000000000001,1.8171992375974124,0.39999999999995595,200,0.7268796950388849,1.8171992375974124,0.0,100,0,0,100,results/icra27/os_t4p5k5_lockstep_checkpoint_sweep_v0/train9/u20/env_logs/energy/low_friction/episode_0000.jsonl
20,energy,2,8,1.6,0.168190613416615,0.4419999999999513,221,0.07434025113013565,0.168190613416615,0.0,68,81,73,69,results/icra27/os_t4p5k5_lockstep_checkpoint_sweep_v0/train9/u20/env_logs/energy/low_friction/episode_0000.jsonl
20,energy,3,9,1.8,0.0,0.39999999999995595,200,0.0,0.0,0.0,0,100,100,12,results/icra27/os_t4p5k5_lockstep_checkpoint_sweep_v0/train9/u20/env_logs/energy/low_friction/episode_0000.jsonl
20,energy,4,10,2.0,0.03128296472753833,0.5419999999999403,271,0.016955366882323908,0.03128296472753833,0.0,97,49,51,100,results/icra27/os_t4p5k5_lockstep_checkpoint_sweep_v0/train9/u20/env_logs/energy/low_friction/episode_0000.jsonl
20,energy,5,11,2.2,0.03352386041165746,0.4319999999999524,216,0.014482307697834429,0.03352386041165746,0.0,100,36,19,100,results/icra27/os_t4p5k5_lockstep_checkpoint_sweep_v0/train9/u20/env_logs/energy/low_friction/episode_0000.jsonl
20,energy,6,12,2.4,0.008149671720772614,0.5119999999999436,256,0.004172631921035119,0.008149671720772614,0.0,28,100,100,29,results/icra27/os_t4p5k5_lockstep_checkpoint_sweep_v0/train9/u20/env_logs/energy/low_friction/episode_0000.jsonl
20,energy,7,13,2.6,0.17078560466571693,0.4919999999999458,246,0.08402651749552348,0.17078560466571693,0.0,44,100,100,42,results/icra27/os_t4p5k5_lockstep_checkpoint_sweep_v0/train9/u20/env_logs/energy/low_friction/episode_0000.jsonl
20,energy,8,14,2.8000000000000003,0.013803552728492409,0.42799999999995286,214,0.0059079205677941005,0.013803552728492409,0.0,100,6,8,100,results/icra27/os_t4p5k5_lockstep_checkpoint_sweep_v0/train9/u20/env_logs/energy/low_friction/episode_0000.jsonl
20,energy,9,15,3.0,0.003793147927211028,0.5119999999999436,256,0.0019420917387318326,0.003793147927211028,0.0,86,67,56,87,results/icra27/os_t4p5k5_lockstep_checkpoint_sweep_v0/train9/u20/env_logs/energy/low_friction/episode_0000.jsonl
20,energy,10,16,3.2,0.0,0.39999999999995595,200,0.0,0.0,0.0,0,100,100,0,results/icra27/os_t4p5k5_lockstep_checkpoint_sweep_v0/train9/u20/env_logs/energy/low_friction/episode_0000.jsonl
20,energy,11,17,3.4,0.1569412281381447,0.4559999999999498,228,0.0715652000309861,0.1569412281381447,0.0,82,63,65,78,results/icra27/os_t4p5k5_lockstep_checkpoint_sweep_v0/train9/u20/env_logs/energy/low_friction/episode_0000.jsonl
20,energy,12,18,3.6,0.0027615661277827484,0.39999999999995595,200,0.0011046264511129777,0.0027615661277827484,0.0,100,9,0,100,results/icra27/os_t4p5k5_lockstep_checkpoint_sweep_v0/train9/u20/env_logs/energy/low_friction/episode_0000.jsonl
20,energy,13,19,3.8000000000000003,0.09384863893373636,0.5079999999999449,254,0.0476751085783329,0.09384863893373636,0.0,43,100,98,44,results/icra27/os_t4p5k5_lockstep_checkpoint_sweep_v0/train9/u20/env_logs/energy/low_friction/episode_0000.jsonl
20,energy,14,20,4.0,0.09411516915677766,0.411999999999777,206,0.038775449692571407,0.09411516915677766,0.0,26,100,100,20,results/icra27/os_t4p5k5_lockstep_checkpoint_sweep_v0/train9/u20/env_logs/energy/low_friction/episode_0000.jsonl
20,energy,15,21,4.2,0.04155764588118768,0.4499999999997524,225,0.018700940646524167,0.04155764588118768,0.0,100,20,22,100,results/icra27/os_t4p5k5_lockstep_checkpoint_sweep_v0/train9/u20/env_logs/energy/low_friction/episode_0000.jsonl
20,energy,16,22,4.4,0.0904743855539826,0.5059999999997196,253,0.045780039090289826,0.0904743855539826,0.0,100,52,41,100,results/icra27/os_t4p5k5_lockstep_checkpoint_sweep_v0/train9/u20/env_logs/energy/low_friction/episode_0000.jsonl
20,energy,17,23,4.6000000000000005,0.000750109620984787,0.4019999999997772,201,0.0003015440676357173,0.000750109620984787,0.0,0,100,100,1,results/icra27/os_t4p5k5_lockstep_checkpoint_sweep_v0/train9/u20/env_logs/energy/low_friction/episode_0000.jsonl
20,energy,18,24,4.8,0.09738185329208532,0.46199999999974395,231,0.04499041622091848,0.09738185329208532,0.0,67,77,79,65,results/icra27/os_t4p5k5_lockstep_checkpoint_sweep_v0/train9/u20/env_logs/energy/low_friction/episode_0000.jsonl
20,energy,19,25,5.0,0.0,0.3999999999997783,200,0.0,0.0,0.0,100,0,0,100,results/icra27/os_t4p5k5_lockstep_checkpoint_sweep_v0/train9/u20/env_logs/energy/low_friction/episode_0000.jsonl
20,energy,20,26,5.2,0.015256997601550495,0.5139999999997151,257,0.007842096767192608,0.015256997601550495,0.0,57,96,86,58,results/icra27/os_t4p5k5_lockstep_checkpoint_sweep_v0/train9/u20/env_logs/energy/low_friction/episode_0000.jsonl
20,energy,21,27,5.4,0.011343610484113212,0.3999999999997783,200,0.00453744419364277,0.011343610484113212,0.0,12,100,100,10,results/icra27/os_t4p5k5_lockstep_checkpoint_sweep_v0/train9/u20/env_logs/energy/low_friction/episode_0000.jsonl
20,energy,22,28,5.6000000000000005,0.13447479747468574,0.46599999999974173,233,0.06266525562316883,0.13447479747468574,0.0,100,35,37,99,results/icra27/os_t4p5k5_lockstep_checkpoint_sweep_v0/train9/u20/env_logs/energy/low_friction/episode_0000.jsonl
20,energy,23,29,5.8,0.0030607001839010094,0.4559999999997473,228,0.0013956792838580867,0.0030607001839010094,0.0,100,41,27,100,results/icra27/os_t4p5k5_lockstep_checkpoint_sweep_v0/train9/u20/env_logs/energy/low_friction/episode_0000.jsonl
20,energy,24,30,6.0,0.0028958577782930805,0.45799999999974617,229,0.0013263028624574957,0.0028958577782930805,0.0,14,100,100,15,results/icra27/os_t4p5k5_lockstep_checkpoint_sweep_v0/train9/u20/env_logs/energy/low_friction/episode_0000.jsonl
20,energy,25,31,6.2,0.2802893403973792,0.5119999999997162,256,0.1435081422833786,0.2802893403973792,0.0,57,92,94,53,results/icra27/os_t4p5k5_lockstep_checkpoint_sweep_v0/train9/u20/env_logs/energy/low_friction/episode_0000.jsonl
20,energy,26,32,6.4,8.819611707627132e-12,0.3999999999997783,200,3.5278446830488974e-12,8.819611707627132e-12,0.0,100,0,0,100,results/icra27/os_t4p5k5_lockstep_checkpoint_sweep_v0/train9/u20/env_logs/energy/low_friction/episode_0000.jsonl
20,energy,27,33,6.6000000000000005,0.011878468546433823,0.5119999999997162,256,0.006081775895770747,0.011878468546433823,0.0,71,82,71,72,results/icra27/os_t4p5k5_lockstep_checkpoint_sweep_v0/train9/u20/env_logs/energy/low_friction/episode_0000.jsonl
20,energy,28,34,6.8,0.0,0.3999999999997783,200,0.0,0.0,0.0,0,100,100,0,results/icra27/os_t4p5k5_lockstep_checkpoint_sweep_v0/train9/u20/env_logs/energy/low_friction/episode_0000.jsonl
20,energy,29,35,7.0,0.08439250435197326,0.46199999999974395,231,0.03898933701059004,0.08439250435197326,0.0,97,49,51,94,results/icra27/os_t4p5k5_lockstep_checkpoint_sweep_v0/train9/u20/env_logs/energy/low_friction/episode_0000.jsonl
20,energy,30,36,7.2,0.0009297590263214001,0.41399999999977055,207,0.0003849202368968463,0.0009297590263214001,0.0,100,27,12,100,results/icra27/os_t4p5k5_lockstep_checkpoint_sweep_v0/train9/u20/env_logs/energy/low_friction/episode_0000.jsonl
20,energy,31,37,7.4,0.002881430506438749,0.497999999999724,249,0.0014349523922057017,0.002881430506438749,0.0,28,100,100,29,results/icra27/os_t4p5k5_lockstep_checkpoint_sweep_v0/train9/u20/env_logs/energy/low_friction/episode_0000.jsonl
20,energy,32,38,7.6000000000000005,0.1442486389666675,0.4479999999997517,224,0.06462339025703123,0.1442486389666675,0.0,42,100,100,38,results/icra27/os_t4p5k5_lockstep_checkpoint_sweep_v0/train9/u20/env_logs/energy/low_friction/episode_0000.jsonl
20,energy,33,39,7.8,0.012523848826781153,0.4199999999997672,210,0.005260016507245169,0.012523848826781153,0.0,100,6,8,100,results/icra27/os_t4p5k5_lockstep_checkpoint_sweep_v0/train9/u20/env_logs/energy/low_friction/episode_0000.jsonl
20,energy,34,40,8.0,0.009127393240279743,0.5119999999997233,256,0.0046732253390207035,0.009127393240279743,0.0,86,67,56,87,results/icra27/os_t4p5k5_lockstep_checkpoint_sweep_v0/train9/u20/env_logs/energy/low_friction/episode_0000.jsonl
20,energy,35,41,8.2,0.0,0.40000000000048885,200,0.0,0.0,0.0,0,100,100,0,results/icra27/os_t4p5k5_lockstep_checkpoint_sweep_v0/train9/u20/env_logs/energy/low_friction/episode_0000.jsonl
20,energy,36,42,8.4,0.14206778736479705,0.46400000000056707,232,0.06591945333734639,0.14206778736479705,0.0,82,63,65,79,results/icra27/os_t4p5k5_lockstep_checkpoint_sweep_v0/train9/u20/env_logs/energy/low_friction/episode_0000.jsonl
20,energy,37,43,8.6,0.0010750704856086386,0.40000000000048885,200,0.000430028194243981,0.0010750704856086386,0.0,100,10,0,100,results/icra27/os_t4p5k5_lockstep_checkpoint_sweep_v0/train9/u20/env_logs/energy/low_friction/episode_0000.jsonl
20,energy,38,44,8.8,0.029695168875092416,0.5180000000006331,259,0.01538209747731667,0.029695168875092416,0.0,43,100,100,44,results/icra27/os_t4p5k5_lockstep_checkpoint_sweep_v0/train9/u20/env_logs/energy/low_friction/episode_0000.jsonl
20,energy,39,45,9.0,0.17156155010674312,0.42200000000051574,211,0.07239897414513408,0.17156155010674312,0.0,27,100,100,22,results/icra27/os_t4p5k5_lockstep_checkpoint_sweep_v0/train9/u20/env_logs/energy/low_friction/episode_0000.jsonl
30,balanced,0,6,1.2,4.08041117042362,0.23999999999999622,120,0.9792986809016533,4.08041117042362,0.0,57,73,87,45,results/icra27/os_t4p5k5_lockstep_checkpoint_sweep_v0/train9/u30/env_logs/balanced/low_friction/episode_0000.jsonl
30,balanced,1,7,1.4000000000000001,1.6832678912080103,0.39799999999995617,199,0.6699406207007144,1.6832678912080103,0.0,100,0,0,100,results/icra27/os_t4p5k5_lockstep_checkpoint_sweep_v0/train9/u30/env_logs/balanced/low_friction/episode_0000.jsonl
30,balanced,2,8,1.6,0.16081479342637225,0.43799999999995176,219,0.07043687952074329,0.16081479342637225,0.0,68,88,74,69,results/icra27/os_t4p5k5_lockstep_checkpoint_sweep_v0/train9/u30/env_logs/balanced/low_friction/episode_0000.jsonl
30,balanced,3,9,1.8,0.0,0.39999999999995595,200,0.0,0.0,0.0,0,100,100,13,results/icra27/os_t4p5k5_lockstep_checkpoint_sweep_v0/train9/u30/env_logs/balanced/low_friction/episode_0000.jsonl
30,balanced,4,10,2.0,0.050653544194138575,0.5459999999999399,273,0.027656835129996615,0.050653544194138575,0.0,98,49,51,100,results/icra27/os_t4p5k5_lockstep_checkpoint_sweep_v0/train9/u30/env_logs/balanced/low_friction/episode_0000.jsonl
30,balanced,5,11,2.2,0.04133558410551991,0.4319999999999524,216,0.017856972333582632,0.04133558410551991,0.0,100,36,20,100,results/icra27/os_t4p5k5_lockstep_checkpoint_sweep_v0/train9/u30/env_logs/balanced/low_friction/episode_0000.jsonl
30,balanced,6,12,2.4,0.012416710890992885,0.5139999999999434,257,0.00638218939796964,0.012416710890992885,0.0,28,100,100,29,results/icra27/os_t4p5k5_lockstep_checkpoint_sweep_v0/train9/u30/env_logs/balanced/low_friction/episode_0000.jsonl
30,balanced,7,13,2.6,0.15411229504923493,0.4919999999999458,246,0.07582324916421523,0.15411229504923493,0.0,44,100,100,42,results/icra27/os_t4p5k5_lockstep_checkpoint_sweep_v0/train9/u30/env_logs/balanced/low_friction/episode_0000.jsonl
30,balanced,8,14,2.8000000000000003,0.017600460906647877,0.42799999999995286,214,0.007532997268044461,0.017600460906647877,0.0,100,6,8,100,results/icra27/os_t4p5k5_lockstep_checkpoint_sweep_v0/train9/u30/env_logs/balanced/low_friction/episode_0000.jsonl
30,balanced,9,15,3.0,0.004951134588282339,0.5099999999999438,255,0.0025250786400237146,0.004951134588282339,0.0,86,66,56,87,results/icra27/os_t4p5k5_lockstep_checkpoint_sweep_v0/train9/u30/env_logs/balanced/low_friction/episode_0000.jsonl
30,balanced,10,16,3.2,0.0,0.39999999999995595,200,0.0,0.0,0.0,0,100,100,0,results/icra27/os_t4p5k5_lockstep_checkpoint_sweep_v0/train9/u30/env_logs/balanced/low_friction/episode_0000.jsonl
30,balanced,11,17,3.4,0.21706031628531905,0.4559999999999498,228,0.09897950422609458,0.21706031628531905,0.0,82,63,65,78,results/icra27/os_t4p5k5_lockstep_checkpoint_sweep_v0/train9/u30/env_logs/balanced/low_friction/episode_0000.jsonl
30,balanced,12,18,3.6,0.003112323139509497,0.39999999999995595,200,0.0012449292558036618,0.003112323139509497,0.0,100,9,0,100,results/icra27/os_t4p5k5_lockstep_checkpoint_sweep_v0/train9/u30/env_logs/balanced/low_friction/episode_0000.jsonl
30,balanced,13,19,3.8000000000000003,0.11018498112370496,0.507999999999944,254,0.05597397041083596,0.11018498112370496,0.0,43,100,98,44,results/icra27/os_t4p5k5_lockstep_checkpoint_sweep_v0/train9/u30/env_logs/balanced/low_friction/episode_0000.jsonl
30,balanced,14,20,4.0,0.0994016575596476,0.41199999999979653,206,0.040953482914554584,0.0994016575596476,0.0,26,100,100,20,results/icra27/os_t4p5k5_lockstep_checkpoint_sweep_v0/train9/u30/env_logs/balanced/low_friction/episode_0000.jsonl
30,balanced,15,21,4.2,0.0515556052257899,0.4499999999997524,225,0.023200022351592686,0.0515556052257899,0.0,100,20,22,100,results/icra27/os_t4p5k5_lockstep_checkpoint_sweep_v0/train9/u30/env_logs/balanced/low_friction/episode_0000.jsonl
30,balanced,16,22,4.4,0.0712535323476931,0.5079999999997185,254,0.03619679443260804,0.0712535323476931,0.0,100,53,41,100,results/icra27/os_t4p5k5_lockstep_checkpoint_sweep_v0/train9/u30/env_logs/balanced/low_friction/episode_0000.jsonl
30,balanced,17,23,4.6000000000000005,0.0007771038343546555,0.4019999999997772,201,0.0003123957414103984,0.0007771038343546555,0.0,0,100,100,1,results/icra27/os_t4p5k5_lockstep_checkpoint_sweep_v0/train9/u30/env_logs/balanced/low_friction/episode_0000.jsonl
30,balanced,18,24,4.8,0.1008161187078451,0.4539999999997484,227,0.045770517893336304,0.1008161187078451,0.0,67,76,79,64,results/icra27/os_t4p5k5_lockstep_checkpoint_sweep_v0/train9/u30/env_logs/balanced/low_friction/episode_0000.jsonl
30,balanced,19,25,5.0,0.0,0.3999999999997783,200,0.0,0.0,0.0,100,0,0,100,results/icra27/os_t4p5k5_lockstep_checkpoint_sweep_v0/train9/u30/env_logs/balanced/low_friction/episode_0000.jsonl
30,balanced,20,26,5.2,0.01360053814581016,0.5179999999997129,259,0.007045078759525758,0.01360053814581016,0.0,57,97,87,58,results/icra27/os_t4p5k5_lockstep_checkpoint_sweep_v0/train9/u30/env_logs/balanced/low_friction/episode_0000.jsonl
30,balanced,21,27,5.4,0.011115082395054042,0.3999999999997783,200,0.004446032958019153,0.011115082395054042,0.0,12,100,100,10,results/icra27/os_t4p5k5_lockstep_checkpoint_sweep_v0/train9/u30/env_logs/balanced/low_friction/episode_0000.jsonl
30,balanced,22,28,5.6000000000000005,0.26422939914628274,0.5059999999997196,253,0.13370007596794498,0.26422939914628274,0.0,100,34,37,100,results/icra27/os_t4p5k5_lockstep_checkpoint_sweep_v0/train9/u30/env_logs/balanced/low_friction/episode_0000.jsonl
30,balanced,23,29,5.8,0.0016966570854524605,0.4539999999997484,227,0.0007702823167949902,0.0016966570854524605,0.0,100,42,28,100,results/icra27/os_t4p5k5_lockstep_checkpoint_sweep_v0/train9/u30/env_logs/balanced/low_friction/episode_0000.jsonl
30,balanced,24,30,6.0,0.004812465617713321,0.45799999999974617,229,0.002204109252911479,0.004812465617713321,0.0,14,100,100,15,results/icra27/os_t4p5k5_lockstep_checkpoint_sweep_v0/train9/u30/env_logs/balanced/low_friction/episode_0000.jsonl
30,balanced,25,31,6.2,0.3037073324829554,0.5139999999997151,257,0.15610556889615257,0.3037073324829554,0.0,57,92,94,54,results/icra27/os_t4p5k5_lockstep_checkpoint_sweep_v0/train9/u30/env_logs/balanced/low_friction/episode_0000.jsonl
30,balanced,26,32,6.4,0.0,0.3999999999997783,200,0.0,0.0,0.0,100,0,0,100,results/icra27/os_t4p5k5_lockstep_checkpoint_sweep_v0/train9/u30/env_logs/balanced/low_friction/episode_0000.jsonl
30,balanced,27,33,6.6000000000000005,0.007375586891019478,0.5119999999997162,256,0.0037763004881998796,0.007375586891019478,0.0,71,82,71,72,results/icra27/os_t4p5k5_lockstep_checkpoint_sweep_v0/train9/u30/env_logs/balanced/low_friction/episode_0000.jsonl
30,balanced,28,34,6.8,0.0,0.3999999999997783,200,0.0,0.0,0.0,0,100,100,0,results/icra27/os_t4p5k5_lockstep_checkpoint_sweep_v0/train9/u30/env_logs/balanced/low_friction/episode_0000.jsonl
30,balanced,29,35,7.0,0.09727927779690715,0.46199999999974395,231,0.0449430263421462,0.09727927779690715,0.0,97,49,51,94,results/icra27/os_t4p5k5_lockstep_checkpoint_sweep_v0/train9/u30/env_logs/balanced/low_friction/episode_0000.jsonl
30,balanced,30,36,7.2,0.00036367987576913614,0.40999999999977277,205,0.00014910874906526317,0.00036367987576913614,0.0,100,27,13,100,results/icra27/os_t4p5k5_lockstep_checkpoint_sweep_v0/train9/u30/env_logs/balanced/low_friction/episode_0000.jsonl
30,balanced,31,37,7.4,0.004365410326401008,0.4999999999997229,250,0.0021827051631992944,0.004365410326401008,0.0,28,100,100,29,results/icra27/os_t4p5k5_lockstep_checkpoint_sweep_v0/train9/u30/env_logs/balanced/low_friction/episode_0000.jsonl
30,balanced,32,38,7.6000000000000005,0.29997066601024325,0.48199999999973286,241,0.1445858610168571,0.29997066601024325,0.0,42,100,100,39,results/icra27/os_t4p5k5_lockstep_checkpoint_sweep_v0/train9/u30/env_logs/balanced/low_friction/episode_0000.jsonl
30,balanced,33,39,7.8,0.020671519860570666,0.4279999999997628,214,0.008847410500319342,0.020671519860570666,0.0,100,6,8,100,results/icra27/os_t4p5k5_lockstep_checkpoint_sweep_v0/train9/u30/env_logs/balanced/low_friction/episode_0000.jsonl
30,balanced,34,40,8.0,0.00600734109882836,0.5119999999997233,256,0.0030757586425984584,0.00600734109882836,0.0,86,67,56,87,results/icra27/os_t4p5k5_lockstep_checkpoint_sweep_v0/train9/u30/env_logs/balanced/low_friction/episode_0000.jsonl
30,balanced,35,41,8.2,0.0,0.40000000000048885,200,0.0,0.0,0.0,0,100,100,0,results/icra27/os_t4p5k5_lockstep_checkpoint_sweep_v0/train9/u30/env_logs/balanced/low_friction/episode_0000.jsonl
30,balanced,36,42,8.4,0.11153226757909067,0.4620000000005646,231,0.051527907621602864,0.11153226757909067,0.0,82,62,65,79,results/icra27/os_t4p5k5_lockstep_checkpoint_sweep_v0/train9/u30/env_logs/balanced/low_friction/episode_0000.jsonl
30,balanced,37,43,8.6,0.0012477272092799325,0.40000000000048885,200,0.0004990908837125829,0.0012477272092799325,0.0,100,10,0,100,results/icra27/os_t4p5k5_lockstep_checkpoint_sweep_v0/train9/u30/env_logs/balanced/low_friction/episode_0000.jsonl
30,stability,0,6,1.2,4.278445769071274,0.23799999999999644,119,1.0182700930389479,4.278445769071274,0.0,57,72,85,45,results/icra27/os_t4p5k5_lockstep_checkpoint_sweep_v0/train9/u30/env_logs/stability/low_friction/episode_0000.jsonl
30,stability,1,7,1.4000000000000001,1.9357344874716136,0.39799999999995617,199,0.7704223260136174,1.9357344874716136,0.0,100,0,0,99,results/icra27/os_t4p5k5_lockstep_checkpoint_sweep_v0/train9/u30/env_logs/stability/low_friction/episode_0000.jsonl
30,stability,2,8,1.6,0.3662609314314784,0.43799999999995176,219,0.1604222879669699,0.3662609314314784,0.0,68,82,72,67,results/icra27/os_t4p5k5_lockstep_checkpoint_sweep_v0/train9/u30/env_logs/stability/low_friction/episode_0000.jsonl
30,stability,3,9,1.8,0.00010887398509852409,0.39999999999995595,200,4.354959403940484e-05,0.00010887398509852409,0.0,0,100,100,10,results/icra27/os_t4p5k5_lockstep_checkpoint_sweep_v0/train9/u30/env_logs/stability/low_friction/episode_0000.jsonl
30,stability,4,10,2.0,0.03792260529403987,0.5379999999999407,269,0.020402361648191203,0.03792260529403987,0.0,96,49,52,100,results/icra27/os_t4p5k5_lockstep_checkpoint_sweep_v0/train9/u30/env_logs/stability/low_friction/episode_0000.jsonl
30,stability,5,11,2.2,0.03913112207252602,0.4319999999999524,216,0.016904644735329377,0.03913112207252602,0.0,100,36,19,100,results/icra27/os_t4p5k5_lockstep_checkpoint_sweep_v0/train9/u30/env_logs/stability/low_friction/episode_0000.jsonl
30,stability,6,12,2.4,0.013000001875668578,0.5119999999999436,256,0.006656000960341579,0.013000001875668578,0.0,28,100,100,29,results/icra27/os_t4p5k5_lockstep_checkpoint_sweep_v0/train9/u30/env_logs/stability/low_friction/episode_0000.jsonl
30,stability,7,13,2.6,0.17155331193613493,0.4919999999999458,246,0.08440422947256909,0.17155331193613493,0.0,44,100,100,42,results/icra27/os_t4p5k5_lockstep_checkpoint_sweep_v0/train9/u30/env_logs/stability/low_friction/episode_0000.jsonl
30,stability,8,14,2.8000000000000003,0.017131746811443683,0.42799999999995286,214,0.0073323876352970885,0.017131746811443683,0.0,100,6,8,100,results/icra27/os_t4p5k5_lockstep_checkpoint_sweep_v0/train9/u30/env_logs/stability/low_friction/episode_0000.jsonl
30,stability,9,15,3.0,0.0034403223167920787,0.5119999999999436,256,0.0017614450261973502,0.0034403223167920787,0.0,86,67,56,87,results/icra27/os_t4p5k5_lockstep_checkpoint_sweep_v0/train9/u30/env_logs/stability/low_friction/episode_0000.jsonl
30,stability,10,16,3.2,0.0,0.39999999999995595,200,0.0,0.0,0.0,0,100,100,0,results/icra27/os_t4p5k5_lockstep_checkpoint_sweep_v0/train9/u30/env_logs/stability/low_friction/episode_0000.jsonl
30,stability,11,17,3.4,0.23801034962147594,0.4559999999999498,228,0.10853271942738107,0.23801034962147594,0.0,82,63,65,78,results/icra27/os_t4p5k5_lockstep_checkpoint_sweep_v0/train9/u30/env_logs/stability/low_friction/episode_0000.jsonl
30,stability,12,18,3.6,0.0016826245414282759,0.39999999999995595,200,0.0006730498165712362,0.0016826245414282759,0.0,100,10,0,100,results/icra27/os_t4p5k5_lockstep_checkpoint_sweep_v0/train9/u30/env_logs/stability/low_friction/episode_0000.jsonl
30,stability,13,19,3.8000000000000003,0.07036022899871858,0.5119999999999436,256,0.03602443724733995,0.07036022899871858,0.0,43,100,99,44,results/icra27/os_t4p5k5_lockstep_checkpoint_sweep_v0/train9/u30/env_logs/stability/low_friction/episode_0000.jsonl
30,stability,14,20,4.0,0.087112226744848,0.4119999999997992,206,0.03589023741885988,0.087112226744848,0.0,26,100,100,20,results/icra27/os_t4p5k5_lockstep_checkpoint_sweep_v0/train9/u30/env_logs/stability/low_friction/episode_0000.jsonl
30,stability,15,21,4.2,0.043805819278770496,0.4459999999997546,223,0.01953739539832089,0.043805819278770496,0.0,100,20,22,100,results/icra27/os_t4p5k5_lockstep_checkpoint_sweep_v0/train9/u30/env_logs/stability/low_friction/episode_0000.jsonl
30,stability,16,22,4.4,0.039054808684085236,0.5079999999997185,254,0.019839842811504305,0.039054808684085236,0.0,100,53,41,100,results/icra27/os_t4p5k5_lockstep_checkpoint_sweep_v0/train9/u30/env_logs/stability/low_friction/episode_0000.jsonl
30,stability,17,23,4.6000000000000005,0.000709646176173281,0.4019999999997772,201,0.00028527776282150086,0.000709646176173281,0.0,0,100,100,1,results/icra27/os_t4p5k5_lockstep_checkpoint_sweep_v0/train9/u30/env_logs/stability/low_friction/episode_0000.jsonl
30,stability,18,24,4.8,0.10041030652030157,0.4559999999997473,228,0.04578709977323214,0.10041030652030157,0.0,67,76,79,65,results/icra27/os_t4p5k5_lockstep_checkpoint_sweep_v0/train9/u30/env_logs/stability/low_friction/episode_0000.jsonl
30,stability,19,25,5.0,0.0,0.3999999999997783,200,0.0,0.0,0.0,100,0,0,100,results/icra27/os_t4p5k5_lockstep_checkpoint_sweep_v0/train9/u30/env_logs/stability/low_friction/episode_0000.jsonl
30,stability,20,26,5.2,0.007261353571354525,0.515999999999714,258,0.0037468584428168583,0.007261353571354525,0.0,57,97,86,58,results/icra27/os_t4p5k5_lockstep_checkpoint_sweep_v0/train9/u30/env_logs/stability/low_friction/episode_0000.jsonl
30,stability,21,27,5.4,0.011931113176499815,0.3999999999997783,200,0.004772445270597281,0.011931113176499815,0.0,12,100,100,10,results/icra27/os_t4p5k5_lockstep_checkpoint_sweep_v0/train9/u30/env_logs/stability/low_friction/episode_0000.jsonl
30,stability,22,28,5.6000000000000005,0.11698286180165544,0.46599999999974173,233,0.05451401359954122,0.11698286180165544,0.0,100,35,37,99,results/icra27/os_t4p5k5_lockstep_checkpoint_sweep_v0/train9/u30/env_logs/stability/low_friction/episode_0000.jsonl
30,stability,23,29,5.8,0.0025849179260985706,0.4559999999997473,228,0.001178722574300295,0.0025849179260985706,0.0,100,41,27,100,results/icra27/os_t4p5k5_lockstep_checkpoint_sweep_v0/train9/u30/env_logs/stability/low_friction/episode_0000.jsonl
30,stability,24,30,6.0,0.002725982845209085,0.45799999999974617,229,0.001248500143105069,0.002725982845209085,0.0,14,100,100,15,results/icra27/os_t4p5k5_lockstep_checkpoint_sweep_v0/train9/u30/env_logs/stability/low_friction/episode_0000.jsonl
30,stability,25,31,6.2,0.29570922032891905,0.5119999999997162,256,0.15140312080832263,0.29570922032891905,0.0,57,92,94,53,results/icra27/os_t4p5k5_lockstep_checkpoint_sweep_v0/train9/u30/env_logs/stability/low_friction/episode_0000.jsonl
30,stability,26,32,6.4,2.8431546006417944e-09,0.3999999999997783,200,1.1372618402560875e-09,2.8431546006417944e-09,0.0,100,0,0,100,results/icra27/os_t4p5k5_lockstep_checkpoint_sweep_v0/train9/u30/env_logs/stability/low_friction/episode_0000.jsonl
30,stability,27,33,6.6000000000000005,0.010148424065983892,0.5119999999997162,256,0.005195993121780873,0.010148424065983892,0.0,71,82,71,72,results/icra27/os_t4p5k5_lockstep_checkpoint_sweep_v0/train9/u30/env_logs/stability/low_friction/episode_0000.jsonl
30,stability,28,34,6.8,0.0,0.3999999999997783,200,0.0,0.0,0.0,0,100,100,0,results/icra27/os_t4p5k5_lockstep_checkpoint_sweep_v0/train9/u30/env_logs/stability/low_friction/episode_0000.jsonl
30,stability,29,35,7.0,0.0879373082224734,0.46199999999974395,231,0.0406270363987602,0.0879373082224734,0.0,97,49,51,94,results/icra27/os_t4p5k5_lockstep_checkpoint_sweep_v0/train9/u30/env_logs/stability/low_friction/episode_0000.jsonl
30,stability,30,36,7.2,0.00013962500796061062,0.405999999999775,203,5.66877532319765e-05,0.00013962500796061062,0.0,100,29,13,100,results/icra27/os_t4p5k5_lockstep_checkpoint_sweep_v0/train9/u30/env_logs/stability/low_friction/episode_0000.jsonl
30,stability,31,37,7.4,0.0030125728462236977,0.4999999999997229,250,0.001506286423111014,0.0030125728462236977,0.0,28,100,100,29,results/icra27/os_t4p5k5_lockstep_checkpoint_sweep_v0/train9/u30/env_logs/stability/low_friction/episode_0000.jsonl
30,stability,32,38,7.6000000000000005,0.2868998099999577,0.48199999999973286,241,0.13828570841990295,0.2868998099999577,0.0,42,100,100,39,results/icra27/os_t4p5k5_lockstep_checkpoint_sweep_v0/train9/u30/env_logs/stability/low_friction/episode_0000.jsonl
30,stability,33,39,7.8,0.01906307798729008,0.4279999999997628,214,0.008158997378555632,0.01906307798729008,0.0,100,6,8,100,results/icra27/os_t4p5k5_lockstep_checkpoint_sweep_v0/train9/u30/env_logs/stability/low_friction/episode_0000.jsonl
30,stability,34,40,8.0,0.004888118911757885,0.5119999999997198,256,0.0025027168828186674,0.004888118911757885,0.0,86,67,56,87,results/icra27/os_t4p5k5_lockstep_checkpoint_sweep_v0/train9/u30/env_logs/stability/low_friction/episode_0000.jsonl
30,stability,35,41,8.2,0.0,0.40000000000048885,200,0.0,0.0,0.0,0,100,100,0,results/icra27/os_t4p5k5_lockstep_checkpoint_sweep_v0/train9/u30/env_logs/stability/low_friction/episode_0000.jsonl
30,stability,36,42,8.4,0.1478927777803164,0.46400000000056707,232,0.06862224889015067,0.1478927777803164,0.0,82,63,65,79,results/icra27/os_t4p5k5_lockstep_checkpoint_sweep_v0/train9/u30/env_logs/stability/low_friction/episode_0000.jsonl
30,stability,37,43,8.6,0.0006887325524731944,0.40000000000048885,200,0.0002754930209896145,0.0006887325524731944,0.0,100,11,0,100,results/icra27/os_t4p5k5_lockstep_checkpoint_sweep_v0/train9/u30/env_logs/stability/low_friction/episode_0000.jsonl
30,stability,38,44,8.8,0.026576905094131617,0.5200000000006355,260,0.01381999064896533,0.026576905094131617,0.0,43,100,100,44,results/icra27/os_t4p5k5_lockstep_checkpoint_sweep_v0/train9/u30/env_logs/stability/low_friction/episode_0000.jsonl
30,energy,0,6,1.2,3.618466706711676,0.27399999999999247,137,0.991459877638972,3.618466706711676,0.0,57,73,88,46,results/icra27/os_t4p5k5_lockstep_checkpoint_sweep_v0/train9/u30/env_logs/energy/low_friction/episode_0000.jsonl
30,energy,1,7,1.4000000000000001,1.6721104077947666,0.39999999999995595,200,0.668844163117833,1.6721104077947666,0.0,100,0,0,100,results/icra27/os_t4p5k5_lockstep_checkpoint_sweep_v0/train9/u30/env_logs/energy/low_friction/episode_0000.jsonl
30,energy,2,8,1.6,0.18177030083478524,0.45799999999994956,229,0.08325079778232247,0.18177030083478524,0.0,68,90,75,69,results/icra27/os_t4p5k5_lockstep_checkpoint_sweep_v0/train9/u30/env_logs/energy/low_friction/episode_0000.jsonl
30,energy,3,9,1.8,0.0,0.39999999999995595,200,0.0,0.0,0.0,0,100,100,13,results/icra27/os_t4p5k5_lockstep_checkpoint_sweep_v0/train9/u30/env_logs/energy/low_friction/episode_0000.jsonl
30,energy,4,10,2.0,0.04640519535501859,0.5459999999999399,273,0.02533723666383736,0.04640519535501859,0.0,98,49,51,100,results/icra27/os_t4p5k5_lockstep_checkpoint_sweep_v0/train9/u30/env_logs/energy/low_friction/episode_0000.jsonl
30,energy,5,11,2.2,0.04713022418135271,0.4339999999999522,217,0.02045451729470482,0.04713022418135271,0.0,100,37,20,100,results/icra27/os_t4p5k5_lockstep_checkpoint_sweep_v0/train9/u30/env_logs/energy/low_friction/episode_0000.jsonl
30,energy,6,12,2.4,0.011545351658496038,0.5139999999999434,257,0.00593431075246631,0.011545351658496038,0.0,28,100,100,29,results/icra27/os_t4p5k5_lockstep_checkpoint_sweep_v0/train9/u30/env_logs/energy/low_friction/episode_0000.jsonl
30,energy,7,13,2.6,0.16868689474555668,0.4939999999999456,247,0.08333132600429582,0.16868689474555668,0.0,44,100,100,43,results/icra27/os_t4p5k5_lockstep_checkpoint_sweep_v0/train9/u30/env_logs/energy/low_friction/episode_0000.jsonl
30,energy,8,14,2.8000000000000003,0.022579780602860786,0.42799999999995286,214,0.009664146098023352,0.022579780602860786,0.0,100,6,8,100,results/icra27/os_t4p5k5_lockstep_checkpoint_sweep_v0/train9/u30/env_logs/energy/low_friction/episode_0000.jsonl
30,energy,9,15,3.0,0.004610342974110285,0.5099999999999438,255,0.0023512749167959868,0.004610342974110285,0.0,86,66,56,87,results/icra27/os_t4p5k5_lockstep_checkpoint_sweep_v0/train9/u30/env_logs/energy/low_friction/episode_0000.jsonl
30,energy,10,16,3.2,0.0,0.39999999999995595,200,0.0,0.0,0.0,0,100,100,0,results/icra27/os_t4p5k5_lockstep_checkpoint_sweep_v0/train9/u30/env_logs/energy/low_friction/episode_0000.jsonl
30,energy,11,17,3.4,0.17702858543737027,0.4559999999999498,228,0.08072503495943195,0.17702858543737027,0.0,82,63,65,78,results/icra27/os_t4p5k5_lockstep_checkpoint_sweep_v0/train9/u30/env_logs/energy/low_friction/episode_0000.jsonl
30,energy,12,18,3.6,0.0033289317297916844,0.39999999999995595,200,0.0013315726919165272,0.0033289317297916844,0.0,100,9,0,100,results/icra27/os_t4p5k5_lockstep_checkpoint_sweep_v0/train9/u30/env_logs/energy/low_friction/episode_0000.jsonl
30,energy,13,19,3.8000000000000003,0.14545263074135953,0.507999999999937,254,0.07388993641660146,0.14545263074135953,0.0,43,100,98,44,results/icra27/os_t4p5k5_lockstep_checkpoint_sweep_v0/train9/u30/env_logs/energy/low_friction/episode_0000.jsonl
30,energy,14,20,4.0,0.10623847981695475,0.411999999999777,206,0.043770253684561666,0.10623847981695475,0.0,26,100,100,19,results/icra27/os_t4p5k5_lockstep_checkpoint_sweep_v0/train9/u30/env_logs/energy/low_friction/episode_0000.jsonl
30,energy,15,21,4.2,0.050636347921465895,0.4499999999997524,225,0.022786356564647114,0.050636347921465895,0.0,100,20,22,100,results/icra27/os_t4p5k5_lockstep_checkpoint_sweep_v0/train9/u30/env_logs/energy/low_friction/episode_0000.jsonl
30,energy,16,22,4.4,0.1309770606335588,0.5059999999997196,253,0.06627439268054403,0.1309770606335588,0.0,100,52,41,100,results/icra27/os_t4p5k5_lockstep_checkpoint_sweep_v0/train9/u30/env_logs/energy/low_friction/episode_0000.jsonl
30,energy,17,23,4.6000000000000005,0.0007710491502396037,0.4019999999997772,201,0.0003099617583961489,0.0007710491502396037,0.0,0,100,100,1,results/icra27/os_t4p5k5_lockstep_checkpoint_sweep_v0/train9/u30/env_logs/energy/low_friction/episode_0000.jsonl
30,energy,18,24,4.8,0.10484717099199146,0.45999999999974506,230,0.048229698656289344,0.10484717099199146,0.0,67,77,79,64,results/icra27/os_t4p5k5_lockstep_checkpoint_sweep_v0/train9/u30/env_logs/energy/low_friction/episode_0000.jsonl
30,energy,19,25,5.0,0.0,0.3999999999997783,200,0.0,0.0,0.0,100,0,0,100,results/icra27/os_t4p5k5_lockstep_checkpoint_sweep_v0/train9/u30/env_logs/energy/low_friction/episode_0000.jsonl
30,energy,20,26,5.2,0.01846279398944891,0.515999999999714,258,0.009526801698550358,0.01846279398944891,0.0,57,97,86,58,results/icra27/os_t4p5k5_lockstep_checkpoint_sweep_v0/train9/u30/env_logs/energy/low_friction/episode_0000.jsonl
30,energy,21,27,5.4,0.012270063701513984,0.3999999999997783,200,0.004908025480602873,0.012270063701513984,0.0,12,100,100,10,results/icra27/os_t4p5k5_lockstep_checkpoint_sweep_v0/train9/u30/env_logs/energy/low_friction/episode_0000.jsonl
30,energy,22,28,5.6000000000000005,0.14993897561108774,0.46599999999974173,233,0.06987156263472816,0.14993897561108774,0.0,100,35,37,99,results/icra27/os_t4p5k5_lockstep_checkpoint_sweep_v0/train9/u30/env_logs/energy/low_friction/episode_0000.jsonl
30,energy,23,29,5.8,0.004417332183029465,0.45999999999974506,230,0.002031972804192428,0.004417332183029465,0.0,100,42,28,100,results/icra27/os_t4p5k5_lockstep_checkpoint_sweep_v0/train9/u30/env_logs/energy/low_friction/episode_0000.jsonl
30,energy,24,30,6.0,0.006136515887856082,0.45799999999974617,229,0.002810524276636528,0.006136515887856082,0.0,14,100,100,15,results/icra27/os_t4p5k5_lockstep_checkpoint_sweep_v0/train9/u30/env_logs/energy/low_friction/episode_0000.jsonl
30,energy,25,31,6.2,0.2896684633853703,0.5139999999997151,257,0.1488895901799978,0.2896684633853703,0.0,57,92,94,54,results/icra27/os_t4p5k5_lockstep_checkpoint_sweep_v0/train9/u30/env_logs/energy/low_friction/episode_0000.jsonl
30,energy,26,32,6.4,0.0,0.3999999999997783,200,0.0,0.0,0.0,100,0,0,100,results/icra27/os_t4p5k5_lockstep_checkpoint_sweep_v0/train9/u30/env_logs/energy/low_friction/episode_0000.jsonl
30,energy,27,33,6.6000000000000005,0.007271197771618753,0.5119999999997162,256,0.0037228532590667385,0.007271197771618753,0.0,71,82,71,72,results/icra27/os_t4p5k5_lockstep_checkpoint_sweep_v0/train9/u30/env_logs/energy/low_friction/episode_0000.jsonl
30,energy,28,34,6.8,0.0,0.3999999999997783,200,0.0,0.0,0.0,0,100,100,0,results/icra27/os_t4p5k5_lockstep_checkpoint_sweep_v0/train9/u30/env_logs/energy/low_friction/episode_0000.jsonl
30,energy,29,35,7.0,0.14218145671265253,0.46399999999974284,232,0.06597219591463421,0.14218145671265253,0.0,98,49,51,94,results/icra27/os_t4p5k5_lockstep_checkpoint_sweep_v0/train9/u30/env_logs/energy/low_friction/episode_0000.jsonl
30,energy,30,36,7.2,0.0007370539097393862,0.41199999999977166,206,0.0003036662108124588,0.0007370539097393862,0.0,100,26,12,100,results/icra27/os_t4p5k5_lockstep_checkpoint_sweep_v0/train9/u30/env_logs/energy/low_friction/episode_0000.jsonl
30,energy,31,37,7.4,0.0038122427282790854,0.497999999999724,249,0.0018984968786819323,0.0038122427282790854,0.0,28,100,100,29,results/icra27/os_t4p5k5_lockstep_checkpoint_sweep_v0/train9/u30/env_logs/energy/low_friction/episode_0000.jsonl
30,energy,32,38,7.6000000000000005,0.32049473716768506,0.479999999999734,240,0.15383747384040358,0.32049473716768506,0.0,42,100,100,38,results/icra27/os_t4p5k5_lockstep_checkpoint_sweep_v0/train9/u30/env_logs/energy/low_friction/episode_0000.jsonl
30,energy,33,39,7.8,0.016243156832083744,0.4279999999997628,214,0.00695207112412799,0.016243156832083744,0.0,100,6,8,100,results/icra27/os_t4p5k5_lockstep_checkpoint_sweep_v0/train9/u30/env_logs/energy/low_friction/episode_0000.jsonl
30,energy,34,40,8.0,0.015510059629598215,0.5079999999997256,254,0.007879110291831637,0.015510059629598215,0.0,86,66,55,87,results/icra27/os_t4p5k5_lockstep_checkpoint_sweep_v0/train9/u30/env_logs/energy/low_friction/episode_0000.jsonl
30,energy,35,41,8.2,0.0,0.40000000000048885,200,0.0,0.0,0.0,0,100,100,0,results/icra27/os_t4p5k5_lockstep_checkpoint_sweep_v0/train9/u30/env_logs/energy/low_friction/episode_0000.jsonl
30,energy,36,42,8.4,0.15404262009509925,0.4620000000005646,231,0.07116769048402283,0.15404262009509925,0.0,82,63,65,78,results/icra27/os_t4p5k5_lockstep_checkpoint_sweep_v0/train9/u30/env_logs/energy/low_friction/episode_0000.jsonl
30,energy,37,43,8.6,0.0014507940843282473,0.40000000000048885,200,0.0005803176337320082,0.0014507940843282473,0.0,100,10,0,100,results/icra27/os_t4p5k5_lockstep_checkpoint_sweep_v0/train9/u30/env_logs/energy/low_friction/episode_0000.jsonl
40,balanced,0,6,1.2,4.008886752500664,0.26799999999999313,134,1.0743816496701504,4.008886752500664,0.0,57,72,86,46,results/icra27/os_t4p5k5_lockstep_checkpoint_sweep_v0/train9/u40/env_logs/balanced/low_friction/episode_0000.jsonl
40,balanced,1,7,1.4000000000000001,1.6852467609535218,0.39999999999995595,200,0.6740987043813345,1.6852467609535218,0.0,100,0,0,100,results/icra27/os_t4p5k5_lockstep_checkpoint_sweep_v0/train9/u40/env_logs/balanced/low_friction/episode_0000.jsonl
40,balanced,2,8,1.6,0.16356873178565629,0.42999999999995264,215,0.07033455466782446,0.16356873178565629,0.0,67,79,72,68,results/icra27/os_t4p5k5_lockstep_checkpoint_sweep_v0/train9/u40/env_logs/balanced/low_friction/episode_0000.jsonl
40,balanced,3,9,1.8,0.0,0.39999999999995595,200,0.0,0.0,0.0,0,100,100,12,results/icra27/os_t4p5k5_lockstep_checkpoint_sweep_v0/train9/u40/env_logs/balanced/low_friction/episode_0000.jsonl
40,balanced,4,10,2.0,0.05482596816037612,0.5419999999999403,271,0.029715674742920584,0.05482596816037612,0.0,97,49,51,100,results/icra27/os_t4p5k5_lockstep_checkpoint_sweep_v0/train9/u40/env_logs/balanced/low_friction/episode_0000.jsonl
40,balanced,5,11,2.2,0.047973734160825406,0.4319999999999524,216,0.020724653157474293,0.047973734160825406,0.0,100,36,20,100,results/icra27/os_t4p5k5_lockstep_checkpoint_sweep_v0/train9/u40/env_logs/balanced/low_friction/episode_0000.jsonl
40,balanced,6,12,2.4,0.01606831880616135,0.5119999999999436,256,0.008226979228753706,0.01606831880616135,0.0,27,100,100,29,results/icra27/os_t4p5k5_lockstep_checkpoint_sweep_v0/train9/u40/env_logs/balanced/low_friction/episode_0000.jsonl
40,balanced,7,13,2.6,0.1649779389146275,0.4919999999999458,246,0.08116914594598779,0.1649779389146275,0.0,44,100,100,42,results/icra27/os_t4p5k5_lockstep_checkpoint_sweep_v0/train9/u40/env_logs/balanced/low_friction/episode_0000.jsonl
40,balanced,8,14,2.8000000000000003,0.021303247518507554,0.42799999999995286,214,0.009117789937920229,0.021303247518507554,0.0,100,6,8,100,results/icra27/os_t4p5k5_lockstep_checkpoint_sweep_v0/train9/u40/env_logs/balanced/low_friction/episode_0000.jsonl
40,balanced,9,15,3.0,0.004206829848530506,0.5099999999999438,255,0.0021454832227503218,0.004206829848530506,0.0,86,66,56,87,results/icra27/os_t4p5k5_lockstep_checkpoint_sweep_v0/train9/u40/env_logs/balanced/low_friction/episode_0000.jsonl
40,balanced,10,16,3.2,0.0,0.39999999999995595,200,0.0,0.0,0.0,0,100,100,0,results/icra27/os_t4p5k5_lockstep_checkpoint_sweep_v0/train9/u40/env_logs/balanced/low_friction/episode_0000.jsonl
40,balanced,11,17,3.4,0.28088271681362414,0.45399999999995,227,0.12752075343337133,0.28088271681362414,0.0,82,62,65,78,results/icra27/os_t4p5k5_lockstep_checkpoint_sweep_v0/train9/u40/env_logs/balanced/low_friction/episode_0000.jsonl
40,balanced,12,18,3.6,0.0028133595198446036,0.39999999999995595,200,0.0011253438079377176,0.0028133595198446036,0.0,100,9,0,100,results/icra27/os_t4p5k5_lockstep_checkpoint_sweep_v0/train9/u40/env_logs/balanced/low_friction/episode_0000.jsonl
40,balanced,13,19,3.8000000000000003,0.0719887013124169,0.5099999999999438,255,0.036714237669328575,0.0719887013124169,0.0,43,100,99,44,results/icra27/os_t4p5k5_lockstep_checkpoint_sweep_v0/train9/u40/env_logs/balanced/low_friction/episode_0000.jsonl
40,balanced,14,20,4.0,0.08629429303494814,0.4119999999997894,206,0.03555324873038046,0.08629429303494814,0.0,26,100,100,21,results/icra27/os_t4p5k5_lockstep_checkpoint_sweep_v0/train9/u40/env_logs/balanced/low_friction/episode_0000.jsonl
40,balanced,15,21,4.2,0.06183438250019763,0.4459999999997546,223,0.027578134595072967,0.06183438250019763,0.0,100,20,22,100,results/icra27/os_t4p5k5_lockstep_checkpoint_sweep_v0/train9/u40/env_logs/balanced/low_friction/episode_0000.jsonl
40,balanced,16,22,4.4,0.016723278329475247,0.5099999999997173,255,0.00852887194802765,0.016723278329475247,0.0,100,53,42,100,results/icra27/os_t4p5k5_lockstep_checkpoint_sweep_v0/train9/u40/env_logs/balanced/low_friction/episode_0000.jsonl
40,balanced,17,23,4.6000000000000005,0.0005720008822663399,0.4019999999997772,201,0.0002299443546709412,0.0005720008822663399,0.0,0,100,100,1,results/icra27/os_t4p5k5_lockstep_checkpoint_sweep_v0/train9/u40/env_logs/balanced/low_friction/episode_0000.jsonl
40,balanced,18,24,4.8,0.2790447536633335,0.4999999999997229,250,0.1395223768315894,0.2790447536633335,0.0,68,76,79,67,results/icra27/os_t4p5k5_lockstep_checkpoint_sweep_v0/train9/u40/env_logs/balanced/low_friction/episode_0000.jsonl
40,balanced,19,25,5.0,0.0,0.3999999999997783,200,0.0,0.0,0.0,100,0,0,100,results/icra27/os_t4p5k5_lockstep_checkpoint_sweep_v0/train9/u40/env_logs/balanced/low_friction/episode_0000.jsonl
40,balanced,20,26,5.2,0.004680638992905522,0.5179999999997129,259,0.0024245709983237163,0.004680638992905522,0.0,57,97,87,58,results/icra27/os_t4p5k5_lockstep_checkpoint_sweep_v0/train9/u40/env_logs/balanced/low_friction/episode_0000.jsonl
40,balanced,21,27,5.4,0.0076805412139589295,0.3999999999997783,200,0.003072216485581869,0.0076805412139589295,0.0,13,100,100,10,results/icra27/os_t4p5k5_lockstep_checkpoint_sweep_v0/train9/u40/env_logs/balanced/low_friction/episode_0000.jsonl
40,balanced,22,28,5.6000000000000005,0.23070428576182192,0.5079999999997185,254,0.11719777716694058,0.23070428576182192,0.0,100,34,37,100,results/icra27/os_t4p5k5_lockstep_checkpoint_sweep_v0/train9/u40/env_logs/balanced/low_friction/episode_0000.jsonl
40,balanced,23,29,5.8,0.0019911439299232555,0.45799999999974617,229,0.0009119439199043455,0.0019911439299232555,0.0,100,41,28,100,results/icra27/os_t4p5k5_lockstep_checkpoint_sweep_v0/train9/u40/env_logs/balanced/low_friction/episode_0000.jsonl
40,balanced,24,30,6.0,0.00592025833828211,0.45799999999974617,229,0.0027114783189317038,0.00592025833828211,0.0,14,100,100,15,results/icra27/os_t4p5k5_lockstep_checkpoint_sweep_v0/train9/u40/env_logs/balanced/low_friction/episode_0000.jsonl
40,balanced,25,31,6.2,0.25592664616733807,0.5119999999997162,256,0.13103444283760446,0.25592664616733807,0.0,57,92,94,53,results/icra27/os_t4p5k5_lockstep_checkpoint_sweep_v0/train9/u40/env_logs/balanced/low_friction/episode_0000.jsonl
40,balanced,26,32,6.4,0.0,0.3999999999997783,200,0.0,0.0,0.0,100,0,0,100,results/icra27/os_t4p5k5_lockstep_checkpoint_sweep_v0/train9/u40/env_logs/balanced/low_friction/episode_0000.jsonl
40,balanced,27,33,6.6000000000000005,0.007494038280197656,0.5119999999997162,256,0.003836947599459073,0.007494038280197656,0.0,71,82,71,72,results/icra27/os_t4p5k5_lockstep_checkpoint_sweep_v0/train9/u40/env_logs/balanced/low_friction/episode_0000.jsonl
40,balanced,28,34,6.8,0.0,0.3999999999997783,200,0.0,0.0,0.0,0,100,100,0,results/icra27/os_t4p5k5_lockstep_checkpoint_sweep_v0/train9/u40/env_logs/balanced/low_friction/episode_0000.jsonl
40,balanced,29,35,7.0,0.1379333576720074,0.45999999999974506,230,0.06344934452908824,0.1379333576720074,0.0,97,48,51,94,results/icra27/os_t4p5k5_lockstep_checkpoint_sweep_v0/train9/u40/env_logs/balanced/low_friction/episode_0000.jsonl
40,balanced,30,36,7.2,7.18897931140504e-05,0.3999999999997783,200,2.8755917245604223e-05,7.18897931140504e-05,0.0,100,29,13,100,results/icra27/os_t4p5k5_lockstep_checkpoint_sweep_v0/train9/u40/env_logs/balanced/low_friction/episode_0000.jsonl
40,balanced,31,37,7.4,0.002903202372770696,0.4999999999997229,250,0.0014516011863845435,0.002903202372770696,0.0,28,100,100,29,results/icra27/os_t4p5k5_lockstep_checkpoint_sweep_v0/train9/u40/env_logs/balanced/low_friction/episode_0000.jsonl
40,balanced,32,38,7.6000000000000005,0.2781525152369605,0.48199999999973286,241,0.13406951234414066,0.2781525152369605,0.0,42,100,100,39,results/icra27/os_t4p5k5_lockstep_checkpoint_sweep_v0/train9/u40/env_logs/balanced/low_friction/episode_0000.jsonl
40,balanced,33,39,7.8,0.025624427126903927,0.4279999999997628,214,0.010967254810308802,0.025624427126903927,0.0,100,6,8,100,results/icra27/os_t4p5k5_lockstep_checkpoint_sweep_v0/train9/u40/env_logs/balanced/low_friction/episode_0000.jsonl
40,balanced,34,40,8.0,0.004518119249033461,0.5119999999997233,256,0.0023132770555038817,0.004518119249033461,0.0,86,67,56,87,results/icra27/os_t4p5k5_lockstep_checkpoint_sweep_v0/train9/u40/env_logs/balanced/low_friction/episode_0000.jsonl
40,balanced,35,41,8.2,0.0,0.40000000000048885,200,0.0,0.0,0.0,0,100,100,0,results/icra27/os_t4p5k5_lockstep_checkpoint_sweep_v0/train9/u40/env_logs/balanced/low_friction/episode_0000.jsonl
40,balanced,36,42,8.4,0.20143791692291735,0.46400000000056707,232,0.09346719345234789,0.20143791692291735,0.0,83,62,65,79,results/icra27/os_t4p5k5_lockstep_checkpoint_sweep_v0/train9/u40/env_logs/balanced/low_friction/episode_0000.jsonl
40,balanced,37,43,8.6,0.0007072796027221233,0.40000000000048885,200,0.0002829118410891951,0.0007072796027221233,0.0,100,11,0,100,results/icra27/os_t4p5k5_lockstep_checkpoint_sweep_v0/train9/u40/env_logs/balanced/low_friction/episode_0000.jsonl
40,stability,0,6,1.2,3.9366377862620325,0.27399999999999247,137,1.0786387534357673,3.9366377862620325,0.0,58,70,86,46,results/icra27/os_t4p5k5_lockstep_checkpoint_sweep_v0/train9/u40/env_logs/stability/low_friction/episode_0000.jsonl
40,stability,1,7,1.4000000000000001,1.9804099179813965,0.39799999999995617,199,0.788203147356509,1.9804099179813965,0.0,100,0,0,99,results/icra27/os_t4p5k5_lockstep_checkpoint_sweep_v0/train9/u40/env_logs/stability/low_friction/episode_0000.jsonl
40,stability,2,8,1.6,0.4232072591201508,0.39999999999995595,200,0.16928290364804166,0.4232072591201508,0.0,64,79,70,66,results/icra27/os_t4p5k5_lockstep_checkpoint_sweep_v0/train9/u40/env_logs/stability/low_friction/episode_0000.jsonl
40,stability,3,9,1.8,0.0003204128479051069,0.39999999999995595,200,0.00012816513916202865,0.0003204128479051069,0.0,0,100,100,5,results/icra27/os_t4p5k5_lockstep_checkpoint_sweep_v0/train9/u40/env_logs/stability/low_friction/episode_0000.jsonl
40,stability,4,10,2.0,0.04042832064304531,0.5239999999999423,262,0.02118444001695341,0.04042832064304531,0.0,94,49,52,100,results/icra27/os_t4p5k5_lockstep_checkpoint_sweep_v0/train9/u40/env_logs/stability/low_friction/episode_0000.jsonl
40,stability,5,11,2.2,0.043902393397639246,0.4319999999999524,216,0.018965833947778066,0.043902393397639246,0.0,100,36,19,100,results/icra27/os_t4p5k5_lockstep_checkpoint_sweep_v0/train9/u40/env_logs/stability/low_friction/episode_0000.jsonl
40,stability,6,12,2.4,0.01617671588683742,0.5099999999999438,255,0.008250125102286177,0.01617671588683742,0.0,27,100,100,29,results/icra27/os_t4p5k5_lockstep_checkpoint_sweep_v0/train9/u40/env_logs/stability/low_friction/episode_0000.jsonl
40,stability,7,13,2.6,0.18353739941087882,0.4919999999999458,246,0.09030040051014243,0.18353739941087882,0.0,44,100,100,42,results/icra27/os_t4p5k5_lockstep_checkpoint_sweep_v0/train9/u40/env_logs/stability/low_friction/episode_0000.jsonl
40,stability,8,14,2.8000000000000003,0.02003329252786477,0.42799999999995286,214,0.008574249201925177,0.02003329252786477,0.0,100,6,8,100,results/icra27/os_t4p5k5_lockstep_checkpoint_sweep_v0/train9/u40/env_logs/stability/low_friction/episode_0000.jsonl
40,stability,9,15,3.0,0.003256481389229277,0.5119999999999436,256,0.0016673184712852063,0.003256481389229277,0.0,86,67,56,87,results/icra27/os_t4p5k5_lockstep_checkpoint_sweep_v0/train9/u40/env_logs/stability/low_friction/episode_0000.jsonl
40,stability,10,16,3.2,0.0,0.39999999999995595,200,0.0,0.0,0.0,0,100,100,0,results/icra27/os_t4p5k5_lockstep_checkpoint_sweep_v0/train9/u40/env_logs/stability/low_friction/episode_0000.jsonl
40,stability,11,17,3.4,0.40260857633867136,0.4959999999999454,248,0.199693853863959,0.40260857633867136,0.0,82,62,65,79,results/icra27/os_t4p5k5_lockstep_checkpoint_sweep_v0/train9/u40/env_logs/stability/low_friction/episode_0000.jsonl
40,stability,12,18,3.6,0.0013940190507423659,0.39999999999995595,200,0.0005576076202968849,0.0013940190507423659,0.0,100,10,0,100,results/icra27/os_t4p5k5_lockstep_checkpoint_sweep_v0/train9/u40/env_logs/stability/low_friction/episode_0000.jsonl
40,stability,13,19,3.8000000000000003,0.034147094504649186,0.5119999999999436,256,0.017483312386378458,0.034147094504649186,0.0,43,100,99,44,results/icra27/os_t4p5k5_lockstep_checkpoint_sweep_v0/train9/u40/env_logs/stability/low_friction/episode_0000.jsonl
40,stability,14,20,4.0,0.13014491084117955,0.4139999999997883,207,0.05387999308822078,0.13014491084117955,0.0,26,100,100,21,results/icra27/os_t4p5k5_lockstep_checkpoint_sweep_v0/train9/u40/env_logs/stability/low_friction/episode_0000.jsonl
40,stability,15,21,4.2,0.056484526037029116,0.4439999999997557,222,0.025079129560427127,0.056484526037029116,0.0,100,20,22,100,results/icra27/os_t4p5k5_lockstep_checkpoint_sweep_v0/train9/u40/env_logs/stability/low_friction/episode_0000.jsonl
40,stability,16,22,4.4,0.012981385354324205,0.5099999999997173,255,0.006620506530701675,0.012981385354324205,0.0,100,53,42,100,results/icra27/os_t4p5k5_lockstep_checkpoint_sweep_v0/train9/u40/env_logs/stability/low_friction/episode_0000.jsonl
40,stability,17,23,4.6000000000000005,0.000561564746660003,0.4019999999997772,201,0.0002257490281571961,0.000561564746660003,0.0,0,100,100,1,results/icra27/os_t4p5k5_lockstep_checkpoint_sweep_v0/train9/u40/env_logs/stability/low_friction/episode_0000.jsonl
40,stability,18,24,4.8,0.2744823243577976,0.4999999999997229,250,0.13724116217882276,0.2744823243577976,0.0,68,76,79,67,results/icra27/os_t4p5k5_lockstep_checkpoint_sweep_v0/train9/u40/env_logs/stability/low_friction/episode_0000.jsonl
40,stability,19,25,5.0,0.0,0.3999999999997783,200,0.0,0.0,0.0,100,0,0,100,results/icra27/os_t4p5k5_lockstep_checkpoint_sweep_v0/train9/u40/env_logs/stability/low_friction/episode_0000.jsonl
40,stability,20,26,5.2,0.00395819969211292,0.5179999999997129,259,0.002050347440513356,0.00395819969211292,0.0,57,97,87,58,results/icra27/os_t4p5k5_lockstep_checkpoint_sweep_v0/train9/u40/env_logs/stability/low_friction/episode_0000.jsonl
40,stability,21,27,5.4,0.011307290175847801,0.3999999999997783,200,0.004522916070336613,0.011307290175847801,0.0,12,100,100,10,results/icra27/os_t4p5k5_lockstep_checkpoint_sweep_v0/train9/u40/env_logs/stability/low_friction/episode_0000.jsonl
40,stability,22,28,5.6000000000000005,0.2582989252520501,0.5059999999997196,253,0.13069925617746492,0.2582989252520501,0.0,100,34,37,100,results/icra27/os_t4p5k5_lockstep_checkpoint_sweep_v0/train9/u40/env_logs/stability/low_friction/episode_0000.jsonl
40,stability,23,29,5.8,0.0014185311409687245,0.4539999999997484,227,0.000644013137999444,0.0014185311409687245,0.0,100,40,27,100,results/icra27/os_t4p5k5_lockstep_checkpoint_sweep_v0/train9/u40/env_logs/stability/low_friction/episode_0000.jsonl
40,stability,24,30,6.0,0.002925354139821039,0.45799999999974617,229,0.0013398121960372933,0.002925354139821039,0.0,14,100,100,15,results/icra27/os_t4p5k5_lockstep_checkpoint_sweep_v0/train9/u40/env_logs/stability/low_friction/episode_0000.jsonl
40,stability,25,31,6.2,0.30138397371078146,0.5119999999997162,256,0.1543085945398346,0.30138397371078146,0.0,57,92,94,53,results/icra27/os_t4p5k5_lockstep_checkpoint_sweep_v0/train9/u40/env_logs/stability/low_friction/episode_0000.jsonl
40,stability,26,32,6.4,2.4930280062576633e-09,0.3999999999997783,200,9.972112025025126e-10,2.4930280062576633e-09,0.0,100,0,0,100,results/icra27/os_t4p5k5_lockstep_checkpoint_sweep_v0/train9/u40/env_logs/stability/low_friction/episode_0000.jsonl
40,stability,27,33,6.6000000000000005,0.008289282723621547,0.5119999999997162,256,0.00424411275449188,0.008289282723621547,0.0,71,82,71,72,results/icra27/os_t4p5k5_lockstep_checkpoint_sweep_v0/train9/u40/env_logs/stability/low_friction/episode_0000.jsonl
40,stability,28,34,6.8,0.0,0.3999999999997783,200,0.0,0.0,0.0,0,100,100,0,results/icra27/os_t4p5k5_lockstep_checkpoint_sweep_v0/train9/u40/env_logs/stability/low_friction/episode_0000.jsonl
40,stability,29,35,7.0,0.1604949595388642,0.46199999999974395,231,0.07414867130691416,0.1604949595388642,0.0,97,49,51,94,results/icra27/os_t4p5k5_lockstep_checkpoint_sweep_v0/train9/u40/env_logs/stability/low_friction/episode_0000.jsonl
40,stability,30,36,7.2,7.870462587216053e-05,0.3999999999997783,200,3.148185034884676e-05,7.870462587216053e-05,0.0,100,29,13,100,results/icra27/os_t4p5k5_lockstep_checkpoint_sweep_v0/train9/u40/env_logs/stability/low_friction/episode_0000.jsonl
40,stability,31,37,7.4,0.002523676485299453,0.4999999999997229,250,0.0012618382426490271,0.002523676485299453,0.0,28,100,100,29,results/icra27/os_t4p5k5_lockstep_checkpoint_sweep_v0/train9/u40/env_logs/stability/low_friction/episode_0000.jsonl
40,stability,32,38,7.6000000000000005,0.2595735965736864,0.48199999999973286,241,0.1251144735484475,0.2595735965736864,0.0,42,100,100,39,results/icra27/os_t4p5k5_lockstep_checkpoint_sweep_v0/train9/u40/env_logs/stability/low_friction/episode_0000.jsonl
40,stability,33,39,7.8,0.023808009447746064,0.4279999999997628,214,0.010189828043629667,0.023808009447746064,0.0,100,6,8,100,results/icra27/os_t4p5k5_lockstep_checkpoint_sweep_v0/train9/u40/env_logs/stability/low_friction/episode_0000.jsonl
40,stability,34,40,8.0,0.0037720598100278706,0.5119999999997233,256,0.0019312946227332262,0.0037720598100278706,0.0,86,67,56,87,results/icra27/os_t4p5k5_lockstep_checkpoint_sweep_v0/train9/u40/env_logs/stability/low_friction/episode_0000.jsonl
40,stability,35,41,8.2,0.0,0.40000000000048885,200,0.0,0.0,0.0,0,100,100,0,results/icra27/os_t4p5k5_lockstep_checkpoint_sweep_v0/train9/u40/env_logs/stability/low_friction/episode_0000.jsonl
40,stability,36,42,8.4,0.19518585314413178,0.4660000000005695,233,0.09095660756527657,0.19518585314413178,0.0,83,63,65,79,results/icra27/os_t4p5k5_lockstep_checkpoint_sweep_v0/train9/u40/env_logs/stability/low_friction/episode_0000.jsonl
40,stability,37,43,8.6,0.0006386718840848371,0.40000000000048885,200,0.00025546875363424704,0.0006386718840848371,0.0,100,11,0,100,results/icra27/os_t4p5k5_lockstep_checkpoint_sweep_v0/train9/u40/env_logs/stability/low_friction/episode_0000.jsonl
40,energy,0,6,1.2,3.896023146491392,0.27399999999999247,137,1.067510342138612,3.896023146491392,0.0,57,65,86,46,results/icra27/os_t4p5k5_lockstep_checkpoint_sweep_v0/train9/u40/env_logs/energy/low_friction/episode_0000.jsonl
40,energy,1,7,1.4000000000000001,1.7093414308012118,0.39999999999995595,200,0.6837365723204094,1.7093414308012118,0.0,100,0,0,100,results/icra27/os_t4p5k5_lockstep_checkpoint_sweep_v0/train9/u40/env_logs/energy/low_friction/episode_0000.jsonl
40,energy,2,8,1.6,0.16703337715587593,0.4319999999999524,216,0.07215841893133046,0.16703337715587593,0.0,67,79,72,69,results/icra27/os_t4p5k5_lockstep_checkpoint_sweep_v0/train9/u40/env_logs/energy/low_friction/episode_0000.jsonl
40,energy,3,9,1.8,0.0,0.39999999999995595,200,0.0,0.0,0.0,0,100,100,12,results/icra27/os_t4p5k5_lockstep_checkpoint_sweep_v0/train9/u40/env_logs/energy/low_friction/episode_0000.jsonl
40,energy,4,10,2.0,0.05128304458964345,0.5419999999999403,271,0.02779541016758369,0.05128304458964345,0.0,97,49,51,100,results/icra27/os_t4p5k5_lockstep_checkpoint_sweep_v0/train9/u40/env_logs/energy/low_friction/episode_0000.jsonl
40,energy,5,11,2.2,0.046652100123670576,0.4319999999999524,216,0.02015370725342347,0.046652100123670576,0.0,100,36,20,100,results/icra27/os_t4p5k5_lockstep_checkpoint_sweep_v0/train9/u40/env_logs/energy/low_friction/episode_0000.jsonl
40,energy,6,12,2.4,0.015985675951377943,0.5139999999999434,257,0.008216637439007357,0.015985675951377943,0.0,28,100,100,29,results/icra27/os_t4p5k5_lockstep_checkpoint_sweep_v0/train9/u40/env_logs/energy/low_friction/episode_0000.jsonl
40,energy,7,13,2.6,0.15480874558590543,0.4919999999999458,246,0.07616590282825708,0.15480874558590543,0.0,44,100,100,42,results/icra27/os_t4p5k5_lockstep_checkpoint_sweep_v0/train9/u40/env_logs/energy/low_friction/episode_0000.jsonl
40,energy,8,14,2.8000000000000003,0.020075665774421173,0.42799999999995286,214,0.008592384951451315,0.020075665774421173,0.0,100,6,8,100,results/icra27/os_t4p5k5_lockstep_checkpoint_sweep_v0/train9/u40/env_logs/energy/low_friction/episode_0000.jsonl
40,energy,9,15,3.0,0.003465619432917906,0.5119999999999436,256,0.0017743971496537725,0.003465619432917906,0.0,86,67,56,87,results/icra27/os_t4p5k5_lockstep_checkpoint_sweep_v0/train9/u40/env_logs/energy/low_friction/episode_0000.jsonl
40,energy,10,16,3.2,0.0,0.39999999999995595,200,0.0,0.0,0.0,0,100,100,0,results/icra27/os_t4p5k5_lockstep_checkpoint_sweep_v0/train9/u40/env_logs/energy/low_friction/episode_0000.jsonl
40,energy,11,17,3.4,0.24941238633162977,0.45399999999995,227,0.11323322339454744,0.24941238633162977,0.0,82,62,65,78,results/icra27/os_t4p5k5_lockstep_checkpoint_sweep_v0/train9/u40/env_logs/energy/low_friction/episode_0000.jsonl
40,energy,12,18,3.6,0.0017426467405059186,0.39999999999995595,200,0.0006970586962022907,0.0017426467405059186,0.0,100,10,0,100,results/icra27/os_t4p5k5_lockstep_checkpoint_sweep_v0/train9/u40/env_logs/energy/low_friction/episode_0000.jsonl
40,energy,13,19,3.8000000000000003,0.0691361219404992,0.5119999999999436,256,0.03539769443353169,0.0691361219404992,0.0,43,100,99,44,results/icra27/os_t4p5k5_lockstep_checkpoint_sweep_v0/train9/u40/env_logs/energy/low_friction/episode_0000.jsonl
40,energy,14,20,4.0,0.0868750687825947,0.4119999999997832,206,0.03579252833841018,0.0868750687825947,0.0,26,100,100,20,results/icra27/os_t4p5k5_lockstep_checkpoint_sweep_v0/train9/u40/env_logs/energy/low_friction/episode_0000.jsonl
40,energy,15,21,4.2,0.05196361031740902,0.4439999999997557,222,0.023071842980916912,0.05196361031740902,0.0,100,20,22,100,results/icra27/os_t4p5k5_lockstep_checkpoint_sweep_v0/train9/u40/env_logs/energy/low_friction/episode_0000.jsonl
40,energy,16,22,4.4,0.026673947807105903,0.5119999999997162,256,0.013657061277230653,0.026673947807105903,0.0,100,54,42,100,results/icra27/os_t4p5k5_lockstep_checkpoint_sweep_v0/train9/u40/env_logs/energy/low_friction/episode_0000.jsonl
40,energy,17,23,4.6000000000000005,0.0006167633028447052,0.4019999999997772,201,0.0002479388477434341,0.0006167633028447052,0.0,0,100,100,1,results/icra27/os_t4p5k5_lockstep_checkpoint_sweep_v0/train9/u40/env_logs/energy/low_friction/episode_0000.jsonl
40,energy,18,24,4.8,0.2891228990473959,0.4999999999997229,250,0.14456144952361782,0.2891228990473959,0.0,68,76,79,67,results/icra27/os_t4p5k5_lockstep_checkpoint_sweep_v0/train9/u40/env_logs/energy/low_friction/episode_0000.jsonl
40,energy,19,25,5.0,0.0,0.3999999999997783,200,0.0,0.0,0.0,100,0,0,100,results/icra27/os_t4p5k5_lockstep_checkpoint_sweep_v0/train9/u40/env_logs/energy/low_friction/episode_0000.jsonl
40,energy,20,26,5.2,0.005036015685589987,0.5179999999997129,259,0.0026086561251341678,0.005036015685589987,0.0,57,97,87,58,results/icra27/os_t4p5k5_lockstep_checkpoint_sweep_v0/train9/u40/env_logs/energy/low_friction/episode_0000.jsonl
40,energy,21,27,5.4,0.007519685806242908,0.3999999999997783,200,0.0030078743224954962,0.007519685806242908,0.0,13,100,100,10,results/icra27/os_t4p5k5_lockstep_checkpoint_sweep_v0/train9/u40/env_logs/energy/low_friction/episode_0000.jsonl
40,energy,22,28,5.6000000000000005,0.22690519467850975,0.5079999999997185,254,0.11526783889661907,0.22690519467850975,0.0,100,34,37,100,results/icra27/os_t4p5k5_lockstep_checkpoint_sweep_v0/train9/u40/env_logs/energy/low_friction/episode_0000.jsonl
40,energy,23,29,5.8,0.0014981795396900373,0.4539999999997484,227,0.0006801735110189,0.0014981795396900373,0.0,100,42,28,100,results/icra27/os_t4p5k5_lockstep_checkpoint_sweep_v0/train9/u40/env_logs/energy/low_friction/episode_0000.jsonl
40,energy,24,30,6.0,0.004970894762604289,0.45799999999974617,229,0.0022766698012715025,0.004970894762604289,0.0,14,100,100,15,results/icra27/os_t4p5k5_lockstep_checkpoint_sweep_v0/train9/u40/env_logs/energy/low_friction/episode_0000.jsonl
40,energy,25,31,6.2,0.26719441773400787,0.5119999999997162,256,0.1368035418797362,0.26719441773400787,0.0,57,92,94,53,results/icra27/os_t4p5k5_lockstep_checkpoint_sweep_v0/train9/u40/env_logs/energy/low_friction/episode_0000.jsonl
40,energy,26,32,6.4,0.0,0.3999999999997783,200,0.0,0.0,0.0,100,0,0,100,results/icra27/os_t4p5k5_lockstep_checkpoint_sweep_v0/train9/u40/env_logs/energy/low_friction/episode_0000.jsonl
40,energy,27,33,6.6000000000000005,0.008714931557492173,0.5119999999997162,256,0.00446204495743352,0.008714931557492173,0.0,71,82,71,72,results/icra27/os_t4p5k5_lockstep_checkpoint_sweep_v0/train9/u40/env_logs/energy/low_friction/episode_0000.jsonl
40,energy,28,34,6.8,0.0,0.3999999999997783,200,0.0,0.0,0.0,0,100,100,0,results/icra27/os_t4p5k5_lockstep_checkpoint_sweep_v0/train9/u40/env_logs/energy/low_friction/episode_0000.jsonl
40,energy,29,35,7.0,0.0977052901467332,0.46199999999974395,231,0.04513984404776572,0.0977052901467332,0.0,97,49,51,94,results/icra27/os_t4p5k5_lockstep_checkpoint_sweep_v0/train9/u40/env_logs/energy/low_friction/episode_0000.jsonl
40,energy,30,36,7.2,4.130409223093225e-05,0.3999999999997783,200,1.6521636892363745e-05,4.130409223093225e-05,0.0,100,29,13,100,results/icra27/os_t4p5k5_lockstep_checkpoint_sweep_v0/train9/u40/env_logs/energy/low_friction/episode_0000.jsonl
40,energy,31,37,7.4,0.003060804163679185,0.4999999999997229,250,0.0015304020818387443,0.003060804163679185,0.0,28,100,100,29,results/icra27/os_t4p5k5_lockstep_checkpoint_sweep_v0/train9/u40/env_logs/energy/low_friction/episode_0000.jsonl
40,energy,32,38,7.6000000000000005,0.2925162427320605,0.48199999999973286,241,0.140992828996775,0.2925162427320605,0.0,42,100,100,39,results/icra27/os_t4p5k5_lockstep_checkpoint_sweep_v0/train9/u40/env_logs/energy/low_friction/episode_0000.jsonl
40,energy,33,39,7.8,0.02205373407982273,0.4279999999997628,214,0.009438998186158898,0.02205373407982273,0.0,100,6,8,100,results/icra27/os_t4p5k5_lockstep_checkpoint_sweep_v0/train9/u40/env_logs/energy/low_friction/episode_0000.jsonl
40,energy,34,40,8.0,0.005175941963393389,0.5119999999997233,256,0.0026500822852559835,0.005175941963393389,0.0,86,67,56,87,results/icra27/os_t4p5k5_lockstep_checkpoint_sweep_v0/train9/u40/env_logs/energy/low_friction/episode_0000.jsonl
40,energy,35,41,8.2,0.0,0.40000000000048885,200,0.0,0.0,0.0,0,100,100,0,results/icra27/os_t4p5k5_lockstep_checkpoint_sweep_v0/train9/u40/env_logs/energy/low_friction/episode_0000.jsonl
40,energy,36,42,8.4,0.16563162776956544,0.4660000000005695,233,0.07718433854071183,0.16563162776956544,0.0,83,63,65,79,results/icra27/os_t4p5k5_lockstep_checkpoint_sweep_v0/train9/u40/env_logs/energy/low_friction/episode_0000.jsonl
40,energy,37,43,8.6,0.0007458367990333714,0.40000000000048885,200,0.00029833471961371316,0.0007458367990333714,0.0,100,11,0,100,results/icra27/os_t4p5k5_lockstep_checkpoint_sweep_v0/train9/u40/env_logs/energy/low_friction/episode_0000.jsonl
