context_id,beta_index,beta_name,J_motion_s_per_m,J_stability,J_energy_j_per_m,r_motion,r_stability,r_energy,quality_Q,quality_gap_from_best,quality_rank,is_pareto,is_exact_best
flat,0,lm100_ls000_le000,4.467153420035954,0.10764727422495432,100.54988909022944,0.0,0.0,0.0,0.0,0.0,1,1,1
flat,1,lm080_ls020_le000,4.469945899774418,0.10773247789699482,100.57061579877232,0.0,0.0,0.0,0.0,0.0,2,0,1
flat,2,lm080_ls000_le020,4.482395219000594,0.10765555658293449,100.74864153845152,0.0,0.0,0.0,0.0,0.0,3,0,1
flat,3,lm060_ls040_le000,4.473096986949553,0.10776323228923,100.56920588921066,0.0,0.0,0.0,0.0,0.0,4,0,1
flat,4,lm060_ls020_le020,4.4847112296132,0.10771272620220991,100.76632352047439,0.0,0.0,0.0,0.0,0.0,5,0,1
flat,5,lm060_ls000_le040,4.499505713066695,0.1077645947239037,100.87921994012753,0.0,0.0,0.0,0.0,0.0,6,0,1
flat,6,lm040_ls060_le000,4.476609590764586,0.10785539329279735,100.62083597912908,0.0,0.0,0.0,0.0,0.0,7,0,1
flat,7,lm040_ls040_le020,4.4869363546036505,0.10791981468510763,100.69302174245277,0.0,0.0,0.0,0.0,0.0,8,0,1
flat,8,lm040_ls020_le040,4.501379895768366,0.1078199718997769,100.89519090904237,0.0,0.0,0.0,0.0,0.0,9,0,1
flat,9,lm040_ls000_le060,4.518070082809281,0.10787701915459925,101.07091951251621,0.0,0.0,0.0,0.0,0.0,10,0,1
flat,10,lm020_ls080_le000,4.480397345163054,0.10791824696198046,100.64913864205676,0.0,0.0,0.0,0.0,0.0,11,0,1
flat,11,lm020_ls060_le020,4.489862213451604,0.10798132366175422,100.71461080039796,0.0,0.0,0.0,0.0,0.0,12,0,1
flat,12,lm020_ls040_le040,4.503529556390161,0.10787377873386135,100.90852613275976,0.0,0.0,0.0,0.0,0.0,13,0,1
flat,13,lm020_ls020_le060,4.519560161683371,0.10792691693790064,101.08111137057324,0.0,0.0,0.0,0.0,0.0,14,0,1
flat,14,lm020_ls000_le080,4.5371087902111285,0.10795760810630325,101.17897677415537,0.0,0.0,0.0,0.0,0.0,15,0,1
flat,15,lm000_ls100_le000,4.484460789869289,0.1079844358424402,100.67943777836511,0.0,0.0,0.0,0.0,0.0,16,0,1
flat,16,lm000_ls080_le020,4.493319030854598,0.10792278971116868,100.70004431180836,0.0,0.0,0.0,0.0,0.0,17,0,1
flat,17,lm000_ls060_le040,4.5059645884530966,0.10792906576369801,100.92582582014641,0.0,0.0,0.0,0.0,0.0,18,0,1
flat,18,lm000_ls040_le060,4.5213105184848015,0.10797766925054109,101.09120688149996,0.0,0.0,0.0,0.0,0.0,19,0,1
flat,19,lm000_ls020_le080,4.538330127058792,0.10800516447379362,101.18599374529741,0.0,0.0,0.0,0.0,0.0,20,0,1
flat,20,lm000_ls000_le100,4.556305297028323,0.10801105996711,101.3186798071945,0.0,0.0,0.0,0.0,0.0,21,0,1
low_friction,0,lm100_ls000_le000,4.539224297512309,0.25137314479378425,110.58335893441934,0.0,1.0,0.5941920981184179,0.338647306993728,0.1088819211156632,6,1,0
low_friction,1,lm080_ls020_le000,4.542541160232466,0.2509052680762073,110.51206006721317,0.12004539642447351,0.7237294812464607,0.22756768461331556,0.24481430228976775,0.015048916411702917,2,1,0
low_friction,2,lm080_ls000_le020,4.556018487699771,0.2507302254936805,110.68653809102952,0.6078229305149613,0.6203708329917056,1.12474748083966,0.3827589644277078,0.15299357854964296,7,0,0
low_friction,3,lm060_ls040_le000,4.544679391626769,0.2505255781359973,110.59918496615518,0.19743323458139905,0.49953124096951407,0.6755708048303816,0.22976538587806483,0.0,1,1,1
low_friction,4,lm060_ls020_le020,4.558784834314689,0.2507302254936805,110.76304011931,0.7079437989540113,0.6203708329917056,1.5181269600561027,0.515530458658707,0.2857650727806421,9,0,0
low_friction,5,lm060_ls000_le040,4.5749470069703335,0.25000000000004763,110.90143495132799,1.2928924649740514,0.18918935215679752,2.22976413058804,0.7556275300217428,0.5258621441436779,12,0,0
low_friction,6,lm040_ls060_le000,4.547219700831385,0.25017519271203076,110.62720484327328,0.289373254786527,0.2926366484276484,0.8196512287900357,0.2778892800366926,0.04812389415862778,3,1,0
low_friction,7,lm040_ls040_le020,4.5607666766339205,0.2507302254936805,110.78662088471246,0.7796715329410556,0.6203708329917056,1.6393811205279454,0.5565917851308507,0.3268263992527859,10,0,0
low_friction,8,lm040_ls020_le040,4.576578808155128,0.24988323213456426,110.91715311015582,1.3519513518324453,0.1202405937362067,2.3105881462764346,0.7828053157316285,0.5530399298535636,13,0,0
low_friction,9,lm040_ls000_le060,4.598085397754187,0.2530325359936935,111.09274967095638,2.130327574178773,1.9798326148566416,3.2135195481297423,1.0955854485004646,0.8658200626223997,16,0,0
low_friction,10,lm020_ls080_le000,4.550188003922176,0.24997079780404255,110.6622779661086,0.39680342338423646,0.17194612218620497,1.0,0.3385624984852348,0.10879711260716995,5,1,0
low_friction,11,lm020_ls060_le020,4.5629887402029965,0.25055484172414566,110.8084137105066,0.8600934631008434,0.516810721598957,1.7514415541431254,0.5942416705105182,0.3644762846324534,11,0,0
low_friction,12,lm020_ls040_le040,4.578437285601594,0.24976646426908078,110.93595733119693,1.4192142085226211,0.05129183531555032,2.4072809379119846,0.8153529359098287,0.5855875500317639,15,0,0
low_friction,13,lm020_ls020_le060,4.599570603116465,0.2529191701621552,111.10333766076694,2.184080798695089,1.9128926798023531,3.2679638290363364,1.113871067370558,0.8841056814924932,17,0,0
low_friction,14,lm020_ls000_le080,4.6119453723294415,0.2545062918036926,111.2600275435598,2.6319540455452364,2.8500517705629838,4.073675597429581,1.3897441371883195,1.1599787513102546,20,0,0
low_friction,15,lm000_ls100_le000,4.553235179487535,0.2499707978040426,110.69916960412483,0.507088180270753,0.17194612218623775,1.189699720078759,0.4027956867680388,0.17303030088997395,8,0,0
low_friction,16,lm000_ls080_le020,4.566854367627028,0.2496795992077843,110.4678040997217,1.0,0.0,0.0,0.33666666666666667,0.10690128078860184,4,1,0
low_friction,17,lm000_ls060_le040,4.579152868718935,0.2501460450987745,110.92893592612148,1.4451129165016305,0.27542564832396926,2.3711763177596823,0.8040311555285117,0.5742657696504468,14,0,0
low_friction,18,lm000_ls040_le060,4.6012436459029615,0.25314590182523194,111.12196885822252,2.2446323202637997,2.0467725499109957,3.3637669197123357,1.1467728792037355,0.9170074933256707,18,0,0
low_friction,19,lm000_ls020_le080,4.6135500942896,0.25405282847753896,111.25484540212705,2.6900328688524513,2.5822920303455996,4.047028616377407,1.3800740505110538,1.150308664632989,19,0,0
low_friction,20,lm000_ls000_le100,4.626380711988806,0.2546464188577031,111.44581246807458,3.154404390384375,2.932793596451166,5.028996371199583,1.7133861049266448,1.48362071904858,21,0,0
rough_seed_13,0,lm100_ls000_le000,4.425768838781536,0.48859726757708033,148.2619747782019,0.0,0.8099072147082177,1.0,0.3393663573823607,0.09860516196041391,15,1,0
rough_seed_13,1,lm080_ls020_le000,4.433116592732395,0.4857931035504681,147.4083075334975,0.07933641749090085,0.527836600435501,0.7091206495906697,0.2407611954219468,0.0,1,1,1
rough_seed_13,2,lm080_ls000_le020,4.44506749706218,0.4885280527936334,147.87179321752322,0.20837475242192657,0.8029449056926471,0.8670491814978644,0.29527762329799623,0.054516427876049434,10,0,0
rough_seed_13,3,lm060_ls040_le000,4.435232842660367,0.4865090051357397,147.45298454721367,0.10218635080706807,0.5998490783076771,0.7243439357230684,0.24620257645714883,0.005441381035202031,3,0,0
rough_seed_13,4,lm060_ls020_le020,4.445742421203497,0.49278800534644407,148.29937347109706,0.215662158043883,1.2314531605380747,1.012743264501459,0.41868391545630296,0.17792272003435616,21,0,0
rough_seed_13,5,lm060_ls000_le040,4.476859539407105,0.48836031307554406,146.28683867532902,0.5516451941425174,0.7860719821152907,0.32699033477310696,0.2675730190752,0.026811823653253186,7,1,0
rough_seed_13,6,lm040_ls060_le000,4.445525657692599,0.480545692682495,147.58274612036152,0.21332168223148967,0.0,0.7685590117254372,0.2594592728883355,0.018698077466388685,5,1,0
rough_seed_13,7,lm040_ls040_le020,4.437495819085529,0.4909262423856113,148.10000909010546,0.1266205443905029,1.0441785870792801,0.9448116646921284,0.35511156501363306,0.11435036959168626,18,0,0
rough_seed_13,8,lm040_ls020_le040,4.47408814587878,0.48926011833435273,146.88120631560952,0.5217214330224189,0.8765833144301184,0.5295157030376247,0.2986205063116733,0.05785931088972651,11,1,0
rough_seed_13,9,lm040_ls000_le060,4.487812692895135,0.48775200494741067,145.32719359313973,0.6699104441468061,0.7248823206898959,0.0,0.24627674944608763,0.005515554024140834,4,1,0
rough_seed_13,10,lm020_ls080_le000,4.4378264436335755,0.48749389613861044,148.25691238657458,0.1301904199404949,0.6989191781787791,0.9982750360902248,0.3388496274774399,0.09808843205549311,14,0,0
rough_seed_13,11,lm020_ls060_le020,4.46049675924879,0.4904870473813614,147.21290249585252,0.37497020384834256,1.0,0.642538160020554,0.3400583612128963,0.0992971657909495,16,1,0
rough_seed_13,12,lm020_ls040_le040,4.477135062082952,0.4886024525357813,146.49939014189113,0.554620114395072,0.8104287692506317,0.3994153140676368,0.276024470409255,0.03526327498730819,9,0,0
rough_seed_13,13,lm020_ls020_le060,4.491126343039218,0.4883386944716259,146.1787639611723,0.7056891505389865,0.7838973686372499,0.2901648587523369,0.26723162747217855,0.02647043205023175,6,0,0
rough_seed_13,14,lm020_ls000_le080,4.518383985560771,0.48209695526695223,145.33615197172438,1.0,0.15604136774580057,0.0030524860355003367,0.3371969795126043,0.0964357840906575,13,1,0
rough_seed_13,15,lm000_ls100_le000,4.449172879007959,0.48092304920951395,147.70263414616318,0.25270207995470023,0.03795826006107678,0.8094097662593284,0.27347015577402645,0.03270896035207965,8,0,0
rough_seed_13,16,lm000_ls080_le020,4.454503403188534,0.49272458225726873,148.3344960164882,0.3102577214015742,1.2250734375429206,1.0247109524401434,0.4168912862189223,0.1761300907969755,20,0,0
rough_seed_13,17,lm000_ls060_le040,4.477564994565434,0.4898652890314449,147.21463721368735,0.55926225444919,0.9374573819413757,0.6431292493473035,0.3196186235995848,0.07885742817763802,12,0,0
rough_seed_13,18,lm000_ls040_le060,4.490989649901353,0.4875266928846112,146.97172229796544,0.7042132241638912,0.7022181999916215,0.5603582008758432,0.24129370680473491,0.00053251138278812,2,1,0
rough_seed_13,19,lm000_ls020_le080,4.519866773741668,0.48283728494191736,145.9962453219677,1.0160102125026187,0.2305110650245367,0.22797329226226648,0.34358505273350426,0.10282385731155746,17,0,0
rough_seed_13,20,lm000_ls000_le100,4.531054513905723,0.48339372282264487,146.30809749603634,1.1368083816263266,0.28648310279831823,0.3342340846020627,0.38479454577219785,0.14403335035025105,19,0,0
rough_seed_7,0,lm100_ls000_le000,4.457193450320372,0.32365316164450253,132.73219619100732,0.0,0.5636546569277822,0.7717556440993897,0.2617032490365538,0.03784085474337451,6,1,0
rough_seed_7,1,lm080_ls020_le000,4.461845908155069,0.32253662939587835,133.44172120843342,0.04303433854531195,0.39435901174609406,1.0,0.33812464450097135,0.11426225020779207,13,1,0
rough_seed_7,2,lm080_ls000_le020,4.466935622132612,0.32689432531501356,132.94473259458152,0.09011321216238134,1.0551002872844095,0.8401256569217762,0.35831789294936506,0.13445549865618578,19,0,0
rough_seed_7,3,lm060_ls040_le000,4.462975440962209,0.322586198288996,133.5844076701087,0.05348229937539334,0.40187495922690597,1.0459002554398356,0.35363761019341894,0.12977521590023966,18,0,0
rough_seed_7,4,lm060_ls020_le020,4.469398397095388,0.32652904701662094,133.13237851643888,0.11289340604583702,0.9997144932122298,0.9004887470451889,0.3399484865584208,0.11608609226524153,15,0,0
rough_seed_7,5,lm060_ls000_le040,4.497729637438085,0.3265309299802105,131.49954496073363,0.3749519204129598,1.0,0.37522884209241836,0.3391672692083512,0.11530487491517194,14,1,0
rough_seed_7,6,lm040_ls060_le000,4.465937672420268,0.322704146842524,133.91588061875777,0.0808823696060145,0.4197590610899565,1.1525305049796435,0.3896874081121332,0.16582501381895393,21,0,0
rough_seed_7,7,lm040_ls040_le020,4.4872138570754805,0.32490183075615703,131.7939011223825,0.27768297821694904,0.7529857247374933,0.4699191361212941,0.2559972010427502,0.03213480674957092,5,1,0
rough_seed_7,8,lm040_ls020_le040,4.505544911216852,0.3254205127257129,131.11115297046106,0.44724169703630584,0.8316315487056483,0.2502885264171492,0.2823077221424131,0.05844532784923384,8,1,0
rough_seed_7,9,lm040_ls000_le060,4.53305918022979,0.32475178181117137,132.54877157815642,0.7017433840154453,0.7302343595337738,0.7127504905272921,0.25056054729151295,0.02669815299833367,3,0,0
rough_seed_7,10,lm020_ls080_le000,4.46590350015606,0.32274524555955125,133.13471698179052,0.0805662827463243,0.4259907071743742,0.901240998910694,0.30510632626633594,0.08124393197315666,9,1,0
rough_seed_7,11,lm020_ls060_le020,4.489898789157855,0.324841505838522,132.17513111139635,0.302518082651937,0.7438388811383603,0.5925555353396316,0.2534093353765532,0.029546941083373912,4,1,0
rough_seed_7,12,lm020_ls040_le040,4.5027371195433625,0.3259168951780278,131.35874732814656,0.4212701650558283,0.9068961795526966,0.32993619676929165,0.3078257349888249,0.0839633406956456,11,1,0
rough_seed_7,13,lm020_ls020_le060,4.565303810371516,0.3199357677276557,130.33310099906856,1.0,0.0,0.0,0.33666666666666667,0.11280427237348739,12,1,0
rough_seed_7,14,lm020_ls000_le080,4.567905467165396,0.32371451106787963,130.69671561842617,1.0240648240617205,0.5729568425341082,0.1169697791522425,0.34706824617306703,0.12320585187988775,17,0,0
rough_seed_7,15,lm000_ls100_le000,4.4738512219075055,0.32303973485454657,132.4366902164479,0.1540811775971606,0.47064302712014006,0.6766954712068608,0.22990322265536745,0.0060408283621881664,2,1,0
rough_seed_7,16,lm000_ls080_le020,4.491342318424296,0.32501688318243815,131.9704902320511,0.31587045023038685,0.7704306975638339,0.5267254031386124,0.26218698769105403,0.03832459339787475,7,0,0
rough_seed_7,17,lm000_ls060_le040,4.528300418459131,0.3215065063942171,131.85710764790647,0.6577257545448969,0.2381652803087465,0.4902517986104487,0.22386239429317928,0.0,1,1,1
rough_seed_7,18,lm000_ls040_le060,4.555083872443663,0.32303756089221736,131.37406904897676,0.9054675433231543,0.4703133972723879,0.3348649818244887,0.30752466751578483,0.08366227322260555,10,1,0
rough_seed_7,19,lm000_ls020_le080,4.56559546460837,0.3241229835878246,130.59988592661236,1.0026977454955832,0.6348920162725158,0.08582101047277964,0.33997728440599734,0.11611489011281806,16,0,0
rough_seed_7,20,lm000_ls000_le100,4.573155468949753,0.3253159646534224,130.78133396409922,1.0726263290079001,0.8157793121287559,0.1441903271684117,0.3643174295636502,0.14045503527047093,20,0,0
rough_seed_15,0,lm100_ls000_le000,4.460888283876722,0.4408694199505785,152.48257171002587,0.14768931308140495,0.372511620125009,0.5136848329728448,0.17467456354487915,0.010655958257529102,3,0,0
rough_seed_15,1,lm080_ls020_le000,4.459408350130682,0.44095763826169493,152.45271382321184,0.1182042353455897,0.3903664304130613,0.50252967373731,0.1708802257107565,0.0068616204234064615,2,1,0
rough_seed_15,2,lm080_ls000_le020,4.458695370497478,0.4437716899821233,152.1452722039196,0.10399936977960171,0.9599121287284395,0.3876668825358836,0.3248093041796262,0.16079069889227618,11,1,0
rough_seed_15,3,lm060_ls040_le000,4.4607908189180385,0.4406518202105258,152.39907229543368,0.14574749515138913,0.3284708532116371,0.48248874492912863,0.16401860528735004,0.0,1,1,1
rough_seed_15,4,lm060_ls020_le020,4.4568027708131055,0.44434494593703217,152.34323898074743,0.06629264880928734,1.0759353918340373,0.46162894598045495,0.3639913205667583,0.19997271527940827,17,0,0
rough_seed_15,5,lm060_ls000_le040,4.465628593516422,0.44616738376967957,153.46376742851345,0.2421316478091384,1.4447849124368526,0.8802678583935013,0.49015225220774916,0.32613364692039915,20,0,0
rough_seed_15,6,lm040_ls060_le000,4.453475368085315,0.44164200180248164,152.39428454563986,0.0,0.5288771435991076,0.4807000010818959,0.1796576383486392,0.015639033061289165,4,1,0
rough_seed_15,7,lm040_ls040_le020,4.457888800593791,0.4438316309910415,151.8184833799612,0.08792988263316408,0.972043797643484,0.2655758119134196,0.3284330975217949,0.16441449223444485,12,1,0
rough_seed_15,8,lm040_ls020_le040,4.486707073780261,0.4402481608298935,152.58585650112428,0.6620833049661045,0.24677282962705924,0.552272905145805,0.2255648651211647,0.06154625983381465,6,1,0
rough_seed_15,9,lm040_ls000_le060,4.495462948721347,0.4414901757844491,152.71815802281316,0.8365287177920119,0.49814854865714125,0.6017018734694958,0.2852975030637328,0.12127889777638276,8,0,0
rough_seed_15,10,lm020_ls080_le000,4.456933387533737,0.4433532889437916,153.2721695756916,0.06889495730567713,0.8752304898578421,0.808685278865132,0.29758619903937616,0.13356759375202612,9,0,0
rough_seed_15,11,lm020_ls060_le020,4.455873479065406,0.44396975897545204,151.79949212992656,0.04777814470160618,1.0,0.25848052015557194,0.33768752888285725,0.1736689235955072,14,1,0
rough_seed_15,12,lm020_ls040_le040,4.486830762380952,0.44011411366541975,152.57222796890807,0.6645475828543229,0.2196425585864936,0.5471811701558027,0.22628709865676302,0.06226849336941298,7,1,0
rough_seed_15,13,lm020_ls020_le060,4.499355834280552,0.44139325066381546,152.79258712211464,0.9140876177339224,0.47853153696014755,0.6295092149480422,0.31143630047678117,0.14741769518943112,10,0,0
rough_seed_15,14,lm020_ls000_le080,4.516154596949734,0.4405635037539356,153.12269832871402,1.2487734268058646,0.3105961789203838,0.7528415558463446,0.4239651794738635,0.25994657418651346,18,0,0
rough_seed_15,15,lm000_ls100_le000,4.455629524506238,0.4438324310001311,153.37214364263195,0.0429177790532488,0.9722057142608223,0.8460364364701514,0.3302724378528881,0.16625383256553808,13,0,0
rough_seed_15,16,lm000_ls080_le020,4.462069108008689,0.44191884889571287,151.10764345690615,0.17121515767851958,0.5849091880339408,0.0,0.1974901438303551,0.03347153854300505,5,1,0
rough_seed_15,17,lm000_ls060_le040,4.495297183249339,0.4394966012152416,153.784242345689,0.8332261322261827,0.09466206974117049,1.0,0.3397596273398912,0.17574102205254113,16,1,0
rough_seed_15,18,lm000_ls040_le060,4.503668003129401,0.4390288881572686,152.21766341880416,1.0,0.0,0.4147128531472965,0.3380490428438243,0.17403043755647427,15,1,0
rough_seed_15,19,lm000_ls020_le080,4.517769280058358,0.4404753399987589,153.4488670534351,1.2809431486625806,0.29275241039839217,0.8747009521451277,0.43514237125821387,0.27112376597086385,19,0,0
rough_seed_15,20,lm000_ls000_le100,4.537481388772532,0.44215224912443035,155.2102565928621,1.6736722551711365,0.6321478707087683,1.5327709927510145,0.5706860554524819,0.40666745016513184,21,0,0
rough_seed_0,0,lm100_ls000_le000,4.507595496334157,0.3649186844224,129.7115052776725,0.10514555554367805,0.6498733981956885,0.0,0.21914119591102738,0.0,1,1,1
rough_seed_0,1,lm080_ls020_le000,4.499353072637152,0.3664498598362224,131.9404342506173,0.0,1.0,0.4846161947647591,0.3382820539825492,0.1191408580715218,10,1,0
rough_seed_0,2,lm080_ls000_le020,4.510029649343701,0.36730764890438294,132.9465567835709,0.1361971466624136,1.1961465478015871,0.703368465162536,0.40550122313261744,0.18636002722159006,17,0,0
rough_seed_0,3,lm060_ls040_le000,4.506357293897271,0.3649332374359781,130.1933285461412,0.08935026426919668,0.6532011666173325,0.10475854625637902,0.22055808879625385,0.0014168928852264784,2,1,0
rough_seed_0,4,lm060_ls020_le020,4.517093935296427,0.36559428492116336,131.23376851768012,0.22631363403598034,0.8043597520607906,0.33097215198747143,0.2726587358138777,0.0535175399028503,6,0,0
rough_seed_0,5,lm060_ls000_le040,4.551959973396864,0.3625877909399292,134.1809713923441,0.6710868076122553,0.11687906794583955,0.9717562503844873,0.329784490547971,0.11064329463694361,8,1,0
rough_seed_0,6,lm040_ls060_le000,4.501344394937334,0.3691890233406416,134.87484678769187,0.025402563277019997,1.6263514950220461,1.1226194038613173,0.5513650765478832,0.3322238806368559,21,0,0
rough_seed_0,7,lm040_ls040_le020,4.527436824724655,0.3672243213619896,132.73498810556973,0.3582540553046554,1.1770924348688012,0.6573689699301304,0.39967319648994565,0.18053200057891827,16,0,0
rough_seed_0,8,lm040_ls020_le040,4.55346843100071,0.3625565826972535,134.1604802193583,0.6903296442584912,0.10974282747483065,0.9673010369617263,0.32832492401622554,0.10918372810519816,7,1,0
rough_seed_0,9,lm040_ls000_le060,4.5799688021865474,0.36340535731610785,133.4164335015104,1.0283850940724593,0.3038280840133678,0.80552957923139,0.3499208405485438,0.1307796446375164,12,0,0
rough_seed_0,10,lm020_ls080_le000,4.505272292620048,0.3669617559711387,132.40644736825115,0.07550930361818031,1.1170528553273886,0.585937280595416,0.3782792832409328,0.15913808732990542,14,0,0
rough_seed_0,11,lm020_ls060_le020,4.5348930346210405,0.365533925940673,130.5931603689471,0.45337017170747884,0.7905577509728173,0.19169042199850256,0.2683046448065351,0.04916344889550772,5,0,0
rough_seed_0,12,lm020_ls040_le040,4.556006362064164,0.36221011053066954,134.31087483449625,0.7227050936903601,0.03051668446683763,1.0,0.33917740592719064,0.12003621001616327,11,1,0
rough_seed_0,13,lm020_ls020_le060,4.5808621256911195,0.36358677207646933,133.44110974944573,1.0397808921558043,0.3453113347167896,0.8108947162638604,0.3539135871957229,0.13477239128469554,13,0,0
rough_seed_0,14,lm020_ls000_le080,4.5869505896217175,0.3639528344689003,134.1359634612316,1.1174491783205822,0.4290170815262006,0.9619705763792896,0.3808445155609476,0.16170331964992024,15,0,0
rough_seed_0,15,lm000_ls100_le000,4.508881972157758,0.36795711775268414,132.92345987434524,0.12155665258728335,1.3446575014001603,0.6983467096935926,0.4554343700123235,0.23629317410129613,19,0,0
rough_seed_0,16,lm000_ls080_le020,4.536798425043801,0.3654347932734181,130.80855811665486,0.4776765337550343,0.7678895552844375,0.23852243778818508,0.2609101468509047,0.041768950939877314,4,0,0
rough_seed_0,17,lm000_ls060_le040,4.556074348667634,0.3623027647386958,132.90448796450124,0.7235723736864053,0.0517034816856679,0.6942218161381594,0.24608911680050252,0.026947920889475147,3,1,0
rough_seed_0,18,lm000_ls040_le060,4.5777436774933085,0.3620766548128629,131.8965214601913,1.0,0.0,0.47506862745505213,0.3382502287581835,0.11910903284715613,9,1,0
rough_seed_0,19,lm000_ls020_le080,4.589410514869865,0.3666097881848127,135.29578628992004,1.148829536370648,1.0365700550822656,1.2141405345353382,0.4160453119317402,0.19690411602071284,18,0,0
rough_seed_0,20,lm000_ls000_le100,4.622097811062336,0.3664400101395284,133.4274727864706,1.5658093039391001,0.9977477166880184,0.8079297527386075,0.533174723890919,0.31403352797989165,20,0,0
rough_seed_5,0,lm100_ls000_le000,4.5679937801785035,0.3045925985202785,130.70648187729572,0.07914196954144474,0.7036762899419433,0.2462176392162441,0.2379888829763132,0.034794014048878996,5,1,0
rough_seed_5,1,lm080_ls020_le000,4.566967614387002,0.3049558511812616,130.4266609579603,0.07059912937608497,0.7384717899429772,0.11464702222216455,0.24923632311946317,0.04604145419202896,7,1,0
rough_seed_5,2,lm080_ls000_le020,4.599099243160199,0.3037998794451405,130.46178428629716,0.3380952505051755,0.6277427606317079,0.13116186318237882,0.2129042531249668,0.009709384197532589,3,0,0
rough_seed_5,3,lm060_ls040_le000,4.56106318238009,0.30587993711184597,130.44827963095483,0.021444675661092844,0.8269887794994444,0.12481203115444141,0.2789070781208647,0.07571220919343047,8,1,0
rough_seed_5,4,lm060_ls020_le020,4.591705199461795,0.3035067834585496,130.4284871977752,0.27653976501319666,0.5996674772349548,0.1155057124866261,0.2031948689274342,0.0,1,1,1
rough_seed_5,5,lm060_ls000_le040,4.674349214867922,0.29847847847419134,131.98833028748822,0.9645519946986142,0.11801268187873186,0.8489373594661518,0.3279556716863497,0.12476080275891549,13,1,0
rough_seed_5,6,lm040_ls060_le000,4.558862993114888,0.30690562201525873,130.7636973927146,0.003128078692242339,0.9252378025380285,0.273120133437101,0.31241755422823403,0.10922268530079982,10,1,0
rough_seed_5,7,lm040_ls040_le020,4.586847093481501,0.30373403375927743,130.2614428023047,0.2360959856164134,0.6214354880123838,0.03696214172838561,0.21012680805531853,0.006931939127884312,2,1,0
rough_seed_5,8,lm040_ls020_le040,4.673487603690266,0.29859334747204636,132.07553488713728,0.957379073289271,0.1290158338010473,0.8899405947060274,0.3257141427690781,0.1225192738416439,12,1,0
rough_seed_5,9,lm040_ls000_le060,4.686257395341996,0.29795685808608396,132.46925264530836,1.0636877126232849,0.06804734324691869,1.0750650253137426,0.36571100870852735,0.16251613978109314,20,0,0
rough_seed_5,10,lm020_ls080_le000,4.559001235985052,0.30720368659280484,130.9747494839294,0.00427895192695473,0.9537890208009424,0.3723559372682613,0.32236441996696796,0.11916955103953375,11,0,0
rough_seed_5,11,lm020_ls060_le020,4.57731125658655,0.30450954273916286,130.1828326937916,0.1567100509934277,0.6957204846793676,0.0,0.2347482633453652,0.03155339441793098,4,1,0
rough_seed_5,12,lm020_ls040_le040,4.668107858671286,0.2989377143697973,131.84157939137472,0.9125926438368941,0.16200229110219883,0.7799357065806363,0.31037931675069713,0.10718444782326292,9,1,0
rough_seed_5,13,lm020_ls020_le060,4.678744938840847,0.29817806079351483,131.56532515799728,1.0011464394001657,0.08923606292706653,0.650042130292548,0.33951689524212114,0.13632202631468693,16,0,0
rough_seed_5,14,lm020_ls000_le080,4.686935905542284,0.298882927027093,132.32865960421688,1.0693363166204453,0.1567542827931476,1.0089587699079157,0.36389560343788674,0.16070073451045253,19,0,0
rough_seed_5,15,lm000_ls100_le000,4.558487248364316,0.3076861128019467,130.90256171077053,0.0,1.0,0.33841355055714795,0.3377947118351905,0.13459984290775628,14,1,0
rough_seed_5,16,lm000_ls080_le020,4.572807844820676,0.3048570911750809,130.3139159140471,0.1192191043712831,0.72901169738409,0.06163477772694636,0.24603678439297105,0.04284191546553684,6,1,0
rough_seed_5,17,lm000_ls060_le040,4.669058054775825,0.2983451839334453,132.30960632857662,0.9205030356215846,0.10524457116451238,1.0,0.34008582535595366,0.13689095642851945,17,1,0
rough_seed_5,18,lm000_ls040_le060,4.6786072285628,0.2972464679923494,131.1848392111664,1.0,0.0,0.4711392416128446,0.33823713080537615,0.13504226187794194,15,1,0
rough_seed_5,19,lm000_ls020_le080,4.685078681340408,0.2973781472000986,131.46789663586168,1.0538749071296418,0.012613380067121436,0.6042316497872029,0.3568607021664938,0.15366583323905958,18,0,0
rough_seed_5,20,lm000_ls000_le100,4.69962596799194,0.299114158494964,132.0942673563708,1.1749812095740353,0.17890364439387837,0.8987485227935035,0.39916918111388316,0.19597431218644895,21,0,0
rough_seed_11,0,lm100_ls000_le000,4.474104281542436,0.3232691364021935,125.58108606689088,0.0,1.0,0.9867217581158748,0.3399557391937196,0.035437657609724615,3,1,0
rough_seed_11,1,lm080_ls020_le000,4.475787840294142,0.32319988892135254,125.58508642795526,0.1044738970797617,0.9828108568617011,1.0,0.34029094917980485,0.03577286759580989,4,1,0
rough_seed_11,2,lm080_ls000_le020,4.520658725840994,0.3203538390523732,126.02047726753328,2.888954256763599,0.27634243400353925,2.4451757701371326,0.9816863271242139,0.6771682455402189,9,0,0
rough_seed_11,3,lm060_ls040_le000,4.478813696538099,0.32327956905115507,125.60912926782447,0.2922445902551119,1.0025896724925436,1.0798044572043493,0.36785028146795645,0.06333219988396149,5,0,0
rough_seed_11,4,lm060_ls020_le020,4.520203741814799,0.32036675188811553,126.08445656816964,2.8607200449920263,0.27954775756478417,2.6575397582256346,0.9728993735332836,0.6683812919492886,8,0,0
rough_seed_11,5,lm060_ls000_le040,4.538818619688159,0.32062026856727527,126.38960056980982,4.015873575050209,0.34247762061684933,3.6703922977978203,1.365387003328286,1.060868921744291,15,0,0
rough_seed_11,6,lm040_ls060_le000,4.481834487560268,0.3233329902107102,125.69261226963309,0.4797009591105021,1.0158502842441262,1.3569063171081053,0.46181029757091085,0.1572922159869159,6,0,0
rough_seed_11,7,lm040_ls040_le020,4.5189153243222755,0.3204785177015321,126.03645446356022,2.7807667933616385,0.30729112875250003,2.4982082514710098,0.9455431516991634,0.6410250701151684,7,0,0
rough_seed_11,8,lm040_ls020_le040,4.534691456899137,0.32017823612048524,126.29752834591693,3.759760873301768,0.23275292150331,3.3647805692607657,1.2777779389808086,0.9732598573968136,12,0,0
rough_seed_11,9,lm040_ls000_le060,4.550094832150212,0.3214713968905761,126.69733974330136,4.715623351537831,0.5537512496442532,4.691858889706464,1.6050785621489052,1.3005604805649102,16,0,0
rough_seed_11,10,lm020_ls080_le000,4.488631065649316,0.31924057719573234,125.37643516309728,0.9014652717905363,0.0,0.3074320243543387,0.30451808158399496,0.0,1,1,1
rough_seed_11,11,lm020_ls060_le020,4.52197887936393,0.32056506666850976,126.23247214657432,2.9708769001789044,0.3287749800606485,3.148842073452567,1.0711090043298293,0.7665909227458343,11,0,0
rough_seed_11,12,lm020_ls040_le040,4.536383137697849,0.32025612999643865,126.38607630870409,3.8647387871865115,0.25208833944342296,3.6586943558692173,1.3141646673371676,1.0096465857531727,13,0,0
rough_seed_11,13,lm020_ls020_le060,4.550013117942316,0.32159244571656986,126.78185462668948,4.710552544393711,0.5837989217250414,4.972385833743363,1.691684402247328,1.3871663206633331,18,0,0
rough_seed_11,14,lm020_ls000_le080,4.56473083631746,0.3221940411992132,126.62689821542403,5.623866316910076,0.7331315867826782,4.45804508370538,1.9106722489280192,1.6061541673440243,19,0,0
rough_seed_11,15,lm000_ls100_le000,4.490218916860584,0.3192968942550605,125.28381453523822,1.0,0.013979454301641594,0.0,0.3367132648476721,0.03219518326367715,2,1,0
rough_seed_11,16,lm000_ls080_le020,4.523212340318503,0.3204427705549491,126.21740293130354,3.0474198023433794,0.2984176966515977,3.098823417099058,1.054423342086666,0.749905260502671,10,0,0
rough_seed_11,17,lm000_ls060_le040,4.538380353904389,0.3220765516611648,126.44522588472147,3.988676820353838,0.7039674285744595,3.855027228092814,1.358051178374683,1.053533096790688,14,0,0
rough_seed_11,18,lm000_ls040_le060,4.549272033216002,0.32157751458213535,126.73604201313387,4.664564241730734,0.580092600514578,4.820321818934523,1.6403238685154402,1.3358057869314452,17,0,0
rough_seed_11,19,lm000_ls020_le080,4.565244375595723,0.3221936304741385,126.63248242720898,5.655734197760302,0.733029633440646,4.476580539285347,1.921462547155055,1.61694446557106,20,0,0
rough_seed_11,20,lm000_ls000_le100,4.586223926771732,0.32259923304566746,127.192047348737,6.95762845486343,0.8337114282814462,6.33392247875919,2.36629369282749,2.061775611243495,21,0,0
rough_seed_4,0,lm100_ls000_le000,4.630442416938522,0.2228493671989584,121.53640838072268,4.707574303693927,1.0071369728209905,0.8380649974097547,1.5910340221443913,1.4184583553569694,6,0,0
rough_seed_4,1,lm080_ls020_le000,4.625549702410184,0.22284068813209168,121.5888482161748,0.0,1.0,1.0,0.33999999999999997,0.167424333212578,4,1,0
rough_seed_4,2,lm080_ls000_le020,4.6543076038331845,0.22246739301969012,122.04818044052809,27.669702980413156,0.6930318532704227,2.4184248348442625,9.325838192366144,9.153262525578722,7,0,0
rough_seed_4,3,lm060_ls040_le000,4.625746297597826,0.22282333007507935,121.30480247817712,0.18915602948294466,0.9857261174473378,0.12286247807930432,0.3329011878991446,0.1603255211117226,2,1,0
rough_seed_4,4,lm060_ls020_le020,4.657154054554831,0.2224481327424734,122.05023371596214,30.408444060920168,0.6771937364392733,2.4247653803449265,10.247849364232403,10.075273697444981,9,0,0
rough_seed_4,5,lm060_ls000_le040,4.672554059580792,0.2231969122568686,122.20730650752348,45.22571318975829,1.2929303271603274,2.909808529108578,15.23999923673952,15.067423569952098,14,0,0
rough_seed_4,6,lm040_ls060_le000,4.628249148748948,0.2225114057927326,121.47335992614754,2.597299340675198,0.7292244497562406,0.643370419005555,0.8789994275898558,0.7064237608024339,5,0,0
rough_seed_4,7,lm040_ls040_le020,4.654970173698808,0.22251249891400174,121.8737584234884,28.307201214929872,0.7301233455601,1.8798070162031837,9.5387908435656,9.366215176778178,8,0,0
rough_seed_4,8,lm040_ls020_le040,4.66951560923392,0.22299854664765378,122.30913595742287,42.30223774619076,1.1298102609911886,3.2242594058333154,14.256266940106972,14.08369127331955,12,0,0
rough_seed_4,9,lm040_ls000_le060,4.729778124595763,0.2245210069147235,122.76059312493263,100.28442067352832,2.3817602360261576,4.618365946400703,33.78575538069595,33.61317971390853,17,0,0
rough_seed_4,10,lm020_ls080_le000,4.6256119816452355,0.22224542110427503,121.31433315768827,0.05992258998256064,0.5104998424368907,0.15229336011807562,0.17257566678742198,0.0,1,1,1
rough_seed_4,11,lm020_ls060_le020,4.65830679173302,0.22217363563262738,121.98830890480319,31.517561686222894,0.45146919225766863,2.2335406297527887,10.619862467101742,10.44728680031432,10,0,0
rough_seed_4,12,lm020_ls040_le040,4.672985989242046,0.22270580086973443,122.15604253817332,45.641298640850465,0.889079466707055,2.7515046187714827,15.378039156037918,15.205463489250496,15,0,0
rough_seed_4,13,lm020_ls020_le060,4.730200542489232,0.22463077266808057,122.70693485282051,100.69085428194751,2.4720228426422177,4.45266839303219,33.922336579041236,33.74976091225381,18,0,0
rough_seed_4,14,lm020_ls000_le080,4.7435680544576995,0.22376718049066585,122.75129775140842,113.55253985190981,1.7618734690656583,4.589661692797644,38.25052686734918,38.077951200561756,19,0,0
rough_seed_4,15,lm000_ls100_le000,4.626589030567893,0.2216246169651689,121.26501560053696,1.0,0.0,0.0,0.33666666666666667,0.1640909998792447,3,1,0
rough_seed_4,16,lm000_ls080_le020,4.658885419947699,0.22205077157529793,122.0333417416388,32.07429462026914,0.35043558446286244,2.372602708928795,10.807422649801916,10.634846983014494,11,0,0
rough_seed_4,17,lm000_ls060_le040,4.671842094630896,0.22255122521774182,122.14228405885773,44.54068898001786,0.7619687710528146,2.709018227187675,15.006935246600149,14.834359579812727,13,0,0
rough_seed_4,18,lm000_ls040_le060,4.726958991802127,0.22448032953859975,122.61812250547574,97.57196381115646,2.348310404116513,4.178414525274489,32.87098356618731,32.69840789939989,16,0,0
rough_seed_4,19,lm000_ls020_le080,4.744131888869158,0.223694007476573,123.00910164818774,114.09503877996859,1.7017018145744085,5.3857640133484495,38.43562127534917,38.26304560856175,20,0,0
rough_seed_4,20,lm000_ls000_le100,4.754637175489963,0.22374190121640514,123.22289924345652,124.20280555495604,1.7410858088132712,6.04597421128567,41.84090140356886,41.66832573678143,21,0,0
rough_seed_25,0,lm100_ls000_le000,4.582541332167897,0.2343751363619884,114.70234306169228,0.0,0.7772639353034957,0.07821826428738247,0.26193958576646814,0.17697867292882175,4,1,0
rough_seed_25,1,lm080_ls020_le000,4.584583326000631,0.23514037384004471,114.73894139170378,0.03294506704574761,0.9436432261357288,0.15924830564667047,0.3183338640413368,0.2333729512036904,8,0,0
rough_seed_25,2,lm080_ls000_le020,4.592098209958459,0.23253509981642262,114.76623275150263,0.15418850660114294,0.3771999233653677,0.21967237451968413,0.12823684380340986,0.04327593096576347,3,1,0
rough_seed_25,3,lm060_ls040_le000,4.587506072779479,0.23485964236881912,114.82841041214955,0.08010000309074468,0.8826060913426966,0.3573359895606116,0.29860217072754575,0.21364125788989935,6,0,0
rough_seed_25,4,lm060_ls020_le020,4.593674575208797,0.23252083835972445,114.78197441791437,0.17962122732167546,0.3740991721349098,0.254524999762605,0.12739387537570057,0.04243296253805419,2,1,0
rough_seed_25,5,lm060_ls000_le040,4.606637583534736,0.23080022333849481,115.02019208573412,0.38876347426017205,0.0,0.7819476299722942,0.26455158033820625,0.17959066750055985,5,1,0
rough_seed_25,6,lm040_ls060_le000,4.587950828874758,0.23570067323536217,114.93328531683785,0.08727559742560603,1.0654645152385964,0.5895328647124041,0.3609624150041208,0.2760015021664744,12,0,0
rough_seed_25,7,lm040_ls040_le020,4.597132732413069,0.23194651633673324,114.70347508056658,0.23541435417794485,0.24922905843201265,0.08072459548269413,0.08496091283764638,0.0,1,1,1
rough_seed_25,8,lm040_ls020_le040,4.604267674301097,0.23187073679260028,115.11867843060317,0.35052789423884134,0.23275293543231854,1.0,0.33861093609890386,0.25365002326125746,9,1,0
rough_seed_25,9,lm040_ls000_le060,4.625127246731174,0.2385287297861947,115.04928904618036,0.687071521960891,1.680345590530541,0.8463693647248752,0.5708278184342347,0.4858669055965883,21,0,0
rough_seed_25,10,lm020_ls080_le000,4.590429614301595,0.23493098264508153,115.07307132620714,0.1272677613440394,0.8981170208419454,0.8990242026254718,0.3060894308245287,0.22112851798688232,7,0,0
rough_seed_25,11,lm020_ls060_le020,4.598216047161534,0.2330951926605298,115.38129436579622,0.2528923095212445,0.49897630373745355,1.5814412866274064,0.5349247952087558,0.4499638823711094,17,0,0
rough_seed_25,12,lm020_ls040_le040,4.6070492282767015,0.23251595975092798,115.32400671257814,0.3954048575031937,0.3730384563504889,1.454604326903312,0.492278267770294,0.4073173549326476,16,0,0
rough_seed_25,13,lm020_ls020_le060,4.625184469741507,0.23842184492664426,115.02238968063314,0.6879947450782941,1.65710649463854,0.7868131854635495,0.5628085462967812,0.47784763345913484,20,0,0
rough_seed_25,14,lm020_ls000_le080,4.6445231101955144,0.23539957866828726,114.66701470937633,1.0,1.0,0.0,0.33999999999999997,0.2550390871623536,10,1,0
rough_seed_25,15,lm000_ls100_le000,4.593589539624104,0.23518390836885902,115.15381431847,0.17824928241465826,0.9531085806675507,1.0777921409569737,0.3666278803324552,0.2816669674948088,13,0,0
rough_seed_25,16,lm000_ls080_le020,4.600651471958672,0.23337814286063258,115.401278426476,0.2921849028387986,0.5604958385013703,1.6256867279603808,0.5501568008844621,0.46519588804681566,18,0,0
rough_seed_25,17,lm000_ls060_le040,4.604667685612629,0.23265573721371022,115.20629240007317,0.3569815863441868,0.40342912042395684,1.1939805331984963,0.4045081485327209,0.3195472356950745,14,0,0
rough_seed_25,18,lm000_ls040_le060,4.62556998357642,0.23837203573723229,114.99395580600694,0.6942145381720183,1.6462768922615874,0.7238595469712471,0.5589734673452119,0.4740125545075655,19,0,0
rough_seed_25,19,lm000_ls020_le080,4.6457098759174045,0.23553353320598502,114.6676783830085,1.0191470099705955,1.029124633365479,0.0014693976978233073,0.34987401459193934,0.26491310175429295,11,0,0
rough_seed_25,20,lm000_ls000_le100,4.655285903238398,0.2351199167407824,115.21680189684449,1.1736444707682936,0.9391954073012477,1.2172489434723464,0.4168499438959217,0.33188903105827533,15,0,0
rough_seed_12,0,lm100_ls000_le000,4.4729751418429275,0.3385737561066201,131.24375188337078,0.0,1.0,0.0,0.33666666666666667,0.0,1,1,1
rough_seed_12,1,lm080_ls020_le000,4.473878709557919,0.33996202428682787,132.46220430363644,0.039851501411429124,1.7956373780481185,1.6100908897856003,0.6100310585801899,0.27336439191352324,10,0,0
rough_seed_12,2,lm080_ls000_le020,4.493404891088476,0.3384015435787378,132.00051190728962,0.9010461168388647,0.9013024096462366,1.0,0.3426744950882836,0.006007828421616956,3,1,0
rough_seed_12,3,lm060_ls040_le000,4.479727554442165,0.3390007693018463,132.16389382742977,0.2978125222541425,1.2447276858213936,1.2158966052330415,0.42410401798482644,0.08743735131815977,5,0,0
rough_seed_12,4,lm060_ls020_le020,4.49515954818497,0.33848261204807484,132.0402082950139,0.9784345832452603,0.9477639689510367,1.0524557144532098,0.3607474190399016,0.024080752373234926,4,0,0
rough_seed_12,5,lm060_ls000_le040,4.51302626677307,0.33873723870065975,132.2995973363676,1.7664392332762975,1.093694333942553,1.3952183249971264,0.6029975840661523,0.26633091739948567,9,0,0
rough_seed_12,6,lm040_ls060_le000,4.478265433987012,0.3406418118802748,132.71560696299545,0.23332627023844582,2.1852338740211255,1.9449429582746023,0.7429563016821557,0.406289635015489,15,0,0
rough_seed_12,7,lm040_ls040_le020,4.4956485087924705,0.3368289057281556,131.77780680787504,1.0,0.0,0.7057123891649092,0.33901904129721633,0.0023523746305496585,2,1,0
rough_seed_12,8,lm040_ls020_le040,4.518506729058041,0.33790135574191643,132.2634184858292,2.0081528833560074,0.6146372359471891,1.3474107646148148,0.6826182973983957,0.3459516307317291,11,0,0
rough_seed_12,9,lm040_ls000_le060,4.528202426341342,0.340376584100734,133.1431446749972,2.4357778278504805,2.0332278436965057,2.5099010671712034,0.8598967115194618,0.5232300448527951,16,0,0
rough_seed_12,10,lm020_ls080_le000,4.485994989557445,0.33912188137578164,132.46511317577182,0.5742353018628146,1.3141388373047185,1.613934739940786,0.5496526095772897,0.212985942910623,8,0,0
rough_seed_12,11,lm020_ls060_le020,4.503193014390201,0.3376429906933253,131.8684154279898,1.332747474802467,0.46656433996714564,0.8254446916794342,0.4529983466223192,0.11633167995565252,6,0,0
rough_seed_12,12,lm020_ls040_le040,4.521878600874262,0.33844447016064394,132.39413547766762,2.1568679737845784,0.9259042794890304,1.5201431866599364,0.7342990427279712,0.3976323760613045,14,0,0
rough_seed_12,13,lm020_ls020_le060,4.530941192023184,0.3397605757890154,132.9921696196242,2.556570019320636,1.6801842135253648,2.3103991767421017,0.8740138511388389,0.5373471844721722,17,0,0
rough_seed_12,14,lm020_ls000_le080,4.538218394464058,0.3403437355644884,132.4107335120914,2.8775281927171434,2.0144018534276205,1.5420762088851878,0.9806227517558143,0.6439560850891476,19,0,0
rough_seed_12,15,lm000_ls100_le000,4.486287592863705,0.3399125428991828,132.81808319675667,0.5871404564837043,1.7672788504312178,2.0803573968314315,0.708235054622965,0.3715683879562983,12,0,0
rough_seed_12,16,lm000_ls080_le020,4.5079068782284955,0.33780602348192024,132.30835131659015,1.540650599591346,0.5600008836428221,1.4067860346353873,0.5252416582566805,0.18857499159001379,7,0,0
rough_seed_12,17,lm000_ls060_le040,4.521250134103383,0.33857524338068745,132.36161780376347,2.1291496921425903,1.000852379141331,1.4771735888001536,0.7250738162478103,0.38840714958114364,13,0,0
rough_seed_12,18,lm000_ls040_le060,4.533429198144196,0.33999681846910934,133.05937093671443,2.6663025582306497,1.8155784473288505,2.399200533798761,0.911704457874744,0.5750377912080773,18,0,0
rough_seed_12,19,lm000_ls020_le080,4.5395133277364295,0.3400454113760559,132.42673280467463,2.9346407192886406,1.8434277732918563,1.5632180399512179,0.9993511948713192,0.6626845282046525,20,0,0
rough_seed_12,20,lm000_ls000_le100,4.550220599785223,0.340628098840231,132.6110039087473,3.4068807740022233,2.1773747244842494,1.806718090493581,1.1602635032973412,0.8235968366306745,21,0,0
rough_seed_6,0,lm100_ls000_le000,4.651043954428443,0.21761781166721403,119.03268774618753,0.019252265799284025,0.8426912781621905,0.0,0.2837702378672684,0.14161293884355156,11,1,0
rough_seed_6,1,lm080_ls020_le000,4.649983773589159,0.21814841588090939,119.31304525827144,0.0,1.0,0.5861009634473823,0.3386203365448246,0.19646303752110775,14,1,0
rough_seed_6,2,lm080_ls000_le020,4.67096922890146,0.2175987671056314,119.4938062268059,0.38108363084924457,0.8370451193809371,0.9639905267561719,0.3286039065086785,0.18644660748496164,12,0,0
rough_seed_6,3,lm060_ls040_le000,4.652776045036747,0.21750174935879804,119.2329665039409,0.05070602118124566,0.8082821782733851,0.41869244738539646,0.2736863282472618,0.13152902922354495,10,0,0
rough_seed_6,4,lm060_ls020_le020,4.66944950477399,0.21633898353071393,119.39170434111153,0.35348632691817383,0.46355591811290303,0.7505415874698491,0.2554058085982861,0.11324850957456925,7,0,0
rough_seed_6,5,lm060_ls000_le040,4.683130216704145,0.215521918131253,119.75270386812875,0.601920077692688,0.22131978366543784,1.5052285905615033,0.5095044250268997,0.36734712600318287,17,0,0
rough_seed_6,6,lm040_ls060_le000,4.652788127843298,0.21748725098535912,119.09037493984621,0.05092543790214702,0.803983832094564,0.1205978735173274,0.2712463011765681,0.12908900215285127,9,1,0
rough_seed_6,7,lm040_ls040_le020,4.668480657323143,0.21648977627292312,119.38923126749556,0.3358926221920597,0.5082615818205904,0.7453715072454077,0.2537555881193294,0.11159828909561256,6,0,0
rough_seed_6,8,lm040_ls020_le040,4.681040592013806,0.21562968015776376,119.4046065409632,0.5639737118761893,0.2532680913032571,0.7775142614226306,0.26448727402288374,0.1223299749991669,8,1,0
rough_seed_6,9,lm040_ls000_le060,4.705051621204484,0.2147754038349376,119.26740866569791,1.0,0.0,0.49069545539808845,0.3383023181846603,0.19614501916094343,13,1,0
rough_seed_6,10,lm020_ls080_le000,4.652475719363972,0.2167342061666569,119.12663473347202,0.04525228209790483,0.580727938418896,0.196400729023213,0.19631724930476538,0.05415995028104853,2,1,0
rough_seed_6,11,lm020_ls060_le020,4.668344128592665,0.21620167470898305,119.37675931000521,0.3334133400630006,0.4228478447768291,0.7192982757959149,0.24468462346742412,0.10252732444370727,5,0,0
rough_seed_6,12,lm020_ls040_le040,4.682734658003777,0.21513349974354387,119.51103111971635,0.5947369623631938,0.10616502512463044,1.0,0.3390030066249594,0.19684570760124256,15,1,0
rough_seed_6,13,lm020_ls020_le060,4.712255600881357,0.2154173729786636,119.82573849390573,1.1308200699470898,0.1903251856134535,1.6579110145662421,0.5625671924225033,0.4204098933987864,18,0,0
rough_seed_6,14,lm020_ls000_le080,4.749956680638328,0.21603361074867575,120.54563694174144,1.8154496930318786,0.3730217670704029,3.1628936017083973,1.0721357507755012,0.9299784517517843,20,0,0
rough_seed_6,15,lm000_ls100_le000,4.653231810181291,0.21694182153585467,119.13127761475491,0.058982450427719,0.6422798588888279,0.20610689731115106,0.21711785031836828,0.07496055129465143,4,0,0
rough_seed_6,16,lm000_ls080_le020,4.667564638024383,0.21618125395642174,119.1435530251152,0.3192582459012179,0.4167936853836839,0.23176923746176506,0.14215729902371685,0.0,1,1,1
rough_seed_6,17,lm000_ls060_le040,4.683476264609026,0.21494977190843914,119.31363418337406,0.6082041058482581,0.05169506397398871,0.5873321399101697,0.20689213964852743,0.06473484062481058,3,1,0
rough_seed_6,18,lm000_ls040_le060,4.708265548021125,0.21658616516109083,119.63324740464348,1.0583630367958388,0.5368380846180889,1.2554990655050264,0.42800202245807195,0.2858447234343551,16,0,0
rough_seed_6,19,lm000_ls020_le080,4.7505611245753565,0.21632731532086338,120.34276440199434,1.826426042448163,0.46009663314993327,2.738778727386072,0.929677247138638,0.7875199481149211,19,0,0
rough_seed_6,20,lm000_ls000_le100,4.756698854703172,0.21640655388165647,120.59149023304096,1.9378836423654633,0.48358856253326243,3.258752128944294,1.1051847907609078,0.9630274917371909,21,0,0
rough_seed_29,0,lm100_ls000_le000,4.441700033008183,0.32623001236573873,132.28884832469015,0.0,0.6999374025785785,1.0,0.3389997913419286,0.22013033405235882,7,1,0
rough_seed_29,1,lm080_ls020_le000,4.450058711621474,0.3237304880241609,131.6838328453945,0.4041205845062981,0.0,0.26669349182036656,0.13694290842318826,0.01807345113361848,3,1,0
rough_seed_29,2,lm080_ls000_le020,4.451142137400583,0.32730155642594877,131.4637970363857,0.45650143073558325,1.0,0.0,0.3381883381024519,0.21931888081288214,6,1,0
rough_seed_29,3,lm060_ls040_le000,4.445513227772445,0.3246286253806157,131.75154368176433,0.18435814657591937,0.2515038233390236,0.3487621308609504,0.11886945728956978,0.0,1,1,1
rough_seed_29,4,lm060_ls020_le020,4.458427964581284,0.32786904989612053,132.1224159912661,0.8087524114342151,1.1589141977475546,0.7982763789556974,0.3955245425429764,0.27665508525340665,11,0,0
rough_seed_29,5,lm060_ls000_le040,4.458471037202973,0.33028320507846715,133.8427769917178,0.810834861766235,1.8349458249037134,2.8834328108512084,0.9795749819421399,0.8607055246525701,17,0,0
rough_seed_29,6,lm040_ls060_le000,4.446383862460971,0.32453581516209845,131.76043763862242,0.22645109158507232,0.22551434117990501,0.35954201446838796,0.12255236298024054,0.003682905690670757,2,1,0
rough_seed_29,7,lm040_ls040_le020,4.462383657979929,0.3268264064952249,131.5704211648114,1.0,0.8669446010930493,0.12923333365712902,0.33998725978250055,0.22111780249293078,8,1,0
rough_seed_29,8,lm040_ls020_le040,4.460437755209211,0.33005461118624885,133.80743276408765,0.9059206123986532,1.7709330795572924,2.840593986003365,0.965256154260986,0.8463866969714162,16,0,0
rough_seed_29,9,lm040_ls000_le060,4.482913544481309,0.3314375446398136,133.1361203025371,1.99256714088673,2.158193500800524,2.026932494812744,0.7399901440551746,0.6211206867656048,12,0,0
rough_seed_29,10,lm020_ls080_le000,4.450375543396527,0.3248236196452068,131.8336094184483,0.4194385848803055,0.3061077240913725,0.4482295674279843,0.15332244206399362,0.03445298477442384,4,0,0
rough_seed_29,11,lm020_ls060_le020,4.457889378779969,0.3274620538591572,131.60712222819,0.7827131749826539,1.0449438137695979,0.17371670565941857,0.35498585023790485,0.23611639294833509,10,0,0
rough_seed_29,12,lm020_ls040_le040,4.462204513257207,0.33055344708894124,133.94560864381074,0.9913388140151126,1.9106212195107721,3.0080694892621453,1.0223899281633417,0.903520470873772,18,0,0
rough_seed_29,13,lm020_ls020_le060,4.487308458592724,0.32739963433739905,132.61067431673084,2.2050499197719047,1.027464584940791,1.3900678619653644,0.750425247812895,0.6315557905233252,13,0,0
rough_seed_29,14,lm020_ls000_le080,4.506825089303946,0.3295927524478911,133.33271380108872,3.1486287526834893,1.6415995898581002,2.2652128312456745,1.0730610548071207,0.9541915975175509,19,0,0
rough_seed_29,15,lm000_ls100_le000,4.452326064949913,0.3251167826930415,131.9659181032016,0.5137412787287265,0.38820165645288823,0.6085937613015593,0.20789970942213032,0.08903025213256054,5,0,0
rough_seed_29,16,lm000_ls080_le020,4.462565874139883,0.3269523368545443,131.96594719830037,1.0088096820650405,0.9022086579944393,0.6086290258956276,0.34466871857486386,0.2257992612852941,9,0,0
rough_seed_29,17,lm000_ls060_le040,4.46694639896304,0.32861313776997597,133.47672292579324,1.2205967759202287,1.3672798155785941,2.439758494946746,0.8300116152704006,0.7111421579808308,14,0,0
rough_seed_29,18,lm000_ls040_le060,4.483429553629935,0.3316075697281888,133.55634181746885,2.017514854323369,2.2058053270791897,2.5362602431462204,0.867952015797236,0.7490825585076663,15,0,0
rough_seed_29,19,lm000_ls020_le080,4.513542531760678,0.32875126550636047,133.42207693639872,3.4733997957626705,1.405959482513941,2.3735250496214046,1.1819762130138833,1.0631067557243135,20,0,0
rough_seed_29,20,lm000_ls000_le100,4.5174945897693775,0.32944949627313985,134.36761110207183,3.6644716225869147,1.6014838153522053,3.5195558225885746,1.2507755783973973,1.1319061211078274,21,0,0
rough_seed_18,0,lm100_ls000_le000,4.796908464720258,0.12787220349221448,118.93529930512268,0.6557608260806952,18.202872134321495,2.2364354790463565,6.137940939571993,5.801274272905326,11,0,0
rough_seed_18,1,lm080_ls020_le000,4.798475925184226,0.1265728279672051,118.96939567538314,0.7925542252008912,5.87924301920581,2.331032961479256,1.989757107088223,1.6530904404215563,8,0,0
rough_seed_18,2,lm080_ls000_le020,4.810879148765803,0.12700336812084076,118.6739921357929,1.874992444712129,9.962602348705683,1.5114609386058275,3.3653643020086395,3.028697635341973,9,0,0
rough_seed_18,3,lm060_ls040_le000,4.795023784102164,0.12732705379267076,118.84481771945592,0.4912833965496324,13.032524855889378,1.9854020070014045,4.395872319494594,4.059205652827927,10,0,0
rough_seed_18,4,lm060_ls020_le020,4.802943294960905,0.12606872035268202,118.5816527093668,1.1824247903134786,1.098149981884521,1.2552730452177088,0.43021050779728864,0.09354384113062197,3,0,0
rough_seed_18,5,lm060_ls000_le040,4.892943500955369,0.13013471380979666,120.84766883455394,9.036807329784189,39.66113226493609,7.542142262017046,13.407844361167822,13.071177694501156,21,0,0
rough_seed_18,6,lm040_ls060_le000,4.79291243895046,0.12648061003620176,118.64173538955305,0.30702479057089566,5.00462320563019,1.421967336722175,1.690653119653141,1.3539864529864742,7,0,0
rough_seed_18,7,lm040_ls040_le020,4.8008529627643,0.12595293390731585,118.4896430274661,1.0,0.0,1.0,0.33999999999999997,0.0033333333333332993,2,1,0
rough_seed_18,8,lm040_ls020_le040,4.8901583325181,0.12996965448702813,120.76659345511932,8.793743682301926,38.09566497958236,7.317205510004411,12.879243707100414,12.542577040433748,20,0,0
rough_seed_18,9,lm040_ls000_le060,4.90754303433591,0.1295174951538835,120.95293220121688,10.310919080990585,33.80726350105505,7.834186529564011,11.442262397390381,11.105595730723715,19,0,0
rough_seed_18,10,lm020_ls080_le000,4.790917822041051,0.12633327425470792,118.22359691087355,0.13295314203307265,3.6072507820556465,0.2618776530036565,1.2157571992755234,0.8790905326088567,6,0,0
rough_seed_18,11,lm020_ls060_le020,4.80352964120465,0.12609554273782295,118.73516759332601,1.2335956476250514,1.3525407412127057,1.681187048015911,0.5746200941281492,0.23795342746148251,5,0,0
rough_seed_18,12,lm020_ls040_le040,4.890483762581963,0.12813727921189286,120.51250013290534,8.822144197424976,20.716921994322572,6.612245175492499,7.026145035998324,6.689478369331657,12,0,0
rough_seed_18,13,lm020_ls020_le060,4.904073345394387,0.1290277267485285,120.89118454377525,10.008116838056107,29.162167403948665,7.662872900122303,9.876832991789978,9.540166325123312,15,0,0
rough_seed_18,14,lm020_ls000_le080,4.92192356419063,0.12925160926306864,120.69988813508054,11.565918237394738,31.28552975874772,7.132137266893869,10.595121870459362,10.258455203792696,17,0,0
rough_seed_18,15,lm000_ls100_le000,4.789394365536296,0.1260583716410282,118.129206688321,0.0,1.0,0.0,0.33666666666666667,0.0,1,1,1
rough_seed_18,16,lm000_ls080_le020,4.801215747187058,0.1260279257695149,118.60239209540309,1.0316604568202477,0.7112431153314087,1.3128127097406808,0.447789957519868,0.11112329085320133,4,0,0
rough_seed_18,17,lm000_ls060_le040,4.887280957846795,0.12882739248217587,120.51857242915113,8.542633130630529,27.262143007567346,6.629092245519325,9.228827230468173,8.892160563801507,14,0,0
rough_seed_18,18,lm000_ls040_le060,4.901381683702596,0.12878920742238548,120.8109881752814,9.773213591329421,26.899985566906075,7.4403748892833494,9.11370710246042,8.777040435793754,13,0,0
rough_seed_18,19,lm000_ls020_le080,4.919400873863591,0.1293032219382312,120.57677283752426,11.345761242882906,31.77503833736888,6.790564333797572,10.758050658836458,10.421383992169792,18,0,0
rough_seed_18,20,lm000_ls000_le100,4.929041797436157,0.12904878838089603,121.03419907393933,12.187131559050773,29.361921625003855,8.059654563434307,9.952669567492913,9.616002900826247,16,0,0
rough_seed_10,0,lm100_ls000_le000,4.570768597586306,0.20654600779568358,119.65438407566458,0.009946626257242849,0.9146795437894999,0.13507436375814466,0.3084255163758496,0.20670168857455573,13,1,0
rough_seed_10,1,lm080_ls020_le000,4.576239499881036,0.19901623297028015,119.52297722918112,0.0573071874318159,0.4400242770046777,0.0,0.14833253054968087,0.04660870274838702,5,1,0
rough_seed_10,2,lm080_ls000_le020,4.597349813957931,0.19714586609892165,119.89064264671882,0.24005516343135588,0.32212174912097097,0.3779268255709065,0.12910928765071292,0.027385459849419064,4,1,0
rough_seed_10,3,lm060_ls040_le000,4.569619603168461,0.2078995034128659,120.1093855014548,0.0,1.0,0.602774713795833,0.33867591571265276,0.2369520879113589,15,1,0
rough_seed_10,4,lm060_ls020_le020,4.60080706113485,0.19676610497087565,119.65013952061307,0.2699838950367083,0.29818270396665325,0.13071134471946888,0.10172382780129385,0.0,1,1,1
rough_seed_10,5,lm060_ls000_le040,4.60897672418956,0.19646371158168832,120.17635620337202,0.3407071150896317,0.2791206977119058,0.6716145436371548,0.2281763224005139,0.12645249459922003,10,1,0
rough_seed_10,6,lm040_ls060_le000,4.570891229223765,0.20802281483896518,120.24572218270063,0.011008225031069852,1.0077731963053271,0.7429165022109187,0.34179672518026677,0.24007289737897292,17,0,0
rough_seed_10,7,lm040_ls040_le020,4.603085499634622,0.19709708417702781,119.67293641152393,0.2897079040095783,0.31904667759656385,0.15414448856130816,0.10889188943274611,0.007168061631452255,2,0,0
rough_seed_10,8,lm040_ls020_le040,4.610791320318654,0.19662946380728855,120.09021711722053,0.35641572883363554,0.28956923949260066,0.5830713469317585,0.19845397002811282,0.09673014222681897,8,1,0
rough_seed_10,9,lm040_ls000_le060,4.623341797005076,0.19503433081278268,120.06042649969177,0.46506281972573055,0.1890166606146675,0.5524492841066975,0.18817152391705613,0.08644769611576228,7,1,0
rough_seed_10,10,lm020_ls080_le000,4.58205957148557,0.19978730297961048,119.90618470310731,0.10769044094603426,0.4886303043394795,0.3939026550984324,0.16617751278110632,0.06445368497981246,6,0,0
rough_seed_10,11,lm020_ls060_le020,4.603135076312731,0.1974933862354006,120.29098553056,0.2901370798876956,0.3440284152455691,0.7894431336405561,0.2678930733094314,0.16616924550813755,11,0,0
rough_seed_10,12,lm020_ls040_le040,4.612222633699654,0.19624613546259098,119.82066758581671,0.3688063366875006,0.26540532729900357,0.30599878617853193,0.12606948039638366,0.024345652595089806,3,1,0
rough_seed_10,13,lm020_ls020_le060,4.626560527203984,0.1959424685352874,120.6434945493439,0.4929267551933149,0.24626304087807022,1.1517905508829138,0.3902334514508189,0.28850962364952504,19,0,0
rough_seed_10,14,lm020_ls000_le080,4.660027604280524,0.19523404945872902,120.85320589038342,0.7826448795225182,0.20160634747405962,1.3673548591501146,0.46362364000386047,0.3618998122025666,20,0,0
rough_seed_10,15,lm000_ls100_le000,4.579195548714418,0.208726036388485,120.49402045160878,0.08289714025244328,1.0521022526099137,0.9981446854642038,0.3578112311310597,0.2560874033297659,18,0,0
rough_seed_10,16,lm000_ls080_le020,4.605386854404109,0.1973680083014175,120.4022062948476,0.30963029477310927,0.33612495224918565,0.9037680289932082,0.30642108725112105,0.2046972594498272,12,0,0
rough_seed_10,17,lm000_ls060_le040,4.615406107267418,0.19660017866339624,120.14049796910149,0.3963650622013837,0.2877231885668628,0.6347555190946801,0.21598131893110312,0.11425749112980926,9,0,0
rough_seed_10,18,lm000_ls040_le060,4.630820164894252,0.19550511228261439,120.46566205946783,0.5298016289423433,0.2186933653424674,0.9689948209164364,0.3287232396894829,0.22699941188818906,14,0,0
rough_seed_10,19,lm000_ls020_le080,4.6631149474639795,0.19526615672245962,121.54912834154896,0.8093714225733408,0.20363029668703764,2.082700252725386,0.7045524241484145,0.6028285963471206,21,0,0
rough_seed_10,20,lm000_ls000_le100,4.685135597047089,0.19203583276109382,120.49582539094442,1.0,0.0,1.0,0.33999999999999997,0.23827617219870612,16,1,0
rough_seed_8,0,lm100_ls000_le000,4.447584354173404,0.33596916088580847,129.17338671119546,0.23889378347076154,1.0,0.25547873057965836,0.3383145750468347,0.0016479083801680394,2,1,0
rough_seed_8,1,lm080_ls020_le000,4.444756142384128,0.33030354465182266,129.48644624186608,0.0,0.0,1.0,0.33666666666666667,0.0,1,1,1
rough_seed_8,2,lm080_ls000_le020,4.476897718937592,0.3358457406871966,129.80439745980607,2.7149391211391047,0.978215926826893,1.7561547284228614,0.9231440729676644,0.5864774063009978,7,0,0
rough_seed_8,3,lm060_ls040_le000,4.452365491356206,0.33430836356297705,129.54230508076574,0.6427475384204914,0.7068637807006859,1.132844042654888,0.38588953209088284,0.04922286542421617,4,0,0
rough_seed_8,4,lm060_ls020_le020,4.477895428892193,0.3344863033073791,129.4622923105273,2.799213823183978,0.7382707339875437,0.9425568818067168,0.9480047458579199,0.6113380791912533,8,0,0
rough_seed_8,5,lm060_ls000_le040,4.484946160240921,0.33336180627957157,130.06861362915876,3.3947759711533516,0.5397932901638484,2.384516233298496,1.152655608699836,0.8159889420331694,12,0,0
rough_seed_8,6,lm040_ls060_le000,4.456594925914559,0.3342342386703735,129.06596190712793,1.0,0.6937804920446508,0.0,0.33897926830681546,0.0023126016401487925,3,1,0
rough_seed_8,7,lm040_ls040_le020,4.478612431826808,0.3344747211961652,129.50879327896598,2.8597777259508512,0.7362264530593007,1.0531459444590763,0.9687564090618478,0.6320897423951811,9,0,0
rough_seed_8,8,lm040_ls020_le040,4.48524034671962,0.3333951587324415,129.79600412687202,3.4196253552090026,0.5456801083831767,1.7361936210981972,1.1588801153519686,0.8222134486853019,13,0,0
rough_seed_8,9,lm040_ls000_le060,4.498718541389146,0.3344226587923905,130.83676475190282,4.558103361406275,0.7270372666364014,4.211340824094286,1.5510227253092146,1.214356058642548,16,0,0
rough_seed_8,10,lm020_ls080_le000,4.456920277497733,0.3303057638940898,129.6168816875723,1.02748184239851,0.0003917035985968153,1.3102028659104243,0.44452787667649984,0.10786121000983317,5,0,0
rough_seed_8,11,lm020_ls060_le020,4.481106568708696,0.3338625386205941,129.54896439491935,3.0704528240702307,0.62817420414437,1.148681289380752,1.0396419690820613,0.7029753024153946,10,0,0
rough_seed_8,12,lm020_ls040_le040,4.489691537426471,0.334124177360798,129.7552117707605,3.7956091457233962,0.6743543069608012,1.6391808366934537,1.2855668628723909,0.9489001962057242,14,0,0
rough_seed_8,13,lm020_ls020_le060,4.5064215938533225,0.33500301889489065,130.97808252007084,5.208765859320541,0.8294727438257614,4.547424136819899,1.771540828906734,1.4348741622400674,17,0,0
rough_seed_8,14,lm020_ls000_le080,4.508641205216516,0.33402520379852424,130.92370797466847,5.396252298065518,0.6568851459399608,4.4181100556277215,1.8336549243539497,1.496988257687283,20,0,0
rough_seed_8,15,lm000_ls100_le000,4.46054383894237,0.3385712966429786,130.18601164075346,1.333557330249393,1.459285565718503,2.663713344572118,0.9060929689925059,0.5694263023258392,6,0,0
rough_seed_8,16,lm000_ls080_le020,4.483359672648147,0.33390480609955897,129.52282108097265,3.2607683183657286,0.6356345539490932,1.0865070018107172,1.1035324723689945,0.7668658057023279,11,0,0
rough_seed_8,17,lm000_ls060_le040,4.494205325818132,0.33402512726752037,129.77540194508418,4.1768804461115,0.6568716379647104,1.687197308784526,1.414029980013369,1.0773633133467024,15,0,0
rough_seed_8,18,lm000_ls040_le060,4.507602394140725,0.3349519887229662,131.0383145841215,5.308505860847482,0.8204657497377544,4.69066862674406,1.8055674210735917,1.468900754406925,19,0,0
rough_seed_8,19,lm000_ls020_le080,4.506216936520366,0.3341547706723191,131.27224260638386,5.191478835494984,0.6797541276082953,5.246998560909201,1.7860602920497752,1.4493936253831086,18,0,0
rough_seed_8,20,lm000_ls000_le100,4.512910082643059,0.3328653767473725,131.39087304511804,5.756836425275101,0.4521718361689243,5.529126642584496,1.958072591438462,1.6214059247717953,21,0,0
rough_seed_22,0,lm100_ls000_le000,4.456161709144545,0.2964430835008966,129.28814709489995,0.0,1.0,1.0,0.33999999999999997,0.14280982795307348,7,1,0
rough_seed_22,1,lm080_ls020_le000,4.456668388036517,0.2963974944787562,129.2842094569742,0.010989150229293988,0.989985602786431,0.9946846043621045,0.33821373264529425,0.14102356059836776,6,1,0
rough_seed_22,2,lm080_ls000_le020,4.470183615390527,0.29495220848078,129.24610823731513,0.30411536118724497,0.672504169945773,0.9432519788661281,0.3208168979887065,0.12362672594178001,4,1,0
rough_seed_22,3,lm060_ls040_le000,4.458646653179194,0.296611364508116,129.31198946965537,0.05389492978845366,1.0369657599718616,1.0321846896950517,0.35273207125547174,0.15554189920854525,9,0,0
rough_seed_22,4,lm060_ls020_le020,4.4714429566468175,0.2950571030940145,129.28912229430924,0.331428696071677,0.6955460399656749,1.001316416284054,0.3405331092690893,0.14334293722216282,8,0,0
rough_seed_22,5,lm060_ls000_le040,4.485795417347943,0.2956949335395649,130.2211707012052,0.6427133169697185,0.8356562493265142,2.259483401093209,0.7656206435890346,0.5684304715421081,20,0,0
rough_seed_22,6,lm040_ls060_le000,4.46033745174298,0.2967086791089227,129.53504837409437,0.09056596487456328,1.058342552484686,1.333290669981517,0.4527042206183082,0.2555140485713817,11,0,0
rough_seed_22,7,lm040_ls040_le020,4.479937564591411,0.29399359329797875,128.9740738343802,0.5156647562688486,0.46192818553526344,0.576034244279939,0.1971901720469265,0.0,1,1,1
rough_seed_22,8,lm040_ls020_le040,4.502268904095968,0.2918907353996407,128.5473484424561,1.0,0.0,0.0,0.33666666666666667,0.13947649461974018,5,1,0
rough_seed_22,9,lm040_ls000_le060,4.529607239041125,0.29280272209298247,129.5277300019122,1.5929299098320757,0.20033325067785454,1.3234116398860567,0.5413655526120118,0.34417538056508534,14,0,0
rough_seed_22,10,lm020_ls080_le000,4.462665598873445,0.29679935085217246,129.58560614429325,0.14106019105592882,1.078260129355569,1.4015383240938604,0.4759156368463046,0.2787254647993781,12,0,0
rough_seed_22,11,lm020_ls060_le020,4.482575652964251,0.2940551529607373,129.00917645292546,0.5728811706618763,0.47545080317989746,0.623419074732134,0.213378861739291,0.016188689692364505,2,0,0
rough_seed_22,12,lm020_ls040_le040,4.502059967227592,0.29406550359293704,129.86877478439158,0.9954684541404946,0.4777244940246011,1.7837861037896867,0.6054519647697448,0.4082617927228184,17,0,0
rough_seed_22,13,lm020_ls020_le060,4.5297192156292745,0.2926921904917142,129.28630556615798,1.5953585240270491,0.1760531212128452,0.9975141305455916,0.5410159272616346,0.34382575521470815,13,0,0
rough_seed_22,14,lm020_ls000_le080,4.543041547143178,0.2931449376230841,129.80148483348538,1.8843010963943307,0.2755066606390128,1.6929517715670044,0.640942897226778,0.44375272517985154,18,0,0
rough_seed_22,15,lm000_ls100_le000,4.46520494347658,0.29702899073495814,129.7557308100795,0.19613499241416255,1.1287044006805866,1.6311886686578367,0.5535829830917876,0.3563928110448611,15,0,0
rough_seed_22,16,lm000_ls080_le020,4.486063498357877,0.2945063318496543,129.01635312927178,0.6485276158056478,0.5745598517152068,0.6331068304031835,0.22236318626162938,0.025173014214702888,3,0,0
rough_seed_22,17,lm000_ls060_le040,4.508875278479027,0.2923429068403491,128.8543237066878,1.1432829385960168,0.0993270792678656,0.4143842098241055,0.3866176269576322,0.1894274549107057,10,0,0
rough_seed_22,18,lm000_ls040_le060,4.531640875254135,0.2929313834778445,129.38988435456378,1.6370366097766893,0.2285958927254851,1.137334563620216,0.555688760145971,0.35849858809904456,16,0,0
rough_seed_22,19,lm000_ls020_le080,4.54375419822322,0.29327385558968744,129.75878698192517,1.8997574927505243,0.30382566519136545,1.635314178113847,0.6460488220370272,0.4488586499901007,19,0,0
rough_seed_22,20,lm000_ls000_le100,4.563622293880392,0.29322378918419933,130.48908813977624,2.3306684531354285,0.29282773524960837,2.6211436682753737,0.8911966889473258,0.6940065169003994,21,0,0
rough_seed_20,0,lm100_ls000_le000,4.632606806971819,0.22774435576043645,124.89680162820964,0.0,0.9724201115942989,1.0,0.3399080670386476,0.14668871104683318,13,1,0
rough_seed_20,1,lm080_ls020_le000,4.63301130308855,0.22794681138057118,124.85253221339114,0.002864142927763102,1.0,0.9667764500057661,0.33989880197644506,0.14667944598463062,12,1,0
rough_seed_20,2,lm080_ls000_le020,4.653643761720578,0.2256445447741865,124.09587526982506,0.1489577839519375,0.686369506354017,0.39891645239527207,0.23290398126034306,0.03968462526852862,4,1,0
rough_seed_20,3,lm060_ls040_le000,4.637004934634576,0.22844986682933996,125.18509585750114,0.03114211909500075,1.0685296517315204,1.2163606132853642,0.4131736457088277,0.21995428971701325,15,0,0
rough_seed_20,4,lm060_ls020_le020,4.653064797098879,0.22594165068589384,123.5643306903904,0.14485827011712582,0.7268433044343523,0.0,0.24518677339328904,0.05196741740147459,5,1,0
rough_seed_20,5,lm060_ls000_le040,4.69449204661985,0.22263975962947358,124.60589204951746,0.43819498912261073,0.2770371355404156,0.7816766051436057,0.265548564147224,0.07232920815540955,6,1,0
rough_seed_20,6,lm040_ls060_le000,4.639905369773029,0.2280404899832941,125.2150528337712,0.05167942574798677,1.012761539577812,1.2388428869468713,0.4206252418231993,0.22740588583138488,17,0,0
rough_seed_20,7,lm040_ls040_le020,4.6554575450237285,0.22711534993405635,124.85306391478608,0.16180076168483795,0.8867326385246294,0.9671754841459057,0.3291108576631531,0.13589150167133868,10,0,0
rough_seed_20,8,lm040_ls020_le040,4.694172049186776,0.223130957255502,124.62100464834357,0.4359291617217268,0.3439514336072868,0.7930183900915317,0.2695824599819124,0.07636310399009794,7,1,0
rough_seed_20,9,lm040_ls000_le060,4.734484761091328,0.2238667962016393,125.19588550759818,0.7213740990765107,0.4441924444793432,1.2244580882777247,0.41611944486535346,0.22290008887353902,16,0,0
rough_seed_20,10,lm020_ls080_le000,4.6405196542891085,0.22784809125872127,125.18036171163318,0.05602903154046105,0.9865516702267595,1.2128077058758375,0.411787196650756,0.21856784065894158,14,0,0
rough_seed_20,11,lm020_ls060_le020,4.655126042494244,0.22662538050696893,123.86029334561378,0.1594534693720365,0.819985654112524,0.22211565507594375,0.277333733966043,0.08411437797422855,8,0,0
rough_seed_20,12,lm020_ls040_le040,4.689932076044071,0.22494355836466862,125.26652682604453,0.40590689800076873,0.590876346245399,1.2774733672165375,0.43340531111038816,0.2401859551185737,18,0,0
rough_seed_20,13,lm020_ls020_le060,4.711183986058905,0.2212657703125307,124.442971800544,0.5563867301990284,0.08986291925197469,0.6594073350609846,0.2241546349687015,0.030935278976887054,3,1,0
rough_seed_20,14,lm020_ls000_le080,4.747510933839156,0.22271773442440645,125.54656664990749,0.8136093987700718,0.28765939508191396,1.4876391696476852,0.5045094164275606,0.3112900604357462,20,0,0
rough_seed_20,15,lm000_ls100_le000,4.6408048066320795,0.228559965712677,125.40567820592061,0.05804812896235233,1.0835280741710018,1.381904447795167,0.469046418101484,0.27582706210966956,19,0,0
rough_seed_20,16,lm000_ls080_le020,4.655179116174352,0.2271546223463797,123.63256423676329,0.15982927175738929,0.8920825949673292,0.0512082811236045,0.30103793214860414,0.10781857615678969,9,0,0
rough_seed_20,17,lm000_ls060_le040,4.689046959565302,0.22455241439048165,124.31669622533967,0.39963959406864585,0.537592040522202,0.5646393580490444,0.19321935599181445,0.0,1,1,1
rough_seed_20,18,lm000_ls040_le060,4.712808678229512,0.22104403699526398,124.43102241725964,0.5678907975998506,0.05965689117544133,0.6504394972303772,0.22107312303014462,0.027853767038330174,2,1,0
rough_seed_20,19,lm000_ls020_le080,4.750090157116606,0.2238839837639027,125.9246266472335,0.8318722789404461,0.4465338516918239,1.7713676822895816,0.6006218068062668,0.4074024508144523,21,0,0
rough_seed_20,20,lm000_ls000_le100,4.773834436644039,0.2206061137984559,124.84191224528043,1.0,0.0,0.9588063188687238,0.3398626877295624,0.14664333173774796,11,1,0
rough_seed_28,0,lm100_ls000_le000,4.683081145864362,0.25368674993953216,119.71966610602774,0.0,1.0,1.0,0.33999999999999997,0.2602404387010218,6,1,0
rough_seed_28,1,lm080_ls020_le000,4.685051694912607,0.2535783643886776,119.67951331846095,0.06596671078954602,0.5923764737508781,0.844176407156701,0.28640053435789076,0.2066409730589126,4,0,0
rough_seed_28,2,lm080_ls000_le020,4.7127526288142745,0.25396778465455927,120.34921803059426,0.9932917610941652,2.0569338868007705,3.443144018436426,1.1693592383665798,1.0895996770676017,12,0,0
rough_seed_28,3,lm060_ls040_le000,4.683597651869422,0.25357164773810215,119.64963779012226,0.017290715137091857,0.5671160513923715,0.7282364576305951,0.24712096329073188,0.16736140199175376,3,1,0
rough_seed_28,4,lm060_ls020_le020,4.711686677734101,0.2536598956159293,120.28094081079618,0.9576076523001096,0.8990044891063806,3.178176071177746,1.076174651101196,0.9964150898022179,10,0,0
rough_seed_28,5,lm060_ls000_le040,4.730423383017419,0.25443138239615826,120.42584421628464,1.584843406555654,3.80046284155291,3.7405123528338984,1.2972403425207781,1.2174807812218,14,0,0
rough_seed_28,6,lm040_ls060_le000,4.6879853814544115,0.2535723489037948,119.63659923958275,0.16417571087646976,0.5697530415619931,0.6776368874972689,0.2305841812988754,0.15082461999989727,2,1,0
rough_seed_28,7,lm040_ls040_le020,4.7049318506594195,0.25388300238254924,119.9897157924193,0.7314809672192489,1.7380791279546282,2.0479997760986337,0.6977251249371196,0.6179655636381415,9,0,0
rough_seed_28,8,lm040_ls020_le040,4.732139411507629,0.25429425625100943,120.42382133199537,1.6422897082455976,3.2847497932194507,3.7326620112520916,1.273086342126421,1.1933267808274428,13,0,0
rough_seed_28,9,lm040_ls000_le060,4.748230431772934,0.25478902619415045,120.51785094520336,2.1809576907022725,5.145513218925743,4.097568984133133,1.7532512059544512,1.673491644655473,18,0,0
rough_seed_28,10,lm020_ls080_le000,4.690129299006556,0.25356641870613617,119.87611490908414,0.2359461594450606,0.5474503631891309,1.6071412737590323,0.5436822172409881,0.46392265594200993,7,0,0
rough_seed_28,11,lm020_ls060_le020,4.707552306973108,0.25371064787311837,119.9805342407403,0.8192041750915271,1.089876924384008,2.012368317931025,0.6838609373683635,0.6041013760693854,8,0,0
rough_seed_28,12,lm020_ls040_le040,4.73443081062792,0.254275127055602,119.98831302776891,1.7189972955072672,3.2128074538134994,2.042555974036965,1.094183687015692,1.014424125716714,11,0,0
rough_seed_28,13,lm020_ls020_le060,4.749291898191757,0.25479124931231834,120.22218098601833,2.216491669582751,5.153874068316809,2.9501429116742948,1.7523597182708492,1.6726001569718711,17,0,0
rough_seed_28,14,lm020_ls000_le080,4.763731841395344,0.2559593966454717,120.92401022897486,2.69988768450396,9.54711958272465,5.673778325978974,3.2421091462189082,3.16234958491993,19,0,0
rough_seed_28,15,lm000_ls100_le000,4.690127526392075,0.25342085372924245,119.48860342430275,0.23588681885320262,0.0,0.10329968551997849,0.07975956129897814,0.0,1,1,1
rough_seed_28,16,lm000_ls080_le020,4.712953016458786,0.253494285357193,119.4619850525099,1.0,0.2761665082421718,0.0,0.33758722169414057,0.2578276603951624,5,1,0
rough_seed_28,17,lm000_ls060_le040,4.737630786149814,0.2544981503812338,119.97764732059576,1.8261206680385873,4.05156828229159,2.0011648549479255,1.376785606781457,1.297026045482479,15,0,0
rough_seed_28,18,lm000_ls040_le060,4.7476173902931595,0.25460385281484915,120.3920924134364,2.1604353240886085,4.44910096431131,3.6095294870489814,1.5170972073552664,1.4373376460562883,16,0,0
rough_seed_28,19,lm000_ls020_le080,4.760197429097702,0.2560093488937156,120.83546207977335,2.5815686027956573,9.734983291611353,5.3301436349814715,3.3038167489684125,3.2240571876694344,20,0,0
rough_seed_28,20,lm000_ls000_le100,4.777433926814533,0.2560365793518325,120.88793900847921,3.158582943506154,9.83739339398625,5.533794341890057,3.3408970335933583,3.2611374722943802,21,0,0
rough_seed_17,0,lm100_ls000_le000,4.536187928264587,0.20992110271816597,118.9337447041707,0.0005123518609877983,0.09464123981968448,0.26922910332438293,0.09095764342481116,0.0,1,1,1
rough_seed_17,1,lm080_ls020_le000,4.537766469525255,0.21023728265786448,119.15366033965081,0.04635244453353344,0.28036529448276126,0.8382225489825449,0.2832906506208444,0.19233300719603325,6,0,0
rough_seed_17,2,lm080_ls000_le020,4.553116747866288,0.21090044523036647,118.96096789074268,0.4921172776964694,0.6699069016552688,0.3396643622615914,0.2283079290238007,0.13735028559898954,2,0,0
rough_seed_17,3,lm060_ls040_le000,4.536170285007224,0.21078932569042128,119.21540307542018,0.0,0.6046352986225292,0.9979711357216359,0.33799906668835916,0.247041423263548,8,1,0
rough_seed_17,4,lm060_ls020_le020,4.555354888697665,0.21092191210993896,118.98751447675686,0.5571118303767914,0.6825165438702985,0.4083490349711585,0.23299877265416033,0.14204112922934917,3,0,0
rough_seed_17,5,lm060_ls000_le040,4.570606106765785,0.20975998378527672,119.21618723028257,1.0,0.0,1.0,0.33999999999999997,0.2490423565751888,10,1,0
rough_seed_17,6,lm040_ls060_le000,4.540102514877087,0.21049820910588604,119.23420288274642,0.11419009824805318,0.43363345545972526,1.0466123663686038,0.3541855751897892,0.26322793176497805,11,0,0
rough_seed_17,7,lm040_ls040_le020,4.554557626671573,0.21117403046286037,118.9892651408708,0.5339597176820022,0.83061083095312,0.4128785737836549,0.2827951073924359,0.19183746396762474,5,0,0
rough_seed_17,8,lm040_ls020_le040,4.568228985585687,0.21104853776495042,119.00094492517191,0.930969523632551,0.7568964368373209,0.443097983601985,0.3174263876910899,0.22646874426627872,7,0,0
rough_seed_17,9,lm040_ls000_le060,4.615747728076178,0.2118193892352021,119.86635067009846,2.3108913626889147,1.2096944882717358,2.682184784425062,0.9147374969263063,0.8237798535014952,18,0,0
rough_seed_17,10,lm020_ls080_le000,4.539772647991949,0.21098089001907444,119.06617245245697,0.10461091969815578,0.7171601598778032,0.6118628621003379,0.24383216643152206,0.1528745230067109,4,0,0
rough_seed_17,11,lm020_ls060_le020,4.556320749871404,0.2114624016022477,118.82968781248044,0.5851599826906911,1.0,0.0,0.33861719994230227,0.2476595565174911,9,1,0
rough_seed_17,12,lm020_ls040_le040,4.572121370770474,0.21025208234063825,119.21381518371773,1.0440025510444515,0.28905862618208306,0.993862742204548,0.35575726341292074,0.2647996199881096,12,0,0
rough_seed_17,13,lm020_ls020_le060,4.614180282907051,0.21242188694205932,119.84091510276416,2.265373495274082,1.563601561406821,2.6163746792535183,0.8936093922042875,0.8026517487794763,17,0,0
rough_seed_17,14,lm020_ls000_le080,4.629276394527025,0.21269813950771874,119.50500558565794,2.7037574468991474,1.725872281852484,1.747267245621655,0.92184213888096,0.8308844954561488,19,0,0
rough_seed_17,15,lm000_ls100_le000,4.541837165516835,0.21155943900599497,119.05791032708451,0.16456353355940764,1.056999758096948,0.5904860501521143,0.35837341717167753,0.26741577374686637,13,0,0
rough_seed_17,16,lm000_ls080_le020,4.557708941849253,0.21170081923811035,118.89183536134345,0.6254724220912118,1.140046487698809,0.16079597018908506,0.3864365454995333,0.29547890207472216,14,0,0
rough_seed_17,17,lm000_ls060_le040,4.575390010870693,0.2103732105388334,119.29844604261702,1.1389223157922381,0.3602093137440061,1.212830365443287,0.4133166617976941,0.32235901837288294,15,0,0
rough_seed_17,18,lm000_ls040_le060,4.612909863113032,0.21317556409780386,119.7505893628705,2.2284811044687673,2.0063114227765264,2.382672542243054,0.8162823976459791,0.7253247542211679,16,0,0
rough_seed_17,19,lm000_ls020_le080,4.629721354419119,0.21283479813725234,119.49418682162893,2.7166788720131883,1.806145542723751,1.7192755759561913,0.9263666239733731,0.8354089805485619,20,0,0
rough_seed_17,20,lm000_ls000_le100,4.639240006606014,0.21111878860736255,119.99558086242081,2.9930960359081986,0.7981617723570864,3.016545423458454,1.028207818591897,0.9372501751670859,21,0,0
rough_seed_30,0,lm100_ls000_le000,4.541403075556528,0.17727011281391225,127.21134204738219,0.0,1.0,0.22926279378027598,0.3374308759792676,0.0824063750483307,8,1,0
rough_seed_30,1,lm080_ls020_le000,4.5443441237874165,0.1770063347411143,127.19039955567641,0.054273558577942055,0.8829739663597161,0.21712481434906186,0.2981725632508611,0.04314806231992424,4,1,0
rough_seed_30,2,lm080_ls000_le020,4.563533661645656,0.17835073068117227,127.82483560455933,0.40839373113906235,1.4794197695997557,0.5848352004840428,0.5013820855373281,0.24635758460639123,14,0,0
rough_seed_30,3,lm060_ls040_le000,4.546272006714354,0.17672150640031684,126.8157791627689,0.08985035254807275,0.7566089101656732,0.0,0.25502450093093687,0.0,1,1,1
rough_seed_30,4,lm060_ls020_le020,4.566542455308204,0.17846705023646064,127.86129423048494,0.46391745134812723,1.5310253334959891,0.6059661173678879,0.519011474172703,0.2639869732417661,15,0,0
rough_seed_30,5,lm060_ls000_le040,4.580283104314955,0.1779972455827123,128.72274529269026,0.717484839646804,1.3225949107897434,1.1052512750723558,0.45134940701494414,0.19632490608400727,13,0,0
rough_seed_30,6,lm040_ls060_le000,4.5487776755802996,0.17714870416545456,127.28013985084404,0.1360895010749775,0.9461366427166434,0.2691370520616859,0.31988342489172544,0.06485892396078857,6,0,0
rough_seed_30,7,lm040_ls040_le020,4.579228202251336,0.17694176573819007,128.1814580705923,0.6980178726169954,0.8543277099511386,0.7915286645775278,0.29258881747419835,0.03756431654326148,3,0,0
rough_seed_30,8,lm040_ls020_le040,4.591478327803371,0.17501610091081077,128.54114802044927,0.92407941752904,0.0,1.0,0.33974693139176343,0.08472243046082656,9,1,0
rough_seed_30,9,lm040_ls000_le060,4.613301763283439,0.18100863313317408,127.92550371555095,1.3268050482955975,2.6586071768821156,0.6431810495721972,0.9016310365432049,0.646606535612268,20,0,0
rough_seed_30,10,lm020_ls080_le000,4.55629759035444,0.1767708751063171,127.31793305231396,0.27486061360179886,0.7785115034626836,0.2910414705294762,0.2639852131128744,0.008960712181937502,2,0,0
rough_seed_30,11,lm020_ls060_le020,4.593659372338874,0.17576555163228672,128.05202205417746,0.9643280088698863,0.3324963459353145,0.716509334166719,0.3281537819198685,0.07312928098893162,7,1,0
rough_seed_30,12,lm020_ls040_le040,4.59006655392414,0.17701424786751688,128.92683200920715,0.8980268042027691,0.886484651636796,1.2235371219557076,0.4178725359112201,0.16284803498028322,12,0,0
rough_seed_30,13,lm020_ls020_le060,4.616101027282362,0.18089251904487916,128.05736894169007,1.3784621469535003,2.6070927691120604,0.7196083164445168,0.8847148004790537,0.6296902995481168,19,0,0
rough_seed_30,14,lm020_ls000_le080,4.627081195852643,0.18086454225223458,128.2723145349355,1.5810881412626148,2.5946807704859314,0.8441878185542342,0.8816267792629864,0.6266022783320495,18,0,0
rough_seed_30,15,lm000_ls100_le000,4.560873411840808,0.17713927924624256,127.20191894530521,0.3593019746357066,0.9419552454493869,0.22380129374506125,0.3190686101958961,0.06404410926495924,5,0,0
rough_seed_30,16,lm000_ls080_le020,4.595592413936926,0.1756895240533949,128.11034203972068,1.0,0.29876645356554077,0.750310793653839,0.34016359082406455,0.08513908989312768,10,1,0
rough_seed_30,17,lm000_ls060_le040,4.595589218269066,0.17652254382568364,128.2562817591542,0.9999410277380085,0.6683384913806482,0.8348954427761917,0.34165759245231897,0.0866330915213821,11,0,0
rough_seed_30,18,lm000_ls040_le060,4.617568919251505,0.18067676312384148,128.08564911186895,1.405550353102809,2.5113719254284943,0.7359991131445888,0.8526337131150844,0.5976092121841475,17,0,0
rough_seed_30,19,lm000_ls020_le080,4.629671649907837,0.18107496688511426,128.34304019597772,1.6288918999468323,2.688036370156962,0.8851794365073385,0.9133524824076911,0.6583279814767542,21,0,0
rough_seed_30,20,lm000_ls000_le100,4.644435691234054,0.180591624792316,128.34969140533707,1.9013447803008243,2.473600016855901,0.889034385743115,0.8420799362282997,0.5870554352973628,16,0,0
rough_seed_31,0,lm100_ls000_le000,4.456873881942336,0.30871152300729143,127.50996913564842,0.0,1.0,1.0,0.33999999999999997,0.06440755353208383,7,1,0
rough_seed_31,1,lm080_ls020_le000,4.459570124774199,0.3083627113795838,127.43625918575287,0.0769607863101505,0.878955381229062,0.9418131830586809,0.3202634921882199,0.04467104572030378,4,1,0
rough_seed_31,2,lm080_ls000_le020,4.471719198321405,0.3105374359829475,127.58438536657596,0.42374047621168437,1.6336283612439073,1.0587443569366124,0.5549298310626097,0.2793373845946936,16,0,0
rough_seed_31,3,lm060_ls040_le000,4.461728023696503,0.30843297404790293,127.48139426425692,0.1385552376243079,0.9033379339450073,0.9774429257768447,0.33254542891676875,0.05695298244885261,5,0,0
rough_seed_31,4,lm060_ls020_le020,4.474930248352221,0.31029454288750996,127.60441046015352,0.5153957723639481,1.5493395938867258,1.0745522153855924,0.5269108232343628,0.25131837676644664,15,0,0
rough_seed_31,5,lm060_ls000_le040,4.485093340857703,0.3079116703732294,127.00451346685198,0.8054881858963553,0.7224351212164187,0.6009920436265485,0.27559244646791614,0.0,1,1,1
rough_seed_31,6,lm040_ls060_le000,4.45982356334393,0.30899686604480064,127.6227243760338,0.08419486455313531,1.0990197471948844,1.0890092659237485,0.3739139953238673,0.09832154885595118,8,0,0
rough_seed_31,7,lm040_ls040_le020,4.467148595357894,0.3116491736133249,127.87584917915878,0.29327848895062825,2.0194235783550245,1.2888266122062038,0.685146288383381,0.40955384191546484,19,0,0
rough_seed_31,8,lm040_ls020_le040,4.483172654018399,0.3081585741090065,127.07183305512795,0.7506646486164343,0.8081156610730426,0.6541342932838924,0.27674826903425875,0.0011558225663426125,2,1,0
rough_seed_31,9,lm040_ls000_le060,4.503153534089926,0.3076651234413921,127.05479080907034,1.3209931899855512,0.6368783994708598,0.6406811020521994,0.4489929056335457,0.17340045916562957,11,0,0
rough_seed_31,10,lm020_ls080_le000,4.461487469093589,0.30910894610099454,127.80914722185727,0.13168891565506904,1.1379137707771136,1.2361719219692633,0.4204098893510926,0.14481744288317644,10,0,0
rough_seed_31,11,lm020_ls060_le020,4.467638435398897,0.31174001458814327,127.84838606515552,0.30726034335790736,2.050947215448016,1.267147162017858,0.6957335875520846,0.42014114108416845,20,0,0
rough_seed_31,12,lm020_ls040_le040,4.487641900977104,0.30688512851833044,127.40831084786197,0.8782335589873302,0.3662045439983463,0.9197506959320885,0.3137975279737554,0.03820508150583923,3,1,0
rough_seed_31,13,lm020_ls020_le060,4.504589306256267,0.3070265561832651,126.89680543855047,1.361975461158593,0.4152827754156391,0.5159670594178865,0.4616359047061714,0.18604345823825524,12,0,0
rough_seed_31,14,lm020_ls000_le080,4.518193183516062,0.3078877391387649,127.49918211482286,1.7502806532607025,0.7141305037026188,0.9914846990534039,0.5949465372736232,0.3193540908057071,17,0,0
rough_seed_31,15,lm000_ls100_le000,4.463114700573088,0.3090339998450652,127.7038838191486,0.17813614685060108,1.1119059193849516,1.1530767312560741,0.39250263974366345,0.11691019327574731,9,0,0
rough_seed_31,16,lm000_ls080_le020,4.472938002596451,0.3100267710182765,128.14955284631156,0.4585296777840485,1.4564173938959848,1.5048889647021138,0.5130291083553117,0.23743666188739554,14,0,0
rough_seed_31,17,lm000_ls060_le040,4.491907864326527,0.3058298449017352,126.24318820879552,1.0,0.0,0.0,0.33666666666666667,0.06107422019875053,6,1,0
rough_seed_31,18,lm000_ls040_le060,4.509126994313677,0.3071941476534458,127.07563244417322,1.491497934728648,0.4734403711087921,0.6571335404028938,0.5059062177303504,0.23031377126243424,13,0,0
rough_seed_31,19,lm000_ls020_le080,4.523451899473761,0.30766697746559424,127.48936443778707,1.9003839415489288,0.6375217829905488,0.983734600494394,0.6452001149330892,0.369607668465173,18,0,0
rough_seed_31,20,lm000_ls000_le100,4.53623370321196,0.30737256483508446,127.36403776779882,2.265224101540752,0.5353547054317772,0.8848014169173355,0.7673593012598836,0.49176685479196747,21,0,0
rough_seed_32,0,lm100_ls000_le000,4.622605399184798,0.17198538355838852,116.34199534958928,0.0,1.0,0.0,0.33666666666666667,0.05051905332062012,15,1,0
rough_seed_32,1,lm080_ls020_le000,4.626669542238701,0.17214200330759818,116.98496627888511,0.02815086637535344,1.0094960891540665,0.2025564873693774,0.3406327078610181,0.05448509451497158,19,0,0
rough_seed_32,2,lm080_ls000_le020,4.689802143421954,0.1567520603743335,119.30389110873284,0.4654478306472316,0.07638087917732861,0.9330922652808461,0.3159471583439667,0.029799544997920147,9,0,0
rough_seed_32,3,lm060_ls040_le000,4.62786452107808,0.17179826202775553,116.78661978092101,0.03642805770021042,0.98865454231345,0.1400709719610445,0.333435359344399,0.04728774599835245,14,1,0
rough_seed_32,4,lm060_ls020_le020,4.690640983398822,0.15640775606648272,119.50926486293925,0.4712581753585113,0.0555051951082433,0.9977915920380774,0.33767904722104186,0.051531433874995314,16,0,0
rough_seed_32,5,lm060_ls000_le040,4.710712460978989,0.15649430936130587,119.52114813437429,0.6102861268408346,0.06075305055665557,1.0015352040906076,0.3394203159684962,0.05327270262244965,17,0,0
rough_seed_32,6,lm040_ls060_le000,4.633824211276101,0.17163910315220857,116.94427343048012,0.0777087016583257,0.9790045021398338,0.18973693354756477,0.3304896678377636,0.044342054491717076,11,1,0
rough_seed_32,7,lm040_ls040_le020,4.689683751108778,0.15620013790622495,119.09262020828531,0.464627769408278,0.04291699617573313,0.8665351481108912,0.29342531574928005,0.007277702403233499,2,1,0
rough_seed_32,8,lm040_ls020_le040,4.716392730132218,0.1561694822066941,119.26568134764099,0.6496313210891104,0.04105829535866415,0.9210549636901437,0.312390803163841,0.026243189817794443,8,1,0
rough_seed_32,9,lm040_ls000_le060,4.71965472964836,0.1562113856091447,119.01745606588368,0.6722260258712672,0.04359896119127752,0.842856029868826,0.28614761334604655,0.0,1,1,1
rough_seed_32,10,lm020_ls080_le000,4.634702977798693,0.17177953665120904,116.69388076003503,0.08379560328174374,0.9875191947852728,0.11085520269864003,0.3331136315976431,0.046966018251596575,13,1,0
rough_seed_32,11,lm020_ls060_le020,4.691296111896842,0.15642526826467176,119.25834464437138,0.4757960163158433,0.05656698582190512,0.918743666591856,0.3110849110930507,0.02493729774700415,7,0,0
rough_seed_32,12,lm020_ls040_le040,4.711642844826247,0.1562265888386483,119.20665086235664,0.616730563223747,0.04452075568733864,0.9024584654627613,0.3060318544354999,0.01988424108945336,6,0,0
rough_seed_32,13,lm020_ls020_le060,4.719692876587706,0.15607359330808793,119.18203157323305,0.6724902560860789,0.03524440831922979,0.8947025989076941,0.3035756571802747,0.017428043834228135,4,0,0
rough_seed_32,14,lm020_ls000_le080,4.76697548711434,0.1554923044951415,119.51627496732041,1.0,0.0,1.0,0.33999999999999997,0.05385238665395342,18,1,0
rough_seed_32,15,lm000_ls100_le000,4.642379131783979,0.17163924186947183,116.91164326533935,0.13696557841560247,0.9790129127745447,0.17945738383225135,0.3306557571749229,0.044508143828876356,12,1,0
rough_seed_32,16,lm000_ls080_le020,4.692894091219666,0.15666334466912676,119.20558902534128,0.486864647953748,0.07100191355989964,0.9021239527092454,0.30557461928382473,0.019427005937778186,5,0,0
rough_seed_32,17,lm000_ls060_le040,4.713125036756829,0.1565789863914682,119.38410637655474,0.6269971769789877,0.06588714527830251,0.9583626502128559,0.32495837331251914,0.0388107599664726,10,0,0
rough_seed_32,18,lm000_ls040_le060,4.718658759798949,0.155948773017347,119.10979209405617,0.6653272986924271,0.02767636779372979,0.8719448434871094,0.295864776195614,0.009717162849567473,3,1,0
rough_seed_32,19,lm000_ls020_le080,4.767191522864523,0.15560478769591,119.55673884440854,1.0014964024285127,0.006820024347008558,1.0127474205051448,0.34431935299265043,0.05817173964660388,20,0,0
rough_seed_32,20,lm000_ls000_le100,4.794359658272292,0.15779617185438446,119.3071704571036,1.1896803662772297,0.13968691657926188,0.934125365311617,0.4041050975863036,0.11795748424025704,21,0,0
rough_seed_33,0,lm100_ls000_le000,4.421003718942344,0.3174074846357558,126.24107857354849,0.0,0.8347520379587701,0.7115946539860168,0.2834051682927393,0.07579649984265432,9,1,0
rough_seed_33,1,lm080_ls020_le000,4.425402603944674,0.3174329905057158,126.1635797718131,0.047185524796903876,0.8374683183097008,0.6736202731596905,0.2843503531574546,0.07674168470736961,10,1,0
rough_seed_33,2,lm080_ls000_le020,4.435108094109498,0.3197391106508002,126.39715233321242,0.15129341727324772,1.0830615424109993,0.7880707317286245,0.367761933108376,0.16015326465829102,20,0,0
rough_seed_33,3,lm060_ls040_le000,4.425955652736021,0.31756325629341686,126.25431444663057,0.053117913901001235,0.8513411405300864,0.7180802263269163,0.28918884444588877,0.08158017599580378,12,0,0
rough_seed_33,4,lm060_ls020_le020,4.456194917799555,0.3153606685516944,126.07739632513885,0.3774854731210476,0.6167737325792697,0.6313904199019836,0.2158823053860022,0.008273636935917206,2,1,0
rough_seed_33,5,lm060_ls000_le040,4.475143330371543,0.31442904751636414,126.82966140870741,0.5807394319774134,0.5175595549506448,1.0,0.34032766328976016,0.13271899483967517,17,1,0
rough_seed_33,6,lm040_ls060_le000,4.430260385478992,0.31718157643448214,126.04741881116541,0.09929349554951597,0.810693654175087,0.6167014504422929,0.2753201800589186,0.06771151160883362,6,1,0
rough_seed_33,7,lm040_ls040_le020,4.478124528316419,0.3116038434939862,125.15907166803495,0.6127178513900459,0.2166858272401736,0.18141171739070153,0.207608668450085,0.0,1,1,1
rough_seed_33,8,lm040_ls020_le040,4.496416516260434,0.311709396881884,125.46532736257815,0.8089305394370792,0.22792687073215878,0.33147688116605256,0.27420462745014396,0.06659595900005896,5,0,0
rough_seed_33,9,lm040_ls000_le060,4.502892728672024,0.3133054876889145,125.34790821254832,0.8783989345361125,0.3979046093563161,0.27394154617131355,0.2979671284789166,0.0903584600288316,13,0,0
rough_seed_33,10,lm020_ls080_le000,4.437422233931671,0.31727484875482687,126.19894144258694,0.17611650355643754,0.8206268096187435,0.6909474772267405,0.2791679058409209,0.07155923739083589,7,0,0
rough_seed_33,11,lm020_ls060_le020,4.482743399297963,0.31143044722962754,125.21085278162946,0.6622631000423459,0.19821976956241966,0.20678444165504278,0.22431192438498132,0.016703255934896327,3,1,0
rough_seed_33,12,lm020_ls040_le040,4.499554354516732,0.3115290682230092,124.95785762857479,0.8425891926577898,0.20872253880464633,0.08281692120077724,0.2846434930614739,0.07703482461138891,11,1,0
rough_seed_33,13,lm020_ls020_le060,4.508545393658118,0.31215206571505816,124.99493921031116,0.9390333825220558,0.27506945616082307,0.10098688092876874,0.3173947599060574,0.10978609145597243,14,0,0
rough_seed_33,14,lm020_ls000_le080,4.514746005105536,0.31367463652994937,125.99332841549867,1.005545488442786,0.43721758888006895,0.5901971789167909,0.3419583636683941,0.1343496952183091,18,0,0
rough_seed_33,15,lm000_ls100_le000,4.438528520812943,0.3189591628450872,125.79771880508295,0.1879833123139027,1.0,0.49434855064278954,0.3389411062098556,0.13133243775977063,16,1,0
rough_seed_33,16,lm000_ls080_le020,4.483967414742807,0.31133533585432693,125.04688114639504,0.6753927479176356,0.1880907616013322,0.12643840814644985,0.2284306556980966,0.020821987248011598,4,1,0
rough_seed_33,17,lm000_ls060_le040,4.498846785788991,0.3118862071191179,125.25482851539041,0.8349993143748434,0.24675650383213155,0.22833253302628348,0.28270006596239194,0.07509139751230695,8,0,0
rough_seed_33,18,lm000_ls040_le060,4.514229025246849,0.30956916377844673,124.78884336114466,1.0,0.0,0.0,0.33666666666666667,0.12905799821658168,15,1,0
rough_seed_33,19,lm000_ls020_le080,4.518745821469211,0.3132488411896826,126.09893657037689,1.048450323215975,0.39187196773091726,0.6419451311677761,0.35642433247904054,0.14881566402895555,19,0,0
rough_seed_33,20,lm000_ls000_le100,4.5466471508645645,0.3109379440509431,125.32347645737113,1.347739545224196,0.14577001156040517,0.26196999623016737,0.45509811358478125,0.24748944513469626,21,0,0
rough_seed_35,0,lm100_ls000_le000,4.50293193260854,0.32877789635144467,133.4735347407163,0.0,0.17411624533976444,1.0,0.33724705415113254,0.10339636131814112,2,1,0
rough_seed_35,1,lm080_ls020_le000,4.50616597593582,0.32865286620422696,133.3175688459842,0.6891886398901031,0.0,0.5471552209970152,0.23385069283299142,0.0,1,1,1
rough_seed_35,2,lm080_ls000_le020,4.54970309062848,0.3357610508107347,137.3224402272025,9.967136342899343,9.898815944861559,12.175242878739617,4.165218276801541,3.93136758396855,6,0,0
rough_seed_35,3,lm060_ls040_le000,4.507624469803866,0.32937095053331256,133.12912115362474,1.0,1.0,0.0,0.33999999999999997,0.10614930716700854,3,1,0
rough_seed_35,4,lm060_ls020_le020,4.553045623071149,0.33682923219173355,137.64452706876352,10.679444483152094,11.386359033789644,13.110417487502659,4.4873932325157,4.253542539682709,10,0,0
rough_seed_35,5,lm060_ls000_le040,4.575290901180228,0.3340426695033791,136.45663282648553,15.420009593906359,7.505808274656864,9.661383283279532,5.2486272018082625,5.014776508975271,11,0,0
rough_seed_35,6,lm040_ls060_le000,4.51169231651155,0.329291499763663,134.12608893763613,1.8668757515095034,0.8893573269441503,2.894681921321341,0.9837303571063636,0.7498796642733722,5,0,0
rough_seed_35,7,lm040_ls040_le020,4.548921750319523,0.33675506376301456,137.4557478267354,9.800629339026214,11.283072517547971,12.562299616711663,4.29958654381484,4.065735850981849,8,0,0
rough_seed_35,8,lm040_ls020_le040,4.575625011271684,0.3349616585419839,136.96844416233878,15.491209901447526,8.785586987799167,11.14742028947111,5.2818173577449015,5.04796666491191,12,0,0
rough_seed_35,9,lm040_ls000_le060,4.593665246501781,0.3339443499820709,135.5841406132164,19.33566216238367,7.368889089366503,7.128114428711436,6.557996273062762,6.324145580229771,16,0,0
rough_seed_35,10,lm020_ls080_le000,4.515228122825919,0.3303937129691371,133.43604314218692,2.6203713909026978,2.4242929338493253,0.8911436716362244,0.8932431569555267,0.6593924641225353,4,0,0
rough_seed_35,11,lm020_ls060_le020,4.562740554898085,0.3354474245616687,137.1137814348518,12.745476444836289,9.462061880801466,11.569405013535954,4.361081959409342,4.12723126657635,9,0,0
rough_seed_35,12,lm020_ls040_le040,4.576705964539472,0.3352044683430421,136.99270513681228,15.72156572449032,9.123722484179329,11.217861687205636,5.360732407816357,5.126881714983366,14,0,0
rough_seed_35,13,lm020_ls020_le060,4.598533447840724,0.3330315416202708,136.44240210012143,20.373096952201,6.097717550276607,9.62006456968209,6.911335247640865,6.677484554807874,18,0,0
rough_seed_35,14,lm020_ls000_le080,4.6090521195982985,0.33625035289018507,138.67089872509146,22.614671460774222,10.580215133830675,16.09047313802224,7.702508352700164,7.468657659867173,19,0,0
rough_seed_35,15,lm000_ls100_le000,4.5607732729350525,0.33092164590090173,135.37571368469844,12.326240138091267,3.159489219829946,6.522949776880964,4.182108976479763,3.948258283646772,7,0,0
rough_seed_35,16,lm000_ls080_le020,4.57603487566971,0.3350046642733116,137.2705796857101,15.578553779815634,8.84547651551309,12.024666526829856,5.314346916012407,5.0804962231794155,13,0,0
rough_seed_35,17,lm000_ls060_le040,4.578871845159849,0.335365685720558,136.39613105295408,16.183124265258975,9.348232852928424,9.485717235832423,5.511098336266391,5.2772476434334,15,0,0
rough_seed_35,18,lm000_ls040_le060,4.596452583612539,0.33418537668551795,136.42691915078868,19.92965577281983,7.704541454533664,9.575110044329309,6.767249615178886,6.533398922345895,17,0,0
rough_seed_35,19,lm000_ls020_le080,4.615159835168363,0.33490997831437924,137.89140255667735,23.916252101658284,8.713617407749336,13.82721699009659,8.126940988884442,7.893090296051451,20,0,0
rough_seed_35,20,lm000_ls000_le100,4.628291280854932,0.33454651291975523,137.35942722706054,26.71462005058979,8.207457643635225,12.282634111967042,9.06222238955057,8.828371696717578,21,0,0
rough_seed_36,0,lm100_ls000_le000,4.5892550168081465,0.23811052320216383,126.17396294405884,0.0,0.3978661967859477,0.29967802324683857,0.13494721299542517,0.0,1,1,1
rough_seed_36,1,lm080_ls020_le000,4.59232017435938,0.23786790546312564,126.33986534798802,0.028172463264255914,0.32711238685473565,0.8582287248609444,0.29012128687024785,0.15517407387482268,2,1,0
rough_seed_36,2,lm080_ls000_le020,4.602491500688318,0.23870674184135726,127.02675071821723,0.12165911527515295,0.5717394693758683,3.170795007105787,1.0698123143411185,0.9348651013456932,20,0,0
rough_seed_36,3,lm060_ls040_le000,4.593832344291704,0.23687743191029745,126.35913008148547,0.042071113221276275,0.03826385592490782,0.9230881250659184,0.31104078533601315,0.17609357234058798,3,1,0
rough_seed_36,4,lm060_ls020_le020,4.615987571861235,0.23934948744256201,127.2547788999229,0.2457041481896144,0.7591812462304653,3.9385072153861334,1.329313713828065,1.1943665008326398,21,0,0
rough_seed_36,5,lm060_ls000_le040,4.65615600147898,0.24249870548385077,126.74676971919413,0.6149000504796205,1.677577302547737,2.2281710321709562,0.7577925053409797,0.6228452923455545,16,0,0
rough_seed_36,6,lm040_ls060_le000,4.595820433186168,0.23674622356659963,126.3819746771603,0.060344027552481486,0.0,1.0,0.3368678134251749,0.20192060042974974,4,1,0
rough_seed_36,7,lm040_ls040_le020,4.621849482228098,0.24021993820285562,126.90189181583146,0.2995821142348972,1.0130279265780942,2.7504272132785936,0.9303525286065031,0.7954053156110779,19,0,0
rough_seed_36,8,lm040_ls020_le040,4.657653692104934,0.24200051836133568,126.67982953740886,0.6286656182964966,1.5322926373936299,2.002800666119485,0.6814794184458604,0.5465322054504351,10,0,0
rough_seed_36,9,lm040_ls000_le060,4.670013177442306,0.24205389911059605,126.66183439120302,0.7422640682332957,1.5478598889974344,1.9422156396167014,0.6615130118617252,0.5265657988663,9,0,0
rough_seed_36,10,lm020_ls080_le000,4.602222818875684,0.23769914338193027,126.70525092029558,0.11918960812268695,0.2778968584938291,2.088387920499712,0.704414221456958,0.5694670084615328,13,0,0
rough_seed_36,11,lm020_ls060_le020,4.631138978961545,0.24096817203640875,126.73413123375457,0.3849636977561436,1.231232888231729,2.1856205040145165,0.74121289163818,0.6062656786427549,14,0,0
rough_seed_36,12,lm020_ls040_le040,4.663656880986869,0.24246462382220044,126.75677146821523,0.6838421028385797,1.6676381801236828,2.261844347329719,0.769325864544213,0.6343786515487879,18,0,0
rough_seed_36,13,lm020_ls020_le060,4.673887047529776,0.2419902797837112,126.73567705391862,0.7778695667780032,1.529306794816415,2.190824882713997,0.7452682983856938,0.6103210853902685,15,0,0
rough_seed_36,14,lm020_ls000_le080,4.682945651502664,0.2411325678571606,126.24203931439177,0.8611289697241638,1.2791750984801402,0.5288736437577521,0.4352889585332536,0.30034174553782844,7,0,0
rough_seed_36,15,lm000_ls100_le000,4.602467766794015,0.23733935617257287,126.76267459397589,0.1214409724051051,0.17297330291429705,2.281718652687806,0.7691599939892928,0.6342127809938676,17,0,0
rough_seed_36,16,lm000_ls080_le020,4.64323971670484,0.2401752649040777,126.08495167915895,0.49618394788852693,1.0,0.0,0.3383206131596284,0.20337340016420324,5,1,0
rough_seed_36,17,lm000_ls060_le040,4.664122092994336,0.24165495192260225,126.6887106096676,0.6881179574957654,1.4315162381835866,2.032700951008168,0.6914081008250144,0.5564608878295891,11,0,0
rough_seed_36,18,lm000_ls040_le060,4.678369244483713,0.2420606062816121,126.69123667611183,0.8190663166733311,1.5498158791287724,2.0412055666818048,0.6951021481022145,0.5601549351067894,12,0,0
rough_seed_36,19,lm000_ls020_le080,4.687715731449691,0.2413987290710724,126.33990736047073,0.9049717085814465,1.356794814230649,0.8583701700789627,0.46266539371985316,0.327718180724428,8,0,0
rough_seed_36,20,lm000_ls000_le100,4.698054787793123,0.24001338880635079,126.15570635642001,1.0,0.9527926082553531,0.23821279071710755,0.34063668466324154,0.20568947166781637,6,1,0
rough_seed_37,0,lm100_ls000_le000,4.567692216879736,0.32630976472172485,140.23847112250218,0.0,0.45087195012393794,1.0,0.3381695731670798,0.23151316656337956,7,1,0
rough_seed_37,1,lm080_ls020_le000,4.575837201091904,0.32533583932141913,140.2907683452477,0.19605842565095244,0.28179982176755686,1.0123776426583135,0.34242666718636056,0.23577026058266032,10,0,0
rough_seed_37,2,lm080_ls000_le020,4.57319735206758,0.32947296944975274,136.01333519079088,0.13251445427137098,1.0,0.0,0.3371083815142379,0.23045197491053765,6,1,0
rough_seed_37,3,lm060_ls040_le000,4.590278456458333,0.3303016462807425,140.81321117878565,0.5436747890240728,1.1438571737538399,1.1360287729371796,0.3906975937036636,0.28404118709996334,15,0,0
rough_seed_37,4,lm060_ls020_le020,4.581190008682935,0.32951771979078703,136.10619731083605,0.32490619278868216,1.0077685984993994,0.02197849289254868,0.3404383771137352,0.23378197051003496,9,0,0
rough_seed_37,5,lm060_ls000_le040,4.601082410290904,0.32973190404842617,136.60540217037732,0.8037374391216582,1.044950695083094,0.14012968793329006,0.35494629110149145,0.2482898844977912,13,0,0
rough_seed_37,6,lm040_ls060_le000,4.569705767191459,0.3237125557743963,137.34983578117124,0.04846829580045597,0.0,0.31632132361692683,0.10665640660370022,0.0,1,1,1
rough_seed_37,7,lm040_ls040_le020,4.583643372778661,0.33001513223448914,136.67100160888447,0.3839612737596212,1.094118723982588,0.1556556827337887,0.370152026929116,0.26349562032541574,14,0,0
rough_seed_37,8,lm040_ls020_le040,4.6029491594268075,0.329564488169043,136.64698217054504,0.8486720746147121,1.0158875255229978,0.1499707914716763,0.3453442764796972,0.23868786987599694,11,0,0
rough_seed_37,9,lm040_ls000_le060,4.621338821849318,0.32951564757214963,136.94895423313002,1.2913307917947257,1.007408864154925,0.22144116957680704,0.4388442000166634,0.3321877934129632,18,0,0
rough_seed_37,10,lm020_ls080_le000,4.5712528627572455,0.3253972410891712,138.99632301649373,0.08570853016537687,0.2924590853573798,0.7060099068800042,0.23895056070134393,0.13229415409764372,2,0,0
rough_seed_37,11,lm020_ls060_le020,4.585674607964014,0.3297495739144193,136.6640481462493,0.4328552632620531,1.0480181598501994,0.15400994570957505,0.3547889978461392,0.24813259124243897,12,0,0
rough_seed_37,12,lm020_ls040_le040,4.60646523722723,0.32924838745526436,136.60332100305018,0.933307803802155,0.9610128704038804,0.13963711979802274,0.327117482781307,0.22046107617760674,5,1,0
rough_seed_37,13,lm020_ls020_le060,4.621163316561577,0.32998604650907615,136.9708267104238,1.2871061930095598,1.0890694815058848,0.22661792072689949,0.43771137632066104,0.3310549697169608,17,0,0
rough_seed_37,14,lm020_ls000_le080,4.637361098083661,0.3315713447271647,138.35208236591612,1.6770040076073296,1.3642751016978167,0.5535318183663691,0.5709840389613482,0.46432763235764796,20,0,0
rough_seed_37,15,lm000_ls100_le000,4.579141589246084,0.32465998382647426,139.30135730643258,0.275598560091028,0.16447222464788583,0.7782050492065372,0.26346260251533055,0.1568061959116303,3,0,0
rough_seed_37,16,lm000_ls080_le020,4.597682410396244,0.3287656651889345,137.1623132419783,0.7218958284817467,0.877212939785188,0.27193871860166313,0.298641138217958,0.19198473161425778,4,1,0
rough_seed_37,17,lm000_ls060_le040,4.609235875027175,0.329139903791411,136.71048641588243,1.0,0.9421802535177952,0.16500089851764377,0.34035727050678477,0.23370086390308453,8,1,0
rough_seed_37,18,lm000_ls040_le060,4.618995364011707,0.3308790127453819,137.4908134126013,1.2349212712538493,1.244087208813549,0.34968773684211646,0.4241247236608814,0.31746831705718115,16,0,0
rough_seed_37,19,lm000_ls020_le080,4.640794881172495,0.33146005323150757,138.83154767588732,1.7596588156323578,1.344955049019438,0.6670110809795857,0.5991250216962238,0.4924686150925236,21,0,0
rough_seed_37,20,lm000_ls000_le100,4.636288829187731,0.325500021201486,137.92488994682347,1.65119335578356,0.3103015734332884,0.4524244395749785,0.5584441831571594,0.45178777655345914,19,0,0
rough_seed_38,0,lm100_ls000_le000,4.448830726576775,0.47280774945111276,148.2123834008212,0.05218593963688346,0.43948812921220437,0.9392155952806724,0.3178414973073233,0.22901764542789627,8,1,0
rough_seed_38,1,lm080_ls020_le000,4.451529601465522,0.4728248296385275,148.3510761768849,0.08793216480007086,0.44076537241733843,0.9881931284770403,0.33445401171132827,0.24563015983190123,10,0,0
rough_seed_38,2,lm080_ls000_le020,4.45855403052169,0.47037341814762035,146.40871911747914,0.18096975751383743,0.25745071703807204,0.302275230975603,0.10322739601029271,0.01440354413086567,2,1,0
rough_seed_38,3,lm060_ls040_le000,4.447767982638605,0.4725985356022778,148.38451044115422,0.038110042950071525,0.4238432794013906,1.0,0.33820651107450483,0.2493826591950778,11,1,0
rough_seed_38,4,lm060_ls020_le020,4.4572224505277385,0.4704018753038779,146.2880031649225,0.163333164396806,0.2595787211743728,0.2596459770124449,0.08882385187942704,0.0,1,1,1
rough_seed_38,5,lm060_ls000_le040,4.5203916132168995,0.4669306075071744,147.27093798352044,1.0,0.0,0.6067565048573771,0.33868918834952455,0.2498653364700975,13,1,0
rough_seed_38,6,lm040_ls060_le000,4.446449529026365,0.47334742667641605,147.90825619237475,0.020647306945950506,0.4798447747364128,0.8318170640063058,0.2817133851543975,0.19288953327497044,3,1,0
rough_seed_38,7,lm040_ls040_le020,4.471955892177872,0.4718146195356324,148.4611844017616,0.3584755642354692,0.3652226422148551,1.027076402661528,0.34819471625088216,0.2593708643714551,14,0,0
rough_seed_38,8,lm040_ls020_le040,4.518330563318295,0.4669792825484118,147.4578788050645,0.9727016787420274,0.0036398819386718587,0.6727722019454907,0.3297309387894298,0.24090708691000273,9,1,0
rough_seed_38,9,lm040_ls000_le060,4.542734476091861,0.47000130703528736,148.98878636745386,1.295928133033777,0.22962453584689485,1.2133921108228085,0.44110586027693727,0.3522820083975102,18,0,0
rough_seed_38,10,lm020_ls080_le000,4.449287771832928,0.4734078459670442,148.01077073456287,0.058239440932681824,0.4843628825615758,0.8680187288343516,0.2940416464525459,0.20521779457311884,4,0,0
rough_seed_38,11,lm020_ls060_le020,4.449409570922494,0.4790817326757367,145.55274724255406,0.0598526530524637,0.9086517424787937,0.0,0.30611226214470205,0.217288410265275,7,1,0
rough_seed_38,12,lm020_ls040_le040,4.512156440841344,0.4677970181433549,147.8129271475075,0.8909262792352132,0.06478951729543425,0.7981528632304901,0.3028216552776081,0.21399780339818109,5,1,0
rough_seed_38,13,lm020_ls020_le060,4.541464740702889,0.46997692288977067,148.65439372906192,1.2791106631684157,0.2278011083037461,1.095305740268507,0.4350442794286074,0.34622042754918037,17,0,0
rough_seed_38,14,lm020_ls000_le080,4.555211250264642,0.47375942093462026,148.37308771730355,1.4611812838004417,0.510653386730392,0.9959662150223867,0.49695309755199124,0.4081292456725642,20,0,0
rough_seed_38,15,lm000_ls100_le000,4.444890637199822,0.4803033053192252,147.18260374712693,0.0,1.0,0.5755624288706653,0.33858520809623555,0.2497613562168085,12,1,0
rough_seed_38,16,lm000_ls080_le020,4.450538705786014,0.4789711981713782,146.335621644911,0.07480788837637081,0.9003860577297566,0.27646181811527437,0.3043008717906568,0.21547701991122975,6,1,0
rough_seed_38,17,lm000_ls060_le040,4.493899646751434,0.47345680572058907,148.8440565701087,0.6491175629375486,0.4880240550664037,1.1622826828110684,0.3950923086064062,0.30626845672697917,15,0,0
rough_seed_38,18,lm000_ls040_le060,4.535068736043691,0.46996271143370405,148.6198217916682,1.1943964648016123,0.2267383866101617,1.083097114416308,0.4064795948199644,0.31765574294053733,16,0,0
rough_seed_38,19,lm000_ls020_le080,4.547632843122498,0.4737784702905402,148.60215527491027,1.3608063278471643,0.5120778828333987,1.0768584159380432,0.4634345847044501,0.37461073282502305,19,0,0
rough_seed_38,20,lm000_ls000_le100,4.568535248803322,0.4755384371955269,148.23844504089553,1.6376558042843379,0.6436868468377078,0.9484189213522877,0.556651140003027,0.4678272881235999,21,0,0
rough_seed_39,0,lm100_ls000_le000,4.649638652927693,0.31822386218605664,129.50411662125268,0.610793974871847,0.033683924972745666,0.4817081667987491,0.2073519451794268,0.016681374973194718,3,0,0
rough_seed_39,1,lm080_ls020_le000,4.655902095724703,0.31836137154001376,129.70113053289205,0.7033556450844285,0.03846839299374001,0.5054477527092611,0.23860945433076758,0.04793888412453551,4,0,0
rough_seed_39,2,lm080_ls000_le020,4.672278717145979,0.33317418384930575,125.50643904728834,0.945370696601469,0.5538618899110348,0.0,0.3201210074888647,0.1294504372826326,10,1,0
rough_seed_39,3,lm060_ls040_le000,4.646342330456444,0.31725575983038873,129.0835010079049,0.5620806516427007,0.0,0.4310252459568468,0.19067057020623207,0.0,1,1,1
rough_seed_39,4,lm060_ls020_le020,4.67133370928773,0.3328198631423571,125.68599588801591,0.9314052931391162,0.5415337388232154,0.021636061183713848,0.31545034802352556,0.12477977781729349,9,1,0
rough_seed_39,5,lm060_ls000_le040,4.638377093946194,0.3417944556398657,132.58732064884396,0.4443697346724204,0.8537935929359389,0.8532250118965633,0.29176915877699605,0.10109858857076398,6,1,0
rough_seed_39,6,lm040_ls060_le000,4.663239820232907,0.3175460758312788,128.83630112654018,0.811793138337081,0.01010118644492119,0.4012384010995738,0.2746748218652989,0.08400425165906683,5,1,0
rough_seed_39,7,lm040_ls040_le020,4.675790601749893,0.33246388510884395,125.67351791529794,0.997269614667301,0.5291479231058984,0.020132502867133664,0.3375783716912348,0.1469078014850027,13,1,0
rough_seed_39,8,lm040_ls020_le040,4.608307580210637,0.3459965421605721,133.2524503029556,0.0,1.0,0.933371141852681,0.33977790380617556,0.1491073335999435,15,1,0
rough_seed_39,9,lm040_ls000_le060,4.651598933658931,0.3449405298591714,134.03593819038173,0.6397631639343863,0.9632573571147484,1.027779084208773,0.35136236008711735,0.16069178988088528,18,0,0
rough_seed_39,10,lm020_ls080_le000,4.668859072371934,0.3212750080582728,131.12000753291687,0.8948349062897111,0.1398447746379921,0.6764181789002559,0.3039819616293302,0.11331139142309815,8,0,0
rough_seed_39,11,lm020_ls060_le020,4.673156265365626,0.33402105360705525,125.66326134061828,0.9583391760040968,0.5833276764724579,0.018896616356738248,0.3246482702308099,0.13397770002457782,11,0,0
rough_seed_39,12,lm020_ls040_le040,4.644274379022357,0.34216203848917554,131.83960252509647,0.5315202961224118,0.8665831838763285,0.7631272188633385,0.29606516362164975,0.10539459341541768,7,1,0
rough_seed_39,13,lm020_ls020_le060,4.6546500439897285,0.3445862448989236,133.48162632618158,0.6848527220854154,0.9509304497892042,0.9609861658209455,0.3289846197326337,0.13831404952640164,12,0,0
rough_seed_39,14,lm020_ls000_le080,4.667155640998325,0.35264548260623707,146.3427272892956,0.8696614580530628,1.2313416652782736,2.5107102877219636,0.8522758072774989,0.6616052370712668,19,0,0
rough_seed_39,15,lm000_ls100_le000,4.646413118800224,0.33200606781624664,126.07284147948361,0.5631267675799213,0.513218736233469,0.06824979559634008,0.19152424019133954,0.0008536699851074692,2,1,0
rough_seed_39,16,lm000_ls080_le020,4.6759753608656895,0.3325671395227023,125.60761726665494,1.0,0.5327405328223672,0.012191672206999857,0.33848310735009784,0.14781253714386577,14,1,0
rough_seed_39,17,lm000_ls060_le040,4.637411855488892,0.3444763156856318,133.80540063752127,0.43010536176174013,0.9471055986759366,1.0,0.34125736986812555,0.15058679966189348,16,1,0
rough_seed_39,18,lm000_ls040_le060,4.661260239620163,0.34511106174222306,133.85397406692385,0.7825387340462814,0.9691908032225313,1.0058529526705782,0.3444762591899907,0.15380568898375863,17,0,0
rough_seed_39,19,lm000_ls020_le080,4.686893533944213,0.3284666718393154,158.5005273230533,1.1613496552248461,0.3900698276105394,3.975688755397514,1.3436532792599476,1.1529827090537155,20,0,0
rough_seed_39,20,lm000_ls000_le100,4.98418648696142,0.3380114856640406,177.799401932103,5.55476924338461,0.7221698280583814,6.301145307909167,2.142308717234229,1.951638147027997,21,0,0
rough_seed_40,0,lm100_ls000_le000,4.64116215353275,0.28860800708999795,125.21168148541837,0.05859721581616932,1.1165942466336707,0.6233138510219551,0.37819309992279615,0.2097778645983864,15,0,0
rough_seed_40,1,lm080_ls020_le000,4.6414450953705275,0.28850430785266157,125.13309688540521,0.06333353578486384,1.0961613048561512,0.4933422672902052,0.3708965586451544,0.20248132332074467,14,0,0
rough_seed_40,2,lm080_ls000_le020,4.665995737567414,0.2865162025234328,125.37922777521656,0.4743003189039792,0.7044241862124214,0.9004197551024489,0.3070703992348791,0.13865516391046936,4,0,0
rough_seed_40,3,lm060_ls040_le000,4.637661629066227,0.2878105122275896,124.91062155347754,0.0,0.9594555201587386,0.1253888613169719,0.3234346546578319,0.15501941933342214,7,1,0
rough_seed_40,4,lm060_ls020_le020,4.661143363288908,0.2878351886319464,125.79854057634574,0.39307374113322374,0.964317769356059,1.5939239382710397,0.5411456975862143,0.3727304622618046,18,0,0
rough_seed_40,5,lm060_ls000_le040,4.685008719934587,0.2834407312184244,125.58355473608836,0.792569150255718,0.0984320137741427,1.2383574515360496,0.4198836792305696,0.25146844390615986,16,0,0
rough_seed_40,6,lm040_ls060_le000,4.640899417466131,0.288187445786113,124.95385152426154,0.054199131430365324,1.0337266686563744,0.1968871926253022,0.3488582661944982,0.18044303087008848,12,0,0
rough_seed_40,7,lm040_ls040_le020,4.662939270517157,0.2876382524754007,125.35061683327957,0.4231364258668745,0.9255133854093036,0.8530999311803956,0.31584362761128976,0.14742839228688,6,1,0
rough_seed_40,8,lm040_ls020_le040,4.684812342903147,0.28339801174219537,125.43943688777641,0.7892818864749009,0.09001455003019743,1.0,0.3395976547883503,0.17118241946394055,10,1,0
rough_seed_40,9,lm040_ls000_le060,4.697729835400425,0.28375132285544774,125.41344331047459,1.0055149403803119,0.159631121876511,0.9570090525598486,0.3422454971761595,0.17383026185174974,11,0,0
rough_seed_40,10,lm020_ls080_le000,4.63946710567109,0.28801627954604614,124.86804929332685,0.03022287182335084,1.0,0.05497832192504267,0.33695067064582795,0.1685354353214182,8,1,0
rough_seed_40,11,lm020_ls060_le020,4.667182249839807,0.2853991827495288,124.91333825216788,0.4941620043053728,0.4843261354381365,0.12988202704213597,0.16841523532440975,0.0,1,1,1
rough_seed_40,12,lm020_ls040_le040,4.684251320524368,0.28497438127855546,125.61321833655936,0.7798906224739163,0.4006230731364673,1.287418274289563,0.43736586466285415,0.2689506293384444,17,0,0
rough_seed_40,13,lm020_ls020_le060,4.700075754921274,0.2830967595566001,125.3737258501773,1.0447845851907378,0.030655691404731858,0.8913200853095452,0.3548173962699293,0.18640216094551956,13,0,0
rough_seed_40,14,lm020_ls000_le080,4.719578423759426,0.2833233720194089,126.34437477259885,1.3712505493140417,0.07530750734444255,2.4966826840060143,0.845371697137553,0.6769564618131433,20,0,0
rough_seed_40,15,lm000_ls100_le000,4.639976461886937,0.2876475136881485,124.8348078007342,0.03874926733713521,0.9273382187034118,0.0,0.3123330311879391,0.14391779586352935,5,1,0
rough_seed_40,16,lm000_ls080_le020,4.665695276741697,0.2864223120478046,125.11579650242378,0.46927073890325627,0.6859239670087719,0.4647290507708614,0.2340410681918669,0.06562583286745716,2,1,0
rough_seed_40,17,lm000_ls060_le040,4.683704645934971,0.2835439247289062,125.31732623341418,0.7707395340577514,0.11876530691740045,0.798040390415908,0.27163861424327285,0.1032233789188631,3,1,0
rough_seed_40,18,lm000_ls040_le060,4.697400379751999,0.2829411788353655,125.19082784124217,1.0,0.0,0.5888238725820932,0.338629412908607,0.17021417758419724,9,1,0
rough_seed_40,19,lm000_ls020_le080,4.718785521177172,0.28329095193639486,126.07111447962104,1.3579777142923544,0.06891944041489592,2.0447356989303,0.6931506758222251,0.5247354404978154,19,0,0
rough_seed_40,20,lm000_ls000_le100,4.777439008796024,0.28344603924442136,127.13776760071357,2.33981089536056,0.0994779094715016,3.8088802694644324,1.290453986735799,1.1220387514113892,21,0,0
rough_seed_41,0,lm100_ls000_le000,4.5989092266855245,0.2450450308253356,124.22317299103325,0.003556373150925128,0.9617704694627903,0.7801784386230914,0.3264085074250528,0.19324397205438446,12,1,0
rough_seed_41,1,lm080_ls020_le000,4.598584403338096,0.24519564265164653,124.38591318636293,0.0,1.0,1.0,0.33999999999999997,0.20683546462933164,15,1,0
rough_seed_41,2,lm080_ls000_le020,4.644015486641002,0.24210273487709397,124.04209843901694,0.49740847188174103,0.2149327505535409,0.5355917176276065,0.18269034900941178,0.04952581363874345,6,0,0
rough_seed_41,3,lm060_ls040_le000,4.601486512867201,0.24530203548542956,124.39175600844962,0.031774145830527664,1.0270055027395497,1.007892200641287,0.34922407374388775,0.21605953837321942,17,0,0
rough_seed_41,4,lm060_ls020_le020,4.642344128828868,0.24207114977697847,123.72626744257202,0.47910938071197684,0.20691556107405387,0.10898252848964506,0.1623531518049112,0.029188616434242864,3,1,0
rough_seed_41,5,lm060_ls000_le040,4.662281280972539,0.24250298860866304,124.22648574122431,0.6973940365133217,0.316528439474162,0.7846531408807274,0.2675462990164698,0.13438176364580148,11,0,0
rough_seed_41,6,lm040_ls060_le000,4.600125380119695,0.24521939500992168,124.32463796580922,0.016871596502111053,1.0060290186252432,0.9172324045172451,0.3418101162738964,0.20864558090322807,16,0,0
rough_seed_41,7,lm040_ls040_le020,4.643572495313709,0.24194556647335896,123.99637280078571,0.492558320330293,0.17503897569373955,0.473827743640829,0.16799085690898052,0.034826321538312194,4,1,0
rough_seed_41,8,lm040_ls020_le040,4.661562168543821,0.24262643934537567,124.15752280598919,0.6895207350581278,0.34786371921012044,0.691501353334885,0.23626340380363878,0.10309886843297045,10,0,0
rough_seed_41,9,lm040_ls000_le060,4.693400280742679,0.24135922632504228,124.24730497888834,1.038104690911561,0.026209304383673224,0.8127747571827888,0.3522918594787804,0.21912732410811206,18,0,0
rough_seed_41,10,lm020_ls080_le000,4.607562037191148,0.24351864930790032,123.65100834377236,0.0982928605551121,0.5743317784813942,0.007326188625684152,0.19371042891933868,0.06054589354867035,7,1,0
rough_seed_41,11,lm020_ls060_le020,4.644584979758511,0.24232629348032478,123.80297904937404,0.5036436457040049,0.27167823102746,0.21260084570249732,0.17117429097611483,0.038009755605446505,5,0,0
rough_seed_41,12,lm020_ls040_le040,4.660014385476362,0.24253435374506205,124.04925799931146,0.6725746189979881,0.32448979595684757,0.545262504365489,0.22933262939706378,0.09616809402639545,8,0,0
rough_seed_41,13,lm020_ls020_le060,4.689289309935677,0.2412742957705129,124.16766499436406,0.9930951609070048,0.004651533606629373,0.7052009293973726,0.33670821238203824,0.2035436770113699,13,1,0
rough_seed_41,14,lm020_ls000_le080,4.761887086679158,0.24129876974182826,125.0062159723368,1.787941917063426,0.010863717979427109,1.8378749126053167,0.6247472393605994,0.4915827039899311,20,0,0
rough_seed_41,15,lm000_ls100_le000,4.6308139923984,0.2419571332022812,123.9345217410075,0.35287009418146137,0.17797493781158658,0.3902823324674005,0.13316453537066833,0.0,1,1,1
rough_seed_41,16,lm000_ls080_le020,4.642312692886378,0.24226607539521752,123.64558455658562,0.47876519996656386,0.25639318217115364,0.0,0.16203892792931365,0.028874392558645323,2,1,0
rough_seed_41,17,lm000_ls060_le040,4.660757557791757,0.24250018460561168,124.02244630369513,0.6807113434357629,0.3158167043939626,0.5090465665536607,0.2319223631931989,0.09875782782253056,9,0,0
rough_seed_41,18,lm000_ls040_le060,4.689919967308359,0.2412559702519466,124.12765406674781,1.0,0.0,0.651156109290542,0.33883718703096843,0.2056726516603001,14,1,0
rough_seed_41,19,lm000_ls020_le080,4.760946822101881,0.24127504133230715,124.98292000674402,1.777647300854754,0.004840778223593777,1.8064078523623708,0.6140989372255926,0.4809344018549243,19,0,0
rough_seed_41,20,lm000_ls000_le100,4.775231186216868,0.2423721586045749,125.7581448807235,1.934041628475457,0.28332009349643317,2.8535440062251083,0.9680843545023593,0.834919819131691,21,0,0
rough_seed_42,0,lm100_ls000_le000,4.6216059638764095,0.29705203187691115,124.31420298922471,0.4660356229642068,0.0,1.0,0.338220118743214,0.18202737153349507,9,1,0
rough_seed_42,1,lm080_ls020_le000,4.623893159774138,0.29751839179259626,124.51282071230068,0.562849187305508,0.24834160736518618,1.100583722179389,0.3732338224492966,0.21704107523957766,12,0,0
rough_seed_42,2,lm080_ls000_le020,4.62331300022852,0.2984894755095851,124.66703684918926,0.5382919058091205,0.7654539985724989,1.178681652354766,0.40116864264070995,0.24497589543099102,14,0,0
rough_seed_42,3,lm060_ls040_le000,4.626531409522784,0.29839470318102373,124.72133021885575,0.6745223334678689,0.7149867272288728,1.2061768281434289,0.4107112290106102,0.25451848180089126,16,0,0
rough_seed_42,4,lm060_ls020_le020,4.626181254923304,0.2985078573424585,124.80514651337492,0.6597008156084555,0.7752425197737485,1.2486229641249451,0.42515287570667215,0.2689601284969532,17,0,0
rough_seed_42,5,lm060_ls000_le040,4.615757969897227,0.29777956561889063,123.83505367640575,0.21849882826572856,0.38741944326447436,0.7573498446329805,0.2569941752648708,0.10080142805515185,3,1,0
rough_seed_42,6,lm040_ls060_le000,4.630811285158734,0.2984527947875236,124.82531312546011,0.8556830358219836,0.7459211245632035,1.2588357128961134,0.42914670387630877,0.27295395666658984,18,0,0
rough_seed_42,7,lm040_ls040_le020,4.629149208440677,0.29834309476481224,124.57113166409252,0.7853298267052448,0.6875046975679299,1.1301134765447773,0.38538098551765226,0.22918823830793333,13,0,0
rough_seed_42,8,lm040_ls020_le040,4.616247969080045,0.2978978997601355,123.34657690460868,0.2392397571297916,0.45043363006428233,0.5099760899417728,0.17399086157104376,0.017798114361324835,2,1,0
rough_seed_42,9,lm040_ls000_le060,4.610595990508616,0.29863453958881875,122.75588063004922,0.0,0.8427021611958051,0.21083647111750667,0.28441251583964605,0.12821976862992712,4,1,0
rough_seed_42,10,lm020_ls080_le000,4.6293628974434755,0.298690660039795,124.91022855231137,0.7943749609860465,0.8725868972821527,1.3018384700059804,0.44384215776290736,0.28764941055318843,19,0,0
rough_seed_42,11,lm020_ls060_le020,4.6329270757484275,0.29856858725620483,124.70003682353995,0.9452412711228756,0.8075818437329242,1.1953934553127878,0.4082918736714912,0.2520991264617723,15,0,0
rough_seed_42,12,lm020_ls040_le040,4.615895157051297,0.2979190906501939,122.33955223289519,0.22430575428400196,0.4617180040458582,0.0,0.15619274720971893,0.0,1,1,1
rough_seed_42,13,lm020_ls020_le060,4.613491830296981,0.2989299287006976,122.40215306911541,0.1225765453459866,1.0,0.03170223191091742,0.337180929257523,0.1809881820478041,8,1,0
rough_seed_42,14,lm020_ls000_le080,4.6308363070591705,0.2976054566062947,123.65679514019983,0.8567421752556523,0.2947045451984349,0.6670763946902357,0.29164246880236516,0.13544972159264623,5,1,0
rough_seed_42,15,lm000_ls100_le000,4.632549601537435,0.29998100605737027,125.91207962342366,0.9292633551737399,1.5597098537891558,1.8091945520376895,0.6173920765492317,0.46119932933951274,21,0,0
rough_seed_42,16,lm000_ls080_le020,4.636256712189688,0.29875863494175453,124.18952096037332,1.0861797767223742,0.9087842543991816,0.9368586933908483,0.37183266798916603,0.2156399207794471,11,0,0
rough_seed_42,17,lm000_ls060_le040,4.632583200744757,0.2975937990001942,123.92560528223655,0.9306855591148764,0.2884967461581257,0.8032068679777637,0.316969816949128,0.16077706973940908,7,1,0
rough_seed_42,18,lm000_ls040_le060,4.617586772880584,0.29878506860599374,122.57126141317818,0.2959093095772091,0.922860461304901,0.11734185376339215,0.31207385918378533,0.1558811119740664,6,0,0
rough_seed_42,19,lm000_ls020_le080,4.634220736826859,0.2975709656437964,123.44091954662203,1.0,0.276337741409526,0.5577529647693543,0.33944696902059623,0.1832542218108773,10,1,0
rough_seed_42,20,lm000_ls000_le100,4.646894862806924,0.2981369204886918,124.23308907856666,1.536476701562628,0.5777147061749276,0.958922401645939,0.522402613218821,0.36620986600910205,20,0,0
rough_seed_44,0,lm100_ls000_le000,4.478336149343636,0.31523035125964544,128.43516958501624,0.0,0.02644893422592923,1.0,0.3367548297807531,0.12787802765003958,14,1,0
rough_seed_44,1,lm080_ls020_le000,4.482441950062939,0.3236667111979456,127.49597589202678,0.08053275148089423,0.9036058626834785,0.3166088843445511,0.3055377792228559,0.09666097709214239,10,1,0
rough_seed_44,2,lm080_ls000_le020,4.479780425275758,0.3217552468847979,128.4183886275905,0.028328582574543203,0.7048644412601192,0.9877895717331333,0.3349997992296037,0.1261229970988902,13,1,0
rough_seed_44,3,lm060_ls040_le000,4.484584957300607,0.3265105216956635,128.07894952706323,0.12256651811780121,1.1992864760685207,0.7408014719003363,0.4066376735764624,0.1977608714457489,20,0,0
rough_seed_44,4,lm060_ls020_le020,4.486068631452259,0.3218972537062852,128.499169418748,0.15166787249476318,0.7196293716645601,1.0465685812225836,0.35524907982546755,0.14637227769475403,18,0,0
rough_seed_44,5,lm060_ls000_le040,4.49244345723482,0.3211048817807216,128.28285208813563,0.27670615262057896,0.6372437776990909,0.8891683101110268,0.30239983083844457,0.09352302870773105,9,1,0
rough_seed_44,6,lm040_ls060_le000,4.48725197378279,0.32575257026310755,128.033597425009,0.17487840323812098,1.1204796973910864,0.7078016510417509,0.380170431635932,0.17129362950521848,19,0,0
rough_seed_44,7,lm040_ls040_le020,4.489329856052068,0.3226982778240245,128.76484899687202,0.21563478374426315,0.8029145633675348,1.2398865992803045,0.42082365291474183,0.2119468507840283,21,0,0
rough_seed_44,8,lm040_ls020_le040,4.4971521275294934,0.320948056590992,128.39556100959578,0.3690638193878826,0.6209381313380967,0.9711793757260524,0.3302637296635242,0.12138692753281066,12,1,0
rough_seed_44,9,lm040_ls000_le060,4.506400339686527,0.31819071385929293,128.2170659991545,0.5504618029245383,0.33424786457249384,0.841299985313912,0.2861866939473405,0.07730989181662695,7,1,0
rough_seed_44,10,lm020_ls080_le000,4.495672933286385,0.3245675351681389,127.1435706311374,0.34005033565688486,0.9972675832068573,0.06018613981410242,0.33708087459787855,0.12820407246716503,15,1,0
rough_seed_44,11,lm020_ls060_le020,4.494121452169447,0.3219614527324371,128.3437150434774,0.30961898943243915,0.7263043619448721,0.9334543857773916,0.3177160543829795,0.10883925225226598,11,0,0
rough_seed_44,12,lm020_ls040_le040,4.500001422746432,0.3208325967261352,128.20970695008853,0.42495098958652044,0.6089333779659506,0.8359452764941078,0.2848811909781912,0.07600438884747768,6,1,0
rough_seed_44,13,lm020_ls020_le060,4.506663625117441,0.31929949582624306,127.89983883423041,0.5556259844389125,0.4495316826613488,0.6104740888328098,0.20887680213071352,0.0,1,1,1
rough_seed_44,14,lm020_ls000_le080,4.520132578193281,0.3157840244036614,127.58870394892402,0.8198112006538152,0.08401620706947192,0.3840811541527771,0.27756342875752527,0.06868662662681174,4,1,0
rough_seed_44,15,lm000_ls100_le000,4.49747443484903,0.3245938151310743,127.06085600166116,0.3753856788835674,1.0,0.0,0.3379179522629452,0.12904115013223166,16,1,0
rough_seed_44,16,lm000_ls080_le020,4.500130465571449,0.3234348765505345,128.2605513689675,0.4274820850945597,0.8795012288460865,0.8729415046437572,0.3004334923439768,0.09155669021326329,8,0,0
rough_seed_44,17,lm000_ls060_le040,4.509932699841232,0.31811667910256247,127.8727361335393,0.6197468710337725,0.3265502200566443,0.5907531888727457,0.21170579127780134,0.002828989147087818,2,1,0
rough_seed_44,18,lm000_ls040_le060,4.512191788997177,0.3182974027191129,127.80976408967202,0.6640575129783712,0.3453406668313753,0.544932464527172,0.22653360647391346,0.01765680434319994,3,1,0
rough_seed_44,19,lm000_ls020_le080,4.520685450014096,0.31752168474147774,127.96266072390037,0.8306554407887825,0.26468664026208605,0.6561855555830669,0.2827235723850406,0.07384677025432707,5,0,0
rough_seed_44,20,lm000_ls000_le100,4.529319142520982,0.314975969492968,127.88254708507513,1.0,0.0,0.5978919901293518,0.3386596399670978,0.12978283783638428,17,1,0
rough_seed_45,0,lm100_ls000_le000,4.620997128084057,0.2198617819204608,123.83495800313737,0.030332337518915453,0.9731573476303484,0.625355137511518,0.3298152652856521,0.15502497642212504,15,0,0
rough_seed_45,1,lm080_ls020_le000,4.621563912574687,0.21981631479489658,123.79241473255664,0.03773293249663902,0.968703302036448,0.580347051518463,0.32819037829898784,0.1534000894354608,14,0,0
rough_seed_45,2,lm080_ls000_le020,4.641628072588952,0.2175900319240563,123.51593861215328,0.29971385167951564,0.7506124223384004,0.28785282546864355,0.25466473777775533,0.07987444891422829,7,0,0
rough_seed_45,3,lm060_ls040_le000,4.618674085339248,0.2201357930907638,124.0656216674422,0.0,1.0,0.8693826863292072,0.3395646089544307,0.16477432009090365,18,1,0
rough_seed_45,4,lm060_ls020_le020,4.638132015500378,0.21666934227530574,123.24384971143371,0.25406527985147603,0.660419923417943,0.0,0.22318825848354573,0.04839796962001869,5,1,0
rough_seed_45,5,lm060_ls000_le040,4.663240514802848,0.21151039926485948,124.1890858760487,0.5819109370774622,0.15504011108724172,1.0,0.339123170160549,0.16433288129702195,17,1,0
rough_seed_45,6,lm040_ls060_le000,4.620953737498591,0.21886815642122517,123.5432991616953,0.029765779763386173,0.875819914882228,0.3167985541301879,0.29601458578999534,0.1212242969264683,10,1,0
rough_seed_45,7,lm040_ls040_le020,4.640244265079996,0.21680494561816607,123.37740803326653,0.28164525758384656,0.6737038832964306,0.14129624620025408,0.22822344572241196,0.05343315685888492,6,0,0
rough_seed_45,8,lm040_ls020_le040,4.6625872894527465,0.21173758596581838,124.00880674473392,0.5733816700893803,0.17729574989971708,0.8092760962143164,0.2749585437921168,0.10016825492858977,8,1,0
rough_seed_45,9,lm040_ls000_le060,4.687305118369313,0.2102803453043527,123.641218573689,0.8961262821321136,0.034541699211242644,0.42039109074624675,0.3032122909510032,0.12842200208747617,11,1,0
rough_seed_45,10,lm020_ls080_le000,4.619853765450801,0.21930661732882228,123.97809714635056,0.015403270296228736,0.9187723744746453,0.7767872859751714,0.3119606679273686,0.13717037906384155,12,1,0
rough_seed_45,11,lm020_ls060_le020,4.639005161171218,0.216218556585231,123.3711011813847,0.2654660813435212,0.6162601048291299,0.13462399632458397,0.20880786888470074,0.03401758002117369,3,1,0
rough_seed_45,12,lm020_ls040_le040,4.657943528205064,0.2118695394803596,123.67807499050507,0.5127473430470953,0.19022216569461775,0.4593828456068715,0.17479028886352704,0.0,1,1,1
rough_seed_45,13,lm020_ls020_le060,4.695260426347765,0.20992774186953608,123.73486023144427,1.0,0.0,0.5194580342898352,0.3383981934476328,0.16360790458410573,16,1,0
rough_seed_45,14,lm020_ls000_le080,4.742364299985728,0.21284520579106322,126.0468996627116,1.6150427480629252,0.2858002823751757,2.96544933024186,1.0047040846162199,0.8299137957526928,21,0,0
rough_seed_45,15,lm000_ls100_le000,4.622053954793822,0.21836203259706416,123.73005628918747,0.04413149146527362,0.8262390680396372,0.5143757676176154,0.28002884377028747,0.10523855490676043,9,1,0
rough_seed_45,16,lm000_ls080_le020,4.6407072361495025,0.21618892133468798,123.35032922412933,0.28769034425869944,0.6133569796487425,0.11264858104427887,0.2078313128994199,0.033041024035892846,2,1,0
rough_seed_45,17,lm000_ls060_le040,4.655513474519761,0.21215680880076232,123.83879862410528,0.481017746707814,0.21836361151782563,0.6294182712675895,0.2142354225208406,0.03944513365731356,4,1,0
rough_seed_45,18,lm000_ls040_le060,4.689867975094483,0.209932475586625,123.47060118263518,0.9295899088235243,0.00046372387700004683,0.23988869627499776,0.3137631107044265,0.13897282184089943,13,1,0
rough_seed_45,19,lm000_ls020_le080,4.743220108844288,0.21064230719139684,125.78836680630805,1.6262171800476706,0.07000017009856065,2.6919379411501674,0.9119398313543771,0.7371495424908501,19,0,0
rough_seed_45,20,lm000_ls000_le100,4.762630671957973,0.2118490120988108,125.87913564565432,1.8796639808489584,0.18821126458294174,2.7879656247537037,0.9455080111518532,0.7707177222883261,20,0,0
rough_seed_47,0,lm100_ls000_le000,4.5406781684509046,0.30436447774594866,135.2264695151811,0.0,1.0,0.8693585001254748,0.33956452833375156,0.20503320291257796,8,1,0
rough_seed_47,1,lm080_ls020_le000,4.545320436620036,0.3044536405687778,135.26933113703504,0.08304221080139572,1.020778188703132,0.9014717153109042,0.34694370328376206,0.21241237786258846,9,0,0
rough_seed_47,2,lm080_ls000_le020,4.555127045731161,0.3001065278593378,135.10357090126504,0.25846561836494014,0.007742426436600481,0.7772791651874317,0.26257134576244046,0.12804002034126685,3,1,0
rough_seed_47,3,lm060_ls040_le000,4.548940958211761,0.30434470822089915,135.22430947060772,0.1478071287848379,0.9953929798427623,0.8677401298166889,0.338500794075735,0.20396946865456142,6,1,0
rough_seed_47,4,lm060_ls020_le020,4.555468584560866,0.30106467035330636,135.03632631906814,0.26457516190269076,0.2310245625610303,0.7268975033478013,0.24637415854197217,0.11184283312079857,2,1,0
rough_seed_47,5,lm060_ls000_le040,4.592320266485564,0.30350939318637005,134.0661336511846,0.9237885091895853,0.800734120204891,0.0,0.3136779118278434,0.17914658640666978,4,1,0
rough_seed_47,6,lm040_ls060_le000,4.547409934923153,0.30591534425428635,135.77306143359988,0.12041974958951625,1.36140844290414,1.2788815917763727,0.4630051802489467,0.32847385482777314,15,0,0
rough_seed_47,7,lm040_ls040_le020,4.561684774221579,0.3013039126648952,134.59072300161498,0.37577212713163727,0.2867767442241618,0.3930381064851117,0.1345313254211736,0.0,1,1,1
rough_seed_47,8,lm040_ls020_le040,4.596580680249805,0.3028534908007941,134.1989937199444,1.0,0.6478849493744523,0.09954275627211492,0.3391580923521552,0.2046267669309816,7,1,0
rough_seed_47,9,lm040_ls000_le060,4.593233362531679,0.3042505669950123,135.8892053341161,0.9401222304613499,0.9734546417086026,1.3659000924402538,0.46623162069545193,0.33170029527427836,16,0,0
rough_seed_47,10,lm020_ls080_le000,4.5534099072781995,0.3053644778570457,135.76532913735358,0.22774895827749386,1.2330364870945085,1.2730883230549708,0.4334756869130802,0.2989443614919066,14,0,0
rough_seed_47,11,lm020_ls060_le020,4.564529124847718,0.30169487013788815,135.49761689190208,0.42665267855249905,0.3778840902120298,1.07251026338066,0.3637602445673706,0.229228919146197,10,0,0
rough_seed_47,12,lm020_ls040_le040,4.601391476731441,0.3043692500908895,134.12023234351358,1.0860568930952899,1.0011121303766621,0.0405323660856973,0.36911130233028877,0.23457997690911517,11,0,0
rough_seed_47,13,lm020_ls020_le060,4.6011917375280795,0.30396611359264414,135.23283375216175,1.0824839015259586,0.9071666274430475,0.8741267777316604,0.3703738915309884,0.23584256610981477,12,0,0
rough_seed_47,14,lm020_ls000_le080,4.605501638547796,0.3033316926420253,137.1696419934427,1.1595806344101773,0.7593234141966172,2.3252417177381575,0.789227725133869,0.6546963997126953,20,0,0
rough_seed_47,15,lm000_ls100_le000,4.556559057788404,0.3058399028926842,136.02299242216512,0.28408185654749146,1.3438278549679001,1.466137399422951,0.49902595684411144,0.3644946314229378,17,0,0
rough_seed_47,16,lm000_ls080_le020,4.567390676814191,0.30007330376042823,135.40083718698602,0.4778409324321579,0.0,1.0,0.33825946977477384,0.20372814435360023,5,1,0
rough_seed_47,17,lm000_ls060_le040,4.603499101958258,0.30573015433177597,136.0712196610831,1.1237586914402091,1.3182524387115213,1.5022706961621524,0.5139045048084303,0.3793731793872567,18,0,0
rough_seed_47,18,lm000_ls040_le060,4.605587902880451,0.3038555439930268,135.40749325230527,1.1611237552804028,0.8813998792313805,1.0049869241675842,0.39719962028906547,0.2626682948678919,13,0,0
rough_seed_47,19,lm000_ls020_le080,4.614912956890078,0.30297937597931535,136.82341999065846,1.3279329684902097,0.6772207858951844,2.0658417884674667,0.7021839146319985,0.5676525892108248,19,0,0
rough_seed_47,20,lm000_ls000_le100,4.6275964411482375,0.3013088679790736,137.3822269646178,1.55481873533708,0.28793151310444937,2.484516766820457,0.8425964789910255,0.7080651535698519,21,0,0
