held_context,preference_name,target_beta_name,projected_beta_name,score_excess,delta_motion,abs_delta_motion_over_iqr,delta_stability,abs_delta_stability_over_iqr,delta_energy,abs_delta_energy_over_iqr,physical_l1_mean_iqr,physical_linf_iqr
rough_seed_13,wm100_ws000_we000,lm100_ls000_le000,lm000_ls100_le000,0.2552291007542472,0.023404040226422396,0.14512962470966975,-0.007674218367566377,0.06927266329753022,-0.559340632038726,0.0449171684712974,0.08643981882616579,0.14512962470966975
rough_seed_13,wm080_ws020_we000,lm080_ls020_le000,lm000_ls100_le000,0.09700151249562154,0.01605628627556399,0.09956583473877537,-0.004870054340954166,0.04396039028904731,0.29432661266568516,0.023635540294121824,0.055720588440648165,0.09956583473877537
rough_seed_13,wm080_ws000_we020,lm080_ls020_le000,lm000_ls100_le000,0.06192503757867396,0.01605628627556399,0.09956583473877537,-0.004870054340954166,0.04396039028904731,0.29432661266568516,0.023635540294121824,0.055720588440648165,0.09956583473877537
rough_seed_13,wm060_ws040_we000,lm040_ls060_le000,lm000_ls100_le000,0.02401635406050992,0.003647221315359772,0.022616601903362267,0.00037735652701897937,0.003406274149011571,0.11988802580165725,0.009627461951041411,0.011883446001138416,0.022616601903362267
rough_seed_13,wm060_ws020_we020,lm080_ls020_le000,lm000_ls100_le000,0.020318838861103,0.01605628627556399,0.09956583473877537,-0.004870054340954166,0.04396039028904731,0.29432661266568516,0.023635540294121824,0.055720588440648165,0.09956583473877537
rough_seed_13,wm060_ws000_we040,lm020_ls060_le020,lm000_ls100_le000,0.06668252017710302,-0.011323880240831308,0.07021994808202872,-0.009563998171847443,0.08633108851014881,0.48973165031065946,0.03932730394098637,0.0652927801777213,0.08633108851014881
rough_seed_13,wm040_ws060_we000,lm040_ls060_le000,lm000_ls100_le000,0.016137430240543524,0.003647221315359772,0.022616601903362267,0.00037735652701897937,0.003406274149011571,0.11988802580165725,0.009627461951041411,0.011883446001138416,0.022616601903362267
rough_seed_13,wm040_ws040_we020,lm040_ls060_le000,lm000_ls100_le000,0.008561207046983182,0.003647221315359772,0.022616601903362267,0.00037735652701897937,0.003406274149011571,0.11988802580165725,0.009627461951041411,0.011883446001138416,0.022616601903362267
rough_seed_13,wm040_ws020_we040,lm040_ls020_le040,lm000_ls100_le000,0.11032387402055932,-0.024915266870821462,0.15450081676159935,-0.00833706912483878,0.07525600063897278,0.8214278305536595,0.0659637618628009,0.09857352642112434,0.15450081676159935
rough_seed_13,wm040_ws000_we060,lm060_ls000_le040,lm000_ls100_le000,0.26668652623075606,-0.027686660399146135,0.171686366726365,-0.007437263866030108,0.0671337523862733,1.415795470834155,0.11369373158636303,0.11750461689966711,0.171686366726365
rough_seed_13,wm020_ws080_we000,lm040_ls060_le000,lm000_ls100_le000,0.008258506420577148,0.003647221315359772,0.022616601903362267,0.00037735652701897937,0.003406274149011571,0.11988802580165725,0.009627461951041411,0.011883446001138416,0.022616601903362267
rough_seed_13,wm020_ws060_we020,lm040_ls060_le000,lm000_ls100_le000,0.008558362771658917,0.003647221315359772,0.022616601903362267,0.00037735652701897937,0.003406274149011571,0.11988802580165725,0.009627461951041411,0.011883446001138416,0.022616601903362267
rough_seed_13,wm020_ws040_we040,lm020_ls000_le080,lm000_ls100_le000,0.1250224073537972,-0.06921110655281204,0.4291815354346628,-0.0011739060574382787,0.010596466658224748,2.3664821744388007,0.19003746987976805,0.20993849065755188,0.4291815354346628
rough_seed_13,wm020_ws020_we060,lm040_ls000_le060,lm000_ls100_le000,0.3433175893655319,-0.03863981388717619,0.23960741966108756,-0.006828955737896714,0.06164275354795141,2.375440553023452,0.19075686156538513,0.16400234492480803,0.23960741966108756
rough_seed_13,wm020_ws000_we080,lm040_ls000_le060,lm000_ls100_le000,0.5191865855797919,-0.03863981388717619,0.23960741966108756,-0.006828955737896714,0.06164275354795141,2.375440553023452,0.19075686156538513,0.16400234492480803,0.23960741966108756
rough_seed_13,wm000_ws100_we000,lm040_ls060_le000,lm000_ls100_le000,0.03833784266168755,0.003647221315359772,0.022616601903362267,0.00037735652701897937,0.003406274149011571,0.11988802580165725,0.009627461951041411,0.011883446001138416,0.022616601903362267
rough_seed_13,wm000_ws080_we020,lm020_ls000_le080,lm000_ls100_le000,0.03771690875419509,-0.06921110655281204,0.4291815354346628,-0.0011739060574382787,0.010596466658224748,2.3664821744388007,0.19003746987976805,0.20993849065755188,0.4291815354346628
rough_seed_13,wm000_ws060_we040,lm020_ls000_le080,lm000_ls100_le000,0.23265601633103802,-0.06921110655281204,0.4291815354346628,-0.0011739060574382787,0.010596466658224748,2.3664821744388007,0.19003746987976805,0.20993849065755188,0.4291815354346628
rough_seed_13,wm000_ws040_we060,lm020_ls000_le080,lm000_ls100_le000,0.4275951239078808,-0.06921110655281204,0.4291815354346628,-0.0011739060574382787,0.010596466658224748,2.3664821744388007,0.19003746987976805,0.20993849065755188,0.4291815354346628
rough_seed_13,wm000_ws020_we080,lm020_ls000_le080,lm000_ls100_le000,0.6225342314847239,-0.06921110655281204,0.4291815354346628,-0.0011739060574382787,0.010596466658224748,2.3664821744388007,0.19003746987976805,0.20993849065755188,0.4291815354346628
rough_seed_13,wm000_ws000_we100,lm040_ls000_le060,lm000_ls100_le000,0.8175038639219216,-0.03863981388717619,0.23960741966108756,-0.006828955737896714,0.06164275354795141,2.375440553023452,0.19075686156538513,0.16400234492480803,0.23960741966108756
rough_seed_13,balanced,lm080_ls020_le000,lm000_ls100_le000,0.03270896035207965,0.01605628627556399,0.09956583473877537,-0.004870054340954166,0.04396039028904731,0.29432661266568516,0.023635540294121824,0.055720588440648165,0.09956583473877537
rough_seed_13,motion,lm080_ls020_le000,lm000_ls100_le000,0.07115253433137764,0.01605628627556399,0.09956583473877537,-0.004870054340954166,0.04396039028904731,0.29432661266568516,0.023635540294121824,0.055720588440648165,0.09956583473877537
rough_seed_13,stability,lm040_ls060_le000,lm000_ls100_le000,0.00651366772889686,0.003647221315359772,0.022616601903362267,0.00037735652701897937,0.003406274149011571,0.11988802580165725,0.009627461951041411,0.011883446001138416,0.022616601903362267
rough_seed_13,energy,lm040_ls000_le060,lm000_ls100_le000,0.4618641580046294,-0.03863981388717619,0.23960741966108756,-0.006828955737896714,0.06164275354795141,2.375440553023452,0.19075686156538513,0.16400234492480803,0.23960741966108756
rough_seed_7,wm100_ws000_we000,lm100_ls000_le000,lm000_ls100_le000,0.1556219893731322,0.01665777158713322,0.10329567525741666,-0.000613426789955962,0.005537203327168239,-0.2955059745594326,0.023730247515152774,0.04418770869991256,0.10329567525741666
rough_seed_7,wm080_ws020_we000,lm080_ls020_le000,lm000_ls080_le020,0.17675939010020675,0.029496410269227447,0.18290871624047808,0.002480253786559805,0.02238844103979632,-1.4712309763823157,0.11814541236793351,0.10781418988273596,0.18290871624047808
rough_seed_7,wm080_ws000_we020,lm000_ls100_le000,lm000_ls100_le000,0.0,0.0,0.0,0.0,0.0,0.0,0.0,0.0,0.0
rough_seed_7,wm060_ws040_we000,lm080_ls020_le000,lm000_ls000_le100,0.49369542585060855,0.1113095607946839,0.6902361570244163,0.0027793352575440355,0.025088151817584718,-2.6603872443342027,0.21363915869494107,0.3096544891789807,0.6902361570244163
rough_seed_7,wm060_ws020_we020,lm000_ls100_le000,lm000_ls040_le060,0.4117654297084161,0.08123265053615736,0.5037277312989138,-2.1739623292105215e-06,1.962364806940874e-05,-1.0626211674711215,0.08533249913652349,0.1963599513611689,0.5037277312989138
rough_seed_7,wm060_ws000_we040,lm040_ls040_le020,lm000_ls100_le000,0.0827960285708502,-0.013362635167974979,0.08286236941564565,-0.001862095901610461,0.016808531662994373,0.6427890940653924,0.05161839561773315,0.050429765565457724,0.08286236941564565
rough_seed_7,wm040_ws060_we000,lm080_ls020_le000,lm000_ls000_le100,0.2594990699937434,0.1113095607946839,0.6902361570244163,0.0027793352575440355,0.025088151817584718,-2.6603872443342027,0.21363915869494107,0.3096544891789807,0.6902361570244163
rough_seed_7,wm040_ws040_we020,lm020_ls080_le000,lm000_ls000_le100,0.2528156250824006,0.10725196879369303,0.6650748259622717,0.002570719093871132,0.02320504182874057,-2.3533830176913,0.18898555804508718,0.2924218086120332,0.6650748259622717
rough_seed_7,wm040_ws020_we040,lm040_ls020_le040,lm000_ls040_le060,0.18473891141864962,0.04953896122681112,0.3071935777668502,-0.002382951833495517,0.021510128082049197,0.2629160785157012,0.02111315559082248,0.1166056204799073,0.3071935777668502
rough_seed_7,wm040_ws000_we060,lm040_ls020_le040,lm000_ls100_le000,0.22850640350057583,-0.03169368930934624,0.19653415353206363,-0.0023807778711663063,0.021490504433979787,1.3255372459868227,0.10644565472734598,0.10815677089779646,0.19653415353206363
rough_seed_7,wm020_ws080_we000,lm000_ls060_le040,lm000_ls000_le100,0.46754193885949363,0.04485505049062155,0.27814841288333825,0.0038094582592053117,0.03438673578161545,-1.075773683807256,0.08638869594800554,0.1329746148709864,0.27814841288333825
rough_seed_7,wm020_ws060_we020,lm000_ls060_le040,lm000_ls000_le100,0.35017178148896755,0.04485505049062155,0.27814841288333825,0.0038094582592053117,0.03438673578161545,-1.075773683807256,0.08638869594800554,0.1329746148709864,0.27814841288333825
rough_seed_7,wm020_ws040_we040,lm000_ls040_le060,lm000_ls020_le080,0.06568804659498967,0.010511592164706762,0.06518290907066161,0.001085422695607241,0.009797756243955057,-0.7741831223644056,0.06216983309102684,0.045716832801881165,0.06518290907066161
rough_seed_7,wm020_ws020_we060,lm040_ls020_le040,lm000_ls060_le040,0.12849858463652272,0.02275550724227937,0.1411080392188766,-0.003914006331495801,0.03533045709150066,0.7459546774454111,0.059902982189300416,0.0787804928332259,0.1411080392188766
rough_seed_7,wm020_ws000_we080,lm020_ls020_le060,lm000_ls080_le020,0.22422586663645955,-0.07396149194721957,0.4586389130005382,0.005081115454782459,0.04586557004458058,1.6373892329825424,0.13148854887029424,0.21199767730513766,0.4586389130005382
rough_seed_7,wm000_ws100_we000,lm020_ls020_le060,lm000_ls000_le100,0.8239371052500434,0.007851658578236886,0.04868852778340002,0.005380196925766689,0.048565280822368974,0.44823296503065535,0.035994802543286665,0.04441620371635188,0.04868852778340002
rough_seed_7,wm000_ws080_we020,lm020_ls020_le060,lm000_ls020_le080,0.5131643911691384,0.0002916542368538444,0.0018085625186969648,0.0041872158601689025,0.03779663029416005,0.2667849275437959,0.021423838801787408,0.020343010538214808,0.03779663029416005
rough_seed_7,wm000_ws060_we040,lm020_ls020_le060,lm000_ls060_le040,0.19949071832047377,-0.037003391912384664,0.22945988509993823,0.0015707386665613776,0.014178545040753531,1.5240066488379114,0.1223834984912922,0.12200730954399465,0.22945988509993823
rough_seed_7,wm000_ws040_we060,lm020_ls020_le060,lm000_ls080_le020,0.3222773170922544,-0.07396149194721957,0.4586389130005382,0.005081115454782459,0.04586557004458058,1.6373892329825424,0.13148854887029424,0.21199767730513766,0.4586389130005382
rough_seed_7,wm000_ws020_we080,lm020_ls020_le060,lm000_ls020_le080,0.12893475537083043,0.0002916542368538444,0.0018085625186969648,0.0041872158601689025,0.03779663029416005,0.2667849275437959,0.021423838801787408,0.020343010538214808,0.03779663029416005
rough_seed_7,wm000_ws000_we100,lm020_ls020_le060,lm000_ls000_le100,0.14563223044009582,0.007851658578236886,0.04868852778340002,0.005380196925766689,0.048565280822368974,0.44823296503065535,0.035994802543286665,0.04441620371635188,0.04868852778340002
rough_seed_7,balanced,lm000_ls060_le040,lm000_ls000_le100,0.14045503527047093,0.04485505049062155,0.27814841288333825,0.0038094582592053117,0.03438673578161545,-1.075773683807256,0.08638869594800554,0.1329746148709864,0.27814841288333825
rough_seed_7,motion,lm000_ls100_le000,lm000_ls080_le020,0.11460974215525409,0.017491096516790705,0.10846316485034026,0.001977148327891587,0.017847072346306173,-0.46619998439678056,0.03743762215904351,0.054582619785229984,0.10846316485034026
rough_seed_7,stability,lm020_ls020_le060,lm000_ls000_le100,0.42708119865929484,0.007851658578236886,0.04868852778340002,0.005380196925766689,0.048565280822368974,0.44823296503065535,0.035994802543286665,0.04441620371635188,0.04868852778340002
rough_seed_7,energy,lm020_ls020_le060,lm000_ls060_le040,0.19645185816986768,-0.037003391912384664,0.22945988509993823,0.0015707386665613776,0.014178545040753531,1.5240066488379114,0.1223834984912922,0.12200730954399465,0.22945988509993823
rough_seed_15,wm100_ws000_we000,lm040_ls060_le000,lm000_ls100_le000,0.04334695684378129,0.002154156420922426,0.013358031771858172,0.002190429197649446,0.019772289113786017,0.9778590969920913,0.07852578426260927,0.03721870171608448,0.07852578426260927
rough_seed_15,wm080_ws020_we000,lm080_ls020_le000,lm000_ls060_le040,0.5771462839581754,0.03588883311865754,0.22254845024144473,-0.0014610370464533395,0.013188304337536799,1.3315285224771571,0.10692677689165862,0.11422117715688006,0.22254845024144473
rough_seed_15,wm080_ws000_we020,lm020_ls060_le020,lm000_ls040_le060,0.7562341354772563,0.04779452406399454,0.29637623561908927,-0.0049408708181834515,0.04459962750488603,0.4181712888776019,0.03358073623922671,0.124852199787734,0.29637623561908927
rough_seed_15,wm060_ws040_we000,lm060_ls040_le000,lm000_ls000_le100,0.8831972684481342,0.07669056985449352,0.4755620616814642,0.0015004289139045612,0.01354388186216681,2.8111842974284116,0.225748732451669,0.23828489199843336,0.4755620616814642
rough_seed_15,wm060_ws020_we020,lm060_ls040_le000,lm000_ls000_le100,0.9195810712076127,0.07669056985449352,0.4755620616814642,0.0015004289139045612,0.01354388186216681,2.8111842974284116,0.225748732451669,0.23828489199843336,0.4755620616814642
rough_seed_15,wm060_ws000_we040,lm000_ls080_le020,lm060_ls000_le040,0.25332461912464654,0.003559485507733662,0.02207254776949516,0.004248534873966703,0.0383501370088639,2.3561239716073032,0.18920566701226238,0.0832094505968738,0.18920566701226238
rough_seed_15,wm040_ws060_we000,lm060_ls040_le000,lm000_ls000_le100,0.48032015128653416,0.07669056985449352,0.4755620616814642,0.0015004289139045612,0.01354388186216681,2.8111842974284116,0.225748732451669,0.23828489199843336,0.4755620616814642
rough_seed_15,wm040_ws040_we020,lm060_ls040_le000,lm000_ls000_le100,0.5475075323895111,0.07669056985449352,0.4755620616814642,0.0015004289139045612,0.01354388186216681,2.8111842974284116,0.225748732451669,0.23828489199843336,0.4755620616814642
rough_seed_15,wm040_ws020_we040,lm000_ls080_le020,lm000_ls000_le100,0.5647224541879907,0.07541228076384332,0.46763532705779504,0.00023340022871748412,0.0021068276511188263,4.102613135955949,0.3294553530442119,0.2663991692510419,0.46763532705779504
rough_seed_15,wm040_ws000_we060,lm000_ls080_le020,lm000_ls060_le040,0.5401619808267828,0.03322807524065041,0.20604895748110863,-0.002422247680471279,0.021864838861201347,2.6765988887828485,0.214941015065079,0.14761827046912968,0.214941015065079
rough_seed_15,wm020_ws080_we000,lm000_ls060_le040,lm000_ls000_le100,0.34505384877540884,0.04218420552319291,0.26158636957668646,0.002655647909188763,0.023971666512320175,1.4260142471731,0.11451433797913288,0.13335745802271318,0.26158636957668646
rough_seed_15,wm020_ws060_we020,lm020_ls040_le040,lm000_ls000_le100,0.2528436667169541,0.05065062639158047,0.3140870690873636,0.0020381354590106038,0.0183975832644402,2.6380286239540283,0.21184367690642594,0.1814427764194099,0.3140870690873636
rough_seed_15,wm020_ws040_we040,lm060_ls040_le000,lm000_ls000_le100,0.42858458571006997,0.07669056985449352,0.4755620616814642,0.0015004289139045612,0.01354388186216681,2.8111842974284116,0.225748732451669,0.23828489199843336,0.4755620616814642
rough_seed_15,wm020_ws020_we060,lm000_ls080_le020,lm000_ls000_le100,0.8149767755606614,0.07541228076384332,0.46763532705779504,0.00023340022871748412,0.0021068276511188263,4.102613135955949,0.3294553530442119,0.2663991692510419,0.46763532705779504
rough_seed_15,wm020_ws000_we080,lm000_ls080_le020,lm000_ls020_le080,0.6747347937795274,0.05570017204966948,0.34539955441993664,-0.0014435088969539933,0.013030083455573282,2.3412235965289483,0.18800911053246486,0.18214624946932492,0.34539955441993664
rough_seed_15,wm000_ws100_we000,lm000_ls040_le060,lm000_ls000_le100,0.638469349415856,0.03381338564313108,0.2096784965790112,0.003123360967161759,0.028193559561617922,2.99259317405793,0.24031655142819694,0.15939620252294204,0.24031655142819694
rough_seed_15,wm000_ws080_we020,lm000_ls040_le060,lm000_ls000_le100,0.430069025182433,0.03381338564313108,0.2096784965790112,0.003123360967161759,0.028193559561617922,2.99259317405793,0.24031655142819694,0.15939620252294204,0.24031655142819694
rough_seed_15,wm000_ws060_we040,lm000_ls040_le060,lm000_ls000_le100,0.4554883756241548,0.03381338564313108,0.2096784965790112,0.003123360967161759,0.028193559561617922,2.99259317405793,0.24031655142819694,0.15939620252294204,0.24031655142819694
rough_seed_15,wm000_ws040_we060,lm000_ls080_le020,lm000_ls000_le100,0.6950845011242377,0.07541228076384332,0.46763532705779504,0.00023340022871748412,0.0021068276511188263,4.102613135955949,0.3294553530442119,0.2663991692510419,0.46763532705779504
rough_seed_15,wm000_ws020_we080,lm000_ls080_le020,lm000_ls000_le100,1.1215916019013812,0.07541228076384332,0.46763532705779504,0.00023340022871748412,0.0021068276511188263,4.102613135955949,0.3294553530442119,0.2663991692510419,0.46763532705779504
rough_seed_15,wm000_ws000_we100,lm000_ls080_le020,lm000_ls000_le100,1.5480987026785247,0.07541228076384332,0.46763532705779504,0.00023340022871748412,0.0021068276511188263,4.102613135955949,0.3294553530442119,0.2663991692510419,0.46763532705779504
rough_seed_15,balanced,lm060_ls040_le000,lm000_ls000_le100,0.40666745016513184,0.07669056985449352,0.4755620616814642,0.0015004289139045612,0.01354388186216681,2.8111842974284116,0.225748732451669,0.23828489199843336,0.4755620616814642
rough_seed_15,motion,lm040_ls060_le000,lm000_ls020_le080,0.8265320488913722,0.06429391197304302,0.3986897657623207,-0.0011666618037227683,0.010531075145442506,1.0545825077952315,0.08468696435813755,0.16463593508863358,0.3986897657623207
rough_seed_15,stability,lm000_ls040_le060,lm000_ls000_le100,0.2996161401832615,0.03381338564313108,0.2096784965790112,0.003123360967161759,0.028193559561617922,2.99259317405793,0.24031655142819694,0.15939620252294204,0.24031655142819694
rough_seed_15,energy,lm000_ls080_le020,lm000_ls000_le100,0.9982572573401272,0.07541228076384332,0.46763532705779504,0.00023340022871748412,0.0021068276511188263,4.102613135955949,0.3294553530442119,0.2663991692510419,0.46763532705779504
rough_seed_0,wm100_ws000_we000,lm080_ls020_le000,lm100_ls000_le000,0.10619701109911484,0.008242423697005563,0.05111168184089912,-0.0015311754138224165,0.013821420477094516,-2.2289289729448,0.178991427501705,0.08130817660656621,0.178991427501705
rough_seed_0,wm080_ws020_we000,lm100_ls000_le000,lm100_ls000_le000,0.0,0.0,0.0,0.0,0.0,0.0,0.0,0.0,0.0
rough_seed_0,wm080_ws000_we020,lm060_ls040_le000,lm100_ls000_le000,0.012553078257268188,0.0012382024368857714,0.007678155277521498,-1.455301357811134e-05,0.00013136530149070885,-0.4818232684687018,0.038692230965444045,0.015500583848152083,0.038692230965444045
rough_seed_0,wm060_ws040_we000,lm100_ls000_le000,lm100_ls000_le000,0.0,0.0,0.0,0.0,0.0,0.0,0.0,0.0,0.0
rough_seed_0,wm060_ws020_we020,lm100_ls000_le000,lm060_ls040_le000,0.0007869545660379451,-0.0012382024368857714,0.007678155277521498,1.455301357811134e-05,0.00013136530149070885,0.4818232684687018,0.038692230965444045,0.015500583848152083,0.038692230965444045
rough_seed_0,wm060_ws000_we040,lm060_ls040_le000,lm100_ls000_le000,0.009152912327310199,0.0012382024368857714,0.007678155277521498,-1.455301357811134e-05,0.00013136530149070885,-0.4818232684687018,0.038692230965444045,0.015500583848152083,0.038692230965444045
rough_seed_0,wm040_ws060_we000,lm060_ls000_le040,lm100_ls000_le000,0.12242351684573571,-0.04436447706270652,0.2751063425058713,0.002330893482470786,0.02104021434626057,-4.469466114671604,0.35891503486476584,0.21835386390563258,0.35891503486476584
rough_seed_0,wm040_ws040_we020,lm100_ls000_le000,lm080_ls020_le000,0.1419997972962967,-0.008242423697005563,0.05111168184089912,0.0015311754138224165,0.013821420477094516,2.2289289729448,0.178991427501705,0.08130817660656621,0.178991427501705
rough_seed_0,wm040_ws020_we040,lm100_ls000_le000,lm000_ls100_le000,0.15361260367165708,0.0012864758236013074,0.007977500964407691,0.0030384333302841404,0.027426945515431504,3.21195459667274,0.2579321034037071,0.0977788499611821,0.2579321034037071
rough_seed_0,wm040_ws000_we060,lm100_ls000_le000,lm060_ls040_le000,0.021362275648796537,-0.0012382024368857714,0.007678155277521498,1.455301357811134e-05,0.00013136530149070885,0.4818232684687018,0.038692230965444045,0.015500583848152083,0.038692230965444045
rough_seed_0,wm020_ws080_we000,lm060_ls000_le040,lm100_ls000_le000,0.3888134291719613,-0.04436447706270652,0.2751063425058713,0.002330893482470786,0.02104021434626057,-4.469466114671604,0.35891503486476584,0.21835386390563258,0.35891503486476584
rough_seed_0,wm020_ws060_we020,lm000_ls060_le040,lm100_ls000_le000,0.24617328641063038,-0.04847885233347693,0.30061978946566287,0.002615919683704171,0.023613052793555845,-3.192982686828742,0.25640858728155613,0.1935471431802583,0.30061978946566287
rough_seed_0,wm020_ws040_we040,lm000_ls040_le060,lm000_ls100_le000,0.34237785619979344,-0.06886170533555003,0.4270148810004814,0.005880462939821252,0.053081018776511765,1.026938414153932,0.08246703907433195,0.18752097961710837,0.4270148810004814
rough_seed_0,wm020_ws020_we060,lm100_ls000_le000,lm000_ls100_le000,0.2946458168356756,0.0012864758236013074,0.007977500964407691,0.0030384333302841404,0.027426945515431504,3.21195459667274,0.2579321034037071,0.0977788499611821,0.2579321034037071
rough_seed_0,wm020_ws000_we080,lm100_ls000_le000,lm000_ls100_le000,0.5432678525177744,0.0012864758236013074,0.007977500964407691,0.0030384333302841404,0.027426945515431504,3.21195459667274,0.2579321034037071,0.0977788499611821,0.2579321034037071
rough_seed_0,wm000_ws100_we000,lm000_ls040_le060,lm100_ls000_le000,0.6563721321776453,-0.07014818115915133,0.4349923819648891,0.002842029609537111,0.02565407326108026,-2.185016182518808,0.17546506432937517,0.21203717318511484,0.4349923819648891
rough_seed_0,wm000_ws080_we020,lm000_ls040_le060,lm100_ls000_le000,0.4291338429961958,-0.07014818115915133,0.4349923819648891,0.002842029609537111,0.02565407326108026,-2.185016182518808,0.17546506432937517,0.21203717318511484,0.4349923819648891
rough_seed_0,wm000_ws060_we040,lm000_ls040_le060,lm100_ls000_le000,0.20189555381474608,-0.07014818115915133,0.4349923819648891,0.002842029609537111,0.02565407326108026,-2.185016182518808,0.17546506432937517,0.21203717318511484,0.4349923819648891
rough_seed_0,wm000_ws040_we060,lm100_ls000_le000,lm000_ls100_le000,0.2848828579527681,0.0012864758236013074,0.007977500964407691,0.0030384333302841404,0.027426945515431504,3.21195459667274,0.2579321034037071,0.0977788499611821,0.2579321034037071
rough_seed_0,wm000_ws020_we080,lm100_ls000_le000,lm000_ls100_le000,0.435679029999694,0.0012864758236013074,0.007977500964407691,0.0030384333302841404,0.027426945515431504,3.21195459667274,0.2579321034037071,0.0977788499611821,0.2579321034037071
rough_seed_0,wm000_ws000_we100,lm100_ls000_le000,lm000_ls100_le000,0.7053301767905286,0.0012864758236013074,0.007977500964407691,0.0030384333302841404,0.027426945515431504,3.21195459667274,0.2579321034037071,0.0977788499611821,0.2579321034037071
rough_seed_0,balanced,lm100_ls000_le000,lm000_ls100_le000,0.23629317410129613,0.0012864758236013074,0.007977500964407691,0.0030384333302841404,0.027426945515431504,3.21195459667274,0.2579321034037071,0.0977788499611821,0.2579321034037071
rough_seed_0,motion,lm100_ls000_le000,lm100_ls000_le000,0.0,0.0,0.0,0.0,0.0,0.0,0.0,0.0,0.0
rough_seed_0,stability,lm000_ls060_le040,lm100_ls000_le000,0.34859373914816993,-0.04847885233347693,0.30061978946566287,0.002615919683704171,0.023613052793555845,-3.192982686828742,0.25640858728155613,0.1935471431802583,0.30061978946566287
rough_seed_0,energy,lm100_ls000_le000,lm000_ls100_le000,0.3973169068243888,0.0012864758236013074,0.007977500964407691,0.0030384333302841404,0.027426945515431504,3.21195459667274,0.2579321034037071,0.0977788499611821,0.2579321034037071
rough_seed_5,wm100_ws000_we000,lm000_ls100_le000,lm100_ls000_le000,0.07993338923685919,0.009506531814187369,0.058950479538397646,-0.003093514281668208,0.027924143277676852,-0.19607983347481195,0.015745952304431,0.03420685837350183,0.058950479538397646
rough_seed_5,wm080_ws020_we000,lm020_ls060_le020,lm100_ls000_le000,0.0009865280114244313,-0.009317476408046588,0.0577781375035566,8.305578111561518e-05,0.0007497174154505992,0.5236491835041193,0.0420510101502574,0.03352628835642153,0.0577781375035566
rough_seed_5,wm080_ws000_we020,lm060_ls040_le000,lm100_ls000_le000,0.03905555896943394,0.006930597798413984,0.04297698379282096,-0.0012873385915674884,0.011620385104033865,0.2582022463408862,0.020734617037008046,0.02511066197795429,0.04297698379282096
rough_seed_5,wm060_ws040_we000,lm060_ls020_le020,lm100_ls000_le000,0.04083517356079286,-0.023711419283291235,0.14703569762423532,0.0010858150617288898,0.009801298004813622,0.2779946795205035,0.022324024286657338,0.0597203399719021,0.14703569762423532
rough_seed_5,wm060_ws020_we020,lm020_ls060_le020,lm100_ls000_le000,0.0016340994527608566,-0.009317476408046588,0.0577781375035566,8.305578111561518e-05,0.0007497174154505992,0.5236491835041193,0.0420510101502574,0.03352628835642153,0.0577781375035566
rough_seed_5,wm060_ws000_we040,lm080_ls020_le000,lm100_ls000_le000,0.05320578630660029,0.0010261657915018318,0.006363305428027264,-0.0003632526609831377,0.00327896315572221,0.27982091933540687,0.02247067825158747,0.01070431561177898,0.02247067825158747
rough_seed_5,wm040_ws060_we000,lm060_ls020_le020,lm100_ls000_le000,0.06223974931854798,-0.023711419283291235,0.14703569762423532,0.0010858150617288898,0.009801298004813622,0.2779946795205035,0.022324024286657338,0.0597203399719021,0.14703569762423532
rough_seed_5,wm040_ws040_we020,lm060_ls020_le020,lm100_ls000_le000,0.04149139300519561,-0.023711419283291235,0.14703569762423532,0.0010858150617288898,0.009801298004813622,0.2779946795205035,0.022324024286657338,0.0597203399719021,0.14703569762423532
rough_seed_5,wm040_ws020_we040,lm060_ls020_le020,lm040_ls060_le000,0.06530201664973896,-0.032842206346907155,0.2036561651600259,0.0033988385567091384,0.030680205809186508,0.3352101949393784,0.026918646593773743,0.08708500585432873,0.2036561651600259
rough_seed_5,wm040_ws000_we060,lm000_ls080_le020,lm100_ls000_le000,0.10099013041084962,-0.004814064642172156,0.029852255768120218,-0.00026449265480243955,0.0023874888285996916,0.3925659632486145,0.03152453173849588,0.02125475877840526,0.03152453173849588
rough_seed_5,wm020_ws080_we000,lm020_ls040_le040,lm100_ls000_le000,0.38308899382830297,-0.10011407849278253,0.6208124109874242,0.005654884150481154,0.0510447927046732,-1.135097514079007,0.09115262391255648,0.2543366092015513,0.6208124109874242
rough_seed_5,wm020_ws060_we020,lm020_ls040_le040,lm060_ls040_le000,0.3145721145754672,-0.10704467629119652,0.6637893947802451,0.006942222742048643,0.06266517780870706,-1.3932997604198931,0.11188724094956452,0.2794472711795056,0.6637893947802451
rough_seed_5,wm020_ws040_we040,lm000_ls040_le060,lm020_ls080_le000,0.18294418909005636,-0.11960599257774795,0.7416827457098228,0.009957218600455453,0.08988056091867389,-0.2100897272370048,0.01687099976627501,0.28281143546492393,0.7416827457098228
rough_seed_5,wm020_ws020_we060,lm060_ls020_le020,lm000_ls100_le000,0.0846996674312246,-0.033217951097478604,0.20598617716263298,0.004179329343397098,0.037725441282490474,0.47407451299531544,0.038069976591088336,0.09392719834540393,0.20598617716263298
rough_seed_5,wm020_ws000_we080,lm020_ls060_le020,lm100_ls000_le000,0.16744670612513574,-0.009317476408046588,0.0577781375035566,8.305578111561518e-05,0.0007497174154505992,0.5236491835041193,0.0420510101502574,0.03352628835642153,0.0577781375035566
rough_seed_5,wm000_ws100_we000,lm000_ls040_le060,lm040_ls020_le040,0.13030599213905777,-0.005119624872533812,0.03174705004849077,0.0013468794796969719,0.012157841258951384,0.8906956759708748,0.07152623185699476,0.038477041054812304,0.07152623185699476
rough_seed_5,wm000_ws080_we020,lm000_ls040_le060,lm020_ls060_le020,0.46697202481513445,-0.10129597197625007,0.6281413916267925,0.00726307474681348,0.06556140408607589,-1.0020065173748094,0.08046491345750512,0.2580559030567912,0.6281413916267925
rough_seed_5,wm000_ws060_we040,lm000_ls040_le060,lm000_ls100_le000,0.4170134005906393,-0.12011998019848402,0.7448700086687468,0.010439644809597304,0.09423526477920334,-0.2822775003958782,0.022667951002816725,0.2872577414835889,0.7448700086687468
rough_seed_5,wm000_ws040_we060,lm060_ls020_le020,lm000_ls100_le000,0.1630717862255014,-0.033217951097478604,0.20598617716263298,0.004179329343397098,0.037725441282490474,0.47407451299531544,0.038069976591088336,0.09392719834540393,0.20598617716263298
rough_seed_5,wm000_ws020_we080,lm060_ls020_le020,lm000_ls100_le000,0.15338127274882168,-0.033217951097478604,0.20598617716263298,0.004179329343397098,0.037725441282490474,0.47407451299531544,0.038069976591088336,0.09392719834540393,0.20598617716263298
rough_seed_5,wm000_ws000_we100,lm020_ls060_le020,lm020_ls080_le000,0.37607949664094387,-0.01831002060149789,0.11354135408303033,0.0026941438536419726,0.024319156832598002,0.7919167901378046,0.0635939136912301,0.06715147486895282,0.11354135408303033
rough_seed_5,balanced,lm060_ls020_le020,lm040_ls060_le000,0.10922268530079982,-0.032842206346907155,0.2036561651600259,0.0033988385567091384,0.030680205809186508,0.3352101949393784,0.026918646593773743,0.08708500585432873,0.2036561651600259
rough_seed_5,motion,lm100_ls000_le000,lm100_ls000_le000,0.0,0.0,0.0,0.0,0.0,0.0,0.0,0.0,0.0
rough_seed_5,stability,lm020_ls040_le040,lm060_ls040_le000,0.4443387470274547,-0.10704467629119652,0.6637893947802451,0.006942222742048643,0.06266517780870706,-1.3932997604198931,0.11188724094956452,0.2794472711795056,0.6637893947802451
rough_seed_5,energy,lm060_ls020_le020,lm020_ls080_le000,0.17261977717173074,-0.03270396347674254,0.20279891420370905,0.003696903134255247,0.033370737421961026,0.5462622861541888,0.04386692782763005,0.09334552648443338,0.20279891420370905
rough_seed_11,wm100_ws000_we000,lm100_ls000_le000,lm100_ls000_le000,0.0,0.0,0.0,0.0,0.0,0.0,0.0,0.0,0.0
rough_seed_11,wm080_ws020_we000,lm080_ls020_le000,lm100_ls000_le000,0.002636415737298281,-0.0016835587517061157,0.010439832073777727,6.924748084097265e-05,0.0006250743977748016,-0.004000361064385061,0.0003212441249262969,0.0037953835321596087,0.010439832073777727
rough_seed_11,wm080_ws000_we020,lm100_ls000_le000,lm100_ls000_le000,0.0,0.0,0.0,0.0,0.0,0.0,0.0,0.0,0.0
rough_seed_11,wm060_ws040_we000,lm080_ls020_le000,lm100_ls000_le000,0.006317570445394216,-0.0016835587517061157,0.010439832073777727,6.924748084097265e-05,0.0006250743977748016,-0.004000361064385061,0.0003212441249262969,0.0037953835321596087,0.010439832073777727
rough_seed_11,wm060_ws020_we020,lm100_ls000_le000,lm100_ls000_le000,0.0,0.0,0.0,0.0,0.0,0.0,0.0,0.0,0.0
rough_seed_11,wm060_ws000_we040,lm100_ls000_le000,lm100_ls000_le000,0.0,0.0,0.0,0.0,0.0,0.0,0.0,0.0,0.0
rough_seed_11,wm040_ws060_we000,lm020_ls080_le000,lm100_ls000_le000,0.24180803019662328,-0.014526784106879909,0.09008131524614764,0.004028559206461169,0.03636448848820646,0.20465090379359197,0.01643424167129631,0.04762668180188347,0.09008131524614764
rough_seed_11,wm040_ws040_we020,lm020_ls080_le000,lm100_ls000_le000,0.041166609664146425,-0.014526784106879909,0.09008131524614764,0.004028559206461169,0.03636448848820646,0.20465090379359197,0.01643424167129631,0.04762668180188347,0.09008131524614764
rough_seed_11,wm040_ws020_we040,lm020_ls080_le000,lm100_ls000_le000,0.03521389237801942,-0.014526784106879909,0.09008131524614764,0.004028559206461169,0.03636448848820646,0.20465090379359197,0.01643424167129631,0.04762668180188347,0.09008131524614764
rough_seed_11,wm040_ws000_we060,lm020_ls080_le000,lm100_ls000_le000,0.23191682346871734,-0.014526784106879909,0.09008131524614764,0.004028559206461169,0.03636448848820646,0.20465090379359197,0.01643424167129631,0.04762668180188347,0.09008131524614764
rough_seed_11,wm020_ws080_we000,lm020_ls080_le000,lm100_ls000_le000,0.6259040150983117,-0.014526784106879909,0.09008131524614764,0.004028559206461169,0.03636448848820646,0.20465090379359197,0.01643424167129631,0.04762668180188347,0.09008131524614764
rough_seed_11,wm020_ws060_we020,lm020_ls080_le000,lm100_ls000_le000,0.4252625945658347,-0.014526784106879909,0.09008131524614764,0.004028559206461169,0.03636448848820646,0.20465090379359197,0.01643424167129631,0.04762668180188347,0.09008131524614764
rough_seed_11,wm020_ws040_we040,lm020_ls080_le000,lm100_ls000_le000,0.22462117403335782,-0.014526784106879909,0.09008131524614764,0.004028559206461169,0.03636448848820646,0.20465090379359197,0.01643424167129631,0.04762668180188347,0.09008131524614764
rough_seed_11,wm020_ws020_we060,lm020_ls080_le000,lm100_ls000_le000,0.41184664811590976,-0.014526784106879909,0.09008131524614764,0.004028559206461169,0.03636448848820646,0.20465090379359197,0.01643424167129631,0.04762668180188347,0.09008131524614764
rough_seed_11,wm020_ws000_we080,lm000_ls100_le000,lm080_ls020_le000,0.6062089477941595,-0.014431076566442158,0.08948782799816662,0.0039029946662920145,0.03523105838540821,0.3012718927170397,0.024193272552924423,0.049637386312166416,0.08948782799816662
rough_seed_11,wm000_ws100_we000,lm020_ls080_le000,lm100_ls000_le000,1.01,-0.014526784106879909,0.09008131524614764,0.004028559206461169,0.03636448848820646,0.20465090379359197,0.01643424167129631,0.04762668180188347,0.09008131524614764
rough_seed_11,wm000_ws080_we020,lm000_ls100_le000,lm100_ls000_le000,0.7986780444405054,-0.016114635318148274,0.09992766007194435,0.003972242147132987,0.03585613278318301,0.29727153165265463,0.023872028427998127,0.05321860709437517,0.09992766007194435
rough_seed_11,wm000_ws060_we040,lm000_ls100_le000,lm100_ls000_le000,0.6014753377256686,-0.016114635318148274,0.09992766007194435,0.003972242147132987,0.03585613278318301,0.29727153165265463,0.023872028427998127,0.05321860709437517,0.09992766007194435
rough_seed_11,wm000_ws040_we060,lm000_ls100_le000,lm100_ls000_le000,0.5963056858803568,-0.016114635318148274,0.09992766007194435,0.003972242147132987,0.03585613278318301,0.29727153165265463,0.023872028427998127,0.05321860709437517,0.09992766007194435
rough_seed_11,wm000_ws020_we080,lm000_ls100_le000,lm040_ls060_le000,1.0955881550229056,-0.008384429300316576,0.051992265693764424,0.004036095955649688,0.036432520262113334,0.40879773439486655,0.03282800435858129,0.04041759677148635,0.051992265693764424
rough_seed_11,wm000_ws000_we100,lm000_ls100_le000,lm000_ls100_le000,0.0,0.0,0.0,0.0,0.0,0.0,0.0,0.0,0.0
rough_seed_11,balanced,lm020_ls080_le000,lm100_ls000_le000,0.035437657609724615,-0.014526784106879909,0.09008131524614764,0.004028559206461169,0.03636448848820646,0.20465090379359197,0.01643424167129631,0.04762668180188347,0.09008131524614764
rough_seed_11,motion,lm100_ls000_le000,lm100_ls000_le000,0.0,0.0,0.0,0.0,0.0,0.0,0.0,0.0,0.0
rough_seed_11,stability,lm020_ls080_le000,lm100_ls000_le000,0.5714469459243761,-0.014526784106879909,0.09008131524614764,0.004028559206461169,0.03636448848820646,0.20465090379359197,0.01643424167129631,0.04762668180188347,0.09008131524614764
rough_seed_11,energy,lm000_ls100_le000,lm100_ls000_le000,0.547591313806471,-0.016114635318148274,0.09992766007194435,0.003972242147132987,0.03585613278318301,0.29727153165265463,0.023872028427998127,0.05321860709437517,0.09992766007194435
rough_seed_4,wm100_ws000_we000,lm080_ls020_le000,lm000_ls100_le000,1.01,0.0010393281577094626,0.006444925919597266,-0.0012160711669227664,0.010977077333126441,-0.3238326156378406,0.026004983939909295,0.014475662397544336,0.026004983939909295
rough_seed_4,wm080_ws020_we000,lm020_ls080_le000,lm000_ls100_le000,0.7043996511078876,0.0009770489226577084,0.006058729266249262,-0.0006208041391061181,0.005603796248978613,-0.04931755715131203,0.00396038638402538,0.005207637299751085,0.006058729266249262
rough_seed_4,wm080_ws000_we020,lm020_ls080_le000,lm000_ls100_le000,0.7592779605738549,0.0009770489226577084,0.006058729266249262,-0.0006208041391061181,0.005603796248978613,-0.04931755715131203,0.00396038638402538,0.005207637299751085,0.006058729266249262
rough_seed_4,wm060_ws040_we000,lm020_ls080_le000,lm000_ls080_le020,19.23182281033655,0.0332734383024631,0.20633025609762373,-0.0001946495289771033,0.0017570377380504093,0.7190085839505258,0.05773910895745322,0.08860880093104245,0.20633025609762373
rough_seed_4,wm060_ws020_we020,lm020_ls080_le000,lm000_ls080_le020,19.3386835260375,0.0332734383024631,0.20633025609762373,-0.0001946495289771033,0.0017570377380504093,0.7190085839505258,0.05773910895745322,0.08860880093104245,0.20633025609762373
rough_seed_4,wm060_ws000_we040,lm020_ls080_le000,lm000_ls100_le000,0.5441139469724021,0.0009770489226577084,0.006058729266249262,-0.0006208041391061181,0.005603796248978613,-0.04931755715131203,0.00396038638402538,0.005207637299751085,0.006058729266249262
rough_seed_4,wm040_ws060_we000,lm020_ls080_le000,lm000_ls080_le020,12.650515045218825,0.0332734383024631,0.20633025609762373,-0.0001946495289771033,0.0017570377380504093,0.7190085839505258,0.05773910895745322,0.08860880093104245,0.20633025609762373
rough_seed_4,wm040_ws040_we020,lm020_ls080_le000,lm000_ls060_le040,17.796118046041133,0.046230112985660377,0.28667524423068946,0.0003058041134667844,0.002760393876295449,0.8279509011694586,0.06648758910691165,0.11864107573796552,0.28667524423068946
rough_seed_4,wm040_ws020_we040,lm020_ls080_le000,lm000_ls060_le040,17.90282852640542,0.046230112985660377,0.28667524423068946,0.0003058041134667844,0.002760393876295449,0.8279509011694586,0.06648758910691165,0.11864107573796552,0.28667524423068946
rough_seed_4,wm040_ws000_we060,lm060_ls040_le000,lm000_ls080_le020,12.89509443206272,0.03313912234987271,0.205497356153709,-0.0007725584997814172,0.006973633309573701,0.7285392634616699,0.05850445857220883,0.09032514934516385,0.205497356153709
rough_seed_4,wm020_ws080_we000,lm000_ls100_le000,lm000_ls040_le060,19.52632317308654,0.10036996123423414,0.6223991526729314,0.002855712573430841,0.025777584908172366,1.3531069049387838,0.10865960262404681,0.25227878006838356,0.6223991526729314
rough_seed_4,wm020_ws060_we020,lm000_ls100_le000,lm000_ls040_le060,19.529983381328854,0.10036996123423414,0.6223991526729314,0.002855712573430841,0.025777584908172366,1.3531069049387838,0.10865960262404681,0.25227878006838356,0.6223991526729314
rough_seed_4,wm020_ws040_we040,lm000_ls100_le000,lm000_ls040_le060,19.53364358957117,0.10036996123423414,0.6223991526729314,0.002855712573430841,0.025777584908172366,1.3531069049387838,0.10865960262404681,0.25227878006838356,0.6223991526729314
rough_seed_4,wm020_ws020_we060,lm020_ls080_le000,lm000_ls040_le060,19.635149224300562,0.10134701015689185,0.6284578819391807,0.0022349084343247227,0.020173788659193753,1.3037893477874718,0.10469921624002143,0.25111029561279863,0.6284578819391807
rough_seed_4,wm020_ws000_we080,lm060_ls040_le000,lm000_ls040_le060,19.64331281170876,0.10121269420430146,0.6276249819952661,0.0016569994635204088,0.014957193087670462,1.3133200272986159,0.10546456585477704,0.24934891364590453,0.6276249819952661
rough_seed_4,wm000_ws100_we000,lm000_ls100_le000,lm000_ls020_le080,1.7187188327201526,0.11754285830126499,0.7288891468108776,0.00206939051140409,0.018679712416504873,1.7440860476507822,0.14005670667126785,0.2958751886328834,0.7288891468108776
rough_seed_4,wm000_ws080_we020,lm000_ls100_le000,lm000_ls020_le080,1.385746594202819,0.11754285830126499,0.7288891468108776,0.00206939051140409,0.018679712416504873,1.7440860476507822,0.14005670667126785,0.2958751886328834,0.7288891468108776
rough_seed_4,wm000_ws060_we040,lm000_ls100_le000,lm000_ls020_le080,2.18605887228022,0.11754285830126499,0.7288891468108776,0.00206939051140409,0.018679712416504873,1.7440860476507822,0.14005670667126785,0.2958751886328834,0.7288891468108776
rough_seed_4,wm000_ws040_we060,lm000_ls100_le000,lm000_ls020_le080,3.270579799347458,0.11754285830126499,0.7288891468108776,0.00206939051140409,0.018679712416504873,1.7440860476507822,0.14005670667126785,0.2958751886328834,0.7288891468108776
rough_seed_4,wm000_ws020_we080,lm000_ls100_le000,lm000_ls040_le060,3.3808555572300203,0.10036996123423414,0.6223991526729314,0.002855712573430841,0.025777584908172366,1.3531069049387838,0.10865960262404681,0.25227878006838356,0.6223991526729314
rough_seed_4,wm000_ws000_we100,lm000_ls100_le000,lm000_ls020_le080,5.439621653481934,0.11754285830126499,0.7288891468108776,0.00206939051140409,0.018679712416504873,1.7440860476507822,0.14005670667126785,0.2958751886328834,0.7288891468108776
rough_seed_4,balanced,lm020_ls080_le000,lm000_ls060_le040,14.834359579812727,0.046230112985660377,0.28667524423068946,0.0003058041134667844,0.002760393876295449,0.8279509011694586,0.06648758910691165,0.11864107573796552,0.28667524423068946
rough_seed_4,motion,lm020_ls080_le000,lm000_ls100_le000,0.6290113757007559,0.0009770489226577084,0.006058729266249262,-0.0006208041391061181,0.005603796248978613,-0.04931755715131203,0.00396038638402538,0.005207637299751085,0.006058729266249262
rough_seed_4,stability,lm000_ls100_le000,lm000_ls040_le060,14.65335831200693,0.10036996123423414,0.6223991526729314,0.002855712573430841,0.025777584908172366,1.3531069049387838,0.10865960262404681,0.25227878006838356,0.6223991526729314
rough_seed_4,energy,lm020_ls080_le000,lm000_ls040_le060,14.70639684542119,0.10134701015689185,0.6284578819391807,0.0022349084343247227,0.020173788659193753,1.3037893477874718,0.10469921624002143,0.25111029561279863,0.6284578819391807
rough_seed_25,wm100_ws000_we000,lm100_ls000_le000,lm100_ls000_le000,0.0,0.0,0.0,0.0,0.0,0.0,0.0,0.0,0.0
rough_seed_25,wm080_ws020_we000,lm080_ls000_le020,lm100_ls000_le000,0.03166860175085193,-0.009556877790561913,0.059262677457483016,0.0018400365455657763,0.01660940905914692,-0.06388968981035248,0.005130583755967595,0.027000890090865842,0.059262677457483016
rough_seed_25,wm080_ws000_we020,lm100_ls000_le000,lm100_ls000_le000,0.0,0.0,0.0,0.0,0.0,0.0,0.0,0.0,0.0
rough_seed_25,wm060_ws040_we000,lm040_ls040_le020,lm100_ls000_le000,0.17035661499704968,-0.014591400245172359,0.09048200315344256,0.0024286200252551515,0.021922359936767114,-0.001132018874301366,9.090539749338734e-05,0.03749842282923435,0.09048200315344256
rough_seed_25,wm060_ws020_we020,lm080_ls000_le020,lm100_ls000_le000,0.06253177186381817,-0.009556877790561913,0.059262677457483016,0.0018400365455657763,0.01660940905914692,-0.06388968981035248,0.005130583755967595,0.027000890090865842,0.059262677457483016
rough_seed_25,wm060_ws000_we040,lm100_ls000_le000,lm100_ls000_le000,0.0,0.0,0.0,0.0,0.0,0.0,0.0,0.0,0.0
rough_seed_25,wm040_ws060_we000,lm040_ls020_le040,lm100_ls000_le000,0.32801215790883254,-0.021726342133200127,0.13472613487244964,0.0025043995693881105,0.022606397136926627,-0.41633536891089307,0.03343330492149121,0.06358861231028916,0.13472613487244964
rough_seed_25,wm040_ws040_we020,lm040_ls040_le020,lm100_ls000_le000,0.21237942017697675,-0.014591400245172359,0.09048200315344256,0.0024286200252551515,0.021922359936767114,-0.001132018874301366,9.090539749338734e-05,0.03749842282923435,0.09048200315344256
rough_seed_25,wm040_ws020_we040,lm080_ls000_le020,lm100_ls000_le000,0.06720139480936797,-0.009556877790561913,0.059262677457483016,0.0018400365455657763,0.01660940905914692,-0.06388968981035248,0.005130583755967595,0.027000890090865842,0.059262677457483016
rough_seed_25,wm040_ws000_we060,lm100_ls000_le000,lm100_ls000_le000,0.0,0.0,0.0,0.0,0.0,0.0,0.0,0.0,0.0
rough_seed_25,wm020_ws080_we000,lm060_ls000_le040,lm100_ls000_le000,0.5494990379246698,-0.02409625136683946,0.149422060633411,0.003574913023493581,0.03226957252624525,-0.31784902404184834,0.025524478901680612,0.06907203735377895,0.149422060633411
rough_seed_25,wm020_ws060_we020,lm040_ls040_le020,lm100_ls000_le000,0.3195132940133722,-0.014591400245172359,0.09048200315344256,0.0024286200252551515,0.021922359936767114,-0.001132018874301366,9.090539749338734e-05,0.03749842282923435,0.09048200315344256
rough_seed_25,wm020_ws040_we040,lm040_ls040_le020,lm100_ls000_le000,0.21284523622294202,-0.014591400245172359,0.09048200315344256,0.0024286200252551515,0.021922359936767114,-0.001132018874301366,9.090539749338734e-05,0.03749842282923435,0.09048200315344256
rough_seed_25,wm020_ws020_we060,lm040_ls040_le020,lm100_ls000_le000,0.10617717843251182,-0.014591400245172359,0.09048200315344256,0.0024286200252551515,0.021922359936767114,-0.001132018874301366,9.090539749338734e-05,0.03749842282923435,0.09048200315344256
rough_seed_25,wm020_ws000_we080,lm100_ls000_le000,lm100_ls000_le000,0.0,0.0,0.0,0.0,0.0,0.0,0.0,0.0,0.0
rough_seed_25,wm000_ws100_we000,lm060_ls000_le040,lm100_ls000_le000,0.7850365746565307,-0.02409625136683946,0.149422060633411,0.003574913023493581,0.03226957252624525,-0.31784902404184834,0.025524478901680612,0.06907203735377895,0.149422060633411
rough_seed_25,wm000_ws080_we020,lm060_ls000_le040,lm100_ls000_le000,0.47023227499939585,-0.02409625136683946,0.149422060633411,0.003574913023493581,0.03226957252624525,-0.31784902404184834,0.025524478901680612,0.06907203735377895,0.149422060633411
rough_seed_25,wm000_ws060_we040,lm040_ls040_le020,lm100_ls000_le000,0.31997911005933743,-0.014591400245172359,0.09048200315344256,0.0024286200252551515,0.021922359936767114,-0.001132018874301366,9.090539749338734e-05,0.03749842282923435,0.09048200315344256
rough_seed_25,wm000_ws040_we060,lm040_ls040_le020,lm100_ls000_le000,0.2133110522689073,-0.014591400245172359,0.09048200315344256,0.0024286200252551515,0.021922359936767114,-0.001132018874301366,9.090539749338734e-05,0.03749842282923435,0.09048200315344256
rough_seed_25,wm000_ws020_we080,lm040_ls040_le020,lm100_ls000_le000,0.09190912977872433,-0.014591400245172359,0.09048200315344256,0.0024286200252551515,0.021922359936767114,-0.001132018874301366,9.090539749338734e-05,0.03749842282923435,0.09048200315344256
rough_seed_25,wm000_ws000_we100,lm020_ls000_le080,lm100_ls000_le000,0.0790004469302563,-0.06198177802761773,0.3843521074549647,-0.0010244423062988617,0.009247306181944212,0.035328352315943334,0.0028370003212616793,0.13214547131939017,0.3843521074549647
rough_seed_25,balanced,lm040_ls040_le020,lm100_ls000_le000,0.17697867292882175,-0.014591400245172359,0.09048200315344256,0.0024286200252551515,0.021922359936767114,-0.001132018874301366,9.090539749338734e-05,0.03749842282923435,0.09048200315344256
rough_seed_25,motion,lm080_ls000_le020,lm100_ls000_le000,0.007966230981075031,-0.009556877790561913,0.059262677457483016,0.0018400365455657763,0.01660940905914692,-0.06388968981035248,0.005130583755967595,0.027000890090865842,0.059262677457483016
rough_seed_25,stability,lm060_ls000_le040,lm100_ls000_le000,0.43059471850380976,-0.02409625136683946,0.149422060633411,0.003574913023493581,0.03226957252624525,-0.31784902404184834,0.025524478901680612,0.06907203735377895,0.149422060633411
rough_seed_25,energy,lm040_ls040_le020,lm100_ls000_le000,0.060503759923311584,-0.014591400245172359,0.09048200315344256,0.0024286200252551515,0.021922359936767114,-0.001132018874301366,9.090539749338734e-05,0.03749842282923435,0.09048200315344256
rough_seed_12,wm100_ws000_we000,lm100_ls000_le000,lm100_ls000_le000,0.0,0.0,0.0,0.0,0.0,0.0,0.0,0.0,0.0
rough_seed_12,wm080_ws020_we000,lm100_ls000_le000,lm040_ls020_le040,1.4218168042235484,0.04553158721511341,0.2823436509694942,-0.0006724003647036736,0.006069538529436592,1.0196666024584147,0.08188308508938975,0.12343209152944018,0.2823436509694942
rough_seed_12,wm080_ws000_we020,lm100_ls000_le000,lm080_ls000_le020,0.7300452624058027,0.0204297492455483,0.12668589748755169,-0.00017221252788229835,0.0015545062556501206,0.7567600239188437,0.0607706923825844,0.0630036987085954,0.12668589748755169
rough_seed_12,wm060_ws040_we000,lm100_ls000_le000,lm000_ls020_le080,1.3817659869820833,0.06653818589350191,0.41260662065877496,0.0014716552694357676,0.013284151569169992,1.1829809213038516,0.094997842632782,0.173629538286909,0.41260662065877496
rough_seed_12,wm060_ws020_we020,lm100_ls000_le000,lm000_ls020_le080,1.5832055675154022,0.06653818589350191,0.41260662065877496,0.0014716552694357676,0.013284151569169992,1.1829809213038516,0.094997842632782,0.173629538286909,0.41260662065877496
rough_seed_12,wm060_ws000_we040,lm100_ls000_le000,lm040_ls060_le000,0.78715691276437,0.005290292144084496,0.03280536634049623,0.002068055773654709,0.018667664174680777,1.4718550796246745,0.11819553021897955,0.056556186911385524,0.11819553021897955
rough_seed_12,wm040_ws060_we000,lm040_ls040_le020,lm000_ls000_le100,0.9854440810438038,0.05457209099275229,0.33840426733067386,0.003799193112075383,0.034294075650410885,0.833197100872269,0.06690887878691631,0.1465357405893337,0.33840426733067386
rough_seed_12,wm040_ws040_we020,lm080_ls000_le020,lm000_ls020_le080,0.8263646398012456,0.04610843664795361,0.28592072317122325,0.001643867797318066,0.014838657824820113,0.4262208973850079,0.0342271502501976,0.11166217708208033,0.28592072317122325
rough_seed_12,wm040_ws020_we040,lm100_ls000_le000,lm020_ls080_le000,0.4549548538181382,0.013019847714517141,0.0807367272618027,0.0005481252691615368,0.0049477478222366795,1.221361292401042,0.09807993160650787,0.06125480223018242,0.09807993160650787
rough_seed_12,wm040_ws000_we060,lm100_ls000_le000,lm000_ls100_le000,1.2630451443057824,0.01331245102077716,0.08255117500738396,0.0013387867925627184,0.012084791214741973,1.5743313133858976,0.126424759408677,0.07368690854360098,0.126424759408677
rough_seed_12,wm020_ws080_we000,lm040_ls040_le020,lm000_ls000_le100,1.5641325389312781,0.05457209099275229,0.33840426733067386,0.003799193112075383,0.034294075650410885,0.833197100872269,0.06690887878691631,0.1465357405893337,0.33840426733067386
rough_seed_12,wm020_ws060_we020,lm040_ls040_le020,lm000_ls080_le020,0.1418439839776738,0.012258369436024985,0.076014762348353,0.0009771177537646336,0.008820122899375012,0.5305445087151099,0.042604730846423466,0.04247987203138382,0.076014762348353
rough_seed_12,wm020_ws040_we040,lm040_ls040_le020,lm020_ls080_le000,0.3713268556663987,-0.009653519235025776,0.059861955891067596,0.0022929756476260388,0.02069794243264489,0.687306367896781,0.055193301093988484,0.04525106647256699,0.059861955891067596
rough_seed_12,wm020_ws020_we060,lm100_ls000_le000,lm000_ls100_le000,1.0634054210936774,0.01331245102077716,0.08255117500738396,0.0013387867925627184,0.012084791214741973,1.5743313133858976,0.126424759408677,0.07368690854360098,0.126424759408677
rough_seed_12,wm020_ws000_we080,lm100_ls000_le000,lm000_ls100_le000,1.682103057552764,0.01331245102077716,0.08255117500738396,0.0013387867925627184,0.012084791214741973,1.5743313133858976,0.126424759408677,0.07368690854360098,0.126424759408677
rough_seed_12,wm000_ws100_we000,lm040_ls040_le020,lm000_ls000_le100,2.199148471729092,0.05457209099275229,0.33840426733067386,0.003799193112075383,0.034294075650410885,0.833197100872269,0.06690887878691631,0.1465357405893337,0.33840426733067386
rough_seed_12,wm000_ws080_we020,lm040_ls040_le020,lm000_ls080_le020,0.31274038344135935,0.012258369436024985,0.076014762348353,0.0009771177537646336,0.008820122899375012,0.5305445087151099,0.042604730846423466,0.04247987203138382,0.076014762348353
rough_seed_12,wm000_ws060_we040,lm040_ls040_le020,lm000_ls100_le000,0.7941846077260204,-0.009360915928765756,0.058047508145486336,0.0030836371710272203,0.027834985825150184,1.0402763888816366,0.08353812889615762,0.056473540955598055,0.08353812889615762
rough_seed_12,wm000_ws040_we060,lm100_ls000_le000,lm000_ls080_le020,0.4507523405236159,0.0349317363855679,0.2166134455012233,-0.0007677326246998684,0.006930071711033199,1.064599433219371,0.08549136135894285,0.10301162619039977,0.2166134455012233
rough_seed_12,wm000_ws020_we080,lm100_ls000_le000,lm000_ls100_le000,1.4824633343406592,0.01331245102077716,0.08255117500738396,0.0013387867925627184,0.012084791214741973,1.5743313133858976,0.126424759408677,0.07368690854360098,0.126424759408677
rough_seed_12,wm000_ws000_we100,lm100_ls000_le000,lm000_ls100_le000,2.1011609707997456,0.01331245102077716,0.08255117500738396,0.0013387867925627184,0.012084791214741973,1.5743313133858976,0.126424759408677,0.07368690854360098,0.126424759408677
rough_seed_12,balanced,lm100_ls000_le000,lm020_ls060_le020,0.11633167995565252,0.03021787254727304,0.18738253993254006,-0.0009307654132947873,0.00840171545764901,0.6246635446190112,0.05016284543688813,0.08198236694235907,0.18738253993254006
rough_seed_12,motion,lm100_ls000_le000,lm020_ls020_le060,1.6619808787450907,0.0579660501802568,0.3594503781045896,0.0011868196823953125,0.010713033733951948,1.7484177362534297,0.14040455765077053,0.170189323163104,0.3594503781045896
rough_seed_12,stability,lm040_ls040_le020,lm000_ls060_le040,0.5604535483905878,0.025601625310912368,0.15875695979771712,0.0017463376525318486,0.015763619747766026,0.5838109958884274,0.046882231248132976,0.07380093693120537,0.15875695979771712
rough_seed_12,energy,lm100_ls000_le000,lm000_ls100_le000,1.3228443085201944,0.01331245102077716,0.08255117500738396,0.0013387867925627184,0.012084791214741973,1.5743313133858976,0.126424759408677,0.07368690854360098,0.126424759408677
rough_seed_6,wm100_ws000_we000,lm080_ls020_le000,lm100_ls000_le000,0.019444788457276867,0.001060180839284719,0.006574234441627175,-0.000530604213695357,0.0047895909757941,-0.2803575120839099,0.02251376867896647,0.01129253136546258,0.02251376867896647
rough_seed_6,wm080_ws020_we000,lm020_ls080_le000,lm100_ls000_le000,0.052708594497756514,-0.0014317649355284345,0.008878446018526168,0.000883605500557133,0.007976018324762702,-0.09394698728448247,0.007544298435547542,0.008132920926278804,0.008878446018526168
rough_seed_6,wm080_ws000_we020,lm100_ls000_le000,lm100_ls000_le000,0.0,0.0,0.0,0.0,0.0,0.0,0.0,0.0,0.0
rough_seed_6,wm060_ws040_we000,lm000_ls080_le020,lm100_ls000_le000,0.1454251182146479,-0.016520683595939722,0.10244558576339617,0.0014365577107922911,0.012967337367902237,-0.11086527892766185,0.008902901248315519,0.04143860812653797,0.10244558576339617
rough_seed_6,wm060_ws020_we020,lm020_ls080_le000,lm100_ls000_le000,0.05236779307230732,-0.0014317649355284345,0.008878446018526168,0.000883605500557133,0.007976018324762702,-0.09394698728448247,0.007544298435547542,0.008132920926278804,0.008878446018526168
rough_seed_6,wm060_ws000_we040,lm100_ls000_le000,lm100_ls000_le000,0.0,0.0,0.0,0.0,0.0,0.0,0.0,0.0,0.0
rough_seed_6,wm040_ws060_we000,lm040_ls020_le040,lm100_ls000_le000,0.28138293548368454,-0.029996637585362862,0.18601065086193277,0.001988131509450264,0.01794621393983515,-0.3719187947756666,0.029866486011736568,0.07794111693783483,0.18601065086193277
rough_seed_6,wm040_ws040_we020,lm000_ls080_le020,lm100_ls000_le000,0.1703990650871854,-0.016520683595939722,0.10244558576339617,0.0014365577107922911,0.012967337367902237,-0.11086527892766185,0.008902901248315519,0.04143860812653797,0.10244558576339617
rough_seed_6,wm040_ws020_we040,lm020_ls080_le000,lm100_ls000_le000,0.052026991646858145,-0.0014317649355284345,0.008878446018526168,0.000883605500557133,0.007976018324762702,-0.09394698728448247,0.007544298435547542,0.008132920926278804,0.008878446018526168
rough_seed_6,wm040_ws000_we060,lm100_ls000_le000,lm100_ls000_le000,0.0,0.0,0.0,0.0,0.0,0.0,0.0,0.0,0.0
rough_seed_6,wm020_ws080_we000,lm020_ls040_le040,lm100_ls000_le000,0.5599468706882863,-0.03169070357533332,0.19651563884602713,0.002484311923670157,0.022425072518364706,-0.4783433735288156,0.03841278223898989,0.08578449786779391,0.19651563884602713
rough_seed_6,wm020_ws060_we020,lm000_ls060_le040,lm100_ls000_le000,0.3863673550528735,-0.03243231018058257,0.20111437851921082,0.002668039758774887,0.024083523692152477,-0.2809464371865289,0.02256106159232929,0.08258632126789753,0.20111437851921082
rough_seed_6,wm020_ws040_we040,lm000_ls080_le020,lm100_ls000_le000,0.1705355385724657,-0.016520683595939722,0.10244558576339617,0.0014365577107922911,0.012967337367902237,-0.11086527892766185,0.008902901248315519,0.04143860812653797,0.10244558576339617
rough_seed_6,wm020_ws020_we060,lm020_ls080_le000,lm100_ls000_le000,0.049991340491260375,-0.0014317649355284345,0.008878446018526168,0.000883605500557133,0.007976018324762702,-0.09394698728448247,0.007544298435547542,0.008132920926278804,0.008878446018526168
rough_seed_6,wm020_ws000_we080,lm100_ls000_le000,lm100_ls000_le000,0.0,0.0,0.0,0.0,0.0,0.0,0.0,0.0,0.0
rough_seed_6,wm000_ws100_we000,lm040_ls000_le060,lm100_ls000_le000,0.8511181909438124,-0.05400766677604096,0.33490424451598544,0.0028424078322764335,0.025657487354244887,-0.2347209195103801,0.01884897767386875,0.12647023651469969,0.33490424451598544
rough_seed_6,wm000_ws080_we020,lm040_ls000_le060,lm100_ls000_le000,0.581774070764636,-0.05400766677604096,0.33490424451598544,0.0028424078322764335,0.025657487354244887,-0.2347209195103801,0.01884897767386875,0.12647023651469969,0.33490424451598544
rough_seed_6,wm000_ws060_we040,lm040_ls000_le060,lm100_ls000_le000,0.3124299505854596,-0.05400766677604096,0.33490424451598544,0.0028424078322764335,0.025657487354244887,-0.2347209195103801,0.01884897767386875,0.12647023651469969,0.33490424451598544
rough_seed_6,wm000_ws040_we060,lm000_ls080_le020,lm100_ls000_le000,0.17067201205774607,-0.016520683595939722,0.10244558576339617,0.0014365577107922911,0.012967337367902237,-0.11086527892766185,0.008902901248315519,0.04143860812653797,0.10244558576339617
rough_seed_6,wm000_ws020_we080,lm020_ls080_le000,lm100_ls000_le000,0.010370393261168565,-0.0014317649355284345,0.008878446018526168,0.000883605500557133,0.007976018324762702,-0.09394698728448247,0.007544298435547542,0.008132920926278804,0.008878446018526168
rough_seed_6,wm000_ws000_we100,lm100_ls000_le000,lm100_ls000_le000,0.0,0.0,0.0,0.0,0.0,0.0,0.0,0.0,0.0
rough_seed_6,balanced,lm000_ls080_le020,lm100_ls000_le000,0.14161293884355156,-0.016520683595939722,0.10244558576339617,0.0014365577107922911,0.012967337367902237,-0.11086527892766185,0.008902901248315519,0.04143860812653797,0.10244558576339617
rough_seed_6,motion,lm020_ls080_le000,lm100_ls000_le000,0.03921084476348394,-0.0014317649355284345,0.008878446018526168,0.000883605500557133,0.007976018324762702,-0.09394698728448247,0.007544298435547542,0.008132920926278804,0.008878446018526168
rough_seed_6,stability,lm000_ls060_le040,lm100_ls000_le000,0.5024258263656733,-0.03243231018058257,0.20111437851921082,0.002668039758774887,0.024083523692152477,-0.2809464371865289,0.02256106159232929,0.08258632126789753,0.20111437851921082
rough_seed_6,energy,lm040_ls060_le000,lm100_ls000_le000,0.004972483206469827,-0.001744173414854444,0.010815706633448345,0.00013056068185490766,0.0011785286423767842,-0.0576871936586798,0.004632499853906343,0.005542245043243824,0.010815706633448345
rough_seed_29,wm100_ws000_we000,lm100_ls000_le000,lm100_ls000_le000,0.0,0.0,0.0,0.0,0.0,0.0,0.0,0.0,0.0
rough_seed_29,wm080_ws020_we000,lm100_ls000_le000,lm100_ls000_le000,0.0,0.0,0.0,0.0,0.0,0.0,0.0,0.0,0.0
rough_seed_29,wm080_ws000_we020,lm060_ls040_le000,lm100_ls000_le000,0.05234109330493525,-0.003813194764262562,0.023645811566223692,0.0016013869851230211,0.014455197404638435,0.5373046429258181,0.043147595193903834,0.027082868054921983,0.043147595193903834
rough_seed_29,wm060_ws040_we000,lm060_ls040_le000,lm100_ls000_le000,0.17004765852338252,-0.003813194764262562,0.023645811566223692,0.0016013869851230211,0.014455197404638435,0.5373046429258181,0.043147595193903834,0.027082868054921983,0.043147595193903834
rough_seed_29,wm060_ws020_we020,lm060_ls040_le000,lm100_ls000_le000,0.09047830607175009,-0.003813194764262562,0.023645811566223692,0.0016013869851230211,0.014455197404638435,0.5373046429258181,0.043147595193903834,0.027082868054921983,0.043147595193903834
rough_seed_29,wm060_ws000_we040,lm060_ls040_le000,lm100_ls000_le000,0.26199395025272054,-0.003813194764262562,0.023645811566223692,0.0016013869851230211,0.014455197404638435,0.5373046429258181,0.043147595193903834,0.027082868054921983,0.043147595193903834
rough_seed_29,wm040_ws060_we000,lm040_ls060_le000,lm100_ls000_le000,0.2865945708412558,-0.004683829452788224,0.029044660841072358,0.0016941972036402797,0.015292964941341337,0.5284106860677298,0.04243337681660643,0.02892366753300671,0.04243337681660643
rough_seed_29,wm040_ws040_we020,lm040_ls060_le000,lm100_ls000_le000,0.19166732824772015,-0.004683829452788224,0.029044660841072358,0.0016941972036402797,0.015292964941341337,0.5284106860677298,0.04243337681660643,0.02892366753300671,0.04243337681660643
rough_seed_29,wm040_ws020_we040,lm060_ls040_le000,lm100_ls000_le000,0.26325953370435146,-0.003813194764262562,0.023645811566223692,0.0016013869851230211,0.014455197404638435,0.5373046429258181,0.043147595193903834,0.027082868054921983,0.043147595193903834
rough_seed_29,wm040_ws000_we060,lm080_ls020_le000,lm100_ls000_le000,0.44113512290853335,-0.008358678613291204,0.05183258439481548,0.0024995243415778523,0.022562390047419494,0.6050154792956448,0.04858503147217047,0.040993335304801815,0.05183258439481548
rough_seed_29,wm020_ws080_we000,lm080_ls020_le000,lm100_ls000_le000,0.48391706321321926,-0.008358678613291204,0.05183258439481548,0.0024995243415778523,0.022562390047419494,0.6050154792956448,0.04858503147217047,0.040993335304801815,0.05183258439481548
rough_seed_29,wm020_ws060_we020,lm080_ls020_le000,lm100_ls000_le000,0.3439963209087056,-0.008358678613291204,0.05183258439481548,0.0024995243415778523,0.022562390047419494,0.6050154792956448,0.04858503147217047,0.040993335304801815,0.05183258439481548
rough_seed_29,wm020_ws040_we040,lm080_ls020_le000,lm100_ls000_le000,0.29824733774587364,-0.008358678613291204,0.05183258439481548,0.0024995243415778523,0.022562390047419494,0.6050154792956448,0.04858503147217047,0.040993335304801815,0.05183258439481548
rough_seed_29,wm020_ws020_we060,lm080_ls020_le000,lm100_ls000_le000,0.44497537759300243,-0.008358678613291204,0.05183258439481548,0.0024995243415778523,0.022562390047419494,0.6050154792956448,0.04858503147217047,0.040993335304801815,0.05183258439481548
rough_seed_29,wm020_ws000_we080,lm080_ls000_le020,lm100_ls000_le000,0.7157867109914122,-0.009442104392400452,0.05855096187159794,-0.001071544060210039,0.009672478334094846,0.8250512883044507,0.0662547392260003,0.04482605981056436,0.0662547392260003
rough_seed_29,wm000_ws100_we000,lm080_ls020_le000,lm100_ls000_le000,0.7069367766043643,-0.008358678613291204,0.05183258439481548,0.0024995243415778523,0.022562390047419494,0.6050154792956448,0.04858503147217047,0.040993335304801815,0.05183258439481548
rough_seed_29,wm000_ws080_we020,lm080_ls020_le000,lm100_ls000_le000,0.5136773359357775,-0.008358678613291204,0.05183258439481548,0.0024995243415778523,0.022562390047419494,0.6050154792956448,0.04858503147217047,0.040993335304801815,0.05183258439481548
rough_seed_29,wm000_ws060_we040,lm080_ls020_le000,lm100_ls000_le000,0.32041789526719044,-0.008358678613291204,0.05183258439481548,0.0024995243415778523,0.022562390047419494,0.6050154792956448,0.04858503147217047,0.040993335304801815,0.05183258439481548
rough_seed_29,wm000_ws040_we060,lm080_ls020_le000,lm100_ls000_le000,0.44718349356717213,-0.008358678613291204,0.05183258439481548,0.0024995243415778523,0.022562390047419494,0.6050154792956448,0.04858503147217047,0.040993335304801815,0.05183258439481548
rough_seed_29,wm000_ws020_we080,lm040_ls040_le020,lm100_ls000_le000,0.6332431987151041,-0.02068362497174636,0.12826019357102975,-0.0005963941294861441,0.005383455062879402,0.7184271598787575,0.057692418405240524,0.0637786890130499,0.12826019357102975
rough_seed_29,wm000_ws000_we100,lm080_ls000_le020,lm100_ls000_le000,1.01,-0.009442104392400452,0.05855096187159794,-0.001071544060210039,0.009672478334094846,0.8250512883044507,0.0662547392260003,0.04482605981056436,0.0662547392260003
rough_seed_29,balanced,lm060_ls040_le000,lm100_ls000_le000,0.22013033405235882,-0.003813194764262562,0.023645811566223692,0.0016013869851230211,0.014455197404638435,0.5373046429258181,0.043147595193903834,0.027082868054921983,0.043147595193903834
rough_seed_29,motion,lm060_ls040_le000,lm100_ls000_le000,0.021308297543392918,-0.003813194764262562,0.023645811566223692,0.0016013869851230211,0.014455197404638435,0.5373046429258181,0.043147595193903834,0.027082868054921983,0.043147595193903834
rough_seed_29,stability,lm080_ls020_le000,lm100_ls000_le000,0.4347314348326203,-0.008358678613291204,0.05183258439481548,0.0024995243415778523,0.022562390047419494,0.6050154792956448,0.04858503147217047,0.040993335304801815,0.05183258439481548
rough_seed_29,energy,lm080_ls000_le020,lm100_ls000_le000,0.5558651539577645,-0.009442104392400452,0.05855096187159794,-0.001071544060210039,0.009672478334094846,0.8250512883044507,0.0662547392260003,0.04482605981056436,0.0662547392260003
rough_seed_18,wm100_ws000_we000,lm000_ls100_le000,lm100_ls000_le000,0.6623184343415022,0.007514099183961953,0.04659530508619082,0.001813831851186276,0.016372867839752163,0.8060926168016778,0.064732286192724,0.04256681970622233,0.064732286192724
rough_seed_18,wm080_ws020_we000,lm000_ls100_le000,lm100_ls000_le000,3.480226257741588,0.007514099183961953,0.04659530508619082,0.001813831851186276,0.016372867839752163,0.8060926168016778,0.064732286192724,0.04256681970622233,0.064732286192724
rough_seed_18,wm080_ws000_we020,lm000_ls100_le000,lm100_ls000_le000,0.5343276184312944,0.007514099183961953,0.04659530508619082,0.001813831851186276,0.016372867839752163,0.8060926168016778,0.064732286192724,0.04256681970622233,0.064732286192724
rough_seed_18,wm060_ws040_we000,lm000_ls100_le000,lm100_ls000_le000,6.953894907222369,0.007514099183961953,0.04659530508619082,0.001813831851186276,0.016372867839752163,0.8060926168016778,0.064732286192724,0.04256681970622233,0.064732286192724
rough_seed_18,wm060_ws020_we020,lm000_ls100_le000,lm100_ls000_le000,3.4833876070475194,0.007514099183961953,0.04659530508619082,0.001813831851186276,0.016372867839752163,0.8060926168016778,0.064732286192724,0.04256681970622233,0.064732286192724
rough_seed_18,wm060_ws000_we040,lm000_ls100_le000,lm080_ls020_le000,0.9464926417888249,0.009081559647929893,0.05631520586751357,0.0005144563261768875,0.004643829268027103,0.8401889870621346,0.06747035369493014,0.0428097962768236,0.06747035369493014
rough_seed_18,wm040_ws060_we000,lm040_ls040_le020,lm100_ls000_le000,10.629563556703149,-0.003944498044042177,0.024460029775268247,0.0019192695848986308,0.01732461983278631,0.4456562776565818,0.0357878848007703,0.025857511469608286,0.0357878848007703
rough_seed_18,wm040_ws040_we020,lm000_ls100_le000,lm100_ls000_le000,6.9570562565283005,0.007514099183961953,0.04659530508619082,0.001813831851186276,0.016372867839752163,0.8060926168016778,0.064732286192724,0.04256681970622233,0.064732286192724
rough_seed_18,wm040_ws020_we040,lm000_ls100_le000,lm100_ls000_le000,3.4865489563534506,0.007514099183961953,0.04659530508619082,0.001813831851186276,0.016372867839752163,0.8060926168016778,0.064732286192724,0.04256681970622233,0.064732286192724
rough_seed_18,wm040_ws000_we060,lm000_ls100_le000,lm100_ls000_le000,1.357902943606415,0.007514099183961953,0.04659530508619082,0.001813831851186276,0.016372867839752163,0.8060926168016778,0.064732286192724,0.04256681970622233,0.064732286192724
rough_seed_18,wm020_ws080_we000,lm040_ls040_le020,lm100_ls000_le000,14.50723220618393,-0.003944498044042177,0.024460029775268247,0.0019192695848986308,0.01732461983278631,0.4456562776565818,0.0357878848007703,0.025857511469608286,0.0357878848007703
rough_seed_18,wm020_ws060_we020,lm040_ls040_le020,lm100_ls000_le000,10.832724906009078,-0.003944498044042177,0.024460029775268247,0.0019192695848986308,0.01732461983278631,0.4456562776565818,0.0357878848007703,0.025857511469608286,0.0357878848007703
rough_seed_18,wm020_ws040_we040,lm000_ls100_le000,lm100_ls000_le000,6.960217605834232,0.007514099183961953,0.04659530508619082,0.001813831851186276,0.016372867839752163,0.8060926168016778,0.064732286192724,0.04256681970622233,0.064732286192724
rough_seed_18,wm020_ws020_we060,lm000_ls100_le000,lm100_ls000_le000,3.489710305659382,0.007514099183961953,0.04659530508619082,0.001813831851186276,0.016372867839752163,0.8060926168016778,0.064732286192724,0.04256681970622233,0.064732286192724
rough_seed_18,wm020_ws000_we080,lm000_ls100_le000,lm100_ls000_le000,1.8083513887216176,0.007514099183961953,0.04659530508619082,0.001813831851186276,0.016372867839752163,0.8060926168016778,0.064732286192724,0.04256681970622233,0.064732286192724
rough_seed_18,wm000_ws100_we000,lm040_ls040_le020,lm000_ls100_le000,1.01,-0.01145859722800413,0.07105533486145907,0.00010543773371235465,0.000951751993034152,-0.360436339145096,0.0289444013919537,0.03365049608214898,0.07105533486145907
rough_seed_18,wm000_ws080_we020,lm040_ls040_le020,lm080_ls020_le000,4.553090425441253,-0.002377037580074237,0.014740128993945502,0.0006198940598892422,0.005595581261061255,0.47975264791703864,0.03852595230297644,0.0196205541859944,0.03852595230297644
rough_seed_18,wm000_ws060_we040,lm040_ls040_le020,lm100_ls000_le000,10.635886255315011,-0.003944498044042177,0.024460029775268247,0.0019192695848986308,0.01732461983278631,0.4456562776565818,0.0357878848007703,0.025857511469608286,0.0357878848007703
rough_seed_18,wm000_ws040_we060,lm000_ls100_le000,lm100_ls000_le000,6.963378955140163,0.007514099183961953,0.04659530508619082,0.001813831851186276,0.016372867839752163,0.8060926168016778,0.064732286192724,0.04256681970622233,0.064732286192724
rough_seed_18,wm000_ws020_we080,lm000_ls100_le000,lm100_ls000_le000,3.492871654965313,0.007514099183961953,0.04659530508619082,0.001813831851186276,0.016372867839752163,0.8060926168016778,0.064732286192724,0.04256681970622233,0.064732286192724
rough_seed_18,wm000_ws000_we100,lm000_ls100_le000,lm100_ls000_le000,2.2587998338368203,0.007514099183961953,0.04659530508619082,0.001813831851186276,0.016372867839752163,0.8060926168016778,0.064732286192724,0.04256681970622233,0.064732286192724
rough_seed_18,balanced,lm000_ls100_le000,lm100_ls000_le000,5.801274272905326,0.007514099183961953,0.04659530508619082,0.001813831851186276,0.016372867839752163,0.8060926168016778,0.064732286192724,0.04256681970622233,0.064732286192724
rough_seed_18,motion,lm000_ls100_le000,lm100_ls000_le000,2.614180107350841,0.007514099183961953,0.04659530508619082,0.001813831851186276,0.016372867839752163,0.8060926168016778,0.064732286192724,0.04256681970622233,0.064732286192724
rough_seed_18,stability,lm040_ls040_le020,lm100_ls000_le000,12.720768893422987,-0.003944498044042177,0.024460029775268247,0.0019192695848986308,0.01732461983278631,0.4456562776565818,0.0357878848007703,0.025857511469608286,0.0357878848007703
rough_seed_18,energy,lm000_ls100_le000,lm100_ls000_le000,2.622873817942152,0.007514099183961953,0.04659530508619082,0.001813831851186276,0.016372867839752163,0.8060926168016778,0.064732286192724,0.04256681970622233,0.064732286192724
rough_seed_10,wm100_ws000_we000,lm060_ls040_le000,lm000_ls100_le000,0.08372611165496771,0.009575945545956976,0.05938091756294213,0.0008265329756191042,0.00746084327836567,0.3846349501539805,0.030887641387760414,0.032576467409689405,0.05938091756294213
rough_seed_10,wm080_ws020_we000,lm080_ls020_le000,lm000_ls100_le000,0.12384447069482271,0.0029560488333819634,0.018330606752582954,0.009709803418204849,0.08764722485839466,0.9710432224276531,0.07797844375388523,0.06131875845495428,0.08764722485839466
rough_seed_10,wm080_ws000_we020,lm100_ls000_le000,lm000_ls100_le000,0.17492380909658556,0.008426951128112314,0.05225594567594962,0.0021800285928014196,0.01967840624999197,0.8396363759441954,0.06742597693189556,0.04645344295261239,0.06742597693189556
rough_seed_10,wm060_ws040_we000,lm080_ls000_le020,lm000_ls100_le000,0.2787847768600343,-0.01815426524351249,0.11257550731331656,0.011580170289563346,0.10453041586453742,0.6033778048899592,0.04845352002285344,0.08851981440023582,0.11257550731331656
rough_seed_10,wm060_ws020_we020,lm080_ls020_le000,lm000_ls100_le000,0.12578958016010988,0.0029560488333819634,0.018330606752582954,0.009709803418204849,0.08764722485839466,0.9710432224276531,0.07797844375388523,0.06131875845495428,0.08764722485839466
rough_seed_10,wm060_ws000_we040,lm080_ls020_le000,lm000_ls100_le000,0.36901968018537257,0.0029560488333819634,0.018330606752582954,0.009709803418204849,0.08764722485839466,0.9710432224276531,0.07797844375388523,0.06131875845495428,0.08764722485839466
rough_seed_10,wm040_ws060_we000,lm020_ls040_le040,lm000_ls100_le000,0.47559469995267134,-0.03302708498523543,0.2048026068486334,0.012479900925894016,0.11265199052449487,0.6733528657920687,0.05407278209554287,0.1238424598228904,0.2048026068486334
rough_seed_10,wm040_ws040_we020,lm060_ls020_le020,lm000_ls100_le000,0.3055700173142297,-0.021611512420431467,0.13401407007686703,0.011959931417609343,0.10795839556183172,0.8438809309957094,0.06776683075765759,0.10324643213211877,0.13401407007686703
rough_seed_10,wm040_ws020_we040,lm080_ls020_le000,lm000_ls100_le000,0.3165721132890958,0.0029560488333819634,0.018330606752582954,0.009709803418204849,0.08764722485839466,0.9710432224276531,0.07797844375388523,0.06131875845495428,0.08764722485839466
rough_seed_10,wm040_ws000_we060,lm080_ls020_le000,lm000_ls100_le000,0.5820551642298637,0.0029560488333819634,0.018330606752582954,0.009709803418204849,0.08764722485839466,0.9710432224276531,0.07797844375388523,0.06131875845495428,0.08764722485839466
rough_seed_10,wm020_ws080_we000,lm040_ls000_le060,lm000_ls100_le000,0.6966088269732125,-0.04414624829065783,0.2737530949690412,0.013691705575702318,0.12359055540079932,0.433593951917004,0.03481923441786236,0.1440542949292343,0.2737530949690412
rough_seed_10,wm020_ws060_we020,lm040_ls000_le060,lm000_ls100_le000,0.5231569281928876,-0.04414624829065783,0.2737530949690412,0.013691705575702318,0.12359055540079932,0.433593951917004,0.03481923441786236,0.1440542949292343,0.2737530949690412
rough_seed_10,wm020_ws040_we040,lm060_ls020_le020,lm000_ls100_le000,0.3076790575052877,-0.021611512420431467,0.13401407007686703,0.011959931417609343,0.10795839556183172,0.8438809309957094,0.06776683075765759,0.10324643213211877,0.13401407007686703
rough_seed_10,wm020_ws020_we060,lm060_ls020_le020,lm000_ls100_le000,0.5267982700790274,-0.021611512420431467,0.13401407007686703,0.011959931417609343,0.10795839556183172,0.8438809309957094,0.06776683075765759,0.10324643213211877,0.13401407007686703
rough_seed_10,wm020_ws000_we080,lm080_ls020_le000,lm000_ls100_le000,0.7950906482743548,0.0029560488333819634,0.018330606752582954,0.009709803418204849,0.08764722485839466,0.9710432224276531,0.07797844375388523,0.06131875845495428,0.08764722485839466
rough_seed_10,wm000_ws100_we000,lm000_ls000_le100,lm000_ls100_le000,1.062623275136013,-0.10594004833267068,0.656939541527828,0.01669020362739118,0.15065701819664656,-0.001804939335642075,0.00014494345587590644,0.2692471677267835,0.656939541527828
rough_seed_10,wm000_ws080_we020,lm040_ls000_le060,lm000_ls100_le000,0.698264549134874,-0.04414624829065783,0.2737530949690412,0.013691705575702318,0.12359055540079932,0.433593951917004,0.03481923441786236,0.1440542949292343,0.2737530949690412
rough_seed_10,wm000_ws060_we040,lm020_ls040_le040,lm000_ls100_le000,0.4795069203355542,-0.03302708498523543,0.2048026068486334,0.012479900925894016,0.11265199052449487,0.6733528657920687,0.05407278209554287,0.1238424598228904,0.2048026068486334
rough_seed_10,wm000_ws040_we060,lm060_ls020_le020,lm000_ls100_le000,0.48783400793090237,-0.021611512420431467,0.13401407007686703,0.011959931417609343,0.10795839556183172,0.8438809309957094,0.06776683075765759,0.10324643213211877,0.13401407007686703
rough_seed_10,wm000_ws020_we080,lm080_ls020_le000,lm000_ls100_le000,0.7197202064053516,0.0029560488333819634,0.018330606752582954,0.009709803418204849,0.08764722485839466,0.9710432224276531,0.07797844375388523,0.06131875845495428,0.08764722485839466
rough_seed_10,wm000_ws000_we100,lm080_ls020_le000,lm000_ls100_le000,1.0081261323188457,0.0029560488333819634,0.018330606752582954,0.009709803418204849,0.08764722485839466,0.9710432224276531,0.07797844375388523,0.06131875845495428,0.08764722485839466
rough_seed_10,balanced,lm060_ls020_le020,lm000_ls100_le000,0.2560874033297659,-0.021611512420431467,0.13401407007686703,0.011959931417609343,0.10795839556183172,0.8438809309957094,0.06776683075765759,0.10324643213211877,0.13401407007686703
rough_seed_10,motion,lm080_ls020_le000,lm000_ls100_le000,0.09440616000213395,0.0029560488333819634,0.018330606752582954,0.009709803418204849,0.08764722485839466,0.9710432224276531,0.07797844375388523,0.06131875845495428,0.08764722485839466
rough_seed_10,stability,lm040_ls000_le060,lm000_ls100_le000,0.6102968081234654,-0.04414624829065783,0.2737530949690412,0.013691705575702318,0.12359055540079932,0.433593951917004,0.03481923441786236,0.1440542949292343,0.2737530949690412
rough_seed_10,energy,lm080_ls020_le000,lm000_ls100_le000,0.6406411529651291,0.0029560488333819634,0.018330606752582954,0.009709803418204849,0.08764722485839466,0.9710432224276531,0.07797844375388523,0.06131875845495428,0.08764722485839466
rough_seed_8,wm100_ws000_we000,lm080_ls020_le000,lm100_ls000_le000,0.24128272130546916,0.0028282117892759473,0.0175378828444197,0.005665616233985815,0.05114166771806106,-0.3130595306706141,0.025139864467603534,0.031273138343361435,0.05114166771806106
rough_seed_8,wm080_ws020_we000,lm080_ls020_le000,lm100_ls000_le000,0.2039111502677661,0.0028282117892759473,0.0175378828444197,0.005665616233985815,0.05114166771806106,-0.3130595306706141,0.025139864467603534,0.031273138343361435,0.05114166771806106
rough_seed_8,wm080_ws000_we020,lm100_ls000_le000,lm100_ls000_le000,0.0,0.0,0.0,0.0,0.0,0.0,0.0,0.0,0.0
rough_seed_8,wm060_ws040_we000,lm080_ls020_le000,lm080_ls020_le000,0.0,0.0,0.0,0.0,0.0,0.0,0.0,0.0,0.0
rough_seed_8,wm060_ws020_we020,lm080_ls020_le000,lm060_ls040_le000,0.1911844239295289,0.007609348972077434,0.04718595378911302,0.004004818911154395,0.03615019259452686,0.05585883889966681,0.004485676050964384,0.029273940811534754,0.04718595378911302
rough_seed_8,wm060_ws000_we040,lm100_ls000_le000,lm100_ls000_le000,0.0,0.0,0.0,0.0,0.0,0.0,0.0,0.0,0.0
rough_seed_8,wm040_ws060_we000,lm080_ls020_le000,lm040_ls000_le060,1.8458359816079535,0.05396239900501776,0.33462353680242474,0.00411911414056787,0.037181898308966205,1.3503185100367432,0.10843568396624619,0.16008037302587905,0.33462353680242474
rough_seed_8,wm040_ws040_we020,lm080_ls020_le000,lm000_ls020_le080,1.9085704631722256,0.06146079413623795,0.3811214602716476,0.0038512260204964233,0.03476375972412391,1.785796364517779,0.14340620288590433,0.18643047429389195,0.3811214602716476
rough_seed_8,wm040_ws020_we040,lm100_ls000_le000,lm080_ls000_le020,0.9018389656513419,0.029313364764187888,0.1817736419031339,-0.0001234201986118899,0.0011140738317649663,0.6310107486106062,0.05067254992585582,0.07785342188691823,0.1817736419031339
rough_seed_8,wm040_ws000_we060,lm100_ls000_le000,lm100_ls000_le000,0.0,0.0,0.0,0.0,0.0,0.0,0.0,0.0,0.0
rough_seed_8,wm020_ws080_we000,lm080_ls020_le000,lm000_ls000_le100,1.1664983325949219,0.06815394025893085,0.42262599433994713,0.002561832095549832,0.023124821796816672,1.9044268032519653,0.1529326758385763,0.19956116399178003,0.42262599433994713
rough_seed_8,wm020_ws060_we020,lm080_ls020_le000,lm000_ls000_le100,0.974652242207753,0.06815394025893085,0.42262599433994713,0.002561832095549832,0.023124821796816672,1.9044268032519653,0.1529326758385763,0.19956116399178003,0.42262599433994713
rough_seed_8,wm020_ws040_we040,lm040_ls060_le000,lm000_ls020_le080,1.8506020740027018,0.049622010605807176,0.307708571122248,-7.946799805441662e-05,0.0007173316692965183,2.2062806992559274,0.1771726854568812,0.16186619608280856,0.307708571122248
rough_seed_8,wm020_ws020_we060,lm040_ls060_le000,lm100_ls000_le000,0.0006230989663301711,-0.009010571741154827,0.05587500630497994,0.0017349222154349753,0.015660576324640626,0.1074248040675343,0.008626618103373326,0.02672073357766463,0.05587500630497994
rough_seed_8,wm020_ws000_we080,lm040_ls060_le000,lm100_ls000_le000,0.004904601875305503,-0.009010571741154827,0.05587500630497994,0.0017349222154349753,0.015660576324640626,0.1074248040675343,0.008626618103373326,0.02672073357766463,0.05587500630497994
rough_seed_8,wm000_ws100_we000,lm080_ls020_le000,lm000_ls000_le100,0.45669355453061355,0.06815394025893085,0.42262599433994713,0.002561832095549832,0.023124821796816672,1.9044268032519653,0.1529326758385763,0.19956116399178003,0.42262599433994713
rough_seed_8,wm000_ws080_we020,lm080_ls020_le000,lm000_ls000_le100,0.9185009564914195,0.06815394025893085,0.42262599433994713,0.002561832095549832,0.023124821796816672,1.9044268032519653,0.1529326758385763,0.19956116399178003,0.42262599433994713
rough_seed_8,wm000_ws060_we040,lm080_ls020_le000,lm000_ls000_le100,1.8324801946211497,0.06815394025893085,0.42262599433994713,0.002561832095549832,0.023124821796816672,1.9044268032519653,0.1529326758385763,0.19956116399178003,0.42262599433994713
rough_seed_8,wm000_ws040_we060,lm040_ls060_le000,lm000_ls000_le100,3.0721721139648412,0.05631515672850007,0.3492131051905475,-0.001368861923001008,0.012356269596603763,2.3249111379901137,0.18669915840955317,0.18275617773223482,0.3492131051905475
rough_seed_8,wm000_ws020_we080,lm040_ls060_le000,lm100_ls000_le000,0.06828315491534453,-0.009010571741154827,0.05587500630497994,0.0017349222154349753,0.015660576324640626,0.1074248040675343,0.008626618103373326,0.02672073357766463,0.05587500630497994
rough_seed_8,wm000_ws000_we100,lm040_ls060_le000,lm100_ls000_le000,0.2580335178854549,-0.009010571741154827,0.05587500630497994,0.0017349222154349753,0.015660576324640626,0.1074248040675343,0.008626618103373326,0.02672073357766463,0.05587500630497994
rough_seed_8,balanced,lm080_ls020_le000,lm000_ls020_le080,1.4493936253831086,0.06146079413623795,0.3811214602716476,0.0038512260204964233,0.03476375972412391,1.785796364517779,0.14340620288590433,0.18643047429389195,0.3811214602716476
rough_seed_8,motion,lm080_ls020_le000,lm080_ls020_le000,0.0,0.0,0.0,0.0,0.0,0.0,0.0,0.0,0.0
rough_seed_8,stability,lm080_ls020_le000,lm000_ls000_le100,0.732119611246237,0.06815394025893085,0.42262599433994713,0.002561832095549832,0.023124821796816672,1.9044268032519653,0.1529326758385763,0.19956116399178003,0.42262599433994713
rough_seed_8,energy,lm040_ls060_le000,lm100_ls000_le000,0.02994113245695762,-0.009010571741154827,0.05587500630497994,0.0017349222154349753,0.015660576324640626,0.1074248040675343,0.008626618103373326,0.02672073357766463,0.05587500630497994
rough_seed_22,wm100_ws000_we000,lm100_ls000_le000,lm100_ls000_le000,0.0,0.0,0.0,0.0,0.0,0.0,0.0,0.0,0.0
rough_seed_22,wm080_ws020_we000,lm080_ls020_le000,lm100_ls000_le000,0.001934995035306586,-0.000506678891972534,0.0031419411660926627,4.558902214041316e-05,0.00041151721641691696,0.003937637925758963,0.0003162072196429312,0.001289888534050837,0.0031419411660926627
rough_seed_22,wm080_ws000_we020,lm080_ls020_le000,lm100_ls000_le000,0.0009857967170205373,-0.000506678891972534,0.0031419411660926627,4.558902214041316e-05,0.00041151721641691696,0.003937637925758963,0.0003162072196429312,0.001289888534050837,0.0031419411660926627
rough_seed_22,wm060_ws040_we000,lm080_ls000_le020,lm100_ls000_le000,0.13048362317478424,-0.014021906245982763,0.08695054236388686,0.0014908750201165777,0.013457641982630358,0.04203885758482784,0.003375879276991013,0.03459468787450274,0.08695054236388686
rough_seed_22,wm060_ws020_we020,lm080_ls000_le020,lm100_ls000_le000,0.010293399762027117,-0.014021906245982763,0.08695054236388686,0.0014908750201165777,0.013457641982630358,0.04203885758482784,0.003375879276991013,0.03459468787450274,0.08695054236388686
rough_seed_22,wm060_ws000_we040,lm040_ls040_le020,lm100_ls000_le000,0.08920302072395808,-0.02377585544686589,0.1474352694992983,0.002449490202917848,0.022110748215669593,0.3140732605197627,0.02522127080894624,0.06492242950797138,0.1474352694992983
rough_seed_22,wm040_ws060_we000,lm040_ls040_le020,lm100_ls000_le000,0.32400886054055494,-0.02377585544686589,0.1474352694992983,0.002449490202917848,0.022110748215669593,0.3140732605197627,0.02522127080894624,0.06492242950797138,0.1474352694992983
rough_seed_22,wm040_ws040_we020,lm040_ls040_le020,lm100_ls000_le000,0.19467165723668428,-0.02377585544686589,0.1474352694992983,0.002449490202917848,0.022110748215669593,0.3140732605197627,0.02522127080894624,0.06492242950797138,0.1474352694992983
rough_seed_22,wm040_ws020_we040,lm040_ls040_le020,lm100_ls000_le000,0.17029564991475873,-0.02377585544686589,0.1474352694992983,0.002449490202917848,0.022110748215669593,0.3140732605197627,0.02522127080894624,0.06492242950797138,0.1474352694992983
rough_seed_22,wm040_ws000_we060,lm040_ls040_le020,lm100_ls000_le000,0.2548605889412816,-0.02377585544686589,0.1474352694992983,0.002449490202917848,0.022110748215669593,0.3140732605197627,0.02522127080894624,0.06492242950797138,0.1474352694992983
rough_seed_22,wm020_ws080_we000,lm040_ls020_le040,lm000_ls080_le020,0.2635414154174984,-0.016205405738090484,0.10049053198865211,0.0026155964500135798,0.023610135068578227,0.46900468681567986,0.03766285037213144,0.05392117247645393,0.10049053198865211
rough_seed_22,wm020_ws060_we020,lm040_ls020_le040,lm100_ls000_le000,0.40599999999999997,-0.046107194951423125,0.28591302334889646,0.004552348101255876,0.04109255980572953,0.740798652443857,0.05948893387889448,0.12883150567784016,0.28591302334889646
rough_seed_22,wm020_ws040_we040,lm040_ls020_le040,lm100_ls000_le000,0.20600000000000002,-0.046107194951423125,0.28591302334889646,0.004552348101255876,0.04109255980572953,0.740798652443857,0.05948893387889448,0.12883150567784016,0.28591302334889646
rough_seed_22,wm020_ws020_we060,lm040_ls020_le040,lm100_ls000_le000,0.40599999999999997,-0.046107194951423125,0.28591302334889646,0.004552348101255876,0.04109255980572953,0.740798652443857,0.05948893387889448,0.12883150567784016,0.28591302334889646
rough_seed_22,wm020_ws000_we080,lm040_ls020_le040,lm100_ls000_le000,0.6060000000000001,-0.046107194951423125,0.28591302334889646,0.004552348101255876,0.04109255980572953,0.740798652443857,0.05948893387889448,0.12883150567784016,0.28591302334889646
rough_seed_22,wm000_ws100_we000,lm040_ls020_le040,lm000_ls100_le000,1.1399914446873924,-0.03706396061938744,0.22983547468325036,0.005138255335317421,0.046381353087957114,1.2083823676234147,0.09703767485378796,0.12441816754166514,0.22983547468325036
rough_seed_22,wm000_ws080_we020,lm040_ls020_le040,lm000_ls100_le000,0.9152555330872297,-0.03706396061938744,0.22983547468325036,0.005138255335317421,0.046381353087957114,1.2083823676234147,0.09703767485378796,0.12441816754166514,0.22983547468325036
rough_seed_22,wm000_ws060_we040,lm040_ls020_le040,lm020_ls080_le000,0.6590317916858501,-0.03960330522252242,0.24558207764992288,0.004908615452531739,0.04430846885167737,1.0382577018371535,0.08337602069075624,0.12442218906411882,0.24558207764992288
rough_seed_22,wm000_ws040_we060,lm040_ls020_le040,lm060_ls040_le000,0.6296517849950888,-0.04362225091677363,0.27050376102990314,0.0047206291084752605,0.04261157750813749,0.764641027199275,0.06140356675607614,0.12483963509803893,0.27050376102990314
rough_seed_22,wm000_ws020_we080,lm040_ls020_le040,lm100_ls000_le000,0.81,-0.046107194951423125,0.28591302334889646,0.004552348101255876,0.04109255980572953,0.740798652443857,0.05948893387889448,0.12883150567784016,0.28591302334889646
rough_seed_22,wm000_ws000_we100,lm040_ls020_le040,lm100_ls000_le000,1.01,-0.046107194951423125,0.28591302334889646,0.004552348101255876,0.04109255980572953,0.740798652443857,0.05948893387889448,0.12883150567784016,0.28591302334889646
rough_seed_22,balanced,lm040_ls040_le020,lm100_ls000_le000,0.14280982795307348,-0.02377585544686589,0.1474352694992983,0.002449490202917848,0.022110748215669593,0.3140732605197627,0.02522127080894624,0.06492242950797138,0.1474352694992983
rough_seed_22,motion,lm080_ls020_le000,lm100_ls000_le000,0.000743379983356468,-0.000506678891972534,0.0031419411660926627,4.558902214041316e-05,0.00041151721641691696,0.003937637925758963,0.0003162072196429312,0.001289888534050837,0.0031419411660926627
rough_seed_22,stability,lm040_ls020_le040,lm020_ls080_le000,0.6131438092271119,-0.03960330522252242,0.24558207764992288,0.004908615452531739,0.04430846885167737,1.0382577018371535,0.08337602069075624,0.12442218906411882,0.24558207764992288
rough_seed_22,energy,lm040_ls020_le040,lm100_ls000_le000,0.5569999999999999,-0.046107194951423125,0.28591302334889646,0.004552348101255876,0.04109255980572953,0.740798652443857,0.05948893387889448,0.12883150567784016,0.28591302334889646
rough_seed_20,wm100_ws000_we000,lm100_ls000_le000,lm040_ls040_le020,0.16341876930168633,0.022850738051909403,0.14169857023526075,-0.0006290058263800913,0.005677830201856833,-0.04373771342356747,0.0035123038268024278,0.050296234754640005,0.14169857023526075
rough_seed_20,wm080_ws020_we000,lm080_ls000_le020,lm020_ls040_le040,0.1893162237219851,0.03628831432349333,0.22502565318484644,-0.0007009864095178786,0.00632757542160943,1.1706515562194681,0.0940077479804038,0.10845365886228654,0.22502565318484644
rough_seed_20,wm080_ws000_we020,lm060_ls020_le020,lm040_ls000_le060,0.46827370597573853,0.08141996399244888,0.5048892714155631,-0.0020748544842545402,0.01872903391524353,1.6315548172077712,0.13102002321477052,0.218212776181859,0.5048892714155631
rough_seed_20,wm060_ws040_we000,lm000_ls060_le040,lm020_ls000_le080,0.24986597106730293,0.05846397427385419,0.36253803032782017,-0.0018346799660751978,0.016561056965200056,1.229870424567821,0.09876324710548504,0.15928744479950174,0.36253803032782017
rough_seed_20,wm060_ws020_we020,lm080_ls000_le020,lm000_ls000_le100,0.4675793927457239,0.12019067492346114,0.7453083901962789,-0.00503843097573059,0.045480271190186855,0.7460369754553682,0.05990959103079405,0.2835660841390866,0.7453083901962789
rough_seed_20,wm060_ws000_we040,lm060_ls020_le020,lm020_ls000_le080,0.518103769239307,0.09444613674027735,0.5856652205254683,-0.0032239162614873806,0.02910123936859894,1.9822359595170838,0.1591810454015582,0.2579825017652085,0.5856652205254683
rough_seed_20,wm040_ws060_we000,lm060_ls000_le040,lm000_ls020_le080,0.16006260538331393,0.05559811049675645,0.344766665622607,0.0012442241344291227,0.011231204977856544,1.3187345977160305,0.10589937634003047,0.15396574898016469,0.344766665622607
rough_seed_20,wm040_ws040_we020,lm040_ls020_le040,lm000_ls000_le100,0.22684038878754761,0.07966238745726262,0.4939904513621719,-0.0025248434570460943,0.022790937435155482,0.22090759693685413,0.017739715622009652,0.17817370147311232,0.4939904513621719
rough_seed_20,wm040_ws020_we040,lm060_ls020_le020,lm000_ls000_le100,0.26043344469926727,0.12076963954516007,0.7488985787899766,-0.0053355368874379305,0.048162149239473456,1.2775815548900198,0.10259463133878682,0.2998851197894123,0.7488985787899766
rough_seed_20,wm040_ws000_we060,lm060_ls020_le020,lm000_ls000_le100,0.5265138881071278,0.12076963954516007,0.7488985787899766,-0.0053355368874379305,0.048162149239473456,1.2775815548900198,0.10259463133878682,0.2998851197894123,0.7488985787899766
rough_seed_20,wm020_ws080_we000,lm020_ls020_le060,lm000_ls040_le060,0.0020821733903538253,0.0016246921706075668,0.010074797458381336,-0.00022173331726671464,0.0020015142511161693,-0.011949383284360238,0.0009595806765465827,0.004345297462014696,0.010074797458381336
rough_seed_20,wm020_ws060_we020,lm000_ls040_le060,lm000_ls000_le100,0.07103511125494893,0.06102575841452662,0.37842378198975907,-0.00043792319680807656,0.00395298970001606,0.41088982802078533,0.03299600739013401,0.13845759302663638,0.37842378198975907
rough_seed_20,wm020_ws040_we040,lm000_ls060_le040,lm000_ls000_le100,0.15829380482092442,0.0847874770787369,0.5257713885923283,-0.003946300592025748,0.035621966836074576,0.525216019940757,0.04217683304271365,0.20119006282370552,0.5257713885923283
rough_seed_20,wm020_ws020_we060,lm060_ls020_le020,lm000_ls000_le100,0.4359245651984732,0.12076963954516007,0.7488985787899766,-0.0053355368874379305,0.048162149239473456,1.2775815548900198,0.10259463133878682,0.2998851197894123,0.7488985787899766
rough_seed_20,wm020_ws000_we080,lm060_ls020_le020,lm000_ls000_le100,0.7474541350822695,0.12076963954516007,0.7488985787899766,-0.0053355368874379305,0.048162149239473456,1.2775815548900198,0.10259463133878682,0.2998851197894123,0.7488985787899766
rough_seed_20,wm000_ws100_we000,lm000_ls000_le100,lm000_ls040_le060,0.060253460087195745,-0.06102575841452662,0.37842378198975907,0.00043792319680807656,0.00395298970001606,-0.41088982802078533,0.03299600739013401,0.13845759302663638,0.37842378198975907
rough_seed_20,wm000_ws080_we020,lm000_ls040_le060,lm000_ls020_le080,0.2324760539616332,0.037281478887093655,0.2311843163470953,0.002839946768638718,0.02563527213641244,1.4936042299738546,0.11994206925867167,0.12558721924739313,0.2311843163470953
rough_seed_20,wm000_ws060_we040,lm000_ls040_le060,lm000_ls000_le100,0.12422225459483943,0.06102575841452662,0.37842378198975907,-0.00043792319680807656,0.00395298970001606,0.41088982802078533,0.03299600739013401,0.13845759302663638,0.37842378198975907
rough_seed_20,wm000_ws040_we060,lm080_ls000_le020,lm000_ls000_le100,0.3013498499530522,0.12019067492346114,0.7453083901962789,-0.00503843097573059,0.045480271190186855,0.7460369754553682,0.05990959103079405,0.2835660841390866,0.7453083901962789
rough_seed_20,wm000_ws020_we080,lm060_ls020_le020,lm000_ls000_le100,0.6278931581501898,0.12076963954516007,0.7488985787899766,-0.0053355368874379305,0.048162149239473456,1.2775815548900198,0.10259463133878682,0.2998851197894123,0.7488985787899766
rough_seed_20,wm000_ws000_we100,lm060_ls020_le020,lm000_ls000_le100,0.968394382057411,0.12076963954516007,0.7488985787899766,-0.0053355368874379305,0.048162149239473456,1.2775815548900198,0.10259463133878682,0.2998851197894123,0.7488985787899766
rough_seed_20,balanced,lm000_ls060_le040,lm000_ls000_le100,0.14664333173774796,0.0847874770787369,0.5257713885923283,-0.003946300592025748,0.035621966836074576,0.525216019940757,0.04217683304271365,0.20119006282370552,0.5257713885923283
rough_seed_20,motion,lm080_ls000_le020,lm020_ls000_le080,0.47094371058539136,0.09386717211857842,0.5820750319317708,-0.00292681034978004,0.026419361319312336,1.4506913800824321,0.11649600509356545,0.24166346611488287,0.5820750319317708
rough_seed_20,stability,lm000_ls040_le060,lm000_ls020_le080,0.21979327482293448,0.037281478887093655,0.2311843163470953,0.002839946768638718,0.02563527213641244,1.4936042299738546,0.11994206925867167,0.12558721924739313,0.2311843163470953
rough_seed_20,energy,lm060_ls020_le020,lm000_ls000_le100,0.5690420194132078,0.12076963954516007,0.7488985787899766,-0.0053355368874379305,0.048162149239473456,1.2775815548900198,0.10259463133878682,0.2998851197894123,0.7488985787899766
rough_seed_28,wm100_ws000_we000,lm100_ls000_le000,lm040_ls060_le000,0.16581746798523445,0.004904235590049488,0.030411410328552834,-0.00011440103573734373,0.0010326607935753648,-0.0830668664449945,0.006670583577833577,0.01270488489998726,0.030411410328552834
rough_seed_28,wm080_ws020_we000,lm060_ls040_le000,lm060_ls040_le000,0.0,0.0,0.0,0.0,0.0,0.0,0.0,0.0,0.0
rough_seed_28,wm080_ws000_we020,lm040_ls060_le000,lm020_ls080_le000,0.18833404961342493,0.002143917552144714,0.013294540034158829,-5.930197658654546e-06,5.3529957843257227e-05,0.2395156695013867,0.01923401423439683,0.010860694742132972,0.01923401423439683
rough_seed_28,wm060_ws040_we000,lm000_ls100_le000,lm040_ls060_le000,0.08821787083126326,-0.002142144937663737,0.013283547963051007,0.00015149517455237405,0.0013674974720969727,0.14799581527999806,0.011884623764501412,0.008845223066549798,0.013283547963051007
rough_seed_28,wm060_ws020_we020,lm040_ls060_le000,lm000_ls080_le020,0.46754512139365323,0.0249676350043746,0.15482555417854893,-7.806354660183645e-05,0.0007046541446376563,-0.17461418707284793,0.01402217970406042,0.056517462675749,0.15482555417854893
rough_seed_28,wm060_ws000_we040,lm000_ls100_le000,lm020_ls080_le000,0.5073401405881988,1.7726144809770972e-06,1.0992071107820747e-05,0.0001455649768937195,0.0013139675142537154,0.38751148478138475,0.031118637998898243,0.010814532528086592,0.031118637998898243
rough_seed_28,wm040_ws060_we000,lm000_ls100_le000,lm020_ls080_le000,0.2374004299136997,1.7726144809770972e-06,1.0992071107820747e-05,0.0001455649768937195,0.0013139675142537154,0.38751148478138475,0.031118637998898243,0.010814532528086592,0.031118637998898243
rough_seed_28,wm040_ws040_we020,lm000_ls100_le000,lm040_ls060_le000,0.13668733122181184,-0.002142144937663737,0.013283547963051007,0.00015149517455237405,0.0013674974720969727,0.14799581527999806,0.011884623764501412,0.008845223066549798,0.013283547963051007
rough_seed_28,wm040_ws020_we040,lm000_ls100_le000,lm000_ls080_le020,0.30884085945771056,0.022825490066710863,0.14154200621549792,7.343162795053759e-05,0.0006628433274593164,-0.02661837179284987,0.002137555939559008,0.04811413516083874,0.14154200621549792
rough_seed_28,wm040_ws000_we060,lm000_ls100_le000,lm020_ls060_le020,1.1268539444367534,0.017424780581032806,0.10805193641389496,0.00028979414387592106,0.0026158771086258223,0.4919308164375451,0.03950390529937089,0.05005723960729722,0.10805193641389496
rough_seed_28,wm020_ws080_we000,lm000_ls100_le000,lm020_ls080_le000,0.3951626483673609,1.7726144809770972e-06,1.0992071107820747e-05,0.0001455649768937195,0.0013139675142537154,0.38751148478138475,0.031118637998898243,0.010814532528086592,0.031118637998898243
rough_seed_28,wm020_ws060_we020,lm000_ls100_le000,lm040_ls060_le000,0.2990982316039284,-0.002142144937663737,0.013283547963051007,0.00015149517455237405,0.0013674974720969727,0.14799581527999806,0.011884623764501412,0.008845223066549798,0.013283547963051007
rough_seed_28,wm020_ws040_we040,lm000_ls100_le000,lm020_ls060_le020,0.7709323803414263,0.017424780581032806,0.10805193641389496,0.00028979414387592106,0.0026158771086258223,0.4919308164375451,0.03950390529937089,0.05005723960729722,0.10805193641389496
rough_seed_28,wm020_ws020_we060,lm000_ls100_le000,lm000_ls080_le020,0.13948094995367097,0.022825490066710863,0.14154200621549792,7.343162795053759e-05,0.0006628433274593164,-0.02661837179284987,0.002137555939559008,0.04811413516083874,0.14154200621549792
rough_seed_28,wm020_ws000_we080,lm000_ls100_le000,lm020_ls060_le020,1.5436940897006022,0.017424780581032806,0.10805193641389496,0.00028979414387592106,0.0026158771086258223,0.4919308164375451,0.03950390529937089,0.05005723960729722,0.10805193641389496
rough_seed_28,wm000_ws100_we000,lm000_ls100_le000,lm000_ls100_le000,0.0,0.0,0.0,0.0,0.0,0.0,0.0,0.0,0.0
rough_seed_28,wm000_ws080_we020,lm000_ls100_le000,lm000_ls100_le000,0.0,0.0,0.0,0.0,0.0,0.0,0.0,0.0,0.0
rough_seed_28,wm000_ws060_we040,lm000_ls100_le000,lm020_ls080_le000,0.6108367038277125,1.7726144809770972e-06,1.0992071107820747e-05,0.0001455649768937195,0.0013139675142537154,0.38751148478138475,0.031118637998898243,0.010814532528086592,0.031118637998898243
rough_seed_28,wm000_ws040_we060,lm000_ls100_le000,lm020_ls080_le000,0.913517803925623,1.7726144809770972e-06,1.0992071107820747e-05,0.0001455649768937195,0.0013139675142537154,0.38751148478138475,0.031118637998898243,0.010814532528086592,0.031118637998898243
rough_seed_28,wm000_ws020_we080,lm000_ls080_le020,lm020_ls080_le000,1.2438794152587576,-0.022823717452229886,0.14153101414439012,7.213334894318191e-05,0.0006511241867943992,0.4141298565742346,0.03325619393845725,0.05847944408988059,0.14153101414439012
rough_seed_28,wm000_ws000_we100,lm000_ls080_le020,lm020_ls060_le020,2.0324920011103353,-0.005400709485678057,0.033490069801602976,0.00021636251592538347,0.001953033781166506,0.518549188230395,0.041641461238929894,0.025694854940566458,0.041641461238929894
rough_seed_28,balanced,lm000_ls100_le000,lm020_ls060_le020,0.6041013760693854,0.017424780581032806,0.10805193641389496,0.00028979414387592106,0.0026158771086258223,0.4919308164375451,0.03950390529937089,0.05005723960729722,0.10805193641389496
rough_seed_28,motion,lm060_ls040_le000,lm020_ls080_le000,0.13465516922130913,0.006531647137133945,0.04050307077655977,-5.2290319659809015e-06,4.7200764091143054e-05,0.22647711896188127,0.01818696930746232,0.01957908028270441,0.04050307077655977
rough_seed_28,stability,lm000_ls100_le000,lm020_ls080_le000,0.3539202353399815,1.7726144809770972e-06,1.0992071107820747e-05,0.0001455649768937195,0.0013139675142537154,0.38751148478138475,0.031118637998898243,0.010814532528086592,0.031118637998898243
rough_seed_28,energy,lm000_ls100_le000,lm000_ls080_le020,0.07852754187145866,0.022825490066710863,0.14154200621549792,7.343162795053759e-05,0.0006628433274593164,-0.02661837179284987,0.002137555939559008,0.04811413516083874,0.14154200621549792
rough_seed_17,wm100_ws000_we000,lm060_ls040_le000,lm100_ls000_le000,0.0005174753795976763,1.7643257362642828e-05,0.00010940672187042662,-0.0008682229722553059,0.007837165264727207,-0.28165837124947757,0.02261823259049076,0.010188268192362798,0.02261823259049076
rough_seed_17,wm080_ws020_we000,lm100_ls000_le000,lm100_ls000_le000,0.0,0.0,0.0,0.0,0.0,0.0,0.0,0.0,0.0
rough_seed_17,wm080_ws000_we020,lm100_ls000_le000,lm100_ls000_le000,0.0,0.0,0.0,0.0,0.0,0.0,0.0,0.0,0.0
rough_seed_17,wm060_ws040_we000,lm100_ls000_le000,lm100_ls000_le000,0.0,0.0,0.0,0.0,0.0,0.0,0.0,0.0,0.0
rough_seed_17,wm060_ws020_we020,lm100_ls000_le000,lm100_ls000_le000,0.0,0.0,0.0,0.0,0.0,0.0,0.0,0.0,0.0
rough_seed_17,wm060_ws000_we040,lm100_ls000_le000,lm100_ls000_le000,0.0,0.0,0.0,0.0,0.0,0.0,0.0,0.0,0.0
rough_seed_17,wm040_ws060_we000,lm100_ls000_le000,lm100_ls000_le000,0.0,0.0,0.0,0.0,0.0,0.0,0.0,0.0,0.0
rough_seed_17,wm040_ws040_we020,lm100_ls000_le000,lm100_ls000_le000,0.0,0.0,0.0,0.0,0.0,0.0,0.0,0.0,0.0
rough_seed_17,wm040_ws020_we040,lm100_ls000_le000,lm100_ls000_le000,0.0,0.0,0.0,0.0,0.0,0.0,0.0,0.0,0.0
rough_seed_17,wm040_ws000_we060,lm100_ls000_le000,lm100_ls000_le000,0.0,0.0,0.0,0.0,0.0,0.0,0.0,0.0,0.0
rough_seed_17,wm020_ws080_we000,lm100_ls000_le000,lm100_ls000_le000,0.0,0.0,0.0,0.0,0.0,0.0,0.0,0.0,0.0
rough_seed_17,wm020_ws060_we020,lm100_ls000_le000,lm100_ls000_le000,0.0,0.0,0.0,0.0,0.0,0.0,0.0,0.0,0.0
rough_seed_17,wm020_ws040_we040,lm100_ls000_le000,lm100_ls000_le000,0.0,0.0,0.0,0.0,0.0,0.0,0.0,0.0,0.0
rough_seed_17,wm020_ws020_we060,lm100_ls000_le000,lm100_ls000_le000,0.0,0.0,0.0,0.0,0.0,0.0,0.0,0.0,0.0
rough_seed_17,wm020_ws000_we080,lm020_ls060_le020,lm100_ls000_le000,0.09933582368630378,-0.02013282160681662,0.12484463433990052,-0.001541298884081721,0.013912801737450515,0.10405689169026289,0.008356162000273715,0.04903786602587492,0.12484463433990052
rough_seed_17,wm000_ws100_we000,lm060_ls000_le040,lm100_ls000_le000,0.09558765221788132,-0.03441817850119833,0.21342884735901435,0.00016111893288925372,0.0014543679961030384,-0.2824425261118648,0.022681203192023953,0.07918813951571378,0.21342884735901435
rough_seed_17,wm000_ws080_we020,lm100_ls000_le000,lm100_ls000_le000,0.0,0.0,0.0,0.0,0.0,0.0,0.0,0.0,0.0
rough_seed_17,wm000_ws060_we040,lm100_ls000_le000,lm060_ls020_le020,0.3059020165433167,0.019166960433078195,0.11885528086459561,0.0010008093917729943,0.009033979579510187,0.053769772586150566,0.004317916124048463,0.044069058856051425,0.11885528086459561
rough_seed_17,wm000_ws040_we060,lm100_ls000_le000,lm080_ls020_le000,0.3455529242874985,0.0015785412606676985,0.009788613356201356,0.0003161799396985132,0.0028540530716112795,0.21991563548010618,0.01766005736491615,0.010100907930909595,0.01766005736491615
rough_seed_17,wm000_ws020_we080,lm020_ls060_le020,lm100_ls000_le000,0.015726397965740768,-0.02013282160681662,0.12484463433990052,-0.001541298884081721,0.013912801737450515,0.10405689169026289,0.008356162000273715,0.04903786602587492,0.12484463433990052
rough_seed_17,wm000_ws000_we100,lm020_ls060_le020,lm100_ls000_le000,0.27192139435762674,-0.02013282160681662,0.12484463433990052,-0.001541298884081721,0.013912801737450515,0.10405689169026289,0.008356162000273715,0.04903786602587492,0.12484463433990052
rough_seed_17,balanced,lm100_ls000_le000,lm100_ls000_le000,0.0,0.0,0.0,0.0,0.0,0.0,0.0,0.0,0.0
rough_seed_17,motion,lm100_ls000_le000,lm100_ls000_le000,0.0,0.0,0.0,0.0,0.0,0.0,0.0,0.0,0.0
rough_seed_17,stability,lm100_ls000_le000,lm100_ls000_le000,0.0,0.0,0.0,0.0,0.0,0.0,0.0,0.0,0.0
rough_seed_17,energy,lm020_ls060_le020,lm100_ls000_le000,0.038109966463823725,-0.02013282160681662,0.12484463433990052,-0.001541298884081721,0.013912801737450515,0.10405689169026289,0.008356162000273715,0.04903786602587492,0.12484463433990052
