context_id,context_index,group,terrain,seed,mission,primary_metric,constraint_1,constraint_1_budget,constraint_1_budget_context_norm,constraint_2,constraint_2_budget,constraint_2_budget_context_norm,feasible_good_count,selected_source_beta_name,selected_primary_value,selected_cost_motion,selected_cost_stability,selected_cost_energy,selected_decision_time_s,selected_episode_energy_abs_j,selected_support_class,selected_beta_expressible,beta_hat_motion,beta_hat_stability,beta_hat_energy,max_margin
flat_train:flat:27100,0,flat_train,flat,27100,fast,decision_time_s,cost_stability,0.011197067652175504,0.0,cost_energy,0.5434552248821048,1.0,1,motion,6.955999999999997,0.19835416724562394,0.011197067652175504,0.5434552248821048,6.955999999999997,161.47141561246366,strict,True,1.0,-0.0,0.0,0.004676271638302865
flat_train:flat:27100,0,flat_train,flat,27100,fast,decision_time_s,cost_stability,0.011355144203711469,0.6160738839117204,cost_energy,0.5387056566710693,0.6691725821253447,1,balanced,6.9540000000000015,0.2030304388839268,0.011355144203711469,0.5387056566710693,6.9540000000000015,160.06022391263184,unsupported,False,0.0,0.9824414480515397,0.01755855194846044,-7.190541602776262e-05
flat_train:flat:27100,0,flat_train,flat,27100,fast,decision_time_s,cost_stability,0.011355144203711469,0.6160738839117204,cost_energy,0.5434552248821048,1.0,2,balanced,6.9540000000000015,0.2030304388839268,0.011355144203711469,0.5387056566710693,6.9540000000000015,160.06022391263184,unsupported,False,0.0,0.9824414480515397,0.01755855194846044,-7.190541602776262e-05
flat_train:flat:27100,0,flat_train,flat,27100,fast,decision_time_s,cost_stability,0.011441272882193914,0.9517443483372526,cost_energy,0.5314020918061686,0.16044854697598163,1,energy,7.14,0.2061011887426643,0.011441272882193914,0.5314020918061686,7.14,162.5340178111016,strict,True,0.5935537803390051,0.0,0.4064462196609949,0.0003006764778493364
flat_train:flat:27100,0,flat_train,flat,27100,fast,decision_time_s,cost_stability,0.011441272882193914,0.9517443483372526,cost_energy,0.5387056566710693,0.6691725821253447,2,balanced,6.9540000000000015,0.2030304388839268,0.011355144203711469,0.5387056566710693,6.9540000000000015,160.06022391263184,unsupported,False,0.0,0.9824414480515397,0.01755855194846044,-7.190541602776262e-05
flat_train:flat:27100,0,flat_train,flat,27100,fast,decision_time_s,cost_stability,0.011441272882193914,0.9517443483372526,cost_energy,0.5434552248821048,1.0,3,balanced,6.9540000000000015,0.2030304388839268,0.011355144203711469,0.5387056566710693,6.9540000000000015,160.06022391263184,unsupported,False,0.0,0.9824414480515397,0.01755855194846044,-7.190541602776262e-05
flat_train:flat:27100,0,flat_train,flat,27100,fast,decision_time_s,cost_stability,0.011453654655234728,1.0,cost_energy,0.5290985907145127,0.0,1,stability,7.1640000000000015,0.20818512086391436,0.011453654655234728,0.5290985907145127,7.1640000000000015,161.8294716807193,strict,True,0.0,0.0,1.0,0.0023035010916558907
flat_train:flat:27100,0,flat_train,flat,27100,fast,decision_time_s,cost_stability,0.011453654655234728,1.0,cost_energy,0.5314020918061686,0.16044854697598163,2,energy,7.14,0.2061011887426643,0.011441272882193914,0.5314020918061686,7.14,162.5340178111016,strict,True,0.5935537803390051,0.0,0.4064462196609949,0.0003006764778493364
flat_train:flat:27100,0,flat_train,flat,27100,fast,decision_time_s,cost_stability,0.011453654655234728,1.0,cost_energy,0.5387056566710693,0.6691725821253447,3,balanced,6.9540000000000015,0.2030304388839268,0.011355144203711469,0.5387056566710693,6.9540000000000015,160.06022391263184,unsupported,False,0.0,0.9824414480515397,0.01755855194846044,-7.190541602776262e-05
flat_train:flat:27100,0,flat_train,flat,27100,fast,decision_time_s,cost_stability,0.011453654655234728,1.0,cost_energy,0.5434552248821048,1.0,4,balanced,6.9540000000000015,0.2030304388839268,0.011355144203711469,0.5387056566710693,6.9540000000000015,160.06022391263184,unsupported,False,0.0,0.9824414480515397,0.01755855194846044,-7.190541602776262e-05
flat_train:flat:27100,0,flat_train,flat,27100,stable,cost_stability,decision_time_s,6.9540000000000015,0.0,cost_energy,0.5387056566710693,0.6691725821253447,1,balanced,0.011355144203711469,0.2030304388839268,0.011355144203711469,0.5387056566710693,6.9540000000000015,160.06022391263184,unsupported,False,0.0,0.9824414480515397,0.01755855194846044,-7.190541602776262e-05
flat_train:flat:27100,0,flat_train,flat,27100,stable,cost_stability,decision_time_s,6.9540000000000015,0.0,cost_energy,0.5434552248821048,1.0,1,balanced,0.011355144203711469,0.2030304388839268,0.011355144203711469,0.5387056566710693,6.9540000000000015,160.06022391263184,unsupported,False,0.0,0.9824414480515397,0.01755855194846044,-7.190541602776262e-05
flat_train:flat:27100,0,flat_train,flat,27100,stable,cost_stability,decision_time_s,6.955999999999997,0.009523809523787329,cost_energy,0.5387056566710693,0.6691725821253447,1,balanced,0.011355144203711469,0.2030304388839268,0.011355144203711469,0.5387056566710693,6.9540000000000015,160.06022391263184,unsupported,False,0.0,0.9824414480515397,0.01755855194846044,-7.190541602776262e-05
flat_train:flat:27100,0,flat_train,flat,27100,stable,cost_stability,decision_time_s,6.955999999999997,0.009523809523787329,cost_energy,0.5434552248821048,1.0,2,motion,0.011197067652175504,0.19835416724562394,0.011197067652175504,0.5434552248821048,6.955999999999997,161.47141561246366,strict,True,1.0,-0.0,0.0,0.004676271638302865
flat_train:flat:27100,0,flat_train,flat,27100,stable,cost_stability,decision_time_s,7.14,0.8857142857142771,cost_energy,0.5314020918061686,0.16044854697598163,1,energy,0.011441272882193914,0.2061011887426643,0.011441272882193914,0.5314020918061686,7.14,162.5340178111016,strict,True,0.5935537803390051,0.0,0.4064462196609949,0.0003006764778493364
flat_train:flat:27100,0,flat_train,flat,27100,stable,cost_stability,decision_time_s,7.14,0.8857142857142771,cost_energy,0.5387056566710693,0.6691725821253447,2,balanced,0.011355144203711469,0.2030304388839268,0.011355144203711469,0.5387056566710693,6.9540000000000015,160.06022391263184,unsupported,False,0.0,0.9824414480515397,0.01755855194846044,-7.190541602776262e-05
flat_train:flat:27100,0,flat_train,flat,27100,stable,cost_stability,decision_time_s,7.14,0.8857142857142771,cost_energy,0.5434552248821048,1.0,3,motion,0.011197067652175504,0.19835416724562394,0.011197067652175504,0.5434552248821048,6.955999999999997,161.47141561246366,strict,True,1.0,-0.0,0.0,0.004676271638302865
flat_train:flat:27100,0,flat_train,flat,27100,stable,cost_stability,decision_time_s,7.1640000000000015,1.0,cost_energy,0.5290985907145127,0.0,1,stability,0.011453654655234728,0.20818512086391436,0.011453654655234728,0.5290985907145127,7.1640000000000015,161.8294716807193,strict,True,0.0,0.0,1.0,0.0023035010916558907
flat_train:flat:27100,0,flat_train,flat,27100,stable,cost_stability,decision_time_s,7.1640000000000015,1.0,cost_energy,0.5314020918061686,0.16044854697598163,2,energy,0.011441272882193914,0.2061011887426643,0.011441272882193914,0.5314020918061686,7.14,162.5340178111016,strict,True,0.5935537803390051,0.0,0.4064462196609949,0.0003006764778493364
flat_train:flat:27100,0,flat_train,flat,27100,stable,cost_stability,decision_time_s,7.1640000000000015,1.0,cost_energy,0.5387056566710693,0.6691725821253447,3,balanced,0.011355144203711469,0.2030304388839268,0.011355144203711469,0.5387056566710693,6.9540000000000015,160.06022391263184,unsupported,False,0.0,0.9824414480515397,0.01755855194846044,-7.190541602776262e-05
flat_train:flat:27100,0,flat_train,flat,27100,stable,cost_stability,decision_time_s,7.1640000000000015,1.0,cost_energy,0.5434552248821048,1.0,4,motion,0.011197067652175504,0.19835416724562394,0.011197067652175504,0.5434552248821048,6.955999999999997,161.47141561246366,strict,True,1.0,-0.0,0.0,0.004676271638302865
flat_train:flat:27100,0,flat_train,flat,27100,efficient,cost_energy,decision_time_s,6.9540000000000015,0.0,cost_stability,0.011355144203711469,0.6160738839117204,1,balanced,0.5387056566710693,0.2030304388839268,0.011355144203711469,0.5387056566710693,6.9540000000000015,160.06022391263184,unsupported,False,0.0,0.9824414480515397,0.01755855194846044,-7.190541602776262e-05
flat_train:flat:27100,0,flat_train,flat,27100,efficient,cost_energy,decision_time_s,6.9540000000000015,0.0,cost_stability,0.011441272882193914,0.9517443483372526,1,balanced,0.5387056566710693,0.2030304388839268,0.011355144203711469,0.5387056566710693,6.9540000000000015,160.06022391263184,unsupported,False,0.0,0.9824414480515397,0.01755855194846044,-7.190541602776262e-05
flat_train:flat:27100,0,flat_train,flat,27100,efficient,cost_energy,decision_time_s,6.9540000000000015,0.0,cost_stability,0.011453654655234728,1.0,1,balanced,0.5387056566710693,0.2030304388839268,0.011355144203711469,0.5387056566710693,6.9540000000000015,160.06022391263184,unsupported,False,0.0,0.9824414480515397,0.01755855194846044,-7.190541602776262e-05
flat_train:flat:27100,0,flat_train,flat,27100,efficient,cost_energy,decision_time_s,6.955999999999997,0.009523809523787329,cost_stability,0.011197067652175504,0.0,1,motion,0.5434552248821048,0.19835416724562394,0.011197067652175504,0.5434552248821048,6.955999999999997,161.47141561246366,strict,True,1.0,-0.0,0.0,0.004676271638302865
flat_train:flat:27100,0,flat_train,flat,27100,efficient,cost_energy,decision_time_s,6.955999999999997,0.009523809523787329,cost_stability,0.011355144203711469,0.6160738839117204,2,balanced,0.5387056566710693,0.2030304388839268,0.011355144203711469,0.5387056566710693,6.9540000000000015,160.06022391263184,unsupported,False,0.0,0.9824414480515397,0.01755855194846044,-7.190541602776262e-05
flat_train:flat:27100,0,flat_train,flat,27100,efficient,cost_energy,decision_time_s,6.955999999999997,0.009523809523787329,cost_stability,0.011441272882193914,0.9517443483372526,2,balanced,0.5387056566710693,0.2030304388839268,0.011355144203711469,0.5387056566710693,6.9540000000000015,160.06022391263184,unsupported,False,0.0,0.9824414480515397,0.01755855194846044,-7.190541602776262e-05
flat_train:flat:27100,0,flat_train,flat,27100,efficient,cost_energy,decision_time_s,6.955999999999997,0.009523809523787329,cost_stability,0.011453654655234728,1.0,2,balanced,0.5387056566710693,0.2030304388839268,0.011355144203711469,0.5387056566710693,6.9540000000000015,160.06022391263184,unsupported,False,0.0,0.9824414480515397,0.01755855194846044,-7.190541602776262e-05
flat_train:flat:27100,0,flat_train,flat,27100,efficient,cost_energy,decision_time_s,7.14,0.8857142857142771,cost_stability,0.011197067652175504,0.0,1,motion,0.5434552248821048,0.19835416724562394,0.011197067652175504,0.5434552248821048,6.955999999999997,161.47141561246366,strict,True,1.0,-0.0,0.0,0.004676271638302865
flat_train:flat:27100,0,flat_train,flat,27100,efficient,cost_energy,decision_time_s,7.14,0.8857142857142771,cost_stability,0.011355144203711469,0.6160738839117204,2,balanced,0.5387056566710693,0.2030304388839268,0.011355144203711469,0.5387056566710693,6.9540000000000015,160.06022391263184,unsupported,False,0.0,0.9824414480515397,0.01755855194846044,-7.190541602776262e-05
flat_train:flat:27100,0,flat_train,flat,27100,efficient,cost_energy,decision_time_s,7.14,0.8857142857142771,cost_stability,0.011441272882193914,0.9517443483372526,3,energy,0.5314020918061686,0.2061011887426643,0.011441272882193914,0.5314020918061686,7.14,162.5340178111016,strict,True,0.5935537803390051,0.0,0.4064462196609949,0.0003006764778493364
flat_train:flat:27100,0,flat_train,flat,27100,efficient,cost_energy,decision_time_s,7.14,0.8857142857142771,cost_stability,0.011453654655234728,1.0,3,energy,0.5314020918061686,0.2061011887426643,0.011441272882193914,0.5314020918061686,7.14,162.5340178111016,strict,True,0.5935537803390051,0.0,0.4064462196609949,0.0003006764778493364
flat_train:flat:27100,0,flat_train,flat,27100,efficient,cost_energy,decision_time_s,7.1640000000000015,1.0,cost_stability,0.011197067652175504,0.0,1,motion,0.5434552248821048,0.19835416724562394,0.011197067652175504,0.5434552248821048,6.955999999999997,161.47141561246366,strict,True,1.0,-0.0,0.0,0.004676271638302865
flat_train:flat:27100,0,flat_train,flat,27100,efficient,cost_energy,decision_time_s,7.1640000000000015,1.0,cost_stability,0.011355144203711469,0.6160738839117204,2,balanced,0.5387056566710693,0.2030304388839268,0.011355144203711469,0.5387056566710693,6.9540000000000015,160.06022391263184,unsupported,False,0.0,0.9824414480515397,0.01755855194846044,-7.190541602776262e-05
flat_train:flat:27100,0,flat_train,flat,27100,efficient,cost_energy,decision_time_s,7.1640000000000015,1.0,cost_stability,0.011441272882193914,0.9517443483372526,3,energy,0.5314020918061686,0.2061011887426643,0.011441272882193914,0.5314020918061686,7.14,162.5340178111016,strict,True,0.5935537803390051,0.0,0.4064462196609949,0.0003006764778493364
flat_train:flat:27100,0,flat_train,flat,27100,efficient,cost_energy,decision_time_s,7.1640000000000015,1.0,cost_stability,0.011453654655234728,1.0,4,stability,0.5290985907145127,0.20818512086391436,0.011453654655234728,0.5290985907145127,7.1640000000000015,161.8294716807193,strict,True,0.0,0.0,1.0,0.0023035010916558907
flat_train:flat:27101,1,flat_train,flat,27101,fast,decision_time_s,cost_stability,0.011111225650874785,0.0,cost_energy,0.5394416710116232,1.0,1,motion,6.9639999999999995,0.19893305317709045,0.011111225650874785,0.5394416710116232,6.9639999999999995,160.27890849240765,strict,True,1.0,-0.0,0.0,0.004439191128277148
flat_train:flat:27101,1,flat_train,flat,27101,fast,decision_time_s,cost_stability,0.01134791284137214,0.7222604366131293,cost_energy,0.5369241383872321,0.6317470835617582,1,balanced,6.961999999999999,0.2033722443053676,0.01134791284137214,0.5369241383872321,6.961999999999999,159.53089920277537,unsupported,False,0.0,0.9542577310206077,0.045742268979392306,-0.00011070292689635349
flat_train:flat:27101,1,flat_train,flat,27101,fast,decision_time_s,cost_stability,0.01134791284137214,0.7222604366131293,cost_energy,0.5394416710116232,1.0,2,balanced,6.961999999999999,0.2033722443053676,0.01134791284137214,0.5369241383872321,6.961999999999999,159.53089920277537,unsupported,False,0.0,0.9542577310206077,0.045742268979392306,-0.00011070292689635349
flat_train:flat:27101,1,flat_train,flat,27101,fast,decision_time_s,cost_stability,0.011438929036660727,1.0,cost_energy,0.5326052482380011,0.0,1,energy,7.154000000000003,0.20696042613535245,0.011438929036660727,0.5326052482380011,7.154000000000003,162.90201382003022,strict,True,0.415696688625117,0.0,0.584303311374883,0.0006575921074777101
flat_train:flat:27101,1,flat_train,flat,27101,fast,decision_time_s,cost_stability,0.011438929036660727,1.0,cost_energy,0.5369241383872321,0.6317470835617582,2,balanced,6.961999999999999,0.2033722443053676,0.01134791284137214,0.5369241383872321,6.961999999999999,159.53089920277537,unsupported,False,0.0,0.9542577310206077,0.045742268979392306,-0.00011070292689635349
flat_train:flat:27101,1,flat_train,flat,27101,fast,decision_time_s,cost_stability,0.011438929036660727,1.0,cost_energy,0.5394416710116232,1.0,3,balanced,6.961999999999999,0.2033722443053676,0.01134791284137214,0.5369241383872321,6.961999999999999,159.53089920277537,unsupported,False,0.0,0.9542577310206077,0.045742268979392306,-0.00011070292689635349
flat_train:flat:27101,1,flat_train,flat,27101,stable,cost_stability,decision_time_s,6.961999999999999,0.0,cost_energy,0.5369241383872321,0.6317470835617582,1,balanced,0.01134791284137214,0.2033722443053676,0.01134791284137214,0.5369241383872321,6.961999999999999,159.53089920277537,unsupported,False,0.0,0.9542577310206077,0.045742268979392306,-0.00011070292689635349
flat_train:flat:27101,1,flat_train,flat,27101,stable,cost_stability,decision_time_s,6.961999999999999,0.0,cost_energy,0.5394416710116232,1.0,1,balanced,0.01134791284137214,0.2033722443053676,0.01134791284137214,0.5369241383872321,6.961999999999999,159.53089920277537,unsupported,False,0.0,0.9542577310206077,0.045742268979392306,-0.00011070292689635349
flat_train:flat:27101,1,flat_train,flat,27101,stable,cost_stability,decision_time_s,6.9639999999999995,0.010416666666669943,cost_energy,0.5369241383872321,0.6317470835617582,1,balanced,0.01134791284137214,0.2033722443053676,0.01134791284137214,0.5369241383872321,6.961999999999999,159.53089920277537,unsupported,False,0.0,0.9542577310206077,0.045742268979392306,-0.00011070292689635349
flat_train:flat:27101,1,flat_train,flat,27101,stable,cost_stability,decision_time_s,6.9639999999999995,0.010416666666669943,cost_energy,0.5394416710116232,1.0,2,motion,0.011111225650874785,0.19893305317709045,0.011111225650874785,0.5394416710116232,6.9639999999999995,160.27890849240765,strict,True,1.0,-0.0,0.0,0.004439191128277148
flat_train:flat:27101,1,flat_train,flat,27101,stable,cost_stability,decision_time_s,7.154000000000003,1.0,cost_energy,0.5326052482380011,0.0,1,energy,0.011438929036660727,0.20696042613535245,0.011438929036660727,0.5326052482380011,7.154000000000003,162.90201382003022,strict,True,0.415696688625117,0.0,0.584303311374883,0.0006575921074777101
flat_train:flat:27101,1,flat_train,flat,27101,stable,cost_stability,decision_time_s,7.154000000000003,1.0,cost_energy,0.5369241383872321,0.6317470835617582,2,balanced,0.01134791284137214,0.2033722443053676,0.01134791284137214,0.5369241383872321,6.961999999999999,159.53089920277537,unsupported,False,0.0,0.9542577310206077,0.045742268979392306,-0.00011070292689635349
flat_train:flat:27101,1,flat_train,flat,27101,stable,cost_stability,decision_time_s,7.154000000000003,1.0,cost_energy,0.5394416710116232,1.0,3,motion,0.011111225650874785,0.19893305317709045,0.011111225650874785,0.5394416710116232,6.9639999999999995,160.27890849240765,strict,True,1.0,-0.0,0.0,0.004439191128277148
flat_train:flat:27101,1,flat_train,flat,27101,efficient,cost_energy,decision_time_s,6.961999999999999,0.0,cost_stability,0.01134791284137214,0.7222604366131293,1,balanced,0.5369241383872321,0.2033722443053676,0.01134791284137214,0.5369241383872321,6.961999999999999,159.53089920277537,unsupported,False,0.0,0.9542577310206077,0.045742268979392306,-0.00011070292689635349
flat_train:flat:27101,1,flat_train,flat,27101,efficient,cost_energy,decision_time_s,6.961999999999999,0.0,cost_stability,0.011438929036660727,1.0,1,balanced,0.5369241383872321,0.2033722443053676,0.01134791284137214,0.5369241383872321,6.961999999999999,159.53089920277537,unsupported,False,0.0,0.9542577310206077,0.045742268979392306,-0.00011070292689635349
flat_train:flat:27101,1,flat_train,flat,27101,efficient,cost_energy,decision_time_s,6.9639999999999995,0.010416666666669943,cost_stability,0.011111225650874785,0.0,1,motion,0.5394416710116232,0.19893305317709045,0.011111225650874785,0.5394416710116232,6.9639999999999995,160.27890849240765,strict,True,1.0,-0.0,0.0,0.004439191128277148
flat_train:flat:27101,1,flat_train,flat,27101,efficient,cost_energy,decision_time_s,6.9639999999999995,0.010416666666669943,cost_stability,0.01134791284137214,0.7222604366131293,2,balanced,0.5369241383872321,0.2033722443053676,0.01134791284137214,0.5369241383872321,6.961999999999999,159.53089920277537,unsupported,False,0.0,0.9542577310206077,0.045742268979392306,-0.00011070292689635349
flat_train:flat:27101,1,flat_train,flat,27101,efficient,cost_energy,decision_time_s,6.9639999999999995,0.010416666666669943,cost_stability,0.011438929036660727,1.0,2,balanced,0.5369241383872321,0.2033722443053676,0.01134791284137214,0.5369241383872321,6.961999999999999,159.53089920277537,unsupported,False,0.0,0.9542577310206077,0.045742268979392306,-0.00011070292689635349
flat_train:flat:27101,1,flat_train,flat,27101,efficient,cost_energy,decision_time_s,7.154000000000003,1.0,cost_stability,0.011111225650874785,0.0,1,motion,0.5394416710116232,0.19893305317709045,0.011111225650874785,0.5394416710116232,6.9639999999999995,160.27890849240765,strict,True,1.0,-0.0,0.0,0.004439191128277148
flat_train:flat:27101,1,flat_train,flat,27101,efficient,cost_energy,decision_time_s,7.154000000000003,1.0,cost_stability,0.01134791284137214,0.7222604366131293,2,balanced,0.5369241383872321,0.2033722443053676,0.01134791284137214,0.5369241383872321,6.961999999999999,159.53089920277537,unsupported,False,0.0,0.9542577310206077,0.045742268979392306,-0.00011070292689635349
flat_train:flat:27101,1,flat_train,flat,27101,efficient,cost_energy,decision_time_s,7.154000000000003,1.0,cost_stability,0.011438929036660727,1.0,3,energy,0.5326052482380011,0.20696042613535245,0.011438929036660727,0.5326052482380011,7.154000000000003,162.90201382003022,strict,True,0.415696688625117,0.0,0.584303311374883,0.0006575921074777101
flat_train:flat:27102,2,flat_train,flat,27102,fast,decision_time_s,cost_stability,0.01120368871834812,0.0,cost_energy,0.5449890221341465,1.0,1,motion,6.9579999999999975,0.19826534725952003,0.01120368871834812,0.5449890221341465,6.9579999999999975,161.9271374497197,strict,True,1.0,-0.0,0.0,0.004773720675136928
flat_train:flat:27102,2,flat_train,flat,27102,fast,decision_time_s,cost_stability,0.011385505444421061,0.6642878908013853,cost_energy,0.5382371881359014,0.5482768115851242,1,balanced,6.968000000000001,0.20303906793465695,0.011385505444421061,0.5382371881359014,6.968000000000001,159.92103254215624,unsupported,False,0.0,0.983141238637216,0.01685876136278402,-6.49239631387688e-05
flat_train:flat:27102,2,flat_train,flat,27102,fast,decision_time_s,cost_stability,0.011385505444421061,0.6642878908013853,cost_energy,0.5449890221341465,1.0,2,motion,6.9579999999999975,0.19826534725952003,0.01120368871834812,0.5449890221341465,6.9579999999999975,161.9271374497197,strict,True,1.0,-0.0,0.0,0.004773720675136928
flat_train:flat:27102,2,flat_train,flat,27102,fast,decision_time_s,cost_stability,0.011459994923857209,0.9364435953413534,cost_energy,0.5300421826284357,0.0,1,stability,7.153999999999999,0.20842490210642345,0.011459994923857209,0.5300421826284357,7.153999999999999,162.1180775919657,strict,True,0.0,-0.0,1.0,0.003585388846721216
flat_train:flat:27102,2,flat_train,flat,27102,fast,decision_time_s,cost_stability,0.011459994923857209,0.9364435953413534,cost_energy,0.5336275714751569,0.2398760517466817,1,stability,7.153999999999999,0.20842490210642345,0.011459994923857209,0.5300421826284357,7.153999999999999,162.1180775919657,strict,True,0.0,-0.0,1.0,0.003585388846721216
flat_train:flat:27102,2,flat_train,flat,27102,fast,decision_time_s,cost_stability,0.011459994923857209,0.9364435953413534,cost_energy,0.5382371881359014,0.5482768115851242,2,balanced,6.968000000000001,0.20303906793465695,0.011385505444421061,0.5382371881359014,6.968000000000001,159.92103254215624,unsupported,False,0.0,0.983141238637216,0.01685876136278402,-6.49239631387688e-05
flat_train:flat:27102,2,flat_train,flat,27102,fast,decision_time_s,cost_stability,0.011459994923857209,0.9364435953413534,cost_energy,0.5449890221341465,1.0,3,motion,6.9579999999999975,0.19826534725952003,0.01120368871834812,0.5449890221341465,6.9579999999999975,161.9271374497197,strict,True,1.0,-0.0,0.0,0.004773720675136928
flat_train:flat:27102,2,flat_train,flat,27102,fast,decision_time_s,cost_stability,0.011477390419960655,1.0,cost_energy,0.5300421826284357,0.0,1,stability,7.153999999999999,0.20842490210642345,0.011459994923857209,0.5300421826284357,7.153999999999999,162.1180775919657,strict,True,0.0,-0.0,1.0,0.003585388846721216
flat_train:flat:27102,2,flat_train,flat,27102,fast,decision_time_s,cost_stability,0.011477390419960655,1.0,cost_energy,0.5336275714751569,0.2398760517466817,2,energy,7.142,0.20624762881816983,0.011477390419960655,0.5336275714751569,7.142,163.21470040105558,unsupported,False,0.0,0.9831412386372161,0.016858761362783966,-7.754744454551139e-05
flat_train:flat:27102,2,flat_train,flat,27102,fast,decision_time_s,cost_stability,0.011477390419960655,1.0,cost_energy,0.5382371881359014,0.5482768115851242,3,balanced,6.968000000000001,0.20303906793465695,0.011385505444421061,0.5382371881359014,6.968000000000001,159.92103254215624,unsupported,False,0.0,0.983141238637216,0.01685876136278402,-6.49239631387688e-05
flat_train:flat:27102,2,flat_train,flat,27102,fast,decision_time_s,cost_stability,0.011477390419960655,1.0,cost_energy,0.5449890221341465,1.0,4,motion,6.9579999999999975,0.19826534725952003,0.01120368871834812,0.5449890221341465,6.9579999999999975,161.9271374497197,strict,True,1.0,-0.0,0.0,0.004773720675136928
flat_train:flat:27102,2,flat_train,flat,27102,stable,cost_stability,decision_time_s,6.9579999999999975,0.0,cost_energy,0.5449890221341465,1.0,1,motion,0.01120368871834812,0.19826534725952003,0.01120368871834812,0.5449890221341465,6.9579999999999975,161.9271374497197,strict,True,1.0,-0.0,0.0,0.004773720675136928
flat_train:flat:27102,2,flat_train,flat,27102,stable,cost_stability,decision_time_s,6.968000000000001,0.051020408163281954,cost_energy,0.5382371881359014,0.5482768115851242,1,balanced,0.011385505444421061,0.20303906793465695,0.011385505444421061,0.5382371881359014,6.968000000000001,159.92103254215624,unsupported,False,0.0,0.983141238637216,0.01685876136278402,-6.49239631387688e-05
flat_train:flat:27102,2,flat_train,flat,27102,stable,cost_stability,decision_time_s,6.968000000000001,0.051020408163281954,cost_energy,0.5449890221341465,1.0,2,motion,0.01120368871834812,0.19826534725952003,0.01120368871834812,0.5449890221341465,6.9579999999999975,161.9271374497197,strict,True,1.0,-0.0,0.0,0.004773720675136928
flat_train:flat:27102,2,flat_train,flat,27102,stable,cost_stability,decision_time_s,7.142,0.9387755102040889,cost_energy,0.5336275714751569,0.2398760517466817,1,energy,0.011477390419960655,0.20624762881816983,0.011477390419960655,0.5336275714751569,7.142,163.21470040105558,unsupported,False,0.0,0.9831412386372161,0.016858761362783966,-7.754744454551139e-05
flat_train:flat:27102,2,flat_train,flat,27102,stable,cost_stability,decision_time_s,7.142,0.9387755102040889,cost_energy,0.5382371881359014,0.5482768115851242,2,balanced,0.011385505444421061,0.20303906793465695,0.011385505444421061,0.5382371881359014,6.968000000000001,159.92103254215624,unsupported,False,0.0,0.983141238637216,0.01685876136278402,-6.49239631387688e-05
flat_train:flat:27102,2,flat_train,flat,27102,stable,cost_stability,decision_time_s,7.142,0.9387755102040889,cost_energy,0.5449890221341465,1.0,3,motion,0.01120368871834812,0.19826534725952003,0.01120368871834812,0.5449890221341465,6.9579999999999975,161.9271374497197,strict,True,1.0,-0.0,0.0,0.004773720675136928
flat_train:flat:27102,2,flat_train,flat,27102,stable,cost_stability,decision_time_s,7.153999999999999,1.0,cost_energy,0.5300421826284357,0.0,1,stability,0.011459994923857209,0.20842490210642345,0.011459994923857209,0.5300421826284357,7.153999999999999,162.1180775919657,strict,True,0.0,-0.0,1.0,0.003585388846721216
flat_train:flat:27102,2,flat_train,flat,27102,stable,cost_stability,decision_time_s,7.153999999999999,1.0,cost_energy,0.5336275714751569,0.2398760517466817,2,stability,0.011459994923857209,0.20842490210642345,0.011459994923857209,0.5300421826284357,7.153999999999999,162.1180775919657,strict,True,0.0,-0.0,1.0,0.003585388846721216
flat_train:flat:27102,2,flat_train,flat,27102,stable,cost_stability,decision_time_s,7.153999999999999,1.0,cost_energy,0.5382371881359014,0.5482768115851242,3,balanced,0.011385505444421061,0.20303906793465695,0.011385505444421061,0.5382371881359014,6.968000000000001,159.92103254215624,unsupported,False,0.0,0.983141238637216,0.01685876136278402,-6.49239631387688e-05
flat_train:flat:27102,2,flat_train,flat,27102,stable,cost_stability,decision_time_s,7.153999999999999,1.0,cost_energy,0.5449890221341465,1.0,4,motion,0.01120368871834812,0.19826534725952003,0.01120368871834812,0.5449890221341465,6.9579999999999975,161.9271374497197,strict,True,1.0,-0.0,0.0,0.004773720675136928
flat_train:flat:27102,2,flat_train,flat,27102,efficient,cost_energy,decision_time_s,6.9579999999999975,0.0,cost_stability,0.01120368871834812,0.0,1,motion,0.5449890221341465,0.19826534725952003,0.01120368871834812,0.5449890221341465,6.9579999999999975,161.9271374497197,strict,True,1.0,-0.0,0.0,0.004773720675136928
flat_train:flat:27102,2,flat_train,flat,27102,efficient,cost_energy,decision_time_s,6.9579999999999975,0.0,cost_stability,0.011385505444421061,0.6642878908013853,1,motion,0.5449890221341465,0.19826534725952003,0.01120368871834812,0.5449890221341465,6.9579999999999975,161.9271374497197,strict,True,1.0,-0.0,0.0,0.004773720675136928
flat_train:flat:27102,2,flat_train,flat,27102,efficient,cost_energy,decision_time_s,6.9579999999999975,0.0,cost_stability,0.011459994923857209,0.9364435953413534,1,motion,0.5449890221341465,0.19826534725952003,0.01120368871834812,0.5449890221341465,6.9579999999999975,161.9271374497197,strict,True,1.0,-0.0,0.0,0.004773720675136928
flat_train:flat:27102,2,flat_train,flat,27102,efficient,cost_energy,decision_time_s,6.9579999999999975,0.0,cost_stability,0.011477390419960655,1.0,1,motion,0.5449890221341465,0.19826534725952003,0.01120368871834812,0.5449890221341465,6.9579999999999975,161.9271374497197,strict,True,1.0,-0.0,0.0,0.004773720675136928
flat_train:flat:27102,2,flat_train,flat,27102,efficient,cost_energy,decision_time_s,6.968000000000001,0.051020408163281954,cost_stability,0.01120368871834812,0.0,1,motion,0.5449890221341465,0.19826534725952003,0.01120368871834812,0.5449890221341465,6.9579999999999975,161.9271374497197,strict,True,1.0,-0.0,0.0,0.004773720675136928
flat_train:flat:27102,2,flat_train,flat,27102,efficient,cost_energy,decision_time_s,6.968000000000001,0.051020408163281954,cost_stability,0.011385505444421061,0.6642878908013853,2,balanced,0.5382371881359014,0.20303906793465695,0.011385505444421061,0.5382371881359014,6.968000000000001,159.92103254215624,unsupported,False,0.0,0.983141238637216,0.01685876136278402,-6.49239631387688e-05
flat_train:flat:27102,2,flat_train,flat,27102,efficient,cost_energy,decision_time_s,6.968000000000001,0.051020408163281954,cost_stability,0.011459994923857209,0.9364435953413534,2,balanced,0.5382371881359014,0.20303906793465695,0.011385505444421061,0.5382371881359014,6.968000000000001,159.92103254215624,unsupported,False,0.0,0.983141238637216,0.01685876136278402,-6.49239631387688e-05
flat_train:flat:27102,2,flat_train,flat,27102,efficient,cost_energy,decision_time_s,6.968000000000001,0.051020408163281954,cost_stability,0.011477390419960655,1.0,2,balanced,0.5382371881359014,0.20303906793465695,0.011385505444421061,0.5382371881359014,6.968000000000001,159.92103254215624,unsupported,False,0.0,0.983141238637216,0.01685876136278402,-6.49239631387688e-05
flat_train:flat:27102,2,flat_train,flat,27102,efficient,cost_energy,decision_time_s,7.142,0.9387755102040889,cost_stability,0.01120368871834812,0.0,1,motion,0.5449890221341465,0.19826534725952003,0.01120368871834812,0.5449890221341465,6.9579999999999975,161.9271374497197,strict,True,1.0,-0.0,0.0,0.004773720675136928
flat_train:flat:27102,2,flat_train,flat,27102,efficient,cost_energy,decision_time_s,7.142,0.9387755102040889,cost_stability,0.011385505444421061,0.6642878908013853,2,balanced,0.5382371881359014,0.20303906793465695,0.011385505444421061,0.5382371881359014,6.968000000000001,159.92103254215624,unsupported,False,0.0,0.983141238637216,0.01685876136278402,-6.49239631387688e-05
flat_train:flat:27102,2,flat_train,flat,27102,efficient,cost_energy,decision_time_s,7.142,0.9387755102040889,cost_stability,0.011459994923857209,0.9364435953413534,2,balanced,0.5382371881359014,0.20303906793465695,0.011385505444421061,0.5382371881359014,6.968000000000001,159.92103254215624,unsupported,False,0.0,0.983141238637216,0.01685876136278402,-6.49239631387688e-05
flat_train:flat:27102,2,flat_train,flat,27102,efficient,cost_energy,decision_time_s,7.142,0.9387755102040889,cost_stability,0.011477390419960655,1.0,3,energy,0.5336275714751569,0.20624762881816983,0.011477390419960655,0.5336275714751569,7.142,163.21470040105558,unsupported,False,0.0,0.9831412386372161,0.016858761362783966,-7.754744454551139e-05
flat_train:flat:27102,2,flat_train,flat,27102,efficient,cost_energy,decision_time_s,7.153999999999999,1.0,cost_stability,0.01120368871834812,0.0,1,motion,0.5449890221341465,0.19826534725952003,0.01120368871834812,0.5449890221341465,6.9579999999999975,161.9271374497197,strict,True,1.0,-0.0,0.0,0.004773720675136928
flat_train:flat:27102,2,flat_train,flat,27102,efficient,cost_energy,decision_time_s,7.153999999999999,1.0,cost_stability,0.011385505444421061,0.6642878908013853,2,balanced,0.5382371881359014,0.20303906793465695,0.011385505444421061,0.5382371881359014,6.968000000000001,159.92103254215624,unsupported,False,0.0,0.983141238637216,0.01685876136278402,-6.49239631387688e-05
flat_train:flat:27102,2,flat_train,flat,27102,efficient,cost_energy,decision_time_s,7.153999999999999,1.0,cost_stability,0.011459994923857209,0.9364435953413534,3,stability,0.5300421826284357,0.20842490210642345,0.011459994923857209,0.5300421826284357,7.153999999999999,162.1180775919657,strict,True,0.0,-0.0,1.0,0.003585388846721216
flat_train:flat:27102,2,flat_train,flat,27102,efficient,cost_energy,decision_time_s,7.153999999999999,1.0,cost_stability,0.011477390419960655,1.0,4,stability,0.5300421826284357,0.20842490210642345,0.011459994923857209,0.5300421826284357,7.153999999999999,162.1180775919657,strict,True,0.0,-0.0,1.0,0.003585388846721216
flat_train:flat:27103,3,flat_train,flat,27103,fast,decision_time_s,cost_stability,0.011159301583463073,0.0,cost_energy,0.5446378660009256,1.0,1,motion,6.948000000000003,0.19828373212965578,0.011159301583463073,0.5446378660009256,6.948000000000003,161.8228019399369,strict,True,1.0,-0.0,0.0,0.005248853766773615
flat_train:flat:27103,3,flat_train,flat,27103,fast,decision_time_s,cost_stability,0.011291397168657449,0.37616676178896163,cost_energy,0.5393894403225634,0.7261066498387617,1,balanced,6.951999999999999,0.2035325858964294,0.011291397168657449,0.5393894403225634,6.951999999999999,160.26338971015153,unsupported,False,0.0,0.982004097924312,0.017995902075688113,-3.526825141925526e-05
flat_train:flat:27103,3,flat_train,flat,27103,fast,decision_time_s,cost_stability,0.011291397168657449,0.37616676178896163,cost_energy,0.5446378660009256,1.0,2,motion,6.948000000000003,0.19828373212965578,0.011159301583463073,0.5446378660009256,6.948000000000003,161.8228019399369,strict,True,1.0,-0.0,0.0,0.005248853766773615
flat_train:flat:27103,3,flat_train,flat,27103,fast,decision_time_s,cost_stability,0.011470684987346573,0.8867221909144267,cost_energy,0.534863992924077,0.48994250750176005,1,energy,7.152000000000001,0.2066347340890774,0.011470684987346573,0.534863992924077,7.152000000000001,163.59287080892463,unsupported,False,0.0,0.9820040979243119,0.01799590207568811,-0.00012989011584804748
flat_train:flat:27103,3,flat_train,flat,27103,fast,decision_time_s,cost_stability,0.011470684987346573,0.8867221909144267,cost_energy,0.5393894403225634,0.7261066498387617,2,balanced,6.951999999999999,0.2035325858964294,0.011291397168657449,0.5393894403225634,6.951999999999999,160.26338971015153,unsupported,False,0.0,0.982004097924312,0.017995902075688113,-3.526825141925526e-05
flat_train:flat:27103,3,flat_train,flat,27103,fast,decision_time_s,cost_stability,0.011470684987346573,0.8867221909144267,cost_energy,0.5446378660009256,1.0,3,motion,6.948000000000003,0.19828373212965578,0.011159301583463073,0.5446378660009256,6.948000000000003,161.8228019399369,strict,True,1.0,-0.0,0.0,0.005248853766773615
flat_train:flat:27103,3,flat_train,flat,27103,fast,decision_time_s,cost_stability,0.01151046388330626,1.0,cost_energy,0.5254755691606684,0.0,1,stability,7.192,0.2085849235270693,0.01151046388330626,0.5254755691606684,7.192,160.72133857615992,strict,True,0.0,0.0,1.0,0.009388423763408649
flat_train:flat:27103,3,flat_train,flat,27103,fast,decision_time_s,cost_stability,0.01151046388330626,1.0,cost_energy,0.534863992924077,0.48994250750176005,2,energy,7.152000000000001,0.2066347340890774,0.011470684987346573,0.534863992924077,7.152000000000001,163.59287080892463,unsupported,False,0.0,0.9820040979243119,0.01799590207568811,-0.00012989011584804748
flat_train:flat:27103,3,flat_train,flat,27103,fast,decision_time_s,cost_stability,0.01151046388330626,1.0,cost_energy,0.5393894403225634,0.7261066498387617,3,balanced,6.951999999999999,0.2035325858964294,0.011291397168657449,0.5393894403225634,6.951999999999999,160.26338971015153,unsupported,False,0.0,0.982004097924312,0.017995902075688113,-3.526825141925526e-05
flat_train:flat:27103,3,flat_train,flat,27103,fast,decision_time_s,cost_stability,0.01151046388330626,1.0,cost_energy,0.5446378660009256,1.0,4,motion,6.948000000000003,0.19828373212965578,0.011159301583463073,0.5446378660009256,6.948000000000003,161.8228019399369,strict,True,1.0,-0.0,0.0,0.005248853766773615
flat_train:flat:27103,3,flat_train,flat,27103,stable,cost_stability,decision_time_s,6.948000000000003,0.0,cost_energy,0.5446378660009256,1.0,1,motion,0.011159301583463073,0.19828373212965578,0.011159301583463073,0.5446378660009256,6.948000000000003,161.8228019399369,strict,True,1.0,-0.0,0.0,0.005248853766773615
flat_train:flat:27103,3,flat_train,flat,27103,stable,cost_stability,decision_time_s,6.951999999999999,0.01639344262293465,cost_energy,0.5393894403225634,0.7261066498387617,1,balanced,0.011291397168657449,0.2035325858964294,0.011291397168657449,0.5393894403225634,6.951999999999999,160.26338971015153,unsupported,False,0.0,0.982004097924312,0.017995902075688113,-3.526825141925526e-05
flat_train:flat:27103,3,flat_train,flat,27103,stable,cost_stability,decision_time_s,6.951999999999999,0.01639344262293465,cost_energy,0.5446378660009256,1.0,2,motion,0.011159301583463073,0.19828373212965578,0.011159301583463073,0.5446378660009256,6.948000000000003,161.8228019399369,strict,True,1.0,-0.0,0.0,0.005248853766773615
flat_train:flat:27103,3,flat_train,flat,27103,stable,cost_stability,decision_time_s,7.152000000000001,0.8360655737704934,cost_energy,0.534863992924077,0.48994250750176005,1,energy,0.011470684987346573,0.2066347340890774,0.011470684987346573,0.534863992924077,7.152000000000001,163.59287080892463,unsupported,False,0.0,0.9820040979243119,0.01799590207568811,-0.00012989011584804748
flat_train:flat:27103,3,flat_train,flat,27103,stable,cost_stability,decision_time_s,7.152000000000001,0.8360655737704934,cost_energy,0.5393894403225634,0.7261066498387617,2,balanced,0.011291397168657449,0.2035325858964294,0.011291397168657449,0.5393894403225634,6.951999999999999,160.26338971015153,unsupported,False,0.0,0.982004097924312,0.017995902075688113,-3.526825141925526e-05
flat_train:flat:27103,3,flat_train,flat,27103,stable,cost_stability,decision_time_s,7.152000000000001,0.8360655737704934,cost_energy,0.5446378660009256,1.0,3,motion,0.011159301583463073,0.19828373212965578,0.011159301583463073,0.5446378660009256,6.948000000000003,161.8228019399369,strict,True,1.0,-0.0,0.0,0.005248853766773615
flat_train:flat:27103,3,flat_train,flat,27103,stable,cost_stability,decision_time_s,7.192,1.0,cost_energy,0.5254755691606684,0.0,1,stability,0.01151046388330626,0.2085849235270693,0.01151046388330626,0.5254755691606684,7.192,160.72133857615992,strict,True,0.0,0.0,1.0,0.009388423763408649
flat_train:flat:27103,3,flat_train,flat,27103,stable,cost_stability,decision_time_s,7.192,1.0,cost_energy,0.534863992924077,0.48994250750176005,2,energy,0.011470684987346573,0.2066347340890774,0.011470684987346573,0.534863992924077,7.152000000000001,163.59287080892463,unsupported,False,0.0,0.9820040979243119,0.01799590207568811,-0.00012989011584804748
flat_train:flat:27103,3,flat_train,flat,27103,stable,cost_stability,decision_time_s,7.192,1.0,cost_energy,0.5393894403225634,0.7261066498387617,3,balanced,0.011291397168657449,0.2035325858964294,0.011291397168657449,0.5393894403225634,6.951999999999999,160.26338971015153,unsupported,False,0.0,0.982004097924312,0.017995902075688113,-3.526825141925526e-05
flat_train:flat:27103,3,flat_train,flat,27103,stable,cost_stability,decision_time_s,7.192,1.0,cost_energy,0.5446378660009256,1.0,4,motion,0.011159301583463073,0.19828373212965578,0.011159301583463073,0.5446378660009256,6.948000000000003,161.8228019399369,strict,True,1.0,-0.0,0.0,0.005248853766773615
flat_train:flat:27103,3,flat_train,flat,27103,efficient,cost_energy,decision_time_s,6.948000000000003,0.0,cost_stability,0.011159301583463073,0.0,1,motion,0.5446378660009256,0.19828373212965578,0.011159301583463073,0.5446378660009256,6.948000000000003,161.8228019399369,strict,True,1.0,-0.0,0.0,0.005248853766773615
flat_train:flat:27103,3,flat_train,flat,27103,efficient,cost_energy,decision_time_s,6.948000000000003,0.0,cost_stability,0.011291397168657449,0.37616676178896163,1,motion,0.5446378660009256,0.19828373212965578,0.011159301583463073,0.5446378660009256,6.948000000000003,161.8228019399369,strict,True,1.0,-0.0,0.0,0.005248853766773615
flat_train:flat:27103,3,flat_train,flat,27103,efficient,cost_energy,decision_time_s,6.948000000000003,0.0,cost_stability,0.011470684987346573,0.8867221909144267,1,motion,0.5446378660009256,0.19828373212965578,0.011159301583463073,0.5446378660009256,6.948000000000003,161.8228019399369,strict,True,1.0,-0.0,0.0,0.005248853766773615
flat_train:flat:27103,3,flat_train,flat,27103,efficient,cost_energy,decision_time_s,6.948000000000003,0.0,cost_stability,0.01151046388330626,1.0,1,motion,0.5446378660009256,0.19828373212965578,0.011159301583463073,0.5446378660009256,6.948000000000003,161.8228019399369,strict,True,1.0,-0.0,0.0,0.005248853766773615
flat_train:flat:27103,3,flat_train,flat,27103,efficient,cost_energy,decision_time_s,6.951999999999999,0.01639344262293465,cost_stability,0.011159301583463073,0.0,1,motion,0.5446378660009256,0.19828373212965578,0.011159301583463073,0.5446378660009256,6.948000000000003,161.8228019399369,strict,True,1.0,-0.0,0.0,0.005248853766773615
flat_train:flat:27103,3,flat_train,flat,27103,efficient,cost_energy,decision_time_s,6.951999999999999,0.01639344262293465,cost_stability,0.011291397168657449,0.37616676178896163,2,balanced,0.5393894403225634,0.2035325858964294,0.011291397168657449,0.5393894403225634,6.951999999999999,160.26338971015153,unsupported,False,0.0,0.982004097924312,0.017995902075688113,-3.526825141925526e-05
flat_train:flat:27103,3,flat_train,flat,27103,efficient,cost_energy,decision_time_s,6.951999999999999,0.01639344262293465,cost_stability,0.011470684987346573,0.8867221909144267,2,balanced,0.5393894403225634,0.2035325858964294,0.011291397168657449,0.5393894403225634,6.951999999999999,160.26338971015153,unsupported,False,0.0,0.982004097924312,0.017995902075688113,-3.526825141925526e-05
flat_train:flat:27103,3,flat_train,flat,27103,efficient,cost_energy,decision_time_s,6.951999999999999,0.01639344262293465,cost_stability,0.01151046388330626,1.0,2,balanced,0.5393894403225634,0.2035325858964294,0.011291397168657449,0.5393894403225634,6.951999999999999,160.26338971015153,unsupported,False,0.0,0.982004097924312,0.017995902075688113,-3.526825141925526e-05
flat_train:flat:27103,3,flat_train,flat,27103,efficient,cost_energy,decision_time_s,7.152000000000001,0.8360655737704934,cost_stability,0.011159301583463073,0.0,1,motion,0.5446378660009256,0.19828373212965578,0.011159301583463073,0.5446378660009256,6.948000000000003,161.8228019399369,strict,True,1.0,-0.0,0.0,0.005248853766773615
flat_train:flat:27103,3,flat_train,flat,27103,efficient,cost_energy,decision_time_s,7.152000000000001,0.8360655737704934,cost_stability,0.011291397168657449,0.37616676178896163,2,balanced,0.5393894403225634,0.2035325858964294,0.011291397168657449,0.5393894403225634,6.951999999999999,160.26338971015153,unsupported,False,0.0,0.982004097924312,0.017995902075688113,-3.526825141925526e-05
flat_train:flat:27103,3,flat_train,flat,27103,efficient,cost_energy,decision_time_s,7.152000000000001,0.8360655737704934,cost_stability,0.011470684987346573,0.8867221909144267,3,energy,0.534863992924077,0.2066347340890774,0.011470684987346573,0.534863992924077,7.152000000000001,163.59287080892463,unsupported,False,0.0,0.9820040979243119,0.01799590207568811,-0.00012989011584804748
flat_train:flat:27103,3,flat_train,flat,27103,efficient,cost_energy,decision_time_s,7.152000000000001,0.8360655737704934,cost_stability,0.01151046388330626,1.0,3,energy,0.534863992924077,0.2066347340890774,0.011470684987346573,0.534863992924077,7.152000000000001,163.59287080892463,unsupported,False,0.0,0.9820040979243119,0.01799590207568811,-0.00012989011584804748
flat_train:flat:27103,3,flat_train,flat,27103,efficient,cost_energy,decision_time_s,7.192,1.0,cost_stability,0.011159301583463073,0.0,1,motion,0.5446378660009256,0.19828373212965578,0.011159301583463073,0.5446378660009256,6.948000000000003,161.8228019399369,strict,True,1.0,-0.0,0.0,0.005248853766773615
flat_train:flat:27103,3,flat_train,flat,27103,efficient,cost_energy,decision_time_s,7.192,1.0,cost_stability,0.011291397168657449,0.37616676178896163,2,balanced,0.5393894403225634,0.2035325858964294,0.011291397168657449,0.5393894403225634,6.951999999999999,160.26338971015153,unsupported,False,0.0,0.982004097924312,0.017995902075688113,-3.526825141925526e-05
flat_train:flat:27103,3,flat_train,flat,27103,efficient,cost_energy,decision_time_s,7.192,1.0,cost_stability,0.011470684987346573,0.8867221909144267,3,energy,0.534863992924077,0.2066347340890774,0.011470684987346573,0.534863992924077,7.152000000000001,163.59287080892463,unsupported,False,0.0,0.9820040979243119,0.01799590207568811,-0.00012989011584804748
flat_train:flat:27103,3,flat_train,flat,27103,efficient,cost_energy,decision_time_s,7.192,1.0,cost_stability,0.01151046388330626,1.0,4,stability,0.5254755691606684,0.2085849235270693,0.01151046388330626,0.5254755691606684,7.192,160.72133857615992,strict,True,0.0,0.0,1.0,0.009388423763408649
flat_train:flat:27104,4,flat_train,flat,27104,fast,decision_time_s,cost_stability,0.011105011494694424,0.0,cost_energy,0.5437821685171378,1.0,1,motion,6.954000000000002,0.19881816313048156,0.011105011494694424,0.5437821685171378,6.954000000000002,161.56855710482066,strict,True,1.0,-0.0,0.0,0.003934832512970388
flat_train:flat:27104,4,flat_train,flat,27104,fast,decision_time_s,cost_stability,0.011229601636326709,0.4420468308626071,cost_energy,0.5350506146609368,0.39797372060759567,1,balanced,6.932000000000001,0.20275299564345195,0.011229601636326709,0.5350506146609368,6.932000000000001,158.97423783599203,strict,True,0.6617213615890849,0.0,0.338278638410915,0.0003499354215794649
flat_train:flat:27104,4,flat_train,flat,27104,fast,decision_time_s,cost_stability,0.011229601636326709,0.4420468308626071,cost_energy,0.5437821685171378,1.0,2,balanced,6.932000000000001,0.20275299564345195,0.011229601636326709,0.5350506146609368,6.932000000000001,158.97423783599203,strict,True,0.6617213615890849,0.0,0.338278638410915,0.0003499354215794649
flat_train:flat:27104,4,flat_train,flat,27104,fast,decision_time_s,cost_stability,0.011386859780744028,1.0,cost_energy,0.5292785593640402,0.0,1,energy,7.130000000000002,0.20623255450598715,0.011386859780744028,0.5292785593640402,7.130000000000002,161.8845166798617,strict,True,-0.0,0.0,1.0,0.0023140883216420383
flat_train:flat:27104,4,flat_train,flat,27104,fast,decision_time_s,cost_stability,0.011386859780744028,1.0,cost_energy,0.5350506146609368,0.39797372060759567,2,balanced,6.932000000000001,0.20275299564345195,0.011229601636326709,0.5350506146609368,6.932000000000001,158.97423783599203,strict,True,0.6617213615890849,0.0,0.338278638410915,0.0003499354215794649
flat_train:flat:27104,4,flat_train,flat,27104,fast,decision_time_s,cost_stability,0.011386859780744028,1.0,cost_energy,0.5437821685171378,1.0,3,balanced,6.932000000000001,0.20275299564345195,0.011229601636326709,0.5350506146609368,6.932000000000001,158.97423783599203,strict,True,0.6617213615890849,0.0,0.338278638410915,0.0003499354215794649
flat_train:flat:27104,4,flat_train,flat,27104,stable,cost_stability,decision_time_s,6.932000000000001,0.0,cost_energy,0.5350506146609368,0.39797372060759567,1,balanced,0.011229601636326709,0.20275299564345195,0.011229601636326709,0.5350506146609368,6.932000000000001,158.97423783599203,strict,True,0.6617213615890849,0.0,0.338278638410915,0.0003499354215794649
flat_train:flat:27104,4,flat_train,flat,27104,stable,cost_stability,decision_time_s,6.932000000000001,0.0,cost_energy,0.5437821685171378,1.0,1,balanced,0.011229601636326709,0.20275299564345195,0.011229601636326709,0.5350506146609368,6.932000000000001,158.97423783599203,strict,True,0.6617213615890849,0.0,0.338278638410915,0.0003499354215794649
flat_train:flat:27104,4,flat_train,flat,27104,stable,cost_stability,decision_time_s,6.954000000000002,0.1111111111111166,cost_energy,0.5350506146609368,0.39797372060759567,1,balanced,0.011229601636326709,0.20275299564345195,0.011229601636326709,0.5350506146609368,6.932000000000001,158.97423783599203,strict,True,0.6617213615890849,0.0,0.338278638410915,0.0003499354215794649
flat_train:flat:27104,4,flat_train,flat,27104,stable,cost_stability,decision_time_s,6.954000000000002,0.1111111111111166,cost_energy,0.5437821685171378,1.0,2,motion,0.011105011494694424,0.19881816313048156,0.011105011494694424,0.5437821685171378,6.954000000000002,161.56855710482066,strict,True,1.0,-0.0,0.0,0.003934832512970388
flat_train:flat:27104,4,flat_train,flat,27104,stable,cost_stability,decision_time_s,7.130000000000002,1.0,cost_energy,0.5292785593640402,0.0,1,energy,0.011386859780744028,0.20623255450598715,0.011386859780744028,0.5292785593640402,7.130000000000002,161.8845166798617,strict,True,-0.0,0.0,1.0,0.0023140883216420383
flat_train:flat:27104,4,flat_train,flat,27104,stable,cost_stability,decision_time_s,7.130000000000002,1.0,cost_energy,0.5350506146609368,0.39797372060759567,2,balanced,0.011229601636326709,0.20275299564345195,0.011229601636326709,0.5350506146609368,6.932000000000001,158.97423783599203,strict,True,0.6617213615890849,0.0,0.338278638410915,0.0003499354215794649
flat_train:flat:27104,4,flat_train,flat,27104,stable,cost_stability,decision_time_s,7.130000000000002,1.0,cost_energy,0.5437821685171378,1.0,3,motion,0.011105011494694424,0.19881816313048156,0.011105011494694424,0.5437821685171378,6.954000000000002,161.56855710482066,strict,True,1.0,-0.0,0.0,0.003934832512970388
flat_train:flat:27104,4,flat_train,flat,27104,efficient,cost_energy,decision_time_s,6.932000000000001,0.0,cost_stability,0.011229601636326709,0.4420468308626071,1,balanced,0.5350506146609368,0.20275299564345195,0.011229601636326709,0.5350506146609368,6.932000000000001,158.97423783599203,strict,True,0.6617213615890849,0.0,0.338278638410915,0.0003499354215794649
flat_train:flat:27104,4,flat_train,flat,27104,efficient,cost_energy,decision_time_s,6.932000000000001,0.0,cost_stability,0.011386859780744028,1.0,1,balanced,0.5350506146609368,0.20275299564345195,0.011229601636326709,0.5350506146609368,6.932000000000001,158.97423783599203,strict,True,0.6617213615890849,0.0,0.338278638410915,0.0003499354215794649
flat_train:flat:27104,4,flat_train,flat,27104,efficient,cost_energy,decision_time_s,6.954000000000002,0.1111111111111166,cost_stability,0.011105011494694424,0.0,1,motion,0.5437821685171378,0.19881816313048156,0.011105011494694424,0.5437821685171378,6.954000000000002,161.56855710482066,strict,True,1.0,-0.0,0.0,0.003934832512970388
flat_train:flat:27104,4,flat_train,flat,27104,efficient,cost_energy,decision_time_s,6.954000000000002,0.1111111111111166,cost_stability,0.011229601636326709,0.4420468308626071,2,balanced,0.5350506146609368,0.20275299564345195,0.011229601636326709,0.5350506146609368,6.932000000000001,158.97423783599203,strict,True,0.6617213615890849,0.0,0.338278638410915,0.0003499354215794649
flat_train:flat:27104,4,flat_train,flat,27104,efficient,cost_energy,decision_time_s,6.954000000000002,0.1111111111111166,cost_stability,0.011386859780744028,1.0,2,balanced,0.5350506146609368,0.20275299564345195,0.011229601636326709,0.5350506146609368,6.932000000000001,158.97423783599203,strict,True,0.6617213615890849,0.0,0.338278638410915,0.0003499354215794649
flat_train:flat:27104,4,flat_train,flat,27104,efficient,cost_energy,decision_time_s,7.130000000000002,1.0,cost_stability,0.011105011494694424,0.0,1,motion,0.5437821685171378,0.19881816313048156,0.011105011494694424,0.5437821685171378,6.954000000000002,161.56855710482066,strict,True,1.0,-0.0,0.0,0.003934832512970388
flat_train:flat:27104,4,flat_train,flat,27104,efficient,cost_energy,decision_time_s,7.130000000000002,1.0,cost_stability,0.011229601636326709,0.4420468308626071,2,balanced,0.5350506146609368,0.20275299564345195,0.011229601636326709,0.5350506146609368,6.932000000000001,158.97423783599203,strict,True,0.6617213615890849,0.0,0.338278638410915,0.0003499354215794649
flat_train:flat:27104,4,flat_train,flat,27104,efficient,cost_energy,decision_time_s,7.130000000000002,1.0,cost_stability,0.011386859780744028,1.0,3,energy,0.5292785593640402,0.20623255450598715,0.011386859780744028,0.5292785593640402,7.130000000000002,161.8845166798617,strict,True,-0.0,0.0,1.0,0.0023140883216420383
flat_train:flat:27105,5,flat_train,flat,27105,fast,decision_time_s,cost_stability,0.01117936844890361,0.0,cost_energy,0.5394387014678884,1.0,1,motion,6.976000000000003,0.19873199651321327,0.01117936844890361,0.5394387014678884,6.976000000000003,160.27802618157753,strict,True,1.0,-0.0,0.0,0.004615106607244429
flat_train:flat:27105,5,flat_train,flat,27105,fast,decision_time_s,cost_stability,0.011368821516054863,0.5749351639902179,cost_energy,0.5349547083655947,0.697093593473984,1,balanced,6.960000000000001,0.2033471031204577,0.011368821516054863,0.5349547083655947,6.960000000000001,158.94574215766195,unsupported,False,0.0,0.9784466474364586,0.02155335256354139,-8.872463417447236e-05
flat_train:flat:27105,5,flat_train,flat,27105,fast,decision_time_s,cost_stability,0.011368821516054863,0.5749351639902179,cost_energy,0.5394387014678884,1.0,2,balanced,6.960000000000001,0.2033471031204577,0.011368821516054863,0.5349547083655947,6.960000000000001,158.94574215766195,unsupported,False,0.0,0.9784466474364586,0.02155335256354139,-8.872463417447236e-05
flat_train:flat:27105,5,flat_train,flat,27105,fast,decision_time_s,cost_stability,0.011505455955921411,0.9895810985881994,cost_energy,0.5246354718045745,0.0,1,stability,7.1819999999999995,0.20886313273366347,0.011505455955921411,0.5246354718045745,7.1819999999999995,160.46438738845504,strict,True,0.0,-0.0,1.0,0.005668155487586923
flat_train:flat:27105,5,flat_train,flat,27105,fast,decision_time_s,cost_stability,0.011505455955921411,0.9895810985881994,cost_energy,0.5303036272921614,0.382899922280745,1,stability,7.1819999999999995,0.20886313273366347,0.011505455955921411,0.5246354718045745,7.1819999999999995,160.46438738845504,strict,True,0.0,-0.0,1.0,0.005668155487586923
flat_train:flat:27105,5,flat_train,flat,27105,fast,decision_time_s,cost_stability,0.011505455955921411,0.9895810985881994,cost_energy,0.5349547083655947,0.697093593473984,2,balanced,6.960000000000001,0.2033471031204577,0.011368821516054863,0.5349547083655947,6.960000000000001,158.94574215766195,unsupported,False,0.0,0.9784466474364586,0.02155335256354139,-8.872463417447236e-05
flat_train:flat:27105,5,flat_train,flat,27105,fast,decision_time_s,cost_stability,0.011505455955921411,0.9895810985881994,cost_energy,0.5394387014678884,1.0,3,balanced,6.960000000000001,0.2033471031204577,0.011368821516054863,0.5349547083655947,6.960000000000001,158.94574215766195,unsupported,False,0.0,0.9784466474364586,0.02155335256354139,-8.872463417447236e-05
flat_train:flat:27105,5,flat_train,flat,27105,fast,decision_time_s,cost_stability,0.011508889200141703,1.0,cost_energy,0.5246354718045745,0.0,1,stability,7.1819999999999995,0.20886313273366347,0.011505455955921411,0.5246354718045745,7.1819999999999995,160.46438738845504,strict,True,0.0,-0.0,1.0,0.005668155487586923
flat_train:flat:27105,5,flat_train,flat,27105,fast,decision_time_s,cost_stability,0.011508889200141703,1.0,cost_energy,0.5303036272921614,0.382899922280745,2,energy,6.983999999999999,0.20684535987177607,0.011508889200141703,0.5303036272921614,6.983999999999999,157.5638129560087,unsupported,False,0.0,0.9784466474364586,0.02155335256354139,-0.00012552699990610826
flat_train:flat:27105,5,flat_train,flat,27105,fast,decision_time_s,cost_stability,0.011508889200141703,1.0,cost_energy,0.5349547083655947,0.697093593473984,3,balanced,6.960000000000001,0.2033471031204577,0.011368821516054863,0.5349547083655947,6.960000000000001,158.94574215766195,unsupported,False,0.0,0.9784466474364586,0.02155335256354139,-8.872463417447236e-05
flat_train:flat:27105,5,flat_train,flat,27105,fast,decision_time_s,cost_stability,0.011508889200141703,1.0,cost_energy,0.5394387014678884,1.0,4,balanced,6.960000000000001,0.2033471031204577,0.011368821516054863,0.5349547083655947,6.960000000000001,158.94574215766195,unsupported,False,0.0,0.9784466474364586,0.02155335256354139,-8.872463417447236e-05
flat_train:flat:27105,5,flat_train,flat,27105,stable,cost_stability,decision_time_s,6.960000000000001,0.0,cost_energy,0.5349547083655947,0.697093593473984,1,balanced,0.011368821516054863,0.2033471031204577,0.011368821516054863,0.5349547083655947,6.960000000000001,158.94574215766195,unsupported,False,0.0,0.9784466474364586,0.02155335256354139,-8.872463417447236e-05
flat_train:flat:27105,5,flat_train,flat,27105,stable,cost_stability,decision_time_s,6.960000000000001,0.0,cost_energy,0.5394387014678884,1.0,1,balanced,0.011368821516054863,0.2033471031204577,0.011368821516054863,0.5349547083655947,6.960000000000001,158.94574215766195,unsupported,False,0.0,0.9784466474364586,0.02155335256354139,-8.872463417447236e-05
flat_train:flat:27105,5,flat_train,flat,27105,stable,cost_stability,decision_time_s,6.976000000000003,0.07207207207208058,cost_energy,0.5349547083655947,0.697093593473984,1,balanced,0.011368821516054863,0.2033471031204577,0.011368821516054863,0.5349547083655947,6.960000000000001,158.94574215766195,unsupported,False,0.0,0.9784466474364586,0.02155335256354139,-8.872463417447236e-05
flat_train:flat:27105,5,flat_train,flat,27105,stable,cost_stability,decision_time_s,6.976000000000003,0.07207207207208058,cost_energy,0.5394387014678884,1.0,2,motion,0.01117936844890361,0.19873199651321327,0.01117936844890361,0.5394387014678884,6.976000000000003,160.27802618157753,strict,True,1.0,-0.0,0.0,0.004615106607244429
flat_train:flat:27105,5,flat_train,flat,27105,stable,cost_stability,decision_time_s,6.983999999999999,0.10810810810810087,cost_energy,0.5303036272921614,0.382899922280745,1,energy,0.011508889200141703,0.20684535987177607,0.011508889200141703,0.5303036272921614,6.983999999999999,157.5638129560087,unsupported,False,0.0,0.9784466474364586,0.02155335256354139,-0.00012552699990610826
flat_train:flat:27105,5,flat_train,flat,27105,stable,cost_stability,decision_time_s,6.983999999999999,0.10810810810810087,cost_energy,0.5349547083655947,0.697093593473984,2,balanced,0.011368821516054863,0.2033471031204577,0.011368821516054863,0.5349547083655947,6.960000000000001,158.94574215766195,unsupported,False,0.0,0.9784466474364586,0.02155335256354139,-8.872463417447236e-05
flat_train:flat:27105,5,flat_train,flat,27105,stable,cost_stability,decision_time_s,6.983999999999999,0.10810810810810087,cost_energy,0.5394387014678884,1.0,3,motion,0.01117936844890361,0.19873199651321327,0.01117936844890361,0.5394387014678884,6.976000000000003,160.27802618157753,strict,True,1.0,-0.0,0.0,0.004615106607244429
flat_train:flat:27105,5,flat_train,flat,27105,stable,cost_stability,decision_time_s,7.1819999999999995,1.0,cost_energy,0.5246354718045745,0.0,1,stability,0.011505455955921411,0.20886313273366347,0.011505455955921411,0.5246354718045745,7.1819999999999995,160.46438738845504,strict,True,0.0,-0.0,1.0,0.005668155487586923
flat_train:flat:27105,5,flat_train,flat,27105,stable,cost_stability,decision_time_s,7.1819999999999995,1.0,cost_energy,0.5303036272921614,0.382899922280745,2,stability,0.011505455955921411,0.20886313273366347,0.011505455955921411,0.5246354718045745,7.1819999999999995,160.46438738845504,strict,True,0.0,-0.0,1.0,0.005668155487586923
flat_train:flat:27105,5,flat_train,flat,27105,stable,cost_stability,decision_time_s,7.1819999999999995,1.0,cost_energy,0.5349547083655947,0.697093593473984,3,balanced,0.011368821516054863,0.2033471031204577,0.011368821516054863,0.5349547083655947,6.960000000000001,158.94574215766195,unsupported,False,0.0,0.9784466474364586,0.02155335256354139,-8.872463417447236e-05
flat_train:flat:27105,5,flat_train,flat,27105,stable,cost_stability,decision_time_s,7.1819999999999995,1.0,cost_energy,0.5394387014678884,1.0,4,motion,0.01117936844890361,0.19873199651321327,0.01117936844890361,0.5394387014678884,6.976000000000003,160.27802618157753,strict,True,1.0,-0.0,0.0,0.004615106607244429
flat_train:flat:27105,5,flat_train,flat,27105,efficient,cost_energy,decision_time_s,6.960000000000001,0.0,cost_stability,0.011368821516054863,0.5749351639902179,1,balanced,0.5349547083655947,0.2033471031204577,0.011368821516054863,0.5349547083655947,6.960000000000001,158.94574215766195,unsupported,False,0.0,0.9784466474364586,0.02155335256354139,-8.872463417447236e-05
flat_train:flat:27105,5,flat_train,flat,27105,efficient,cost_energy,decision_time_s,6.960000000000001,0.0,cost_stability,0.011505455955921411,0.9895810985881994,1,balanced,0.5349547083655947,0.2033471031204577,0.011368821516054863,0.5349547083655947,6.960000000000001,158.94574215766195,unsupported,False,0.0,0.9784466474364586,0.02155335256354139,-8.872463417447236e-05
flat_train:flat:27105,5,flat_train,flat,27105,efficient,cost_energy,decision_time_s,6.960000000000001,0.0,cost_stability,0.011508889200141703,1.0,1,balanced,0.5349547083655947,0.2033471031204577,0.011368821516054863,0.5349547083655947,6.960000000000001,158.94574215766195,unsupported,False,0.0,0.9784466474364586,0.02155335256354139,-8.872463417447236e-05
flat_train:flat:27105,5,flat_train,flat,27105,efficient,cost_energy,decision_time_s,6.976000000000003,0.07207207207208058,cost_stability,0.01117936844890361,0.0,1,motion,0.5394387014678884,0.19873199651321327,0.01117936844890361,0.5394387014678884,6.976000000000003,160.27802618157753,strict,True,1.0,-0.0,0.0,0.004615106607244429
flat_train:flat:27105,5,flat_train,flat,27105,efficient,cost_energy,decision_time_s,6.976000000000003,0.07207207207208058,cost_stability,0.011368821516054863,0.5749351639902179,2,balanced,0.5349547083655947,0.2033471031204577,0.011368821516054863,0.5349547083655947,6.960000000000001,158.94574215766195,unsupported,False,0.0,0.9784466474364586,0.02155335256354139,-8.872463417447236e-05
flat_train:flat:27105,5,flat_train,flat,27105,efficient,cost_energy,decision_time_s,6.976000000000003,0.07207207207208058,cost_stability,0.011505455955921411,0.9895810985881994,2,balanced,0.5349547083655947,0.2033471031204577,0.011368821516054863,0.5349547083655947,6.960000000000001,158.94574215766195,unsupported,False,0.0,0.9784466474364586,0.02155335256354139,-8.872463417447236e-05
flat_train:flat:27105,5,flat_train,flat,27105,efficient,cost_energy,decision_time_s,6.976000000000003,0.07207207207208058,cost_stability,0.011508889200141703,1.0,2,balanced,0.5349547083655947,0.2033471031204577,0.011368821516054863,0.5349547083655947,6.960000000000001,158.94574215766195,unsupported,False,0.0,0.9784466474364586,0.02155335256354139,-8.872463417447236e-05
flat_train:flat:27105,5,flat_train,flat,27105,efficient,cost_energy,decision_time_s,6.983999999999999,0.10810810810810087,cost_stability,0.01117936844890361,0.0,1,motion,0.5394387014678884,0.19873199651321327,0.01117936844890361,0.5394387014678884,6.976000000000003,160.27802618157753,strict,True,1.0,-0.0,0.0,0.004615106607244429
flat_train:flat:27105,5,flat_train,flat,27105,efficient,cost_energy,decision_time_s,6.983999999999999,0.10810810810810087,cost_stability,0.011368821516054863,0.5749351639902179,2,balanced,0.5349547083655947,0.2033471031204577,0.011368821516054863,0.5349547083655947,6.960000000000001,158.94574215766195,unsupported,False,0.0,0.9784466474364586,0.02155335256354139,-8.872463417447236e-05
flat_train:flat:27105,5,flat_train,flat,27105,efficient,cost_energy,decision_time_s,6.983999999999999,0.10810810810810087,cost_stability,0.011505455955921411,0.9895810985881994,2,balanced,0.5349547083655947,0.2033471031204577,0.011368821516054863,0.5349547083655947,6.960000000000001,158.94574215766195,unsupported,False,0.0,0.9784466474364586,0.02155335256354139,-8.872463417447236e-05
flat_train:flat:27105,5,flat_train,flat,27105,efficient,cost_energy,decision_time_s,6.983999999999999,0.10810810810810087,cost_stability,0.011508889200141703,1.0,3,energy,0.5303036272921614,0.20684535987177607,0.011508889200141703,0.5303036272921614,6.983999999999999,157.5638129560087,unsupported,False,0.0,0.9784466474364586,0.02155335256354139,-0.00012552699990610826
flat_train:flat:27105,5,flat_train,flat,27105,efficient,cost_energy,decision_time_s,7.1819999999999995,1.0,cost_stability,0.01117936844890361,0.0,1,motion,0.5394387014678884,0.19873199651321327,0.01117936844890361,0.5394387014678884,6.976000000000003,160.27802618157753,strict,True,1.0,-0.0,0.0,0.004615106607244429
flat_train:flat:27105,5,flat_train,flat,27105,efficient,cost_energy,decision_time_s,7.1819999999999995,1.0,cost_stability,0.011368821516054863,0.5749351639902179,2,balanced,0.5349547083655947,0.2033471031204577,0.011368821516054863,0.5349547083655947,6.960000000000001,158.94574215766195,unsupported,False,0.0,0.9784466474364586,0.02155335256354139,-8.872463417447236e-05
flat_train:flat:27105,5,flat_train,flat,27105,efficient,cost_energy,decision_time_s,7.1819999999999995,1.0,cost_stability,0.011505455955921411,0.9895810985881994,3,stability,0.5246354718045745,0.20886313273366347,0.011505455955921411,0.5246354718045745,7.1819999999999995,160.46438738845504,strict,True,0.0,-0.0,1.0,0.005668155487586923
flat_train:flat:27105,5,flat_train,flat,27105,efficient,cost_energy,decision_time_s,7.1819999999999995,1.0,cost_stability,0.011508889200141703,1.0,4,stability,0.5246354718045745,0.20886313273366347,0.011505455955921411,0.5246354718045745,7.1819999999999995,160.46438738845504,strict,True,0.0,-0.0,1.0,0.005668155487586923
flat_train:flat:27106,6,flat_train,flat,27106,fast,decision_time_s,cost_stability,0.011138279518062427,0.0,cost_energy,0.5451315016620261,1.0,1,motion,6.96,0.19875620361317525,0.011138279518062427,0.5451315016620261,6.96,161.96947096683232,strict,True,1.0,-0.0,0.0,0.0042799461402785455
flat_train:flat:27106,6,flat_train,flat,27106,fast,decision_time_s,cost_stability,0.011411024672171024,0.7232206232579454,cost_energy,0.5378422427936318,0.5237863670249459,1,balanced,6.960000000000001,0.2030361497534538,0.011411024672171024,0.5378422427936318,6.960000000000001,159.80368638264576,unsupported,False,0.031236763149330073,0.9282415340528823,0.040521702797787613,-9.149186264981418e-05
flat_train:flat:27106,6,flat_train,flat,27106,fast,decision_time_s,cost_stability,0.011479545038460439,0.904911631392088,cost_energy,0.5298248023916671,0.0,1,stability,7.166000000000002,0.2084715728729221,0.011479545038460439,0.5298248023916671,7.166000000000002,162.05158992882036,strict,True,0.0,-0.0,1.0,0.0006577768295693565
flat_train:flat:27106,6,flat_train,flat,27106,fast,decision_time_s,cost_stability,0.011479545038460439,0.904911631392088,cost_energy,0.5304825792212364,0.042973133394155295,1,stability,7.166000000000002,0.2084715728729221,0.011479545038460439,0.5298248023916671,7.166000000000002,162.05158992882036,strict,True,0.0,-0.0,1.0,0.0006577768295693565
flat_train:flat:27106,6,flat_train,flat,27106,fast,decision_time_s,cost_stability,0.011479545038460439,0.904911631392088,cost_energy,0.5378422427936318,0.5237863670249459,2,balanced,6.960000000000001,0.2030361497534538,0.011411024672171024,0.5378422427936318,6.960000000000001,159.80368638264576,unsupported,False,0.031236763149330073,0.9282415340528823,0.040521702797787613,-9.149186264981418e-05
flat_train:flat:27106,6,flat_train,flat,27106,fast,decision_time_s,cost_stability,0.011515405315277586,1.0,cost_energy,0.5298248023916671,0.0,1,stability,7.166000000000002,0.2084715728729221,0.011479545038460439,0.5298248023916671,7.166000000000002,162.05158992882036,strict,True,0.0,-0.0,1.0,0.0006577768295693565
flat_train:flat:27106,6,flat_train,flat,27106,fast,decision_time_s,cost_stability,0.011515405315277586,1.0,cost_energy,0.5304825792212364,0.042973133394155295,2,energy,7.16,0.2065526405151475,0.011515405315277586,0.5304825792212364,7.16,162.25277677505497,strict,True,0.5959653414450679,0.0,0.40403465855493215,0.0008778525410707276
flat_train:flat:27106,6,flat_train,flat,27106,fast,decision_time_s,cost_stability,0.011515405315277586,1.0,cost_energy,0.5378422427936318,0.5237863670249459,3,balanced,6.960000000000001,0.2030361497534538,0.011411024672171024,0.5378422427936318,6.960000000000001,159.80368638264576,unsupported,False,0.031236763149330073,0.9282415340528823,0.040521702797787613,-9.149186264981418e-05
flat_train:flat:27106,6,flat_train,flat,27106,stable,cost_stability,decision_time_s,6.96,0.0,cost_energy,0.5378422427936318,0.5237863670249459,1,balanced,0.011411024672171024,0.2030361497534538,0.011411024672171024,0.5378422427936318,6.960000000000001,159.80368638264576,unsupported,False,0.031236763149330073,0.9282415340528823,0.040521702797787613,-9.149186264981418e-05
flat_train:flat:27106,6,flat_train,flat,27106,stable,cost_stability,decision_time_s,6.96,0.0,cost_energy,0.5451315016620261,1.0,2,motion,0.011138279518062427,0.19875620361317525,0.011138279518062427,0.5451315016620261,6.96,161.96947096683232,strict,True,1.0,-0.0,0.0,0.0042799461402785455
flat_train:flat:27106,6,flat_train,flat,27106,stable,cost_stability,decision_time_s,6.960000000000001,4.311545726699592e-15,cost_energy,0.5378422427936318,0.5237863670249459,1,balanced,0.011411024672171024,0.2030361497534538,0.011411024672171024,0.5378422427936318,6.960000000000001,159.80368638264576,unsupported,False,0.031236763149330073,0.9282415340528823,0.040521702797787613,-9.149186264981418e-05
flat_train:flat:27106,6,flat_train,flat,27106,stable,cost_stability,decision_time_s,6.960000000000001,4.311545726699592e-15,cost_energy,0.5451315016620261,1.0,2,motion,0.011138279518062427,0.19875620361317525,0.011138279518062427,0.5451315016620261,6.96,161.96947096683232,strict,True,1.0,-0.0,0.0,0.0042799461402785455
flat_train:flat:27106,6,flat_train,flat,27106,stable,cost_stability,decision_time_s,7.16,0.9708737864077576,cost_energy,0.5304825792212364,0.042973133394155295,1,energy,0.011515405315277586,0.2065526405151475,0.011515405315277586,0.5304825792212364,7.16,162.25277677505497,strict,True,0.5959653414450679,0.0,0.40403465855493215,0.0008778525410707276
flat_train:flat:27106,6,flat_train,flat,27106,stable,cost_stability,decision_time_s,7.16,0.9708737864077576,cost_energy,0.5378422427936318,0.5237863670249459,2,balanced,0.011411024672171024,0.2030361497534538,0.011411024672171024,0.5378422427936318,6.960000000000001,159.80368638264576,unsupported,False,0.031236763149330073,0.9282415340528823,0.040521702797787613,-9.149186264981418e-05
flat_train:flat:27106,6,flat_train,flat,27106,stable,cost_stability,decision_time_s,7.16,0.9708737864077576,cost_energy,0.5451315016620261,1.0,3,motion,0.011138279518062427,0.19875620361317525,0.011138279518062427,0.5451315016620261,6.96,161.96947096683232,strict,True,1.0,-0.0,0.0,0.0042799461402785455
flat_train:flat:27106,6,flat_train,flat,27106,stable,cost_stability,decision_time_s,7.166000000000002,1.0,cost_energy,0.5298248023916671,0.0,1,stability,0.011479545038460439,0.2084715728729221,0.011479545038460439,0.5298248023916671,7.166000000000002,162.05158992882036,strict,True,0.0,-0.0,1.0,0.0006577768295693565
flat_train:flat:27106,6,flat_train,flat,27106,stable,cost_stability,decision_time_s,7.166000000000002,1.0,cost_energy,0.5304825792212364,0.042973133394155295,2,stability,0.011479545038460439,0.2084715728729221,0.011479545038460439,0.5298248023916671,7.166000000000002,162.05158992882036,strict,True,0.0,-0.0,1.0,0.0006577768295693565
flat_train:flat:27106,6,flat_train,flat,27106,stable,cost_stability,decision_time_s,7.166000000000002,1.0,cost_energy,0.5378422427936318,0.5237863670249459,3,balanced,0.011411024672171024,0.2030361497534538,0.011411024672171024,0.5378422427936318,6.960000000000001,159.80368638264576,unsupported,False,0.031236763149330073,0.9282415340528823,0.040521702797787613,-9.149186264981418e-05
flat_train:flat:27106,6,flat_train,flat,27106,stable,cost_stability,decision_time_s,7.166000000000002,1.0,cost_energy,0.5451315016620261,1.0,4,motion,0.011138279518062427,0.19875620361317525,0.011138279518062427,0.5451315016620261,6.96,161.96947096683232,strict,True,1.0,-0.0,0.0,0.0042799461402785455
flat_train:flat:27106,6,flat_train,flat,27106,efficient,cost_energy,decision_time_s,6.96,0.0,cost_stability,0.011138279518062427,0.0,1,motion,0.5451315016620261,0.19875620361317525,0.011138279518062427,0.5451315016620261,6.96,161.96947096683232,strict,True,1.0,-0.0,0.0,0.0042799461402785455
flat_train:flat:27106,6,flat_train,flat,27106,efficient,cost_energy,decision_time_s,6.96,0.0,cost_stability,0.011411024672171024,0.7232206232579454,2,balanced,0.5378422427936318,0.2030361497534538,0.011411024672171024,0.5378422427936318,6.960000000000001,159.80368638264576,unsupported,False,0.031236763149330073,0.9282415340528823,0.040521702797787613,-9.149186264981418e-05
flat_train:flat:27106,6,flat_train,flat,27106,efficient,cost_energy,decision_time_s,6.96,0.0,cost_stability,0.011479545038460439,0.904911631392088,2,balanced,0.5378422427936318,0.2030361497534538,0.011411024672171024,0.5378422427936318,6.960000000000001,159.80368638264576,unsupported,False,0.031236763149330073,0.9282415340528823,0.040521702797787613,-9.149186264981418e-05
flat_train:flat:27106,6,flat_train,flat,27106,efficient,cost_energy,decision_time_s,6.96,0.0,cost_stability,0.011515405315277586,1.0,2,balanced,0.5378422427936318,0.2030361497534538,0.011411024672171024,0.5378422427936318,6.960000000000001,159.80368638264576,unsupported,False,0.031236763149330073,0.9282415340528823,0.040521702797787613,-9.149186264981418e-05
flat_train:flat:27106,6,flat_train,flat,27106,efficient,cost_energy,decision_time_s,6.960000000000001,4.311545726699592e-15,cost_stability,0.011138279518062427,0.0,1,motion,0.5451315016620261,0.19875620361317525,0.011138279518062427,0.5451315016620261,6.96,161.96947096683232,strict,True,1.0,-0.0,0.0,0.0042799461402785455
flat_train:flat:27106,6,flat_train,flat,27106,efficient,cost_energy,decision_time_s,6.960000000000001,4.311545726699592e-15,cost_stability,0.011411024672171024,0.7232206232579454,2,balanced,0.5378422427936318,0.2030361497534538,0.011411024672171024,0.5378422427936318,6.960000000000001,159.80368638264576,unsupported,False,0.031236763149330073,0.9282415340528823,0.040521702797787613,-9.149186264981418e-05
flat_train:flat:27106,6,flat_train,flat,27106,efficient,cost_energy,decision_time_s,6.960000000000001,4.311545726699592e-15,cost_stability,0.011479545038460439,0.904911631392088,2,balanced,0.5378422427936318,0.2030361497534538,0.011411024672171024,0.5378422427936318,6.960000000000001,159.80368638264576,unsupported,False,0.031236763149330073,0.9282415340528823,0.040521702797787613,-9.149186264981418e-05
flat_train:flat:27106,6,flat_train,flat,27106,efficient,cost_energy,decision_time_s,6.960000000000001,4.311545726699592e-15,cost_stability,0.011515405315277586,1.0,2,balanced,0.5378422427936318,0.2030361497534538,0.011411024672171024,0.5378422427936318,6.960000000000001,159.80368638264576,unsupported,False,0.031236763149330073,0.9282415340528823,0.040521702797787613,-9.149186264981418e-05
flat_train:flat:27106,6,flat_train,flat,27106,efficient,cost_energy,decision_time_s,7.16,0.9708737864077576,cost_stability,0.011138279518062427,0.0,1,motion,0.5451315016620261,0.19875620361317525,0.011138279518062427,0.5451315016620261,6.96,161.96947096683232,strict,True,1.0,-0.0,0.0,0.0042799461402785455
flat_train:flat:27106,6,flat_train,flat,27106,efficient,cost_energy,decision_time_s,7.16,0.9708737864077576,cost_stability,0.011411024672171024,0.7232206232579454,2,balanced,0.5378422427936318,0.2030361497534538,0.011411024672171024,0.5378422427936318,6.960000000000001,159.80368638264576,unsupported,False,0.031236763149330073,0.9282415340528823,0.040521702797787613,-9.149186264981418e-05
flat_train:flat:27106,6,flat_train,flat,27106,efficient,cost_energy,decision_time_s,7.16,0.9708737864077576,cost_stability,0.011479545038460439,0.904911631392088,2,balanced,0.5378422427936318,0.2030361497534538,0.011411024672171024,0.5378422427936318,6.960000000000001,159.80368638264576,unsupported,False,0.031236763149330073,0.9282415340528823,0.040521702797787613,-9.149186264981418e-05
flat_train:flat:27106,6,flat_train,flat,27106,efficient,cost_energy,decision_time_s,7.16,0.9708737864077576,cost_stability,0.011515405315277586,1.0,3,energy,0.5304825792212364,0.2065526405151475,0.011515405315277586,0.5304825792212364,7.16,162.25277677505497,strict,True,0.5959653414450679,0.0,0.40403465855493215,0.0008778525410707276
flat_train:flat:27106,6,flat_train,flat,27106,efficient,cost_energy,decision_time_s,7.166000000000002,1.0,cost_stability,0.011138279518062427,0.0,1,motion,0.5451315016620261,0.19875620361317525,0.011138279518062427,0.5451315016620261,6.96,161.96947096683232,strict,True,1.0,-0.0,0.0,0.0042799461402785455
flat_train:flat:27106,6,flat_train,flat,27106,efficient,cost_energy,decision_time_s,7.166000000000002,1.0,cost_stability,0.011411024672171024,0.7232206232579454,2,balanced,0.5378422427936318,0.2030361497534538,0.011411024672171024,0.5378422427936318,6.960000000000001,159.80368638264576,unsupported,False,0.031236763149330073,0.9282415340528823,0.040521702797787613,-9.149186264981418e-05
flat_train:flat:27106,6,flat_train,flat,27106,efficient,cost_energy,decision_time_s,7.166000000000002,1.0,cost_stability,0.011479545038460439,0.904911631392088,3,stability,0.5298248023916671,0.2084715728729221,0.011479545038460439,0.5298248023916671,7.166000000000002,162.05158992882036,strict,True,0.0,-0.0,1.0,0.0006577768295693565
flat_train:flat:27106,6,flat_train,flat,27106,efficient,cost_energy,decision_time_s,7.166000000000002,1.0,cost_stability,0.011515405315277586,1.0,4,stability,0.5298248023916671,0.2084715728729221,0.011479545038460439,0.5298248023916671,7.166000000000002,162.05158992882036,strict,True,0.0,-0.0,1.0,0.0006577768295693565
flat_train:flat:27107,7,flat_train,flat,27107,fast,decision_time_s,cost_stability,0.011230212279242965,0.0,cost_energy,0.540720139411678,1.0,1,motion,6.944000000000002,0.19777294964570663,0.011230212279242965,0.540720139411678,6.944000000000002,160.65876702153935,strict,True,1.0,-0.0,0.0,0.005525954542432404
flat_train:flat:27107,7,flat_train,flat,27107,fast,decision_time_s,cost_stability,0.011340106413105296,0.3932915871716491,cost_energy,0.5389735975465749,0.8704546055840634,1,balanced,6.954000000000002,0.20329890418813903,0.011340106413105296,0.5389735975465749,6.954000000000002,160.13983450516537,unsupported,False,0.0,0.9855837961437673,0.014416203856232516,-8.313137405519684e-05
flat_train:flat:27107,7,flat_train,flat,27107,fast,decision_time_s,cost_stability,0.011340106413105296,0.3932915871716491,cost_energy,0.540720139411678,1.0,2,motion,6.944000000000002,0.19777294964570663,0.011230212279242965,0.540720139411678,6.944000000000002,160.65876702153935,strict,True,1.0,-0.0,0.0,0.005525954542432404
flat_train:flat:27107,7,flat_train,flat,27107,fast,decision_time_s,cost_stability,0.011427415672212084,0.7057559188156531,cost_energy,0.5272380555986839,0.0,1,stability,7.158000000000001,0.20870090258363894,0.011427415672212084,0.5272380555986839,7.158000000000001,161.260410601892,strict,True,0.0,-0.0,1.0,0.006308471143659844
flat_train:flat:27107,7,flat_train,flat,27107,fast,decision_time_s,cost_stability,0.011427415672212084,0.7057559188156531,cost_energy,0.5335465267423437,0.4679151406535324,1,stability,7.158000000000001,0.20870090258363894,0.011427415672212084,0.5272380555986839,7.158000000000001,161.260410601892,strict,True,0.0,-0.0,1.0,0.006308471143659844
flat_train:flat:27107,7,flat_train,flat,27107,fast,decision_time_s,cost_stability,0.011427415672212084,0.7057559188156531,cost_energy,0.5389735975465749,0.8704546055840634,2,balanced,6.954000000000002,0.20329890418813903,0.011340106413105296,0.5389735975465749,6.954000000000002,160.13983450516537,unsupported,False,0.0,0.9855837961437673,0.014416203856232516,-8.313137405519684e-05
flat_train:flat:27107,7,flat_train,flat,27107,fast,decision_time_s,cost_stability,0.011427415672212084,0.7057559188156531,cost_energy,0.540720139411678,1.0,3,motion,6.944000000000002,0.19777294964570663,0.011230212279242965,0.540720139411678,6.944000000000002,160.65876702153935,strict,True,1.0,-0.0,0.0,0.005525954542432404
flat_train:flat:27107,7,flat_train,flat,27107,fast,decision_time_s,cost_stability,0.011509633801204908,1.0,cost_energy,0.5272380555986839,0.0,1,stability,7.158000000000001,0.20870090258363894,0.011427415672212084,0.5272380555986839,7.158000000000001,161.260410601892,strict,True,0.0,-0.0,1.0,0.006308471143659844
flat_train:flat:27107,7,flat_train,flat,27107,fast,decision_time_s,cost_stability,0.011509633801204908,1.0,cost_energy,0.5335465267423437,0.4679151406535324,2,stability,7.158000000000001,0.20870090258363894,0.011427415672212084,0.5272380555986839,7.158000000000001,161.260410601892,strict,True,0.0,-0.0,1.0,0.006308471143659844
flat_train:flat:27107,7,flat_train,flat,27107,fast,decision_time_s,cost_stability,0.011509633801204908,1.0,cost_energy,0.5389735975465749,0.8704546055840634,3,balanced,6.954000000000002,0.20329890418813903,0.011340106413105296,0.5389735975465749,6.954000000000002,160.13983450516537,unsupported,False,0.0,0.9855837961437673,0.014416203856232516,-8.313137405519684e-05
flat_train:flat:27107,7,flat_train,flat,27107,fast,decision_time_s,cost_stability,0.011509633801204908,1.0,cost_energy,0.540720139411678,1.0,4,motion,6.944000000000002,0.19777294964570663,0.011230212279242965,0.540720139411678,6.944000000000002,160.65876702153935,strict,True,1.0,-0.0,0.0,0.005525954542432404
flat_train:flat:27107,7,flat_train,flat,27107,stable,cost_stability,decision_time_s,6.944000000000002,0.0,cost_energy,0.540720139411678,1.0,1,motion,0.011230212279242965,0.19777294964570663,0.011230212279242965,0.540720139411678,6.944000000000002,160.65876702153935,strict,True,1.0,-0.0,0.0,0.005525954542432404
flat_train:flat:27107,7,flat_train,flat,27107,stable,cost_stability,decision_time_s,6.954000000000002,0.04629629629629995,cost_energy,0.5389735975465749,0.8704546055840634,1,balanced,0.011340106413105296,0.20329890418813903,0.011340106413105296,0.5389735975465749,6.954000000000002,160.13983450516537,unsupported,False,0.0,0.9855837961437673,0.014416203856232516,-8.313137405519684e-05
flat_train:flat:27107,7,flat_train,flat,27107,stable,cost_stability,decision_time_s,6.954000000000002,0.04629629629629995,cost_energy,0.540720139411678,1.0,2,motion,0.011230212279242965,0.19777294964570663,0.011230212279242965,0.540720139411678,6.944000000000002,160.65876702153935,strict,True,1.0,-0.0,0.0,0.005525954542432404
flat_train:flat:27107,7,flat_train,flat,27107,stable,cost_stability,decision_time_s,7.158000000000001,0.9907407407407499,cost_energy,0.5272380555986839,0.0,1,stability,0.011427415672212084,0.20870090258363894,0.011427415672212084,0.5272380555986839,7.158000000000001,161.260410601892,strict,True,0.0,-0.0,1.0,0.006308471143659844
flat_train:flat:27107,7,flat_train,flat,27107,stable,cost_stability,decision_time_s,7.158000000000001,0.9907407407407499,cost_energy,0.5335465267423437,0.4679151406535324,1,stability,0.011427415672212084,0.20870090258363894,0.011427415672212084,0.5272380555986839,7.158000000000001,161.260410601892,strict,True,0.0,-0.0,1.0,0.006308471143659844
flat_train:flat:27107,7,flat_train,flat,27107,stable,cost_stability,decision_time_s,7.158000000000001,0.9907407407407499,cost_energy,0.5389735975465749,0.8704546055840634,2,balanced,0.011340106413105296,0.20329890418813903,0.011340106413105296,0.5389735975465749,6.954000000000002,160.13983450516537,unsupported,False,0.0,0.9855837961437673,0.014416203856232516,-8.313137405519684e-05
flat_train:flat:27107,7,flat_train,flat,27107,stable,cost_stability,decision_time_s,7.158000000000001,0.9907407407407499,cost_energy,0.540720139411678,1.0,3,motion,0.011230212279242965,0.19777294964570663,0.011230212279242965,0.540720139411678,6.944000000000002,160.65876702153935,strict,True,1.0,-0.0,0.0,0.005525954542432404
flat_train:flat:27107,7,flat_train,flat,27107,stable,cost_stability,decision_time_s,7.159999999999999,1.0,cost_energy,0.5272380555986839,0.0,1,stability,0.011427415672212084,0.20870090258363894,0.011427415672212084,0.5272380555986839,7.158000000000001,161.260410601892,strict,True,0.0,-0.0,1.0,0.006308471143659844
flat_train:flat:27107,7,flat_train,flat,27107,stable,cost_stability,decision_time_s,7.159999999999999,1.0,cost_energy,0.5335465267423437,0.4679151406535324,2,stability,0.011427415672212084,0.20870090258363894,0.011427415672212084,0.5272380555986839,7.158000000000001,161.260410601892,strict,True,0.0,-0.0,1.0,0.006308471143659844
flat_train:flat:27107,7,flat_train,flat,27107,stable,cost_stability,decision_time_s,7.159999999999999,1.0,cost_energy,0.5389735975465749,0.8704546055840634,3,balanced,0.011340106413105296,0.20329890418813903,0.011340106413105296,0.5389735975465749,6.954000000000002,160.13983450516537,unsupported,False,0.0,0.9855837961437673,0.014416203856232516,-8.313137405519684e-05
flat_train:flat:27107,7,flat_train,flat,27107,stable,cost_stability,decision_time_s,7.159999999999999,1.0,cost_energy,0.540720139411678,1.0,4,motion,0.011230212279242965,0.19777294964570663,0.011230212279242965,0.540720139411678,6.944000000000002,160.65876702153935,strict,True,1.0,-0.0,0.0,0.005525954542432404
flat_train:flat:27107,7,flat_train,flat,27107,efficient,cost_energy,decision_time_s,6.944000000000002,0.0,cost_stability,0.011230212279242965,0.0,1,motion,0.540720139411678,0.19777294964570663,0.011230212279242965,0.540720139411678,6.944000000000002,160.65876702153935,strict,True,1.0,-0.0,0.0,0.005525954542432404
flat_train:flat:27107,7,flat_train,flat,27107,efficient,cost_energy,decision_time_s,6.944000000000002,0.0,cost_stability,0.011340106413105296,0.3932915871716491,1,motion,0.540720139411678,0.19777294964570663,0.011230212279242965,0.540720139411678,6.944000000000002,160.65876702153935,strict,True,1.0,-0.0,0.0,0.005525954542432404
flat_train:flat:27107,7,flat_train,flat,27107,efficient,cost_energy,decision_time_s,6.944000000000002,0.0,cost_stability,0.011427415672212084,0.7057559188156531,1,motion,0.540720139411678,0.19777294964570663,0.011230212279242965,0.540720139411678,6.944000000000002,160.65876702153935,strict,True,1.0,-0.0,0.0,0.005525954542432404
flat_train:flat:27107,7,flat_train,flat,27107,efficient,cost_energy,decision_time_s,6.944000000000002,0.0,cost_stability,0.011509633801204908,1.0,1,motion,0.540720139411678,0.19777294964570663,0.011230212279242965,0.540720139411678,6.944000000000002,160.65876702153935,strict,True,1.0,-0.0,0.0,0.005525954542432404
flat_train:flat:27107,7,flat_train,flat,27107,efficient,cost_energy,decision_time_s,6.954000000000002,0.04629629629629995,cost_stability,0.011230212279242965,0.0,1,motion,0.540720139411678,0.19777294964570663,0.011230212279242965,0.540720139411678,6.944000000000002,160.65876702153935,strict,True,1.0,-0.0,0.0,0.005525954542432404
flat_train:flat:27107,7,flat_train,flat,27107,efficient,cost_energy,decision_time_s,6.954000000000002,0.04629629629629995,cost_stability,0.011340106413105296,0.3932915871716491,2,balanced,0.5389735975465749,0.20329890418813903,0.011340106413105296,0.5389735975465749,6.954000000000002,160.13983450516537,unsupported,False,0.0,0.9855837961437673,0.014416203856232516,-8.313137405519684e-05
flat_train:flat:27107,7,flat_train,flat,27107,efficient,cost_energy,decision_time_s,6.954000000000002,0.04629629629629995,cost_stability,0.011427415672212084,0.7057559188156531,2,balanced,0.5389735975465749,0.20329890418813903,0.011340106413105296,0.5389735975465749,6.954000000000002,160.13983450516537,unsupported,False,0.0,0.9855837961437673,0.014416203856232516,-8.313137405519684e-05
flat_train:flat:27107,7,flat_train,flat,27107,efficient,cost_energy,decision_time_s,6.954000000000002,0.04629629629629995,cost_stability,0.011509633801204908,1.0,2,balanced,0.5389735975465749,0.20329890418813903,0.011340106413105296,0.5389735975465749,6.954000000000002,160.13983450516537,unsupported,False,0.0,0.9855837961437673,0.014416203856232516,-8.313137405519684e-05
flat_train:flat:27107,7,flat_train,flat,27107,efficient,cost_energy,decision_time_s,7.158000000000001,0.9907407407407499,cost_stability,0.011230212279242965,0.0,1,motion,0.540720139411678,0.19777294964570663,0.011230212279242965,0.540720139411678,6.944000000000002,160.65876702153935,strict,True,1.0,-0.0,0.0,0.005525954542432404
flat_train:flat:27107,7,flat_train,flat,27107,efficient,cost_energy,decision_time_s,7.158000000000001,0.9907407407407499,cost_stability,0.011340106413105296,0.3932915871716491,2,balanced,0.5389735975465749,0.20329890418813903,0.011340106413105296,0.5389735975465749,6.954000000000002,160.13983450516537,unsupported,False,0.0,0.9855837961437673,0.014416203856232516,-8.313137405519684e-05
flat_train:flat:27107,7,flat_train,flat,27107,efficient,cost_energy,decision_time_s,7.158000000000001,0.9907407407407499,cost_stability,0.011427415672212084,0.7057559188156531,3,stability,0.5272380555986839,0.20870090258363894,0.011427415672212084,0.5272380555986839,7.158000000000001,161.260410601892,strict,True,0.0,-0.0,1.0,0.006308471143659844
flat_train:flat:27107,7,flat_train,flat,27107,efficient,cost_energy,decision_time_s,7.158000000000001,0.9907407407407499,cost_stability,0.011509633801204908,1.0,3,stability,0.5272380555986839,0.20870090258363894,0.011427415672212084,0.5272380555986839,7.158000000000001,161.260410601892,strict,True,0.0,-0.0,1.0,0.006308471143659844
flat_train:flat:27107,7,flat_train,flat,27107,efficient,cost_energy,decision_time_s,7.159999999999999,1.0,cost_stability,0.011230212279242965,0.0,1,motion,0.540720139411678,0.19777294964570663,0.011230212279242965,0.540720139411678,6.944000000000002,160.65876702153935,strict,True,1.0,-0.0,0.0,0.005525954542432404
flat_train:flat:27107,7,flat_train,flat,27107,efficient,cost_energy,decision_time_s,7.159999999999999,1.0,cost_stability,0.011340106413105296,0.3932915871716491,2,balanced,0.5389735975465749,0.20329890418813903,0.011340106413105296,0.5389735975465749,6.954000000000002,160.13983450516537,unsupported,False,0.0,0.9855837961437673,0.014416203856232516,-8.313137405519684e-05
flat_train:flat:27107,7,flat_train,flat,27107,efficient,cost_energy,decision_time_s,7.159999999999999,1.0,cost_stability,0.011427415672212084,0.7057559188156531,3,stability,0.5272380555986839,0.20870090258363894,0.011427415672212084,0.5272380555986839,7.158000000000001,161.260410601892,strict,True,0.0,-0.0,1.0,0.006308471143659844
flat_train:flat:27107,7,flat_train,flat,27107,efficient,cost_energy,decision_time_s,7.159999999999999,1.0,cost_stability,0.011509633801204908,1.0,4,stability,0.5272380555986839,0.20870090258363894,0.011427415672212084,0.5272380555986839,7.158000000000001,161.260410601892,strict,True,0.0,-0.0,1.0,0.006308471143659844
flat_train:flat:27108,8,flat_train,flat,27108,fast,decision_time_s,cost_stability,0.011224813519734088,0.0,cost_energy,0.5441151248518414,1.0,1,motion,6.962000000000002,0.19828124426190244,0.011224813519734088,0.5441151248518414,6.962000000000002,161.6674850904949,strict,True,1.0,-0.0,0.0,0.00556796869382617
flat_train:flat:27108,8,flat_train,flat,27108,fast,decision_time_s,cost_stability,0.011300652711629682,0.26652320278555147,cost_energy,0.5338688987372093,0.3530079420071255,1,balanced,6.966000000000001,0.2038492129557286,0.011300652711629682,0.5338688987372093,6.966000000000001,158.62312640248345,strict,True,0.6148170639391446,0.0,0.3851829360608554,0.0005233892939341266
flat_train:flat:27108,8,flat_train,flat,27108,fast,decision_time_s,cost_stability,0.011300652711629682,0.26652320278555147,cost_energy,0.5441151248518414,1.0,2,motion,6.962000000000002,0.19828124426190244,0.011224813519734088,0.5441151248518414,6.962000000000002,161.6674850904949,strict,True,1.0,-0.0,0.0,0.00556796869382617
flat_train:flat:27108,8,flat_train,flat,27108,fast,decision_time_s,cost_stability,0.011497837023962001,0.9594920115015795,cost_energy,0.5322661109926886,0.2518008312375961,1,energy,7.164000000000001,0.20670673249803673,0.011497837023962001,0.5322661109926886,7.164000000000001,162.79828570168075,unsupported,False,0.0,0.9640103768164114,0.03598962318358862,-0.00013240399626518942
flat_train:flat:27108,8,flat_train,flat,27108,fast,decision_time_s,cost_stability,0.011497837023962001,0.9594920115015795,cost_energy,0.5338688987372093,0.3530079420071255,2,balanced,6.966000000000001,0.2038492129557286,0.011300652711629682,0.5338688987372093,6.966000000000001,158.62312640248345,strict,True,0.6148170639391446,0.0,0.3851829360608554,0.0005233892939341266
flat_train:flat:27108,8,flat_train,flat,27108,fast,decision_time_s,cost_stability,0.011497837023962001,0.9594920115015795,cost_energy,0.5441151248518414,1.0,3,motion,6.962000000000002,0.19828124426190244,0.011224813519734088,0.5441151248518414,6.962000000000002,161.6674850904949,strict,True,1.0,-0.0,0.0,0.00556796869382617
flat_train:flat:27108,8,flat_train,flat,27108,fast,decision_time_s,cost_stability,0.011509363574299564,1.0,cost_energy,0.5282784140482832,0.0,1,stability,7.179999999999999,0.20820294475241616,0.011509363574299564,0.5282784140482832,7.179999999999999,161.5786134117499,strict,True,0.0,0.0,1.0,0.003987696944405372
flat_train:flat:27108,8,flat_train,flat,27108,fast,decision_time_s,cost_stability,0.011509363574299564,1.0,cost_energy,0.5322661109926886,0.2518008312375961,2,energy,7.164000000000001,0.20670673249803673,0.011497837023962001,0.5322661109926886,7.164000000000001,162.79828570168075,unsupported,False,0.0,0.9640103768164114,0.03598962318358862,-0.00013240399626518942
flat_train:flat:27108,8,flat_train,flat,27108,fast,decision_time_s,cost_stability,0.011509363574299564,1.0,cost_energy,0.5338688987372093,0.3530079420071255,3,balanced,6.966000000000001,0.2038492129557286,0.011300652711629682,0.5338688987372093,6.966000000000001,158.62312640248345,strict,True,0.6148170639391446,0.0,0.3851829360608554,0.0005233892939341266
flat_train:flat:27108,8,flat_train,flat,27108,fast,decision_time_s,cost_stability,0.011509363574299564,1.0,cost_energy,0.5441151248518414,1.0,4,motion,6.962000000000002,0.19828124426190244,0.011224813519734088,0.5441151248518414,6.962000000000002,161.6674850904949,strict,True,1.0,-0.0,0.0,0.00556796869382617
flat_train:flat:27108,8,flat_train,flat,27108,stable,cost_stability,decision_time_s,6.962000000000002,0.0,cost_energy,0.5441151248518414,1.0,1,motion,0.011224813519734088,0.19828124426190244,0.011224813519734088,0.5441151248518414,6.962000000000002,161.6674850904949,strict,True,1.0,-0.0,0.0,0.00556796869382617
flat_train:flat:27108,8,flat_train,flat,27108,stable,cost_stability,decision_time_s,6.966000000000001,0.018348623853205216,cost_energy,0.5338688987372093,0.3530079420071255,1,balanced,0.011300652711629682,0.2038492129557286,0.011300652711629682,0.5338688987372093,6.966000000000001,158.62312640248345,strict,True,0.6148170639391446,0.0,0.3851829360608554,0.0005233892939341266
flat_train:flat:27108,8,flat_train,flat,27108,stable,cost_stability,decision_time_s,6.966000000000001,0.018348623853205216,cost_energy,0.5441151248518414,1.0,2,motion,0.011224813519734088,0.19828124426190244,0.011224813519734088,0.5441151248518414,6.962000000000002,161.6674850904949,strict,True,1.0,-0.0,0.0,0.00556796869382617
flat_train:flat:27108,8,flat_train,flat,27108,stable,cost_stability,decision_time_s,7.164000000000001,0.9266055045871628,cost_energy,0.5322661109926886,0.2518008312375961,1,energy,0.011497837023962001,0.20670673249803673,0.011497837023962001,0.5322661109926886,7.164000000000001,162.79828570168075,unsupported,False,0.0,0.9640103768164114,0.03598962318358862,-0.00013240399626518942
flat_train:flat:27108,8,flat_train,flat,27108,stable,cost_stability,decision_time_s,7.164000000000001,0.9266055045871628,cost_energy,0.5338688987372093,0.3530079420071255,2,balanced,0.011300652711629682,0.2038492129557286,0.011300652711629682,0.5338688987372093,6.966000000000001,158.62312640248345,strict,True,0.6148170639391446,0.0,0.3851829360608554,0.0005233892939341266
flat_train:flat:27108,8,flat_train,flat,27108,stable,cost_stability,decision_time_s,7.164000000000001,0.9266055045871628,cost_energy,0.5441151248518414,1.0,3,motion,0.011224813519734088,0.19828124426190244,0.011224813519734088,0.5441151248518414,6.962000000000002,161.6674850904949,strict,True,1.0,-0.0,0.0,0.00556796869382617
flat_train:flat:27108,8,flat_train,flat,27108,stable,cost_stability,decision_time_s,7.179999999999999,1.0,cost_energy,0.5282784140482832,0.0,1,stability,0.011509363574299564,0.20820294475241616,0.011509363574299564,0.5282784140482832,7.179999999999999,161.5786134117499,strict,True,0.0,0.0,1.0,0.003987696944405372
flat_train:flat:27108,8,flat_train,flat,27108,stable,cost_stability,decision_time_s,7.179999999999999,1.0,cost_energy,0.5322661109926886,0.2518008312375961,2,energy,0.011497837023962001,0.20670673249803673,0.011497837023962001,0.5322661109926886,7.164000000000001,162.79828570168075,unsupported,False,0.0,0.9640103768164114,0.03598962318358862,-0.00013240399626518942
flat_train:flat:27108,8,flat_train,flat,27108,stable,cost_stability,decision_time_s,7.179999999999999,1.0,cost_energy,0.5338688987372093,0.3530079420071255,3,balanced,0.011300652711629682,0.2038492129557286,0.011300652711629682,0.5338688987372093,6.966000000000001,158.62312640248345,strict,True,0.6148170639391446,0.0,0.3851829360608554,0.0005233892939341266
flat_train:flat:27108,8,flat_train,flat,27108,stable,cost_stability,decision_time_s,7.179999999999999,1.0,cost_energy,0.5441151248518414,1.0,4,motion,0.011224813519734088,0.19828124426190244,0.011224813519734088,0.5441151248518414,6.962000000000002,161.6674850904949,strict,True,1.0,-0.0,0.0,0.00556796869382617
flat_train:flat:27108,8,flat_train,flat,27108,efficient,cost_energy,decision_time_s,6.962000000000002,0.0,cost_stability,0.011224813519734088,0.0,1,motion,0.5441151248518414,0.19828124426190244,0.011224813519734088,0.5441151248518414,6.962000000000002,161.6674850904949,strict,True,1.0,-0.0,0.0,0.00556796869382617
flat_train:flat:27108,8,flat_train,flat,27108,efficient,cost_energy,decision_time_s,6.962000000000002,0.0,cost_stability,0.011300652711629682,0.26652320278555147,1,motion,0.5441151248518414,0.19828124426190244,0.011224813519734088,0.5441151248518414,6.962000000000002,161.6674850904949,strict,True,1.0,-0.0,0.0,0.00556796869382617
flat_train:flat:27108,8,flat_train,flat,27108,efficient,cost_energy,decision_time_s,6.962000000000002,0.0,cost_stability,0.011497837023962001,0.9594920115015795,1,motion,0.5441151248518414,0.19828124426190244,0.011224813519734088,0.5441151248518414,6.962000000000002,161.6674850904949,strict,True,1.0,-0.0,0.0,0.00556796869382617
flat_train:flat:27108,8,flat_train,flat,27108,efficient,cost_energy,decision_time_s,6.962000000000002,0.0,cost_stability,0.011509363574299564,1.0,1,motion,0.5441151248518414,0.19828124426190244,0.011224813519734088,0.5441151248518414,6.962000000000002,161.6674850904949,strict,True,1.0,-0.0,0.0,0.00556796869382617
flat_train:flat:27108,8,flat_train,flat,27108,efficient,cost_energy,decision_time_s,6.966000000000001,0.018348623853205216,cost_stability,0.011224813519734088,0.0,1,motion,0.5441151248518414,0.19828124426190244,0.011224813519734088,0.5441151248518414,6.962000000000002,161.6674850904949,strict,True,1.0,-0.0,0.0,0.00556796869382617
flat_train:flat:27108,8,flat_train,flat,27108,efficient,cost_energy,decision_time_s,6.966000000000001,0.018348623853205216,cost_stability,0.011300652711629682,0.26652320278555147,2,balanced,0.5338688987372093,0.2038492129557286,0.011300652711629682,0.5338688987372093,6.966000000000001,158.62312640248345,strict,True,0.6148170639391446,0.0,0.3851829360608554,0.0005233892939341266
flat_train:flat:27108,8,flat_train,flat,27108,efficient,cost_energy,decision_time_s,6.966000000000001,0.018348623853205216,cost_stability,0.011497837023962001,0.9594920115015795,2,balanced,0.5338688987372093,0.2038492129557286,0.011300652711629682,0.5338688987372093,6.966000000000001,158.62312640248345,strict,True,0.6148170639391446,0.0,0.3851829360608554,0.0005233892939341266
flat_train:flat:27108,8,flat_train,flat,27108,efficient,cost_energy,decision_time_s,6.966000000000001,0.018348623853205216,cost_stability,0.011509363574299564,1.0,2,balanced,0.5338688987372093,0.2038492129557286,0.011300652711629682,0.5338688987372093,6.966000000000001,158.62312640248345,strict,True,0.6148170639391446,0.0,0.3851829360608554,0.0005233892939341266
flat_train:flat:27108,8,flat_train,flat,27108,efficient,cost_energy,decision_time_s,7.164000000000001,0.9266055045871628,cost_stability,0.011224813519734088,0.0,1,motion,0.5441151248518414,0.19828124426190244,0.011224813519734088,0.5441151248518414,6.962000000000002,161.6674850904949,strict,True,1.0,-0.0,0.0,0.00556796869382617
flat_train:flat:27108,8,flat_train,flat,27108,efficient,cost_energy,decision_time_s,7.164000000000001,0.9266055045871628,cost_stability,0.011300652711629682,0.26652320278555147,2,balanced,0.5338688987372093,0.2038492129557286,0.011300652711629682,0.5338688987372093,6.966000000000001,158.62312640248345,strict,True,0.6148170639391446,0.0,0.3851829360608554,0.0005233892939341266
flat_train:flat:27108,8,flat_train,flat,27108,efficient,cost_energy,decision_time_s,7.164000000000001,0.9266055045871628,cost_stability,0.011497837023962001,0.9594920115015795,3,energy,0.5322661109926886,0.20670673249803673,0.011497837023962001,0.5322661109926886,7.164000000000001,162.79828570168075,unsupported,False,0.0,0.9640103768164114,0.03598962318358862,-0.00013240399626518942
flat_train:flat:27108,8,flat_train,flat,27108,efficient,cost_energy,decision_time_s,7.164000000000001,0.9266055045871628,cost_stability,0.011509363574299564,1.0,3,energy,0.5322661109926886,0.20670673249803673,0.011497837023962001,0.5322661109926886,7.164000000000001,162.79828570168075,unsupported,False,0.0,0.9640103768164114,0.03598962318358862,-0.00013240399626518942
flat_train:flat:27108,8,flat_train,flat,27108,efficient,cost_energy,decision_time_s,7.179999999999999,1.0,cost_stability,0.011224813519734088,0.0,1,motion,0.5441151248518414,0.19828124426190244,0.011224813519734088,0.5441151248518414,6.962000000000002,161.6674850904949,strict,True,1.0,-0.0,0.0,0.00556796869382617
flat_train:flat:27108,8,flat_train,flat,27108,efficient,cost_energy,decision_time_s,7.179999999999999,1.0,cost_stability,0.011300652711629682,0.26652320278555147,2,balanced,0.5338688987372093,0.2038492129557286,0.011300652711629682,0.5338688987372093,6.966000000000001,158.62312640248345,strict,True,0.6148170639391446,0.0,0.3851829360608554,0.0005233892939341266
flat_train:flat:27108,8,flat_train,flat,27108,efficient,cost_energy,decision_time_s,7.179999999999999,1.0,cost_stability,0.011497837023962001,0.9594920115015795,3,energy,0.5322661109926886,0.20670673249803673,0.011497837023962001,0.5322661109926886,7.164000000000001,162.79828570168075,unsupported,False,0.0,0.9640103768164114,0.03598962318358862,-0.00013240399626518942
flat_train:flat:27108,8,flat_train,flat,27108,efficient,cost_energy,decision_time_s,7.179999999999999,1.0,cost_stability,0.011509363574299564,1.0,4,stability,0.5282784140482832,0.20820294475241616,0.011509363574299564,0.5282784140482832,7.179999999999999,161.5786134117499,strict,True,0.0,0.0,1.0,0.003987696944405372
flat_train:flat:27109,9,flat_train,flat,27109,fast,decision_time_s,cost_stability,0.01126968922152145,0.0,cost_energy,0.545974628276557,1.0,1,motion,6.952000000000003,0.1977714305228086,0.01126968922152145,0.545974628276557,6.952000000000003,162.2199807452936,strict,True,1.0,-0.0,0.0,0.005591046366625552
flat_train:flat:27109,9,flat_train,flat,27109,fast,decision_time_s,cost_stability,0.011319688092373712,0.2535630168995561,cost_energy,0.5398507269940538,0.6442314112735054,1,balanced,6.958000000000002,0.20336247688943415,0.011319688092373712,0.5398507269940538,6.958000000000002,160.40044720530184,strict,True,0.0,0.9886742510797104,0.011325748920289504,1.9925172143577973e-05
flat_train:flat:27109,9,flat_train,flat,27109,fast,decision_time_s,cost_stability,0.011319688092373712,0.2535630168995561,cost_energy,0.545974628276557,1.0,2,motion,6.952000000000003,0.1977714305228086,0.01126968922152145,0.545974628276557,6.952000000000003,162.2199807452936,strict,True,1.0,-0.0,0.0,0.005591046366625552
flat_train:flat:27109,9,flat_train,flat,27109,fast,decision_time_s,cost_stability,0.011466874408318894,1.0,cost_energy,0.5287614692834479,0.0,1,energy,7.168000000000001,0.20704809962052603,0.011466874408318894,0.5287614692834479,7.168000000000001,161.726360116941,strict,True,0.62049087144699,0.0,0.37950912855301,0.0007764624765511702
flat_train:flat:27109,9,flat_train,flat,27109,fast,decision_time_s,cost_stability,0.011466874408318894,1.0,cost_energy,0.5398507269940538,0.6442314112735054,2,balanced,6.958000000000002,0.20336247688943415,0.011319688092373712,0.5398507269940538,6.958000000000002,160.40044720530184,strict,True,0.0,0.9886742510797104,0.011325748920289504,1.9925172143577973e-05
flat_train:flat:27109,9,flat_train,flat,27109,fast,decision_time_s,cost_stability,0.011466874408318894,1.0,cost_energy,0.545974628276557,1.0,3,motion,6.952000000000003,0.1977714305228086,0.01126968922152145,0.545974628276557,6.952000000000003,162.2199807452936,strict,True,1.0,-0.0,0.0,0.005591046366625552
flat_train:flat:27109,9,flat_train,flat,27109,stable,cost_stability,decision_time_s,6.952000000000003,0.0,cost_energy,0.545974628276557,1.0,1,motion,0.01126968922152145,0.1977714305228086,0.01126968922152145,0.545974628276557,6.952000000000003,162.2199807452936,strict,True,1.0,-0.0,0.0,0.005591046366625552
flat_train:flat:27109,9,flat_train,flat,27109,stable,cost_stability,decision_time_s,6.958000000000002,0.02777777777777492,cost_energy,0.5398507269940538,0.6442314112735054,1,balanced,0.011319688092373712,0.20336247688943415,0.011319688092373712,0.5398507269940538,6.958000000000002,160.40044720530184,strict,True,0.0,0.9886742510797104,0.011325748920289504,1.9925172143577973e-05
flat_train:flat:27109,9,flat_train,flat,27109,stable,cost_stability,decision_time_s,6.958000000000002,0.02777777777777492,cost_energy,0.545974628276557,1.0,2,motion,0.01126968922152145,0.1977714305228086,0.01126968922152145,0.545974628276557,6.952000000000003,162.2199807452936,strict,True,1.0,-0.0,0.0,0.005591046366625552
flat_train:flat:27109,9,flat_train,flat,27109,stable,cost_stability,decision_time_s,7.168000000000001,1.0,cost_energy,0.5287614692834479,0.0,1,energy,0.011466874408318894,0.20704809962052603,0.011466874408318894,0.5287614692834479,7.168000000000001,161.726360116941,strict,True,0.62049087144699,0.0,0.37950912855301,0.0007764624765511702
flat_train:flat:27109,9,flat_train,flat,27109,stable,cost_stability,decision_time_s,7.168000000000001,1.0,cost_energy,0.5398507269940538,0.6442314112735054,2,balanced,0.011319688092373712,0.20336247688943415,0.011319688092373712,0.5398507269940538,6.958000000000002,160.40044720530184,strict,True,0.0,0.9886742510797104,0.011325748920289504,1.9925172143577973e-05
flat_train:flat:27109,9,flat_train,flat,27109,stable,cost_stability,decision_time_s,7.168000000000001,1.0,cost_energy,0.545974628276557,1.0,3,motion,0.01126968922152145,0.1977714305228086,0.01126968922152145,0.545974628276557,6.952000000000003,162.2199807452936,strict,True,1.0,-0.0,0.0,0.005591046366625552
flat_train:flat:27109,9,flat_train,flat,27109,efficient,cost_energy,decision_time_s,6.952000000000003,0.0,cost_stability,0.01126968922152145,0.0,1,motion,0.545974628276557,0.1977714305228086,0.01126968922152145,0.545974628276557,6.952000000000003,162.2199807452936,strict,True,1.0,-0.0,0.0,0.005591046366625552
flat_train:flat:27109,9,flat_train,flat,27109,efficient,cost_energy,decision_time_s,6.952000000000003,0.0,cost_stability,0.011319688092373712,0.2535630168995561,1,motion,0.545974628276557,0.1977714305228086,0.01126968922152145,0.545974628276557,6.952000000000003,162.2199807452936,strict,True,1.0,-0.0,0.0,0.005591046366625552
flat_train:flat:27109,9,flat_train,flat,27109,efficient,cost_energy,decision_time_s,6.952000000000003,0.0,cost_stability,0.011466874408318894,1.0,1,motion,0.545974628276557,0.1977714305228086,0.01126968922152145,0.545974628276557,6.952000000000003,162.2199807452936,strict,True,1.0,-0.0,0.0,0.005591046366625552
flat_train:flat:27109,9,flat_train,flat,27109,efficient,cost_energy,decision_time_s,6.958000000000002,0.02777777777777492,cost_stability,0.01126968922152145,0.0,1,motion,0.545974628276557,0.1977714305228086,0.01126968922152145,0.545974628276557,6.952000000000003,162.2199807452936,strict,True,1.0,-0.0,0.0,0.005591046366625552
flat_train:flat:27109,9,flat_train,flat,27109,efficient,cost_energy,decision_time_s,6.958000000000002,0.02777777777777492,cost_stability,0.011319688092373712,0.2535630168995561,2,balanced,0.5398507269940538,0.20336247688943415,0.011319688092373712,0.5398507269940538,6.958000000000002,160.40044720530184,strict,True,0.0,0.9886742510797104,0.011325748920289504,1.9925172143577973e-05
flat_train:flat:27109,9,flat_train,flat,27109,efficient,cost_energy,decision_time_s,6.958000000000002,0.02777777777777492,cost_stability,0.011466874408318894,1.0,2,balanced,0.5398507269940538,0.20336247688943415,0.011319688092373712,0.5398507269940538,6.958000000000002,160.40044720530184,strict,True,0.0,0.9886742510797104,0.011325748920289504,1.9925172143577973e-05
flat_train:flat:27109,9,flat_train,flat,27109,efficient,cost_energy,decision_time_s,7.168000000000001,1.0,cost_stability,0.01126968922152145,0.0,1,motion,0.545974628276557,0.1977714305228086,0.01126968922152145,0.545974628276557,6.952000000000003,162.2199807452936,strict,True,1.0,-0.0,0.0,0.005591046366625552
flat_train:flat:27109,9,flat_train,flat,27109,efficient,cost_energy,decision_time_s,7.168000000000001,1.0,cost_stability,0.011319688092373712,0.2535630168995561,2,balanced,0.5398507269940538,0.20336247688943415,0.011319688092373712,0.5398507269940538,6.958000000000002,160.40044720530184,strict,True,0.0,0.9886742510797104,0.011325748920289504,1.9925172143577973e-05
flat_train:flat:27109,9,flat_train,flat,27109,efficient,cost_energy,decision_time_s,7.168000000000001,1.0,cost_stability,0.011466874408318894,1.0,3,energy,0.5287614692834479,0.20704809962052603,0.011466874408318894,0.5287614692834479,7.168000000000001,161.726360116941,strict,True,0.62049087144699,0.0,0.37950912855301,0.0007764624765511702
flat_train:flat:27110,10,flat_train,flat,27110,fast,decision_time_s,cost_stability,0.011186075202893503,0.0,cost_energy,0.5445132367293413,1.0,1,motion,6.954000000000001,0.19811627629340228,0.011186075202893503,0.5445132367293413,6.954000000000001,161.7857720909483,strict,True,1.0,-0.0,0.0,0.004950610281125312
flat_train:flat:27110,10,flat_train,flat,27110,fast,decision_time_s,cost_stability,0.011339593400014291,0.40945490032562754,cost_energy,0.5398930780819409,0.734919567714067,1,balanced,6.9460000000000015,0.2030668865745276,0.011339593400014291,0.5398930780819409,6.9460000000000015,160.41303056047215,unsupported,False,0.0,0.9790128031117897,0.020987196888210345,-5.333210130413173e-05
flat_train:flat:27110,10,flat_train,flat,27110,fast,decision_time_s,cost_stability,0.011339593400014291,0.40945490032562754,cost_energy,0.5445132367293413,1.0,2,balanced,6.9460000000000015,0.2030668865745276,0.011339593400014291,0.5398930780819409,6.9460000000000015,160.41303056047215,unsupported,False,0.0,0.9790128031117897,0.020987196888210345,-5.333210130413173e-05
flat_train:flat:27110,10,flat_train,flat,27110,fast,decision_time_s,cost_stability,0.011429106355070662,0.6481987025448598,cost_energy,0.5331762958885133,0.3495458904690128,1,energy,6.962,0.2066398466211281,0.011429106355070662,0.5331762958885133,6.962,158.41734024510424,strict,True,0.0,0.9789413159822564,0.021058684017743676,8.278189578562935e-07
flat_train:flat:27110,10,flat_train,flat,27110,fast,decision_time_s,cost_stability,0.011429106355070662,0.6481987025448598,cost_energy,0.5398930780819409,0.734919567714067,2,balanced,6.9460000000000015,0.2030668865745276,0.011339593400014291,0.5398930780819409,6.9460000000000015,160.41303056047215,unsupported,False,0.0,0.9790128031117897,0.020987196888210345,-5.333210130413173e-05
flat_train:flat:27110,10,flat_train,flat,27110,fast,decision_time_s,cost_stability,0.011429106355070662,0.6481987025448598,cost_energy,0.5445132367293413,1.0,3,balanced,6.9460000000000015,0.2030668865745276,0.011339593400014291,0.5398930780819409,6.9460000000000015,160.41303056047215,unsupported,False,0.0,0.9790128031117897,0.020987196888210345,-5.333210130413173e-05
flat_train:flat:27110,10,flat_train,flat,27110,fast,decision_time_s,cost_stability,0.011561008307855001,1.0,cost_energy,0.5270839658942281,0.0,1,stability,7.180000000000004,0.2089993411799948,0.011561008307855001,0.5270839658942281,7.180000000000004,161.21328090640395,strict,True,0.0,0.0,1.0,0.006092329994285217
flat_train:flat:27110,10,flat_train,flat,27110,fast,decision_time_s,cost_stability,0.011561008307855001,1.0,cost_energy,0.5331762958885133,0.3495458904690128,2,energy,6.962,0.2066398466211281,0.011429106355070662,0.5331762958885133,6.962,158.41734024510424,strict,True,0.0,0.9789413159822564,0.021058684017743676,8.278189578562935e-07
flat_train:flat:27110,10,flat_train,flat,27110,fast,decision_time_s,cost_stability,0.011561008307855001,1.0,cost_energy,0.5398930780819409,0.734919567714067,3,balanced,6.9460000000000015,0.2030668865745276,0.011339593400014291,0.5398930780819409,6.9460000000000015,160.41303056047215,unsupported,False,0.0,0.9790128031117897,0.020987196888210345,-5.333210130413173e-05
flat_train:flat:27110,10,flat_train,flat,27110,fast,decision_time_s,cost_stability,0.011561008307855001,1.0,cost_energy,0.5445132367293413,1.0,4,balanced,6.9460000000000015,0.2030668865745276,0.011339593400014291,0.5398930780819409,6.9460000000000015,160.41303056047215,unsupported,False,0.0,0.9790128031117897,0.020987196888210345,-5.333210130413173e-05
flat_train:flat:27110,10,flat_train,flat,27110,stable,cost_stability,decision_time_s,6.9460000000000015,0.0,cost_energy,0.5398930780819409,0.734919567714067,1,balanced,0.011339593400014291,0.2030668865745276,0.011339593400014291,0.5398930780819409,6.9460000000000015,160.41303056047215,unsupported,False,0.0,0.9790128031117897,0.020987196888210345,-5.333210130413173e-05
flat_train:flat:27110,10,flat_train,flat,27110,stable,cost_stability,decision_time_s,6.9460000000000015,0.0,cost_energy,0.5445132367293413,1.0,1,balanced,0.011339593400014291,0.2030668865745276,0.011339593400014291,0.5398930780819409,6.9460000000000015,160.41303056047215,unsupported,False,0.0,0.9790128031117897,0.020987196888210345,-5.333210130413173e-05
flat_train:flat:27110,10,flat_train,flat,27110,stable,cost_stability,decision_time_s,6.954000000000001,0.034188034188030035,cost_energy,0.5398930780819409,0.734919567714067,1,balanced,0.011339593400014291,0.2030668865745276,0.011339593400014291,0.5398930780819409,6.9460000000000015,160.41303056047215,unsupported,False,0.0,0.9790128031117897,0.020987196888210345,-5.333210130413173e-05
flat_train:flat:27110,10,flat_train,flat,27110,stable,cost_stability,decision_time_s,6.954000000000001,0.034188034188030035,cost_energy,0.5445132367293413,1.0,2,motion,0.011186075202893503,0.19811627629340228,0.011186075202893503,0.5445132367293413,6.954000000000001,161.7857720909483,strict,True,1.0,-0.0,0.0,0.004950610281125312
flat_train:flat:27110,10,flat_train,flat,27110,stable,cost_stability,decision_time_s,6.962,0.06837606837606007,cost_energy,0.5331762958885133,0.3495458904690128,1,energy,0.011429106355070662,0.2066398466211281,0.011429106355070662,0.5331762958885133,6.962,158.41734024510424,strict,True,0.0,0.9789413159822564,0.021058684017743676,8.278189578562935e-07
flat_train:flat:27110,10,flat_train,flat,27110,stable,cost_stability,decision_time_s,6.962,0.06837606837606007,cost_energy,0.5398930780819409,0.734919567714067,2,balanced,0.011339593400014291,0.2030668865745276,0.011339593400014291,0.5398930780819409,6.9460000000000015,160.41303056047215,unsupported,False,0.0,0.9790128031117897,0.020987196888210345,-5.333210130413173e-05
flat_train:flat:27110,10,flat_train,flat,27110,stable,cost_stability,decision_time_s,6.962,0.06837606837606007,cost_energy,0.5445132367293413,1.0,3,motion,0.011186075202893503,0.19811627629340228,0.011186075202893503,0.5445132367293413,6.954000000000001,161.7857720909483,strict,True,1.0,-0.0,0.0,0.004950610281125312
flat_train:flat:27110,10,flat_train,flat,27110,stable,cost_stability,decision_time_s,7.180000000000004,1.0,cost_energy,0.5270839658942281,0.0,1,stability,0.011561008307855001,0.2089993411799948,0.011561008307855001,0.5270839658942281,7.180000000000004,161.21328090640395,strict,True,0.0,0.0,1.0,0.006092329994285217
flat_train:flat:27110,10,flat_train,flat,27110,stable,cost_stability,decision_time_s,7.180000000000004,1.0,cost_energy,0.5331762958885133,0.3495458904690128,2,energy,0.011429106355070662,0.2066398466211281,0.011429106355070662,0.5331762958885133,6.962,158.41734024510424,strict,True,0.0,0.9789413159822564,0.021058684017743676,8.278189578562935e-07
flat_train:flat:27110,10,flat_train,flat,27110,stable,cost_stability,decision_time_s,7.180000000000004,1.0,cost_energy,0.5398930780819409,0.734919567714067,3,balanced,0.011339593400014291,0.2030668865745276,0.011339593400014291,0.5398930780819409,6.9460000000000015,160.41303056047215,unsupported,False,0.0,0.9790128031117897,0.020987196888210345,-5.333210130413173e-05
flat_train:flat:27110,10,flat_train,flat,27110,stable,cost_stability,decision_time_s,7.180000000000004,1.0,cost_energy,0.5445132367293413,1.0,4,motion,0.011186075202893503,0.19811627629340228,0.011186075202893503,0.5445132367293413,6.954000000000001,161.7857720909483,strict,True,1.0,-0.0,0.0,0.004950610281125312
flat_train:flat:27110,10,flat_train,flat,27110,efficient,cost_energy,decision_time_s,6.9460000000000015,0.0,cost_stability,0.011339593400014291,0.40945490032562754,1,balanced,0.5398930780819409,0.2030668865745276,0.011339593400014291,0.5398930780819409,6.9460000000000015,160.41303056047215,unsupported,False,0.0,0.9790128031117897,0.020987196888210345,-5.333210130413173e-05
flat_train:flat:27110,10,flat_train,flat,27110,efficient,cost_energy,decision_time_s,6.9460000000000015,0.0,cost_stability,0.011429106355070662,0.6481987025448598,1,balanced,0.5398930780819409,0.2030668865745276,0.011339593400014291,0.5398930780819409,6.9460000000000015,160.41303056047215,unsupported,False,0.0,0.9790128031117897,0.020987196888210345,-5.333210130413173e-05
flat_train:flat:27110,10,flat_train,flat,27110,efficient,cost_energy,decision_time_s,6.9460000000000015,0.0,cost_stability,0.011561008307855001,1.0,1,balanced,0.5398930780819409,0.2030668865745276,0.011339593400014291,0.5398930780819409,6.9460000000000015,160.41303056047215,unsupported,False,0.0,0.9790128031117897,0.020987196888210345,-5.333210130413173e-05
flat_train:flat:27110,10,flat_train,flat,27110,efficient,cost_energy,decision_time_s,6.954000000000001,0.034188034188030035,cost_stability,0.011186075202893503,0.0,1,motion,0.5445132367293413,0.19811627629340228,0.011186075202893503,0.5445132367293413,6.954000000000001,161.7857720909483,strict,True,1.0,-0.0,0.0,0.004950610281125312
flat_train:flat:27110,10,flat_train,flat,27110,efficient,cost_energy,decision_time_s,6.954000000000001,0.034188034188030035,cost_stability,0.011339593400014291,0.40945490032562754,2,balanced,0.5398930780819409,0.2030668865745276,0.011339593400014291,0.5398930780819409,6.9460000000000015,160.41303056047215,unsupported,False,0.0,0.9790128031117897,0.020987196888210345,-5.333210130413173e-05
flat_train:flat:27110,10,flat_train,flat,27110,efficient,cost_energy,decision_time_s,6.954000000000001,0.034188034188030035,cost_stability,0.011429106355070662,0.6481987025448598,2,balanced,0.5398930780819409,0.2030668865745276,0.011339593400014291,0.5398930780819409,6.9460000000000015,160.41303056047215,unsupported,False,0.0,0.9790128031117897,0.020987196888210345,-5.333210130413173e-05
flat_train:flat:27110,10,flat_train,flat,27110,efficient,cost_energy,decision_time_s,6.954000000000001,0.034188034188030035,cost_stability,0.011561008307855001,1.0,2,balanced,0.5398930780819409,0.2030668865745276,0.011339593400014291,0.5398930780819409,6.9460000000000015,160.41303056047215,unsupported,False,0.0,0.9790128031117897,0.020987196888210345,-5.333210130413173e-05
flat_train:flat:27110,10,flat_train,flat,27110,efficient,cost_energy,decision_time_s,6.962,0.06837606837606007,cost_stability,0.011186075202893503,0.0,1,motion,0.5445132367293413,0.19811627629340228,0.011186075202893503,0.5445132367293413,6.954000000000001,161.7857720909483,strict,True,1.0,-0.0,0.0,0.004950610281125312
flat_train:flat:27110,10,flat_train,flat,27110,efficient,cost_energy,decision_time_s,6.962,0.06837606837606007,cost_stability,0.011339593400014291,0.40945490032562754,2,balanced,0.5398930780819409,0.2030668865745276,0.011339593400014291,0.5398930780819409,6.9460000000000015,160.41303056047215,unsupported,False,0.0,0.9790128031117897,0.020987196888210345,-5.333210130413173e-05
flat_train:flat:27110,10,flat_train,flat,27110,efficient,cost_energy,decision_time_s,6.962,0.06837606837606007,cost_stability,0.011429106355070662,0.6481987025448598,3,energy,0.5331762958885133,0.2066398466211281,0.011429106355070662,0.5331762958885133,6.962,158.41734024510424,strict,True,0.0,0.9789413159822564,0.021058684017743676,8.278189578562935e-07
flat_train:flat:27110,10,flat_train,flat,27110,efficient,cost_energy,decision_time_s,6.962,0.06837606837606007,cost_stability,0.011561008307855001,1.0,3,energy,0.5331762958885133,0.2066398466211281,0.011429106355070662,0.5331762958885133,6.962,158.41734024510424,strict,True,0.0,0.9789413159822564,0.021058684017743676,8.278189578562935e-07
flat_train:flat:27110,10,flat_train,flat,27110,efficient,cost_energy,decision_time_s,7.180000000000004,1.0,cost_stability,0.011186075202893503,0.0,1,motion,0.5445132367293413,0.19811627629340228,0.011186075202893503,0.5445132367293413,6.954000000000001,161.7857720909483,strict,True,1.0,-0.0,0.0,0.004950610281125312
flat_train:flat:27110,10,flat_train,flat,27110,efficient,cost_energy,decision_time_s,7.180000000000004,1.0,cost_stability,0.011339593400014291,0.40945490032562754,2,balanced,0.5398930780819409,0.2030668865745276,0.011339593400014291,0.5398930780819409,6.9460000000000015,160.41303056047215,unsupported,False,0.0,0.9790128031117897,0.020987196888210345,-5.333210130413173e-05
flat_train:flat:27110,10,flat_train,flat,27110,efficient,cost_energy,decision_time_s,7.180000000000004,1.0,cost_stability,0.011429106355070662,0.6481987025448598,3,energy,0.5331762958885133,0.2066398466211281,0.011429106355070662,0.5331762958885133,6.962,158.41734024510424,strict,True,0.0,0.9789413159822564,0.021058684017743676,8.278189578562935e-07
flat_train:flat:27110,10,flat_train,flat,27110,efficient,cost_energy,decision_time_s,7.180000000000004,1.0,cost_stability,0.011561008307855001,1.0,4,stability,0.5270839658942281,0.2089993411799948,0.011561008307855001,0.5270839658942281,7.180000000000004,161.21328090640395,strict,True,0.0,0.0,1.0,0.006092329994285217
flat_train:flat:27111,11,flat_train,flat,27111,fast,decision_time_s,cost_stability,0.011154688255706846,0.0,cost_energy,0.5441999584682418,1.0,1,motion,6.955999999999999,0.19825580853955435,0.011154688255706846,0.5441999584682418,6.955999999999999,161.69269085447417,strict,True,1.0,-0.0,0.0,0.004911877991177177
flat_train:flat:27111,11,flat_train,flat,27111,fast,decision_time_s,cost_stability,0.011344575724625135,0.5138576847013293,cost_energy,0.5386773192398534,0.7093642047764945,1,balanced,6.958,0.20316768653073153,0.011344575724625135,0.5386773192398534,6.958,160.05180429511094,unsupported,False,0.0,0.9809238308919784,0.019076169108021557,-8.09143436063798e-05
flat_train:flat:27111,11,flat_train,flat,27111,fast,decision_time_s,cost_stability,0.011344575724625135,0.5138576847013293,cost_energy,0.5441999584682418,1.0,2,motion,6.955999999999999,0.19825580853955435,0.011154688255706846,0.5441999584682418,6.955999999999999,161.69269085447417,strict,True,1.0,-0.0,0.0,0.004911877991177177
flat_train:flat:27111,11,flat_train,flat,27111,fast,decision_time_s,cost_stability,0.011458855911324839,0.8231132268351548,cost_energy,0.5348920715715624,0.5101608129386529,1,energy,7.153999999999999,0.20670640424647038,0.011458855911324839,0.5348920715715624,7.153999999999999,163.601458910968,unsupported,False,0.0,0.9809238308919785,0.01907616910802156,-0.00012080647750283997
flat_train:flat:27111,11,flat_train,flat,27111,fast,decision_time_s,cost_stability,0.011458855911324839,0.8231132268351548,cost_energy,0.5386773192398534,0.7093642047764945,2,balanced,6.958,0.20316768653073153,0.011344575724625135,0.5386773192398534,6.958,160.05180429511094,unsupported,False,0.0,0.9809238308919784,0.019076169108021557,-8.09143436063798e-05
flat_train:flat:27111,11,flat_train,flat,27111,fast,decision_time_s,cost_stability,0.011458855911324839,0.8231132268351548,cost_energy,0.5441999584682418,1.0,3,motion,6.955999999999999,0.19825580853955435,0.011154688255706846,0.5441999584682418,6.955999999999999,161.69269085447417,strict,True,1.0,-0.0,0.0,0.004911877991177177
flat_train:flat:27111,11,flat_train,flat,27111,fast,decision_time_s,cost_stability,0.01152422144470383,1.0,cost_energy,0.5251980346888899,0.0,1,stability,7.178000000000001,0.20847993643569698,0.01152422144470383,0.5251980346888899,7.178000000000001,160.6364522095558,strict,True,0.0,0.0,1.0,0.009694036882672452
flat_train:flat:27111,11,flat_train,flat,27111,fast,decision_time_s,cost_stability,0.01152422144470383,1.0,cost_energy,0.5348920715715624,0.5101608129386529,2,energy,7.153999999999999,0.20670640424647038,0.011458855911324839,0.5348920715715624,7.153999999999999,163.601458910968,unsupported,False,0.0,0.9809238308919785,0.01907616910802156,-0.00012080647750283997
flat_train:flat:27111,11,flat_train,flat,27111,fast,decision_time_s,cost_stability,0.01152422144470383,1.0,cost_energy,0.5386773192398534,0.7093642047764945,3,balanced,6.958,0.20316768653073153,0.011344575724625135,0.5386773192398534,6.958,160.05180429511094,unsupported,False,0.0,0.9809238308919784,0.019076169108021557,-8.09143436063798e-05
flat_train:flat:27111,11,flat_train,flat,27111,fast,decision_time_s,cost_stability,0.01152422144470383,1.0,cost_energy,0.5441999584682418,1.0,4,motion,6.955999999999999,0.19825580853955435,0.011154688255706846,0.5441999584682418,6.955999999999999,161.69269085447417,strict,True,1.0,-0.0,0.0,0.004911877991177177
flat_train:flat:27111,11,flat_train,flat,27111,stable,cost_stability,decision_time_s,6.955999999999999,0.0,cost_energy,0.5441999584682418,1.0,1,motion,0.011154688255706846,0.19825580853955435,0.011154688255706846,0.5441999584682418,6.955999999999999,161.69269085447417,strict,True,1.0,-0.0,0.0,0.004911877991177177
flat_train:flat:27111,11,flat_train,flat,27111,stable,cost_stability,decision_time_s,6.958,0.009009009009015929,cost_energy,0.5386773192398534,0.7093642047764945,1,balanced,0.011344575724625135,0.20316768653073153,0.011344575724625135,0.5386773192398534,6.958,160.05180429511094,unsupported,False,0.0,0.9809238308919784,0.019076169108021557,-8.09143436063798e-05
flat_train:flat:27111,11,flat_train,flat,27111,stable,cost_stability,decision_time_s,6.958,0.009009009009015929,cost_energy,0.5441999584682418,1.0,2,motion,0.011154688255706846,0.19825580853955435,0.011154688255706846,0.5441999584682418,6.955999999999999,161.69269085447417,strict,True,1.0,-0.0,0.0,0.004911877991177177
flat_train:flat:27111,11,flat_train,flat,27111,stable,cost_stability,decision_time_s,7.153999999999999,0.8918918918918849,cost_energy,0.5348920715715624,0.5101608129386529,1,energy,0.011458855911324839,0.20670640424647038,0.011458855911324839,0.5348920715715624,7.153999999999999,163.601458910968,unsupported,False,0.0,0.9809238308919785,0.01907616910802156,-0.00012080647750283997
flat_train:flat:27111,11,flat_train,flat,27111,stable,cost_stability,decision_time_s,7.153999999999999,0.8918918918918849,cost_energy,0.5386773192398534,0.7093642047764945,2,balanced,0.011344575724625135,0.20316768653073153,0.011344575724625135,0.5386773192398534,6.958,160.05180429511094,unsupported,False,0.0,0.9809238308919784,0.019076169108021557,-8.09143436063798e-05
flat_train:flat:27111,11,flat_train,flat,27111,stable,cost_stability,decision_time_s,7.153999999999999,0.8918918918918849,cost_energy,0.5441999584682418,1.0,3,motion,0.011154688255706846,0.19825580853955435,0.011154688255706846,0.5441999584682418,6.955999999999999,161.69269085447417,strict,True,1.0,-0.0,0.0,0.004911877991177177
flat_train:flat:27111,11,flat_train,flat,27111,stable,cost_stability,decision_time_s,7.178000000000001,1.0,cost_energy,0.5251980346888899,0.0,1,stability,0.01152422144470383,0.20847993643569698,0.01152422144470383,0.5251980346888899,7.178000000000001,160.6364522095558,strict,True,0.0,0.0,1.0,0.009694036882672452
flat_train:flat:27111,11,flat_train,flat,27111,stable,cost_stability,decision_time_s,7.178000000000001,1.0,cost_energy,0.5348920715715624,0.5101608129386529,2,energy,0.011458855911324839,0.20670640424647038,0.011458855911324839,0.5348920715715624,7.153999999999999,163.601458910968,unsupported,False,0.0,0.9809238308919785,0.01907616910802156,-0.00012080647750283997
flat_train:flat:27111,11,flat_train,flat,27111,stable,cost_stability,decision_time_s,7.178000000000001,1.0,cost_energy,0.5386773192398534,0.7093642047764945,3,balanced,0.011344575724625135,0.20316768653073153,0.011344575724625135,0.5386773192398534,6.958,160.05180429511094,unsupported,False,0.0,0.9809238308919784,0.019076169108021557,-8.09143436063798e-05
flat_train:flat:27111,11,flat_train,flat,27111,stable,cost_stability,decision_time_s,7.178000000000001,1.0,cost_energy,0.5441999584682418,1.0,4,motion,0.011154688255706846,0.19825580853955435,0.011154688255706846,0.5441999584682418,6.955999999999999,161.69269085447417,strict,True,1.0,-0.0,0.0,0.004911877991177177
flat_train:flat:27111,11,flat_train,flat,27111,efficient,cost_energy,decision_time_s,6.955999999999999,0.0,cost_stability,0.011154688255706846,0.0,1,motion,0.5441999584682418,0.19825580853955435,0.011154688255706846,0.5441999584682418,6.955999999999999,161.69269085447417,strict,True,1.0,-0.0,0.0,0.004911877991177177
flat_train:flat:27111,11,flat_train,flat,27111,efficient,cost_energy,decision_time_s,6.955999999999999,0.0,cost_stability,0.011344575724625135,0.5138576847013293,1,motion,0.5441999584682418,0.19825580853955435,0.011154688255706846,0.5441999584682418,6.955999999999999,161.69269085447417,strict,True,1.0,-0.0,0.0,0.004911877991177177
flat_train:flat:27111,11,flat_train,flat,27111,efficient,cost_energy,decision_time_s,6.955999999999999,0.0,cost_stability,0.011458855911324839,0.8231132268351548,1,motion,0.5441999584682418,0.19825580853955435,0.011154688255706846,0.5441999584682418,6.955999999999999,161.69269085447417,strict,True,1.0,-0.0,0.0,0.004911877991177177
flat_train:flat:27111,11,flat_train,flat,27111,efficient,cost_energy,decision_time_s,6.955999999999999,0.0,cost_stability,0.01152422144470383,1.0,1,motion,0.5441999584682418,0.19825580853955435,0.011154688255706846,0.5441999584682418,6.955999999999999,161.69269085447417,strict,True,1.0,-0.0,0.0,0.004911877991177177
flat_train:flat:27111,11,flat_train,flat,27111,efficient,cost_energy,decision_time_s,6.958,0.009009009009015929,cost_stability,0.011154688255706846,0.0,1,motion,0.5441999584682418,0.19825580853955435,0.011154688255706846,0.5441999584682418,6.955999999999999,161.69269085447417,strict,True,1.0,-0.0,0.0,0.004911877991177177
flat_train:flat:27111,11,flat_train,flat,27111,efficient,cost_energy,decision_time_s,6.958,0.009009009009015929,cost_stability,0.011344575724625135,0.5138576847013293,2,balanced,0.5386773192398534,0.20316768653073153,0.011344575724625135,0.5386773192398534,6.958,160.05180429511094,unsupported,False,0.0,0.9809238308919784,0.019076169108021557,-8.09143436063798e-05
flat_train:flat:27111,11,flat_train,flat,27111,efficient,cost_energy,decision_time_s,6.958,0.009009009009015929,cost_stability,0.011458855911324839,0.8231132268351548,2,balanced,0.5386773192398534,0.20316768653073153,0.011344575724625135,0.5386773192398534,6.958,160.05180429511094,unsupported,False,0.0,0.9809238308919784,0.019076169108021557,-8.09143436063798e-05
flat_train:flat:27111,11,flat_train,flat,27111,efficient,cost_energy,decision_time_s,6.958,0.009009009009015929,cost_stability,0.01152422144470383,1.0,2,balanced,0.5386773192398534,0.20316768653073153,0.011344575724625135,0.5386773192398534,6.958,160.05180429511094,unsupported,False,0.0,0.9809238308919784,0.019076169108021557,-8.09143436063798e-05
flat_train:flat:27111,11,flat_train,flat,27111,efficient,cost_energy,decision_time_s,7.153999999999999,0.8918918918918849,cost_stability,0.011154688255706846,0.0,1,motion,0.5441999584682418,0.19825580853955435,0.011154688255706846,0.5441999584682418,6.955999999999999,161.69269085447417,strict,True,1.0,-0.0,0.0,0.004911877991177177
flat_train:flat:27111,11,flat_train,flat,27111,efficient,cost_energy,decision_time_s,7.153999999999999,0.8918918918918849,cost_stability,0.011344575724625135,0.5138576847013293,2,balanced,0.5386773192398534,0.20316768653073153,0.011344575724625135,0.5386773192398534,6.958,160.05180429511094,unsupported,False,0.0,0.9809238308919784,0.019076169108021557,-8.09143436063798e-05
flat_train:flat:27111,11,flat_train,flat,27111,efficient,cost_energy,decision_time_s,7.153999999999999,0.8918918918918849,cost_stability,0.011458855911324839,0.8231132268351548,3,energy,0.5348920715715624,0.20670640424647038,0.011458855911324839,0.5348920715715624,7.153999999999999,163.601458910968,unsupported,False,0.0,0.9809238308919785,0.01907616910802156,-0.00012080647750283997
flat_train:flat:27111,11,flat_train,flat,27111,efficient,cost_energy,decision_time_s,7.153999999999999,0.8918918918918849,cost_stability,0.01152422144470383,1.0,3,energy,0.5348920715715624,0.20670640424647038,0.011458855911324839,0.5348920715715624,7.153999999999999,163.601458910968,unsupported,False,0.0,0.9809238308919785,0.01907616910802156,-0.00012080647750283997
flat_train:flat:27111,11,flat_train,flat,27111,efficient,cost_energy,decision_time_s,7.178000000000001,1.0,cost_stability,0.011154688255706846,0.0,1,motion,0.5441999584682418,0.19825580853955435,0.011154688255706846,0.5441999584682418,6.955999999999999,161.69269085447417,strict,True,1.0,-0.0,0.0,0.004911877991177177
flat_train:flat:27111,11,flat_train,flat,27111,efficient,cost_energy,decision_time_s,7.178000000000001,1.0,cost_stability,0.011344575724625135,0.5138576847013293,2,balanced,0.5386773192398534,0.20316768653073153,0.011344575724625135,0.5386773192398534,6.958,160.05180429511094,unsupported,False,0.0,0.9809238308919784,0.019076169108021557,-8.09143436063798e-05
flat_train:flat:27111,11,flat_train,flat,27111,efficient,cost_energy,decision_time_s,7.178000000000001,1.0,cost_stability,0.011458855911324839,0.8231132268351548,3,energy,0.5348920715715624,0.20670640424647038,0.011458855911324839,0.5348920715715624,7.153999999999999,163.601458910968,unsupported,False,0.0,0.9809238308919785,0.01907616910802156,-0.00012080647750283997
flat_train:flat:27111,11,flat_train,flat,27111,efficient,cost_energy,decision_time_s,7.178000000000001,1.0,cost_stability,0.01152422144470383,1.0,4,stability,0.5251980346888899,0.20847993643569698,0.01152422144470383,0.5251980346888899,7.178000000000001,160.6364522095558,strict,True,0.0,0.0,1.0,0.009694036882672452
flat_train:flat:27112,12,flat_train,flat,27112,fast,decision_time_s,cost_stability,0.011222948523588556,0.0,cost_energy,0.5412167918833207,1.0,1,motion,6.966000000000002,0.198720912340578,0.011222948523588556,0.5412167918833207,6.966000000000002,160.80633240317857,strict,True,1.0,-0.0,0.0,0.0044295774227937346
flat_train:flat:27112,12,flat_train,flat,27112,fast,decision_time_s,cost_stability,0.01134025865273791,0.4891229008418341,cost_energy,0.5398882432083011,0.8589000578744027,1,balanced,6.942000000000001,0.20315048976337174,0.01134025865273791,0.5398882432083011,6.942000000000001,160.4115940228235,unsupported,False,0.0,0.9764050868766622,0.023594913123337776,-8.3195216276373e-05
flat_train:flat:27112,12,flat_train,flat,27112,fast,decision_time_s,cost_stability,0.01134025865273791,0.4891229008418341,cost_energy,0.5412167918833207,1.0,2,balanced,6.942000000000001,0.20315048976337174,0.01134025865273791,0.5398882432083011,6.942000000000001,160.4115940228235,unsupported,False,0.0,0.9764050868766622,0.023594913123337776,-8.3195216276373e-05
flat_train:flat:27112,12,flat_train,flat,27112,fast,decision_time_s,cost_stability,0.011446548861887082,0.932298403307939,cost_energy,0.5319637589689474,0.017271679048551706,1,energy,7.156000000000003,0.20712747447685798,0.011446548861887082,0.5319637589689474,7.156000000000003,162.70580866786833,strict,True,0.4848513380116224,0.0,0.5151486619883776,0.0006907546253206368
flat_train:flat:27112,12,flat_train,flat,27112,fast,decision_time_s,cost_stability,0.011446548861887082,0.932298403307939,cost_energy,0.5398882432083011,0.8589000578744027,2,balanced,6.942000000000001,0.20315048976337174,0.01134025865273791,0.5398882432083011,6.942000000000001,160.4115940228235,unsupported,False,0.0,0.9764050868766622,0.023594913123337776,-8.3195216276373e-05
flat_train:flat:27112,12,flat_train,flat,27112,fast,decision_time_s,cost_stability,0.011446548861887082,0.932298403307939,cost_energy,0.5412167918833207,1.0,3,balanced,6.942000000000001,0.20315048976337174,0.01134025865273791,0.5398882432083011,6.942000000000001,160.4115940228235,unsupported,False,0.0,0.9764050868766622,0.023594913123337776,-8.3195216276373e-05
flat_train:flat:27112,12,flat_train,flat,27112,fast,decision_time_s,cost_stability,0.01146278625955931,1.0,cost_energy,0.5318011347611012,0.0,1,stability,7.146000000000002,0.20872493375494489,0.01146278625955931,0.5318011347611012,7.146000000000002,162.6560686192269,strict,True,0.0,0.0,1.0,0.0001626242078461848
flat_train:flat:27112,12,flat_train,flat,27112,fast,decision_time_s,cost_stability,0.01146278625955931,1.0,cost_energy,0.5319637589689474,0.017271679048551706,2,stability,7.146000000000002,0.20872493375494489,0.01146278625955931,0.5318011347611012,7.146000000000002,162.6560686192269,strict,True,0.0,0.0,1.0,0.0001626242078461848
flat_train:flat:27112,12,flat_train,flat,27112,fast,decision_time_s,cost_stability,0.01146278625955931,1.0,cost_energy,0.5398882432083011,0.8589000578744027,3,balanced,6.942000000000001,0.20315048976337174,0.01134025865273791,0.5398882432083011,6.942000000000001,160.4115940228235,unsupported,False,0.0,0.9764050868766622,0.023594913123337776,-8.3195216276373e-05
flat_train:flat:27112,12,flat_train,flat,27112,fast,decision_time_s,cost_stability,0.01146278625955931,1.0,cost_energy,0.5412167918833207,1.0,4,balanced,6.942000000000001,0.20315048976337174,0.01134025865273791,0.5398882432083011,6.942000000000001,160.4115940228235,unsupported,False,0.0,0.9764050868766622,0.023594913123337776,-8.3195216276373e-05
flat_train:flat:27112,12,flat_train,flat,27112,stable,cost_stability,decision_time_s,6.942000000000001,0.0,cost_energy,0.5398882432083011,0.8589000578744027,1,balanced,0.01134025865273791,0.20315048976337174,0.01134025865273791,0.5398882432083011,6.942000000000001,160.4115940228235,unsupported,False,0.0,0.9764050868766622,0.023594913123337776,-8.3195216276373e-05
flat_train:flat:27112,12,flat_train,flat,27112,stable,cost_stability,decision_time_s,6.942000000000001,0.0,cost_energy,0.5412167918833207,1.0,1,balanced,0.01134025865273791,0.20315048976337174,0.01134025865273791,0.5398882432083011,6.942000000000001,160.4115940228235,unsupported,False,0.0,0.9764050868766622,0.023594913123337776,-8.3195216276373e-05
flat_train:flat:27112,12,flat_train,flat,27112,stable,cost_stability,decision_time_s,6.966000000000002,0.11214953271028348,cost_energy,0.5398882432083011,0.8589000578744027,1,balanced,0.01134025865273791,0.20315048976337174,0.01134025865273791,0.5398882432083011,6.942000000000001,160.4115940228235,unsupported,False,0.0,0.9764050868766622,0.023594913123337776,-8.3195216276373e-05
flat_train:flat:27112,12,flat_train,flat,27112,stable,cost_stability,decision_time_s,6.966000000000002,0.11214953271028348,cost_energy,0.5412167918833207,1.0,2,motion,0.011222948523588556,0.198720912340578,0.011222948523588556,0.5412167918833207,6.966000000000002,160.80633240317857,strict,True,1.0,-0.0,0.0,0.0044295774227937346
flat_train:flat:27112,12,flat_train,flat,27112,stable,cost_stability,decision_time_s,7.146000000000002,0.9532710280373764,cost_energy,0.5318011347611012,0.0,1,stability,0.01146278625955931,0.20872493375494489,0.01146278625955931,0.5318011347611012,7.146000000000002,162.6560686192269,strict,True,0.0,0.0,1.0,0.0001626242078461848
flat_train:flat:27112,12,flat_train,flat,27112,stable,cost_stability,decision_time_s,7.146000000000002,0.9532710280373764,cost_energy,0.5319637589689474,0.017271679048551706,1,stability,0.01146278625955931,0.20872493375494489,0.01146278625955931,0.5318011347611012,7.146000000000002,162.6560686192269,strict,True,0.0,0.0,1.0,0.0001626242078461848
flat_train:flat:27112,12,flat_train,flat,27112,stable,cost_stability,decision_time_s,7.146000000000002,0.9532710280373764,cost_energy,0.5398882432083011,0.8589000578744027,2,balanced,0.01134025865273791,0.20315048976337174,0.01134025865273791,0.5398882432083011,6.942000000000001,160.4115940228235,unsupported,False,0.0,0.9764050868766622,0.023594913123337776,-8.3195216276373e-05
flat_train:flat:27112,12,flat_train,flat,27112,stable,cost_stability,decision_time_s,7.146000000000002,0.9532710280373764,cost_energy,0.5412167918833207,1.0,3,motion,0.011222948523588556,0.198720912340578,0.011222948523588556,0.5412167918833207,6.966000000000002,160.80633240317857,strict,True,1.0,-0.0,0.0,0.0044295774227937346
flat_train:flat:27112,12,flat_train,flat,27112,stable,cost_stability,decision_time_s,7.156000000000003,1.0,cost_energy,0.5318011347611012,0.0,1,stability,0.01146278625955931,0.20872493375494489,0.01146278625955931,0.5318011347611012,7.146000000000002,162.6560686192269,strict,True,0.0,0.0,1.0,0.0001626242078461848
flat_train:flat:27112,12,flat_train,flat,27112,stable,cost_stability,decision_time_s,7.156000000000003,1.0,cost_energy,0.5319637589689474,0.017271679048551706,2,energy,0.011446548861887082,0.20712747447685798,0.011446548861887082,0.5319637589689474,7.156000000000003,162.70580866786833,strict,True,0.4848513380116224,0.0,0.5151486619883776,0.0006907546253206368
flat_train:flat:27112,12,flat_train,flat,27112,stable,cost_stability,decision_time_s,7.156000000000003,1.0,cost_energy,0.5398882432083011,0.8589000578744027,3,balanced,0.01134025865273791,0.20315048976337174,0.01134025865273791,0.5398882432083011,6.942000000000001,160.4115940228235,unsupported,False,0.0,0.9764050868766622,0.023594913123337776,-8.3195216276373e-05
flat_train:flat:27112,12,flat_train,flat,27112,stable,cost_stability,decision_time_s,7.156000000000003,1.0,cost_energy,0.5412167918833207,1.0,4,motion,0.011222948523588556,0.198720912340578,0.011222948523588556,0.5412167918833207,6.966000000000002,160.80633240317857,strict,True,1.0,-0.0,0.0,0.0044295774227937346
flat_train:flat:27112,12,flat_train,flat,27112,efficient,cost_energy,decision_time_s,6.942000000000001,0.0,cost_stability,0.01134025865273791,0.4891229008418341,1,balanced,0.5398882432083011,0.20315048976337174,0.01134025865273791,0.5398882432083011,6.942000000000001,160.4115940228235,unsupported,False,0.0,0.9764050868766622,0.023594913123337776,-8.3195216276373e-05
flat_train:flat:27112,12,flat_train,flat,27112,efficient,cost_energy,decision_time_s,6.942000000000001,0.0,cost_stability,0.011446548861887082,0.932298403307939,1,balanced,0.5398882432083011,0.20315048976337174,0.01134025865273791,0.5398882432083011,6.942000000000001,160.4115940228235,unsupported,False,0.0,0.9764050868766622,0.023594913123337776,-8.3195216276373e-05
flat_train:flat:27112,12,flat_train,flat,27112,efficient,cost_energy,decision_time_s,6.942000000000001,0.0,cost_stability,0.01146278625955931,1.0,1,balanced,0.5398882432083011,0.20315048976337174,0.01134025865273791,0.5398882432083011,6.942000000000001,160.4115940228235,unsupported,False,0.0,0.9764050868766622,0.023594913123337776,-8.3195216276373e-05
flat_train:flat:27112,12,flat_train,flat,27112,efficient,cost_energy,decision_time_s,6.966000000000002,0.11214953271028348,cost_stability,0.011222948523588556,0.0,1,motion,0.5412167918833207,0.198720912340578,0.011222948523588556,0.5412167918833207,6.966000000000002,160.80633240317857,strict,True,1.0,-0.0,0.0,0.0044295774227937346
flat_train:flat:27112,12,flat_train,flat,27112,efficient,cost_energy,decision_time_s,6.966000000000002,0.11214953271028348,cost_stability,0.01134025865273791,0.4891229008418341,2,balanced,0.5398882432083011,0.20315048976337174,0.01134025865273791,0.5398882432083011,6.942000000000001,160.4115940228235,unsupported,False,0.0,0.9764050868766622,0.023594913123337776,-8.3195216276373e-05
flat_train:flat:27112,12,flat_train,flat,27112,efficient,cost_energy,decision_time_s,6.966000000000002,0.11214953271028348,cost_stability,0.011446548861887082,0.932298403307939,2,balanced,0.5398882432083011,0.20315048976337174,0.01134025865273791,0.5398882432083011,6.942000000000001,160.4115940228235,unsupported,False,0.0,0.9764050868766622,0.023594913123337776,-8.3195216276373e-05
flat_train:flat:27112,12,flat_train,flat,27112,efficient,cost_energy,decision_time_s,6.966000000000002,0.11214953271028348,cost_stability,0.01146278625955931,1.0,2,balanced,0.5398882432083011,0.20315048976337174,0.01134025865273791,0.5398882432083011,6.942000000000001,160.4115940228235,unsupported,False,0.0,0.9764050868766622,0.023594913123337776,-8.3195216276373e-05
flat_train:flat:27112,12,flat_train,flat,27112,efficient,cost_energy,decision_time_s,7.146000000000002,0.9532710280373764,cost_stability,0.011222948523588556,0.0,1,motion,0.5412167918833207,0.198720912340578,0.011222948523588556,0.5412167918833207,6.966000000000002,160.80633240317857,strict,True,1.0,-0.0,0.0,0.0044295774227937346
flat_train:flat:27112,12,flat_train,flat,27112,efficient,cost_energy,decision_time_s,7.146000000000002,0.9532710280373764,cost_stability,0.01134025865273791,0.4891229008418341,2,balanced,0.5398882432083011,0.20315048976337174,0.01134025865273791,0.5398882432083011,6.942000000000001,160.4115940228235,unsupported,False,0.0,0.9764050868766622,0.023594913123337776,-8.3195216276373e-05
flat_train:flat:27112,12,flat_train,flat,27112,efficient,cost_energy,decision_time_s,7.146000000000002,0.9532710280373764,cost_stability,0.011446548861887082,0.932298403307939,2,balanced,0.5398882432083011,0.20315048976337174,0.01134025865273791,0.5398882432083011,6.942000000000001,160.4115940228235,unsupported,False,0.0,0.9764050868766622,0.023594913123337776,-8.3195216276373e-05
flat_train:flat:27112,12,flat_train,flat,27112,efficient,cost_energy,decision_time_s,7.146000000000002,0.9532710280373764,cost_stability,0.01146278625955931,1.0,3,stability,0.5318011347611012,0.20872493375494489,0.01146278625955931,0.5318011347611012,7.146000000000002,162.6560686192269,strict,True,0.0,0.0,1.0,0.0001626242078461848
flat_train:flat:27112,12,flat_train,flat,27112,efficient,cost_energy,decision_time_s,7.156000000000003,1.0,cost_stability,0.011222948523588556,0.0,1,motion,0.5412167918833207,0.198720912340578,0.011222948523588556,0.5412167918833207,6.966000000000002,160.80633240317857,strict,True,1.0,-0.0,0.0,0.0044295774227937346
flat_train:flat:27112,12,flat_train,flat,27112,efficient,cost_energy,decision_time_s,7.156000000000003,1.0,cost_stability,0.01134025865273791,0.4891229008418341,2,balanced,0.5398882432083011,0.20315048976337174,0.01134025865273791,0.5398882432083011,6.942000000000001,160.4115940228235,unsupported,False,0.0,0.9764050868766622,0.023594913123337776,-8.3195216276373e-05
flat_train:flat:27112,12,flat_train,flat,27112,efficient,cost_energy,decision_time_s,7.156000000000003,1.0,cost_stability,0.011446548861887082,0.932298403307939,3,energy,0.5319637589689474,0.20712747447685798,0.011446548861887082,0.5319637589689474,7.156000000000003,162.70580866786833,strict,True,0.4848513380116224,0.0,0.5151486619883776,0.0006907546253206368
flat_train:flat:27112,12,flat_train,flat,27112,efficient,cost_energy,decision_time_s,7.156000000000003,1.0,cost_stability,0.01146278625955931,1.0,4,stability,0.5318011347611012,0.20872493375494489,0.01146278625955931,0.5318011347611012,7.146000000000002,162.6560686192269,strict,True,0.0,0.0,1.0,0.0001626242078461848
flat_train:flat:27113,13,flat_train,flat,27113,fast,decision_time_s,cost_stability,0.011178079513702087,0.0,cost_energy,0.5336556537223809,0.38526628065015184,1,balanced,6.953999999999999,0.20367704622730012,0.011178079513702087,0.5336556537223809,6.953999999999999,158.55976704399333,strict,True,0.6485824054232033,0.0,0.3514175945767968,0.00037362973602777383
flat_train:flat:27113,13,flat_train,flat,27113,fast,decision_time_s,cost_stability,0.011178079513702087,0.0,cost_energy,0.5447735352303588,1.0,1,balanced,6.953999999999999,0.20367704622730012,0.011178079513702087,0.5336556537223809,6.953999999999999,158.55976704399333,strict,True,0.6485824054232033,0.0,0.3514175945767968,0.00037362973602777383
flat_train:flat:27113,13,flat_train,flat,27113,fast,decision_time_s,cost_stability,0.011230144000408367,0.16388104582652807,cost_energy,0.5336556537223809,0.38526628065015184,1,balanced,6.953999999999999,0.20367704622730012,0.011178079513702087,0.5336556537223809,6.953999999999999,158.55976704399333,strict,True,0.6485824054232033,0.0,0.3514175945767968,0.00037362973602777383
flat_train:flat:27113,13,flat_train,flat,27113,fast,decision_time_s,cost_stability,0.011230144000408367,0.16388104582652807,cost_energy,0.5447735352303588,1.0,2,balanced,6.953999999999999,0.20367704622730012,0.011178079513702087,0.5336556537223809,6.953999999999999,158.55976704399333,strict,True,0.6485824054232033,0.0,0.3514175945767968,0.00037362973602777383
flat_train:flat:27113,13,flat_train,flat,27113,fast,decision_time_s,cost_stability,0.011447181931646472,0.8470415916316648,cost_energy,0.53356006919859,0.37998118836165345,1,energy,7.152,0.20666031099829776,0.011447181931646472,0.53356006919859,7.152,163.19405423426213,unsupported,False,0.0,0.9563932844830657,0.04360671551693437,-0.00025319961822339534
flat_train:flat:27113,13,flat_train,flat,27113,fast,decision_time_s,cost_stability,0.011447181931646472,0.8470415916316648,cost_energy,0.5336556537223809,0.38526628065015184,2,balanced,6.953999999999999,0.20367704622730012,0.011178079513702087,0.5336556537223809,6.953999999999999,158.55976704399333,strict,True,0.6485824054232033,0.0,0.3514175945767968,0.00037362973602777383
flat_train:flat:27113,13,flat_train,flat,27113,fast,decision_time_s,cost_stability,0.011447181931646472,0.8470415916316648,cost_energy,0.5447735352303588,1.0,3,balanced,6.953999999999999,0.20367704622730012,0.011178079513702087,0.5336556537223809,6.953999999999999,158.55976704399333,strict,True,0.6485824054232033,0.0,0.3514175945767968,0.00037362973602777383
flat_train:flat:27113,13,flat_train,flat,27113,fast,decision_time_s,cost_stability,0.01149577633119367,1.0,cost_energy,0.52668784843944,0.0,1,stability,7.155999999999999,0.20802844257175818,0.01149577633119367,0.52668784843944,7.155999999999999,161.09212488830667,strict,True,0.0,0.0,1.0,0.0068722207591499496
flat_train:flat:27113,13,flat_train,flat,27113,fast,decision_time_s,cost_stability,0.01149577633119367,1.0,cost_energy,0.53356006919859,0.37998118836165345,2,energy,7.152,0.20666031099829776,0.011447181931646472,0.53356006919859,7.152,163.19405423426213,unsupported,False,0.0,0.9563932844830657,0.04360671551693437,-0.00025319961822339534
flat_train:flat:27113,13,flat_train,flat,27113,fast,decision_time_s,cost_stability,0.01149577633119367,1.0,cost_energy,0.5336556537223809,0.38526628065015184,3,balanced,6.953999999999999,0.20367704622730012,0.011178079513702087,0.5336556537223809,6.953999999999999,158.55976704399333,strict,True,0.6485824054232033,0.0,0.3514175945767968,0.00037362973602777383
flat_train:flat:27113,13,flat_train,flat,27113,fast,decision_time_s,cost_stability,0.01149577633119367,1.0,cost_energy,0.5447735352303588,1.0,4,balanced,6.953999999999999,0.20367704622730012,0.011178079513702087,0.5336556537223809,6.953999999999999,158.55976704399333,strict,True,0.6485824054232033,0.0,0.3514175945767968,0.00037362973602777383
flat_train:flat:27113,13,flat_train,flat,27113,stable,cost_stability,decision_time_s,6.953999999999999,0.0,cost_energy,0.5336556537223809,0.38526628065015184,1,balanced,0.011178079513702087,0.20367704622730012,0.011178079513702087,0.5336556537223809,6.953999999999999,158.55976704399333,strict,True,0.6485824054232033,0.0,0.3514175945767968,0.00037362973602777383
flat_train:flat:27113,13,flat_train,flat,27113,stable,cost_stability,decision_time_s,6.953999999999999,0.0,cost_energy,0.5447735352303588,1.0,1,balanced,0.011178079513702087,0.20367704622730012,0.011178079513702087,0.5336556537223809,6.953999999999999,158.55976704399333,strict,True,0.6485824054232033,0.0,0.3514175945767968,0.00037362973602777383
flat_train:flat:27113,13,flat_train,flat,27113,stable,cost_stability,decision_time_s,6.958000000000001,0.019801980198030818,cost_energy,0.5336556537223809,0.38526628065015184,1,balanced,0.011178079513702087,0.20367704622730012,0.011178079513702087,0.5336556537223809,6.953999999999999,158.55976704399333,strict,True,0.6485824054232033,0.0,0.3514175945767968,0.00037362973602777383
flat_train:flat:27113,13,flat_train,flat,27113,stable,cost_stability,decision_time_s,6.958000000000001,0.019801980198030818,cost_energy,0.5447735352303588,1.0,2,balanced,0.011178079513702087,0.20367704622730012,0.011178079513702087,0.5336556537223809,6.953999999999999,158.55976704399333,strict,True,0.6485824054232033,0.0,0.3514175945767968,0.00037362973602777383
flat_train:flat:27113,13,flat_train,flat,27113,stable,cost_stability,decision_time_s,7.152,0.9801980198019867,cost_energy,0.53356006919859,0.37998118836165345,1,energy,0.011447181931646472,0.20666031099829776,0.011447181931646472,0.53356006919859,7.152,163.19405423426213,unsupported,False,0.0,0.9563932844830657,0.04360671551693437,-0.00025319961822339534
flat_train:flat:27113,13,flat_train,flat,27113,stable,cost_stability,decision_time_s,7.152,0.9801980198019867,cost_energy,0.5336556537223809,0.38526628065015184,2,balanced,0.011178079513702087,0.20367704622730012,0.011178079513702087,0.5336556537223809,6.953999999999999,158.55976704399333,strict,True,0.6485824054232033,0.0,0.3514175945767968,0.00037362973602777383
flat_train:flat:27113,13,flat_train,flat,27113,stable,cost_stability,decision_time_s,7.152,0.9801980198019867,cost_energy,0.5447735352303588,1.0,3,balanced,0.011178079513702087,0.20367704622730012,0.011178079513702087,0.5336556537223809,6.953999999999999,158.55976704399333,strict,True,0.6485824054232033,0.0,0.3514175945767968,0.00037362973602777383
flat_train:flat:27113,13,flat_train,flat,27113,stable,cost_stability,decision_time_s,7.155999999999999,1.0,cost_energy,0.52668784843944,0.0,1,stability,0.01149577633119367,0.20802844257175818,0.01149577633119367,0.52668784843944,7.155999999999999,161.09212488830667,strict,True,0.0,0.0,1.0,0.0068722207591499496
flat_train:flat:27113,13,flat_train,flat,27113,stable,cost_stability,decision_time_s,7.155999999999999,1.0,cost_energy,0.53356006919859,0.37998118836165345,2,energy,0.011447181931646472,0.20666031099829776,0.011447181931646472,0.53356006919859,7.152,163.19405423426213,unsupported,False,0.0,0.9563932844830657,0.04360671551693437,-0.00025319961822339534
flat_train:flat:27113,13,flat_train,flat,27113,stable,cost_stability,decision_time_s,7.155999999999999,1.0,cost_energy,0.5336556537223809,0.38526628065015184,3,balanced,0.011178079513702087,0.20367704622730012,0.011178079513702087,0.5336556537223809,6.953999999999999,158.55976704399333,strict,True,0.6485824054232033,0.0,0.3514175945767968,0.00037362973602777383
flat_train:flat:27113,13,flat_train,flat,27113,stable,cost_stability,decision_time_s,7.155999999999999,1.0,cost_energy,0.5447735352303588,1.0,4,balanced,0.011178079513702087,0.20367704622730012,0.011178079513702087,0.5336556537223809,6.953999999999999,158.55976704399333,strict,True,0.6485824054232033,0.0,0.3514175945767968,0.00037362973602777383
flat_train:flat:27113,13,flat_train,flat,27113,efficient,cost_energy,decision_time_s,6.953999999999999,0.0,cost_stability,0.011178079513702087,0.0,1,balanced,0.5336556537223809,0.20367704622730012,0.011178079513702087,0.5336556537223809,6.953999999999999,158.55976704399333,strict,True,0.6485824054232033,0.0,0.3514175945767968,0.00037362973602777383
flat_train:flat:27113,13,flat_train,flat,27113,efficient,cost_energy,decision_time_s,6.953999999999999,0.0,cost_stability,0.011230144000408367,0.16388104582652807,1,balanced,0.5336556537223809,0.20367704622730012,0.011178079513702087,0.5336556537223809,6.953999999999999,158.55976704399333,strict,True,0.6485824054232033,0.0,0.3514175945767968,0.00037362973602777383
flat_train:flat:27113,13,flat_train,flat,27113,efficient,cost_energy,decision_time_s,6.953999999999999,0.0,cost_stability,0.011447181931646472,0.8470415916316648,1,balanced,0.5336556537223809,0.20367704622730012,0.011178079513702087,0.5336556537223809,6.953999999999999,158.55976704399333,strict,True,0.6485824054232033,0.0,0.3514175945767968,0.00037362973602777383
flat_train:flat:27113,13,flat_train,flat,27113,efficient,cost_energy,decision_time_s,6.953999999999999,0.0,cost_stability,0.01149577633119367,1.0,1,balanced,0.5336556537223809,0.20367704622730012,0.011178079513702087,0.5336556537223809,6.953999999999999,158.55976704399333,strict,True,0.6485824054232033,0.0,0.3514175945767968,0.00037362973602777383
flat_train:flat:27113,13,flat_train,flat,27113,efficient,cost_energy,decision_time_s,6.958000000000001,0.019801980198030818,cost_stability,0.011178079513702087,0.0,1,balanced,0.5336556537223809,0.20367704622730012,0.011178079513702087,0.5336556537223809,6.953999999999999,158.55976704399333,strict,True,0.6485824054232033,0.0,0.3514175945767968,0.00037362973602777383
flat_train:flat:27113,13,flat_train,flat,27113,efficient,cost_energy,decision_time_s,6.958000000000001,0.019801980198030818,cost_stability,0.011230144000408367,0.16388104582652807,2,balanced,0.5336556537223809,0.20367704622730012,0.011178079513702087,0.5336556537223809,6.953999999999999,158.55976704399333,strict,True,0.6485824054232033,0.0,0.3514175945767968,0.00037362973602777383
flat_train:flat:27113,13,flat_train,flat,27113,efficient,cost_energy,decision_time_s,6.958000000000001,0.019801980198030818,cost_stability,0.011447181931646472,0.8470415916316648,2,balanced,0.5336556537223809,0.20367704622730012,0.011178079513702087,0.5336556537223809,6.953999999999999,158.55976704399333,strict,True,0.6485824054232033,0.0,0.3514175945767968,0.00037362973602777383
flat_train:flat:27113,13,flat_train,flat,27113,efficient,cost_energy,decision_time_s,6.958000000000001,0.019801980198030818,cost_stability,0.01149577633119367,1.0,2,balanced,0.5336556537223809,0.20367704622730012,0.011178079513702087,0.5336556537223809,6.953999999999999,158.55976704399333,strict,True,0.6485824054232033,0.0,0.3514175945767968,0.00037362973602777383
flat_train:flat:27113,13,flat_train,flat,27113,efficient,cost_energy,decision_time_s,7.152,0.9801980198019867,cost_stability,0.011178079513702087,0.0,1,balanced,0.5336556537223809,0.20367704622730012,0.011178079513702087,0.5336556537223809,6.953999999999999,158.55976704399333,strict,True,0.6485824054232033,0.0,0.3514175945767968,0.00037362973602777383
flat_train:flat:27113,13,flat_train,flat,27113,efficient,cost_energy,decision_time_s,7.152,0.9801980198019867,cost_stability,0.011230144000408367,0.16388104582652807,2,balanced,0.5336556537223809,0.20367704622730012,0.011178079513702087,0.5336556537223809,6.953999999999999,158.55976704399333,strict,True,0.6485824054232033,0.0,0.3514175945767968,0.00037362973602777383
flat_train:flat:27113,13,flat_train,flat,27113,efficient,cost_energy,decision_time_s,7.152,0.9801980198019867,cost_stability,0.011447181931646472,0.8470415916316648,3,energy,0.53356006919859,0.20666031099829776,0.011447181931646472,0.53356006919859,7.152,163.19405423426213,unsupported,False,0.0,0.9563932844830657,0.04360671551693437,-0.00025319961822339534
flat_train:flat:27113,13,flat_train,flat,27113,efficient,cost_energy,decision_time_s,7.152,0.9801980198019867,cost_stability,0.01149577633119367,1.0,3,energy,0.53356006919859,0.20666031099829776,0.011447181931646472,0.53356006919859,7.152,163.19405423426213,unsupported,False,0.0,0.9563932844830657,0.04360671551693437,-0.00025319961822339534
flat_train:flat:27113,13,flat_train,flat,27113,efficient,cost_energy,decision_time_s,7.155999999999999,1.0,cost_stability,0.011178079513702087,0.0,1,balanced,0.5336556537223809,0.20367704622730012,0.011178079513702087,0.5336556537223809,6.953999999999999,158.55976704399333,strict,True,0.6485824054232033,0.0,0.3514175945767968,0.00037362973602777383
flat_train:flat:27113,13,flat_train,flat,27113,efficient,cost_energy,decision_time_s,7.155999999999999,1.0,cost_stability,0.011230144000408367,0.16388104582652807,2,balanced,0.5336556537223809,0.20367704622730012,0.011178079513702087,0.5336556537223809,6.953999999999999,158.55976704399333,strict,True,0.6485824054232033,0.0,0.3514175945767968,0.00037362973602777383
flat_train:flat:27113,13,flat_train,flat,27113,efficient,cost_energy,decision_time_s,7.155999999999999,1.0,cost_stability,0.011447181931646472,0.8470415916316648,3,energy,0.53356006919859,0.20666031099829776,0.011447181931646472,0.53356006919859,7.152,163.19405423426213,unsupported,False,0.0,0.9563932844830657,0.04360671551693437,-0.00025319961822339534
flat_train:flat:27113,13,flat_train,flat,27113,efficient,cost_energy,decision_time_s,7.155999999999999,1.0,cost_stability,0.01149577633119367,1.0,4,stability,0.52668784843944,0.20802844257175818,0.01149577633119367,0.52668784843944,7.155999999999999,161.09212488830667,strict,True,0.0,0.0,1.0,0.0068722207591499496
flat_train:flat:27114,14,flat_train,flat,27114,fast,decision_time_s,cost_stability,0.01115823837550375,0.0,cost_energy,0.5453652245057256,1.0,1,motion,6.9380000000000015,0.19845979969033284,0.01115823837550375,0.5453652245057256,6.9380000000000015,162.03891469780638,strict,True,1.0,-0.0,0.0,0.00482807866848492
flat_train:flat:27114,14,flat_train,flat,27114,fast,decision_time_s,cost_stability,0.011348344572162406,0.4978146660739855,cost_energy,0.5383290486249108,0.6749065430060093,1,balanced,6.958,0.20328787835881776,0.011348344572162406,0.5383290486249108,6.958,159.94832613051474,unsupported,False,0.0,0.9901467518155667,0.0098532481844333,-0.00011890384589858814
flat_train:flat:27114,14,flat_train,flat,27114,fast,decision_time_s,cost_stability,0.011348344572162406,0.4978146660739855,cost_energy,0.5453652245057256,1.0,2,motion,6.9380000000000015,0.19845979969033284,0.01115823837550375,0.5453652245057256,6.9380000000000015,162.03891469780638,strict,True,1.0,-0.0,0.0,0.00482807866848492
flat_train:flat:27114,14,flat_train,flat,27114,fast,decision_time_s,cost_stability,0.01137361983371018,0.5640008089167168,cost_energy,0.5237216763830551,0.0,1,stability,7.132000000000001,0.20851839042406653,0.01137361983371018,0.5237216763830551,7.132000000000001,160.18489499727514,strict,True,0.0,-0.0,1.0,0.009581731153072814
flat_train:flat:27114,14,flat_train,flat,27114,fast,decision_time_s,cost_stability,0.01137361983371018,0.5640008089167168,cost_energy,0.5333034075361279,0.4427061172579403,1,stability,7.132000000000001,0.20851839042406653,0.01137361983371018,0.5237216763830551,7.132000000000001,160.18489499727514,strict,True,0.0,-0.0,1.0,0.009581731153072814
flat_train:flat:27114,14,flat_train,flat,27114,fast,decision_time_s,cost_stability,0.01137361983371018,0.5640008089167168,cost_energy,0.5383290486249108,0.6749065430060093,2,balanced,6.958,0.20328787835881776,0.011348344572162406,0.5383290486249108,6.958,159.94832613051474,unsupported,False,0.0,0.9901467518155667,0.0098532481844333,-0.00011890384589858814
flat_train:flat:27114,14,flat_train,flat,27114,fast,decision_time_s,cost_stability,0.01137361983371018,0.5640008089167168,cost_energy,0.5453652245057256,1.0,3,motion,6.9380000000000015,0.19845979969033284,0.01115823837550375,0.5453652245057256,6.9380000000000015,162.03891469780638,strict,True,1.0,-0.0,0.0,0.00482807866848492
flat_train:flat:27114,14,flat_train,flat,27114,fast,decision_time_s,cost_stability,0.01154011984588695,1.0,cost_energy,0.5237216763830551,0.0,1,stability,7.132000000000001,0.20851839042406653,0.01137361983371018,0.5237216763830551,7.132000000000001,160.18489499727514,strict,True,0.0,-0.0,1.0,0.009581731153072814
flat_train:flat:27114,14,flat_train,flat,27114,fast,decision_time_s,cost_stability,0.01154011984588695,1.0,cost_energy,0.5333034075361279,0.4427061172579403,2,stability,7.132000000000001,0.20851839042406653,0.01137361983371018,0.5237216763830551,7.132000000000001,160.18489499727514,strict,True,0.0,-0.0,1.0,0.009581731153072814
flat_train:flat:27114,14,flat_train,flat,27114,fast,decision_time_s,cost_stability,0.01154011984588695,1.0,cost_energy,0.5383290486249108,0.6749065430060093,3,balanced,6.958,0.20328787835881776,0.011348344572162406,0.5383290486249108,6.958,159.94832613051474,unsupported,False,0.0,0.9901467518155667,0.0098532481844333,-0.00011890384589858814
flat_train:flat:27114,14,flat_train,flat,27114,fast,decision_time_s,cost_stability,0.01154011984588695,1.0,cost_energy,0.5453652245057256,1.0,4,motion,6.9380000000000015,0.19845979969033284,0.01115823837550375,0.5453652245057256,6.9380000000000015,162.03891469780638,strict,True,1.0,-0.0,0.0,0.00482807866848492
flat_train:flat:27114,14,flat_train,flat,27114,stable,cost_stability,decision_time_s,6.9380000000000015,0.0,cost_energy,0.5453652245057256,1.0,1,motion,0.01115823837550375,0.19845979969033284,0.01115823837550375,0.5453652245057256,6.9380000000000015,162.03891469780638,strict,True,1.0,-0.0,0.0,0.00482807866848492
flat_train:flat:27114,14,flat_train,flat,27114,stable,cost_stability,decision_time_s,6.958,0.0952380952380894,cost_energy,0.5383290486249108,0.6749065430060093,1,balanced,0.011348344572162406,0.20328787835881776,0.011348344572162406,0.5383290486249108,6.958,159.94832613051474,unsupported,False,0.0,0.9901467518155667,0.0098532481844333,-0.00011890384589858814
flat_train:flat:27114,14,flat_train,flat,27114,stable,cost_stability,decision_time_s,6.958,0.0952380952380894,cost_energy,0.5453652245057256,1.0,2,motion,0.01115823837550375,0.19845979969033284,0.01115823837550375,0.5453652245057256,6.9380000000000015,162.03891469780638,strict,True,1.0,-0.0,0.0,0.00482807866848492
flat_train:flat:27114,14,flat_train,flat,27114,stable,cost_stability,decision_time_s,7.132000000000001,0.9238095238095234,cost_energy,0.5237216763830551,0.0,1,stability,0.01137361983371018,0.20851839042406653,0.01137361983371018,0.5237216763830551,7.132000000000001,160.18489499727514,strict,True,0.0,-0.0,1.0,0.009581731153072814
flat_train:flat:27114,14,flat_train,flat,27114,stable,cost_stability,decision_time_s,7.132000000000001,0.9238095238095234,cost_energy,0.5333034075361279,0.4427061172579403,1,stability,0.01137361983371018,0.20851839042406653,0.01137361983371018,0.5237216763830551,7.132000000000001,160.18489499727514,strict,True,0.0,-0.0,1.0,0.009581731153072814
flat_train:flat:27114,14,flat_train,flat,27114,stable,cost_stability,decision_time_s,7.132000000000001,0.9238095238095234,cost_energy,0.5383290486249108,0.6749065430060093,2,balanced,0.011348344572162406,0.20328787835881776,0.011348344572162406,0.5383290486249108,6.958,159.94832613051474,unsupported,False,0.0,0.9901467518155667,0.0098532481844333,-0.00011890384589858814
flat_train:flat:27114,14,flat_train,flat,27114,stable,cost_stability,decision_time_s,7.132000000000001,0.9238095238095234,cost_energy,0.5453652245057256,1.0,3,motion,0.01115823837550375,0.19845979969033284,0.01115823837550375,0.5453652245057256,6.9380000000000015,162.03891469780638,strict,True,1.0,-0.0,0.0,0.00482807866848492
flat_train:flat:27114,14,flat_train,flat,27114,stable,cost_stability,decision_time_s,7.148000000000001,1.0,cost_energy,0.5237216763830551,0.0,1,stability,0.01137361983371018,0.20851839042406653,0.01137361983371018,0.5237216763830551,7.132000000000001,160.18489499727514,strict,True,0.0,-0.0,1.0,0.009581731153072814
flat_train:flat:27114,14,flat_train,flat,27114,stable,cost_stability,decision_time_s,7.148000000000001,1.0,cost_energy,0.5333034075361279,0.4427061172579403,2,stability,0.01137361983371018,0.20851839042406653,0.01137361983371018,0.5237216763830551,7.132000000000001,160.18489499727514,strict,True,0.0,-0.0,1.0,0.009581731153072814
flat_train:flat:27114,14,flat_train,flat,27114,stable,cost_stability,decision_time_s,7.148000000000001,1.0,cost_energy,0.5383290486249108,0.6749065430060093,3,balanced,0.011348344572162406,0.20328787835881776,0.011348344572162406,0.5383290486249108,6.958,159.94832613051474,unsupported,False,0.0,0.9901467518155667,0.0098532481844333,-0.00011890384589858814
flat_train:flat:27114,14,flat_train,flat,27114,stable,cost_stability,decision_time_s,7.148000000000001,1.0,cost_energy,0.5453652245057256,1.0,4,motion,0.01115823837550375,0.19845979969033284,0.01115823837550375,0.5453652245057256,6.9380000000000015,162.03891469780638,strict,True,1.0,-0.0,0.0,0.00482807866848492
flat_train:flat:27114,14,flat_train,flat,27114,efficient,cost_energy,decision_time_s,6.9380000000000015,0.0,cost_stability,0.01115823837550375,0.0,1,motion,0.5453652245057256,0.19845979969033284,0.01115823837550375,0.5453652245057256,6.9380000000000015,162.03891469780638,strict,True,1.0,-0.0,0.0,0.00482807866848492
flat_train:flat:27114,14,flat_train,flat,27114,efficient,cost_energy,decision_time_s,6.9380000000000015,0.0,cost_stability,0.011348344572162406,0.4978146660739855,1,motion,0.5453652245057256,0.19845979969033284,0.01115823837550375,0.5453652245057256,6.9380000000000015,162.03891469780638,strict,True,1.0,-0.0,0.0,0.00482807866848492
flat_train:flat:27114,14,flat_train,flat,27114,efficient,cost_energy,decision_time_s,6.9380000000000015,0.0,cost_stability,0.01137361983371018,0.5640008089167168,1,motion,0.5453652245057256,0.19845979969033284,0.01115823837550375,0.5453652245057256,6.9380000000000015,162.03891469780638,strict,True,1.0,-0.0,0.0,0.00482807866848492
flat_train:flat:27114,14,flat_train,flat,27114,efficient,cost_energy,decision_time_s,6.9380000000000015,0.0,cost_stability,0.01154011984588695,1.0,1,motion,0.5453652245057256,0.19845979969033284,0.01115823837550375,0.5453652245057256,6.9380000000000015,162.03891469780638,strict,True,1.0,-0.0,0.0,0.00482807866848492
flat_train:flat:27114,14,flat_train,flat,27114,efficient,cost_energy,decision_time_s,6.958,0.0952380952380894,cost_stability,0.01115823837550375,0.0,1,motion,0.5453652245057256,0.19845979969033284,0.01115823837550375,0.5453652245057256,6.9380000000000015,162.03891469780638,strict,True,1.0,-0.0,0.0,0.00482807866848492
flat_train:flat:27114,14,flat_train,flat,27114,efficient,cost_energy,decision_time_s,6.958,0.0952380952380894,cost_stability,0.011348344572162406,0.4978146660739855,2,balanced,0.5383290486249108,0.20328787835881776,0.011348344572162406,0.5383290486249108,6.958,159.94832613051474,unsupported,False,0.0,0.9901467518155667,0.0098532481844333,-0.00011890384589858814
flat_train:flat:27114,14,flat_train,flat,27114,efficient,cost_energy,decision_time_s,6.958,0.0952380952380894,cost_stability,0.01137361983371018,0.5640008089167168,2,balanced,0.5383290486249108,0.20328787835881776,0.011348344572162406,0.5383290486249108,6.958,159.94832613051474,unsupported,False,0.0,0.9901467518155667,0.0098532481844333,-0.00011890384589858814
flat_train:flat:27114,14,flat_train,flat,27114,efficient,cost_energy,decision_time_s,6.958,0.0952380952380894,cost_stability,0.01154011984588695,1.0,2,balanced,0.5383290486249108,0.20328787835881776,0.011348344572162406,0.5383290486249108,6.958,159.94832613051474,unsupported,False,0.0,0.9901467518155667,0.0098532481844333,-0.00011890384589858814
flat_train:flat:27114,14,flat_train,flat,27114,efficient,cost_energy,decision_time_s,7.132000000000001,0.9238095238095234,cost_stability,0.01115823837550375,0.0,1,motion,0.5453652245057256,0.19845979969033284,0.01115823837550375,0.5453652245057256,6.9380000000000015,162.03891469780638,strict,True,1.0,-0.0,0.0,0.00482807866848492
flat_train:flat:27114,14,flat_train,flat,27114,efficient,cost_energy,decision_time_s,7.132000000000001,0.9238095238095234,cost_stability,0.011348344572162406,0.4978146660739855,2,balanced,0.5383290486249108,0.20328787835881776,0.011348344572162406,0.5383290486249108,6.958,159.94832613051474,unsupported,False,0.0,0.9901467518155667,0.0098532481844333,-0.00011890384589858814
flat_train:flat:27114,14,flat_train,flat,27114,efficient,cost_energy,decision_time_s,7.132000000000001,0.9238095238095234,cost_stability,0.01137361983371018,0.5640008089167168,3,stability,0.5237216763830551,0.20851839042406653,0.01137361983371018,0.5237216763830551,7.132000000000001,160.18489499727514,strict,True,0.0,-0.0,1.0,0.009581731153072814
flat_train:flat:27114,14,flat_train,flat,27114,efficient,cost_energy,decision_time_s,7.132000000000001,0.9238095238095234,cost_stability,0.01154011984588695,1.0,3,stability,0.5237216763830551,0.20851839042406653,0.01137361983371018,0.5237216763830551,7.132000000000001,160.18489499727514,strict,True,0.0,-0.0,1.0,0.009581731153072814
flat_train:flat:27114,14,flat_train,flat,27114,efficient,cost_energy,decision_time_s,7.148000000000001,1.0,cost_stability,0.01115823837550375,0.0,1,motion,0.5453652245057256,0.19845979969033284,0.01115823837550375,0.5453652245057256,6.9380000000000015,162.03891469780638,strict,True,1.0,-0.0,0.0,0.00482807866848492
flat_train:flat:27114,14,flat_train,flat,27114,efficient,cost_energy,decision_time_s,7.148000000000001,1.0,cost_stability,0.011348344572162406,0.4978146660739855,2,balanced,0.5383290486249108,0.20328787835881776,0.011348344572162406,0.5383290486249108,6.958,159.94832613051474,unsupported,False,0.0,0.9901467518155667,0.0098532481844333,-0.00011890384589858814
flat_train:flat:27114,14,flat_train,flat,27114,efficient,cost_energy,decision_time_s,7.148000000000001,1.0,cost_stability,0.01137361983371018,0.5640008089167168,3,stability,0.5237216763830551,0.20851839042406653,0.01137361983371018,0.5237216763830551,7.132000000000001,160.18489499727514,strict,True,0.0,-0.0,1.0,0.009581731153072814
flat_train:flat:27114,14,flat_train,flat,27114,efficient,cost_energy,decision_time_s,7.148000000000001,1.0,cost_stability,0.01154011984588695,1.0,4,stability,0.5237216763830551,0.20851839042406653,0.01137361983371018,0.5237216763830551,7.132000000000001,160.18489499727514,strict,True,0.0,-0.0,1.0,0.009581731153072814
flat_train:flat:27115,15,flat_train,flat,27115,fast,decision_time_s,cost_stability,0.011209201391908272,0.0,cost_energy,0.543621534955964,1.0,1,motion,6.962,0.19856969047869244,0.011209201391908272,0.543621534955964,6.962,161.52082966136248,strict,True,1.0,-0.0,0.0,0.004567226789270129
flat_train:flat:27115,15,flat_train,flat,27115,fast,decision_time_s,cost_stability,0.011231403341328987,0.06193660124237402,cost_energy,0.5368798356117361,0.5704222152534663,1,balanced,6.954000000000002,0.20313691726796257,0.011231403341328987,0.5368798356117361,6.954000000000002,159.5177359621856,strict,True,0.0,0.9784878307071849,0.02151216929281514,0.0001233042402881443
flat_train:flat:27115,15,flat_train,flat,27115,fast,decision_time_s,cost_stability,0.011231403341328987,0.06193660124237402,cost_energy,0.543621534955964,1.0,2,balanced,6.954000000000002,0.20313691726796257,0.011231403341328987,0.5368798356117361,6.954000000000002,159.5177359621856,strict,True,0.0,0.9784878307071849,0.02151216929281514,0.0001233042402881443
flat_train:flat:27115,15,flat_train,flat,27115,fast,decision_time_s,cost_stability,0.011462355140740569,0.7062209942613707,cost_energy,0.5321067565457254,0.2662839517528122,1,energy,7.158,0.20643330498022344,0.011462355140740569,0.5321067565457254,7.158,162.74954573825124,unsupported,False,0.0,0.9637975670103961,0.036202432989603885,-4.979370732822007e-05
flat_train:flat:27115,15,flat_train,flat,27115,fast,decision_time_s,cost_stability,0.011462355140740569,0.7062209942613707,cost_energy,0.5368798356117361,0.5704222152534663,2,balanced,6.954000000000002,0.20313691726796257,0.011231403341328987,0.5368798356117361,6.954000000000002,159.5177359621856,strict,True,0.0,0.9784878307071849,0.02151216929281514,0.0001233042402881443
flat_train:flat:27115,15,flat_train,flat,27115,fast,decision_time_s,cost_stability,0.011462355140740569,0.7062209942613707,cost_energy,0.543621534955964,1.0,3,balanced,6.954000000000002,0.20313691726796257,0.011231403341328987,0.5368798356117361,6.954000000000002,159.5177359621856,strict,True,0.0,0.9784878307071849,0.02151216929281514,0.0001233042402881443
flat_train:flat:27115,15,flat_train,flat,27115,fast,decision_time_s,cost_stability,0.011567663899946663,1.0,cost_energy,0.5279277547289308,0.0,1,stability,7.168000000000002,0.20830776305207352,0.011567663899946663,0.5279277547289308,7.168000000000002,161.47136116540756,strict,True,0.0,0.0,1.0,0.004179001816794536
flat_train:flat:27115,15,flat_train,flat,27115,fast,decision_time_s,cost_stability,0.011567663899946663,1.0,cost_energy,0.5321067565457254,0.2662839517528122,2,energy,7.158,0.20643330498022344,0.011462355140740569,0.5321067565457254,7.158,162.74954573825124,unsupported,False,0.0,0.9637975670103961,0.036202432989603885,-4.979370732822007e-05
flat_train:flat:27115,15,flat_train,flat,27115,fast,decision_time_s,cost_stability,0.011567663899946663,1.0,cost_energy,0.5368798356117361,0.5704222152534663,3,balanced,6.954000000000002,0.20313691726796257,0.011231403341328987,0.5368798356117361,6.954000000000002,159.5177359621856,strict,True,0.0,0.9784878307071849,0.02151216929281514,0.0001233042402881443
flat_train:flat:27115,15,flat_train,flat,27115,fast,decision_time_s,cost_stability,0.011567663899946663,1.0,cost_energy,0.543621534955964,1.0,4,balanced,6.954000000000002,0.20313691726796257,0.011231403341328987,0.5368798356117361,6.954000000000002,159.5177359621856,strict,True,0.0,0.9784878307071849,0.02151216929281514,0.0001233042402881443
flat_train:flat:27115,15,flat_train,flat,27115,stable,cost_stability,decision_time_s,6.954000000000002,0.0,cost_energy,0.5368798356117361,0.5704222152534663,1,balanced,0.011231403341328987,0.20313691726796257,0.011231403341328987,0.5368798356117361,6.954000000000002,159.5177359621856,strict,True,0.0,0.9784878307071849,0.02151216929281514,0.0001233042402881443
flat_train:flat:27115,15,flat_train,flat,27115,stable,cost_stability,decision_time_s,6.954000000000002,0.0,cost_energy,0.543621534955964,1.0,1,balanced,0.011231403341328987,0.20313691726796257,0.011231403341328987,0.5368798356117361,6.954000000000002,159.5177359621856,strict,True,0.0,0.9784878307071849,0.02151216929281514,0.0001233042402881443
flat_train:flat:27115,15,flat_train,flat,27115,stable,cost_stability,decision_time_s,6.962,0.037383177570081125,cost_energy,0.5368798356117361,0.5704222152534663,1,balanced,0.011231403341328987,0.20313691726796257,0.011231403341328987,0.5368798356117361,6.954000000000002,159.5177359621856,strict,True,0.0,0.9784878307071849,0.02151216929281514,0.0001233042402881443
flat_train:flat:27115,15,flat_train,flat,27115,stable,cost_stability,decision_time_s,6.962,0.037383177570081125,cost_energy,0.543621534955964,1.0,2,motion,0.011209201391908272,0.19856969047869244,0.011209201391908272,0.543621534955964,6.962,161.52082966136248,strict,True,1.0,-0.0,0.0,0.004567226789270129
flat_train:flat:27115,15,flat_train,flat,27115,stable,cost_stability,decision_time_s,7.158,0.9532710280373757,cost_energy,0.5321067565457254,0.2662839517528122,1,energy,0.011462355140740569,0.20643330498022344,0.011462355140740569,0.5321067565457254,7.158,162.74954573825124,unsupported,False,0.0,0.9637975670103961,0.036202432989603885,-4.979370732822007e-05
flat_train:flat:27115,15,flat_train,flat,27115,stable,cost_stability,decision_time_s,7.158,0.9532710280373757,cost_energy,0.5368798356117361,0.5704222152534663,2,balanced,0.011231403341328987,0.20313691726796257,0.011231403341328987,0.5368798356117361,6.954000000000002,159.5177359621856,strict,True,0.0,0.9784878307071849,0.02151216929281514,0.0001233042402881443
flat_train:flat:27115,15,flat_train,flat,27115,stable,cost_stability,decision_time_s,7.158,0.9532710280373757,cost_energy,0.543621534955964,1.0,3,motion,0.011209201391908272,0.19856969047869244,0.011209201391908272,0.543621534955964,6.962,161.52082966136248,strict,True,1.0,-0.0,0.0,0.004567226789270129
flat_train:flat:27115,15,flat_train,flat,27115,stable,cost_stability,decision_time_s,7.168000000000002,1.0,cost_energy,0.5279277547289308,0.0,1,stability,0.011567663899946663,0.20830776305207352,0.011567663899946663,0.5279277547289308,7.168000000000002,161.47136116540756,strict,True,0.0,0.0,1.0,0.004179001816794536
flat_train:flat:27115,15,flat_train,flat,27115,stable,cost_stability,decision_time_s,7.168000000000002,1.0,cost_energy,0.5321067565457254,0.2662839517528122,2,energy,0.011462355140740569,0.20643330498022344,0.011462355140740569,0.5321067565457254,7.158,162.74954573825124,unsupported,False,0.0,0.9637975670103961,0.036202432989603885,-4.979370732822007e-05
flat_train:flat:27115,15,flat_train,flat,27115,stable,cost_stability,decision_time_s,7.168000000000002,1.0,cost_energy,0.5368798356117361,0.5704222152534663,3,balanced,0.011231403341328987,0.20313691726796257,0.011231403341328987,0.5368798356117361,6.954000000000002,159.5177359621856,strict,True,0.0,0.9784878307071849,0.02151216929281514,0.0001233042402881443
flat_train:flat:27115,15,flat_train,flat,27115,stable,cost_stability,decision_time_s,7.168000000000002,1.0,cost_energy,0.543621534955964,1.0,4,motion,0.011209201391908272,0.19856969047869244,0.011209201391908272,0.543621534955964,6.962,161.52082966136248,strict,True,1.0,-0.0,0.0,0.004567226789270129
flat_train:flat:27115,15,flat_train,flat,27115,efficient,cost_energy,decision_time_s,6.954000000000002,0.0,cost_stability,0.011231403341328987,0.06193660124237402,1,balanced,0.5368798356117361,0.20313691726796257,0.011231403341328987,0.5368798356117361,6.954000000000002,159.5177359621856,strict,True,0.0,0.9784878307071849,0.02151216929281514,0.0001233042402881443
flat_train:flat:27115,15,flat_train,flat,27115,efficient,cost_energy,decision_time_s,6.954000000000002,0.0,cost_stability,0.011462355140740569,0.7062209942613707,1,balanced,0.5368798356117361,0.20313691726796257,0.011231403341328987,0.5368798356117361,6.954000000000002,159.5177359621856,strict,True,0.0,0.9784878307071849,0.02151216929281514,0.0001233042402881443
flat_train:flat:27115,15,flat_train,flat,27115,efficient,cost_energy,decision_time_s,6.954000000000002,0.0,cost_stability,0.011567663899946663,1.0,1,balanced,0.5368798356117361,0.20313691726796257,0.011231403341328987,0.5368798356117361,6.954000000000002,159.5177359621856,strict,True,0.0,0.9784878307071849,0.02151216929281514,0.0001233042402881443
flat_train:flat:27115,15,flat_train,flat,27115,efficient,cost_energy,decision_time_s,6.962,0.037383177570081125,cost_stability,0.011209201391908272,0.0,1,motion,0.543621534955964,0.19856969047869244,0.011209201391908272,0.543621534955964,6.962,161.52082966136248,strict,True,1.0,-0.0,0.0,0.004567226789270129
flat_train:flat:27115,15,flat_train,flat,27115,efficient,cost_energy,decision_time_s,6.962,0.037383177570081125,cost_stability,0.011231403341328987,0.06193660124237402,2,balanced,0.5368798356117361,0.20313691726796257,0.011231403341328987,0.5368798356117361,6.954000000000002,159.5177359621856,strict,True,0.0,0.9784878307071849,0.02151216929281514,0.0001233042402881443
flat_train:flat:27115,15,flat_train,flat,27115,efficient,cost_energy,decision_time_s,6.962,0.037383177570081125,cost_stability,0.011462355140740569,0.7062209942613707,2,balanced,0.5368798356117361,0.20313691726796257,0.011231403341328987,0.5368798356117361,6.954000000000002,159.5177359621856,strict,True,0.0,0.9784878307071849,0.02151216929281514,0.0001233042402881443
flat_train:flat:27115,15,flat_train,flat,27115,efficient,cost_energy,decision_time_s,6.962,0.037383177570081125,cost_stability,0.011567663899946663,1.0,2,balanced,0.5368798356117361,0.20313691726796257,0.011231403341328987,0.5368798356117361,6.954000000000002,159.5177359621856,strict,True,0.0,0.9784878307071849,0.02151216929281514,0.0001233042402881443
flat_train:flat:27115,15,flat_train,flat,27115,efficient,cost_energy,decision_time_s,7.158,0.9532710280373757,cost_stability,0.011209201391908272,0.0,1,motion,0.543621534955964,0.19856969047869244,0.011209201391908272,0.543621534955964,6.962,161.52082966136248,strict,True,1.0,-0.0,0.0,0.004567226789270129
flat_train:flat:27115,15,flat_train,flat,27115,efficient,cost_energy,decision_time_s,7.158,0.9532710280373757,cost_stability,0.011231403341328987,0.06193660124237402,2,balanced,0.5368798356117361,0.20313691726796257,0.011231403341328987,0.5368798356117361,6.954000000000002,159.5177359621856,strict,True,0.0,0.9784878307071849,0.02151216929281514,0.0001233042402881443
flat_train:flat:27115,15,flat_train,flat,27115,efficient,cost_energy,decision_time_s,7.158,0.9532710280373757,cost_stability,0.011462355140740569,0.7062209942613707,3,energy,0.5321067565457254,0.20643330498022344,0.011462355140740569,0.5321067565457254,7.158,162.74954573825124,unsupported,False,0.0,0.9637975670103961,0.036202432989603885,-4.979370732822007e-05
flat_train:flat:27115,15,flat_train,flat,27115,efficient,cost_energy,decision_time_s,7.158,0.9532710280373757,cost_stability,0.011567663899946663,1.0,3,energy,0.5321067565457254,0.20643330498022344,0.011462355140740569,0.5321067565457254,7.158,162.74954573825124,unsupported,False,0.0,0.9637975670103961,0.036202432989603885,-4.979370732822007e-05
flat_train:flat:27115,15,flat_train,flat,27115,efficient,cost_energy,decision_time_s,7.168000000000002,1.0,cost_stability,0.011209201391908272,0.0,1,motion,0.543621534955964,0.19856969047869244,0.011209201391908272,0.543621534955964,6.962,161.52082966136248,strict,True,1.0,-0.0,0.0,0.004567226789270129
flat_train:flat:27115,15,flat_train,flat,27115,efficient,cost_energy,decision_time_s,7.168000000000002,1.0,cost_stability,0.011231403341328987,0.06193660124237402,2,balanced,0.5368798356117361,0.20313691726796257,0.011231403341328987,0.5368798356117361,6.954000000000002,159.5177359621856,strict,True,0.0,0.9784878307071849,0.02151216929281514,0.0001233042402881443
flat_train:flat:27115,15,flat_train,flat,27115,efficient,cost_energy,decision_time_s,7.168000000000002,1.0,cost_stability,0.011462355140740569,0.7062209942613707,3,energy,0.5321067565457254,0.20643330498022344,0.011462355140740569,0.5321067565457254,7.158,162.74954573825124,unsupported,False,0.0,0.9637975670103961,0.036202432989603885,-4.979370732822007e-05
flat_train:flat:27115,15,flat_train,flat,27115,efficient,cost_energy,decision_time_s,7.168000000000002,1.0,cost_stability,0.011567663899946663,1.0,4,stability,0.5279277547289308,0.20830776305207352,0.011567663899946663,0.5279277547289308,7.168000000000002,161.47136116540756,strict,True,0.0,0.0,1.0,0.004179001816794536
flat_train:flat:27116,16,flat_train,flat,27116,fast,decision_time_s,cost_stability,0.011147598932430539,0.0,cost_energy,0.5377098745329717,1.0,1,motion,6.979999999999998,0.19864074612357752,0.011147598932430539,0.5377098745329717,6.979999999999998,159.7643571252344,strict,True,1.0,-0.0,0.0,0.004329111672492697
flat_train:flat:27116,16,flat_train,flat,27116,fast,decision_time_s,cost_stability,0.011415495762404134,0.7200066670970979,cost_energy,0.5358428073680077,0.8427385411318441,1,balanced,6.968000000000001,0.2029698577960702,0.011415495762404134,0.5358428073680077,6.968000000000001,159.20961413194416,unsupported,False,0.0,0.9699369372011996,0.030063062798800375,-0.0002037132733206089
flat_train:flat:27116,16,flat_train,flat,27116,fast,decision_time_s,cost_stability,0.011415495762404134,0.7200066670970979,cost_energy,0.5377098745329717,1.0,2,balanced,6.968000000000001,0.2029698577960702,0.011415495762404134,0.5358428073680077,6.968000000000001,159.20961413194416,unsupported,False,0.0,0.9699369372011996,0.030063062798800375,-0.0002037132733206089
flat_train:flat:27116,16,flat_train,flat,27116,fast,decision_time_s,cost_stability,0.011515581602858404,0.989000041957837,cost_energy,0.5258374985649394,0.0,1,stability,7.163999999999999,0.20843107103799563,0.011515581602858404,0.5258374985649394,7.163999999999999,160.83203787739936,strict,True,0.0,-0.0,1.0,0.003929888035372753
flat_train:flat:27116,16,flat_train,flat,27116,fast,decision_time_s,cost_stability,0.011515581602858404,0.989000041957837,cost_energy,0.5297673866003122,0.33101108370847,1,stability,7.163999999999999,0.20843107103799563,0.011515581602858404,0.5258374985649394,7.163999999999999,160.83203787739936,strict,True,0.0,-0.0,1.0,0.003929888035372753
flat_train:flat:27116,16,flat_train,flat,27116,fast,decision_time_s,cost_stability,0.011515581602858404,0.989000041957837,cost_energy,0.5358428073680077,0.8427385411318441,2,balanced,6.968000000000001,0.2029698577960702,0.011415495762404134,0.5358428073680077,6.968000000000001,159.20961413194416,unsupported,False,0.0,0.9699369372011996,0.030063062798800375,-0.0002037132733206089
flat_train:flat:27116,16,flat_train,flat,27116,fast,decision_time_s,cost_stability,0.011515581602858404,0.989000041957837,cost_energy,0.5377098745329717,1.0,3,balanced,6.968000000000001,0.2029698577960702,0.011415495762404134,0.5358428073680077,6.968000000000001,159.20961413194416,unsupported,False,0.0,0.9699369372011996,0.030063062798800375,-0.0002037132733206089
flat_train:flat:27116,16,flat_train,flat,27116,fast,decision_time_s,cost_stability,0.011519674417583605,1.0,cost_energy,0.5258374985649394,0.0,1,stability,7.163999999999999,0.20843107103799563,0.011515581602858404,0.5258374985649394,7.163999999999999,160.83203787739936,strict,True,0.0,-0.0,1.0,0.003929888035372753
flat_train:flat:27116,16,flat_train,flat,27116,fast,decision_time_s,cost_stability,0.011519674417583605,1.0,cost_energy,0.5297673866003122,0.33101108370847,2,stability,7.163999999999999,0.20843107103799563,0.011515581602858404,0.5258374985649394,7.163999999999999,160.83203787739936,strict,True,0.0,-0.0,1.0,0.003929888035372753
flat_train:flat:27116,16,flat_train,flat,27116,fast,decision_time_s,cost_stability,0.011519674417583605,1.0,cost_energy,0.5358428073680077,0.8427385411318441,3,balanced,6.968000000000001,0.2029698577960702,0.011415495762404134,0.5358428073680077,6.968000000000001,159.20961413194416,unsupported,False,0.0,0.9699369372011996,0.030063062798800375,-0.0002037132733206089
flat_train:flat:27116,16,flat_train,flat,27116,fast,decision_time_s,cost_stability,0.011519674417583605,1.0,cost_energy,0.5377098745329717,1.0,4,balanced,6.968000000000001,0.2029698577960702,0.011415495762404134,0.5358428073680077,6.968000000000001,159.20961413194416,unsupported,False,0.0,0.9699369372011996,0.030063062798800375,-0.0002037132733206089
flat_train:flat:27116,16,flat_train,flat,27116,stable,cost_stability,decision_time_s,6.968000000000001,0.0,cost_energy,0.5358428073680077,0.8427385411318441,1,balanced,0.011415495762404134,0.2029698577960702,0.011415495762404134,0.5358428073680077,6.968000000000001,159.20961413194416,unsupported,False,0.0,0.9699369372011996,0.030063062798800375,-0.0002037132733206089
flat_train:flat:27116,16,flat_train,flat,27116,stable,cost_stability,decision_time_s,6.968000000000001,0.0,cost_energy,0.5377098745329717,1.0,1,balanced,0.011415495762404134,0.2029698577960702,0.011415495762404134,0.5358428073680077,6.968000000000001,159.20961413194416,unsupported,False,0.0,0.9699369372011996,0.030063062798800375,-0.0002037132733206089
flat_train:flat:27116,16,flat_train,flat,27116,stable,cost_stability,decision_time_s,6.979999999999998,0.0594059405940446,cost_energy,0.5358428073680077,0.8427385411318441,1,balanced,0.011415495762404134,0.2029698577960702,0.011415495762404134,0.5358428073680077,6.968000000000001,159.20961413194416,unsupported,False,0.0,0.9699369372011996,0.030063062798800375,-0.0002037132733206089
flat_train:flat:27116,16,flat_train,flat,27116,stable,cost_stability,decision_time_s,6.979999999999998,0.0594059405940446,cost_energy,0.5377098745329717,1.0,2,motion,0.011147598932430539,0.19864074612357752,0.011147598932430539,0.5377098745329717,6.979999999999998,159.7643571252344,strict,True,1.0,-0.0,0.0,0.004329111672492697
flat_train:flat:27116,16,flat_train,flat,27116,stable,cost_stability,decision_time_s,7.163999999999999,0.9702970297029689,cost_energy,0.5258374985649394,0.0,1,stability,0.011515581602858404,0.20843107103799563,0.011515581602858404,0.5258374985649394,7.163999999999999,160.83203787739936,strict,True,0.0,-0.0,1.0,0.003929888035372753
flat_train:flat:27116,16,flat_train,flat,27116,stable,cost_stability,decision_time_s,7.163999999999999,0.9702970297029689,cost_energy,0.5297673866003122,0.33101108370847,1,stability,0.011515581602858404,0.20843107103799563,0.011515581602858404,0.5258374985649394,7.163999999999999,160.83203787739936,strict,True,0.0,-0.0,1.0,0.003929888035372753
flat_train:flat:27116,16,flat_train,flat,27116,stable,cost_stability,decision_time_s,7.163999999999999,0.9702970297029689,cost_energy,0.5358428073680077,0.8427385411318441,2,balanced,0.011415495762404134,0.2029698577960702,0.011415495762404134,0.5358428073680077,6.968000000000001,159.20961413194416,unsupported,False,0.0,0.9699369372011996,0.030063062798800375,-0.0002037132733206089
flat_train:flat:27116,16,flat_train,flat,27116,stable,cost_stability,decision_time_s,7.163999999999999,0.9702970297029689,cost_energy,0.5377098745329717,1.0,3,motion,0.011147598932430539,0.19864074612357752,0.011147598932430539,0.5377098745329717,6.979999999999998,159.7643571252344,strict,True,1.0,-0.0,0.0,0.004329111672492697
flat_train:flat:27116,16,flat_train,flat,27116,stable,cost_stability,decision_time_s,7.169999999999999,1.0,cost_energy,0.5258374985649394,0.0,1,stability,0.011515581602858404,0.20843107103799563,0.011515581602858404,0.5258374985649394,7.163999999999999,160.83203787739936,strict,True,0.0,-0.0,1.0,0.003929888035372753
flat_train:flat:27116,16,flat_train,flat,27116,stable,cost_stability,decision_time_s,7.169999999999999,1.0,cost_energy,0.5297673866003122,0.33101108370847,2,stability,0.011515581602858404,0.20843107103799563,0.011515581602858404,0.5258374985649394,7.163999999999999,160.83203787739936,strict,True,0.0,-0.0,1.0,0.003929888035372753
flat_train:flat:27116,16,flat_train,flat,27116,stable,cost_stability,decision_time_s,7.169999999999999,1.0,cost_energy,0.5358428073680077,0.8427385411318441,3,balanced,0.011415495762404134,0.2029698577960702,0.011415495762404134,0.5358428073680077,6.968000000000001,159.20961413194416,unsupported,False,0.0,0.9699369372011996,0.030063062798800375,-0.0002037132733206089
flat_train:flat:27116,16,flat_train,flat,27116,stable,cost_stability,decision_time_s,7.169999999999999,1.0,cost_energy,0.5377098745329717,1.0,4,motion,0.011147598932430539,0.19864074612357752,0.011147598932430539,0.5377098745329717,6.979999999999998,159.7643571252344,strict,True,1.0,-0.0,0.0,0.004329111672492697
flat_train:flat:27116,16,flat_train,flat,27116,efficient,cost_energy,decision_time_s,6.968000000000001,0.0,cost_stability,0.011415495762404134,0.7200066670970979,1,balanced,0.5358428073680077,0.2029698577960702,0.011415495762404134,0.5358428073680077,6.968000000000001,159.20961413194416,unsupported,False,0.0,0.9699369372011996,0.030063062798800375,-0.0002037132733206089
flat_train:flat:27116,16,flat_train,flat,27116,efficient,cost_energy,decision_time_s,6.968000000000001,0.0,cost_stability,0.011515581602858404,0.989000041957837,1,balanced,0.5358428073680077,0.2029698577960702,0.011415495762404134,0.5358428073680077,6.968000000000001,159.20961413194416,unsupported,False,0.0,0.9699369372011996,0.030063062798800375,-0.0002037132733206089
flat_train:flat:27116,16,flat_train,flat,27116,efficient,cost_energy,decision_time_s,6.968000000000001,0.0,cost_stability,0.011519674417583605,1.0,1,balanced,0.5358428073680077,0.2029698577960702,0.011415495762404134,0.5358428073680077,6.968000000000001,159.20961413194416,unsupported,False,0.0,0.9699369372011996,0.030063062798800375,-0.0002037132733206089
flat_train:flat:27116,16,flat_train,flat,27116,efficient,cost_energy,decision_time_s,6.979999999999998,0.0594059405940446,cost_stability,0.011147598932430539,0.0,1,motion,0.5377098745329717,0.19864074612357752,0.011147598932430539,0.5377098745329717,6.979999999999998,159.7643571252344,strict,True,1.0,-0.0,0.0,0.004329111672492697
flat_train:flat:27116,16,flat_train,flat,27116,efficient,cost_energy,decision_time_s,6.979999999999998,0.0594059405940446,cost_stability,0.011415495762404134,0.7200066670970979,2,balanced,0.5358428073680077,0.2029698577960702,0.011415495762404134,0.5358428073680077,6.968000000000001,159.20961413194416,unsupported,False,0.0,0.9699369372011996,0.030063062798800375,-0.0002037132733206089
flat_train:flat:27116,16,flat_train,flat,27116,efficient,cost_energy,decision_time_s,6.979999999999998,0.0594059405940446,cost_stability,0.011515581602858404,0.989000041957837,2,balanced,0.5358428073680077,0.2029698577960702,0.011415495762404134,0.5358428073680077,6.968000000000001,159.20961413194416,unsupported,False,0.0,0.9699369372011996,0.030063062798800375,-0.0002037132733206089
flat_train:flat:27116,16,flat_train,flat,27116,efficient,cost_energy,decision_time_s,6.979999999999998,0.0594059405940446,cost_stability,0.011519674417583605,1.0,2,balanced,0.5358428073680077,0.2029698577960702,0.011415495762404134,0.5358428073680077,6.968000000000001,159.20961413194416,unsupported,False,0.0,0.9699369372011996,0.030063062798800375,-0.0002037132733206089
flat_train:flat:27116,16,flat_train,flat,27116,efficient,cost_energy,decision_time_s,7.163999999999999,0.9702970297029689,cost_stability,0.011147598932430539,0.0,1,motion,0.5377098745329717,0.19864074612357752,0.011147598932430539,0.5377098745329717,6.979999999999998,159.7643571252344,strict,True,1.0,-0.0,0.0,0.004329111672492697
flat_train:flat:27116,16,flat_train,flat,27116,efficient,cost_energy,decision_time_s,7.163999999999999,0.9702970297029689,cost_stability,0.011415495762404134,0.7200066670970979,2,balanced,0.5358428073680077,0.2029698577960702,0.011415495762404134,0.5358428073680077,6.968000000000001,159.20961413194416,unsupported,False,0.0,0.9699369372011996,0.030063062798800375,-0.0002037132733206089
flat_train:flat:27116,16,flat_train,flat,27116,efficient,cost_energy,decision_time_s,7.163999999999999,0.9702970297029689,cost_stability,0.011515581602858404,0.989000041957837,3,stability,0.5258374985649394,0.20843107103799563,0.011515581602858404,0.5258374985649394,7.163999999999999,160.83203787739936,strict,True,0.0,-0.0,1.0,0.003929888035372753
flat_train:flat:27116,16,flat_train,flat,27116,efficient,cost_energy,decision_time_s,7.163999999999999,0.9702970297029689,cost_stability,0.011519674417583605,1.0,3,stability,0.5258374985649394,0.20843107103799563,0.011515581602858404,0.5258374985649394,7.163999999999999,160.83203787739936,strict,True,0.0,-0.0,1.0,0.003929888035372753
flat_train:flat:27116,16,flat_train,flat,27116,efficient,cost_energy,decision_time_s,7.169999999999999,1.0,cost_stability,0.011147598932430539,0.0,1,motion,0.5377098745329717,0.19864074612357752,0.011147598932430539,0.5377098745329717,6.979999999999998,159.7643571252344,strict,True,1.0,-0.0,0.0,0.004329111672492697
flat_train:flat:27116,16,flat_train,flat,27116,efficient,cost_energy,decision_time_s,7.169999999999999,1.0,cost_stability,0.011415495762404134,0.7200066670970979,2,balanced,0.5358428073680077,0.2029698577960702,0.011415495762404134,0.5358428073680077,6.968000000000001,159.20961413194416,unsupported,False,0.0,0.9699369372011996,0.030063062798800375,-0.0002037132733206089
flat_train:flat:27116,16,flat_train,flat,27116,efficient,cost_energy,decision_time_s,7.169999999999999,1.0,cost_stability,0.011515581602858404,0.989000041957837,3,stability,0.5258374985649394,0.20843107103799563,0.011515581602858404,0.5258374985649394,7.163999999999999,160.83203787739936,strict,True,0.0,-0.0,1.0,0.003929888035372753
flat_train:flat:27116,16,flat_train,flat,27116,efficient,cost_energy,decision_time_s,7.169999999999999,1.0,cost_stability,0.011519674417583605,1.0,4,stability,0.5258374985649394,0.20843107103799563,0.011515581602858404,0.5258374985649394,7.163999999999999,160.83203787739936,strict,True,0.0,-0.0,1.0,0.003929888035372753
flat_train:flat:27117,17,flat_train,flat,27117,fast,decision_time_s,cost_stability,0.011188735855540864,0.0,cost_energy,0.5435178539779204,1.0,1,motion,6.962000000000001,0.19856032766351084,0.011188735855540864,0.5435178539779204,6.962000000000001,161.49002396931968,strict,True,1.0,-0.0,0.0,0.004556680437729749
flat_train:flat:27117,17,flat_train,flat,27117,fast,decision_time_s,cost_stability,0.011333191228952252,0.4759184142860967,cost_energy,0.5368471043173095,0.5492509401143782,1,balanced,6.95,0.2031170081012406,0.011333191228952252,0.5368471043173095,6.95,159.50801084003402,unsupported,False,0.0,0.9874843938314803,0.01251560616851972,-5.9158951247852886e-05
flat_train:flat:27117,17,flat_train,flat,27117,fast,decision_time_s,cost_stability,0.011333191228952252,0.4759184142860967,cost_energy,0.5435178539779204,1.0,2,balanced,6.95,0.2031170081012406,0.011333191228952252,0.5368471043173095,6.95,159.50801084003402,unsupported,False,0.0,0.9874843938314803,0.01251560616851972,-5.9158951247852886e-05
flat_train:flat:27117,17,flat_train,flat,27117,fast,decision_time_s,cost_stability,0.011376305027443523,0.6179598636780936,cost_energy,0.5287186003481877,0.0,1,stability,7.153999999999999,0.2084080524227939,0.011376305027443523,0.5287186003481877,7.153999999999999,161.71324827490167,strict,True,0.0,-0.0,1.0,0.004863829760012428
flat_train:flat:27117,17,flat_train,flat,27117,fast,decision_time_s,cost_stability,0.011376305027443523,0.6179598636780936,cost_energy,0.5335824301082002,0.3286537200930644,1,stability,7.153999999999999,0.2084080524227939,0.011376305027443523,0.5287186003481877,7.153999999999999,161.71324827490167,strict,True,0.0,-0.0,1.0,0.004863829760012428
flat_train:flat:27117,17,flat_train,flat,27117,fast,decision_time_s,cost_stability,0.011376305027443523,0.6179598636780936,cost_energy,0.5368471043173095,0.5492509401143782,2,balanced,6.95,0.2031170081012406,0.011333191228952252,0.5368471043173095,6.95,159.50801084003402,unsupported,False,0.0,0.9874843938314803,0.01251560616851972,-5.9158951247852886e-05
flat_train:flat:27117,17,flat_train,flat,27117,fast,decision_time_s,cost_stability,0.011376305027443523,0.6179598636780936,cost_energy,0.5435178539779204,1.0,3,balanced,6.95,0.2031170081012406,0.011333191228952252,0.5368471043173095,6.95,159.50801084003402,unsupported,False,0.0,0.9874843938314803,0.01251560616851972,-5.9158951247852886e-05
flat_train:flat:27117,17,flat_train,flat,27117,fast,decision_time_s,cost_stability,0.011492265555327915,1.0,cost_energy,0.5287186003481877,0.0,1,stability,7.153999999999999,0.2084080524227939,0.011376305027443523,0.5287186003481877,7.153999999999999,161.71324827490167,strict,True,0.0,-0.0,1.0,0.004863829760012428
flat_train:flat:27117,17,flat_train,flat,27117,fast,decision_time_s,cost_stability,0.011492265555327915,1.0,cost_energy,0.5335824301082002,0.3286537200930644,2,energy,7.147999999999999,0.20650600012789497,0.011492265555327915,0.5335824301082002,7.147999999999999,163.2008935157345,unsupported,False,0.0,0.9874843938314802,0.012515606168519718,-0.00017538298933333907
flat_train:flat:27117,17,flat_train,flat,27117,fast,decision_time_s,cost_stability,0.011492265555327915,1.0,cost_energy,0.5368471043173095,0.5492509401143782,3,balanced,6.95,0.2031170081012406,0.011333191228952252,0.5368471043173095,6.95,159.50801084003402,unsupported,False,0.0,0.9874843938314803,0.01251560616851972,-5.9158951247852886e-05
flat_train:flat:27117,17,flat_train,flat,27117,fast,decision_time_s,cost_stability,0.011492265555327915,1.0,cost_energy,0.5435178539779204,1.0,4,balanced,6.95,0.2031170081012406,0.011333191228952252,0.5368471043173095,6.95,159.50801084003402,unsupported,False,0.0,0.9874843938314803,0.01251560616851972,-5.9158951247852886e-05
flat_train:flat:27117,17,flat_train,flat,27117,stable,cost_stability,decision_time_s,6.95,0.0,cost_energy,0.5368471043173095,0.5492509401143782,1,balanced,0.011333191228952252,0.2031170081012406,0.011333191228952252,0.5368471043173095,6.95,159.50801084003402,unsupported,False,0.0,0.9874843938314803,0.01251560616851972,-5.9158951247852886e-05
flat_train:flat:27117,17,flat_train,flat,27117,stable,cost_stability,decision_time_s,6.95,0.0,cost_energy,0.5435178539779204,1.0,1,balanced,0.011333191228952252,0.2031170081012406,0.011333191228952252,0.5368471043173095,6.95,159.50801084003402,unsupported,False,0.0,0.9874843938314803,0.01251560616851972,-5.9158951247852886e-05
flat_train:flat:27117,17,flat_train,flat,27117,stable,cost_stability,decision_time_s,6.962000000000001,0.058823529411767266,cost_energy,0.5368471043173095,0.5492509401143782,1,balanced,0.011333191228952252,0.2031170081012406,0.011333191228952252,0.5368471043173095,6.95,159.50801084003402,unsupported,False,0.0,0.9874843938314803,0.01251560616851972,-5.9158951247852886e-05
flat_train:flat:27117,17,flat_train,flat,27117,stable,cost_stability,decision_time_s,6.962000000000001,0.058823529411767266,cost_energy,0.5435178539779204,1.0,2,motion,0.011188735855540864,0.19856032766351084,0.011188735855540864,0.5435178539779204,6.962000000000001,161.49002396931968,strict,True,1.0,-0.0,0.0,0.004556680437729749
flat_train:flat:27117,17,flat_train,flat,27117,stable,cost_stability,decision_time_s,7.147999999999999,0.9705882352941164,cost_energy,0.5335824301082002,0.3286537200930644,1,energy,0.011492265555327915,0.20650600012789497,0.011492265555327915,0.5335824301082002,7.147999999999999,163.2008935157345,unsupported,False,0.0,0.9874843938314802,0.012515606168519718,-0.00017538298933333907
flat_train:flat:27117,17,flat_train,flat,27117,stable,cost_stability,decision_time_s,7.147999999999999,0.9705882352941164,cost_energy,0.5368471043173095,0.5492509401143782,2,balanced,0.011333191228952252,0.2031170081012406,0.011333191228952252,0.5368471043173095,6.95,159.50801084003402,unsupported,False,0.0,0.9874843938314803,0.01251560616851972,-5.9158951247852886e-05
flat_train:flat:27117,17,flat_train,flat,27117,stable,cost_stability,decision_time_s,7.147999999999999,0.9705882352941164,cost_energy,0.5435178539779204,1.0,3,motion,0.011188735855540864,0.19856032766351084,0.011188735855540864,0.5435178539779204,6.962000000000001,161.49002396931968,strict,True,1.0,-0.0,0.0,0.004556680437729749
flat_train:flat:27117,17,flat_train,flat,27117,stable,cost_stability,decision_time_s,7.153999999999999,1.0,cost_energy,0.5287186003481877,0.0,1,stability,0.011376305027443523,0.2084080524227939,0.011376305027443523,0.5287186003481877,7.153999999999999,161.71324827490167,strict,True,0.0,-0.0,1.0,0.004863829760012428
flat_train:flat:27117,17,flat_train,flat,27117,stable,cost_stability,decision_time_s,7.153999999999999,1.0,cost_energy,0.5335824301082002,0.3286537200930644,2,stability,0.011376305027443523,0.2084080524227939,0.011376305027443523,0.5287186003481877,7.153999999999999,161.71324827490167,strict,True,0.0,-0.0,1.0,0.004863829760012428
flat_train:flat:27117,17,flat_train,flat,27117,stable,cost_stability,decision_time_s,7.153999999999999,1.0,cost_energy,0.5368471043173095,0.5492509401143782,3,balanced,0.011333191228952252,0.2031170081012406,0.011333191228952252,0.5368471043173095,6.95,159.50801084003402,unsupported,False,0.0,0.9874843938314803,0.01251560616851972,-5.9158951247852886e-05
flat_train:flat:27117,17,flat_train,flat,27117,stable,cost_stability,decision_time_s,7.153999999999999,1.0,cost_energy,0.5435178539779204,1.0,4,motion,0.011188735855540864,0.19856032766351084,0.011188735855540864,0.5435178539779204,6.962000000000001,161.49002396931968,strict,True,1.0,-0.0,0.0,0.004556680437729749
flat_train:flat:27117,17,flat_train,flat,27117,efficient,cost_energy,decision_time_s,6.95,0.0,cost_stability,0.011333191228952252,0.4759184142860967,1,balanced,0.5368471043173095,0.2031170081012406,0.011333191228952252,0.5368471043173095,6.95,159.50801084003402,unsupported,False,0.0,0.9874843938314803,0.01251560616851972,-5.9158951247852886e-05
flat_train:flat:27117,17,flat_train,flat,27117,efficient,cost_energy,decision_time_s,6.95,0.0,cost_stability,0.011376305027443523,0.6179598636780936,1,balanced,0.5368471043173095,0.2031170081012406,0.011333191228952252,0.5368471043173095,6.95,159.50801084003402,unsupported,False,0.0,0.9874843938314803,0.01251560616851972,-5.9158951247852886e-05
flat_train:flat:27117,17,flat_train,flat,27117,efficient,cost_energy,decision_time_s,6.95,0.0,cost_stability,0.011492265555327915,1.0,1,balanced,0.5368471043173095,0.2031170081012406,0.011333191228952252,0.5368471043173095,6.95,159.50801084003402,unsupported,False,0.0,0.9874843938314803,0.01251560616851972,-5.9158951247852886e-05
flat_train:flat:27117,17,flat_train,flat,27117,efficient,cost_energy,decision_time_s,6.962000000000001,0.058823529411767266,cost_stability,0.011188735855540864,0.0,1,motion,0.5435178539779204,0.19856032766351084,0.011188735855540864,0.5435178539779204,6.962000000000001,161.49002396931968,strict,True,1.0,-0.0,0.0,0.004556680437729749
flat_train:flat:27117,17,flat_train,flat,27117,efficient,cost_energy,decision_time_s,6.962000000000001,0.058823529411767266,cost_stability,0.011333191228952252,0.4759184142860967,2,balanced,0.5368471043173095,0.2031170081012406,0.011333191228952252,0.5368471043173095,6.95,159.50801084003402,unsupported,False,0.0,0.9874843938314803,0.01251560616851972,-5.9158951247852886e-05
flat_train:flat:27117,17,flat_train,flat,27117,efficient,cost_energy,decision_time_s,6.962000000000001,0.058823529411767266,cost_stability,0.011376305027443523,0.6179598636780936,2,balanced,0.5368471043173095,0.2031170081012406,0.011333191228952252,0.5368471043173095,6.95,159.50801084003402,unsupported,False,0.0,0.9874843938314803,0.01251560616851972,-5.9158951247852886e-05
flat_train:flat:27117,17,flat_train,flat,27117,efficient,cost_energy,decision_time_s,6.962000000000001,0.058823529411767266,cost_stability,0.011492265555327915,1.0,2,balanced,0.5368471043173095,0.2031170081012406,0.011333191228952252,0.5368471043173095,6.95,159.50801084003402,unsupported,False,0.0,0.9874843938314803,0.01251560616851972,-5.9158951247852886e-05
flat_train:flat:27117,17,flat_train,flat,27117,efficient,cost_energy,decision_time_s,7.147999999999999,0.9705882352941164,cost_stability,0.011188735855540864,0.0,1,motion,0.5435178539779204,0.19856032766351084,0.011188735855540864,0.5435178539779204,6.962000000000001,161.49002396931968,strict,True,1.0,-0.0,0.0,0.004556680437729749
flat_train:flat:27117,17,flat_train,flat,27117,efficient,cost_energy,decision_time_s,7.147999999999999,0.9705882352941164,cost_stability,0.011333191228952252,0.4759184142860967,2,balanced,0.5368471043173095,0.2031170081012406,0.011333191228952252,0.5368471043173095,6.95,159.50801084003402,unsupported,False,0.0,0.9874843938314803,0.01251560616851972,-5.9158951247852886e-05
flat_train:flat:27117,17,flat_train,flat,27117,efficient,cost_energy,decision_time_s,7.147999999999999,0.9705882352941164,cost_stability,0.011376305027443523,0.6179598636780936,2,balanced,0.5368471043173095,0.2031170081012406,0.011333191228952252,0.5368471043173095,6.95,159.50801084003402,unsupported,False,0.0,0.9874843938314803,0.01251560616851972,-5.9158951247852886e-05
flat_train:flat:27117,17,flat_train,flat,27117,efficient,cost_energy,decision_time_s,7.147999999999999,0.9705882352941164,cost_stability,0.011492265555327915,1.0,3,energy,0.5335824301082002,0.20650600012789497,0.011492265555327915,0.5335824301082002,7.147999999999999,163.2008935157345,unsupported,False,0.0,0.9874843938314802,0.012515606168519718,-0.00017538298933333907
flat_train:flat:27117,17,flat_train,flat,27117,efficient,cost_energy,decision_time_s,7.153999999999999,1.0,cost_stability,0.011188735855540864,0.0,1,motion,0.5435178539779204,0.19856032766351084,0.011188735855540864,0.5435178539779204,6.962000000000001,161.49002396931968,strict,True,1.0,-0.0,0.0,0.004556680437729749
flat_train:flat:27117,17,flat_train,flat,27117,efficient,cost_energy,decision_time_s,7.153999999999999,1.0,cost_stability,0.011333191228952252,0.4759184142860967,2,balanced,0.5368471043173095,0.2031170081012406,0.011333191228952252,0.5368471043173095,6.95,159.50801084003402,unsupported,False,0.0,0.9874843938314803,0.01251560616851972,-5.9158951247852886e-05
flat_train:flat:27117,17,flat_train,flat,27117,efficient,cost_energy,decision_time_s,7.153999999999999,1.0,cost_stability,0.011376305027443523,0.6179598636780936,3,stability,0.5287186003481877,0.2084080524227939,0.011376305027443523,0.5287186003481877,7.153999999999999,161.71324827490167,strict,True,0.0,-0.0,1.0,0.004863829760012428
flat_train:flat:27117,17,flat_train,flat,27117,efficient,cost_energy,decision_time_s,7.153999999999999,1.0,cost_stability,0.011492265555327915,1.0,4,stability,0.5287186003481877,0.2084080524227939,0.011376305027443523,0.5287186003481877,7.153999999999999,161.71324827490167,strict,True,0.0,-0.0,1.0,0.004863829760012428
low_friction_train:low_friction:27200,18,low_friction_train,low_friction,27200,fast,decision_time_s,cost_stability,0.009534826143187463,0.0,cost_energy,0.588925455449709,1.0,1,motion,6.969999999999999,0.20083969493220918,0.009534826143187463,0.588925455449709,6.969999999999999,174.98153045139807,strict,True,1.0,-0.0,0.0,0.003781594518542042
low_friction_train:low_friction:27200,18,low_friction_train,low_friction,27200,fast,decision_time_s,cost_stability,0.009825322868277425,0.5912982078043806,cost_energy,0.5793831967885642,0.3517069013493002,1,balanced,6.953999999999999,0.20462128945075123,0.009825322868277425,0.5793831967885642,6.953999999999999,172.14633457212466,strict,True,0.6250811274741678,0.0,0.3749188725258323,0.0012137694932858646
low_friction_train:low_friction:27200,18,low_friction_train,low_friction,27200,fast,decision_time_s,cost_stability,0.009825322868277425,0.5912982078043806,cost_energy,0.588925455449709,1.0,2,balanced,6.953999999999999,0.20462128945075123,0.009825322868277425,0.5793831967885642,6.953999999999999,172.14633457212466,strict,True,0.6250811274741678,0.0,0.3749188725258323,0.0012137694932858646
low_friction_train:low_friction:27200,18,low_friction_train,low_friction,27200,fast,decision_time_s,cost_stability,0.009991276654595453,0.9290926404191118,cost_energy,0.5742064052531155,0.0,1,stability,7.149999999999998,0.20966806850134403,0.009991276654595453,0.5742064052531155,7.149999999999998,175.62609469873962,strict,True,0.0,-0.0,1.0,0.003343780422378706
low_friction_train:low_friction:27200,18,low_friction_train,low_friction,27200,fast,decision_time_s,cost_stability,0.009991276654595453,0.9290926404191118,cost_energy,0.5775501856754942,0.22717365439466866,1,stability,7.149999999999998,0.20966806850134403,0.009991276654595453,0.5742064052531155,7.149999999999998,175.62609469873962,strict,True,0.0,-0.0,1.0,0.003343780422378706
low_friction_train:low_friction:27200,18,low_friction_train,low_friction,27200,fast,decision_time_s,cost_stability,0.009991276654595453,0.9290926404191118,cost_energy,0.5793831967885642,0.3517069013493002,2,balanced,6.953999999999999,0.20462128945075123,0.009825322868277425,0.5793831967885642,6.953999999999999,172.14633457212466,strict,True,0.6250811274741678,0.0,0.3749188725258323,0.0012137694932858646
low_friction_train:low_friction:27200,18,low_friction_train,low_friction,27200,fast,decision_time_s,cost_stability,0.009991276654595453,0.9290926404191118,cost_energy,0.588925455449709,1.0,3,balanced,6.953999999999999,0.20462128945075123,0.009825322868277425,0.5793831967885642,6.953999999999999,172.14633457212466,strict,True,0.6250811274741678,0.0,0.3749188725258323,0.0012137694932858646
low_friction_train:low_friction:27200,18,low_friction_train,low_friction,27200,fast,decision_time_s,cost_stability,0.01002611247089111,1.0,cost_energy,0.5742064052531155,0.0,1,stability,7.149999999999998,0.20966806850134403,0.009991276654595453,0.5742064052531155,7.149999999999998,175.62609469873962,strict,True,0.0,-0.0,1.0,0.003343780422378706
low_friction_train:low_friction:27200,18,low_friction_train,low_friction,27200,fast,decision_time_s,cost_stability,0.01002611247089111,1.0,cost_energy,0.5775501856754942,0.22717365439466866,2,stability,7.149999999999998,0.20966806850134403,0.009991276654595453,0.5742064052531155,7.149999999999998,175.62609469873962,strict,True,0.0,-0.0,1.0,0.003343780422378706
low_friction_train:low_friction:27200,18,low_friction_train,low_friction,27200,fast,decision_time_s,cost_stability,0.01002611247089111,1.0,cost_energy,0.5793831967885642,0.3517069013493002,3,balanced,6.953999999999999,0.20462128945075123,0.009825322868277425,0.5793831967885642,6.953999999999999,172.14633457212466,strict,True,0.6250811274741678,0.0,0.3749188725258323,0.0012137694932858646
low_friction_train:low_friction:27200,18,low_friction_train,low_friction,27200,fast,decision_time_s,cost_stability,0.01002611247089111,1.0,cost_energy,0.588925455449709,1.0,4,balanced,6.953999999999999,0.20462128945075123,0.009825322868277425,0.5793831967885642,6.953999999999999,172.14633457212466,strict,True,0.6250811274741678,0.0,0.3749188725258323,0.0012137694932858646
low_friction_train:low_friction:27200,18,low_friction_train,low_friction,27200,stable,cost_stability,decision_time_s,6.953999999999999,0.0,cost_energy,0.5793831967885642,0.3517069013493002,1,balanced,0.009825322868277425,0.20462128945075123,0.009825322868277425,0.5793831967885642,6.953999999999999,172.14633457212466,strict,True,0.6250811274741678,0.0,0.3749188725258323,0.0012137694932858646
low_friction_train:low_friction:27200,18,low_friction_train,low_friction,27200,stable,cost_stability,decision_time_s,6.953999999999999,0.0,cost_energy,0.588925455449709,1.0,1,balanced,0.009825322868277425,0.20462128945075123,0.009825322868277425,0.5793831967885642,6.953999999999999,172.14633457212466,strict,True,0.6250811274741678,0.0,0.3749188725258323,0.0012137694932858646
low_friction_train:low_friction:27200,18,low_friction_train,low_friction,27200,stable,cost_stability,decision_time_s,6.969999999999999,0.07766990291261994,cost_energy,0.5793831967885642,0.3517069013493002,1,balanced,0.009825322868277425,0.20462128945075123,0.009825322868277425,0.5793831967885642,6.953999999999999,172.14633457212466,strict,True,0.6250811274741678,0.0,0.3749188725258323,0.0012137694932858646
low_friction_train:low_friction:27200,18,low_friction_train,low_friction,27200,stable,cost_stability,decision_time_s,6.969999999999999,0.07766990291261994,cost_energy,0.588925455449709,1.0,2,motion,0.009534826143187463,0.20083969493220918,0.009534826143187463,0.588925455449709,6.969999999999999,174.98153045139807,strict,True,1.0,-0.0,0.0,0.003781594518542042
low_friction_train:low_friction:27200,18,low_friction_train,low_friction,27200,stable,cost_stability,decision_time_s,7.149999999999998,0.9514563106795878,cost_energy,0.5742064052531155,0.0,1,stability,0.009991276654595453,0.20966806850134403,0.009991276654595453,0.5742064052531155,7.149999999999998,175.62609469873962,strict,True,0.0,-0.0,1.0,0.003343780422378706
low_friction_train:low_friction:27200,18,low_friction_train,low_friction,27200,stable,cost_stability,decision_time_s,7.149999999999998,0.9514563106795878,cost_energy,0.5775501856754942,0.22717365439466866,1,stability,0.009991276654595453,0.20966806850134403,0.009991276654595453,0.5742064052531155,7.149999999999998,175.62609469873962,strict,True,0.0,-0.0,1.0,0.003343780422378706
low_friction_train:low_friction:27200,18,low_friction_train,low_friction,27200,stable,cost_stability,decision_time_s,7.149999999999998,0.9514563106795878,cost_energy,0.5793831967885642,0.3517069013493002,2,balanced,0.009825322868277425,0.20462128945075123,0.009825322868277425,0.5793831967885642,6.953999999999999,172.14633457212466,strict,True,0.6250811274741678,0.0,0.3749188725258323,0.0012137694932858646
low_friction_train:low_friction:27200,18,low_friction_train,low_friction,27200,stable,cost_stability,decision_time_s,7.149999999999998,0.9514563106795878,cost_energy,0.588925455449709,1.0,3,motion,0.009534826143187463,0.20083969493220918,0.009534826143187463,0.588925455449709,6.969999999999999,174.98153045139807,strict,True,1.0,-0.0,0.0,0.003781594518542042
low_friction_train:low_friction:27200,18,low_friction_train,low_friction,27200,stable,cost_stability,decision_time_s,7.160000000000003,1.0,cost_energy,0.5742064052531155,0.0,1,stability,0.009991276654595453,0.20966806850134403,0.009991276654595453,0.5742064052531155,7.149999999999998,175.62609469873962,strict,True,0.0,-0.0,1.0,0.003343780422378706
low_friction_train:low_friction:27200,18,low_friction_train,low_friction,27200,stable,cost_stability,decision_time_s,7.160000000000003,1.0,cost_energy,0.5775501856754942,0.22717365439466866,2,stability,0.009991276654595453,0.20966806850134403,0.009991276654595453,0.5742064052531155,7.149999999999998,175.62609469873962,strict,True,0.0,-0.0,1.0,0.003343780422378706
low_friction_train:low_friction:27200,18,low_friction_train,low_friction,27200,stable,cost_stability,decision_time_s,7.160000000000003,1.0,cost_energy,0.5793831967885642,0.3517069013493002,3,balanced,0.009825322868277425,0.20462128945075123,0.009825322868277425,0.5793831967885642,6.953999999999999,172.14633457212466,strict,True,0.6250811274741678,0.0,0.3749188725258323,0.0012137694932858646
low_friction_train:low_friction:27200,18,low_friction_train,low_friction,27200,stable,cost_stability,decision_time_s,7.160000000000003,1.0,cost_energy,0.588925455449709,1.0,4,motion,0.009534826143187463,0.20083969493220918,0.009534826143187463,0.588925455449709,6.969999999999999,174.98153045139807,strict,True,1.0,-0.0,0.0,0.003781594518542042
low_friction_train:low_friction:27200,18,low_friction_train,low_friction,27200,efficient,cost_energy,decision_time_s,6.953999999999999,0.0,cost_stability,0.009825322868277425,0.5912982078043806,1,balanced,0.5793831967885642,0.20462128945075123,0.009825322868277425,0.5793831967885642,6.953999999999999,172.14633457212466,strict,True,0.6250811274741678,0.0,0.3749188725258323,0.0012137694932858646
low_friction_train:low_friction:27200,18,low_friction_train,low_friction,27200,efficient,cost_energy,decision_time_s,6.953999999999999,0.0,cost_stability,0.009991276654595453,0.9290926404191118,1,balanced,0.5793831967885642,0.20462128945075123,0.009825322868277425,0.5793831967885642,6.953999999999999,172.14633457212466,strict,True,0.6250811274741678,0.0,0.3749188725258323,0.0012137694932858646
low_friction_train:low_friction:27200,18,low_friction_train,low_friction,27200,efficient,cost_energy,decision_time_s,6.953999999999999,0.0,cost_stability,0.01002611247089111,1.0,1,balanced,0.5793831967885642,0.20462128945075123,0.009825322868277425,0.5793831967885642,6.953999999999999,172.14633457212466,strict,True,0.6250811274741678,0.0,0.3749188725258323,0.0012137694932858646
low_friction_train:low_friction:27200,18,low_friction_train,low_friction,27200,efficient,cost_energy,decision_time_s,6.969999999999999,0.07766990291261994,cost_stability,0.009534826143187463,0.0,1,motion,0.588925455449709,0.20083969493220918,0.009534826143187463,0.588925455449709,6.969999999999999,174.98153045139807,strict,True,1.0,-0.0,0.0,0.003781594518542042
low_friction_train:low_friction:27200,18,low_friction_train,low_friction,27200,efficient,cost_energy,decision_time_s,6.969999999999999,0.07766990291261994,cost_stability,0.009825322868277425,0.5912982078043806,2,balanced,0.5793831967885642,0.20462128945075123,0.009825322868277425,0.5793831967885642,6.953999999999999,172.14633457212466,strict,True,0.6250811274741678,0.0,0.3749188725258323,0.0012137694932858646
low_friction_train:low_friction:27200,18,low_friction_train,low_friction,27200,efficient,cost_energy,decision_time_s,6.969999999999999,0.07766990291261994,cost_stability,0.009991276654595453,0.9290926404191118,2,balanced,0.5793831967885642,0.20462128945075123,0.009825322868277425,0.5793831967885642,6.953999999999999,172.14633457212466,strict,True,0.6250811274741678,0.0,0.3749188725258323,0.0012137694932858646
low_friction_train:low_friction:27200,18,low_friction_train,low_friction,27200,efficient,cost_energy,decision_time_s,6.969999999999999,0.07766990291261994,cost_stability,0.01002611247089111,1.0,2,balanced,0.5793831967885642,0.20462128945075123,0.009825322868277425,0.5793831967885642,6.953999999999999,172.14633457212466,strict,True,0.6250811274741678,0.0,0.3749188725258323,0.0012137694932858646
low_friction_train:low_friction:27200,18,low_friction_train,low_friction,27200,efficient,cost_energy,decision_time_s,7.149999999999998,0.9514563106795878,cost_stability,0.009534826143187463,0.0,1,motion,0.588925455449709,0.20083969493220918,0.009534826143187463,0.588925455449709,6.969999999999999,174.98153045139807,strict,True,1.0,-0.0,0.0,0.003781594518542042
low_friction_train:low_friction:27200,18,low_friction_train,low_friction,27200,efficient,cost_energy,decision_time_s,7.149999999999998,0.9514563106795878,cost_stability,0.009825322868277425,0.5912982078043806,2,balanced,0.5793831967885642,0.20462128945075123,0.009825322868277425,0.5793831967885642,6.953999999999999,172.14633457212466,strict,True,0.6250811274741678,0.0,0.3749188725258323,0.0012137694932858646
low_friction_train:low_friction:27200,18,low_friction_train,low_friction,27200,efficient,cost_energy,decision_time_s,7.149999999999998,0.9514563106795878,cost_stability,0.009991276654595453,0.9290926404191118,3,stability,0.5742064052531155,0.20966806850134403,0.009991276654595453,0.5742064052531155,7.149999999999998,175.62609469873962,strict,True,0.0,-0.0,1.0,0.003343780422378706
low_friction_train:low_friction:27200,18,low_friction_train,low_friction,27200,efficient,cost_energy,decision_time_s,7.149999999999998,0.9514563106795878,cost_stability,0.01002611247089111,1.0,3,stability,0.5742064052531155,0.20966806850134403,0.009991276654595453,0.5742064052531155,7.149999999999998,175.62609469873962,strict,True,0.0,-0.0,1.0,0.003343780422378706
low_friction_train:low_friction:27200,18,low_friction_train,low_friction,27200,efficient,cost_energy,decision_time_s,7.160000000000003,1.0,cost_stability,0.009534826143187463,0.0,1,motion,0.588925455449709,0.20083969493220918,0.009534826143187463,0.588925455449709,6.969999999999999,174.98153045139807,strict,True,1.0,-0.0,0.0,0.003781594518542042
low_friction_train:low_friction:27200,18,low_friction_train,low_friction,27200,efficient,cost_energy,decision_time_s,7.160000000000003,1.0,cost_stability,0.009825322868277425,0.5912982078043806,2,balanced,0.5793831967885642,0.20462128945075123,0.009825322868277425,0.5793831967885642,6.953999999999999,172.14633457212466,strict,True,0.6250811274741678,0.0,0.3749188725258323,0.0012137694932858646
low_friction_train:low_friction:27200,18,low_friction_train,low_friction,27200,efficient,cost_energy,decision_time_s,7.160000000000003,1.0,cost_stability,0.009991276654595453,0.9290926404191118,3,stability,0.5742064052531155,0.20966806850134403,0.009991276654595453,0.5742064052531155,7.149999999999998,175.62609469873962,strict,True,0.0,-0.0,1.0,0.003343780422378706
low_friction_train:low_friction:27200,18,low_friction_train,low_friction,27200,efficient,cost_energy,decision_time_s,7.160000000000003,1.0,cost_stability,0.01002611247089111,1.0,4,stability,0.5742064052531155,0.20966806850134403,0.009991276654595453,0.5742064052531155,7.149999999999998,175.62609469873962,strict,True,0.0,-0.0,1.0,0.003343780422378706
low_friction_train:low_friction:27201,19,low_friction_train,low_friction,27201,fast,decision_time_s,cost_stability,0.009318837823557066,0.0,cost_energy,0.5819514871584712,1.0,1,motion,6.9399999999999995,0.20024531317122662,0.009318837823557066,0.5819514871584712,6.9399999999999995,172.90942500302947,strict,True,1.0,-0.0,0.0,0.00505352786511265
low_friction_train:low_friction:27201,19,low_friction_train,low_friction,27201,fast,decision_time_s,cost_stability,0.010064643397847418,0.7773380093835054,cost_energy,0.5730427352006183,0.07043452396654826,1,energy,7.171999999999999,0.20872931837893444,0.010064643397847418,0.5730427352006183,7.171999999999999,175.2701759472797,strict,True,0.5085246228335827,0.0,0.4914753771664172,6.410668020004584e-05
low_friction_train:low_friction:27201,19,low_friction_train,low_friction,27201,fast,decision_time_s,cost_stability,0.010064643397847418,0.7773380093835054,cost_energy,0.5802735532778973,0.8249194259950795,1,energy,7.171999999999999,0.20872931837893444,0.010064643397847418,0.5730427352006183,7.171999999999999,175.2701759472797,strict,True,0.5085246228335827,0.0,0.4914753771664172,6.410668020004584e-05
low_friction_train:low_friction:27201,19,low_friction_train,low_friction,27201,fast,decision_time_s,cost_stability,0.010064643397847418,0.7773380093835054,cost_energy,0.5819514871584712,1.0,2,motion,6.9399999999999995,0.20024531317122662,0.009318837823557066,0.5819514871584712,6.9399999999999995,172.90942500302947,strict,True,1.0,-0.0,0.0,0.00505352786511265
low_friction_train:low_friction:27201,19,low_friction_train,low_friction,27201,fast,decision_time_s,cost_stability,0.010149988625957437,0.8662916080376175,cost_energy,0.5723677061472966,0.0,1,stability,7.1599999999999975,0.20950777987520142,0.010149988625957437,0.5723677061472966,7.1599999999999975,175.06371235621123,strict,True,0.0,0.0,1.0,0.0006750290533217296
low_friction_train:low_friction:27201,19,low_friction_train,low_friction,27201,fast,decision_time_s,cost_stability,0.010149988625957437,0.8662916080376175,cost_energy,0.5730427352006183,0.07043452396654826,2,stability,7.1599999999999975,0.20950777987520142,0.010149988625957437,0.5723677061472966,7.1599999999999975,175.06371235621123,strict,True,0.0,0.0,1.0,0.0006750290533217296
low_friction_train:low_friction:27201,19,low_friction_train,low_friction,27201,fast,decision_time_s,cost_stability,0.010149988625957437,0.8662916080376175,cost_energy,0.5802735532778973,0.8249194259950795,2,stability,7.1599999999999975,0.20950777987520142,0.010149988625957437,0.5723677061472966,7.1599999999999975,175.06371235621123,strict,True,0.0,0.0,1.0,0.0006750290533217296
low_friction_train:low_friction:27201,19,low_friction_train,low_friction,27201,fast,decision_time_s,cost_stability,0.010149988625957437,0.8662916080376175,cost_energy,0.5819514871584712,1.0,3,motion,6.9399999999999995,0.20024531317122662,0.009318837823557066,0.5819514871584712,6.9399999999999995,172.90942500302947,strict,True,1.0,-0.0,0.0,0.00505352786511265
low_friction_train:low_friction:27201,19,low_friction_train,low_friction,27201,fast,decision_time_s,cost_stability,0.010278273185378417,1.0,cost_energy,0.5723677061472966,0.0,1,stability,7.1599999999999975,0.20950777987520142,0.010149988625957437,0.5723677061472966,7.1599999999999975,175.06371235621123,strict,True,0.0,0.0,1.0,0.0006750290533217296
low_friction_train:low_friction:27201,19,low_friction_train,low_friction,27201,fast,decision_time_s,cost_stability,0.010278273185378417,1.0,cost_energy,0.5730427352006183,0.07043452396654826,2,stability,7.1599999999999975,0.20950777987520142,0.010149988625957437,0.5723677061472966,7.1599999999999975,175.06371235621123,strict,True,0.0,0.0,1.0,0.0006750290533217296
low_friction_train:low_friction:27201,19,low_friction_train,low_friction,27201,fast,decision_time_s,cost_stability,0.010278273185378417,1.0,cost_energy,0.5802735532778973,0.8249194259950795,3,balanced,6.944000000000002,0.20529884103633927,0.010278273185378417,0.5802735532778973,6.944000000000002,172.41087729091726,unsupported,False,0.0,0.9227509316913474,0.07724906830865265,-0.0007557010450604186
low_friction_train:low_friction:27201,19,low_friction_train,low_friction,27201,fast,decision_time_s,cost_stability,0.010278273185378417,1.0,cost_energy,0.5819514871584712,1.0,4,motion,6.9399999999999995,0.20024531317122662,0.009318837823557066,0.5819514871584712,6.9399999999999995,172.90942500302947,strict,True,1.0,-0.0,0.0,0.00505352786511265
low_friction_train:low_friction:27201,19,low_friction_train,low_friction,27201,stable,cost_stability,decision_time_s,6.9399999999999995,0.0,cost_energy,0.5819514871584712,1.0,1,motion,0.009318837823557066,0.20024531317122662,0.009318837823557066,0.5819514871584712,6.9399999999999995,172.90942500302947,strict,True,1.0,-0.0,0.0,0.00505352786511265
low_friction_train:low_friction:27201,19,low_friction_train,low_friction,27201,stable,cost_stability,decision_time_s,6.944000000000002,0.017241379310354465,cost_energy,0.5802735532778973,0.8249194259950795,1,balanced,0.010278273185378417,0.20529884103633927,0.010278273185378417,0.5802735532778973,6.944000000000002,172.41087729091726,unsupported,False,0.0,0.9227509316913474,0.07724906830865265,-0.0007557010450604186
low_friction_train:low_friction:27201,19,low_friction_train,low_friction,27201,stable,cost_stability,decision_time_s,6.944000000000002,0.017241379310354465,cost_energy,0.5819514871584712,1.0,2,motion,0.009318837823557066,0.20024531317122662,0.009318837823557066,0.5819514871584712,6.9399999999999995,172.90942500302947,strict,True,1.0,-0.0,0.0,0.00505352786511265
low_friction_train:low_friction:27201,19,low_friction_train,low_friction,27201,stable,cost_stability,decision_time_s,7.1599999999999975,0.9482758620689595,cost_energy,0.5723677061472966,0.0,1,stability,0.010149988625957437,0.20950777987520142,0.010149988625957437,0.5723677061472966,7.1599999999999975,175.06371235621123,strict,True,0.0,0.0,1.0,0.0006750290533217296
low_friction_train:low_friction:27201,19,low_friction_train,low_friction,27201,stable,cost_stability,decision_time_s,7.1599999999999975,0.9482758620689595,cost_energy,0.5730427352006183,0.07043452396654826,1,stability,0.010149988625957437,0.20950777987520142,0.010149988625957437,0.5723677061472966,7.1599999999999975,175.06371235621123,strict,True,0.0,0.0,1.0,0.0006750290533217296
low_friction_train:low_friction:27201,19,low_friction_train,low_friction,27201,stable,cost_stability,decision_time_s,7.1599999999999975,0.9482758620689595,cost_energy,0.5802735532778973,0.8249194259950795,2,stability,0.010149988625957437,0.20950777987520142,0.010149988625957437,0.5723677061472966,7.1599999999999975,175.06371235621123,strict,True,0.0,0.0,1.0,0.0006750290533217296
low_friction_train:low_friction:27201,19,low_friction_train,low_friction,27201,stable,cost_stability,decision_time_s,7.1599999999999975,0.9482758620689595,cost_energy,0.5819514871584712,1.0,3,motion,0.009318837823557066,0.20024531317122662,0.009318837823557066,0.5819514871584712,6.9399999999999995,172.90942500302947,strict,True,1.0,-0.0,0.0,0.00505352786511265
low_friction_train:low_friction:27201,19,low_friction_train,low_friction,27201,stable,cost_stability,decision_time_s,7.171999999999999,1.0,cost_energy,0.5723677061472966,0.0,1,stability,0.010149988625957437,0.20950777987520142,0.010149988625957437,0.5723677061472966,7.1599999999999975,175.06371235621123,strict,True,0.0,0.0,1.0,0.0006750290533217296
low_friction_train:low_friction:27201,19,low_friction_train,low_friction,27201,stable,cost_stability,decision_time_s,7.171999999999999,1.0,cost_energy,0.5730427352006183,0.07043452396654826,2,energy,0.010064643397847418,0.20872931837893444,0.010064643397847418,0.5730427352006183,7.171999999999999,175.2701759472797,strict,True,0.5085246228335827,0.0,0.4914753771664172,6.410668020004584e-05
low_friction_train:low_friction:27201,19,low_friction_train,low_friction,27201,stable,cost_stability,decision_time_s,7.171999999999999,1.0,cost_energy,0.5802735532778973,0.8249194259950795,3,energy,0.010064643397847418,0.20872931837893444,0.010064643397847418,0.5730427352006183,7.171999999999999,175.2701759472797,strict,True,0.5085246228335827,0.0,0.4914753771664172,6.410668020004584e-05
low_friction_train:low_friction:27201,19,low_friction_train,low_friction,27201,stable,cost_stability,decision_time_s,7.171999999999999,1.0,cost_energy,0.5819514871584712,1.0,4,motion,0.009318837823557066,0.20024531317122662,0.009318837823557066,0.5819514871584712,6.9399999999999995,172.90942500302947,strict,True,1.0,-0.0,0.0,0.00505352786511265
low_friction_train:low_friction:27201,19,low_friction_train,low_friction,27201,efficient,cost_energy,decision_time_s,6.9399999999999995,0.0,cost_stability,0.009318837823557066,0.0,1,motion,0.5819514871584712,0.20024531317122662,0.009318837823557066,0.5819514871584712,6.9399999999999995,172.90942500302947,strict,True,1.0,-0.0,0.0,0.00505352786511265
low_friction_train:low_friction:27201,19,low_friction_train,low_friction,27201,efficient,cost_energy,decision_time_s,6.9399999999999995,0.0,cost_stability,0.010064643397847418,0.7773380093835054,1,motion,0.5819514871584712,0.20024531317122662,0.009318837823557066,0.5819514871584712,6.9399999999999995,172.90942500302947,strict,True,1.0,-0.0,0.0,0.00505352786511265
low_friction_train:low_friction:27201,19,low_friction_train,low_friction,27201,efficient,cost_energy,decision_time_s,6.9399999999999995,0.0,cost_stability,0.010149988625957437,0.8662916080376175,1,motion,0.5819514871584712,0.20024531317122662,0.009318837823557066,0.5819514871584712,6.9399999999999995,172.90942500302947,strict,True,1.0,-0.0,0.0,0.00505352786511265
low_friction_train:low_friction:27201,19,low_friction_train,low_friction,27201,efficient,cost_energy,decision_time_s,6.9399999999999995,0.0,cost_stability,0.010278273185378417,1.0,1,motion,0.5819514871584712,0.20024531317122662,0.009318837823557066,0.5819514871584712,6.9399999999999995,172.90942500302947,strict,True,1.0,-0.0,0.0,0.00505352786511265
low_friction_train:low_friction:27201,19,low_friction_train,low_friction,27201,efficient,cost_energy,decision_time_s,6.944000000000002,0.017241379310354465,cost_stability,0.009318837823557066,0.0,1,motion,0.5819514871584712,0.20024531317122662,0.009318837823557066,0.5819514871584712,6.9399999999999995,172.90942500302947,strict,True,1.0,-0.0,0.0,0.00505352786511265
low_friction_train:low_friction:27201,19,low_friction_train,low_friction,27201,efficient,cost_energy,decision_time_s,6.944000000000002,0.017241379310354465,cost_stability,0.010064643397847418,0.7773380093835054,1,motion,0.5819514871584712,0.20024531317122662,0.009318837823557066,0.5819514871584712,6.9399999999999995,172.90942500302947,strict,True,1.0,-0.0,0.0,0.00505352786511265
low_friction_train:low_friction:27201,19,low_friction_train,low_friction,27201,efficient,cost_energy,decision_time_s,6.944000000000002,0.017241379310354465,cost_stability,0.010149988625957437,0.8662916080376175,1,motion,0.5819514871584712,0.20024531317122662,0.009318837823557066,0.5819514871584712,6.9399999999999995,172.90942500302947,strict,True,1.0,-0.0,0.0,0.00505352786511265
low_friction_train:low_friction:27201,19,low_friction_train,low_friction,27201,efficient,cost_energy,decision_time_s,6.944000000000002,0.017241379310354465,cost_stability,0.010278273185378417,1.0,2,balanced,0.5802735532778973,0.20529884103633927,0.010278273185378417,0.5802735532778973,6.944000000000002,172.41087729091726,unsupported,False,0.0,0.9227509316913474,0.07724906830865265,-0.0007557010450604186
low_friction_train:low_friction:27201,19,low_friction_train,low_friction,27201,efficient,cost_energy,decision_time_s,7.1599999999999975,0.9482758620689595,cost_stability,0.009318837823557066,0.0,1,motion,0.5819514871584712,0.20024531317122662,0.009318837823557066,0.5819514871584712,6.9399999999999995,172.90942500302947,strict,True,1.0,-0.0,0.0,0.00505352786511265
low_friction_train:low_friction:27201,19,low_friction_train,low_friction,27201,efficient,cost_energy,decision_time_s,7.1599999999999975,0.9482758620689595,cost_stability,0.010064643397847418,0.7773380093835054,1,motion,0.5819514871584712,0.20024531317122662,0.009318837823557066,0.5819514871584712,6.9399999999999995,172.90942500302947,strict,True,1.0,-0.0,0.0,0.00505352786511265
low_friction_train:low_friction:27201,19,low_friction_train,low_friction,27201,efficient,cost_energy,decision_time_s,7.1599999999999975,0.9482758620689595,cost_stability,0.010149988625957437,0.8662916080376175,2,stability,0.5723677061472966,0.20950777987520142,0.010149988625957437,0.5723677061472966,7.1599999999999975,175.06371235621123,strict,True,0.0,0.0,1.0,0.0006750290533217296
low_friction_train:low_friction:27201,19,low_friction_train,low_friction,27201,efficient,cost_energy,decision_time_s,7.1599999999999975,0.9482758620689595,cost_stability,0.010278273185378417,1.0,3,stability,0.5723677061472966,0.20950777987520142,0.010149988625957437,0.5723677061472966,7.1599999999999975,175.06371235621123,strict,True,0.0,0.0,1.0,0.0006750290533217296
low_friction_train:low_friction:27201,19,low_friction_train,low_friction,27201,efficient,cost_energy,decision_time_s,7.171999999999999,1.0,cost_stability,0.009318837823557066,0.0,1,motion,0.5819514871584712,0.20024531317122662,0.009318837823557066,0.5819514871584712,6.9399999999999995,172.90942500302947,strict,True,1.0,-0.0,0.0,0.00505352786511265
low_friction_train:low_friction:27201,19,low_friction_train,low_friction,27201,efficient,cost_energy,decision_time_s,7.171999999999999,1.0,cost_stability,0.010064643397847418,0.7773380093835054,2,energy,0.5730427352006183,0.20872931837893444,0.010064643397847418,0.5730427352006183,7.171999999999999,175.2701759472797,strict,True,0.5085246228335827,0.0,0.4914753771664172,6.410668020004584e-05
low_friction_train:low_friction:27201,19,low_friction_train,low_friction,27201,efficient,cost_energy,decision_time_s,7.171999999999999,1.0,cost_stability,0.010149988625957437,0.8662916080376175,3,stability,0.5723677061472966,0.20950777987520142,0.010149988625957437,0.5723677061472966,7.1599999999999975,175.06371235621123,strict,True,0.0,0.0,1.0,0.0006750290533217296
low_friction_train:low_friction:27201,19,low_friction_train,low_friction,27201,efficient,cost_energy,decision_time_s,7.171999999999999,1.0,cost_stability,0.010278273185378417,1.0,4,stability,0.5723677061472966,0.20950777987520142,0.010149988625957437,0.5723677061472966,7.1599999999999975,175.06371235621123,strict,True,0.0,0.0,1.0,0.0006750290533217296
low_friction_train:low_friction:27202,20,low_friction_train,low_friction,27202,fast,decision_time_s,cost_stability,0.00942427573209215,0.0,cost_energy,0.5907496814882871,1.0,1,motion,6.962000000000002,0.20094982996709695,0.00942427573209215,0.5907496814882871,6.962000000000002,175.52354448927986,strict,True,1.0,-0.0,0.0,0.0035847536659777968
low_friction_train:low_friction:27202,20,low_friction_train,low_friction,27202,fast,decision_time_s,cost_stability,0.009893112186897451,0.4444855215418712,cost_energy,0.5746090441972828,0.22318319096208789,1,energy,7.134000000000001,0.20806741248731359,0.009893112186897451,0.5746090441972828,7.134000000000001,175.74924537189614,strict,True,0.0,0.9649201198444194,0.03507988015558069,0.00011382189364496495
low_friction_train:low_friction:27202,20,low_friction_train,low_friction,27202,fast,decision_time_s,cost_stability,0.009893112186897451,0.4444855215418712,cost_energy,0.5767122995801454,0.32440869437004366,1,energy,7.134000000000001,0.20806741248731359,0.009893112186897451,0.5746090441972828,7.134000000000001,175.74924537189614,strict,True,0.0,0.9649201198444194,0.03507988015558069,0.00011382189364496495
low_friction_train:low_friction:27202,20,low_friction_train,low_friction,27202,fast,decision_time_s,cost_stability,0.009893112186897451,0.4444855215418712,cost_energy,0.5907496814882871,1.0,2,motion,6.962000000000002,0.20094982996709695,0.00942427573209215,0.5907496814882871,6.962000000000002,175.52354448927986,strict,True,1.0,-0.0,0.0,0.0035847536659777968
low_friction_train:low_friction:27202,20,low_friction_train,low_friction,27202,fast,decision_time_s,cost_stability,0.010179661508048169,0.7161517351089006,cost_energy,0.5699717617738637,0.0,1,stability,7.1640000000000015,0.20969770187952075,0.010179661508048169,0.5699717617738637,7.1640000000000015,174.33089163256227,strict,True,0.0,0.0,1.0,0.004637282423419098
low_friction_train:low_friction:27202,20,low_friction_train,low_friction,27202,fast,decision_time_s,cost_stability,0.010179661508048169,0.7161517351089006,cost_energy,0.5746090441972828,0.22318319096208789,2,energy,7.134000000000001,0.20806741248731359,0.009893112186897451,0.5746090441972828,7.134000000000001,175.74924537189614,strict,True,0.0,0.9649201198444194,0.03507988015558069,0.00011382189364496495
low_friction_train:low_friction:27202,20,low_friction_train,low_friction,27202,fast,decision_time_s,cost_stability,0.010179661508048169,0.7161517351089006,cost_energy,0.5767122995801454,0.32440869437004366,2,energy,7.134000000000001,0.20806741248731359,0.009893112186897451,0.5746090441972828,7.134000000000001,175.74924537189614,strict,True,0.0,0.9649201198444194,0.03507988015558069,0.00011382189364496495
low_friction_train:low_friction:27202,20,low_friction_train,low_friction,27202,fast,decision_time_s,cost_stability,0.010179661508048169,0.7161517351089006,cost_energy,0.5907496814882871,1.0,3,motion,6.962000000000002,0.20094982996709695,0.00942427573209215,0.5907496814882871,6.962000000000002,175.52354448927986,strict,True,1.0,-0.0,0.0,0.0035847536659777968
low_friction_train:low_friction:27202,20,low_friction_train,low_friction,27202,fast,decision_time_s,cost_stability,0.010479060268557949,1.0,cost_energy,0.5699717617738637,0.0,1,stability,7.1640000000000015,0.20969770187952075,0.010179661508048169,0.5699717617738637,7.1640000000000015,174.33089163256227,strict,True,0.0,0.0,1.0,0.004637282423419098
low_friction_train:low_friction:27202,20,low_friction_train,low_friction,27202,fast,decision_time_s,cost_stability,0.010479060268557949,1.0,cost_energy,0.5746090441972828,0.22318319096208789,2,energy,7.134000000000001,0.20806741248731359,0.009893112186897451,0.5746090441972828,7.134000000000001,175.74924537189614,strict,True,0.0,0.9649201198444194,0.03507988015558069,0.00011382189364496495
low_friction_train:low_friction:27202,20,low_friction_train,low_friction,27202,fast,decision_time_s,cost_stability,0.010479060268557949,1.0,cost_energy,0.5767122995801454,0.32440869437004366,3,balanced,6.952,0.20453458363307475,0.010479060268557949,0.5767122995801454,6.952,171.35275759751315,strict,True,0.7037210035557685,0.0,0.29627899644423156,0.0016363149771265327
low_friction_train:low_friction:27202,20,low_friction_train,low_friction,27202,fast,decision_time_s,cost_stability,0.010479060268557949,1.0,cost_energy,0.5907496814882871,1.0,4,balanced,6.952,0.20453458363307475,0.010479060268557949,0.5767122995801454,6.952,171.35275759751315,strict,True,0.7037210035557685,0.0,0.29627899644423156,0.0016363149771265327
low_friction_train:low_friction:27202,20,low_friction_train,low_friction,27202,stable,cost_stability,decision_time_s,6.952,0.0,cost_energy,0.5767122995801454,0.32440869437004366,1,balanced,0.010479060268557949,0.20453458363307475,0.010479060268557949,0.5767122995801454,6.952,171.35275759751315,strict,True,0.7037210035557685,0.0,0.29627899644423156,0.0016363149771265327
low_friction_train:low_friction:27202,20,low_friction_train,low_friction,27202,stable,cost_stability,decision_time_s,6.952,0.0,cost_energy,0.5907496814882871,1.0,1,balanced,0.010479060268557949,0.20453458363307475,0.010479060268557949,0.5767122995801454,6.952,171.35275759751315,strict,True,0.7037210035557685,0.0,0.29627899644423156,0.0016363149771265327
low_friction_train:low_friction:27202,20,low_friction_train,low_friction,27202,stable,cost_stability,decision_time_s,6.962000000000002,0.04716981132076594,cost_energy,0.5767122995801454,0.32440869437004366,1,balanced,0.010479060268557949,0.20453458363307475,0.010479060268557949,0.5767122995801454,6.952,171.35275759751315,strict,True,0.7037210035557685,0.0,0.29627899644423156,0.0016363149771265327
low_friction_train:low_friction:27202,20,low_friction_train,low_friction,27202,stable,cost_stability,decision_time_s,6.962000000000002,0.04716981132076594,cost_energy,0.5907496814882871,1.0,2,motion,0.00942427573209215,0.20094982996709695,0.00942427573209215,0.5907496814882871,6.962000000000002,175.52354448927986,strict,True,1.0,-0.0,0.0,0.0035847536659777968
low_friction_train:low_friction:27202,20,low_friction_train,low_friction,27202,stable,cost_stability,decision_time_s,7.134000000000001,0.8584905660377357,cost_energy,0.5746090441972828,0.22318319096208789,1,energy,0.009893112186897451,0.20806741248731359,0.009893112186897451,0.5746090441972828,7.134000000000001,175.74924537189614,strict,True,0.0,0.9649201198444194,0.03507988015558069,0.00011382189364496495
low_friction_train:low_friction:27202,20,low_friction_train,low_friction,27202,stable,cost_stability,decision_time_s,7.134000000000001,0.8584905660377357,cost_energy,0.5767122995801454,0.32440869437004366,2,energy,0.009893112186897451,0.20806741248731359,0.009893112186897451,0.5746090441972828,7.134000000000001,175.74924537189614,strict,True,0.0,0.9649201198444194,0.03507988015558069,0.00011382189364496495
low_friction_train:low_friction:27202,20,low_friction_train,low_friction,27202,stable,cost_stability,decision_time_s,7.134000000000001,0.8584905660377357,cost_energy,0.5907496814882871,1.0,3,motion,0.00942427573209215,0.20094982996709695,0.00942427573209215,0.5907496814882871,6.962000000000002,175.52354448927986,strict,True,1.0,-0.0,0.0,0.0035847536659777968
low_friction_train:low_friction:27202,20,low_friction_train,low_friction,27202,stable,cost_stability,decision_time_s,7.1640000000000015,1.0,cost_energy,0.5699717617738637,0.0,1,stability,0.010179661508048169,0.20969770187952075,0.010179661508048169,0.5699717617738637,7.1640000000000015,174.33089163256227,strict,True,0.0,0.0,1.0,0.004637282423419098
low_friction_train:low_friction:27202,20,low_friction_train,low_friction,27202,stable,cost_stability,decision_time_s,7.1640000000000015,1.0,cost_energy,0.5746090441972828,0.22318319096208789,2,energy,0.009893112186897451,0.20806741248731359,0.009893112186897451,0.5746090441972828,7.134000000000001,175.74924537189614,strict,True,0.0,0.9649201198444194,0.03507988015558069,0.00011382189364496495
low_friction_train:low_friction:27202,20,low_friction_train,low_friction,27202,stable,cost_stability,decision_time_s,7.1640000000000015,1.0,cost_energy,0.5767122995801454,0.32440869437004366,3,energy,0.009893112186897451,0.20806741248731359,0.009893112186897451,0.5746090441972828,7.134000000000001,175.74924537189614,strict,True,0.0,0.9649201198444194,0.03507988015558069,0.00011382189364496495
low_friction_train:low_friction:27202,20,low_friction_train,low_friction,27202,stable,cost_stability,decision_time_s,7.1640000000000015,1.0,cost_energy,0.5907496814882871,1.0,4,motion,0.00942427573209215,0.20094982996709695,0.00942427573209215,0.5907496814882871,6.962000000000002,175.52354448927986,strict,True,1.0,-0.0,0.0,0.0035847536659777968
low_friction_train:low_friction:27202,20,low_friction_train,low_friction,27202,efficient,cost_energy,decision_time_s,6.952,0.0,cost_stability,0.010479060268557949,1.0,1,balanced,0.5767122995801454,0.20453458363307475,0.010479060268557949,0.5767122995801454,6.952,171.35275759751315,strict,True,0.7037210035557685,0.0,0.29627899644423156,0.0016363149771265327
low_friction_train:low_friction:27202,20,low_friction_train,low_friction,27202,efficient,cost_energy,decision_time_s,6.962000000000002,0.04716981132076594,cost_stability,0.00942427573209215,0.0,1,motion,0.5907496814882871,0.20094982996709695,0.00942427573209215,0.5907496814882871,6.962000000000002,175.52354448927986,strict,True,1.0,-0.0,0.0,0.0035847536659777968
low_friction_train:low_friction:27202,20,low_friction_train,low_friction,27202,efficient,cost_energy,decision_time_s,6.962000000000002,0.04716981132076594,cost_stability,0.009893112186897451,0.4444855215418712,1,motion,0.5907496814882871,0.20094982996709695,0.00942427573209215,0.5907496814882871,6.962000000000002,175.52354448927986,strict,True,1.0,-0.0,0.0,0.0035847536659777968
low_friction_train:low_friction:27202,20,low_friction_train,low_friction,27202,efficient,cost_energy,decision_time_s,6.962000000000002,0.04716981132076594,cost_stability,0.010179661508048169,0.7161517351089006,1,motion,0.5907496814882871,0.20094982996709695,0.00942427573209215,0.5907496814882871,6.962000000000002,175.52354448927986,strict,True,1.0,-0.0,0.0,0.0035847536659777968
low_friction_train:low_friction:27202,20,low_friction_train,low_friction,27202,efficient,cost_energy,decision_time_s,6.962000000000002,0.04716981132076594,cost_stability,0.010479060268557949,1.0,2,balanced,0.5767122995801454,0.20453458363307475,0.010479060268557949,0.5767122995801454,6.952,171.35275759751315,strict,True,0.7037210035557685,0.0,0.29627899644423156,0.0016363149771265327
low_friction_train:low_friction:27202,20,low_friction_train,low_friction,27202,efficient,cost_energy,decision_time_s,7.134000000000001,0.8584905660377357,cost_stability,0.00942427573209215,0.0,1,motion,0.5907496814882871,0.20094982996709695,0.00942427573209215,0.5907496814882871,6.962000000000002,175.52354448927986,strict,True,1.0,-0.0,0.0,0.0035847536659777968
low_friction_train:low_friction:27202,20,low_friction_train,low_friction,27202,efficient,cost_energy,decision_time_s,7.134000000000001,0.8584905660377357,cost_stability,0.009893112186897451,0.4444855215418712,2,energy,0.5746090441972828,0.20806741248731359,0.009893112186897451,0.5746090441972828,7.134000000000001,175.74924537189614,strict,True,0.0,0.9649201198444194,0.03507988015558069,0.00011382189364496495
low_friction_train:low_friction:27202,20,low_friction_train,low_friction,27202,efficient,cost_energy,decision_time_s,7.134000000000001,0.8584905660377357,cost_stability,0.010179661508048169,0.7161517351089006,2,energy,0.5746090441972828,0.20806741248731359,0.009893112186897451,0.5746090441972828,7.134000000000001,175.74924537189614,strict,True,0.0,0.9649201198444194,0.03507988015558069,0.00011382189364496495
low_friction_train:low_friction:27202,20,low_friction_train,low_friction,27202,efficient,cost_energy,decision_time_s,7.134000000000001,0.8584905660377357,cost_stability,0.010479060268557949,1.0,3,energy,0.5746090441972828,0.20806741248731359,0.009893112186897451,0.5746090441972828,7.134000000000001,175.74924537189614,strict,True,0.0,0.9649201198444194,0.03507988015558069,0.00011382189364496495
low_friction_train:low_friction:27202,20,low_friction_train,low_friction,27202,efficient,cost_energy,decision_time_s,7.1640000000000015,1.0,cost_stability,0.00942427573209215,0.0,1,motion,0.5907496814882871,0.20094982996709695,0.00942427573209215,0.5907496814882871,6.962000000000002,175.52354448927986,strict,True,1.0,-0.0,0.0,0.0035847536659777968
low_friction_train:low_friction:27202,20,low_friction_train,low_friction,27202,efficient,cost_energy,decision_time_s,7.1640000000000015,1.0,cost_stability,0.009893112186897451,0.4444855215418712,2,energy,0.5746090441972828,0.20806741248731359,0.009893112186897451,0.5746090441972828,7.134000000000001,175.74924537189614,strict,True,0.0,0.9649201198444194,0.03507988015558069,0.00011382189364496495
low_friction_train:low_friction:27202,20,low_friction_train,low_friction,27202,efficient,cost_energy,decision_time_s,7.1640000000000015,1.0,cost_stability,0.010179661508048169,0.7161517351089006,3,stability,0.5699717617738637,0.20969770187952075,0.010179661508048169,0.5699717617738637,7.1640000000000015,174.33089163256227,strict,True,0.0,0.0,1.0,0.004637282423419098
low_friction_train:low_friction:27202,20,low_friction_train,low_friction,27202,efficient,cost_energy,decision_time_s,7.1640000000000015,1.0,cost_stability,0.010479060268557949,1.0,4,stability,0.5699717617738637,0.20969770187952075,0.010179661508048169,0.5699717617738637,7.1640000000000015,174.33089163256227,strict,True,0.0,0.0,1.0,0.004637282423419098
low_friction_train:low_friction:27203,21,low_friction_train,low_friction,27203,fast,decision_time_s,cost_stability,0.009906798874084879,0.0,cost_energy,0.5848622450851167,1.0,1,motion,6.934000000000001,0.2008279687493115,0.009906798874084879,0.5848622450851167,6.934000000000001,173.77426939388536,strict,True,1.0,-0.0,0.0,0.0043380355462324105
low_friction_train:low_friction:27203,21,low_friction_train,low_friction,27203,fast,decision_time_s,cost_stability,0.009909754532117909,0.005069597299539675,cost_energy,0.5765532120546015,0.20830235858422969,1,energy,7.142000000000001,0.20792873880643442,0.009909754532117909,0.5765532120546015,7.142000000000001,176.34388626251672,strict,True,0.0,0.9791423145920022,0.020857685407997907,0.0001704131871475468
low_friction_train:low_friction:27203,21,low_friction_train,low_friction,27203,fast,decision_time_s,cost_stability,0.009909754532117909,0.005069597299539675,cost_energy,0.5783516337856364,0.3796587892906872,1,energy,7.142000000000001,0.20792873880643442,0.009909754532117909,0.5765532120546015,7.142000000000001,176.34388626251672,strict,True,0.0,0.9791423145920022,0.020857685407997907,0.0001704131871475468
low_friction_train:low_friction:27203,21,low_friction_train,low_friction,27203,fast,decision_time_s,cost_stability,0.009909754532117909,0.005069597299539675,cost_energy,0.5848622450851167,1.0,2,motion,6.934000000000001,0.2008279687493115,0.009906798874084879,0.5848622450851167,6.934000000000001,173.77426939388536,strict,True,1.0,-0.0,0.0,0.0043380355462324105
low_friction_train:low_friction:27203,21,low_friction_train,low_friction,27203,fast,decision_time_s,cost_stability,0.010130367793463766,0.38346939235808236,cost_energy,0.5743670350505682,0.0,1,stability,7.161999999999999,0.20959891024378532,0.010130367793463766,0.5743670350505682,7.161999999999999,175.67522473936748,strict,True,0.0,0.0,1.0,0.0021861770040333406
low_friction_train:low_friction:27203,21,low_friction_train,low_friction,27203,fast,decision_time_s,cost_stability,0.010130367793463766,0.38346939235808236,cost_energy,0.5765532120546015,0.20830235858422969,2,energy,7.142000000000001,0.20792873880643442,0.009909754532117909,0.5765532120546015,7.142000000000001,176.34388626251672,strict,True,0.0,0.9791423145920022,0.020857685407997907,0.0001704131871475468
low_friction_train:low_friction:27203,21,low_friction_train,low_friction,27203,fast,decision_time_s,cost_stability,0.010130367793463766,0.38346939235808236,cost_energy,0.5783516337856364,0.3796587892906872,2,energy,7.142000000000001,0.20792873880643442,0.009909754532117909,0.5765532120546015,7.142000000000001,176.34388626251672,strict,True,0.0,0.9791423145920022,0.020857685407997907,0.0001704131871475468
low_friction_train:low_friction:27203,21,low_friction_train,low_friction,27203,fast,decision_time_s,cost_stability,0.010130367793463766,0.38346939235808236,cost_energy,0.5848622450851167,1.0,3,motion,6.934000000000001,0.2008279687493115,0.009906798874084879,0.5848622450851167,6.934000000000001,173.77426939388536,strict,True,1.0,-0.0,0.0,0.0043380355462324105
low_friction_train:low_friction:27203,21,low_friction_train,low_friction,27203,fast,decision_time_s,cost_stability,0.010489815208202413,1.0,cost_energy,0.5743670350505682,0.0,1,stability,7.161999999999999,0.20959891024378532,0.010130367793463766,0.5743670350505682,7.161999999999999,175.67522473936748,strict,True,0.0,0.0,1.0,0.0021861770040333406
low_friction_train:low_friction:27203,21,low_friction_train,low_friction,27203,fast,decision_time_s,cost_stability,0.010489815208202413,1.0,cost_energy,0.5765532120546015,0.20830235858422969,2,energy,7.142000000000001,0.20792873880643442,0.009909754532117909,0.5765532120546015,7.142000000000001,176.34388626251672,strict,True,0.0,0.9791423145920022,0.020857685407997907,0.0001704131871475468
low_friction_train:low_friction:27203,21,low_friction_train,low_friction,27203,fast,decision_time_s,cost_stability,0.010489815208202413,1.0,cost_energy,0.5783516337856364,0.3796587892906872,3,balanced,6.9979999999999976,0.2051660042955439,0.010489815208202413,0.5783516337856364,6.9979999999999976,171.8398365742218,strict,True,0.5447486499178964,0.0,0.45525135008210355,0.0006008255768422937
low_friction_train:low_friction:27203,21,low_friction_train,low_friction,27203,fast,decision_time_s,cost_stability,0.010489815208202413,1.0,cost_energy,0.5848622450851167,1.0,4,motion,6.934000000000001,0.2008279687493115,0.009906798874084879,0.5848622450851167,6.934000000000001,173.77426939388536,strict,True,1.0,-0.0,0.0,0.0043380355462324105
low_friction_train:low_friction:27203,21,low_friction_train,low_friction,27203,stable,cost_stability,decision_time_s,6.934000000000001,0.0,cost_energy,0.5848622450851167,1.0,1,motion,0.009906798874084879,0.2008279687493115,0.009906798874084879,0.5848622450851167,6.934000000000001,173.77426939388536,strict,True,1.0,-0.0,0.0,0.0043380355462324105
low_friction_train:low_friction:27203,21,low_friction_train,low_friction,27203,stable,cost_stability,decision_time_s,6.9979999999999976,0.2807017543859521,cost_energy,0.5783516337856364,0.3796587892906872,1,balanced,0.010489815208202413,0.2051660042955439,0.010489815208202413,0.5783516337856364,6.9979999999999976,171.8398365742218,strict,True,0.5447486499178964,0.0,0.45525135008210355,0.0006008255768422937
low_friction_train:low_friction:27203,21,low_friction_train,low_friction,27203,stable,cost_stability,decision_time_s,6.9979999999999976,0.2807017543859521,cost_energy,0.5848622450851167,1.0,2,motion,0.009906798874084879,0.2008279687493115,0.009906798874084879,0.5848622450851167,6.934000000000001,173.77426939388536,strict,True,1.0,-0.0,0.0,0.0043380355462324105
low_friction_train:low_friction:27203,21,low_friction_train,low_friction,27203,stable,cost_stability,decision_time_s,7.142000000000001,0.9122807017543948,cost_energy,0.5765532120546015,0.20830235858422969,1,energy,0.009909754532117909,0.20792873880643442,0.009909754532117909,0.5765532120546015,7.142000000000001,176.34388626251672,strict,True,0.0,0.9791423145920022,0.020857685407997907,0.0001704131871475468
low_friction_train:low_friction:27203,21,low_friction_train,low_friction,27203,stable,cost_stability,decision_time_s,7.142000000000001,0.9122807017543948,cost_energy,0.5783516337856364,0.3796587892906872,2,energy,0.009909754532117909,0.20792873880643442,0.009909754532117909,0.5765532120546015,7.142000000000001,176.34388626251672,strict,True,0.0,0.9791423145920022,0.020857685407997907,0.0001704131871475468
low_friction_train:low_friction:27203,21,low_friction_train,low_friction,27203,stable,cost_stability,decision_time_s,7.142000000000001,0.9122807017543948,cost_energy,0.5848622450851167,1.0,3,motion,0.009906798874084879,0.2008279687493115,0.009906798874084879,0.5848622450851167,6.934000000000001,173.77426939388536,strict,True,1.0,-0.0,0.0,0.0043380355462324105
low_friction_train:low_friction:27203,21,low_friction_train,low_friction,27203,stable,cost_stability,decision_time_s,7.161999999999999,1.0,cost_energy,0.5743670350505682,0.0,1,stability,0.010130367793463766,0.20959891024378532,0.010130367793463766,0.5743670350505682,7.161999999999999,175.67522473936748,strict,True,0.0,0.0,1.0,0.0021861770040333406
low_friction_train:low_friction:27203,21,low_friction_train,low_friction,27203,stable,cost_stability,decision_time_s,7.161999999999999,1.0,cost_energy,0.5765532120546015,0.20830235858422969,2,energy,0.009909754532117909,0.20792873880643442,0.009909754532117909,0.5765532120546015,7.142000000000001,176.34388626251672,strict,True,0.0,0.9791423145920022,0.020857685407997907,0.0001704131871475468
low_friction_train:low_friction:27203,21,low_friction_train,low_friction,27203,stable,cost_stability,decision_time_s,7.161999999999999,1.0,cost_energy,0.5783516337856364,0.3796587892906872,3,energy,0.009909754532117909,0.20792873880643442,0.009909754532117909,0.5765532120546015,7.142000000000001,176.34388626251672,strict,True,0.0,0.9791423145920022,0.020857685407997907,0.0001704131871475468
low_friction_train:low_friction:27203,21,low_friction_train,low_friction,27203,stable,cost_stability,decision_time_s,7.161999999999999,1.0,cost_energy,0.5848622450851167,1.0,4,motion,0.009906798874084879,0.2008279687493115,0.009906798874084879,0.5848622450851167,6.934000000000001,173.77426939388536,strict,True,1.0,-0.0,0.0,0.0043380355462324105
low_friction_train:low_friction:27203,21,low_friction_train,low_friction,27203,efficient,cost_energy,decision_time_s,6.934000000000001,0.0,cost_stability,0.009906798874084879,0.0,1,motion,0.5848622450851167,0.2008279687493115,0.009906798874084879,0.5848622450851167,6.934000000000001,173.77426939388536,strict,True,1.0,-0.0,0.0,0.0043380355462324105
low_friction_train:low_friction:27203,21,low_friction_train,low_friction,27203,efficient,cost_energy,decision_time_s,6.934000000000001,0.0,cost_stability,0.009909754532117909,0.005069597299539675,1,motion,0.5848622450851167,0.2008279687493115,0.009906798874084879,0.5848622450851167,6.934000000000001,173.77426939388536,strict,True,1.0,-0.0,0.0,0.0043380355462324105
low_friction_train:low_friction:27203,21,low_friction_train,low_friction,27203,efficient,cost_energy,decision_time_s,6.934000000000001,0.0,cost_stability,0.010130367793463766,0.38346939235808236,1,motion,0.5848622450851167,0.2008279687493115,0.009906798874084879,0.5848622450851167,6.934000000000001,173.77426939388536,strict,True,1.0,-0.0,0.0,0.0043380355462324105
low_friction_train:low_friction:27203,21,low_friction_train,low_friction,27203,efficient,cost_energy,decision_time_s,6.934000000000001,0.0,cost_stability,0.010489815208202413,1.0,1,motion,0.5848622450851167,0.2008279687493115,0.009906798874084879,0.5848622450851167,6.934000000000001,173.77426939388536,strict,True,1.0,-0.0,0.0,0.0043380355462324105
low_friction_train:low_friction:27203,21,low_friction_train,low_friction,27203,efficient,cost_energy,decision_time_s,6.9979999999999976,0.2807017543859521,cost_stability,0.009906798874084879,0.0,1,motion,0.5848622450851167,0.2008279687493115,0.009906798874084879,0.5848622450851167,6.934000000000001,173.77426939388536,strict,True,1.0,-0.0,0.0,0.0043380355462324105
low_friction_train:low_friction:27203,21,low_friction_train,low_friction,27203,efficient,cost_energy,decision_time_s,6.9979999999999976,0.2807017543859521,cost_stability,0.009909754532117909,0.005069597299539675,1,motion,0.5848622450851167,0.2008279687493115,0.009906798874084879,0.5848622450851167,6.934000000000001,173.77426939388536,strict,True,1.0,-0.0,0.0,0.0043380355462324105
low_friction_train:low_friction:27203,21,low_friction_train,low_friction,27203,efficient,cost_energy,decision_time_s,6.9979999999999976,0.2807017543859521,cost_stability,0.010130367793463766,0.38346939235808236,1,motion,0.5848622450851167,0.2008279687493115,0.009906798874084879,0.5848622450851167,6.934000000000001,173.77426939388536,strict,True,1.0,-0.0,0.0,0.0043380355462324105
low_friction_train:low_friction:27203,21,low_friction_train,low_friction,27203,efficient,cost_energy,decision_time_s,6.9979999999999976,0.2807017543859521,cost_stability,0.010489815208202413,1.0,2,balanced,0.5783516337856364,0.2051660042955439,0.010489815208202413,0.5783516337856364,6.9979999999999976,171.8398365742218,strict,True,0.5447486499178964,0.0,0.45525135008210355,0.0006008255768422937
low_friction_train:low_friction:27203,21,low_friction_train,low_friction,27203,efficient,cost_energy,decision_time_s,7.142000000000001,0.9122807017543948,cost_stability,0.009906798874084879,0.0,1,motion,0.5848622450851167,0.2008279687493115,0.009906798874084879,0.5848622450851167,6.934000000000001,173.77426939388536,strict,True,1.0,-0.0,0.0,0.0043380355462324105
low_friction_train:low_friction:27203,21,low_friction_train,low_friction,27203,efficient,cost_energy,decision_time_s,7.142000000000001,0.9122807017543948,cost_stability,0.009909754532117909,0.005069597299539675,2,energy,0.5765532120546015,0.20792873880643442,0.009909754532117909,0.5765532120546015,7.142000000000001,176.34388626251672,strict,True,0.0,0.9791423145920022,0.020857685407997907,0.0001704131871475468
low_friction_train:low_friction:27203,21,low_friction_train,low_friction,27203,efficient,cost_energy,decision_time_s,7.142000000000001,0.9122807017543948,cost_stability,0.010130367793463766,0.38346939235808236,2,energy,0.5765532120546015,0.20792873880643442,0.009909754532117909,0.5765532120546015,7.142000000000001,176.34388626251672,strict,True,0.0,0.9791423145920022,0.020857685407997907,0.0001704131871475468
low_friction_train:low_friction:27203,21,low_friction_train,low_friction,27203,efficient,cost_energy,decision_time_s,7.142000000000001,0.9122807017543948,cost_stability,0.010489815208202413,1.0,3,energy,0.5765532120546015,0.20792873880643442,0.009909754532117909,0.5765532120546015,7.142000000000001,176.34388626251672,strict,True,0.0,0.9791423145920022,0.020857685407997907,0.0001704131871475468
low_friction_train:low_friction:27203,21,low_friction_train,low_friction,27203,efficient,cost_energy,decision_time_s,7.161999999999999,1.0,cost_stability,0.009906798874084879,0.0,1,motion,0.5848622450851167,0.2008279687493115,0.009906798874084879,0.5848622450851167,6.934000000000001,173.77426939388536,strict,True,1.0,-0.0,0.0,0.0043380355462324105
low_friction_train:low_friction:27203,21,low_friction_train,low_friction,27203,efficient,cost_energy,decision_time_s,7.161999999999999,1.0,cost_stability,0.009909754532117909,0.005069597299539675,2,energy,0.5765532120546015,0.20792873880643442,0.009909754532117909,0.5765532120546015,7.142000000000001,176.34388626251672,strict,True,0.0,0.9791423145920022,0.020857685407997907,0.0001704131871475468
low_friction_train:low_friction:27203,21,low_friction_train,low_friction,27203,efficient,cost_energy,decision_time_s,7.161999999999999,1.0,cost_stability,0.010130367793463766,0.38346939235808236,3,stability,0.5743670350505682,0.20959891024378532,0.010130367793463766,0.5743670350505682,7.161999999999999,175.67522473936748,strict,True,0.0,0.0,1.0,0.0021861770040333406
low_friction_train:low_friction:27203,21,low_friction_train,low_friction,27203,efficient,cost_energy,decision_time_s,7.161999999999999,1.0,cost_stability,0.010489815208202413,1.0,4,stability,0.5743670350505682,0.20959891024378532,0.010130367793463766,0.5743670350505682,7.161999999999999,175.67522473936748,strict,True,0.0,0.0,1.0,0.0021861770040333406
low_friction_train:low_friction:27204,22,low_friction_train,low_friction,27204,fast,decision_time_s,cost_stability,0.0093277398914946,0.0,cost_energy,0.5864152938493978,1.0,1,motion,6.936000000000001,0.2008462161885782,0.0093277398914946,0.5864152938493978,6.936000000000001,174.23571124042954,strict,True,1.0,-0.0,0.0,0.0037630026600165567
low_friction_train:low_friction:27204,22,low_friction_train,low_friction,27204,fast,decision_time_s,cost_stability,0.00979894001835834,0.5898090595426171,cost_energy,0.5769466556529914,0.4402914911111484,1,energy,7.14,0.20863619770286565,0.00979894001835834,0.5769466556529914,7.14,176.4642244580458,unsupported,False,0.0,0.9549049878218179,0.045095012178182174,-2.2962996626709994e-05
low_friction_train:low_friction:27204,22,low_friction_train,low_friction,27204,fast,decision_time_s,cost_stability,0.00979894001835834,0.5898090595426171,cost_energy,0.5826853726388169,0.7795175403534309,1,energy,7.14,0.20863619770286565,0.00979894001835834,0.5769466556529914,7.14,176.4642244580458,unsupported,False,0.0,0.9549049878218179,0.045095012178182174,-2.2962996626709994e-05
low_friction_train:low_friction:27204,22,low_friction_train,low_friction,27204,fast,decision_time_s,cost_stability,0.00979894001835834,0.5898090595426171,cost_energy,0.5864152938493978,1.0,2,motion,6.936000000000001,0.2008462161885782,0.0093277398914946,0.5864152938493978,6.936000000000001,174.23571124042954,strict,True,1.0,-0.0,0.0,0.0037630026600165567
low_friction_train:low_friction:27204,22,low_friction_train,low_friction,27204,fast,decision_time_s,cost_stability,0.009895681882400071,0.7109024646497714,cost_energy,0.5769466556529914,0.4402914911111484,1,energy,7.14,0.20863619770286565,0.00979894001835834,0.5769466556529914,7.14,176.4642244580458,unsupported,False,0.0,0.9549049878218179,0.045095012178182174,-2.2962996626709994e-05
low_friction_train:low_friction:27204,22,low_friction_train,low_friction,27204,fast,decision_time_s,cost_stability,0.009895681882400071,0.7109024646497714,cost_energy,0.5826853726388169,0.7795175403534309,2,balanced,6.9700000000000015,0.20460921884859476,0.009895681882400071,0.5826853726388169,6.9700000000000015,173.12747705586338,unsupported,False,0.0,0.9549049878218178,0.045095012178182174,-0.00037412979749428194
low_friction_train:low_friction:27204,22,low_friction_train,low_friction,27204,fast,decision_time_s,cost_stability,0.009895681882400071,0.7109024646497714,cost_energy,0.5864152938493978,1.0,3,motion,6.936000000000001,0.2008462161885782,0.0093277398914946,0.5864152938493978,6.936000000000001,174.23571124042954,strict,True,1.0,-0.0,0.0,0.0037630026600165567
low_friction_train:low_friction:27204,22,low_friction_train,low_friction,27204,fast,decision_time_s,cost_stability,0.010126642721554797,1.0,cost_energy,0.5694982056757629,0.0,1,stability,7.152,0.20987835998240773,0.010126642721554797,0.5694982056757629,7.152,174.18605032224372,strict,True,0.0,0.0,1.0,0.0074484499772284885
low_friction_train:low_friction:27204,22,low_friction_train,low_friction,27204,fast,decision_time_s,cost_stability,0.010126642721554797,1.0,cost_energy,0.5769466556529914,0.4402914911111484,2,energy,7.14,0.20863619770286565,0.00979894001835834,0.5769466556529914,7.14,176.4642244580458,unsupported,False,0.0,0.9549049878218179,0.045095012178182174,-2.2962996626709994e-05
low_friction_train:low_friction:27204,22,low_friction_train,low_friction,27204,fast,decision_time_s,cost_stability,0.010126642721554797,1.0,cost_energy,0.5826853726388169,0.7795175403534309,3,balanced,6.9700000000000015,0.20460921884859476,0.009895681882400071,0.5826853726388169,6.9700000000000015,173.12747705586338,unsupported,False,0.0,0.9549049878218178,0.045095012178182174,-0.00037412979749428194
low_friction_train:low_friction:27204,22,low_friction_train,low_friction,27204,fast,decision_time_s,cost_stability,0.010126642721554797,1.0,cost_energy,0.5864152938493978,1.0,4,motion,6.936000000000001,0.2008462161885782,0.0093277398914946,0.5864152938493978,6.936000000000001,174.23571124042954,strict,True,1.0,-0.0,0.0,0.0037630026600165567
low_friction_train:low_friction:27204,22,low_friction_train,low_friction,27204,stable,cost_stability,decision_time_s,6.936000000000001,0.0,cost_energy,0.5864152938493978,1.0,1,motion,0.0093277398914946,0.2008462161885782,0.0093277398914946,0.5864152938493978,6.936000000000001,174.23571124042954,strict,True,1.0,-0.0,0.0,0.0037630026600165567
low_friction_train:low_friction:27204,22,low_friction_train,low_friction,27204,stable,cost_stability,decision_time_s,6.9700000000000015,0.15740740740741113,cost_energy,0.5826853726388169,0.7795175403534309,1,balanced,0.009895681882400071,0.20460921884859476,0.009895681882400071,0.5826853726388169,6.9700000000000015,173.12747705586338,unsupported,False,0.0,0.9549049878218178,0.045095012178182174,-0.00037412979749428194
low_friction_train:low_friction:27204,22,low_friction_train,low_friction,27204,stable,cost_stability,decision_time_s,6.9700000000000015,0.15740740740741113,cost_energy,0.5864152938493978,1.0,2,motion,0.0093277398914946,0.2008462161885782,0.0093277398914946,0.5864152938493978,6.936000000000001,174.23571124042954,strict,True,1.0,-0.0,0.0,0.0037630026600165567
low_friction_train:low_friction:27204,22,low_friction_train,low_friction,27204,stable,cost_stability,decision_time_s,7.14,0.9444444444444422,cost_energy,0.5769466556529914,0.4402914911111484,1,energy,0.00979894001835834,0.20863619770286565,0.00979894001835834,0.5769466556529914,7.14,176.4642244580458,unsupported,False,0.0,0.9549049878218179,0.045095012178182174,-2.2962996626709994e-05
low_friction_train:low_friction:27204,22,low_friction_train,low_friction,27204,stable,cost_stability,decision_time_s,7.14,0.9444444444444422,cost_energy,0.5826853726388169,0.7795175403534309,2,energy,0.00979894001835834,0.20863619770286565,0.00979894001835834,0.5769466556529914,7.14,176.4642244580458,unsupported,False,0.0,0.9549049878218179,0.045095012178182174,-2.2962996626709994e-05
low_friction_train:low_friction:27204,22,low_friction_train,low_friction,27204,stable,cost_stability,decision_time_s,7.14,0.9444444444444422,cost_energy,0.5864152938493978,1.0,3,motion,0.0093277398914946,0.2008462161885782,0.0093277398914946,0.5864152938493978,6.936000000000001,174.23571124042954,strict,True,1.0,-0.0,0.0,0.0037630026600165567
low_friction_train:low_friction:27204,22,low_friction_train,low_friction,27204,stable,cost_stability,decision_time_s,7.152,1.0,cost_energy,0.5694982056757629,0.0,1,stability,0.010126642721554797,0.20987835998240773,0.010126642721554797,0.5694982056757629,7.152,174.18605032224372,strict,True,0.0,0.0,1.0,0.0074484499772284885
low_friction_train:low_friction:27204,22,low_friction_train,low_friction,27204,stable,cost_stability,decision_time_s,7.152,1.0,cost_energy,0.5769466556529914,0.4402914911111484,2,energy,0.00979894001835834,0.20863619770286565,0.00979894001835834,0.5769466556529914,7.14,176.4642244580458,unsupported,False,0.0,0.9549049878218179,0.045095012178182174,-2.2962996626709994e-05
low_friction_train:low_friction:27204,22,low_friction_train,low_friction,27204,stable,cost_stability,decision_time_s,7.152,1.0,cost_energy,0.5826853726388169,0.7795175403534309,3,energy,0.00979894001835834,0.20863619770286565,0.00979894001835834,0.5769466556529914,7.14,176.4642244580458,unsupported,False,0.0,0.9549049878218179,0.045095012178182174,-2.2962996626709994e-05
low_friction_train:low_friction:27204,22,low_friction_train,low_friction,27204,stable,cost_stability,decision_time_s,7.152,1.0,cost_energy,0.5864152938493978,1.0,4,motion,0.0093277398914946,0.2008462161885782,0.0093277398914946,0.5864152938493978,6.936000000000001,174.23571124042954,strict,True,1.0,-0.0,0.0,0.0037630026600165567
low_friction_train:low_friction:27204,22,low_friction_train,low_friction,27204,efficient,cost_energy,decision_time_s,6.936000000000001,0.0,cost_stability,0.0093277398914946,0.0,1,motion,0.5864152938493978,0.2008462161885782,0.0093277398914946,0.5864152938493978,6.936000000000001,174.23571124042954,strict,True,1.0,-0.0,0.0,0.0037630026600165567
low_friction_train:low_friction:27204,22,low_friction_train,low_friction,27204,efficient,cost_energy,decision_time_s,6.936000000000001,0.0,cost_stability,0.00979894001835834,0.5898090595426171,1,motion,0.5864152938493978,0.2008462161885782,0.0093277398914946,0.5864152938493978,6.936000000000001,174.23571124042954,strict,True,1.0,-0.0,0.0,0.0037630026600165567
low_friction_train:low_friction:27204,22,low_friction_train,low_friction,27204,efficient,cost_energy,decision_time_s,6.936000000000001,0.0,cost_stability,0.009895681882400071,0.7109024646497714,1,motion,0.5864152938493978,0.2008462161885782,0.0093277398914946,0.5864152938493978,6.936000000000001,174.23571124042954,strict,True,1.0,-0.0,0.0,0.0037630026600165567
low_friction_train:low_friction:27204,22,low_friction_train,low_friction,27204,efficient,cost_energy,decision_time_s,6.936000000000001,0.0,cost_stability,0.010126642721554797,1.0,1,motion,0.5864152938493978,0.2008462161885782,0.0093277398914946,0.5864152938493978,6.936000000000001,174.23571124042954,strict,True,1.0,-0.0,0.0,0.0037630026600165567
low_friction_train:low_friction:27204,22,low_friction_train,low_friction,27204,efficient,cost_energy,decision_time_s,6.9700000000000015,0.15740740740741113,cost_stability,0.0093277398914946,0.0,1,motion,0.5864152938493978,0.2008462161885782,0.0093277398914946,0.5864152938493978,6.936000000000001,174.23571124042954,strict,True,1.0,-0.0,0.0,0.0037630026600165567
low_friction_train:low_friction:27204,22,low_friction_train,low_friction,27204,efficient,cost_energy,decision_time_s,6.9700000000000015,0.15740740740741113,cost_stability,0.00979894001835834,0.5898090595426171,1,motion,0.5864152938493978,0.2008462161885782,0.0093277398914946,0.5864152938493978,6.936000000000001,174.23571124042954,strict,True,1.0,-0.0,0.0,0.0037630026600165567
low_friction_train:low_friction:27204,22,low_friction_train,low_friction,27204,efficient,cost_energy,decision_time_s,6.9700000000000015,0.15740740740741113,cost_stability,0.009895681882400071,0.7109024646497714,2,balanced,0.5826853726388169,0.20460921884859476,0.009895681882400071,0.5826853726388169,6.9700000000000015,173.12747705586338,unsupported,False,0.0,0.9549049878218178,0.045095012178182174,-0.00037412979749428194
low_friction_train:low_friction:27204,22,low_friction_train,low_friction,27204,efficient,cost_energy,decision_time_s,6.9700000000000015,0.15740740740741113,cost_stability,0.010126642721554797,1.0,2,balanced,0.5826853726388169,0.20460921884859476,0.009895681882400071,0.5826853726388169,6.9700000000000015,173.12747705586338,unsupported,False,0.0,0.9549049878218178,0.045095012178182174,-0.00037412979749428194
low_friction_train:low_friction:27204,22,low_friction_train,low_friction,27204,efficient,cost_energy,decision_time_s,7.14,0.9444444444444422,cost_stability,0.0093277398914946,0.0,1,motion,0.5864152938493978,0.2008462161885782,0.0093277398914946,0.5864152938493978,6.936000000000001,174.23571124042954,strict,True,1.0,-0.0,0.0,0.0037630026600165567
low_friction_train:low_friction:27204,22,low_friction_train,low_friction,27204,efficient,cost_energy,decision_time_s,7.14,0.9444444444444422,cost_stability,0.00979894001835834,0.5898090595426171,2,energy,0.5769466556529914,0.20863619770286565,0.00979894001835834,0.5769466556529914,7.14,176.4642244580458,unsupported,False,0.0,0.9549049878218179,0.045095012178182174,-2.2962996626709994e-05
low_friction_train:low_friction:27204,22,low_friction_train,low_friction,27204,efficient,cost_energy,decision_time_s,7.14,0.9444444444444422,cost_stability,0.009895681882400071,0.7109024646497714,3,energy,0.5769466556529914,0.20863619770286565,0.00979894001835834,0.5769466556529914,7.14,176.4642244580458,unsupported,False,0.0,0.9549049878218179,0.045095012178182174,-2.2962996626709994e-05
low_friction_train:low_friction:27204,22,low_friction_train,low_friction,27204,efficient,cost_energy,decision_time_s,7.14,0.9444444444444422,cost_stability,0.010126642721554797,1.0,3,energy,0.5769466556529914,0.20863619770286565,0.00979894001835834,0.5769466556529914,7.14,176.4642244580458,unsupported,False,0.0,0.9549049878218179,0.045095012178182174,-2.2962996626709994e-05
low_friction_train:low_friction:27204,22,low_friction_train,low_friction,27204,efficient,cost_energy,decision_time_s,7.152,1.0,cost_stability,0.0093277398914946,0.0,1,motion,0.5864152938493978,0.2008462161885782,0.0093277398914946,0.5864152938493978,6.936000000000001,174.23571124042954,strict,True,1.0,-0.0,0.0,0.0037630026600165567
low_friction_train:low_friction:27204,22,low_friction_train,low_friction,27204,efficient,cost_energy,decision_time_s,7.152,1.0,cost_stability,0.00979894001835834,0.5898090595426171,2,energy,0.5769466556529914,0.20863619770286565,0.00979894001835834,0.5769466556529914,7.14,176.4642244580458,unsupported,False,0.0,0.9549049878218179,0.045095012178182174,-2.2962996626709994e-05
low_friction_train:low_friction:27204,22,low_friction_train,low_friction,27204,efficient,cost_energy,decision_time_s,7.152,1.0,cost_stability,0.009895681882400071,0.7109024646497714,3,energy,0.5769466556529914,0.20863619770286565,0.00979894001835834,0.5769466556529914,7.14,176.4642244580458,unsupported,False,0.0,0.9549049878218179,0.045095012178182174,-2.2962996626709994e-05
low_friction_train:low_friction:27204,22,low_friction_train,low_friction,27204,efficient,cost_energy,decision_time_s,7.152,1.0,cost_stability,0.010126642721554797,1.0,4,stability,0.5694982056757629,0.20987835998240773,0.010126642721554797,0.5694982056757629,7.152,174.18605032224372,strict,True,0.0,0.0,1.0,0.0074484499772284885
low_friction_train:low_friction:27205,23,low_friction_train,low_friction,27205,fast,decision_time_s,cost_stability,0.009539039567098046,0.0,cost_energy,0.5882320089804332,1.0,1,motion,6.974000000000001,0.20069524383188408,0.009539039567098046,0.5882320089804332,6.974000000000001,174.77549363747337,strict,True,1.0,-0.0,0.0,0.004293331934741407
low_friction_train:low_friction:27205,23,low_friction_train,low_friction,27205,fast,decision_time_s,cost_stability,0.009825794702007604,0.8244693952046528,cost_energy,0.5816303011004338,0.6192487668025589,1,balanced,6.954,0.2049885757666255,0.009825794702007604,0.5816303011004338,6.954,172.8139942019408,unsupported,False,0.0,0.980334900687144,0.019665099312856035,-0.00015129282560843752
low_friction_train:low_friction:27205,23,low_friction_train,low_friction,27205,fast,decision_time_s,cost_stability,0.009825794702007604,0.8244693952046528,cost_energy,0.5882320089804332,1.0,2,balanced,6.954,0.2049885757666255,0.009825794702007604,0.5816303011004338,6.954,172.8139942019408,unsupported,False,0.0,0.980334900687144,0.019665099312856035,-0.00015129282560843752
low_friction_train:low_friction:27205,23,low_friction_train,low_friction,27205,fast,decision_time_s,cost_stability,0.009886845242575397,1.0,cost_energy,0.5708933707715426,0.0,1,energy,7.157999999999999,0.20830610485568224,0.009886845242575397,0.5708933707715426,7.157999999999999,174.61277387494204,strict,True,-0.0,0.0,1.0,0.005190786226928479
low_friction_train:low_friction:27205,23,low_friction_train,low_friction,27205,fast,decision_time_s,cost_stability,0.009886845242575397,1.0,cost_energy,0.5816303011004338,0.6192487668025589,2,balanced,6.954,0.2049885757666255,0.009825794702007604,0.5816303011004338,6.954,172.8139942019408,unsupported,False,0.0,0.980334900687144,0.019665099312856035,-0.00015129282560843752
low_friction_train:low_friction:27205,23,low_friction_train,low_friction,27205,fast,decision_time_s,cost_stability,0.009886845242575397,1.0,cost_energy,0.5882320089804332,1.0,3,balanced,6.954,0.2049885757666255,0.009825794702007604,0.5816303011004338,6.954,172.8139942019408,unsupported,False,0.0,0.980334900687144,0.019665099312856035,-0.00015129282560843752
low_friction_train:low_friction:27205,23,low_friction_train,low_friction,27205,stable,cost_stability,decision_time_s,6.954,0.0,cost_energy,0.5816303011004338,0.6192487668025589,1,balanced,0.009825794702007604,0.2049885757666255,0.009825794702007604,0.5816303011004338,6.954,172.8139942019408,unsupported,False,0.0,0.980334900687144,0.019665099312856035,-0.00015129282560843752
low_friction_train:low_friction:27205,23,low_friction_train,low_friction,27205,stable,cost_stability,decision_time_s,6.954,0.0,cost_energy,0.5882320089804332,1.0,1,balanced,0.009825794702007604,0.2049885757666255,0.009825794702007604,0.5816303011004338,6.954,172.8139942019408,unsupported,False,0.0,0.980334900687144,0.019665099312856035,-0.00015129282560843752
low_friction_train:low_friction:27205,23,low_friction_train,low_friction,27205,stable,cost_stability,decision_time_s,6.974000000000001,0.09803921568628168,cost_energy,0.5816303011004338,0.6192487668025589,1,balanced,0.009825794702007604,0.2049885757666255,0.009825794702007604,0.5816303011004338,6.954,172.8139942019408,unsupported,False,0.0,0.980334900687144,0.019665099312856035,-0.00015129282560843752
low_friction_train:low_friction:27205,23,low_friction_train,low_friction,27205,stable,cost_stability,decision_time_s,6.974000000000001,0.09803921568628168,cost_energy,0.5882320089804332,1.0,2,motion,0.009539039567098046,0.20069524383188408,0.009539039567098046,0.5882320089804332,6.974000000000001,174.77549363747337,strict,True,1.0,-0.0,0.0,0.004293331934741407
low_friction_train:low_friction:27205,23,low_friction_train,low_friction,27205,stable,cost_stability,decision_time_s,7.157999999999999,1.0,cost_energy,0.5708933707715426,0.0,1,energy,0.009886845242575397,0.20830610485568224,0.009886845242575397,0.5708933707715426,7.157999999999999,174.61277387494204,strict,True,-0.0,0.0,1.0,0.005190786226928479
low_friction_train:low_friction:27205,23,low_friction_train,low_friction,27205,stable,cost_stability,decision_time_s,7.157999999999999,1.0,cost_energy,0.5816303011004338,0.6192487668025589,2,balanced,0.009825794702007604,0.2049885757666255,0.009825794702007604,0.5816303011004338,6.954,172.8139942019408,unsupported,False,0.0,0.980334900687144,0.019665099312856035,-0.00015129282560843752
low_friction_train:low_friction:27205,23,low_friction_train,low_friction,27205,stable,cost_stability,decision_time_s,7.157999999999999,1.0,cost_energy,0.5882320089804332,1.0,3,motion,0.009539039567098046,0.20069524383188408,0.009539039567098046,0.5882320089804332,6.974000000000001,174.77549363747337,strict,True,1.0,-0.0,0.0,0.004293331934741407
low_friction_train:low_friction:27205,23,low_friction_train,low_friction,27205,efficient,cost_energy,decision_time_s,6.954,0.0,cost_stability,0.009825794702007604,0.8244693952046528,1,balanced,0.5816303011004338,0.2049885757666255,0.009825794702007604,0.5816303011004338,6.954,172.8139942019408,unsupported,False,0.0,0.980334900687144,0.019665099312856035,-0.00015129282560843752
low_friction_train:low_friction:27205,23,low_friction_train,low_friction,27205,efficient,cost_energy,decision_time_s,6.954,0.0,cost_stability,0.009886845242575397,1.0,1,balanced,0.5816303011004338,0.2049885757666255,0.009825794702007604,0.5816303011004338,6.954,172.8139942019408,unsupported,False,0.0,0.980334900687144,0.019665099312856035,-0.00015129282560843752
low_friction_train:low_friction:27205,23,low_friction_train,low_friction,27205,efficient,cost_energy,decision_time_s,6.974000000000001,0.09803921568628168,cost_stability,0.009539039567098046,0.0,1,motion,0.5882320089804332,0.20069524383188408,0.009539039567098046,0.5882320089804332,6.974000000000001,174.77549363747337,strict,True,1.0,-0.0,0.0,0.004293331934741407
low_friction_train:low_friction:27205,23,low_friction_train,low_friction,27205,efficient,cost_energy,decision_time_s,6.974000000000001,0.09803921568628168,cost_stability,0.009825794702007604,0.8244693952046528,2,balanced,0.5816303011004338,0.2049885757666255,0.009825794702007604,0.5816303011004338,6.954,172.8139942019408,unsupported,False,0.0,0.980334900687144,0.019665099312856035,-0.00015129282560843752
low_friction_train:low_friction:27205,23,low_friction_train,low_friction,27205,efficient,cost_energy,decision_time_s,6.974000000000001,0.09803921568628168,cost_stability,0.009886845242575397,1.0,2,balanced,0.5816303011004338,0.2049885757666255,0.009825794702007604,0.5816303011004338,6.954,172.8139942019408,unsupported,False,0.0,0.980334900687144,0.019665099312856035,-0.00015129282560843752
low_friction_train:low_friction:27205,23,low_friction_train,low_friction,27205,efficient,cost_energy,decision_time_s,7.157999999999999,1.0,cost_stability,0.009539039567098046,0.0,1,motion,0.5882320089804332,0.20069524383188408,0.009539039567098046,0.5882320089804332,6.974000000000001,174.77549363747337,strict,True,1.0,-0.0,0.0,0.004293331934741407
low_friction_train:low_friction:27205,23,low_friction_train,low_friction,27205,efficient,cost_energy,decision_time_s,7.157999999999999,1.0,cost_stability,0.009825794702007604,0.8244693952046528,2,balanced,0.5816303011004338,0.2049885757666255,0.009825794702007604,0.5816303011004338,6.954,172.8139942019408,unsupported,False,0.0,0.980334900687144,0.019665099312856035,-0.00015129282560843752
low_friction_train:low_friction:27205,23,low_friction_train,low_friction,27205,efficient,cost_energy,decision_time_s,7.157999999999999,1.0,cost_stability,0.009886845242575397,1.0,3,energy,0.5708933707715426,0.20830610485568224,0.009886845242575397,0.5708933707715426,7.157999999999999,174.61277387494204,strict,True,-0.0,0.0,1.0,0.005190786226928479
low_friction_train:low_friction:27206,24,low_friction_train,low_friction,27206,fast,decision_time_s,cost_stability,0.009254341602301147,0.0,cost_energy,0.5846346376988798,1.0,1,motion,6.916000000000002,0.20032333188858428,0.009254341602301147,0.5846346376988798,6.916000000000002,173.70664268762363,strict,True,1.0,-0.0,0.0,0.00426520343246084
low_friction_train:low_friction:27206,24,low_friction_train,low_friction,27206,fast,decision_time_s,cost_stability,0.009697457667068744,0.5652328505296655,cost_energy,0.5842614959433102,0.977094353285395,1,balanced,6.964000000000002,0.20458853532104512,0.009697457667068744,0.5842614959433102,6.964000000000002,173.5957748097612,unsupported,False,0.0,0.9611600069981753,0.03883999300182472,-0.0004114126167380158
low_friction_train:low_friction:27206,24,low_friction_train,low_friction,27206,fast,decision_time_s,cost_stability,0.009697457667068744,0.5652328505296655,cost_energy,0.5846346376988798,1.0,2,motion,6.916000000000002,0.20032333188858428,0.009254341602301147,0.5846346376988798,6.916000000000002,173.70664268762363,strict,True,1.0,-0.0,0.0,0.00426520343246084
low_friction_train:low_friction:27206,24,low_friction_train,low_friction,27206,fast,decision_time_s,cost_stability,0.00984687640843817,0.7558293732512936,cost_energy,0.5699713817506471,0.09988267080062462,1,stability,7.128000000000001,0.2094738077697243,0.00984687640843817,0.5699713817506471,7.128000000000001,174.33077539910897,strict,True,0.0,0.9540858787909756,0.04591412120902439,0.00010792141969862286
low_friction_train:low_friction:27206,24,low_friction_train,low_friction,27206,fast,decision_time_s,cost_stability,0.00984687640843817,0.7558293732512936,cost_energy,0.5842614959433102,0.977094353285395,2,balanced,6.964000000000002,0.20458853532104512,0.009697457667068744,0.5842614959433102,6.964000000000002,173.5957748097612,unsupported,False,0.0,0.9611600069981753,0.03883999300182472,-0.0004114126167380158
low_friction_train:low_friction:27206,24,low_friction_train,low_friction,27206,fast,decision_time_s,cost_stability,0.00984687640843817,0.7558293732512936,cost_energy,0.5846346376988798,1.0,3,motion,6.916000000000002,0.20032333188858428,0.009254341602301147,0.5846346376988798,6.916000000000002,173.70664268762363,strict,True,1.0,-0.0,0.0,0.00426520343246084
low_friction_train:low_friction:27206,24,low_friction_train,low_friction,27206,fast,decision_time_s,cost_stability,0.010038294736575568,1.0,cost_energy,0.5683442547981582,0.0,1,energy,7.1499999999999995,0.20846591161657413,0.010038294736575568,0.5683442547981582,7.1499999999999995,173.83310426616725,strict,True,-0.0,0.0,1.0,0.0016271269524888998
low_friction_train:low_friction:27206,24,low_friction_train,low_friction,27206,fast,decision_time_s,cost_stability,0.010038294736575568,1.0,cost_energy,0.5699713817506471,0.09988267080062462,2,stability,7.128000000000001,0.2094738077697243,0.00984687640843817,0.5699713817506471,7.128000000000001,174.33077539910897,strict,True,0.0,0.9540858787909756,0.04591412120902439,0.00010792141969862286
low_friction_train:low_friction:27206,24,low_friction_train,low_friction,27206,fast,decision_time_s,cost_stability,0.010038294736575568,1.0,cost_energy,0.5842614959433102,0.977094353285395,3,balanced,6.964000000000002,0.20458853532104512,0.009697457667068744,0.5842614959433102,6.964000000000002,173.5957748097612,unsupported,False,0.0,0.9611600069981753,0.03883999300182472,-0.0004114126167380158
low_friction_train:low_friction:27206,24,low_friction_train,low_friction,27206,fast,decision_time_s,cost_stability,0.010038294736575568,1.0,cost_energy,0.5846346376988798,1.0,4,motion,6.916000000000002,0.20032333188858428,0.009254341602301147,0.5846346376988798,6.916000000000002,173.70664268762363,strict,True,1.0,-0.0,0.0,0.00426520343246084
low_friction_train:low_friction:27206,24,low_friction_train,low_friction,27206,stable,cost_stability,decision_time_s,6.916000000000002,0.0,cost_energy,0.5846346376988798,1.0,1,motion,0.009254341602301147,0.20032333188858428,0.009254341602301147,0.5846346376988798,6.916000000000002,173.70664268762363,strict,True,1.0,-0.0,0.0,0.00426520343246084
low_friction_train:low_friction:27206,24,low_friction_train,low_friction,27206,stable,cost_stability,decision_time_s,6.964000000000002,0.20512820512820765,cost_energy,0.5842614959433102,0.977094353285395,1,balanced,0.009697457667068744,0.20458853532104512,0.009697457667068744,0.5842614959433102,6.964000000000002,173.5957748097612,unsupported,False,0.0,0.9611600069981753,0.03883999300182472,-0.0004114126167380158
low_friction_train:low_friction:27206,24,low_friction_train,low_friction,27206,stable,cost_stability,decision_time_s,6.964000000000002,0.20512820512820765,cost_energy,0.5846346376988798,1.0,2,motion,0.009254341602301147,0.20032333188858428,0.009254341602301147,0.5846346376988798,6.916000000000002,173.70664268762363,strict,True,1.0,-0.0,0.0,0.00426520343246084
low_friction_train:low_friction:27206,24,low_friction_train,low_friction,27206,stable,cost_stability,decision_time_s,7.128000000000001,0.9059829059829114,cost_energy,0.5699713817506471,0.09988267080062462,1,stability,0.00984687640843817,0.2094738077697243,0.00984687640843817,0.5699713817506471,7.128000000000001,174.33077539910897,strict,True,0.0,0.9540858787909756,0.04591412120902439,0.00010792141969862286
low_friction_train:low_friction:27206,24,low_friction_train,low_friction,27206,stable,cost_stability,decision_time_s,7.128000000000001,0.9059829059829114,cost_energy,0.5842614959433102,0.977094353285395,2,balanced,0.009697457667068744,0.20458853532104512,0.009697457667068744,0.5842614959433102,6.964000000000002,173.5957748097612,unsupported,False,0.0,0.9611600069981753,0.03883999300182472,-0.0004114126167380158
low_friction_train:low_friction:27206,24,low_friction_train,low_friction,27206,stable,cost_stability,decision_time_s,7.128000000000001,0.9059829059829114,cost_energy,0.5846346376988798,1.0,3,motion,0.009254341602301147,0.20032333188858428,0.009254341602301147,0.5846346376988798,6.916000000000002,173.70664268762363,strict,True,1.0,-0.0,0.0,0.00426520343246084
low_friction_train:low_friction:27206,24,low_friction_train,low_friction,27206,stable,cost_stability,decision_time_s,7.1499999999999995,1.0,cost_energy,0.5683442547981582,0.0,1,energy,0.010038294736575568,0.20846591161657413,0.010038294736575568,0.5683442547981582,7.1499999999999995,173.83310426616725,strict,True,-0.0,0.0,1.0,0.0016271269524888998
low_friction_train:low_friction:27206,24,low_friction_train,low_friction,27206,stable,cost_stability,decision_time_s,7.1499999999999995,1.0,cost_energy,0.5699713817506471,0.09988267080062462,2,stability,0.00984687640843817,0.2094738077697243,0.00984687640843817,0.5699713817506471,7.128000000000001,174.33077539910897,strict,True,0.0,0.9540858787909756,0.04591412120902439,0.00010792141969862286
low_friction_train:low_friction:27206,24,low_friction_train,low_friction,27206,stable,cost_stability,decision_time_s,7.1499999999999995,1.0,cost_energy,0.5842614959433102,0.977094353285395,3,balanced,0.009697457667068744,0.20458853532104512,0.009697457667068744,0.5842614959433102,6.964000000000002,173.5957748097612,unsupported,False,0.0,0.9611600069981753,0.03883999300182472,-0.0004114126167380158
low_friction_train:low_friction:27206,24,low_friction_train,low_friction,27206,stable,cost_stability,decision_time_s,7.1499999999999995,1.0,cost_energy,0.5846346376988798,1.0,4,motion,0.009254341602301147,0.20032333188858428,0.009254341602301147,0.5846346376988798,6.916000000000002,173.70664268762363,strict,True,1.0,-0.0,0.0,0.00426520343246084
low_friction_train:low_friction:27206,24,low_friction_train,low_friction,27206,efficient,cost_energy,decision_time_s,6.916000000000002,0.0,cost_stability,0.009254341602301147,0.0,1,motion,0.5846346376988798,0.20032333188858428,0.009254341602301147,0.5846346376988798,6.916000000000002,173.70664268762363,strict,True,1.0,-0.0,0.0,0.00426520343246084
low_friction_train:low_friction:27206,24,low_friction_train,low_friction,27206,efficient,cost_energy,decision_time_s,6.916000000000002,0.0,cost_stability,0.009697457667068744,0.5652328505296655,1,motion,0.5846346376988798,0.20032333188858428,0.009254341602301147,0.5846346376988798,6.916000000000002,173.70664268762363,strict,True,1.0,-0.0,0.0,0.00426520343246084
low_friction_train:low_friction:27206,24,low_friction_train,low_friction,27206,efficient,cost_energy,decision_time_s,6.916000000000002,0.0,cost_stability,0.00984687640843817,0.7558293732512936,1,motion,0.5846346376988798,0.20032333188858428,0.009254341602301147,0.5846346376988798,6.916000000000002,173.70664268762363,strict,True,1.0,-0.0,0.0,0.00426520343246084
low_friction_train:low_friction:27206,24,low_friction_train,low_friction,27206,efficient,cost_energy,decision_time_s,6.916000000000002,0.0,cost_stability,0.010038294736575568,1.0,1,motion,0.5846346376988798,0.20032333188858428,0.009254341602301147,0.5846346376988798,6.916000000000002,173.70664268762363,strict,True,1.0,-0.0,0.0,0.00426520343246084
low_friction_train:low_friction:27206,24,low_friction_train,low_friction,27206,efficient,cost_energy,decision_time_s,6.964000000000002,0.20512820512820765,cost_stability,0.009254341602301147,0.0,1,motion,0.5846346376988798,0.20032333188858428,0.009254341602301147,0.5846346376988798,6.916000000000002,173.70664268762363,strict,True,1.0,-0.0,0.0,0.00426520343246084
low_friction_train:low_friction:27206,24,low_friction_train,low_friction,27206,efficient,cost_energy,decision_time_s,6.964000000000002,0.20512820512820765,cost_stability,0.009697457667068744,0.5652328505296655,2,balanced,0.5842614959433102,0.20458853532104512,0.009697457667068744,0.5842614959433102,6.964000000000002,173.5957748097612,unsupported,False,0.0,0.9611600069981753,0.03883999300182472,-0.0004114126167380158
low_friction_train:low_friction:27206,24,low_friction_train,low_friction,27206,efficient,cost_energy,decision_time_s,6.964000000000002,0.20512820512820765,cost_stability,0.00984687640843817,0.7558293732512936,2,balanced,0.5842614959433102,0.20458853532104512,0.009697457667068744,0.5842614959433102,6.964000000000002,173.5957748097612,unsupported,False,0.0,0.9611600069981753,0.03883999300182472,-0.0004114126167380158
low_friction_train:low_friction:27206,24,low_friction_train,low_friction,27206,efficient,cost_energy,decision_time_s,6.964000000000002,0.20512820512820765,cost_stability,0.010038294736575568,1.0,2,balanced,0.5842614959433102,0.20458853532104512,0.009697457667068744,0.5842614959433102,6.964000000000002,173.5957748097612,unsupported,False,0.0,0.9611600069981753,0.03883999300182472,-0.0004114126167380158
low_friction_train:low_friction:27206,24,low_friction_train,low_friction,27206,efficient,cost_energy,decision_time_s,7.128000000000001,0.9059829059829114,cost_stability,0.009254341602301147,0.0,1,motion,0.5846346376988798,0.20032333188858428,0.009254341602301147,0.5846346376988798,6.916000000000002,173.70664268762363,strict,True,1.0,-0.0,0.0,0.00426520343246084
low_friction_train:low_friction:27206,24,low_friction_train,low_friction,27206,efficient,cost_energy,decision_time_s,7.128000000000001,0.9059829059829114,cost_stability,0.009697457667068744,0.5652328505296655,2,balanced,0.5842614959433102,0.20458853532104512,0.009697457667068744,0.5842614959433102,6.964000000000002,173.5957748097612,unsupported,False,0.0,0.9611600069981753,0.03883999300182472,-0.0004114126167380158
low_friction_train:low_friction:27206,24,low_friction_train,low_friction,27206,efficient,cost_energy,decision_time_s,7.128000000000001,0.9059829059829114,cost_stability,0.00984687640843817,0.7558293732512936,3,stability,0.5699713817506471,0.2094738077697243,0.00984687640843817,0.5699713817506471,7.128000000000001,174.33077539910897,strict,True,0.0,0.9540858787909756,0.04591412120902439,0.00010792141969862286
low_friction_train:low_friction:27206,24,low_friction_train,low_friction,27206,efficient,cost_energy,decision_time_s,7.128000000000001,0.9059829059829114,cost_stability,0.010038294736575568,1.0,3,stability,0.5699713817506471,0.2094738077697243,0.00984687640843817,0.5699713817506471,7.128000000000001,174.33077539910897,strict,True,0.0,0.9540858787909756,0.04591412120902439,0.00010792141969862286
low_friction_train:low_friction:27206,24,low_friction_train,low_friction,27206,efficient,cost_energy,decision_time_s,7.1499999999999995,1.0,cost_stability,0.009254341602301147,0.0,1,motion,0.5846346376988798,0.20032333188858428,0.009254341602301147,0.5846346376988798,6.916000000000002,173.70664268762363,strict,True,1.0,-0.0,0.0,0.00426520343246084
low_friction_train:low_friction:27206,24,low_friction_train,low_friction,27206,efficient,cost_energy,decision_time_s,7.1499999999999995,1.0,cost_stability,0.009697457667068744,0.5652328505296655,2,balanced,0.5842614959433102,0.20458853532104512,0.009697457667068744,0.5842614959433102,6.964000000000002,173.5957748097612,unsupported,False,0.0,0.9611600069981753,0.03883999300182472,-0.0004114126167380158
low_friction_train:low_friction:27206,24,low_friction_train,low_friction,27206,efficient,cost_energy,decision_time_s,7.1499999999999995,1.0,cost_stability,0.00984687640843817,0.7558293732512936,3,stability,0.5699713817506471,0.2094738077697243,0.00984687640843817,0.5699713817506471,7.128000000000001,174.33077539910897,strict,True,0.0,0.9540858787909756,0.04591412120902439,0.00010792141969862286
low_friction_train:low_friction:27206,24,low_friction_train,low_friction,27206,efficient,cost_energy,decision_time_s,7.1499999999999995,1.0,cost_stability,0.010038294736575568,1.0,4,energy,0.5683442547981582,0.20846591161657413,0.010038294736575568,0.5683442547981582,7.1499999999999995,173.83310426616725,strict,True,-0.0,0.0,1.0,0.0016271269524888998
low_friction_train:low_friction:27207,25,low_friction_train,low_friction,27207,fast,decision_time_s,cost_stability,0.009494949549885218,0.0,cost_energy,0.5888004202317524,1.0,1,motion,6.956000000000004,0.20021575934542515,0.009494949549885218,0.5888004202317524,6.956000000000004,174.94437998762388,strict,True,1.0,-0.0,0.0,0.00434728044299959
low_friction_train:low_friction:27207,25,low_friction_train,low_friction,27207,fast,decision_time_s,cost_stability,0.009755941893743316,0.4884019164785937,cost_energy,0.5774195104217932,0.3327550508925073,1,balanced,6.9380000000000015,0.20456303978842474,0.009755941893743316,0.5774195104217932,6.9380000000000015,171.56288408173657,strict,True,0.6739364016524838,0.0,0.3260635983475163,0.0007811098663744865
low_friction_train:low_friction:27207,25,low_friction_train,low_friction,27207,fast,decision_time_s,cost_stability,0.009755941893743316,0.4884019164785937,cost_energy,0.5888004202317524,1.0,2,balanced,6.9380000000000015,0.20456303978842474,0.009755941893743316,0.5774195104217932,6.9380000000000015,171.56288408173657,strict,True,0.6739364016524838,0.0,0.3260635983475163,0.0007811098663744865
low_friction_train:low_friction:27207,25,low_friction_train,low_friction,27207,fast,decision_time_s,cost_stability,0.010029329811412175,1.0,cost_energy,0.571743850788728,0.0,1,energy,7.176000000000001,0.20846806088963618,0.010029329811412175,0.571743850788728,7.176000000000001,174.87290069113763,strict,True,-0.0,0.0,1.0,0.004924354953727339
low_friction_train:low_friction:27207,25,low_friction_train,low_friction,27207,fast,decision_time_s,cost_stability,0.010029329811412175,1.0,cost_energy,0.5774195104217932,0.3327550508925073,2,balanced,6.9380000000000015,0.20456303978842474,0.009755941893743316,0.5774195104217932,6.9380000000000015,171.56288408173657,strict,True,0.6739364016524838,0.0,0.3260635983475163,0.0007811098663744865
low_friction_train:low_friction:27207,25,low_friction_train,low_friction,27207,fast,decision_time_s,cost_stability,0.010029329811412175,1.0,cost_energy,0.5888004202317524,1.0,3,balanced,6.9380000000000015,0.20456303978842474,0.009755941893743316,0.5774195104217932,6.9380000000000015,171.56288408173657,strict,True,0.6739364016524838,0.0,0.3260635983475163,0.0007811098663744865
low_friction_train:low_friction:27207,25,low_friction_train,low_friction,27207,stable,cost_stability,decision_time_s,6.9380000000000015,0.0,cost_energy,0.5774195104217932,0.3327550508925073,1,balanced,0.009755941893743316,0.20456303978842474,0.009755941893743316,0.5774195104217932,6.9380000000000015,171.56288408173657,strict,True,0.6739364016524838,0.0,0.3260635983475163,0.0007811098663744865
low_friction_train:low_friction:27207,25,low_friction_train,low_friction,27207,stable,cost_stability,decision_time_s,6.9380000000000015,0.0,cost_energy,0.5888004202317524,1.0,1,balanced,0.009755941893743316,0.20456303978842474,0.009755941893743316,0.5774195104217932,6.9380000000000015,171.56288408173657,strict,True,0.6739364016524838,0.0,0.3260635983475163,0.0007811098663744865
low_friction_train:low_friction:27207,25,low_friction_train,low_friction,27207,stable,cost_stability,decision_time_s,6.956000000000004,0.07563025210085081,cost_energy,0.5774195104217932,0.3327550508925073,1,balanced,0.009755941893743316,0.20456303978842474,0.009755941893743316,0.5774195104217932,6.9380000000000015,171.56288408173657,strict,True,0.6739364016524838,0.0,0.3260635983475163,0.0007811098663744865
low_friction_train:low_friction:27207,25,low_friction_train,low_friction,27207,stable,cost_stability,decision_time_s,6.956000000000004,0.07563025210085081,cost_energy,0.5888004202317524,1.0,2,motion,0.009494949549885218,0.20021575934542515,0.009494949549885218,0.5888004202317524,6.956000000000004,174.94437998762388,strict,True,1.0,-0.0,0.0,0.00434728044299959
low_friction_train:low_friction:27207,25,low_friction_train,low_friction,27207,stable,cost_stability,decision_time_s,7.176000000000001,1.0,cost_energy,0.571743850788728,0.0,1,energy,0.010029329811412175,0.20846806088963618,0.010029329811412175,0.571743850788728,7.176000000000001,174.87290069113763,strict,True,-0.0,0.0,1.0,0.004924354953727339
low_friction_train:low_friction:27207,25,low_friction_train,low_friction,27207,stable,cost_stability,decision_time_s,7.176000000000001,1.0,cost_energy,0.5774195104217932,0.3327550508925073,2,balanced,0.009755941893743316,0.20456303978842474,0.009755941893743316,0.5774195104217932,6.9380000000000015,171.56288408173657,strict,True,0.6739364016524838,0.0,0.3260635983475163,0.0007811098663744865
low_friction_train:low_friction:27207,25,low_friction_train,low_friction,27207,stable,cost_stability,decision_time_s,7.176000000000001,1.0,cost_energy,0.5888004202317524,1.0,3,motion,0.009494949549885218,0.20021575934542515,0.009494949549885218,0.5888004202317524,6.956000000000004,174.94437998762388,strict,True,1.0,-0.0,0.0,0.00434728044299959
low_friction_train:low_friction:27207,25,low_friction_train,low_friction,27207,efficient,cost_energy,decision_time_s,6.9380000000000015,0.0,cost_stability,0.009755941893743316,0.4884019164785937,1,balanced,0.5774195104217932,0.20456303978842474,0.009755941893743316,0.5774195104217932,6.9380000000000015,171.56288408173657,strict,True,0.6739364016524838,0.0,0.3260635983475163,0.0007811098663744865
low_friction_train:low_friction:27207,25,low_friction_train,low_friction,27207,efficient,cost_energy,decision_time_s,6.9380000000000015,0.0,cost_stability,0.010029329811412175,1.0,1,balanced,0.5774195104217932,0.20456303978842474,0.009755941893743316,0.5774195104217932,6.9380000000000015,171.56288408173657,strict,True,0.6739364016524838,0.0,0.3260635983475163,0.0007811098663744865
low_friction_train:low_friction:27207,25,low_friction_train,low_friction,27207,efficient,cost_energy,decision_time_s,6.956000000000004,0.07563025210085081,cost_stability,0.009494949549885218,0.0,1,motion,0.5888004202317524,0.20021575934542515,0.009494949549885218,0.5888004202317524,6.956000000000004,174.94437998762388,strict,True,1.0,-0.0,0.0,0.00434728044299959
low_friction_train:low_friction:27207,25,low_friction_train,low_friction,27207,efficient,cost_energy,decision_time_s,6.956000000000004,0.07563025210085081,cost_stability,0.009755941893743316,0.4884019164785937,2,balanced,0.5774195104217932,0.20456303978842474,0.009755941893743316,0.5774195104217932,6.9380000000000015,171.56288408173657,strict,True,0.6739364016524838,0.0,0.3260635983475163,0.0007811098663744865
low_friction_train:low_friction:27207,25,low_friction_train,low_friction,27207,efficient,cost_energy,decision_time_s,6.956000000000004,0.07563025210085081,cost_stability,0.010029329811412175,1.0,2,balanced,0.5774195104217932,0.20456303978842474,0.009755941893743316,0.5774195104217932,6.9380000000000015,171.56288408173657,strict,True,0.6739364016524838,0.0,0.3260635983475163,0.0007811098663744865
low_friction_train:low_friction:27207,25,low_friction_train,low_friction,27207,efficient,cost_energy,decision_time_s,7.176000000000001,1.0,cost_stability,0.009494949549885218,0.0,1,motion,0.5888004202317524,0.20021575934542515,0.009494949549885218,0.5888004202317524,6.956000000000004,174.94437998762388,strict,True,1.0,-0.0,0.0,0.00434728044299959
low_friction_train:low_friction:27207,25,low_friction_train,low_friction,27207,efficient,cost_energy,decision_time_s,7.176000000000001,1.0,cost_stability,0.009755941893743316,0.4884019164785937,2,balanced,0.5774195104217932,0.20456303978842474,0.009755941893743316,0.5774195104217932,6.9380000000000015,171.56288408173657,strict,True,0.6739364016524838,0.0,0.3260635983475163,0.0007811098663744865
low_friction_train:low_friction:27207,25,low_friction_train,low_friction,27207,efficient,cost_energy,decision_time_s,7.176000000000001,1.0,cost_stability,0.010029329811412175,1.0,3,energy,0.571743850788728,0.20846806088963618,0.010029329811412175,0.571743850788728,7.176000000000001,174.87290069113763,strict,True,-0.0,0.0,1.0,0.004924354953727339
low_friction_train:low_friction:27208,26,low_friction_train,low_friction,27208,fast,decision_time_s,cost_stability,0.00935832749923776,0.0,cost_energy,0.5880694231664289,1.0,1,motion,6.944,0.200439142512772,0.00935832749923776,0.5880694231664289,6.944,174.72718614065707,strict,True,1.0,-0.0,0.0,0.0041583431170036655
low_friction_train:low_friction:27208,26,low_friction_train,low_friction,27208,fast,decision_time_s,cost_stability,0.009966568747583041,0.5121984559344649,cost_energy,0.5781265639404678,0.254900283862693,1,energy,7.144000000000003,0.20796054061875022,0.009966568747583041,0.5781265639404678,7.144000000000003,176.82510981692784,unsupported,False,0.0,0.9445422485078231,0.055457751492176945,-2.3100940272209776e-05
low_friction_train:low_friction:27208,26,low_friction_train,low_friction,27208,fast,decision_time_s,cost_stability,0.009966568747583041,0.5121984559344649,cost_energy,0.5790807369332468,0.3264042657564726,1,energy,7.144000000000003,0.20796054061875022,0.009966568747583041,0.5781265639404678,7.144000000000003,176.82510981692784,unsupported,False,0.0,0.9445422485078231,0.055457751492176945,-2.3100940272209776e-05
low_friction_train:low_friction:27208,26,low_friction_train,low_friction,27208,fast,decision_time_s,cost_stability,0.009966568747583041,0.5121984559344649,cost_energy,0.5880694231664289,1.0,2,motion,6.944,0.200439142512772,0.00935832749923776,0.5880694231664289,6.944,174.72718614065707,strict,True,1.0,-0.0,0.0,0.0041583431170036655
low_friction_train:low_friction:27208,26,low_friction_train,low_friction,27208,fast,decision_time_s,cost_stability,0.01014182526379081,0.6597815362307811,cost_energy,0.574725089501257,0.0,1,stability,7.154000000000001,0.2097503974129181,0.01014182526379081,0.574725089501257,7.154000000000001,175.78473885186898,strict,True,0.0,0.0,1.0,0.0034014744392107943
low_friction_train:low_friction:27208,26,low_friction_train,low_friction,27208,fast,decision_time_s,cost_stability,0.01014182526379081,0.6597815362307811,cost_energy,0.5781265639404678,0.254900283862693,2,energy,7.144000000000003,0.20796054061875022,0.009966568747583041,0.5781265639404678,7.144000000000003,176.82510981692784,unsupported,False,0.0,0.9445422485078231,0.055457751492176945,-2.3100940272209776e-05
low_friction_train:low_friction:27208,26,low_friction_train,low_friction,27208,fast,decision_time_s,cost_stability,0.01014182526379081,0.6597815362307811,cost_energy,0.5790807369332468,0.3264042657564726,2,energy,7.144000000000003,0.20796054061875022,0.009966568747583041,0.5781265639404678,7.144000000000003,176.82510981692784,unsupported,False,0.0,0.9445422485078231,0.055457751492176945,-2.3100940272209776e-05
low_friction_train:low_friction:27208,26,low_friction_train,low_friction,27208,fast,decision_time_s,cost_stability,0.01014182526379081,0.6597815362307811,cost_energy,0.5880694231664289,1.0,3,motion,6.944,0.200439142512772,0.00935832749923776,0.5880694231664289,6.944,174.72718614065707,strict,True,1.0,-0.0,0.0,0.0041583431170036655
low_friction_train:low_friction:27208,26,low_friction_train,low_friction,27208,fast,decision_time_s,cost_stability,0.010545838397207168,1.0,cost_energy,0.574725089501257,0.0,1,stability,7.154000000000001,0.2097503974129181,0.01014182526379081,0.574725089501257,7.154000000000001,175.78473885186898,strict,True,0.0,0.0,1.0,0.0034014744392107943
low_friction_train:low_friction:27208,26,low_friction_train,low_friction,27208,fast,decision_time_s,cost_stability,0.010545838397207168,1.0,cost_energy,0.5781265639404678,0.254900283862693,2,energy,7.144000000000003,0.20796054061875022,0.009966568747583041,0.5781265639404678,7.144000000000003,176.82510981692784,unsupported,False,0.0,0.9445422485078231,0.055457751492176945,-2.3100940272209776e-05
low_friction_train:low_friction:27208,26,low_friction_train,low_friction,27208,fast,decision_time_s,cost_stability,0.010545838397207168,1.0,cost_energy,0.5790807369332468,0.3264042657564726,3,balanced,6.9700000000000015,0.20459748562977567,0.010545838397207168,0.5790807369332468,6.9700000000000015,172.05646770036049,strict,True,0.5890084747389823,0.0,0.41099152526101757,0.0012449745282805274
low_friction_train:low_friction:27208,26,low_friction_train,low_friction,27208,fast,decision_time_s,cost_stability,0.010545838397207168,1.0,cost_energy,0.5880694231664289,1.0,4,motion,6.944,0.200439142512772,0.00935832749923776,0.5880694231664289,6.944,174.72718614065707,strict,True,1.0,-0.0,0.0,0.0041583431170036655
low_friction_train:low_friction:27208,26,low_friction_train,low_friction,27208,stable,cost_stability,decision_time_s,6.944,0.0,cost_energy,0.5880694231664289,1.0,1,motion,0.00935832749923776,0.200439142512772,0.00935832749923776,0.5880694231664289,6.944,174.72718614065707,strict,True,1.0,-0.0,0.0,0.0041583431170036655
low_friction_train:low_friction:27208,26,low_friction_train,low_friction,27208,stable,cost_stability,decision_time_s,6.9700000000000015,0.12380952380953082,cost_energy,0.5790807369332468,0.3264042657564726,1,balanced,0.010545838397207168,0.20459748562977567,0.010545838397207168,0.5790807369332468,6.9700000000000015,172.05646770036049,strict,True,0.5890084747389823,0.0,0.41099152526101757,0.0012449745282805274
low_friction_train:low_friction:27208,26,low_friction_train,low_friction,27208,stable,cost_stability,decision_time_s,6.9700000000000015,0.12380952380953082,cost_energy,0.5880694231664289,1.0,2,motion,0.00935832749923776,0.200439142512772,0.00935832749923776,0.5880694231664289,6.944,174.72718614065707,strict,True,1.0,-0.0,0.0,0.0041583431170036655
low_friction_train:low_friction:27208,26,low_friction_train,low_friction,27208,stable,cost_stability,decision_time_s,7.144000000000003,0.9523809523809621,cost_energy,0.5781265639404678,0.254900283862693,1,energy,0.009966568747583041,0.20796054061875022,0.009966568747583041,0.5781265639404678,7.144000000000003,176.82510981692784,unsupported,False,0.0,0.9445422485078231,0.055457751492176945,-2.3100940272209776e-05
low_friction_train:low_friction:27208,26,low_friction_train,low_friction,27208,stable,cost_stability,decision_time_s,7.144000000000003,0.9523809523809621,cost_energy,0.5790807369332468,0.3264042657564726,2,energy,0.009966568747583041,0.20796054061875022,0.009966568747583041,0.5781265639404678,7.144000000000003,176.82510981692784,unsupported,False,0.0,0.9445422485078231,0.055457751492176945,-2.3100940272209776e-05
low_friction_train:low_friction:27208,26,low_friction_train,low_friction,27208,stable,cost_stability,decision_time_s,7.144000000000003,0.9523809523809621,cost_energy,0.5880694231664289,1.0,3,motion,0.00935832749923776,0.200439142512772,0.00935832749923776,0.5880694231664289,6.944,174.72718614065707,strict,True,1.0,-0.0,0.0,0.0041583431170036655
low_friction_train:low_friction:27208,26,low_friction_train,low_friction,27208,stable,cost_stability,decision_time_s,7.154000000000001,1.0,cost_energy,0.574725089501257,0.0,1,stability,0.01014182526379081,0.2097503974129181,0.01014182526379081,0.574725089501257,7.154000000000001,175.78473885186898,strict,True,0.0,0.0,1.0,0.0034014744392107943
low_friction_train:low_friction:27208,26,low_friction_train,low_friction,27208,stable,cost_stability,decision_time_s,7.154000000000001,1.0,cost_energy,0.5781265639404678,0.254900283862693,2,energy,0.009966568747583041,0.20796054061875022,0.009966568747583041,0.5781265639404678,7.144000000000003,176.82510981692784,unsupported,False,0.0,0.9445422485078231,0.055457751492176945,-2.3100940272209776e-05
low_friction_train:low_friction:27208,26,low_friction_train,low_friction,27208,stable,cost_stability,decision_time_s,7.154000000000001,1.0,cost_energy,0.5790807369332468,0.3264042657564726,3,energy,0.009966568747583041,0.20796054061875022,0.009966568747583041,0.5781265639404678,7.144000000000003,176.82510981692784,unsupported,False,0.0,0.9445422485078231,0.055457751492176945,-2.3100940272209776e-05
low_friction_train:low_friction:27208,26,low_friction_train,low_friction,27208,stable,cost_stability,decision_time_s,7.154000000000001,1.0,cost_energy,0.5880694231664289,1.0,4,motion,0.00935832749923776,0.200439142512772,0.00935832749923776,0.5880694231664289,6.944,174.72718614065707,strict,True,1.0,-0.0,0.0,0.0041583431170036655
low_friction_train:low_friction:27208,26,low_friction_train,low_friction,27208,efficient,cost_energy,decision_time_s,6.944,0.0,cost_stability,0.00935832749923776,0.0,1,motion,0.5880694231664289,0.200439142512772,0.00935832749923776,0.5880694231664289,6.944,174.72718614065707,strict,True,1.0,-0.0,0.0,0.0041583431170036655
low_friction_train:low_friction:27208,26,low_friction_train,low_friction,27208,efficient,cost_energy,decision_time_s,6.944,0.0,cost_stability,0.009966568747583041,0.5121984559344649,1,motion,0.5880694231664289,0.200439142512772,0.00935832749923776,0.5880694231664289,6.944,174.72718614065707,strict,True,1.0,-0.0,0.0,0.0041583431170036655
low_friction_train:low_friction:27208,26,low_friction_train,low_friction,27208,efficient,cost_energy,decision_time_s,6.944,0.0,cost_stability,0.01014182526379081,0.6597815362307811,1,motion,0.5880694231664289,0.200439142512772,0.00935832749923776,0.5880694231664289,6.944,174.72718614065707,strict,True,1.0,-0.0,0.0,0.0041583431170036655
low_friction_train:low_friction:27208,26,low_friction_train,low_friction,27208,efficient,cost_energy,decision_time_s,6.944,0.0,cost_stability,0.010545838397207168,1.0,1,motion,0.5880694231664289,0.200439142512772,0.00935832749923776,0.5880694231664289,6.944,174.72718614065707,strict,True,1.0,-0.0,0.0,0.0041583431170036655
low_friction_train:low_friction:27208,26,low_friction_train,low_friction,27208,efficient,cost_energy,decision_time_s,6.9700000000000015,0.12380952380953082,cost_stability,0.00935832749923776,0.0,1,motion,0.5880694231664289,0.200439142512772,0.00935832749923776,0.5880694231664289,6.944,174.72718614065707,strict,True,1.0,-0.0,0.0,0.0041583431170036655
low_friction_train:low_friction:27208,26,low_friction_train,low_friction,27208,efficient,cost_energy,decision_time_s,6.9700000000000015,0.12380952380953082,cost_stability,0.009966568747583041,0.5121984559344649,1,motion,0.5880694231664289,0.200439142512772,0.00935832749923776,0.5880694231664289,6.944,174.72718614065707,strict,True,1.0,-0.0,0.0,0.0041583431170036655
low_friction_train:low_friction:27208,26,low_friction_train,low_friction,27208,efficient,cost_energy,decision_time_s,6.9700000000000015,0.12380952380953082,cost_stability,0.01014182526379081,0.6597815362307811,1,motion,0.5880694231664289,0.200439142512772,0.00935832749923776,0.5880694231664289,6.944,174.72718614065707,strict,True,1.0,-0.0,0.0,0.0041583431170036655
low_friction_train:low_friction:27208,26,low_friction_train,low_friction,27208,efficient,cost_energy,decision_time_s,6.9700000000000015,0.12380952380953082,cost_stability,0.010545838397207168,1.0,2,balanced,0.5790807369332468,0.20459748562977567,0.010545838397207168,0.5790807369332468,6.9700000000000015,172.05646770036049,strict,True,0.5890084747389823,0.0,0.41099152526101757,0.0012449745282805274
low_friction_train:low_friction:27208,26,low_friction_train,low_friction,27208,efficient,cost_energy,decision_time_s,7.144000000000003,0.9523809523809621,cost_stability,0.00935832749923776,0.0,1,motion,0.5880694231664289,0.200439142512772,0.00935832749923776,0.5880694231664289,6.944,174.72718614065707,strict,True,1.0,-0.0,0.0,0.0041583431170036655
low_friction_train:low_friction:27208,26,low_friction_train,low_friction,27208,efficient,cost_energy,decision_time_s,7.144000000000003,0.9523809523809621,cost_stability,0.009966568747583041,0.5121984559344649,2,energy,0.5781265639404678,0.20796054061875022,0.009966568747583041,0.5781265639404678,7.144000000000003,176.82510981692784,unsupported,False,0.0,0.9445422485078231,0.055457751492176945,-2.3100940272209776e-05
low_friction_train:low_friction:27208,26,low_friction_train,low_friction,27208,efficient,cost_energy,decision_time_s,7.144000000000003,0.9523809523809621,cost_stability,0.01014182526379081,0.6597815362307811,2,energy,0.5781265639404678,0.20796054061875022,0.009966568747583041,0.5781265639404678,7.144000000000003,176.82510981692784,unsupported,False,0.0,0.9445422485078231,0.055457751492176945,-2.3100940272209776e-05
low_friction_train:low_friction:27208,26,low_friction_train,low_friction,27208,efficient,cost_energy,decision_time_s,7.144000000000003,0.9523809523809621,cost_stability,0.010545838397207168,1.0,3,energy,0.5781265639404678,0.20796054061875022,0.009966568747583041,0.5781265639404678,7.144000000000003,176.82510981692784,unsupported,False,0.0,0.9445422485078231,0.055457751492176945,-2.3100940272209776e-05
low_friction_train:low_friction:27208,26,low_friction_train,low_friction,27208,efficient,cost_energy,decision_time_s,7.154000000000001,1.0,cost_stability,0.00935832749923776,0.0,1,motion,0.5880694231664289,0.200439142512772,0.00935832749923776,0.5880694231664289,6.944,174.72718614065707,strict,True,1.0,-0.0,0.0,0.0041583431170036655
low_friction_train:low_friction:27208,26,low_friction_train,low_friction,27208,efficient,cost_energy,decision_time_s,7.154000000000001,1.0,cost_stability,0.009966568747583041,0.5121984559344649,2,energy,0.5781265639404678,0.20796054061875022,0.009966568747583041,0.5781265639404678,7.144000000000003,176.82510981692784,unsupported,False,0.0,0.9445422485078231,0.055457751492176945,-2.3100940272209776e-05
low_friction_train:low_friction:27208,26,low_friction_train,low_friction,27208,efficient,cost_energy,decision_time_s,7.154000000000001,1.0,cost_stability,0.01014182526379081,0.6597815362307811,3,stability,0.574725089501257,0.2097503974129181,0.01014182526379081,0.574725089501257,7.154000000000001,175.78473885186898,strict,True,0.0,0.0,1.0,0.0034014744392107943
low_friction_train:low_friction:27208,26,low_friction_train,low_friction,27208,efficient,cost_energy,decision_time_s,7.154000000000001,1.0,cost_stability,0.010545838397207168,1.0,4,stability,0.574725089501257,0.2097503974129181,0.01014182526379081,0.574725089501257,7.154000000000001,175.78473885186898,strict,True,0.0,0.0,1.0,0.0034014744392107943
low_friction_train:low_friction:27209,27,low_friction_train,low_friction,27209,fast,decision_time_s,cost_stability,0.009443648409142143,0.0,cost_energy,0.5891902016457071,1.0,1,motion,6.9540000000000015,0.20076352289559485,0.009443648409142143,0.5891902016457071,6.9540000000000015,175.06019184076106,strict,True,1.0,-0.0,0.0,0.003646682408628338
low_friction_train:low_friction:27209,27,low_friction_train,low_friction,27209,fast,decision_time_s,cost_stability,0.009933722187533162,0.4814068679024515,cost_energy,0.576713181508388,0.21298621565372985,1,energy,7.142000000000001,0.20788507351775284,0.009933722187533162,0.576713181508388,7.142000000000001,176.39281433120865,unsupported,False,0.0,0.9660304356120568,0.03396956438794311,-4.958724669679938e-05
low_friction_train:low_friction:27209,27,low_friction_train,low_friction,27209,fast,decision_time_s,cost_stability,0.009933722187533162,0.4814068679024515,cost_energy,0.5813084525564449,0.5028424167197953,1,energy,7.142000000000001,0.20788507351775284,0.009933722187533162,0.576713181508388,7.142000000000001,176.39281433120865,unsupported,False,0.0,0.9660304356120568,0.03396956438794311,-4.958724669679938e-05
low_friction_train:low_friction:27209,27,low_friction_train,low_friction,27209,fast,decision_time_s,cost_stability,0.009933722187533162,0.4814068679024515,cost_energy,0.5891902016457071,1.0,2,motion,6.9540000000000015,0.20076352289559485,0.009443648409142143,0.5891902016457071,6.9540000000000015,175.06019184076106,strict,True,1.0,-0.0,0.0,0.003646682408628338
low_friction_train:low_friction:27209,27,low_friction_train,low_friction,27209,fast,decision_time_s,cost_stability,0.010001126373158928,0.5476190165959601,cost_energy,0.5733365782588142,0.0,1,stability,7.162000000000001,0.20969307975392004,0.010001126373158928,0.5733365782588142,7.162000000000001,175.36005043891402,strict,True,0.0,0.0,1.0,0.003376603249573784
low_friction_train:low_friction:27209,27,low_friction_train,low_friction,27209,fast,decision_time_s,cost_stability,0.010001126373158928,0.5476190165959601,cost_energy,0.576713181508388,0.21298621565372985,2,energy,7.142000000000001,0.20788507351775284,0.009933722187533162,0.576713181508388,7.142000000000001,176.39281433120865,unsupported,False,0.0,0.9660304356120568,0.03396956438794311,-4.958724669679938e-05
low_friction_train:low_friction:27209,27,low_friction_train,low_friction,27209,fast,decision_time_s,cost_stability,0.010001126373158928,0.5476190165959601,cost_energy,0.5813084525564449,0.5028424167197953,2,energy,7.142000000000001,0.20788507351775284,0.009933722187533162,0.576713181508388,7.142000000000001,176.39281433120865,unsupported,False,0.0,0.9660304356120568,0.03396956438794311,-4.958724669679938e-05
low_friction_train:low_friction:27209,27,low_friction_train,low_friction,27209,fast,decision_time_s,cost_stability,0.010001126373158928,0.5476190165959601,cost_energy,0.5891902016457071,1.0,3,motion,6.9540000000000015,0.20076352289559485,0.009443648409142143,0.5891902016457071,6.9540000000000015,175.06019184076106,strict,True,1.0,-0.0,0.0,0.003646682408628338
low_friction_train:low_friction:27209,27,low_friction_train,low_friction,27209,fast,decision_time_s,cost_stability,0.010461651705452248,1.0,cost_energy,0.5733365782588142,0.0,1,stability,7.162000000000001,0.20969307975392004,0.010001126373158928,0.5733365782588142,7.162000000000001,175.36005043891402,strict,True,0.0,0.0,1.0,0.003376603249573784
low_friction_train:low_friction:27209,27,low_friction_train,low_friction,27209,fast,decision_time_s,cost_stability,0.010461651705452248,1.0,cost_energy,0.576713181508388,0.21298621565372985,2,energy,7.142000000000001,0.20788507351775284,0.009933722187533162,0.576713181508388,7.142000000000001,176.39281433120865,unsupported,False,0.0,0.9660304356120568,0.03396956438794311,-4.958724669679938e-05
low_friction_train:low_friction:27209,27,low_friction_train,low_friction,27209,fast,decision_time_s,cost_stability,0.010461651705452248,1.0,cost_energy,0.5813084525564449,0.5028424167197953,3,balanced,6.958,0.20441020530422319,0.010461651705452248,0.5813084525564449,6.958,172.7183665630273,strict,True,0.6396928574149335,0.0,0.36030714258506646,0.00050709380286428
low_friction_train:low_friction:27209,27,low_friction_train,low_friction,27209,fast,decision_time_s,cost_stability,0.010461651705452248,1.0,cost_energy,0.5891902016457071,1.0,4,motion,6.9540000000000015,0.20076352289559485,0.009443648409142143,0.5891902016457071,6.9540000000000015,175.06019184076106,strict,True,1.0,-0.0,0.0,0.003646682408628338
low_friction_train:low_friction:27209,27,low_friction_train,low_friction,27209,stable,cost_stability,decision_time_s,6.9540000000000015,0.0,cost_energy,0.5891902016457071,1.0,1,motion,0.009443648409142143,0.20076352289559485,0.009443648409142143,0.5891902016457071,6.9540000000000015,175.06019184076106,strict,True,1.0,-0.0,0.0,0.003646682408628338
low_friction_train:low_friction:27209,27,low_friction_train,low_friction,27209,stable,cost_stability,decision_time_s,6.958,0.019230769230762907,cost_energy,0.5813084525564449,0.5028424167197953,1,balanced,0.010461651705452248,0.20441020530422319,0.010461651705452248,0.5813084525564449,6.958,172.7183665630273,strict,True,0.6396928574149335,0.0,0.36030714258506646,0.00050709380286428
low_friction_train:low_friction:27209,27,low_friction_train,low_friction,27209,stable,cost_stability,decision_time_s,6.958,0.019230769230762907,cost_energy,0.5891902016457071,1.0,2,motion,0.009443648409142143,0.20076352289559485,0.009443648409142143,0.5891902016457071,6.9540000000000015,175.06019184076106,strict,True,1.0,-0.0,0.0,0.003646682408628338
low_friction_train:low_friction:27209,27,low_friction_train,low_friction,27209,stable,cost_stability,decision_time_s,7.142000000000001,0.9038461538461555,cost_energy,0.576713181508388,0.21298621565372985,1,energy,0.009933722187533162,0.20788507351775284,0.009933722187533162,0.576713181508388,7.142000000000001,176.39281433120865,unsupported,False,0.0,0.9660304356120568,0.03396956438794311,-4.958724669679938e-05
low_friction_train:low_friction:27209,27,low_friction_train,low_friction,27209,stable,cost_stability,decision_time_s,7.142000000000001,0.9038461538461555,cost_energy,0.5813084525564449,0.5028424167197953,2,energy,0.009933722187533162,0.20788507351775284,0.009933722187533162,0.576713181508388,7.142000000000001,176.39281433120865,unsupported,False,0.0,0.9660304356120568,0.03396956438794311,-4.958724669679938e-05
low_friction_train:low_friction:27209,27,low_friction_train,low_friction,27209,stable,cost_stability,decision_time_s,7.142000000000001,0.9038461538461555,cost_energy,0.5891902016457071,1.0,3,motion,0.009443648409142143,0.20076352289559485,0.009443648409142143,0.5891902016457071,6.9540000000000015,175.06019184076106,strict,True,1.0,-0.0,0.0,0.003646682408628338
low_friction_train:low_friction:27209,27,low_friction_train,low_friction,27209,stable,cost_stability,decision_time_s,7.162000000000001,1.0,cost_energy,0.5733365782588142,0.0,1,stability,0.010001126373158928,0.20969307975392004,0.010001126373158928,0.5733365782588142,7.162000000000001,175.36005043891402,strict,True,0.0,0.0,1.0,0.003376603249573784
low_friction_train:low_friction:27209,27,low_friction_train,low_friction,27209,stable,cost_stability,decision_time_s,7.162000000000001,1.0,cost_energy,0.576713181508388,0.21298621565372985,2,energy,0.009933722187533162,0.20788507351775284,0.009933722187533162,0.576713181508388,7.142000000000001,176.39281433120865,unsupported,False,0.0,0.9660304356120568,0.03396956438794311,-4.958724669679938e-05
low_friction_train:low_friction:27209,27,low_friction_train,low_friction,27209,stable,cost_stability,decision_time_s,7.162000000000001,1.0,cost_energy,0.5813084525564449,0.5028424167197953,3,energy,0.009933722187533162,0.20788507351775284,0.009933722187533162,0.576713181508388,7.142000000000001,176.39281433120865,unsupported,False,0.0,0.9660304356120568,0.03396956438794311,-4.958724669679938e-05
low_friction_train:low_friction:27209,27,low_friction_train,low_friction,27209,stable,cost_stability,decision_time_s,7.162000000000001,1.0,cost_energy,0.5891902016457071,1.0,4,motion,0.009443648409142143,0.20076352289559485,0.009443648409142143,0.5891902016457071,6.9540000000000015,175.06019184076106,strict,True,1.0,-0.0,0.0,0.003646682408628338
low_friction_train:low_friction:27209,27,low_friction_train,low_friction,27209,efficient,cost_energy,decision_time_s,6.9540000000000015,0.0,cost_stability,0.009443648409142143,0.0,1,motion,0.5891902016457071,0.20076352289559485,0.009443648409142143,0.5891902016457071,6.9540000000000015,175.06019184076106,strict,True,1.0,-0.0,0.0,0.003646682408628338
low_friction_train:low_friction:27209,27,low_friction_train,low_friction,27209,efficient,cost_energy,decision_time_s,6.9540000000000015,0.0,cost_stability,0.009933722187533162,0.4814068679024515,1,motion,0.5891902016457071,0.20076352289559485,0.009443648409142143,0.5891902016457071,6.9540000000000015,175.06019184076106,strict,True,1.0,-0.0,0.0,0.003646682408628338
low_friction_train:low_friction:27209,27,low_friction_train,low_friction,27209,efficient,cost_energy,decision_time_s,6.9540000000000015,0.0,cost_stability,0.010001126373158928,0.5476190165959601,1,motion,0.5891902016457071,0.20076352289559485,0.009443648409142143,0.5891902016457071,6.9540000000000015,175.06019184076106,strict,True,1.0,-0.0,0.0,0.003646682408628338
low_friction_train:low_friction:27209,27,low_friction_train,low_friction,27209,efficient,cost_energy,decision_time_s,6.9540000000000015,0.0,cost_stability,0.010461651705452248,1.0,1,motion,0.5891902016457071,0.20076352289559485,0.009443648409142143,0.5891902016457071,6.9540000000000015,175.06019184076106,strict,True,1.0,-0.0,0.0,0.003646682408628338
low_friction_train:low_friction:27209,27,low_friction_train,low_friction,27209,efficient,cost_energy,decision_time_s,6.958,0.019230769230762907,cost_stability,0.009443648409142143,0.0,1,motion,0.5891902016457071,0.20076352289559485,0.009443648409142143,0.5891902016457071,6.9540000000000015,175.06019184076106,strict,True,1.0,-0.0,0.0,0.003646682408628338
low_friction_train:low_friction:27209,27,low_friction_train,low_friction,27209,efficient,cost_energy,decision_time_s,6.958,0.019230769230762907,cost_stability,0.009933722187533162,0.4814068679024515,1,motion,0.5891902016457071,0.20076352289559485,0.009443648409142143,0.5891902016457071,6.9540000000000015,175.06019184076106,strict,True,1.0,-0.0,0.0,0.003646682408628338
low_friction_train:low_friction:27209,27,low_friction_train,low_friction,27209,efficient,cost_energy,decision_time_s,6.958,0.019230769230762907,cost_stability,0.010001126373158928,0.5476190165959601,1,motion,0.5891902016457071,0.20076352289559485,0.009443648409142143,0.5891902016457071,6.9540000000000015,175.06019184076106,strict,True,1.0,-0.0,0.0,0.003646682408628338
low_friction_train:low_friction:27209,27,low_friction_train,low_friction,27209,efficient,cost_energy,decision_time_s,6.958,0.019230769230762907,cost_stability,0.010461651705452248,1.0,2,balanced,0.5813084525564449,0.20441020530422319,0.010461651705452248,0.5813084525564449,6.958,172.7183665630273,strict,True,0.6396928574149335,0.0,0.36030714258506646,0.00050709380286428
low_friction_train:low_friction:27209,27,low_friction_train,low_friction,27209,efficient,cost_energy,decision_time_s,7.142000000000001,0.9038461538461555,cost_stability,0.009443648409142143,0.0,1,motion,0.5891902016457071,0.20076352289559485,0.009443648409142143,0.5891902016457071,6.9540000000000015,175.06019184076106,strict,True,1.0,-0.0,0.0,0.003646682408628338
low_friction_train:low_friction:27209,27,low_friction_train,low_friction,27209,efficient,cost_energy,decision_time_s,7.142000000000001,0.9038461538461555,cost_stability,0.009933722187533162,0.4814068679024515,2,energy,0.576713181508388,0.20788507351775284,0.009933722187533162,0.576713181508388,7.142000000000001,176.39281433120865,unsupported,False,0.0,0.9660304356120568,0.03396956438794311,-4.958724669679938e-05
low_friction_train:low_friction:27209,27,low_friction_train,low_friction,27209,efficient,cost_energy,decision_time_s,7.142000000000001,0.9038461538461555,cost_stability,0.010001126373158928,0.5476190165959601,2,energy,0.576713181508388,0.20788507351775284,0.009933722187533162,0.576713181508388,7.142000000000001,176.39281433120865,unsupported,False,0.0,0.9660304356120568,0.03396956438794311,-4.958724669679938e-05
low_friction_train:low_friction:27209,27,low_friction_train,low_friction,27209,efficient,cost_energy,decision_time_s,7.142000000000001,0.9038461538461555,cost_stability,0.010461651705452248,1.0,3,energy,0.576713181508388,0.20788507351775284,0.009933722187533162,0.576713181508388,7.142000000000001,176.39281433120865,unsupported,False,0.0,0.9660304356120568,0.03396956438794311,-4.958724669679938e-05
low_friction_train:low_friction:27209,27,low_friction_train,low_friction,27209,efficient,cost_energy,decision_time_s,7.162000000000001,1.0,cost_stability,0.009443648409142143,0.0,1,motion,0.5891902016457071,0.20076352289559485,0.009443648409142143,0.5891902016457071,6.9540000000000015,175.06019184076106,strict,True,1.0,-0.0,0.0,0.003646682408628338
low_friction_train:low_friction:27209,27,low_friction_train,low_friction,27209,efficient,cost_energy,decision_time_s,7.162000000000001,1.0,cost_stability,0.009933722187533162,0.4814068679024515,2,energy,0.576713181508388,0.20788507351775284,0.009933722187533162,0.576713181508388,7.142000000000001,176.39281433120865,unsupported,False,0.0,0.9660304356120568,0.03396956438794311,-4.958724669679938e-05
low_friction_train:low_friction:27209,27,low_friction_train,low_friction,27209,efficient,cost_energy,decision_time_s,7.162000000000001,1.0,cost_stability,0.010001126373158928,0.5476190165959601,3,stability,0.5733365782588142,0.20969307975392004,0.010001126373158928,0.5733365782588142,7.162000000000001,175.36005043891402,strict,True,0.0,0.0,1.0,0.003376603249573784
low_friction_train:low_friction:27209,27,low_friction_train,low_friction,27209,efficient,cost_energy,decision_time_s,7.162000000000001,1.0,cost_stability,0.010461651705452248,1.0,4,stability,0.5733365782588142,0.20969307975392004,0.010001126373158928,0.5733365782588142,7.162000000000001,175.36005043891402,strict,True,0.0,0.0,1.0,0.003376603249573784
low_friction_train:low_friction:27210,28,low_friction_train,low_friction,27210,fast,decision_time_s,cost_stability,0.009522785690878176,0.0,cost_energy,0.5906190361053061,1.0,1,motion,6.9559999999999995,0.2002538659888096,0.009522785690878176,0.5906190361053061,6.9559999999999995,175.48472713328192,strict,True,1.0,-0.0,0.0,0.004588018954966383
low_friction_train:low_friction:27210,28,low_friction_train,low_friction,27210,fast,decision_time_s,cost_stability,0.01010263829985664,0.8712408640490925,cost_energy,0.5744979308250399,0.0,1,stability,7.152,0.20964746495584716,0.01010263829985664,0.5744979308250399,7.152,175.7152603667529,strict,True,0.0,-0.0,1.0,0.004643223066803537
low_friction_train:low_friction:27210,28,low_friction_train,low_friction,27210,fast,decision_time_s,cost_stability,0.01010263829985664,0.8712408640490925,cost_energy,0.5791411538918434,0.28802138476741335,1,stability,7.152,0.20964746495584716,0.01010263829985664,0.5744979308250399,7.152,175.7152603667529,strict,True,0.0,-0.0,1.0,0.004643223066803537
low_friction_train:low_friction:27210,28,low_friction_train,low_friction,27210,fast,decision_time_s,cost_stability,0.01010263829985664,0.8712408640490925,cost_energy,0.5797235849819431,0.3241498685142847,1,stability,7.152,0.20964746495584716,0.01010263829985664,0.5744979308250399,7.152,175.7152603667529,strict,True,0.0,-0.0,1.0,0.004643223066803537
low_friction_train:low_friction:27210,28,low_friction_train,low_friction,27210,fast,decision_time_s,cost_stability,0.01010263829985664,0.8712408640490925,cost_energy,0.5906190361053061,1.0,2,motion,6.9559999999999995,0.2002538659888096,0.009522785690878176,0.5906190361053061,6.9559999999999995,175.48472713328192,strict,True,1.0,-0.0,0.0,0.004588018954966383
low_friction_train:low_friction:27210,28,low_friction_train,low_friction,27210,fast,decision_time_s,cost_stability,0.010156057553444628,0.9515044274654036,cost_energy,0.5744979308250399,0.0,1,stability,7.152,0.20964746495584716,0.01010263829985664,0.5744979308250399,7.152,175.7152603667529,strict,True,0.0,-0.0,1.0,0.004643223066803537
low_friction_train:low_friction:27210,28,low_friction_train,low_friction,27210,fast,decision_time_s,cost_stability,0.010156057553444628,0.9515044274654036,cost_energy,0.5791411538918434,0.28802138476741335,1,stability,7.152,0.20964746495584716,0.01010263829985664,0.5744979308250399,7.152,175.7152603667529,strict,True,0.0,-0.0,1.0,0.004643223066803537
low_friction_train:low_friction:27210,28,low_friction_train,low_friction,27210,fast,decision_time_s,cost_stability,0.010156057553444628,0.9515044274654036,cost_energy,0.5797235849819431,0.3241498685142847,2,stability,7.152,0.20964746495584716,0.01010263829985664,0.5744979308250399,7.152,175.7152603667529,strict,True,0.0,-0.0,1.0,0.004643223066803537
low_friction_train:low_friction:27210,28,low_friction_train,low_friction,27210,fast,decision_time_s,cost_stability,0.010156057553444628,0.9515044274654036,cost_energy,0.5906190361053061,1.0,3,motion,6.9559999999999995,0.2002538659888096,0.009522785690878176,0.5906190361053061,6.9559999999999995,175.48472713328192,strict,True,1.0,-0.0,0.0,0.004588018954966383
low_friction_train:low_friction:27210,28,low_friction_train,low_friction,27210,fast,decision_time_s,cost_stability,0.010188333684441745,1.0,cost_energy,0.5744979308250399,0.0,1,stability,7.152,0.20964746495584716,0.01010263829985664,0.5744979308250399,7.152,175.7152603667529,strict,True,0.0,-0.0,1.0,0.004643223066803537
low_friction_train:low_friction:27210,28,low_friction_train,low_friction,27210,fast,decision_time_s,cost_stability,0.010188333684441745,1.0,cost_energy,0.5791411538918434,0.28802138476741335,2,balanced,6.934000000000001,0.20484188494377598,0.010188333684441745,0.5791411538918434,6.934000000000001,172.07441878700925,strict,True,0.6318358670361538,0.0,0.36816413296384626,0.0013268696189911498
low_friction_train:low_friction:27210,28,low_friction_train,low_friction,27210,fast,decision_time_s,cost_stability,0.010188333684441745,1.0,cost_energy,0.5797235849819431,0.3241498685142847,3,balanced,6.934000000000001,0.20484188494377598,0.010188333684441745,0.5791411538918434,6.934000000000001,172.07441878700925,strict,True,0.6318358670361538,0.0,0.36816413296384626,0.0013268696189911498
low_friction_train:low_friction:27210,28,low_friction_train,low_friction,27210,fast,decision_time_s,cost_stability,0.010188333684441745,1.0,cost_energy,0.5906190361053061,1.0,4,balanced,6.934000000000001,0.20484188494377598,0.010188333684441745,0.5791411538918434,6.934000000000001,172.07441878700925,strict,True,0.6318358670361538,0.0,0.36816413296384626,0.0013268696189911498
low_friction_train:low_friction:27210,28,low_friction_train,low_friction,27210,stable,cost_stability,decision_time_s,6.934000000000001,0.0,cost_energy,0.5791411538918434,0.28802138476741335,1,balanced,0.010188333684441745,0.20484188494377598,0.010188333684441745,0.5791411538918434,6.934000000000001,172.07441878700925,strict,True,0.6318358670361538,0.0,0.36816413296384626,0.0013268696189911498
low_friction_train:low_friction:27210,28,low_friction_train,low_friction,27210,stable,cost_stability,decision_time_s,6.934000000000001,0.0,cost_energy,0.5797235849819431,0.3241498685142847,1,balanced,0.010188333684441745,0.20484188494377598,0.010188333684441745,0.5791411538918434,6.934000000000001,172.07441878700925,strict,True,0.6318358670361538,0.0,0.36816413296384626,0.0013268696189911498
low_friction_train:low_friction:27210,28,low_friction_train,low_friction,27210,stable,cost_stability,decision_time_s,6.934000000000001,0.0,cost_energy,0.5906190361053061,1.0,1,balanced,0.010188333684441745,0.20484188494377598,0.010188333684441745,0.5791411538918434,6.934000000000001,172.07441878700925,strict,True,0.6318358670361538,0.0,0.36816413296384626,0.0013268696189911498
low_friction_train:low_friction:27210,28,low_friction_train,low_friction,27210,stable,cost_stability,decision_time_s,6.9559999999999995,0.0924369747899097,cost_energy,0.5791411538918434,0.28802138476741335,1,balanced,0.010188333684441745,0.20484188494377598,0.010188333684441745,0.5791411538918434,6.934000000000001,172.07441878700925,strict,True,0.6318358670361538,0.0,0.36816413296384626,0.0013268696189911498
low_friction_train:low_friction:27210,28,low_friction_train,low_friction,27210,stable,cost_stability,decision_time_s,6.9559999999999995,0.0924369747899097,cost_energy,0.5797235849819431,0.3241498685142847,1,balanced,0.010188333684441745,0.20484188494377598,0.010188333684441745,0.5791411538918434,6.934000000000001,172.07441878700925,strict,True,0.6318358670361538,0.0,0.36816413296384626,0.0013268696189911498
low_friction_train:low_friction:27210,28,low_friction_train,low_friction,27210,stable,cost_stability,decision_time_s,6.9559999999999995,0.0924369747899097,cost_energy,0.5906190361053061,1.0,2,motion,0.009522785690878176,0.2002538659888096,0.009522785690878176,0.5906190361053061,6.9559999999999995,175.48472713328192,strict,True,1.0,-0.0,0.0,0.004588018954966383
low_friction_train:low_friction:27210,28,low_friction_train,low_friction,27210,stable,cost_stability,decision_time_s,7.152,0.9159663865546197,cost_energy,0.5744979308250399,0.0,1,stability,0.01010263829985664,0.20964746495584716,0.01010263829985664,0.5744979308250399,7.152,175.7152603667529,strict,True,0.0,-0.0,1.0,0.004643223066803537
low_friction_train:low_friction:27210,28,low_friction_train,low_friction,27210,stable,cost_stability,decision_time_s,7.152,0.9159663865546197,cost_energy,0.5791411538918434,0.28802138476741335,2,stability,0.01010263829985664,0.20964746495584716,0.01010263829985664,0.5744979308250399,7.152,175.7152603667529,strict,True,0.0,-0.0,1.0,0.004643223066803537
low_friction_train:low_friction:27210,28,low_friction_train,low_friction,27210,stable,cost_stability,decision_time_s,7.152,0.9159663865546197,cost_energy,0.5797235849819431,0.3241498685142847,2,stability,0.01010263829985664,0.20964746495584716,0.01010263829985664,0.5744979308250399,7.152,175.7152603667529,strict,True,0.0,-0.0,1.0,0.004643223066803537
low_friction_train:low_friction:27210,28,low_friction_train,low_friction,27210,stable,cost_stability,decision_time_s,7.152,0.9159663865546197,cost_energy,0.5906190361053061,1.0,3,motion,0.009522785690878176,0.2002538659888096,0.009522785690878176,0.5906190361053061,6.9559999999999995,175.48472713328192,strict,True,1.0,-0.0,0.0,0.004588018954966383
low_friction_train:low_friction:27210,28,low_friction_train,low_friction,27210,stable,cost_stability,decision_time_s,7.172000000000001,1.0,cost_energy,0.5744979308250399,0.0,1,stability,0.01010263829985664,0.20964746495584716,0.01010263829985664,0.5744979308250399,7.152,175.7152603667529,strict,True,0.0,-0.0,1.0,0.004643223066803537
low_friction_train:low_friction:27210,28,low_friction_train,low_friction,27210,stable,cost_stability,decision_time_s,7.172000000000001,1.0,cost_energy,0.5791411538918434,0.28802138476741335,2,stability,0.01010263829985664,0.20964746495584716,0.01010263829985664,0.5744979308250399,7.152,175.7152603667529,strict,True,0.0,-0.0,1.0,0.004643223066803537
low_friction_train:low_friction:27210,28,low_friction_train,low_friction,27210,stable,cost_stability,decision_time_s,7.172000000000001,1.0,cost_energy,0.5797235849819431,0.3241498685142847,3,stability,0.01010263829985664,0.20964746495584716,0.01010263829985664,0.5744979308250399,7.152,175.7152603667529,strict,True,0.0,-0.0,1.0,0.004643223066803537
low_friction_train:low_friction:27210,28,low_friction_train,low_friction,27210,stable,cost_stability,decision_time_s,7.172000000000001,1.0,cost_energy,0.5906190361053061,1.0,4,motion,0.009522785690878176,0.2002538659888096,0.009522785690878176,0.5906190361053061,6.9559999999999995,175.48472713328192,strict,True,1.0,-0.0,0.0,0.004588018954966383
low_friction_train:low_friction:27210,28,low_friction_train,low_friction,27210,efficient,cost_energy,decision_time_s,6.934000000000001,0.0,cost_stability,0.010188333684441745,1.0,1,balanced,0.5791411538918434,0.20484188494377598,0.010188333684441745,0.5791411538918434,6.934000000000001,172.07441878700925,strict,True,0.6318358670361538,0.0,0.36816413296384626,0.0013268696189911498
low_friction_train:low_friction:27210,28,low_friction_train,low_friction,27210,efficient,cost_energy,decision_time_s,6.9559999999999995,0.0924369747899097,cost_stability,0.009522785690878176,0.0,1,motion,0.5906190361053061,0.2002538659888096,0.009522785690878176,0.5906190361053061,6.9559999999999995,175.48472713328192,strict,True,1.0,-0.0,0.0,0.004588018954966383
low_friction_train:low_friction:27210,28,low_friction_train,low_friction,27210,efficient,cost_energy,decision_time_s,6.9559999999999995,0.0924369747899097,cost_stability,0.01010263829985664,0.8712408640490925,1,motion,0.5906190361053061,0.2002538659888096,0.009522785690878176,0.5906190361053061,6.9559999999999995,175.48472713328192,strict,True,1.0,-0.0,0.0,0.004588018954966383
low_friction_train:low_friction:27210,28,low_friction_train,low_friction,27210,efficient,cost_energy,decision_time_s,6.9559999999999995,0.0924369747899097,cost_stability,0.010156057553444628,0.9515044274654036,1,motion,0.5906190361053061,0.2002538659888096,0.009522785690878176,0.5906190361053061,6.9559999999999995,175.48472713328192,strict,True,1.0,-0.0,0.0,0.004588018954966383
low_friction_train:low_friction:27210,28,low_friction_train,low_friction,27210,efficient,cost_energy,decision_time_s,6.9559999999999995,0.0924369747899097,cost_stability,0.010188333684441745,1.0,2,balanced,0.5791411538918434,0.20484188494377598,0.010188333684441745,0.5791411538918434,6.934000000000001,172.07441878700925,strict,True,0.6318358670361538,0.0,0.36816413296384626,0.0013268696189911498
low_friction_train:low_friction:27210,28,low_friction_train,low_friction,27210,efficient,cost_energy,decision_time_s,7.152,0.9159663865546197,cost_stability,0.009522785690878176,0.0,1,motion,0.5906190361053061,0.2002538659888096,0.009522785690878176,0.5906190361053061,6.9559999999999995,175.48472713328192,strict,True,1.0,-0.0,0.0,0.004588018954966383
low_friction_train:low_friction:27210,28,low_friction_train,low_friction,27210,efficient,cost_energy,decision_time_s,7.152,0.9159663865546197,cost_stability,0.01010263829985664,0.8712408640490925,2,stability,0.5744979308250399,0.20964746495584716,0.01010263829985664,0.5744979308250399,7.152,175.7152603667529,strict,True,0.0,-0.0,1.0,0.004643223066803537
low_friction_train:low_friction:27210,28,low_friction_train,low_friction,27210,efficient,cost_energy,decision_time_s,7.152,0.9159663865546197,cost_stability,0.010156057553444628,0.9515044274654036,2,stability,0.5744979308250399,0.20964746495584716,0.01010263829985664,0.5744979308250399,7.152,175.7152603667529,strict,True,0.0,-0.0,1.0,0.004643223066803537
low_friction_train:low_friction:27210,28,low_friction_train,low_friction,27210,efficient,cost_energy,decision_time_s,7.152,0.9159663865546197,cost_stability,0.010188333684441745,1.0,3,stability,0.5744979308250399,0.20964746495584716,0.01010263829985664,0.5744979308250399,7.152,175.7152603667529,strict,True,0.0,-0.0,1.0,0.004643223066803537
low_friction_train:low_friction:27210,28,low_friction_train,low_friction,27210,efficient,cost_energy,decision_time_s,7.172000000000001,1.0,cost_stability,0.009522785690878176,0.0,1,motion,0.5906190361053061,0.2002538659888096,0.009522785690878176,0.5906190361053061,6.9559999999999995,175.48472713328192,strict,True,1.0,-0.0,0.0,0.004588018954966383
low_friction_train:low_friction:27210,28,low_friction_train,low_friction,27210,efficient,cost_energy,decision_time_s,7.172000000000001,1.0,cost_stability,0.01010263829985664,0.8712408640490925,2,stability,0.5744979308250399,0.20964746495584716,0.01010263829985664,0.5744979308250399,7.152,175.7152603667529,strict,True,0.0,-0.0,1.0,0.004643223066803537
low_friction_train:low_friction:27210,28,low_friction_train,low_friction,27210,efficient,cost_energy,decision_time_s,7.172000000000001,1.0,cost_stability,0.010156057553444628,0.9515044274654036,3,stability,0.5744979308250399,0.20964746495584716,0.01010263829985664,0.5744979308250399,7.152,175.7152603667529,strict,True,0.0,-0.0,1.0,0.004643223066803537
low_friction_train:low_friction:27210,28,low_friction_train,low_friction,27210,efficient,cost_energy,decision_time_s,7.172000000000001,1.0,cost_stability,0.010188333684441745,1.0,4,stability,0.5744979308250399,0.20964746495584716,0.01010263829985664,0.5744979308250399,7.152,175.7152603667529,strict,True,0.0,-0.0,1.0,0.004643223066803537
low_friction_train:low_friction:27211,29,low_friction_train,low_friction,27211,fast,decision_time_s,cost_stability,0.009747862919850395,0.0,cost_energy,0.5806980947784637,0.8212066329084652,1,balanced,6.940000000000001,0.20446134470129587,0.009747862919850395,0.5806980947784637,6.940000000000001,172.53701706093705,strict,True,0.02135463225528368,0.9786453677447167,0.0,0.00020308711273933866
low_friction_train:low_friction:27211,29,low_friction_train,low_friction,27211,fast,decision_time_s,cost_stability,0.009747862919850395,0.0,cost_energy,0.5835430106071957,1.0,1,balanced,6.940000000000001,0.20446134470129587,0.009747862919850395,0.5806980947784637,6.940000000000001,172.53701706093705,strict,True,0.02135463225528368,0.9786453677447167,0.0,0.00020308711273933866
low_friction_train:low_friction:27211,29,low_friction_train,low_friction,27211,fast,decision_time_s,cost_stability,0.00986859225682999,0.42864784125722294,cost_energy,0.5777573721396094,0.6363921308508086,1,energy,7.152,0.20843874432766274,0.00986859225682999,0.5777573721396094,7.152,176.71218924762323,unsupported,False,0.0,0.9821466733281948,0.017853326671805135,-6.607223476499024e-05
low_friction_train:low_friction:27211,29,low_friction_train,low_friction,27211,fast,decision_time_s,cost_stability,0.00986859225682999,0.42864784125722294,cost_energy,0.5806980947784637,0.8212066329084652,2,balanced,6.940000000000001,0.20446134470129587,0.009747862919850395,0.5806980947784637,6.940000000000001,172.53701706093705,strict,True,0.02135463225528368,0.9786453677447167,0.0,0.00020308711273933866
low_friction_train:low_friction:27211,29,low_friction_train,low_friction,27211,fast,decision_time_s,cost_stability,0.00986859225682999,0.42864784125722294,cost_energy,0.5835430106071957,1.0,2,balanced,6.940000000000001,0.20446134470129587,0.009747862919850395,0.5806980947784637,6.940000000000001,172.53701706093705,strict,True,0.02135463225528368,0.9786453677447167,0.0,0.00020308711273933866
low_friction_train:low_friction:27211,29,low_friction_train,low_friction,27211,fast,decision_time_s,cost_stability,0.009985390075706237,0.8433368818614696,cost_energy,0.5676312579789478,0.0,1,stability,7.146,0.2097241747402391,0.009985390075706237,0.5676312579789478,7.146,173.6150278989499,strict,True,0.0,0.0,1.0,0.01012611416066167
low_friction_train:low_friction:27211,29,low_friction_train,low_friction,27211,fast,decision_time_s,cost_stability,0.009985390075706237,0.8433368818614696,cost_energy,0.5777573721396094,0.6363921308508086,2,stability,7.146,0.2097241747402391,0.009985390075706237,0.5676312579789478,7.146,173.6150278989499,strict,True,0.0,0.0,1.0,0.01012611416066167
low_friction_train:low_friction:27211,29,low_friction_train,low_friction,27211,fast,decision_time_s,cost_stability,0.009985390075706237,0.8433368818614696,cost_energy,0.5806980947784637,0.8212066329084652,3,balanced,6.940000000000001,0.20446134470129587,0.009747862919850395,0.5806980947784637,6.940000000000001,172.53701706093705,strict,True,0.02135463225528368,0.9786453677447167,0.0,0.00020308711273933866
low_friction_train:low_friction:27211,29,low_friction_train,low_friction,27211,fast,decision_time_s,cost_stability,0.009985390075706237,0.8433368818614696,cost_energy,0.5835430106071957,1.0,3,balanced,6.940000000000001,0.20446134470129587,0.009747862919850395,0.5806980947784637,6.940000000000001,172.53701706093705,strict,True,0.02135463225528368,0.9786453677447167,0.0,0.00020308711273933866
low_friction_train:low_friction:27211,29,low_friction_train,low_friction,27211,fast,decision_time_s,cost_stability,0.010029514488712836,1.0,cost_energy,0.5676312579789478,0.0,1,stability,7.146,0.2097241747402391,0.009985390075706237,0.5676312579789478,7.146,173.6150278989499,strict,True,0.0,0.0,1.0,0.01012611416066167
low_friction_train:low_friction:27211,29,low_friction_train,low_friction,27211,fast,decision_time_s,cost_stability,0.010029514488712836,1.0,cost_energy,0.5777573721396094,0.6363921308508086,2,stability,7.146,0.2097241747402391,0.009985390075706237,0.5676312579789478,7.146,173.6150278989499,strict,True,0.0,0.0,1.0,0.01012611416066167
low_friction_train:low_friction:27211,29,low_friction_train,low_friction,27211,fast,decision_time_s,cost_stability,0.010029514488712836,1.0,cost_energy,0.5806980947784637,0.8212066329084652,3,balanced,6.940000000000001,0.20446134470129587,0.009747862919850395,0.5806980947784637,6.940000000000001,172.53701706093705,strict,True,0.02135463225528368,0.9786453677447167,0.0,0.00020308711273933866
low_friction_train:low_friction:27211,29,low_friction_train,low_friction,27211,fast,decision_time_s,cost_stability,0.010029514488712836,1.0,cost_energy,0.5835430106071957,1.0,4,balanced,6.940000000000001,0.20446134470129587,0.009747862919850395,0.5806980947784637,6.940000000000001,172.53701706093705,strict,True,0.02135463225528368,0.9786453677447167,0.0,0.00020308711273933866
low_friction_train:low_friction:27211,29,low_friction_train,low_friction,27211,stable,cost_stability,decision_time_s,6.940000000000001,0.0,cost_energy,0.5806980947784637,0.8212066329084652,1,balanced,0.009747862919850395,0.20446134470129587,0.009747862919850395,0.5806980947784637,6.940000000000001,172.53701706093705,strict,True,0.02135463225528368,0.9786453677447167,0.0,0.00020308711273933866
low_friction_train:low_friction:27211,29,low_friction_train,low_friction,27211,stable,cost_stability,decision_time_s,6.940000000000001,0.0,cost_energy,0.5835430106071957,1.0,1,balanced,0.009747862919850395,0.20446134470129587,0.009747862919850395,0.5806980947784637,6.940000000000001,172.53701706093705,strict,True,0.02135463225528368,0.9786453677447167,0.0,0.00020308711273933866
low_friction_train:low_friction:27211,29,low_friction_train,low_friction,27211,stable,cost_stability,decision_time_s,6.948000000000001,0.03773584905660401,cost_energy,0.5806980947784637,0.8212066329084652,1,balanced,0.009747862919850395,0.20446134470129587,0.009747862919850395,0.5806980947784637,6.940000000000001,172.53701706093705,strict,True,0.02135463225528368,0.9786453677447167,0.0,0.00020308711273933866
low_friction_train:low_friction:27211,29,low_friction_train,low_friction,27211,stable,cost_stability,decision_time_s,6.948000000000001,0.03773584905660401,cost_energy,0.5835430106071957,1.0,2,balanced,0.009747862919850395,0.20446134470129587,0.009747862919850395,0.5806980947784637,6.940000000000001,172.53701706093705,strict,True,0.02135463225528368,0.9786453677447167,0.0,0.00020308711273933866
low_friction_train:low_friction:27211,29,low_friction_train,low_friction,27211,stable,cost_stability,decision_time_s,7.146,0.971698113207546,cost_energy,0.5676312579789478,0.0,1,stability,0.009985390075706237,0.2097241747402391,0.009985390075706237,0.5676312579789478,7.146,173.6150278989499,strict,True,0.0,0.0,1.0,0.01012611416066167
low_friction_train:low_friction:27211,29,low_friction_train,low_friction,27211,stable,cost_stability,decision_time_s,7.146,0.971698113207546,cost_energy,0.5777573721396094,0.6363921308508086,1,stability,0.009985390075706237,0.2097241747402391,0.009985390075706237,0.5676312579789478,7.146,173.6150278989499,strict,True,0.0,0.0,1.0,0.01012611416066167
low_friction_train:low_friction:27211,29,low_friction_train,low_friction,27211,stable,cost_stability,decision_time_s,7.146,0.971698113207546,cost_energy,0.5806980947784637,0.8212066329084652,2,balanced,0.009747862919850395,0.20446134470129587,0.009747862919850395,0.5806980947784637,6.940000000000001,172.53701706093705,strict,True,0.02135463225528368,0.9786453677447167,0.0,0.00020308711273933866
low_friction_train:low_friction:27211,29,low_friction_train,low_friction,27211,stable,cost_stability,decision_time_s,7.146,0.971698113207546,cost_energy,0.5835430106071957,1.0,3,balanced,0.009747862919850395,0.20446134470129587,0.009747862919850395,0.5806980947784637,6.940000000000001,172.53701706093705,strict,True,0.02135463225528368,0.9786453677447167,0.0,0.00020308711273933866
low_friction_train:low_friction:27211,29,low_friction_train,low_friction,27211,stable,cost_stability,decision_time_s,7.152,1.0,cost_energy,0.5676312579789478,0.0,1,stability,0.009985390075706237,0.2097241747402391,0.009985390075706237,0.5676312579789478,7.146,173.6150278989499,strict,True,0.0,0.0,1.0,0.01012611416066167
low_friction_train:low_friction:27211,29,low_friction_train,low_friction,27211,stable,cost_stability,decision_time_s,7.152,1.0,cost_energy,0.5777573721396094,0.6363921308508086,2,energy,0.00986859225682999,0.20843874432766274,0.00986859225682999,0.5777573721396094,7.152,176.71218924762323,unsupported,False,0.0,0.9821466733281948,0.017853326671805135,-6.607223476499024e-05
low_friction_train:low_friction:27211,29,low_friction_train,low_friction,27211,stable,cost_stability,decision_time_s,7.152,1.0,cost_energy,0.5806980947784637,0.8212066329084652,3,balanced,0.009747862919850395,0.20446134470129587,0.009747862919850395,0.5806980947784637,6.940000000000001,172.53701706093705,strict,True,0.02135463225528368,0.9786453677447167,0.0,0.00020308711273933866
low_friction_train:low_friction:27211,29,low_friction_train,low_friction,27211,stable,cost_stability,decision_time_s,7.152,1.0,cost_energy,0.5835430106071957,1.0,4,balanced,0.009747862919850395,0.20446134470129587,0.009747862919850395,0.5806980947784637,6.940000000000001,172.53701706093705,strict,True,0.02135463225528368,0.9786453677447167,0.0,0.00020308711273933866
low_friction_train:low_friction:27211,29,low_friction_train,low_friction,27211,efficient,cost_energy,decision_time_s,6.940000000000001,0.0,cost_stability,0.009747862919850395,0.0,1,balanced,0.5806980947784637,0.20446134470129587,0.009747862919850395,0.5806980947784637,6.940000000000001,172.53701706093705,strict,True,0.02135463225528368,0.9786453677447167,0.0,0.00020308711273933866
low_friction_train:low_friction:27211,29,low_friction_train,low_friction,27211,efficient,cost_energy,decision_time_s,6.940000000000001,0.0,cost_stability,0.00986859225682999,0.42864784125722294,1,balanced,0.5806980947784637,0.20446134470129587,0.009747862919850395,0.5806980947784637,6.940000000000001,172.53701706093705,strict,True,0.02135463225528368,0.9786453677447167,0.0,0.00020308711273933866
low_friction_train:low_friction:27211,29,low_friction_train,low_friction,27211,efficient,cost_energy,decision_time_s,6.940000000000001,0.0,cost_stability,0.009985390075706237,0.8433368818614696,1,balanced,0.5806980947784637,0.20446134470129587,0.009747862919850395,0.5806980947784637,6.940000000000001,172.53701706093705,strict,True,0.02135463225528368,0.9786453677447167,0.0,0.00020308711273933866
low_friction_train:low_friction:27211,29,low_friction_train,low_friction,27211,efficient,cost_energy,decision_time_s,6.940000000000001,0.0,cost_stability,0.010029514488712836,1.0,1,balanced,0.5806980947784637,0.20446134470129587,0.009747862919850395,0.5806980947784637,6.940000000000001,172.53701706093705,strict,True,0.02135463225528368,0.9786453677447167,0.0,0.00020308711273933866
low_friction_train:low_friction:27211,29,low_friction_train,low_friction,27211,efficient,cost_energy,decision_time_s,6.948000000000001,0.03773584905660401,cost_stability,0.009747862919850395,0.0,1,balanced,0.5806980947784637,0.20446134470129587,0.009747862919850395,0.5806980947784637,6.940000000000001,172.53701706093705,strict,True,0.02135463225528368,0.9786453677447167,0.0,0.00020308711273933866
low_friction_train:low_friction:27211,29,low_friction_train,low_friction,27211,efficient,cost_energy,decision_time_s,6.948000000000001,0.03773584905660401,cost_stability,0.00986859225682999,0.42864784125722294,1,balanced,0.5806980947784637,0.20446134470129587,0.009747862919850395,0.5806980947784637,6.940000000000001,172.53701706093705,strict,True,0.02135463225528368,0.9786453677447167,0.0,0.00020308711273933866
low_friction_train:low_friction:27211,29,low_friction_train,low_friction,27211,efficient,cost_energy,decision_time_s,6.948000000000001,0.03773584905660401,cost_stability,0.009985390075706237,0.8433368818614696,1,balanced,0.5806980947784637,0.20446134470129587,0.009747862919850395,0.5806980947784637,6.940000000000001,172.53701706093705,strict,True,0.02135463225528368,0.9786453677447167,0.0,0.00020308711273933866
low_friction_train:low_friction:27211,29,low_friction_train,low_friction,27211,efficient,cost_energy,decision_time_s,6.948000000000001,0.03773584905660401,cost_stability,0.010029514488712836,1.0,2,balanced,0.5806980947784637,0.20446134470129587,0.009747862919850395,0.5806980947784637,6.940000000000001,172.53701706093705,strict,True,0.02135463225528368,0.9786453677447167,0.0,0.00020308711273933866
low_friction_train:low_friction:27211,29,low_friction_train,low_friction,27211,efficient,cost_energy,decision_time_s,7.146,0.971698113207546,cost_stability,0.009747862919850395,0.0,1,balanced,0.5806980947784637,0.20446134470129587,0.009747862919850395,0.5806980947784637,6.940000000000001,172.53701706093705,strict,True,0.02135463225528368,0.9786453677447167,0.0,0.00020308711273933866
low_friction_train:low_friction:27211,29,low_friction_train,low_friction,27211,efficient,cost_energy,decision_time_s,7.146,0.971698113207546,cost_stability,0.00986859225682999,0.42864784125722294,1,balanced,0.5806980947784637,0.20446134470129587,0.009747862919850395,0.5806980947784637,6.940000000000001,172.53701706093705,strict,True,0.02135463225528368,0.9786453677447167,0.0,0.00020308711273933866
low_friction_train:low_friction:27211,29,low_friction_train,low_friction,27211,efficient,cost_energy,decision_time_s,7.146,0.971698113207546,cost_stability,0.009985390075706237,0.8433368818614696,2,stability,0.5676312579789478,0.2097241747402391,0.009985390075706237,0.5676312579789478,7.146,173.6150278989499,strict,True,0.0,0.0,1.0,0.01012611416066167
low_friction_train:low_friction:27211,29,low_friction_train,low_friction,27211,efficient,cost_energy,decision_time_s,7.146,0.971698113207546,cost_stability,0.010029514488712836,1.0,3,stability,0.5676312579789478,0.2097241747402391,0.009985390075706237,0.5676312579789478,7.146,173.6150278989499,strict,True,0.0,0.0,1.0,0.01012611416066167
low_friction_train:low_friction:27211,29,low_friction_train,low_friction,27211,efficient,cost_energy,decision_time_s,7.152,1.0,cost_stability,0.009747862919850395,0.0,1,balanced,0.5806980947784637,0.20446134470129587,0.009747862919850395,0.5806980947784637,6.940000000000001,172.53701706093705,strict,True,0.02135463225528368,0.9786453677447167,0.0,0.00020308711273933866
low_friction_train:low_friction:27211,29,low_friction_train,low_friction,27211,efficient,cost_energy,decision_time_s,7.152,1.0,cost_stability,0.00986859225682999,0.42864784125722294,2,energy,0.5777573721396094,0.20843874432766274,0.00986859225682999,0.5777573721396094,7.152,176.71218924762323,unsupported,False,0.0,0.9821466733281948,0.017853326671805135,-6.607223476499024e-05
low_friction_train:low_friction:27211,29,low_friction_train,low_friction,27211,efficient,cost_energy,decision_time_s,7.152,1.0,cost_stability,0.009985390075706237,0.8433368818614696,3,stability,0.5676312579789478,0.2097241747402391,0.009985390075706237,0.5676312579789478,7.146,173.6150278989499,strict,True,0.0,0.0,1.0,0.01012611416066167
low_friction_train:low_friction:27211,29,low_friction_train,low_friction,27211,efficient,cost_energy,decision_time_s,7.152,1.0,cost_stability,0.010029514488712836,1.0,4,stability,0.5676312579789478,0.2097241747402391,0.009985390075706237,0.5676312579789478,7.146,173.6150278989499,strict,True,0.0,0.0,1.0,0.01012611416066167
low_friction_train:low_friction:27212,30,low_friction_train,low_friction,27212,fast,decision_time_s,cost_stability,0.009687922803953444,0.0,cost_energy,0.5839893787703005,1.0,1,balanced,6.959999999999998,0.20468905934065096,0.009687922803953444,0.5839893787703005,6.959999999999998,173.5149233557194,strict,True,0.0018302941602109106,0.9981697058397891,0.0,0.0003728784873497028
low_friction_train:low_friction:27212,30,low_friction_train,low_friction,27212,fast,decision_time_s,cost_stability,0.010055225323120521,0.9667457603246222,cost_energy,0.5774910151033344,0.0,1,energy,7.162000000000003,0.2081028493063949,0.010055225323120521,0.5774910151033344,7.162000000000003,176.6307215982753,strict,True,0.3910431926375433,0.0,0.6089568073624566,0.0008849162570722679
low_friction_train:low_friction:27212,30,low_friction_train,low_friction,27212,fast,decision_time_s,cost_stability,0.010055225323120521,0.9667457603246222,cost_energy,0.5833688475242818,0.9045096153708332,1,energy,7.162000000000003,0.2081028493063949,0.010055225323120521,0.5774910151033344,7.162000000000003,176.6307215982753,strict,True,0.3910431926375433,0.0,0.6089568073624566,0.0008849162570722679
low_friction_train:low_friction:27212,30,low_friction_train,low_friction,27212,fast,decision_time_s,cost_stability,0.010055225323120521,0.9667457603246222,cost_energy,0.5839893787703005,1.0,2,balanced,6.959999999999998,0.20468905934065096,0.009687922803953444,0.5839893787703005,6.959999999999998,173.5149233557194,strict,True,0.0018302941602109106,0.9981697058397891,0.0,0.0003728784873497028
low_friction_train:low_friction:27212,30,low_friction_train,low_friction,27212,fast,decision_time_s,cost_stability,0.010067859840391795,1.0,cost_energy,0.5774910151033344,0.0,1,energy,7.162000000000003,0.2081028493063949,0.010055225323120521,0.5774910151033344,7.162000000000003,176.6307215982753,strict,True,0.3910431926375433,0.0,0.6089568073624566,0.0008849162570722679
low_friction_train:low_friction:27212,30,low_friction_train,low_friction,27212,fast,decision_time_s,cost_stability,0.010067859840391795,1.0,cost_energy,0.5833688475242818,0.9045096153708332,2,motion,6.95,0.20121248563575864,0.010067859840391795,0.5833688475242818,6.95,173.33055111282087,strict,True,1.0,0.0,-0.0,0.003476573704892322
low_friction_train:low_friction:27212,30,low_friction_train,low_friction,27212,fast,decision_time_s,cost_stability,0.010067859840391795,1.0,cost_energy,0.5839893787703005,1.0,3,motion,6.95,0.20121248563575864,0.010067859840391795,0.5833688475242818,6.95,173.33055111282087,strict,True,1.0,0.0,-0.0,0.003476573704892322
low_friction_train:low_friction:27212,30,low_friction_train,low_friction,27212,stable,cost_stability,decision_time_s,6.95,0.0,cost_energy,0.5833688475242818,0.9045096153708332,1,motion,0.010067859840391795,0.20121248563575864,0.010067859840391795,0.5833688475242818,6.95,173.33055111282087,strict,True,1.0,0.0,-0.0,0.003476573704892322
low_friction_train:low_friction:27212,30,low_friction_train,low_friction,27212,stable,cost_stability,decision_time_s,6.95,0.0,cost_energy,0.5839893787703005,1.0,1,motion,0.010067859840391795,0.20121248563575864,0.010067859840391795,0.5833688475242818,6.95,173.33055111282087,strict,True,1.0,0.0,-0.0,0.003476573704892322
low_friction_train:low_friction:27212,30,low_friction_train,low_friction,27212,stable,cost_stability,decision_time_s,6.959999999999998,0.0471698113207448,cost_energy,0.5833688475242818,0.9045096153708332,1,motion,0.010067859840391795,0.20121248563575864,0.010067859840391795,0.5833688475242818,6.95,173.33055111282087,strict,True,1.0,0.0,-0.0,0.003476573704892322
low_friction_train:low_friction:27212,30,low_friction_train,low_friction,27212,stable,cost_stability,decision_time_s,6.959999999999998,0.0471698113207448,cost_energy,0.5839893787703005,1.0,2,balanced,0.009687922803953444,0.20468905934065096,0.009687922803953444,0.5839893787703005,6.959999999999998,173.5149233557194,strict,True,0.0018302941602109106,0.9981697058397891,0.0,0.0003728784873497028
low_friction_train:low_friction:27212,30,low_friction_train,low_friction,27212,stable,cost_stability,decision_time_s,7.162000000000003,1.0,cost_energy,0.5774910151033344,0.0,1,energy,0.010055225323120521,0.2081028493063949,0.010055225323120521,0.5774910151033344,7.162000000000003,176.6307215982753,strict,True,0.3910431926375433,0.0,0.6089568073624566,0.0008849162570722679
low_friction_train:low_friction:27212,30,low_friction_train,low_friction,27212,stable,cost_stability,decision_time_s,7.162000000000003,1.0,cost_energy,0.5833688475242818,0.9045096153708332,2,energy,0.010055225323120521,0.2081028493063949,0.010055225323120521,0.5774910151033344,7.162000000000003,176.6307215982753,strict,True,0.3910431926375433,0.0,0.6089568073624566,0.0008849162570722679
low_friction_train:low_friction:27212,30,low_friction_train,low_friction,27212,stable,cost_stability,decision_time_s,7.162000000000003,1.0,cost_energy,0.5839893787703005,1.0,3,balanced,0.009687922803953444,0.20468905934065096,0.009687922803953444,0.5839893787703005,6.959999999999998,173.5149233557194,strict,True,0.0018302941602109106,0.9981697058397891,0.0,0.0003728784873497028
low_friction_train:low_friction:27212,30,low_friction_train,low_friction,27212,efficient,cost_energy,decision_time_s,6.95,0.0,cost_stability,0.010067859840391795,1.0,1,motion,0.5833688475242818,0.20121248563575864,0.010067859840391795,0.5833688475242818,6.95,173.33055111282087,strict,True,1.0,0.0,-0.0,0.003476573704892322
low_friction_train:low_friction:27212,30,low_friction_train,low_friction,27212,efficient,cost_energy,decision_time_s,6.959999999999998,0.0471698113207448,cost_stability,0.009687922803953444,0.0,1,balanced,0.5839893787703005,0.20468905934065096,0.009687922803953444,0.5839893787703005,6.959999999999998,173.5149233557194,strict,True,0.0018302941602109106,0.9981697058397891,0.0,0.0003728784873497028
low_friction_train:low_friction:27212,30,low_friction_train,low_friction,27212,efficient,cost_energy,decision_time_s,6.959999999999998,0.0471698113207448,cost_stability,0.010055225323120521,0.9667457603246222,1,balanced,0.5839893787703005,0.20468905934065096,0.009687922803953444,0.5839893787703005,6.959999999999998,173.5149233557194,strict,True,0.0018302941602109106,0.9981697058397891,0.0,0.0003728784873497028
low_friction_train:low_friction:27212,30,low_friction_train,low_friction,27212,efficient,cost_energy,decision_time_s,6.959999999999998,0.0471698113207448,cost_stability,0.010067859840391795,1.0,2,motion,0.5833688475242818,0.20121248563575864,0.010067859840391795,0.5833688475242818,6.95,173.33055111282087,strict,True,1.0,0.0,-0.0,0.003476573704892322
low_friction_train:low_friction:27212,30,low_friction_train,low_friction,27212,efficient,cost_energy,decision_time_s,7.162000000000003,1.0,cost_stability,0.009687922803953444,0.0,1,balanced,0.5839893787703005,0.20468905934065096,0.009687922803953444,0.5839893787703005,6.959999999999998,173.5149233557194,strict,True,0.0018302941602109106,0.9981697058397891,0.0,0.0003728784873497028
low_friction_train:low_friction:27212,30,low_friction_train,low_friction,27212,efficient,cost_energy,decision_time_s,7.162000000000003,1.0,cost_stability,0.010055225323120521,0.9667457603246222,2,energy,0.5774910151033344,0.2081028493063949,0.010055225323120521,0.5774910151033344,7.162000000000003,176.6307215982753,strict,True,0.3910431926375433,0.0,0.6089568073624566,0.0008849162570722679
low_friction_train:low_friction:27212,30,low_friction_train,low_friction,27212,efficient,cost_energy,decision_time_s,7.162000000000003,1.0,cost_stability,0.010067859840391795,1.0,3,energy,0.5774910151033344,0.2081028493063949,0.010055225323120521,0.5774910151033344,7.162000000000003,176.6307215982753,strict,True,0.3910431926375433,0.0,0.6089568073624566,0.0008849162570722679
low_friction_train:low_friction:27213,31,low_friction_train,low_friction,27213,fast,decision_time_s,cost_stability,0.009486420992798707,0.0,cost_energy,0.5887834579677279,1.0,1,motion,6.950000000000002,0.20074042915448786,0.009486420992798707,0.5887834579677279,6.950000000000002,174.93934015976205,strict,True,1.0,-0.0,0.0,0.0037251617871149334
low_friction_train:low_friction:27213,31,low_friction_train,low_friction,27213,fast,decision_time_s,cost_stability,0.009693519702828755,0.44895058771250246,cost_energy,0.5769465532737704,0.25215431371155306,1,balanced,6.936000000000001,0.2044655909416028,0.009693519702828755,0.5769465532737704,6.936000000000001,171.42235905461624,strict,True,0.6507733776013345,0.0,0.3492266223986656,0.0017095261276134739
low_friction_train:low_friction:27213,31,low_friction_train,low_friction,27213,fast,decision_time_s,cost_stability,0.009693519702828755,0.44895058771250246,cost_energy,0.5887834579677279,1.0,2,balanced,6.936000000000001,0.2044655909416028,0.009693519702828755,0.5769465532737704,6.936000000000001,171.42235905461624,strict,True,0.6507733776013345,0.0,0.3492266223986656,0.0017095261276134739
low_friction_train:low_friction:27213,31,low_friction_train,low_friction,27213,fast,decision_time_s,cost_stability,0.009941466431421797,0.9864519053551276,cost_energy,0.5729554537270349,0.0,1,stability,7.151999999999998,0.20974055513887513,0.009941466431421797,0.5729554537270349,7.151999999999998,175.2434801385866,strict,True,0.0,-0.0,1.0,0.001869713430939668
low_friction_train:low_friction:27213,31,low_friction_train,low_friction,27213,fast,decision_time_s,cost_stability,0.009941466431421797,0.9864519053551276,cost_energy,0.5748251671579746,0.11812692254230842,1,stability,7.151999999999998,0.20974055513887513,0.009941466431421797,0.5729554537270349,7.151999999999998,175.2434801385866,strict,True,0.0,-0.0,1.0,0.001869713430939668
low_friction_train:low_friction:27213,31,low_friction_train,low_friction,27213,fast,decision_time_s,cost_stability,0.009941466431421797,0.9864519053551276,cost_energy,0.5769465532737704,0.25215431371155306,2,balanced,6.936000000000001,0.2044655909416028,0.009693519702828755,0.5769465532737704,6.936000000000001,171.42235905461624,strict,True,0.6507733776013345,0.0,0.3492266223986656,0.0017095261276134739
low_friction_train:low_friction:27213,31,low_friction_train,low_friction,27213,fast,decision_time_s,cost_stability,0.009941466431421797,0.9864519053551276,cost_energy,0.5887834579677279,1.0,3,balanced,6.936000000000001,0.2044655909416028,0.009693519702828755,0.5769465532737704,6.936000000000001,171.42235905461624,strict,True,0.6507733776013345,0.0,0.3492266223986656,0.0017095261276134739
low_friction_train:low_friction:27213,31,low_friction_train,low_friction,27213,fast,decision_time_s,cost_stability,0.009947716101209767,1.0,cost_energy,0.5729554537270349,0.0,1,stability,7.151999999999998,0.20974055513887513,0.009941466431421797,0.5729554537270349,7.151999999999998,175.2434801385866,strict,True,0.0,-0.0,1.0,0.001869713430939668
low_friction_train:low_friction:27213,31,low_friction_train,low_friction,27213,fast,decision_time_s,cost_stability,0.009947716101209767,1.0,cost_energy,0.5748251671579746,0.11812692254230842,2,energy,7.144000000000001,0.20823091189659948,0.009947716101209767,0.5748251671579746,7.144000000000001,175.81534848606177,unsupported,False,0.0,0.9415088412608031,0.05849115873919689,-0.00011524582444623459
low_friction_train:low_friction:27213,31,low_friction_train,low_friction,27213,fast,decision_time_s,cost_stability,0.009947716101209767,1.0,cost_energy,0.5769465532737704,0.25215431371155306,3,balanced,6.936000000000001,0.2044655909416028,0.009693519702828755,0.5769465532737704,6.936000000000001,171.42235905461624,strict,True,0.6507733776013345,0.0,0.3492266223986656,0.0017095261276134739
low_friction_train:low_friction:27213,31,low_friction_train,low_friction,27213,fast,decision_time_s,cost_stability,0.009947716101209767,1.0,cost_energy,0.5887834579677279,1.0,4,balanced,6.936000000000001,0.2044655909416028,0.009693519702828755,0.5769465532737704,6.936000000000001,171.42235905461624,strict,True,0.6507733776013345,0.0,0.3492266223986656,0.0017095261276134739
low_friction_train:low_friction:27213,31,low_friction_train,low_friction,27213,stable,cost_stability,decision_time_s,6.936000000000001,0.0,cost_energy,0.5769465532737704,0.25215431371155306,1,balanced,0.009693519702828755,0.2044655909416028,0.009693519702828755,0.5769465532737704,6.936000000000001,171.42235905461624,strict,True,0.6507733776013345,0.0,0.3492266223986656,0.0017095261276134739
low_friction_train:low_friction:27213,31,low_friction_train,low_friction,27213,stable,cost_stability,decision_time_s,6.936000000000001,0.0,cost_energy,0.5887834579677279,1.0,1,balanced,0.009693519702828755,0.2044655909416028,0.009693519702828755,0.5769465532737704,6.936000000000001,171.42235905461624,strict,True,0.6507733776013345,0.0,0.3492266223986656,0.0017095261276134739
low_friction_train:low_friction:27213,31,low_friction_train,low_friction,27213,stable,cost_stability,decision_time_s,6.950000000000002,0.06481481481482075,cost_energy,0.5769465532737704,0.25215431371155306,1,balanced,0.009693519702828755,0.2044655909416028,0.009693519702828755,0.5769465532737704,6.936000000000001,171.42235905461624,strict,True,0.6507733776013345,0.0,0.3492266223986656,0.0017095261276134739
low_friction_train:low_friction:27213,31,low_friction_train,low_friction,27213,stable,cost_stability,decision_time_s,6.950000000000002,0.06481481481482075,cost_energy,0.5887834579677279,1.0,2,motion,0.009486420992798707,0.20074042915448786,0.009486420992798707,0.5887834579677279,6.950000000000002,174.93934015976205,strict,True,1.0,-0.0,0.0,0.0037251617871149334
low_friction_train:low_friction:27213,31,low_friction_train,low_friction,27213,stable,cost_stability,decision_time_s,7.144000000000001,0.9629629629629748,cost_energy,0.5748251671579746,0.11812692254230842,1,energy,0.009947716101209767,0.20823091189659948,0.009947716101209767,0.5748251671579746,7.144000000000001,175.81534848606177,unsupported,False,0.0,0.9415088412608031,0.05849115873919689,-0.00011524582444623459
low_friction_train:low_friction:27213,31,low_friction_train,low_friction,27213,stable,cost_stability,decision_time_s,7.144000000000001,0.9629629629629748,cost_energy,0.5769465532737704,0.25215431371155306,2,balanced,0.009693519702828755,0.2044655909416028,0.009693519702828755,0.5769465532737704,6.936000000000001,171.42235905461624,strict,True,0.6507733776013345,0.0,0.3492266223986656,0.0017095261276134739
low_friction_train:low_friction:27213,31,low_friction_train,low_friction,27213,stable,cost_stability,decision_time_s,7.144000000000001,0.9629629629629748,cost_energy,0.5887834579677279,1.0,3,motion,0.009486420992798707,0.20074042915448786,0.009486420992798707,0.5887834579677279,6.950000000000002,174.93934015976205,strict,True,1.0,-0.0,0.0,0.0037251617871149334
low_friction_train:low_friction:27213,31,low_friction_train,low_friction,27213,stable,cost_stability,decision_time_s,7.151999999999998,1.0,cost_energy,0.5729554537270349,0.0,1,stability,0.009941466431421797,0.20974055513887513,0.009941466431421797,0.5729554537270349,7.151999999999998,175.2434801385866,strict,True,0.0,-0.0,1.0,0.001869713430939668
low_friction_train:low_friction:27213,31,low_friction_train,low_friction,27213,stable,cost_stability,decision_time_s,7.151999999999998,1.0,cost_energy,0.5748251671579746,0.11812692254230842,2,stability,0.009941466431421797,0.20974055513887513,0.009941466431421797,0.5729554537270349,7.151999999999998,175.2434801385866,strict,True,0.0,-0.0,1.0,0.001869713430939668
low_friction_train:low_friction:27213,31,low_friction_train,low_friction,27213,stable,cost_stability,decision_time_s,7.151999999999998,1.0,cost_energy,0.5769465532737704,0.25215431371155306,3,balanced,0.009693519702828755,0.2044655909416028,0.009693519702828755,0.5769465532737704,6.936000000000001,171.42235905461624,strict,True,0.6507733776013345,0.0,0.3492266223986656,0.0017095261276134739
low_friction_train:low_friction:27213,31,low_friction_train,low_friction,27213,stable,cost_stability,decision_time_s,7.151999999999998,1.0,cost_energy,0.5887834579677279,1.0,4,motion,0.009486420992798707,0.20074042915448786,0.009486420992798707,0.5887834579677279,6.950000000000002,174.93934015976205,strict,True,1.0,-0.0,0.0,0.0037251617871149334
low_friction_train:low_friction:27213,31,low_friction_train,low_friction,27213,efficient,cost_energy,decision_time_s,6.936000000000001,0.0,cost_stability,0.009693519702828755,0.44895058771250246,1,balanced,0.5769465532737704,0.2044655909416028,0.009693519702828755,0.5769465532737704,6.936000000000001,171.42235905461624,strict,True,0.6507733776013345,0.0,0.3492266223986656,0.0017095261276134739
low_friction_train:low_friction:27213,31,low_friction_train,low_friction,27213,efficient,cost_energy,decision_time_s,6.936000000000001,0.0,cost_stability,0.009941466431421797,0.9864519053551276,1,balanced,0.5769465532737704,0.2044655909416028,0.009693519702828755,0.5769465532737704,6.936000000000001,171.42235905461624,strict,True,0.6507733776013345,0.0,0.3492266223986656,0.0017095261276134739
low_friction_train:low_friction:27213,31,low_friction_train,low_friction,27213,efficient,cost_energy,decision_time_s,6.936000000000001,0.0,cost_stability,0.009947716101209767,1.0,1,balanced,0.5769465532737704,0.2044655909416028,0.009693519702828755,0.5769465532737704,6.936000000000001,171.42235905461624,strict,True,0.6507733776013345,0.0,0.3492266223986656,0.0017095261276134739
low_friction_train:low_friction:27213,31,low_friction_train,low_friction,27213,efficient,cost_energy,decision_time_s,6.950000000000002,0.06481481481482075,cost_stability,0.009486420992798707,0.0,1,motion,0.5887834579677279,0.20074042915448786,0.009486420992798707,0.5887834579677279,6.950000000000002,174.93934015976205,strict,True,1.0,-0.0,0.0,0.0037251617871149334
low_friction_train:low_friction:27213,31,low_friction_train,low_friction,27213,efficient,cost_energy,decision_time_s,6.950000000000002,0.06481481481482075,cost_stability,0.009693519702828755,0.44895058771250246,2,balanced,0.5769465532737704,0.2044655909416028,0.009693519702828755,0.5769465532737704,6.936000000000001,171.42235905461624,strict,True,0.6507733776013345,0.0,0.3492266223986656,0.0017095261276134739
low_friction_train:low_friction:27213,31,low_friction_train,low_friction,27213,efficient,cost_energy,decision_time_s,6.950000000000002,0.06481481481482075,cost_stability,0.009941466431421797,0.9864519053551276,2,balanced,0.5769465532737704,0.2044655909416028,0.009693519702828755,0.5769465532737704,6.936000000000001,171.42235905461624,strict,True,0.6507733776013345,0.0,0.3492266223986656,0.0017095261276134739
low_friction_train:low_friction:27213,31,low_friction_train,low_friction,27213,efficient,cost_energy,decision_time_s,6.950000000000002,0.06481481481482075,cost_stability,0.009947716101209767,1.0,2,balanced,0.5769465532737704,0.2044655909416028,0.009693519702828755,0.5769465532737704,6.936000000000001,171.42235905461624,strict,True,0.6507733776013345,0.0,0.3492266223986656,0.0017095261276134739
low_friction_train:low_friction:27213,31,low_friction_train,low_friction,27213,efficient,cost_energy,decision_time_s,7.144000000000001,0.9629629629629748,cost_stability,0.009486420992798707,0.0,1,motion,0.5887834579677279,0.20074042915448786,0.009486420992798707,0.5887834579677279,6.950000000000002,174.93934015976205,strict,True,1.0,-0.0,0.0,0.0037251617871149334
low_friction_train:low_friction:27213,31,low_friction_train,low_friction,27213,efficient,cost_energy,decision_time_s,7.144000000000001,0.9629629629629748,cost_stability,0.009693519702828755,0.44895058771250246,2,balanced,0.5769465532737704,0.2044655909416028,0.009693519702828755,0.5769465532737704,6.936000000000001,171.42235905461624,strict,True,0.6507733776013345,0.0,0.3492266223986656,0.0017095261276134739
low_friction_train:low_friction:27213,31,low_friction_train,low_friction,27213,efficient,cost_energy,decision_time_s,7.144000000000001,0.9629629629629748,cost_stability,0.009941466431421797,0.9864519053551276,2,balanced,0.5769465532737704,0.2044655909416028,0.009693519702828755,0.5769465532737704,6.936000000000001,171.42235905461624,strict,True,0.6507733776013345,0.0,0.3492266223986656,0.0017095261276134739
low_friction_train:low_friction:27213,31,low_friction_train,low_friction,27213,efficient,cost_energy,decision_time_s,7.144000000000001,0.9629629629629748,cost_stability,0.009947716101209767,1.0,3,energy,0.5748251671579746,0.20823091189659948,0.009947716101209767,0.5748251671579746,7.144000000000001,175.81534848606177,unsupported,False,0.0,0.9415088412608031,0.05849115873919689,-0.00011524582444623459
low_friction_train:low_friction:27213,31,low_friction_train,low_friction,27213,efficient,cost_energy,decision_time_s,7.151999999999998,1.0,cost_stability,0.009486420992798707,0.0,1,motion,0.5887834579677279,0.20074042915448786,0.009486420992798707,0.5887834579677279,6.950000000000002,174.93934015976205,strict,True,1.0,-0.0,0.0,0.0037251617871149334
low_friction_train:low_friction:27213,31,low_friction_train,low_friction,27213,efficient,cost_energy,decision_time_s,7.151999999999998,1.0,cost_stability,0.009693519702828755,0.44895058771250246,2,balanced,0.5769465532737704,0.2044655909416028,0.009693519702828755,0.5769465532737704,6.936000000000001,171.42235905461624,strict,True,0.6507733776013345,0.0,0.3492266223986656,0.0017095261276134739
low_friction_train:low_friction:27213,31,low_friction_train,low_friction,27213,efficient,cost_energy,decision_time_s,7.151999999999998,1.0,cost_stability,0.009941466431421797,0.9864519053551276,3,stability,0.5729554537270349,0.20974055513887513,0.009941466431421797,0.5729554537270349,7.151999999999998,175.2434801385866,strict,True,0.0,-0.0,1.0,0.001869713430939668
low_friction_train:low_friction:27213,31,low_friction_train,low_friction,27213,efficient,cost_energy,decision_time_s,7.151999999999998,1.0,cost_stability,0.009947716101209767,1.0,4,stability,0.5729554537270349,0.20974055513887513,0.009941466431421797,0.5729554537270349,7.151999999999998,175.2434801385866,strict,True,0.0,-0.0,1.0,0.001869713430939668
low_friction_train:low_friction:27214,32,low_friction_train,low_friction,27214,fast,decision_time_s,cost_stability,0.009500868751194744,0.0,cost_energy,0.5898298399594554,1.0,1,motion,6.954,0.20005705866474588,0.009500868751194744,0.5898298399594554,6.954,175.25024117559508,strict,True,1.0,-0.0,0.0,0.004562398848769411
low_friction_train:low_friction:27214,32,low_friction_train,low_friction,27214,fast,decision_time_s,cost_stability,0.009831708486016989,0.5223657126777874,cost_energy,0.5796539478931109,0.6070636087546236,1,balanced,6.948000000000001,0.2046194575135153,0.009831708486016989,0.5796539478931109,6.948000000000001,172.22678013990677,unsupported,False,0.0,0.9761274244622035,0.023872575537796245,-8.001698624352477e-05
low_friction_train:low_friction:27214,32,low_friction_train,low_friction,27214,fast,decision_time_s,cost_stability,0.009831708486016989,0.5223657126777874,cost_energy,0.5898298399594554,1.0,2,balanced,6.948000000000001,0.2046194575135153,0.009831708486016989,0.5796539478931109,6.948000000000001,172.22678013990677,unsupported,False,0.0,0.9761274244622035,0.023872575537796245,-8.001698624352477e-05
low_friction_train:low_friction:27214,32,low_friction_train,low_friction,27214,fast,decision_time_s,cost_stability,0.010007969835009511,0.8006662778547512,cost_energy,0.5762924187364625,0.47726003701194425,1,energy,7.160000000000002,0.20823144763109552,0.010007969835009511,0.5762924187364625,7.160000000000002,176.26412032544377,unsupported,False,0.0,0.9761274244622036,0.023872575537796266,-0.00017182216415323766
low_friction_train:low_friction:27214,32,low_friction_train,low_friction,27214,fast,decision_time_s,cost_stability,0.010007969835009511,0.8006662778547512,cost_energy,0.5796539478931109,0.6070636087546236,2,balanced,6.948000000000001,0.2046194575135153,0.009831708486016989,0.5796539478931109,6.948000000000001,172.22678013990677,unsupported,False,0.0,0.9761274244622035,0.023872575537796245,-8.001698624352477e-05
low_friction_train:low_friction:27214,32,low_friction_train,low_friction,27214,fast,decision_time_s,cost_stability,0.010007969835009511,0.8006662778547512,cost_energy,0.5898298399594554,1.0,3,balanced,6.948000000000001,0.2046194575135153,0.009831708486016989,0.5796539478931109,6.948000000000001,172.22678013990677,unsupported,False,0.0,0.9761274244622035,0.023872575537796245,-8.001698624352477e-05
low_friction_train:low_friction:27214,32,low_friction_train,low_friction,27214,fast,decision_time_s,cost_stability,0.010134217623053639,1.0,cost_energy,0.5639327932794751,0.0,1,stability,7.124000000000004,0.20954645351177206,0.010134217623053639,0.5639327932794751,7.124000000000004,172.4838198427402,strict,True,0.0,0.0,1.0,0.012359625456987433
low_friction_train:low_friction:27214,32,low_friction_train,low_friction,27214,fast,decision_time_s,cost_stability,0.010134217623053639,1.0,cost_energy,0.5762924187364625,0.47726003701194425,2,stability,7.124000000000004,0.20954645351177206,0.010134217623053639,0.5639327932794751,7.124000000000004,172.4838198427402,strict,True,0.0,0.0,1.0,0.012359625456987433
low_friction_train:low_friction:27214,32,low_friction_train,low_friction,27214,fast,decision_time_s,cost_stability,0.010134217623053639,1.0,cost_energy,0.5796539478931109,0.6070636087546236,3,balanced,6.948000000000001,0.2046194575135153,0.009831708486016989,0.5796539478931109,6.948000000000001,172.22678013990677,unsupported,False,0.0,0.9761274244622035,0.023872575537796245,-8.001698624352477e-05
low_friction_train:low_friction:27214,32,low_friction_train,low_friction,27214,fast,decision_time_s,cost_stability,0.010134217623053639,1.0,cost_energy,0.5898298399594554,1.0,4,balanced,6.948000000000001,0.2046194575135153,0.009831708486016989,0.5796539478931109,6.948000000000001,172.22678013990677,unsupported,False,0.0,0.9761274244622035,0.023872575537796245,-8.001698624352477e-05
low_friction_train:low_friction:27214,32,low_friction_train,low_friction,27214,stable,cost_stability,decision_time_s,6.948000000000001,0.0,cost_energy,0.5796539478931109,0.6070636087546236,1,balanced,0.009831708486016989,0.2046194575135153,0.009831708486016989,0.5796539478931109,6.948000000000001,172.22678013990677,unsupported,False,0.0,0.9761274244622035,0.023872575537796245,-8.001698624352477e-05
low_friction_train:low_friction:27214,32,low_friction_train,low_friction,27214,stable,cost_stability,decision_time_s,6.948000000000001,0.0,cost_energy,0.5898298399594554,1.0,1,balanced,0.009831708486016989,0.2046194575135153,0.009831708486016989,0.5796539478931109,6.948000000000001,172.22678013990677,unsupported,False,0.0,0.9761274244622035,0.023872575537796245,-8.001698624352477e-05
low_friction_train:low_friction:27214,32,low_friction_train,low_friction,27214,stable,cost_stability,decision_time_s,6.954,0.02830188679244544,cost_energy,0.5796539478931109,0.6070636087546236,1,balanced,0.009831708486016989,0.2046194575135153,0.009831708486016989,0.5796539478931109,6.948000000000001,172.22678013990677,unsupported,False,0.0,0.9761274244622035,0.023872575537796245,-8.001698624352477e-05
low_friction_train:low_friction:27214,32,low_friction_train,low_friction,27214,stable,cost_stability,decision_time_s,6.954,0.02830188679244544,cost_energy,0.5898298399594554,1.0,2,motion,0.009500868751194744,0.20005705866474588,0.009500868751194744,0.5898298399594554,6.954,175.25024117559508,strict,True,1.0,-0.0,0.0,0.004562398848769411
low_friction_train:low_friction:27214,32,low_friction_train,low_friction,27214,stable,cost_stability,decision_time_s,7.124000000000004,0.8301886792452938,cost_energy,0.5639327932794751,0.0,1,stability,0.010134217623053639,0.20954645351177206,0.010134217623053639,0.5639327932794751,7.124000000000004,172.4838198427402,strict,True,0.0,0.0,1.0,0.012359625456987433
low_friction_train:low_friction:27214,32,low_friction_train,low_friction,27214,stable,cost_stability,decision_time_s,7.124000000000004,0.8301886792452938,cost_energy,0.5762924187364625,0.47726003701194425,1,stability,0.010134217623053639,0.20954645351177206,0.010134217623053639,0.5639327932794751,7.124000000000004,172.4838198427402,strict,True,0.0,0.0,1.0,0.012359625456987433
low_friction_train:low_friction:27214,32,low_friction_train,low_friction,27214,stable,cost_stability,decision_time_s,7.124000000000004,0.8301886792452938,cost_energy,0.5796539478931109,0.6070636087546236,2,balanced,0.009831708486016989,0.2046194575135153,0.009831708486016989,0.5796539478931109,6.948000000000001,172.22678013990677,unsupported,False,0.0,0.9761274244622035,0.023872575537796245,-8.001698624352477e-05
low_friction_train:low_friction:27214,32,low_friction_train,low_friction,27214,stable,cost_stability,decision_time_s,7.124000000000004,0.8301886792452938,cost_energy,0.5898298399594554,1.0,3,motion,0.009500868751194744,0.20005705866474588,0.009500868751194744,0.5898298399594554,6.954,175.25024117559508,strict,True,1.0,-0.0,0.0,0.004562398848769411
low_friction_train:low_friction:27214,32,low_friction_train,low_friction,27214,stable,cost_stability,decision_time_s,7.160000000000002,1.0,cost_energy,0.5639327932794751,0.0,1,stability,0.010134217623053639,0.20954645351177206,0.010134217623053639,0.5639327932794751,7.124000000000004,172.4838198427402,strict,True,0.0,0.0,1.0,0.012359625456987433
low_friction_train:low_friction:27214,32,low_friction_train,low_friction,27214,stable,cost_stability,decision_time_s,7.160000000000002,1.0,cost_energy,0.5762924187364625,0.47726003701194425,2,energy,0.010007969835009511,0.20823144763109552,0.010007969835009511,0.5762924187364625,7.160000000000002,176.26412032544377,unsupported,False,0.0,0.9761274244622036,0.023872575537796266,-0.00017182216415323766
low_friction_train:low_friction:27214,32,low_friction_train,low_friction,27214,stable,cost_stability,decision_time_s,7.160000000000002,1.0,cost_energy,0.5796539478931109,0.6070636087546236,3,balanced,0.009831708486016989,0.2046194575135153,0.009831708486016989,0.5796539478931109,6.948000000000001,172.22678013990677,unsupported,False,0.0,0.9761274244622035,0.023872575537796245,-8.001698624352477e-05
low_friction_train:low_friction:27214,32,low_friction_train,low_friction,27214,stable,cost_stability,decision_time_s,7.160000000000002,1.0,cost_energy,0.5898298399594554,1.0,4,motion,0.009500868751194744,0.20005705866474588,0.009500868751194744,0.5898298399594554,6.954,175.25024117559508,strict,True,1.0,-0.0,0.0,0.004562398848769411
low_friction_train:low_friction:27214,32,low_friction_train,low_friction,27214,efficient,cost_energy,decision_time_s,6.948000000000001,0.0,cost_stability,0.009831708486016989,0.5223657126777874,1,balanced,0.5796539478931109,0.2046194575135153,0.009831708486016989,0.5796539478931109,6.948000000000001,172.22678013990677,unsupported,False,0.0,0.9761274244622035,0.023872575537796245,-8.001698624352477e-05
low_friction_train:low_friction:27214,32,low_friction_train,low_friction,27214,efficient,cost_energy,decision_time_s,6.948000000000001,0.0,cost_stability,0.010007969835009511,0.8006662778547512,1,balanced,0.5796539478931109,0.2046194575135153,0.009831708486016989,0.5796539478931109,6.948000000000001,172.22678013990677,unsupported,False,0.0,0.9761274244622035,0.023872575537796245,-8.001698624352477e-05
low_friction_train:low_friction:27214,32,low_friction_train,low_friction,27214,efficient,cost_energy,decision_time_s,6.948000000000001,0.0,cost_stability,0.010134217623053639,1.0,1,balanced,0.5796539478931109,0.2046194575135153,0.009831708486016989,0.5796539478931109,6.948000000000001,172.22678013990677,unsupported,False,0.0,0.9761274244622035,0.023872575537796245,-8.001698624352477e-05
low_friction_train:low_friction:27214,32,low_friction_train,low_friction,27214,efficient,cost_energy,decision_time_s,6.954,0.02830188679244544,cost_stability,0.009500868751194744,0.0,1,motion,0.5898298399594554,0.20005705866474588,0.009500868751194744,0.5898298399594554,6.954,175.25024117559508,strict,True,1.0,-0.0,0.0,0.004562398848769411
low_friction_train:low_friction:27214,32,low_friction_train,low_friction,27214,efficient,cost_energy,decision_time_s,6.954,0.02830188679244544,cost_stability,0.009831708486016989,0.5223657126777874,2,balanced,0.5796539478931109,0.2046194575135153,0.009831708486016989,0.5796539478931109,6.948000000000001,172.22678013990677,unsupported,False,0.0,0.9761274244622035,0.023872575537796245,-8.001698624352477e-05
low_friction_train:low_friction:27214,32,low_friction_train,low_friction,27214,efficient,cost_energy,decision_time_s,6.954,0.02830188679244544,cost_stability,0.010007969835009511,0.8006662778547512,2,balanced,0.5796539478931109,0.2046194575135153,0.009831708486016989,0.5796539478931109,6.948000000000001,172.22678013990677,unsupported,False,0.0,0.9761274244622035,0.023872575537796245,-8.001698624352477e-05
low_friction_train:low_friction:27214,32,low_friction_train,low_friction,27214,efficient,cost_energy,decision_time_s,6.954,0.02830188679244544,cost_stability,0.010134217623053639,1.0,2,balanced,0.5796539478931109,0.2046194575135153,0.009831708486016989,0.5796539478931109,6.948000000000001,172.22678013990677,unsupported,False,0.0,0.9761274244622035,0.023872575537796245,-8.001698624352477e-05
low_friction_train:low_friction:27214,32,low_friction_train,low_friction,27214,efficient,cost_energy,decision_time_s,7.124000000000004,0.8301886792452938,cost_stability,0.009500868751194744,0.0,1,motion,0.5898298399594554,0.20005705866474588,0.009500868751194744,0.5898298399594554,6.954,175.25024117559508,strict,True,1.0,-0.0,0.0,0.004562398848769411
low_friction_train:low_friction:27214,32,low_friction_train,low_friction,27214,efficient,cost_energy,decision_time_s,7.124000000000004,0.8301886792452938,cost_stability,0.009831708486016989,0.5223657126777874,2,balanced,0.5796539478931109,0.2046194575135153,0.009831708486016989,0.5796539478931109,6.948000000000001,172.22678013990677,unsupported,False,0.0,0.9761274244622035,0.023872575537796245,-8.001698624352477e-05
low_friction_train:low_friction:27214,32,low_friction_train,low_friction,27214,efficient,cost_energy,decision_time_s,7.124000000000004,0.8301886792452938,cost_stability,0.010007969835009511,0.8006662778547512,2,balanced,0.5796539478931109,0.2046194575135153,0.009831708486016989,0.5796539478931109,6.948000000000001,172.22678013990677,unsupported,False,0.0,0.9761274244622035,0.023872575537796245,-8.001698624352477e-05
low_friction_train:low_friction:27214,32,low_friction_train,low_friction,27214,efficient,cost_energy,decision_time_s,7.124000000000004,0.8301886792452938,cost_stability,0.010134217623053639,1.0,3,stability,0.5639327932794751,0.20954645351177206,0.010134217623053639,0.5639327932794751,7.124000000000004,172.4838198427402,strict,True,0.0,0.0,1.0,0.012359625456987433
low_friction_train:low_friction:27214,32,low_friction_train,low_friction,27214,efficient,cost_energy,decision_time_s,7.160000000000002,1.0,cost_stability,0.009500868751194744,0.0,1,motion,0.5898298399594554,0.20005705866474588,0.009500868751194744,0.5898298399594554,6.954,175.25024117559508,strict,True,1.0,-0.0,0.0,0.004562398848769411
low_friction_train:low_friction:27214,32,low_friction_train,low_friction,27214,efficient,cost_energy,decision_time_s,7.160000000000002,1.0,cost_stability,0.009831708486016989,0.5223657126777874,2,balanced,0.5796539478931109,0.2046194575135153,0.009831708486016989,0.5796539478931109,6.948000000000001,172.22678013990677,unsupported,False,0.0,0.9761274244622035,0.023872575537796245,-8.001698624352477e-05
low_friction_train:low_friction:27214,32,low_friction_train,low_friction,27214,efficient,cost_energy,decision_time_s,7.160000000000002,1.0,cost_stability,0.010007969835009511,0.8006662778547512,3,energy,0.5762924187364625,0.20823144763109552,0.010007969835009511,0.5762924187364625,7.160000000000002,176.26412032544377,unsupported,False,0.0,0.9761274244622036,0.023872575537796266,-0.00017182216415323766
low_friction_train:low_friction:27214,32,low_friction_train,low_friction,27214,efficient,cost_energy,decision_time_s,7.160000000000002,1.0,cost_stability,0.010134217623053639,1.0,4,stability,0.5639327932794751,0.20954645351177206,0.010134217623053639,0.5639327932794751,7.124000000000004,172.4838198427402,strict,True,0.0,0.0,1.0,0.012359625456987433
low_friction_train:low_friction:27215,33,low_friction_train,low_friction,27215,fast,decision_time_s,cost_stability,0.009447410785635699,0.0,cost_energy,0.5893370276013766,1.0,1,motion,6.950000000000001,0.2005766987503753,0.009447410785635699,0.5893370276013766,6.950000000000001,175.1038167684922,strict,True,1.0,-0.0,0.0,0.004343640166791007
low_friction_train:low_friction:27215,33,low_friction_train,low_friction,27215,fast,decision_time_s,cost_stability,0.009616030793532584,0.2763862313519365,cost_energy,0.580985353249129,0.4692323684992818,1,balanced,6.956,0.2049203389171663,0.009616030793532584,0.580985353249129,6.956,172.62236729731595,strict,True,0.6353583195803,0.0,0.36464168041970013,0.00028560065288784535
low_friction_train:low_friction:27215,33,low_friction_train,low_friction,27215,fast,decision_time_s,cost_stability,0.009616030793532584,0.2763862313519365,cost_energy,0.5893370276013766,1.0,2,motion,6.950000000000001,0.2005766987503753,0.009447410785635699,0.5893370276013766,6.950000000000001,175.1038167684922,strict,True,1.0,-0.0,0.0,0.004343640166791007
low_friction_train:low_friction:27215,33,low_friction_train,low_friction,27215,fast,decision_time_s,cost_stability,0.010013427387993724,0.9277617618428038,cost_energy,0.5776329671808651,0.25618071702419765,1,energy,7.156000000000002,0.20816253871366877,0.010013427387993724,0.5776329671808651,7.156000000000002,176.67413889349,unsupported,False,0.0,0.9435814607684446,0.05641853923155536,-0.00018583933419437918
low_friction_train:low_friction:27215,33,low_friction_train,low_friction,27215,fast,decision_time_s,cost_stability,0.010013427387993724,0.9277617618428038,cost_energy,0.580985353249129,0.4692323684992818,2,balanced,6.956,0.2049203389171663,0.009616030793532584,0.580985353249129,6.956,172.62236729731595,strict,True,0.6353583195803,0.0,0.36464168041970013,0.00028560065288784535
low_friction_train:low_friction:27215,33,low_friction_train,low_friction,27215,fast,decision_time_s,cost_stability,0.010013427387993724,0.9277617618428038,cost_energy,0.5893370276013766,1.0,3,motion,6.950000000000001,0.2005766987503753,0.009447410785635699,0.5893370276013766,6.950000000000001,175.1038167684922,strict,True,1.0,-0.0,0.0,0.004343640166791007
low_friction_train:low_friction:27215,33,low_friction_train,low_friction,27215,fast,decision_time_s,cost_stability,0.01005749909239427,1.0,cost_energy,0.5736019415550899,0.0,1,stability,7.134000000000001,0.20960730091712854,0.01005749909239427,0.5736019415550899,7.134000000000001,175.4412141441164,strict,True,0.0,0.0,1.0,0.004031025625775175
low_friction_train:low_friction:27215,33,low_friction_train,low_friction,27215,fast,decision_time_s,cost_stability,0.01005749909239427,1.0,cost_energy,0.5776329671808651,0.25618071702419765,2,stability,7.134000000000001,0.20960730091712854,0.01005749909239427,0.5736019415550899,7.134000000000001,175.4412141441164,strict,True,0.0,0.0,1.0,0.004031025625775175
low_friction_train:low_friction:27215,33,low_friction_train,low_friction,27215,fast,decision_time_s,cost_stability,0.01005749909239427,1.0,cost_energy,0.580985353249129,0.4692323684992818,3,balanced,6.956,0.2049203389171663,0.009616030793532584,0.580985353249129,6.956,172.62236729731595,strict,True,0.6353583195803,0.0,0.36464168041970013,0.00028560065288784535
low_friction_train:low_friction:27215,33,low_friction_train,low_friction,27215,fast,decision_time_s,cost_stability,0.01005749909239427,1.0,cost_energy,0.5893370276013766,1.0,4,motion,6.950000000000001,0.2005766987503753,0.009447410785635699,0.5893370276013766,6.950000000000001,175.1038167684922,strict,True,1.0,-0.0,0.0,0.004343640166791007
low_friction_train:low_friction:27215,33,low_friction_train,low_friction,27215,stable,cost_stability,decision_time_s,6.950000000000001,0.0,cost_energy,0.5893370276013766,1.0,1,motion,0.009447410785635699,0.2005766987503753,0.009447410785635699,0.5893370276013766,6.950000000000001,175.1038167684922,strict,True,1.0,-0.0,0.0,0.004343640166791007
low_friction_train:low_friction:27215,33,low_friction_train,low_friction,27215,stable,cost_stability,decision_time_s,6.956,0.029126213592229618,cost_energy,0.580985353249129,0.4692323684992818,1,balanced,0.009616030793532584,0.2049203389171663,0.009616030793532584,0.580985353249129,6.956,172.62236729731595,strict,True,0.6353583195803,0.0,0.36464168041970013,0.00028560065288784535
low_friction_train:low_friction:27215,33,low_friction_train,low_friction,27215,stable,cost_stability,decision_time_s,6.956,0.029126213592229618,cost_energy,0.5893370276013766,1.0,2,motion,0.009447410785635699,0.2005766987503753,0.009447410785635699,0.5893370276013766,6.950000000000001,175.1038167684922,strict,True,1.0,-0.0,0.0,0.004343640166791007
low_friction_train:low_friction:27215,33,low_friction_train,low_friction,27215,stable,cost_stability,decision_time_s,7.134000000000001,0.8932038834951408,cost_energy,0.5736019415550899,0.0,1,stability,0.01005749909239427,0.20960730091712854,0.01005749909239427,0.5736019415550899,7.134000000000001,175.4412141441164,strict,True,0.0,0.0,1.0,0.004031025625775175
low_friction_train:low_friction:27215,33,low_friction_train,low_friction,27215,stable,cost_stability,decision_time_s,7.134000000000001,0.8932038834951408,cost_energy,0.5776329671808651,0.25618071702419765,1,stability,0.01005749909239427,0.20960730091712854,0.01005749909239427,0.5736019415550899,7.134000000000001,175.4412141441164,strict,True,0.0,0.0,1.0,0.004031025625775175
low_friction_train:low_friction:27215,33,low_friction_train,low_friction,27215,stable,cost_stability,decision_time_s,7.134000000000001,0.8932038834951408,cost_energy,0.580985353249129,0.4692323684992818,2,balanced,0.009616030793532584,0.2049203389171663,0.009616030793532584,0.580985353249129,6.956,172.62236729731595,strict,True,0.6353583195803,0.0,0.36464168041970013,0.00028560065288784535
low_friction_train:low_friction:27215,33,low_friction_train,low_friction,27215,stable,cost_stability,decision_time_s,7.134000000000001,0.8932038834951408,cost_energy,0.5893370276013766,1.0,3,motion,0.009447410785635699,0.2005766987503753,0.009447410785635699,0.5893370276013766,6.950000000000001,175.1038167684922,strict,True,1.0,-0.0,0.0,0.004343640166791007
low_friction_train:low_friction:27215,33,low_friction_train,low_friction,27215,stable,cost_stability,decision_time_s,7.156000000000002,1.0,cost_energy,0.5736019415550899,0.0,1,stability,0.01005749909239427,0.20960730091712854,0.01005749909239427,0.5736019415550899,7.134000000000001,175.4412141441164,strict,True,0.0,0.0,1.0,0.004031025625775175
low_friction_train:low_friction:27215,33,low_friction_train,low_friction,27215,stable,cost_stability,decision_time_s,7.156000000000002,1.0,cost_energy,0.5776329671808651,0.25618071702419765,2,energy,0.010013427387993724,0.20816253871366877,0.010013427387993724,0.5776329671808651,7.156000000000002,176.67413889349,unsupported,False,0.0,0.9435814607684446,0.05641853923155536,-0.00018583933419437918
low_friction_train:low_friction:27215,33,low_friction_train,low_friction,27215,stable,cost_stability,decision_time_s,7.156000000000002,1.0,cost_energy,0.580985353249129,0.4692323684992818,3,balanced,0.009616030793532584,0.2049203389171663,0.009616030793532584,0.580985353249129,6.956,172.62236729731595,strict,True,0.6353583195803,0.0,0.36464168041970013,0.00028560065288784535
low_friction_train:low_friction:27215,33,low_friction_train,low_friction,27215,stable,cost_stability,decision_time_s,7.156000000000002,1.0,cost_energy,0.5893370276013766,1.0,4,motion,0.009447410785635699,0.2005766987503753,0.009447410785635699,0.5893370276013766,6.950000000000001,175.1038167684922,strict,True,1.0,-0.0,0.0,0.004343640166791007
low_friction_train:low_friction:27215,33,low_friction_train,low_friction,27215,efficient,cost_energy,decision_time_s,6.950000000000001,0.0,cost_stability,0.009447410785635699,0.0,1,motion,0.5893370276013766,0.2005766987503753,0.009447410785635699,0.5893370276013766,6.950000000000001,175.1038167684922,strict,True,1.0,-0.0,0.0,0.004343640166791007
low_friction_train:low_friction:27215,33,low_friction_train,low_friction,27215,efficient,cost_energy,decision_time_s,6.950000000000001,0.0,cost_stability,0.009616030793532584,0.2763862313519365,1,motion,0.5893370276013766,0.2005766987503753,0.009447410785635699,0.5893370276013766,6.950000000000001,175.1038167684922,strict,True,1.0,-0.0,0.0,0.004343640166791007
low_friction_train:low_friction:27215,33,low_friction_train,low_friction,27215,efficient,cost_energy,decision_time_s,6.950000000000001,0.0,cost_stability,0.010013427387993724,0.9277617618428038,1,motion,0.5893370276013766,0.2005766987503753,0.009447410785635699,0.5893370276013766,6.950000000000001,175.1038167684922,strict,True,1.0,-0.0,0.0,0.004343640166791007
low_friction_train:low_friction:27215,33,low_friction_train,low_friction,27215,efficient,cost_energy,decision_time_s,6.950000000000001,0.0,cost_stability,0.01005749909239427,1.0,1,motion,0.5893370276013766,0.2005766987503753,0.009447410785635699,0.5893370276013766,6.950000000000001,175.1038167684922,strict,True,1.0,-0.0,0.0,0.004343640166791007
low_friction_train:low_friction:27215,33,low_friction_train,low_friction,27215,efficient,cost_energy,decision_time_s,6.956,0.029126213592229618,cost_stability,0.009447410785635699,0.0,1,motion,0.5893370276013766,0.2005766987503753,0.009447410785635699,0.5893370276013766,6.950000000000001,175.1038167684922,strict,True,1.0,-0.0,0.0,0.004343640166791007
low_friction_train:low_friction:27215,33,low_friction_train,low_friction,27215,efficient,cost_energy,decision_time_s,6.956,0.029126213592229618,cost_stability,0.009616030793532584,0.2763862313519365,2,balanced,0.580985353249129,0.2049203389171663,0.009616030793532584,0.580985353249129,6.956,172.62236729731595,strict,True,0.6353583195803,0.0,0.36464168041970013,0.00028560065288784535
low_friction_train:low_friction:27215,33,low_friction_train,low_friction,27215,efficient,cost_energy,decision_time_s,6.956,0.029126213592229618,cost_stability,0.010013427387993724,0.9277617618428038,2,balanced,0.580985353249129,0.2049203389171663,0.009616030793532584,0.580985353249129,6.956,172.62236729731595,strict,True,0.6353583195803,0.0,0.36464168041970013,0.00028560065288784535
low_friction_train:low_friction:27215,33,low_friction_train,low_friction,27215,efficient,cost_energy,decision_time_s,6.956,0.029126213592229618,cost_stability,0.01005749909239427,1.0,2,balanced,0.580985353249129,0.2049203389171663,0.009616030793532584,0.580985353249129,6.956,172.62236729731595,strict,True,0.6353583195803,0.0,0.36464168041970013,0.00028560065288784535
low_friction_train:low_friction:27215,33,low_friction_train,low_friction,27215,efficient,cost_energy,decision_time_s,7.134000000000001,0.8932038834951408,cost_stability,0.009447410785635699,0.0,1,motion,0.5893370276013766,0.2005766987503753,0.009447410785635699,0.5893370276013766,6.950000000000001,175.1038167684922,strict,True,1.0,-0.0,0.0,0.004343640166791007
low_friction_train:low_friction:27215,33,low_friction_train,low_friction,27215,efficient,cost_energy,decision_time_s,7.134000000000001,0.8932038834951408,cost_stability,0.009616030793532584,0.2763862313519365,2,balanced,0.580985353249129,0.2049203389171663,0.009616030793532584,0.580985353249129,6.956,172.62236729731595,strict,True,0.6353583195803,0.0,0.36464168041970013,0.00028560065288784535
low_friction_train:low_friction:27215,33,low_friction_train,low_friction,27215,efficient,cost_energy,decision_time_s,7.134000000000001,0.8932038834951408,cost_stability,0.010013427387993724,0.9277617618428038,2,balanced,0.580985353249129,0.2049203389171663,0.009616030793532584,0.580985353249129,6.956,172.62236729731595,strict,True,0.6353583195803,0.0,0.36464168041970013,0.00028560065288784535
low_friction_train:low_friction:27215,33,low_friction_train,low_friction,27215,efficient,cost_energy,decision_time_s,7.134000000000001,0.8932038834951408,cost_stability,0.01005749909239427,1.0,3,stability,0.5736019415550899,0.20960730091712854,0.01005749909239427,0.5736019415550899,7.134000000000001,175.4412141441164,strict,True,0.0,0.0,1.0,0.004031025625775175
low_friction_train:low_friction:27215,33,low_friction_train,low_friction,27215,efficient,cost_energy,decision_time_s,7.156000000000002,1.0,cost_stability,0.009447410785635699,0.0,1,motion,0.5893370276013766,0.2005766987503753,0.009447410785635699,0.5893370276013766,6.950000000000001,175.1038167684922,strict,True,1.0,-0.0,0.0,0.004343640166791007
low_friction_train:low_friction:27215,33,low_friction_train,low_friction,27215,efficient,cost_energy,decision_time_s,7.156000000000002,1.0,cost_stability,0.009616030793532584,0.2763862313519365,2,balanced,0.580985353249129,0.2049203389171663,0.009616030793532584,0.580985353249129,6.956,172.62236729731595,strict,True,0.6353583195803,0.0,0.36464168041970013,0.00028560065288784535
low_friction_train:low_friction:27215,33,low_friction_train,low_friction,27215,efficient,cost_energy,decision_time_s,7.156000000000002,1.0,cost_stability,0.010013427387993724,0.9277617618428038,3,energy,0.5776329671808651,0.20816253871366877,0.010013427387993724,0.5776329671808651,7.156000000000002,176.67413889349,unsupported,False,0.0,0.9435814607684446,0.05641853923155536,-0.00018583933419437918
low_friction_train:low_friction:27215,33,low_friction_train,low_friction,27215,efficient,cost_energy,decision_time_s,7.156000000000002,1.0,cost_stability,0.01005749909239427,1.0,4,stability,0.5736019415550899,0.20960730091712854,0.01005749909239427,0.5736019415550899,7.134000000000001,175.4412141441164,strict,True,0.0,0.0,1.0,0.004031025625775175
low_friction_train:low_friction:27216,34,low_friction_train,low_friction,27216,fast,decision_time_s,cost_stability,0.009799896652995055,0.0,cost_energy,0.5783154597530307,0.3550684274394364,1,balanced,6.9879999999999995,0.205565331759873,0.009799896652995055,0.5783154597530307,6.9879999999999995,171.82908854570752,strict,True,0.5557822888973808,0.0,0.4442177111026191,0.0005902359312685149
low_friction_train:low_friction:27216,34,low_friction_train,low_friction,27216,fast,decision_time_s,cost_stability,0.009799896652995055,0.0,cost_energy,0.5853108243474187,1.0,1,balanced,6.9879999999999995,0.205565331759873,0.009799896652995055,0.5783154597530307,6.9879999999999995,171.82908854570752,strict,True,0.5557822888973808,0.0,0.4442177111026191,0.0005902359312685149
low_friction_train:low_friction:27216,34,low_friction_train,low_friction,27216,fast,decision_time_s,cost_stability,0.009973333613470133,0.5942719721458094,cost_energy,0.5783154597530307,0.3550684274394364,1,balanced,6.9879999999999995,0.205565331759873,0.009799896652995055,0.5783154597530307,6.9879999999999995,171.82908854570752,strict,True,0.5557822888973808,0.0,0.4442177111026191,0.0005902359312685149
low_friction_train:low_friction:27216,34,low_friction_train,low_friction,27216,fast,decision_time_s,cost_stability,0.009973333613470133,0.5942719721458094,cost_energy,0.5853108243474187,1.0,2,motion,6.947999999999998,0.2010361681512723,0.009973333613470133,0.5853108243474187,6.947999999999998,173.90755126363644,strict,True,1.0,0.0,0.0,0.0045291636086007
low_friction_train:low_friction:27216,34,low_friction_train,low_friction,27216,fast,decision_time_s,cost_stability,0.010028013122010352,0.7816282270475932,cost_energy,0.5774709486973251,0.2772094629991928,1,energy,7.167999999999999,0.20855412258786274,0.010028013122010352,0.5774709486973251,7.167999999999999,176.62458411097143,unsupported,False,0.0,0.9295591386772997,0.07044086132270032,-0.0001525596622955215
low_friction_train:low_friction:27216,34,low_friction_train,low_friction,27216,fast,decision_time_s,cost_stability,0.010028013122010352,0.7816282270475932,cost_energy,0.5783154597530307,0.3550684274394364,2,balanced,6.9879999999999995,0.205565331759873,0.009799896652995055,0.5783154597530307,6.9879999999999995,171.82908854570752,strict,True,0.5557822888973808,0.0,0.4442177111026191,0.0005902359312685149
low_friction_train:low_friction:27216,34,low_friction_train,low_friction,27216,fast,decision_time_s,cost_stability,0.010028013122010352,0.7816282270475932,cost_energy,0.5853108243474187,1.0,3,motion,6.947999999999998,0.2010361681512723,0.009973333613470133,0.5853108243474187,6.947999999999998,173.90755126363644,strict,True,1.0,0.0,0.0,0.0045291636086007
low_friction_train:low_friction:27216,34,low_friction_train,low_friction,27216,fast,decision_time_s,cost_stability,0.01009174444088387,1.0,cost_energy,0.5744641471307732,0.0,1,stability,7.153999999999999,0.209705545032292,0.01009174444088387,0.5744641471307732,7.153999999999999,175.70492732582147,strict,True,0.0,0.0,1.0,0.0030068015665518644
low_friction_train:low_friction:27216,34,low_friction_train,low_friction,27216,fast,decision_time_s,cost_stability,0.01009174444088387,1.0,cost_energy,0.5774709486973251,0.2772094629991928,2,stability,7.153999999999999,0.209705545032292,0.01009174444088387,0.5744641471307732,7.153999999999999,175.70492732582147,strict,True,0.0,0.0,1.0,0.0030068015665518644
low_friction_train:low_friction:27216,34,low_friction_train,low_friction,27216,fast,decision_time_s,cost_stability,0.01009174444088387,1.0,cost_energy,0.5783154597530307,0.3550684274394364,3,balanced,6.9879999999999995,0.205565331759873,0.009799896652995055,0.5783154597530307,6.9879999999999995,171.82908854570752,strict,True,0.5557822888973808,0.0,0.4442177111026191,0.0005902359312685149
low_friction_train:low_friction:27216,34,low_friction_train,low_friction,27216,fast,decision_time_s,cost_stability,0.01009174444088387,1.0,cost_energy,0.5853108243474187,1.0,4,motion,6.947999999999998,0.2010361681512723,0.009973333613470133,0.5853108243474187,6.947999999999998,173.90755126363644,strict,True,1.0,0.0,0.0,0.0045291636086007
low_friction_train:low_friction:27216,34,low_friction_train,low_friction,27216,stable,cost_stability,decision_time_s,6.947999999999998,0.0,cost_energy,0.5853108243474187,1.0,1,motion,0.009973333613470133,0.2010361681512723,0.009973333613470133,0.5853108243474187,6.947999999999998,173.90755126363644,strict,True,1.0,0.0,0.0,0.0045291636086007
low_friction_train:low_friction:27216,34,low_friction_train,low_friction,27216,stable,cost_stability,decision_time_s,6.9879999999999995,0.1818181818181888,cost_energy,0.5783154597530307,0.3550684274394364,1,balanced,0.009799896652995055,0.205565331759873,0.009799896652995055,0.5783154597530307,6.9879999999999995,171.82908854570752,strict,True,0.5557822888973808,0.0,0.4442177111026191,0.0005902359312685149
low_friction_train:low_friction:27216,34,low_friction_train,low_friction,27216,stable,cost_stability,decision_time_s,6.9879999999999995,0.1818181818181888,cost_energy,0.5853108243474187,1.0,2,balanced,0.009799896652995055,0.205565331759873,0.009799896652995055,0.5783154597530307,6.9879999999999995,171.82908854570752,strict,True,0.5557822888973808,0.0,0.4442177111026191,0.0005902359312685149
low_friction_train:low_friction:27216,34,low_friction_train,low_friction,27216,stable,cost_stability,decision_time_s,7.153999999999999,0.9363636363636357,cost_energy,0.5744641471307732,0.0,1,stability,0.01009174444088387,0.209705545032292,0.01009174444088387,0.5744641471307732,7.153999999999999,175.70492732582147,strict,True,0.0,0.0,1.0,0.0030068015665518644
low_friction_train:low_friction:27216,34,low_friction_train,low_friction,27216,stable,cost_stability,decision_time_s,7.153999999999999,0.9363636363636357,cost_energy,0.5774709486973251,0.2772094629991928,1,stability,0.01009174444088387,0.209705545032292,0.01009174444088387,0.5744641471307732,7.153999999999999,175.70492732582147,strict,True,0.0,0.0,1.0,0.0030068015665518644
low_friction_train:low_friction:27216,34,low_friction_train,low_friction,27216,stable,cost_stability,decision_time_s,7.153999999999999,0.9363636363636357,cost_energy,0.5783154597530307,0.3550684274394364,2,balanced,0.009799896652995055,0.205565331759873,0.009799896652995055,0.5783154597530307,6.9879999999999995,171.82908854570752,strict,True,0.5557822888973808,0.0,0.4442177111026191,0.0005902359312685149
low_friction_train:low_friction:27216,34,low_friction_train,low_friction,27216,stable,cost_stability,decision_time_s,7.153999999999999,0.9363636363636357,cost_energy,0.5853108243474187,1.0,3,balanced,0.009799896652995055,0.205565331759873,0.009799896652995055,0.5783154597530307,6.9879999999999995,171.82908854570752,strict,True,0.5557822888973808,0.0,0.4442177111026191,0.0005902359312685149
low_friction_train:low_friction:27216,34,low_friction_train,low_friction,27216,stable,cost_stability,decision_time_s,7.167999999999999,1.0,cost_energy,0.5744641471307732,0.0,1,stability,0.01009174444088387,0.209705545032292,0.01009174444088387,0.5744641471307732,7.153999999999999,175.70492732582147,strict,True,0.0,0.0,1.0,0.0030068015665518644
low_friction_train:low_friction:27216,34,low_friction_train,low_friction,27216,stable,cost_stability,decision_time_s,7.167999999999999,1.0,cost_energy,0.5774709486973251,0.2772094629991928,2,energy,0.010028013122010352,0.20855412258786274,0.010028013122010352,0.5774709486973251,7.167999999999999,176.62458411097143,unsupported,False,0.0,0.9295591386772997,0.07044086132270032,-0.0001525596622955215
low_friction_train:low_friction:27216,34,low_friction_train,low_friction,27216,stable,cost_stability,decision_time_s,7.167999999999999,1.0,cost_energy,0.5783154597530307,0.3550684274394364,3,balanced,0.009799896652995055,0.205565331759873,0.009799896652995055,0.5783154597530307,6.9879999999999995,171.82908854570752,strict,True,0.5557822888973808,0.0,0.4442177111026191,0.0005902359312685149
low_friction_train:low_friction:27216,34,low_friction_train,low_friction,27216,stable,cost_stability,decision_time_s,7.167999999999999,1.0,cost_energy,0.5853108243474187,1.0,4,balanced,0.009799896652995055,0.205565331759873,0.009799896652995055,0.5783154597530307,6.9879999999999995,171.82908854570752,strict,True,0.5557822888973808,0.0,0.4442177111026191,0.0005902359312685149
low_friction_train:low_friction:27216,34,low_friction_train,low_friction,27216,efficient,cost_energy,decision_time_s,6.947999999999998,0.0,cost_stability,0.009973333613470133,0.5942719721458094,1,motion,0.5853108243474187,0.2010361681512723,0.009973333613470133,0.5853108243474187,6.947999999999998,173.90755126363644,strict,True,1.0,0.0,0.0,0.0045291636086007
low_friction_train:low_friction:27216,34,low_friction_train,low_friction,27216,efficient,cost_energy,decision_time_s,6.947999999999998,0.0,cost_stability,0.010028013122010352,0.7816282270475932,1,motion,0.5853108243474187,0.2010361681512723,0.009973333613470133,0.5853108243474187,6.947999999999998,173.90755126363644,strict,True,1.0,0.0,0.0,0.0045291636086007
low_friction_train:low_friction:27216,34,low_friction_train,low_friction,27216,efficient,cost_energy,decision_time_s,6.947999999999998,0.0,cost_stability,0.01009174444088387,1.0,1,motion,0.5853108243474187,0.2010361681512723,0.009973333613470133,0.5853108243474187,6.947999999999998,173.90755126363644,strict,True,1.0,0.0,0.0,0.0045291636086007
low_friction_train:low_friction:27216,34,low_friction_train,low_friction,27216,efficient,cost_energy,decision_time_s,6.9879999999999995,0.1818181818181888,cost_stability,0.009799896652995055,0.0,1,balanced,0.5783154597530307,0.205565331759873,0.009799896652995055,0.5783154597530307,6.9879999999999995,171.82908854570752,strict,True,0.5557822888973808,0.0,0.4442177111026191,0.0005902359312685149
low_friction_train:low_friction:27216,34,low_friction_train,low_friction,27216,efficient,cost_energy,decision_time_s,6.9879999999999995,0.1818181818181888,cost_stability,0.009973333613470133,0.5942719721458094,2,balanced,0.5783154597530307,0.205565331759873,0.009799896652995055,0.5783154597530307,6.9879999999999995,171.82908854570752,strict,True,0.5557822888973808,0.0,0.4442177111026191,0.0005902359312685149
low_friction_train:low_friction:27216,34,low_friction_train,low_friction,27216,efficient,cost_energy,decision_time_s,6.9879999999999995,0.1818181818181888,cost_stability,0.010028013122010352,0.7816282270475932,2,balanced,0.5783154597530307,0.205565331759873,0.009799896652995055,0.5783154597530307,6.9879999999999995,171.82908854570752,strict,True,0.5557822888973808,0.0,0.4442177111026191,0.0005902359312685149
low_friction_train:low_friction:27216,34,low_friction_train,low_friction,27216,efficient,cost_energy,decision_time_s,6.9879999999999995,0.1818181818181888,cost_stability,0.01009174444088387,1.0,2,balanced,0.5783154597530307,0.205565331759873,0.009799896652995055,0.5783154597530307,6.9879999999999995,171.82908854570752,strict,True,0.5557822888973808,0.0,0.4442177111026191,0.0005902359312685149
low_friction_train:low_friction:27216,34,low_friction_train,low_friction,27216,efficient,cost_energy,decision_time_s,7.153999999999999,0.9363636363636357,cost_stability,0.009799896652995055,0.0,1,balanced,0.5783154597530307,0.205565331759873,0.009799896652995055,0.5783154597530307,6.9879999999999995,171.82908854570752,strict,True,0.5557822888973808,0.0,0.4442177111026191,0.0005902359312685149
low_friction_train:low_friction:27216,34,low_friction_train,low_friction,27216,efficient,cost_energy,decision_time_s,7.153999999999999,0.9363636363636357,cost_stability,0.009973333613470133,0.5942719721458094,2,balanced,0.5783154597530307,0.205565331759873,0.009799896652995055,0.5783154597530307,6.9879999999999995,171.82908854570752,strict,True,0.5557822888973808,0.0,0.4442177111026191,0.0005902359312685149
low_friction_train:low_friction:27216,34,low_friction_train,low_friction,27216,efficient,cost_energy,decision_time_s,7.153999999999999,0.9363636363636357,cost_stability,0.010028013122010352,0.7816282270475932,2,balanced,0.5783154597530307,0.205565331759873,0.009799896652995055,0.5783154597530307,6.9879999999999995,171.82908854570752,strict,True,0.5557822888973808,0.0,0.4442177111026191,0.0005902359312685149
low_friction_train:low_friction:27216,34,low_friction_train,low_friction,27216,efficient,cost_energy,decision_time_s,7.153999999999999,0.9363636363636357,cost_stability,0.01009174444088387,1.0,3,stability,0.5744641471307732,0.209705545032292,0.01009174444088387,0.5744641471307732,7.153999999999999,175.70492732582147,strict,True,0.0,0.0,1.0,0.0030068015665518644
low_friction_train:low_friction:27216,34,low_friction_train,low_friction,27216,efficient,cost_energy,decision_time_s,7.167999999999999,1.0,cost_stability,0.009799896652995055,0.0,1,balanced,0.5783154597530307,0.205565331759873,0.009799896652995055,0.5783154597530307,6.9879999999999995,171.82908854570752,strict,True,0.5557822888973808,0.0,0.4442177111026191,0.0005902359312685149
low_friction_train:low_friction:27216,34,low_friction_train,low_friction,27216,efficient,cost_energy,decision_time_s,7.167999999999999,1.0,cost_stability,0.009973333613470133,0.5942719721458094,2,balanced,0.5783154597530307,0.205565331759873,0.009799896652995055,0.5783154597530307,6.9879999999999995,171.82908854570752,strict,True,0.5557822888973808,0.0,0.4442177111026191,0.0005902359312685149
low_friction_train:low_friction:27216,34,low_friction_train,low_friction,27216,efficient,cost_energy,decision_time_s,7.167999999999999,1.0,cost_stability,0.010028013122010352,0.7816282270475932,3,energy,0.5774709486973251,0.20855412258786274,0.010028013122010352,0.5774709486973251,7.167999999999999,176.62458411097143,unsupported,False,0.0,0.9295591386772997,0.07044086132270032,-0.0001525596622955215
low_friction_train:low_friction:27216,34,low_friction_train,low_friction,27216,efficient,cost_energy,decision_time_s,7.167999999999999,1.0,cost_stability,0.01009174444088387,1.0,4,stability,0.5744641471307732,0.209705545032292,0.01009174444088387,0.5744641471307732,7.153999999999999,175.70492732582147,strict,True,0.0,0.0,1.0,0.0030068015665518644
low_friction_train:low_friction:27217,35,low_friction_train,low_friction,27217,fast,decision_time_s,cost_stability,0.009315531641802549,0.0,cost_energy,0.5838351191857889,1.0,1,motion,6.934000000000001,0.2003197233281753,0.009315531641802549,0.5838351191857889,6.934000000000001,173.46908974819763,strict,True,1.0,-0.0,0.0,0.004142573396036964
low_friction_train:low_friction:27217,35,low_friction_train,low_friction,27217,fast,decision_time_s,cost_stability,0.009721646411728683,0.5922715295632073,cost_energy,0.5793847512903714,0.6323526988806253,1,balanced,6.942,0.20446229672421226,0.009721646411728683,0.5793847512903714,6.942,172.14679644569927,unsupported,False,0.0,0.9463914332258734,0.05360856677412663,-0.00014576569467366994
low_friction_train:low_friction:27217,35,low_friction_train,low_friction,27217,fast,decision_time_s,cost_stability,0.009721646411728683,0.5922715295632073,cost_energy,0.5838351191857889,1.0,2,motion,6.934000000000001,0.2003197233281753,0.009315531641802549,0.5838351191857889,6.934000000000001,173.46908974819763,strict,True,1.0,-0.0,0.0,0.004142573396036964
low_friction_train:low_friction:27217,35,low_friction_train,low_friction,27217,fast,decision_time_s,cost_stability,0.00997510311228036,0.9619088804556382,cost_energy,0.5771429053391489,0.44715259119042583,1,energy,7.160000000000003,0.20820929495731683,0.00997510311228036,0.5771429053391489,7.160000000000003,176.5242491558729,unsupported,False,0.0,0.9463914332258733,0.053608566774126676,-0.00026545279639605805
low_friction_train:low_friction:27217,35,low_friction_train,low_friction,27217,fast,decision_time_s,cost_stability,0.00997510311228036,0.9619088804556382,cost_energy,0.5793847512903714,0.6323526988806253,2,balanced,6.942,0.20446229672421226,0.009721646411728683,0.5793847512903714,6.942,172.14679644569927,unsupported,False,0.0,0.9463914332258734,0.05360856677412663,-0.00014576569467366994
low_friction_train:low_friction:27217,35,low_friction_train,low_friction,27217,fast,decision_time_s,cost_stability,0.00997510311228036,0.9619088804556382,cost_energy,0.5838351191857889,1.0,3,motion,6.934000000000001,0.2003197233281753,0.009315531641802549,0.5838351191857889,6.934000000000001,173.46908974819763,strict,True,1.0,-0.0,0.0,0.004142573396036964
low_friction_train:low_friction:27217,35,low_friction_train,low_friction,27217,fast,decision_time_s,cost_stability,0.010001221818782081,1.0,cost_energy,0.5717301264879845,0.0,1,stability,7.163999999999999,0.20979911863875625,0.010001221818782081,0.5717301264879845,7.163999999999999,174.86870299267932,strict,True,0.0,0.0,1.0,0.005412778851164424
low_friction_train:low_friction:27217,35,low_friction_train,low_friction,27217,fast,decision_time_s,cost_stability,0.010001221818782081,1.0,cost_energy,0.5771429053391489,0.44715259119042583,2,energy,7.160000000000003,0.20820929495731683,0.00997510311228036,0.5771429053391489,7.160000000000003,176.5242491558729,unsupported,False,0.0,0.9463914332258733,0.053608566774126676,-0.00026545279639605805
low_friction_train:low_friction:27217,35,low_friction_train,low_friction,27217,fast,decision_time_s,cost_stability,0.010001221818782081,1.0,cost_energy,0.5793847512903714,0.6323526988806253,3,balanced,6.942,0.20446229672421226,0.009721646411728683,0.5793847512903714,6.942,172.14679644569927,unsupported,False,0.0,0.9463914332258734,0.05360856677412663,-0.00014576569467366994
low_friction_train:low_friction:27217,35,low_friction_train,low_friction,27217,fast,decision_time_s,cost_stability,0.010001221818782081,1.0,cost_energy,0.5838351191857889,1.0,4,motion,6.934000000000001,0.2003197233281753,0.009315531641802549,0.5838351191857889,6.934000000000001,173.46908974819763,strict,True,1.0,-0.0,0.0,0.004142573396036964
low_friction_train:low_friction:27217,35,low_friction_train,low_friction,27217,stable,cost_stability,decision_time_s,6.934000000000001,0.0,cost_energy,0.5838351191857889,1.0,1,motion,0.009315531641802549,0.2003197233281753,0.009315531641802549,0.5838351191857889,6.934000000000001,173.46908974819763,strict,True,1.0,-0.0,0.0,0.004142573396036964
low_friction_train:low_friction:27217,35,low_friction_train,low_friction,27217,stable,cost_stability,decision_time_s,6.942,0.034782608695648684,cost_energy,0.5793847512903714,0.6323526988806253,1,balanced,0.009721646411728683,0.20446229672421226,0.009721646411728683,0.5793847512903714,6.942,172.14679644569927,unsupported,False,0.0,0.9463914332258734,0.05360856677412663,-0.00014576569467366994
low_friction_train:low_friction:27217,35,low_friction_train,low_friction,27217,stable,cost_stability,decision_time_s,6.942,0.034782608695648684,cost_energy,0.5838351191857889,1.0,2,motion,0.009315531641802549,0.2003197233281753,0.009315531641802549,0.5838351191857889,6.934000000000001,173.46908974819763,strict,True,1.0,-0.0,0.0,0.004142573396036964
low_friction_train:low_friction:27217,35,low_friction_train,low_friction,27217,stable,cost_stability,decision_time_s,7.160000000000003,0.9826086956521911,cost_energy,0.5771429053391489,0.44715259119042583,1,energy,0.00997510311228036,0.20820929495731683,0.00997510311228036,0.5771429053391489,7.160000000000003,176.5242491558729,unsupported,False,0.0,0.9463914332258733,0.053608566774126676,-0.00026545279639605805
low_friction_train:low_friction:27217,35,low_friction_train,low_friction,27217,stable,cost_stability,decision_time_s,7.160000000000003,0.9826086956521911,cost_energy,0.5793847512903714,0.6323526988806253,2,balanced,0.009721646411728683,0.20446229672421226,0.009721646411728683,0.5793847512903714,6.942,172.14679644569927,unsupported,False,0.0,0.9463914332258734,0.05360856677412663,-0.00014576569467366994
low_friction_train:low_friction:27217,35,low_friction_train,low_friction,27217,stable,cost_stability,decision_time_s,7.160000000000003,0.9826086956521911,cost_energy,0.5838351191857889,1.0,3,motion,0.009315531641802549,0.2003197233281753,0.009315531641802549,0.5838351191857889,6.934000000000001,173.46908974819763,strict,True,1.0,-0.0,0.0,0.004142573396036964
low_friction_train:low_friction:27217,35,low_friction_train,low_friction,27217,stable,cost_stability,decision_time_s,7.163999999999999,1.0,cost_energy,0.5717301264879845,0.0,1,stability,0.010001221818782081,0.20979911863875625,0.010001221818782081,0.5717301264879845,7.163999999999999,174.86870299267932,strict,True,0.0,0.0,1.0,0.005412778851164424
low_friction_train:low_friction:27217,35,low_friction_train,low_friction,27217,stable,cost_stability,decision_time_s,7.163999999999999,1.0,cost_energy,0.5771429053391489,0.44715259119042583,2,energy,0.00997510311228036,0.20820929495731683,0.00997510311228036,0.5771429053391489,7.160000000000003,176.5242491558729,unsupported,False,0.0,0.9463914332258733,0.053608566774126676,-0.00026545279639605805
low_friction_train:low_friction:27217,35,low_friction_train,low_friction,27217,stable,cost_stability,decision_time_s,7.163999999999999,1.0,cost_energy,0.5793847512903714,0.6323526988806253,3,balanced,0.009721646411728683,0.20446229672421226,0.009721646411728683,0.5793847512903714,6.942,172.14679644569927,unsupported,False,0.0,0.9463914332258734,0.05360856677412663,-0.00014576569467366994
low_friction_train:low_friction:27217,35,low_friction_train,low_friction,27217,stable,cost_stability,decision_time_s,7.163999999999999,1.0,cost_energy,0.5838351191857889,1.0,4,motion,0.009315531641802549,0.2003197233281753,0.009315531641802549,0.5838351191857889,6.934000000000001,173.46908974819763,strict,True,1.0,-0.0,0.0,0.004142573396036964
low_friction_train:low_friction:27217,35,low_friction_train,low_friction,27217,efficient,cost_energy,decision_time_s,6.934000000000001,0.0,cost_stability,0.009315531641802549,0.0,1,motion,0.5838351191857889,0.2003197233281753,0.009315531641802549,0.5838351191857889,6.934000000000001,173.46908974819763,strict,True,1.0,-0.0,0.0,0.004142573396036964
low_friction_train:low_friction:27217,35,low_friction_train,low_friction,27217,efficient,cost_energy,decision_time_s,6.934000000000001,0.0,cost_stability,0.009721646411728683,0.5922715295632073,1,motion,0.5838351191857889,0.2003197233281753,0.009315531641802549,0.5838351191857889,6.934000000000001,173.46908974819763,strict,True,1.0,-0.0,0.0,0.004142573396036964
low_friction_train:low_friction:27217,35,low_friction_train,low_friction,27217,efficient,cost_energy,decision_time_s,6.934000000000001,0.0,cost_stability,0.00997510311228036,0.9619088804556382,1,motion,0.5838351191857889,0.2003197233281753,0.009315531641802549,0.5838351191857889,6.934000000000001,173.46908974819763,strict,True,1.0,-0.0,0.0,0.004142573396036964
low_friction_train:low_friction:27217,35,low_friction_train,low_friction,27217,efficient,cost_energy,decision_time_s,6.934000000000001,0.0,cost_stability,0.010001221818782081,1.0,1,motion,0.5838351191857889,0.2003197233281753,0.009315531641802549,0.5838351191857889,6.934000000000001,173.46908974819763,strict,True,1.0,-0.0,0.0,0.004142573396036964
low_friction_train:low_friction:27217,35,low_friction_train,low_friction,27217,efficient,cost_energy,decision_time_s,6.942,0.034782608695648684,cost_stability,0.009315531641802549,0.0,1,motion,0.5838351191857889,0.2003197233281753,0.009315531641802549,0.5838351191857889,6.934000000000001,173.46908974819763,strict,True,1.0,-0.0,0.0,0.004142573396036964
low_friction_train:low_friction:27217,35,low_friction_train,low_friction,27217,efficient,cost_energy,decision_time_s,6.942,0.034782608695648684,cost_stability,0.009721646411728683,0.5922715295632073,2,balanced,0.5793847512903714,0.20446229672421226,0.009721646411728683,0.5793847512903714,6.942,172.14679644569927,unsupported,False,0.0,0.9463914332258734,0.05360856677412663,-0.00014576569467366994
low_friction_train:low_friction:27217,35,low_friction_train,low_friction,27217,efficient,cost_energy,decision_time_s,6.942,0.034782608695648684,cost_stability,0.00997510311228036,0.9619088804556382,2,balanced,0.5793847512903714,0.20446229672421226,0.009721646411728683,0.5793847512903714,6.942,172.14679644569927,unsupported,False,0.0,0.9463914332258734,0.05360856677412663,-0.00014576569467366994
low_friction_train:low_friction:27217,35,low_friction_train,low_friction,27217,efficient,cost_energy,decision_time_s,6.942,0.034782608695648684,cost_stability,0.010001221818782081,1.0,2,balanced,0.5793847512903714,0.20446229672421226,0.009721646411728683,0.5793847512903714,6.942,172.14679644569927,unsupported,False,0.0,0.9463914332258734,0.05360856677412663,-0.00014576569467366994
low_friction_train:low_friction:27217,35,low_friction_train,low_friction,27217,efficient,cost_energy,decision_time_s,7.160000000000003,0.9826086956521911,cost_stability,0.009315531641802549,0.0,1,motion,0.5838351191857889,0.2003197233281753,0.009315531641802549,0.5838351191857889,6.934000000000001,173.46908974819763,strict,True,1.0,-0.0,0.0,0.004142573396036964
low_friction_train:low_friction:27217,35,low_friction_train,low_friction,27217,efficient,cost_energy,decision_time_s,7.160000000000003,0.9826086956521911,cost_stability,0.009721646411728683,0.5922715295632073,2,balanced,0.5793847512903714,0.20446229672421226,0.009721646411728683,0.5793847512903714,6.942,172.14679644569927,unsupported,False,0.0,0.9463914332258734,0.05360856677412663,-0.00014576569467366994
low_friction_train:low_friction:27217,35,low_friction_train,low_friction,27217,efficient,cost_energy,decision_time_s,7.160000000000003,0.9826086956521911,cost_stability,0.00997510311228036,0.9619088804556382,3,energy,0.5771429053391489,0.20820929495731683,0.00997510311228036,0.5771429053391489,7.160000000000003,176.5242491558729,unsupported,False,0.0,0.9463914332258733,0.053608566774126676,-0.00026545279639605805
low_friction_train:low_friction:27217,35,low_friction_train,low_friction,27217,efficient,cost_energy,decision_time_s,7.160000000000003,0.9826086956521911,cost_stability,0.010001221818782081,1.0,3,energy,0.5771429053391489,0.20820929495731683,0.00997510311228036,0.5771429053391489,7.160000000000003,176.5242491558729,unsupported,False,0.0,0.9463914332258733,0.053608566774126676,-0.00026545279639605805
low_friction_train:low_friction:27217,35,low_friction_train,low_friction,27217,efficient,cost_energy,decision_time_s,7.163999999999999,1.0,cost_stability,0.009315531641802549,0.0,1,motion,0.5838351191857889,0.2003197233281753,0.009315531641802549,0.5838351191857889,6.934000000000001,173.46908974819763,strict,True,1.0,-0.0,0.0,0.004142573396036964
low_friction_train:low_friction:27217,35,low_friction_train,low_friction,27217,efficient,cost_energy,decision_time_s,7.163999999999999,1.0,cost_stability,0.009721646411728683,0.5922715295632073,2,balanced,0.5793847512903714,0.20446229672421226,0.009721646411728683,0.5793847512903714,6.942,172.14679644569927,unsupported,False,0.0,0.9463914332258734,0.05360856677412663,-0.00014576569467366994
low_friction_train:low_friction:27217,35,low_friction_train,low_friction,27217,efficient,cost_energy,decision_time_s,7.163999999999999,1.0,cost_stability,0.00997510311228036,0.9619088804556382,3,energy,0.5771429053391489,0.20820929495731683,0.00997510311228036,0.5771429053391489,7.160000000000003,176.5242491558729,unsupported,False,0.0,0.9463914332258733,0.053608566774126676,-0.00026545279639605805
low_friction_train:low_friction:27217,35,low_friction_train,low_friction,27217,efficient,cost_energy,decision_time_s,7.163999999999999,1.0,cost_stability,0.010001221818782081,1.0,4,stability,0.5717301264879845,0.20979911863875625,0.010001221818782081,0.5717301264879845,7.163999999999999,174.86870299267932,strict,True,0.0,0.0,1.0,0.005412778851164424
rough_train:rough_perlin:0,36,rough_train,rough_perlin,0,fast,decision_time_s,cost_stability,0.1314315718463249,0.0,cost_energy,0.6789299180066846,0.0,1,energy,7.5600000000000005,0.21989339014891546,0.1314315718463249,0.6789299180066846,7.5600000000000005,219.52280237130162,strict,True,0.0,-0.0,1.0,0.006028719004680605
rough_train:rough_perlin:0,36,rough_train,rough_perlin,0,fast,decision_time_s,cost_stability,0.1314315718463249,0.0,cost_energy,0.6849586370113652,0.20109193070343712,1,energy,7.5600000000000005,0.21989339014891546,0.1314315718463249,0.6789299180066846,7.5600000000000005,219.52280237130162,strict,True,0.0,-0.0,1.0,0.006028719004680605
rough_train:rough_perlin:0,36,rough_train,rough_perlin,0,fast,decision_time_s,cost_stability,0.1314315718463249,0.0,cost_energy,0.6854387068821252,0.21710498042572896,1,energy,7.5600000000000005,0.21989339014891546,0.1314315718463249,0.6789299180066846,7.5600000000000005,219.52280237130162,strict,True,0.0,-0.0,1.0,0.006028719004680605
rough_train:rough_perlin:0,36,rough_train,rough_perlin,0,fast,decision_time_s,cost_stability,0.1314315718463249,0.0,cost_energy,0.7089098330813055,1.0,1,energy,7.5600000000000005,0.21989339014891546,0.1314315718463249,0.6789299180066846,7.5600000000000005,219.52280237130162,strict,True,0.0,-0.0,1.0,0.006028719004680605
rough_train:rough_perlin:0,36,rough_train,rough_perlin,0,fast,decision_time_s,cost_stability,0.13334014312907722,0.41791420704511184,cost_energy,0.6789299180066846,0.0,1,energy,7.5600000000000005,0.21989339014891546,0.1314315718463249,0.6789299180066846,7.5600000000000005,219.52280237130162,strict,True,0.0,-0.0,1.0,0.006028719004680605
rough_train:rough_perlin:0,36,rough_train,rough_perlin,0,fast,decision_time_s,cost_stability,0.13334014312907722,0.41791420704511184,cost_energy,0.6849586370113652,0.20109193070343712,2,stability,7.354,0.21827155989486288,0.13334014312907722,0.6849586370113652,7.354,215.48637446276538,unsupported,False,0.31310489301396954,0.6631600467335433,0.023735060252487186,-0.0009009772417037854
rough_train:rough_perlin:0,36,rough_train,rough_perlin,0,fast,decision_time_s,cost_stability,0.13334014312907722,0.41791420704511184,cost_energy,0.6854387068821252,0.21710498042572896,2,stability,7.354,0.21827155989486288,0.13334014312907722,0.6849586370113652,7.354,215.48637446276538,unsupported,False,0.31310489301396954,0.6631600467335433,0.023735060252487186,-0.0009009772417037854
rough_train:rough_perlin:0,36,rough_train,rough_perlin,0,fast,decision_time_s,cost_stability,0.13334014312907722,0.41791420704511184,cost_energy,0.7089098330813055,1.0,2,stability,7.354,0.21827155989486288,0.13334014312907722,0.6849586370113652,7.354,215.48637446276538,unsupported,False,0.31310489301396954,0.6631600467335433,0.023735060252487186,-0.0009009772417037854
rough_train:rough_perlin:0,36,rough_train,rough_perlin,0,fast,decision_time_s,cost_stability,0.13358384499419315,0.47127688342808144,cost_energy,0.6789299180066846,0.0,1,energy,7.5600000000000005,0.21989339014891546,0.1314315718463249,0.6789299180066846,7.5600000000000005,219.52280237130162,strict,True,0.0,-0.0,1.0,0.006028719004680605
rough_train:rough_perlin:0,36,rough_train,rough_perlin,0,fast,decision_time_s,cost_stability,0.13358384499419315,0.47127688342808144,cost_energy,0.6849586370113652,0.20109193070343712,2,stability,7.354,0.21827155989486288,0.13334014312907722,0.6849586370113652,7.354,215.48637446276538,unsupported,False,0.31310489301396954,0.6631600467335433,0.023735060252487186,-0.0009009772417037854
rough_train:rough_perlin:0,36,rough_train,rough_perlin,0,fast,decision_time_s,cost_stability,0.13358384499419315,0.47127688342808144,cost_energy,0.6854387068821252,0.21710498042572896,3,stability,7.354,0.21827155989486288,0.13334014312907722,0.6849586370113652,7.354,215.48637446276538,unsupported,False,0.31310489301396954,0.6631600467335433,0.023735060252487186,-0.0009009772417037854
rough_train:rough_perlin:0,36,rough_train,rough_perlin,0,fast,decision_time_s,cost_stability,0.13358384499419315,0.47127688342808144,cost_energy,0.7089098330813055,1.0,3,stability,7.354,0.21827155989486288,0.13334014312907722,0.6849586370113652,7.354,215.48637446276538,unsupported,False,0.31310489301396954,0.6631600467335433,0.023735060252487186,-0.0009009772417037854
rough_train:rough_perlin:0,36,rough_train,rough_perlin,0,fast,decision_time_s,cost_stability,0.13599846919170827,1.0,cost_energy,0.6789299180066846,0.0,1,energy,7.5600000000000005,0.21989339014891546,0.1314315718463249,0.6789299180066846,7.5600000000000005,219.52280237130162,strict,True,0.0,-0.0,1.0,0.006028719004680605
rough_train:rough_perlin:0,36,rough_train,rough_perlin,0,fast,decision_time_s,cost_stability,0.13599846919170827,1.0,cost_energy,0.6849586370113652,0.20109193070343712,2,stability,7.354,0.21827155989486288,0.13334014312907722,0.6849586370113652,7.354,215.48637446276538,unsupported,False,0.31310489301396954,0.6631600467335433,0.023735060252487186,-0.0009009772417037854
rough_train:rough_perlin:0,36,rough_train,rough_perlin,0,fast,decision_time_s,cost_stability,0.13599846919170827,1.0,cost_energy,0.6854387068821252,0.21710498042572896,3,stability,7.354,0.21827155989486288,0.13334014312907722,0.6849586370113652,7.354,215.48637446276538,unsupported,False,0.31310489301396954,0.6631600467335433,0.023735060252487186,-0.0009009772417037854
rough_train:rough_perlin:0,36,rough_train,rough_perlin,0,fast,decision_time_s,cost_stability,0.13599846919170827,1.0,cost_energy,0.7089098330813055,1.0,4,motion,7.1720000000000015,0.20794800369503644,0.13599846919170827,0.7089098330813055,7.1720000000000015,216.8263264543748,strict,True,1.0,0.0,0.0,0.006893443502024893
rough_train:rough_perlin:0,36,rough_train,rough_perlin,0,stable,cost_stability,decision_time_s,7.1720000000000015,0.0,cost_energy,0.7089098330813055,1.0,1,motion,0.13599846919170827,0.20794800369503644,0.13599846919170827,0.7089098330813055,7.1720000000000015,216.8263264543748,strict,True,1.0,0.0,0.0,0.006893443502024893
rough_train:rough_perlin:0,36,rough_train,rough_perlin,0,stable,cost_stability,decision_time_s,7.354,0.4690721649484512,cost_energy,0.6849586370113652,0.20109193070343712,1,stability,0.13334014312907722,0.21827155989486288,0.13334014312907722,0.6849586370113652,7.354,215.48637446276538,unsupported,False,0.31310489301396954,0.6631600467335433,0.023735060252487186,-0.0009009772417037854
rough_train:rough_perlin:0,36,rough_train,rough_perlin,0,stable,cost_stability,decision_time_s,7.354,0.4690721649484512,cost_energy,0.6854387068821252,0.21710498042572896,1,stability,0.13334014312907722,0.21827155989486288,0.13334014312907722,0.6849586370113652,7.354,215.48637446276538,unsupported,False,0.31310489301396954,0.6631600467335433,0.023735060252487186,-0.0009009772417037854
rough_train:rough_perlin:0,36,rough_train,rough_perlin,0,stable,cost_stability,decision_time_s,7.354,0.4690721649484512,cost_energy,0.7089098330813055,1.0,2,stability,0.13334014312907722,0.21827155989486288,0.13334014312907722,0.6849586370113652,7.354,215.48637446276538,unsupported,False,0.31310489301396954,0.6631600467335433,0.023735060252487186,-0.0009009772417037854
rough_train:rough_perlin:0,36,rough_train,rough_perlin,0,stable,cost_stability,decision_time_s,7.362000000000001,0.4896907216494845,cost_energy,0.6849586370113652,0.20109193070343712,1,stability,0.13334014312907722,0.21827155989486288,0.13334014312907722,0.6849586370113652,7.354,215.48637446276538,unsupported,False,0.31310489301396954,0.6631600467335433,0.023735060252487186,-0.0009009772417037854
rough_train:rough_perlin:0,36,rough_train,rough_perlin,0,stable,cost_stability,decision_time_s,7.362000000000001,0.4896907216494845,cost_energy,0.6854387068821252,0.21710498042572896,2,stability,0.13334014312907722,0.21827155989486288,0.13334014312907722,0.6849586370113652,7.354,215.48637446276538,unsupported,False,0.31310489301396954,0.6631600467335433,0.023735060252487186,-0.0009009772417037854
rough_train:rough_perlin:0,36,rough_train,rough_perlin,0,stable,cost_stability,decision_time_s,7.362000000000001,0.4896907216494845,cost_energy,0.7089098330813055,1.0,3,stability,0.13334014312907722,0.21827155989486288,0.13334014312907722,0.6849586370113652,7.354,215.48637446276538,unsupported,False,0.31310489301396954,0.6631600467335433,0.023735060252487186,-0.0009009772417037854
rough_train:rough_perlin:0,36,rough_train,rough_perlin,0,stable,cost_stability,decision_time_s,7.5600000000000005,1.0,cost_energy,0.6789299180066846,0.0,1,energy,0.1314315718463249,0.21989339014891546,0.1314315718463249,0.6789299180066846,7.5600000000000005,219.52280237130162,strict,True,0.0,-0.0,1.0,0.006028719004680605
rough_train:rough_perlin:0,36,rough_train,rough_perlin,0,stable,cost_stability,decision_time_s,7.5600000000000005,1.0,cost_energy,0.6849586370113652,0.20109193070343712,2,energy,0.1314315718463249,0.21989339014891546,0.1314315718463249,0.6789299180066846,7.5600000000000005,219.52280237130162,strict,True,0.0,-0.0,1.0,0.006028719004680605
rough_train:rough_perlin:0,36,rough_train,rough_perlin,0,stable,cost_stability,decision_time_s,7.5600000000000005,1.0,cost_energy,0.6854387068821252,0.21710498042572896,3,energy,0.1314315718463249,0.21989339014891546,0.1314315718463249,0.6789299180066846,7.5600000000000005,219.52280237130162,strict,True,0.0,-0.0,1.0,0.006028719004680605
rough_train:rough_perlin:0,36,rough_train,rough_perlin,0,stable,cost_stability,decision_time_s,7.5600000000000005,1.0,cost_energy,0.7089098330813055,1.0,4,energy,0.1314315718463249,0.21989339014891546,0.1314315718463249,0.6789299180066846,7.5600000000000005,219.52280237130162,strict,True,0.0,-0.0,1.0,0.006028719004680605
rough_train:rough_perlin:0,36,rough_train,rough_perlin,0,efficient,cost_energy,decision_time_s,7.1720000000000015,0.0,cost_stability,0.13599846919170827,1.0,1,motion,0.7089098330813055,0.20794800369503644,0.13599846919170827,0.7089098330813055,7.1720000000000015,216.8263264543748,strict,True,1.0,0.0,0.0,0.006893443502024893
rough_train:rough_perlin:0,36,rough_train,rough_perlin,0,efficient,cost_energy,decision_time_s,7.354,0.4690721649484512,cost_stability,0.13334014312907722,0.41791420704511184,1,stability,0.6849586370113652,0.21827155989486288,0.13334014312907722,0.6849586370113652,7.354,215.48637446276538,unsupported,False,0.31310489301396954,0.6631600467335433,0.023735060252487186,-0.0009009772417037854
rough_train:rough_perlin:0,36,rough_train,rough_perlin,0,efficient,cost_energy,decision_time_s,7.354,0.4690721649484512,cost_stability,0.13358384499419315,0.47127688342808144,1,stability,0.6849586370113652,0.21827155989486288,0.13334014312907722,0.6849586370113652,7.354,215.48637446276538,unsupported,False,0.31310489301396954,0.6631600467335433,0.023735060252487186,-0.0009009772417037854
rough_train:rough_perlin:0,36,rough_train,rough_perlin,0,efficient,cost_energy,decision_time_s,7.354,0.4690721649484512,cost_stability,0.13599846919170827,1.0,2,stability,0.6849586370113652,0.21827155989486288,0.13334014312907722,0.6849586370113652,7.354,215.48637446276538,unsupported,False,0.31310489301396954,0.6631600467335433,0.023735060252487186,-0.0009009772417037854
rough_train:rough_perlin:0,36,rough_train,rough_perlin,0,efficient,cost_energy,decision_time_s,7.362000000000001,0.4896907216494845,cost_stability,0.13334014312907722,0.41791420704511184,1,stability,0.6849586370113652,0.21827155989486288,0.13334014312907722,0.6849586370113652,7.354,215.48637446276538,unsupported,False,0.31310489301396954,0.6631600467335433,0.023735060252487186,-0.0009009772417037854
rough_train:rough_perlin:0,36,rough_train,rough_perlin,0,efficient,cost_energy,decision_time_s,7.362000000000001,0.4896907216494845,cost_stability,0.13358384499419315,0.47127688342808144,2,stability,0.6849586370113652,0.21827155989486288,0.13334014312907722,0.6849586370113652,7.354,215.48637446276538,unsupported,False,0.31310489301396954,0.6631600467335433,0.023735060252487186,-0.0009009772417037854
rough_train:rough_perlin:0,36,rough_train,rough_perlin,0,efficient,cost_energy,decision_time_s,7.362000000000001,0.4896907216494845,cost_stability,0.13599846919170827,1.0,3,stability,0.6849586370113652,0.21827155989486288,0.13334014312907722,0.6849586370113652,7.354,215.48637446276538,unsupported,False,0.31310489301396954,0.6631600467335433,0.023735060252487186,-0.0009009772417037854
rough_train:rough_perlin:0,36,rough_train,rough_perlin,0,efficient,cost_energy,decision_time_s,7.5600000000000005,1.0,cost_stability,0.1314315718463249,0.0,1,energy,0.6789299180066846,0.21989339014891546,0.1314315718463249,0.6789299180066846,7.5600000000000005,219.52280237130162,strict,True,0.0,-0.0,1.0,0.006028719004680605
rough_train:rough_perlin:0,36,rough_train,rough_perlin,0,efficient,cost_energy,decision_time_s,7.5600000000000005,1.0,cost_stability,0.13334014312907722,0.41791420704511184,2,energy,0.6789299180066846,0.21989339014891546,0.1314315718463249,0.6789299180066846,7.5600000000000005,219.52280237130162,strict,True,0.0,-0.0,1.0,0.006028719004680605
rough_train:rough_perlin:0,36,rough_train,rough_perlin,0,efficient,cost_energy,decision_time_s,7.5600000000000005,1.0,cost_stability,0.13358384499419315,0.47127688342808144,3,energy,0.6789299180066846,0.21989339014891546,0.1314315718463249,0.6789299180066846,7.5600000000000005,219.52280237130162,strict,True,0.0,-0.0,1.0,0.006028719004680605
rough_train:rough_perlin:0,36,rough_train,rough_perlin,0,efficient,cost_energy,decision_time_s,7.5600000000000005,1.0,cost_stability,0.13599846919170827,1.0,4,energy,0.6789299180066846,0.21989339014891546,0.1314315718463249,0.6789299180066846,7.5600000000000005,219.52280237130162,strict,True,0.0,-0.0,1.0,0.006028719004680605
rough_train:rough_perlin:10,42,rough_train,rough_perlin,10,fast,decision_time_s,cost_stability,0.03269564074013188,0.0,cost_energy,0.6095237104005213,0.6486371214845597,1,balanced,7.364000000000002,0.2188763454225867,0.03269564074013188,0.6095237104005213,7.364000000000002,191.75472416317834,strict,True,0.07634142613380863,0.9236585738661914,0.0,0.002475785113051799
rough_train:rough_perlin:10,42,rough_train,rough_perlin,10,fast,decision_time_s,cost_stability,0.03269564074013188,0.0,cost_energy,0.6160649323925276,1.0,1,balanced,7.364000000000002,0.2188763454225867,0.03269564074013188,0.6095237104005213,7.364000000000002,191.75472416317834,strict,True,0.07634142613380863,0.9236585738661914,0.0,0.002475785113051799
rough_train:rough_perlin:10,42,rough_train,rough_perlin,10,fast,decision_time_s,cost_stability,0.03497832722705233,0.7059071805264723,cost_energy,0.6014428068471191,0.21456997974883046,1,stability,7.540000000000002,0.22368844006849134,0.03497832722705233,0.6014428068471191,7.540000000000002,194.4683934577193,unsupported,False,0.0,0.8174685614057231,0.18253143859427692,-0.00039100548785904216
rough_train:rough_perlin:10,42,rough_train,rough_perlin,10,fast,decision_time_s,cost_stability,0.03497832722705233,0.7059071805264723,cost_energy,0.6095237104005213,0.6486371214845597,2,balanced,7.364000000000002,0.2188763454225867,0.03269564074013188,0.6095237104005213,7.364000000000002,191.75472416317834,strict,True,0.07634142613380863,0.9236585738661914,0.0,0.002475785113051799
rough_train:rough_perlin:10,42,rough_train,rough_perlin,10,fast,decision_time_s,cost_stability,0.03497832722705233,0.7059071805264723,cost_energy,0.6160649323925276,1.0,2,balanced,7.364000000000002,0.2188763454225867,0.03269564074013188,0.6095237104005213,7.364000000000002,191.75472416317834,strict,True,0.07634142613380863,0.9236585738661914,0.0,0.002475785113051799
rough_train:rough_perlin:10,42,rough_train,rough_perlin,10,fast,decision_time_s,cost_stability,0.03539196071353908,0.8338208690203804,cost_energy,0.5974482190400987,0.0,1,energy,7.550000000000001,0.22504610150695503,0.03539196071353908,0.5974482190400987,7.550000000000001,193.1767975411777,strict,True,0.0,0.0,1.0,0.003994587807020444
rough_train:rough_perlin:10,42,rough_train,rough_perlin,10,fast,decision_time_s,cost_stability,0.03539196071353908,0.8338208690203804,cost_energy,0.6014428068471191,0.21456997974883046,2,stability,7.540000000000002,0.22368844006849134,0.03497832722705233,0.6014428068471191,7.540000000000002,194.4683934577193,unsupported,False,0.0,0.8174685614057231,0.18253143859427692,-0.00039100548785904216
rough_train:rough_perlin:10,42,rough_train,rough_perlin,10,fast,decision_time_s,cost_stability,0.03539196071353908,0.8338208690203804,cost_energy,0.6095237104005213,0.6486371214845597,3,balanced,7.364000000000002,0.2188763454225867,0.03269564074013188,0.6095237104005213,7.364000000000002,191.75472416317834,strict,True,0.07634142613380863,0.9236585738661914,0.0,0.002475785113051799
rough_train:rough_perlin:10,42,rough_train,rough_perlin,10,fast,decision_time_s,cost_stability,0.03539196071353908,0.8338208690203804,cost_energy,0.6160649323925276,1.0,3,balanced,7.364000000000002,0.2188763454225867,0.03269564074013188,0.6095237104005213,7.364000000000002,191.75472416317834,strict,True,0.07634142613380863,0.9236585738661914,0.0,0.002475785113051799
rough_train:rough_perlin:10,42,rough_train,rough_perlin,10,fast,decision_time_s,cost_stability,0.03592933285984938,1.0,cost_energy,0.5974482190400987,0.0,1,energy,7.550000000000001,0.22504610150695503,0.03539196071353908,0.5974482190400987,7.550000000000001,193.1767975411777,strict,True,0.0,0.0,1.0,0.003994587807020444
rough_train:rough_perlin:10,42,rough_train,rough_perlin,10,fast,decision_time_s,cost_stability,0.03592933285984938,1.0,cost_energy,0.6014428068471191,0.21456997974883046,2,stability,7.540000000000002,0.22368844006849134,0.03497832722705233,0.6014428068471191,7.540000000000002,194.4683934577193,unsupported,False,0.0,0.8174685614057231,0.18253143859427692,-0.00039100548785904216
rough_train:rough_perlin:10,42,rough_train,rough_perlin,10,fast,decision_time_s,cost_stability,0.03592933285984938,1.0,cost_energy,0.6095237104005213,0.6486371214845597,3,balanced,7.364000000000002,0.2188763454225867,0.03269564074013188,0.6095237104005213,7.364000000000002,191.75472416317834,strict,True,0.07634142613380863,0.9236585738661914,0.0,0.002475785113051799
rough_train:rough_perlin:10,42,rough_train,rough_perlin,10,fast,decision_time_s,cost_stability,0.03592933285984938,1.0,cost_energy,0.6160649323925276,1.0,4,motion,7.144000000000002,0.21218217733522252,0.03592933285984938,0.6160649323925276,7.144000000000002,188.42889450048608,strict,True,1.0,0.0,0.0,0.006694168087364172
rough_train:rough_perlin:10,42,rough_train,rough_perlin,10,stable,cost_stability,decision_time_s,7.144000000000002,0.0,cost_energy,0.6160649323925276,1.0,1,motion,0.03592933285984938,0.21218217733522252,0.03592933285984938,0.6160649323925276,7.144000000000002,188.42889450048608,strict,True,1.0,0.0,0.0,0.006694168087364172
rough_train:rough_perlin:10,42,rough_train,rough_perlin,10,stable,cost_stability,decision_time_s,7.364000000000002,0.541871921182267,cost_energy,0.6095237104005213,0.6486371214845597,1,balanced,0.03269564074013188,0.2188763454225867,0.03269564074013188,0.6095237104005213,7.364000000000002,191.75472416317834,strict,True,0.07634142613380863,0.9236585738661914,0.0,0.002475785113051799
rough_train:rough_perlin:10,42,rough_train,rough_perlin,10,stable,cost_stability,decision_time_s,7.364000000000002,0.541871921182267,cost_energy,0.6160649323925276,1.0,2,balanced,0.03269564074013188,0.2188763454225867,0.03269564074013188,0.6095237104005213,7.364000000000002,191.75472416317834,strict,True,0.07634142613380863,0.9236585738661914,0.0,0.002475785113051799
rough_train:rough_perlin:10,42,rough_train,rough_perlin,10,stable,cost_stability,decision_time_s,7.540000000000002,0.9753694581280815,cost_energy,0.6014428068471191,0.21456997974883046,1,stability,0.03497832722705233,0.22368844006849134,0.03497832722705233,0.6014428068471191,7.540000000000002,194.4683934577193,unsupported,False,0.0,0.8174685614057231,0.18253143859427692,-0.00039100548785904216
rough_train:rough_perlin:10,42,rough_train,rough_perlin,10,stable,cost_stability,decision_time_s,7.540000000000002,0.9753694581280815,cost_energy,0.6095237104005213,0.6486371214845597,2,balanced,0.03269564074013188,0.2188763454225867,0.03269564074013188,0.6095237104005213,7.364000000000002,191.75472416317834,strict,True,0.07634142613380863,0.9236585738661914,0.0,0.002475785113051799
rough_train:rough_perlin:10,42,rough_train,rough_perlin,10,stable,cost_stability,decision_time_s,7.540000000000002,0.9753694581280815,cost_energy,0.6160649323925276,1.0,3,balanced,0.03269564074013188,0.2188763454225867,0.03269564074013188,0.6095237104005213,7.364000000000002,191.75472416317834,strict,True,0.07634142613380863,0.9236585738661914,0.0,0.002475785113051799
rough_train:rough_perlin:10,42,rough_train,rough_perlin,10,stable,cost_stability,decision_time_s,7.550000000000001,1.0,cost_energy,0.5974482190400987,0.0,1,energy,0.03539196071353908,0.22504610150695503,0.03539196071353908,0.5974482190400987,7.550000000000001,193.1767975411777,strict,True,0.0,0.0,1.0,0.003994587807020444
rough_train:rough_perlin:10,42,rough_train,rough_perlin,10,stable,cost_stability,decision_time_s,7.550000000000001,1.0,cost_energy,0.6014428068471191,0.21456997974883046,2,stability,0.03497832722705233,0.22368844006849134,0.03497832722705233,0.6014428068471191,7.540000000000002,194.4683934577193,unsupported,False,0.0,0.8174685614057231,0.18253143859427692,-0.00039100548785904216
rough_train:rough_perlin:10,42,rough_train,rough_perlin,10,stable,cost_stability,decision_time_s,7.550000000000001,1.0,cost_energy,0.6095237104005213,0.6486371214845597,3,balanced,0.03269564074013188,0.2188763454225867,0.03269564074013188,0.6095237104005213,7.364000000000002,191.75472416317834,strict,True,0.07634142613380863,0.9236585738661914,0.0,0.002475785113051799
rough_train:rough_perlin:10,42,rough_train,rough_perlin,10,stable,cost_stability,decision_time_s,7.550000000000001,1.0,cost_energy,0.6160649323925276,1.0,4,balanced,0.03269564074013188,0.2188763454225867,0.03269564074013188,0.6095237104005213,7.364000000000002,191.75472416317834,strict,True,0.07634142613380863,0.9236585738661914,0.0,0.002475785113051799
rough_train:rough_perlin:10,42,rough_train,rough_perlin,10,efficient,cost_energy,decision_time_s,7.144000000000002,0.0,cost_stability,0.03592933285984938,1.0,1,motion,0.6160649323925276,0.21218217733522252,0.03592933285984938,0.6160649323925276,7.144000000000002,188.42889450048608,strict,True,1.0,0.0,0.0,0.006694168087364172
rough_train:rough_perlin:10,42,rough_train,rough_perlin,10,efficient,cost_energy,decision_time_s,7.364000000000002,0.541871921182267,cost_stability,0.03269564074013188,0.0,1,balanced,0.6095237104005213,0.2188763454225867,0.03269564074013188,0.6095237104005213,7.364000000000002,191.75472416317834,strict,True,0.07634142613380863,0.9236585738661914,0.0,0.002475785113051799
rough_train:rough_perlin:10,42,rough_train,rough_perlin,10,efficient,cost_energy,decision_time_s,7.364000000000002,0.541871921182267,cost_stability,0.03497832722705233,0.7059071805264723,1,balanced,0.6095237104005213,0.2188763454225867,0.03269564074013188,0.6095237104005213,7.364000000000002,191.75472416317834,strict,True,0.07634142613380863,0.9236585738661914,0.0,0.002475785113051799
rough_train:rough_perlin:10,42,rough_train,rough_perlin,10,efficient,cost_energy,decision_time_s,7.364000000000002,0.541871921182267,cost_stability,0.03539196071353908,0.8338208690203804,1,balanced,0.6095237104005213,0.2188763454225867,0.03269564074013188,0.6095237104005213,7.364000000000002,191.75472416317834,strict,True,0.07634142613380863,0.9236585738661914,0.0,0.002475785113051799
rough_train:rough_perlin:10,42,rough_train,rough_perlin,10,efficient,cost_energy,decision_time_s,7.364000000000002,0.541871921182267,cost_stability,0.03592933285984938,1.0,2,balanced,0.6095237104005213,0.2188763454225867,0.03269564074013188,0.6095237104005213,7.364000000000002,191.75472416317834,strict,True,0.07634142613380863,0.9236585738661914,0.0,0.002475785113051799
rough_train:rough_perlin:10,42,rough_train,rough_perlin,10,efficient,cost_energy,decision_time_s,7.540000000000002,0.9753694581280815,cost_stability,0.03269564074013188,0.0,1,balanced,0.6095237104005213,0.2188763454225867,0.03269564074013188,0.6095237104005213,7.364000000000002,191.75472416317834,strict,True,0.07634142613380863,0.9236585738661914,0.0,0.002475785113051799
rough_train:rough_perlin:10,42,rough_train,rough_perlin,10,efficient,cost_energy,decision_time_s,7.540000000000002,0.9753694581280815,cost_stability,0.03497832722705233,0.7059071805264723,2,stability,0.6014428068471191,0.22368844006849134,0.03497832722705233,0.6014428068471191,7.540000000000002,194.4683934577193,unsupported,False,0.0,0.8174685614057231,0.18253143859427692,-0.00039100548785904216
rough_train:rough_perlin:10,42,rough_train,rough_perlin,10,efficient,cost_energy,decision_time_s,7.540000000000002,0.9753694581280815,cost_stability,0.03539196071353908,0.8338208690203804,2,stability,0.6014428068471191,0.22368844006849134,0.03497832722705233,0.6014428068471191,7.540000000000002,194.4683934577193,unsupported,False,0.0,0.8174685614057231,0.18253143859427692,-0.00039100548785904216
rough_train:rough_perlin:10,42,rough_train,rough_perlin,10,efficient,cost_energy,decision_time_s,7.540000000000002,0.9753694581280815,cost_stability,0.03592933285984938,1.0,3,stability,0.6014428068471191,0.22368844006849134,0.03497832722705233,0.6014428068471191,7.540000000000002,194.4683934577193,unsupported,False,0.0,0.8174685614057231,0.18253143859427692,-0.00039100548785904216
rough_train:rough_perlin:10,42,rough_train,rough_perlin,10,efficient,cost_energy,decision_time_s,7.550000000000001,1.0,cost_stability,0.03269564074013188,0.0,1,balanced,0.6095237104005213,0.2188763454225867,0.03269564074013188,0.6095237104005213,7.364000000000002,191.75472416317834,strict,True,0.07634142613380863,0.9236585738661914,0.0,0.002475785113051799
rough_train:rough_perlin:10,42,rough_train,rough_perlin,10,efficient,cost_energy,decision_time_s,7.550000000000001,1.0,cost_stability,0.03497832722705233,0.7059071805264723,2,stability,0.6014428068471191,0.22368844006849134,0.03497832722705233,0.6014428068471191,7.540000000000002,194.4683934577193,unsupported,False,0.0,0.8174685614057231,0.18253143859427692,-0.00039100548785904216
rough_train:rough_perlin:10,42,rough_train,rough_perlin,10,efficient,cost_energy,decision_time_s,7.550000000000001,1.0,cost_stability,0.03539196071353908,0.8338208690203804,3,energy,0.5974482190400987,0.22504610150695503,0.03539196071353908,0.5974482190400987,7.550000000000001,193.1767975411777,strict,True,0.0,0.0,1.0,0.003994587807020444
rough_train:rough_perlin:10,42,rough_train,rough_perlin,10,efficient,cost_energy,decision_time_s,7.550000000000001,1.0,cost_stability,0.03592933285984938,1.0,4,energy,0.5974482190400987,0.22504610150695503,0.03539196071353908,0.5974482190400987,7.550000000000001,193.1767975411777,strict,True,0.0,0.0,1.0,0.003994587807020444
rough_train:rough_perlin:11,43,rough_train,rough_perlin,11,fast,decision_time_s,cost_stability,0.09736456670310857,0.0,cost_energy,0.6401415444091918,0.0,1,energy,7.368000000000001,0.21932367549605944,0.09736456670310857,0.6401415444091918,7.368000000000001,201.38702265235221,strict,True,0.0,-0.0,1.0,0.0032506958437233946
rough_train:rough_perlin:11,43,rough_train,rough_perlin,11,fast,decision_time_s,cost_stability,0.09736456670310857,0.0,cost_energy,0.6433922402529152,0.12743255149175448,1,energy,7.368000000000001,0.21932367549605944,0.09736456670310857,0.6401415444091918,7.368000000000001,201.38702265235221,strict,True,0.0,-0.0,1.0,0.0032506958437233946
rough_train:rough_perlin:11,43,rough_train,rough_perlin,11,fast,decision_time_s,cost_stability,0.09736456670310857,0.0,cost_energy,0.6483514368072555,0.3218411029681797,1,energy,7.368000000000001,0.21932367549605944,0.09736456670310857,0.6401415444091918,7.368000000000001,201.38702265235221,strict,True,0.0,-0.0,1.0,0.0032506958437233946
rough_train:rough_perlin:11,43,rough_train,rough_perlin,11,fast,decision_time_s,cost_stability,0.09736456670310857,0.0,cost_energy,0.6656506926265822,1.0,1,energy,7.368000000000001,0.21932367549605944,0.09736456670310857,0.6401415444091918,7.368000000000001,201.38702265235221,strict,True,0.0,-0.0,1.0,0.0032506958437233946
rough_train:rough_perlin:11,43,rough_train,rough_perlin,11,fast,decision_time_s,cost_stability,0.09936338514543051,0.4273107628937065,cost_energy,0.6401415444091918,0.0,1,energy,7.368000000000001,0.21932367549605944,0.09736456670310857,0.6401415444091918,7.368000000000001,201.38702265235221,strict,True,0.0,-0.0,1.0,0.0032506958437233946
rough_train:rough_perlin:11,43,rough_train,rough_perlin,11,fast,decision_time_s,cost_stability,0.09936338514543051,0.4273107628937065,cost_energy,0.6433922402529152,0.12743255149175448,1,energy,7.368000000000001,0.21932367549605944,0.09736456670310857,0.6401415444091918,7.368000000000001,201.38702265235221,strict,True,0.0,-0.0,1.0,0.0032506958437233946
rough_train:rough_perlin:11,43,rough_train,rough_perlin,11,fast,decision_time_s,cost_stability,0.09936338514543051,0.4273107628937065,cost_energy,0.6483514368072555,0.3218411029681797,2,energy,7.368000000000001,0.21932367549605944,0.09736456670310857,0.6401415444091918,7.368000000000001,201.38702265235221,strict,True,0.0,-0.0,1.0,0.0032506958437233946
rough_train:rough_perlin:11,43,rough_train,rough_perlin,11,fast,decision_time_s,cost_stability,0.09936338514543051,0.4273107628937065,cost_energy,0.6656506926265822,1.0,2,energy,7.368000000000001,0.21932367549605944,0.09736456670310857,0.6401415444091918,7.368000000000001,201.38702265235221,strict,True,0.0,-0.0,1.0,0.0032506958437233946
rough_train:rough_perlin:11,43,rough_train,rough_perlin,11,fast,decision_time_s,cost_stability,0.09969111630800175,0.49737368113438096,cost_energy,0.6401415444091918,0.0,1,energy,7.368000000000001,0.21932367549605944,0.09736456670310857,0.6401415444091918,7.368000000000001,201.38702265235221,strict,True,0.0,-0.0,1.0,0.0032506958437233946
rough_train:rough_perlin:11,43,rough_train,rough_perlin,11,fast,decision_time_s,cost_stability,0.09969111630800175,0.49737368113438096,cost_energy,0.6433922402529152,0.12743255149175448,2,balanced,7.164,0.21502531898447216,0.09969111630800175,0.6433922402529152,7.164,196.78719269124628,strict,True,0.674501888973419,0.0,0.32549811102658094,0.0018411542298928908
rough_train:rough_perlin:11,43,rough_train,rough_perlin,11,fast,decision_time_s,cost_stability,0.09969111630800175,0.49737368113438096,cost_energy,0.6483514368072555,0.3218411029681797,3,balanced,7.164,0.21502531898447216,0.09969111630800175,0.6433922402529152,7.164,196.78719269124628,strict,True,0.674501888973419,0.0,0.32549811102658094,0.0018411542298928908
rough_train:rough_perlin:11,43,rough_train,rough_perlin,11,fast,decision_time_s,cost_stability,0.09969111630800175,0.49737368113438096,cost_energy,0.6656506926265822,1.0,3,balanced,7.164,0.21502531898447216,0.09969111630800175,0.6433922402529152,7.164,196.78719269124628,strict,True,0.674501888973419,0.0,0.32549811102658094,0.0018411542298928908
rough_train:rough_perlin:11,43,rough_train,rough_perlin,11,fast,decision_time_s,cost_stability,0.10204223601521796,1.0,cost_energy,0.6401415444091918,0.0,1,energy,7.368000000000001,0.21932367549605944,0.09736456670310857,0.6401415444091918,7.368000000000001,201.38702265235221,strict,True,0.0,-0.0,1.0,0.0032506958437233946
rough_train:rough_perlin:11,43,rough_train,rough_perlin,11,fast,decision_time_s,cost_stability,0.10204223601521796,1.0,cost_energy,0.6433922402529152,0.12743255149175448,2,balanced,7.164,0.21502531898447216,0.09969111630800175,0.6433922402529152,7.164,196.78719269124628,strict,True,0.674501888973419,0.0,0.32549811102658094,0.0018411542298928908
rough_train:rough_perlin:11,43,rough_train,rough_perlin,11,fast,decision_time_s,cost_stability,0.10204223601521796,1.0,cost_energy,0.6483514368072555,0.3218411029681797,3,balanced,7.164,0.21502531898447216,0.09969111630800175,0.6433922402529152,7.164,196.78719269124628,strict,True,0.674501888973419,0.0,0.32549811102658094,0.0018411542298928908
rough_train:rough_perlin:11,43,rough_train,rough_perlin,11,fast,decision_time_s,cost_stability,0.10204223601521796,1.0,cost_energy,0.6656506926265822,1.0,4,motion,6.956000000000001,0.20701358460618077,0.10204223601521796,0.6656506926265822,6.956000000000001,197.77813280780992,strict,True,1.0,0.0,0.0,0.00801173437829139
rough_train:rough_perlin:11,43,rough_train,rough_perlin,11,stable,cost_stability,decision_time_s,6.956000000000001,0.0,cost_energy,0.6656506926265822,1.0,1,motion,0.10204223601521796,0.20701358460618077,0.10204223601521796,0.6656506926265822,6.956000000000001,197.77813280780992,strict,True,1.0,0.0,0.0,0.00801173437829139
rough_train:rough_perlin:11,43,rough_train,rough_perlin,11,stable,cost_stability,decision_time_s,7.164,0.4976076555023894,cost_energy,0.6433922402529152,0.12743255149175448,1,balanced,0.09969111630800175,0.21502531898447216,0.09969111630800175,0.6433922402529152,7.164,196.78719269124628,strict,True,0.674501888973419,0.0,0.32549811102658094,0.0018411542298928908
rough_train:rough_perlin:11,43,rough_train,rough_perlin,11,stable,cost_stability,decision_time_s,7.164,0.4976076555023894,cost_energy,0.6483514368072555,0.3218411029681797,1,balanced,0.09969111630800175,0.21502531898447216,0.09969111630800175,0.6433922402529152,7.164,196.78719269124628,strict,True,0.674501888973419,0.0,0.32549811102658094,0.0018411542298928908
rough_train:rough_perlin:11,43,rough_train,rough_perlin,11,stable,cost_stability,decision_time_s,7.164,0.4976076555023894,cost_energy,0.6656506926265822,1.0,2,balanced,0.09969111630800175,0.21502531898447216,0.09969111630800175,0.6433922402529152,7.164,196.78719269124628,strict,True,0.674501888973419,0.0,0.32549811102658094,0.0018411542298928908
rough_train:rough_perlin:11,43,rough_train,rough_perlin,11,stable,cost_stability,decision_time_s,7.368000000000001,0.9856459330143557,cost_energy,0.6401415444091918,0.0,1,energy,0.09736456670310857,0.21932367549605944,0.09736456670310857,0.6401415444091918,7.368000000000001,201.38702265235221,strict,True,0.0,-0.0,1.0,0.0032506958437233946
rough_train:rough_perlin:11,43,rough_train,rough_perlin,11,stable,cost_stability,decision_time_s,7.368000000000001,0.9856459330143557,cost_energy,0.6433922402529152,0.12743255149175448,2,energy,0.09736456670310857,0.21932367549605944,0.09736456670310857,0.6401415444091918,7.368000000000001,201.38702265235221,strict,True,0.0,-0.0,1.0,0.0032506958437233946
rough_train:rough_perlin:11,43,rough_train,rough_perlin,11,stable,cost_stability,decision_time_s,7.368000000000001,0.9856459330143557,cost_energy,0.6483514368072555,0.3218411029681797,2,energy,0.09736456670310857,0.21932367549605944,0.09736456670310857,0.6401415444091918,7.368000000000001,201.38702265235221,strict,True,0.0,-0.0,1.0,0.0032506958437233946
rough_train:rough_perlin:11,43,rough_train,rough_perlin,11,stable,cost_stability,decision_time_s,7.368000000000001,0.9856459330143557,cost_energy,0.6656506926265822,1.0,3,energy,0.09736456670310857,0.21932367549605944,0.09736456670310857,0.6401415444091918,7.368000000000001,201.38702265235221,strict,True,0.0,-0.0,1.0,0.0032506958437233946
rough_train:rough_perlin:11,43,rough_train,rough_perlin,11,stable,cost_stability,decision_time_s,7.3740000000000006,1.0,cost_energy,0.6401415444091918,0.0,1,energy,0.09736456670310857,0.21932367549605944,0.09736456670310857,0.6401415444091918,7.368000000000001,201.38702265235221,strict,True,0.0,-0.0,1.0,0.0032506958437233946
rough_train:rough_perlin:11,43,rough_train,rough_perlin,11,stable,cost_stability,decision_time_s,7.3740000000000006,1.0,cost_energy,0.6433922402529152,0.12743255149175448,2,energy,0.09736456670310857,0.21932367549605944,0.09736456670310857,0.6401415444091918,7.368000000000001,201.38702265235221,strict,True,0.0,-0.0,1.0,0.0032506958437233946
rough_train:rough_perlin:11,43,rough_train,rough_perlin,11,stable,cost_stability,decision_time_s,7.3740000000000006,1.0,cost_energy,0.6483514368072555,0.3218411029681797,3,energy,0.09736456670310857,0.21932367549605944,0.09736456670310857,0.6401415444091918,7.368000000000001,201.38702265235221,strict,True,0.0,-0.0,1.0,0.0032506958437233946
rough_train:rough_perlin:11,43,rough_train,rough_perlin,11,stable,cost_stability,decision_time_s,7.3740000000000006,1.0,cost_energy,0.6656506926265822,1.0,4,energy,0.09736456670310857,0.21932367549605944,0.09736456670310857,0.6401415444091918,7.368000000000001,201.38702265235221,strict,True,0.0,-0.0,1.0,0.0032506958437233946
rough_train:rough_perlin:11,43,rough_train,rough_perlin,11,efficient,cost_energy,decision_time_s,6.956000000000001,0.0,cost_stability,0.10204223601521796,1.0,1,motion,0.6656506926265822,0.20701358460618077,0.10204223601521796,0.6656506926265822,6.956000000000001,197.77813280780992,strict,True,1.0,0.0,0.0,0.00801173437829139
rough_train:rough_perlin:11,43,rough_train,rough_perlin,11,efficient,cost_energy,decision_time_s,7.164,0.4976076555023894,cost_stability,0.09969111630800175,0.49737368113438096,1,balanced,0.6433922402529152,0.21502531898447216,0.09969111630800175,0.6433922402529152,7.164,196.78719269124628,strict,True,0.674501888973419,0.0,0.32549811102658094,0.0018411542298928908
rough_train:rough_perlin:11,43,rough_train,rough_perlin,11,efficient,cost_energy,decision_time_s,7.164,0.4976076555023894,cost_stability,0.10204223601521796,1.0,2,balanced,0.6433922402529152,0.21502531898447216,0.09969111630800175,0.6433922402529152,7.164,196.78719269124628,strict,True,0.674501888973419,0.0,0.32549811102658094,0.0018411542298928908
rough_train:rough_perlin:11,43,rough_train,rough_perlin,11,efficient,cost_energy,decision_time_s,7.368000000000001,0.9856459330143557,cost_stability,0.09736456670310857,0.0,1,energy,0.6401415444091918,0.21932367549605944,0.09736456670310857,0.6401415444091918,7.368000000000001,201.38702265235221,strict,True,0.0,-0.0,1.0,0.0032506958437233946
rough_train:rough_perlin:11,43,rough_train,rough_perlin,11,efficient,cost_energy,decision_time_s,7.368000000000001,0.9856459330143557,cost_stability,0.09936338514543051,0.4273107628937065,1,energy,0.6401415444091918,0.21932367549605944,0.09736456670310857,0.6401415444091918,7.368000000000001,201.38702265235221,strict,True,0.0,-0.0,1.0,0.0032506958437233946
rough_train:rough_perlin:11,43,rough_train,rough_perlin,11,efficient,cost_energy,decision_time_s,7.368000000000001,0.9856459330143557,cost_stability,0.09969111630800175,0.49737368113438096,2,energy,0.6401415444091918,0.21932367549605944,0.09736456670310857,0.6401415444091918,7.368000000000001,201.38702265235221,strict,True,0.0,-0.0,1.0,0.0032506958437233946
rough_train:rough_perlin:11,43,rough_train,rough_perlin,11,efficient,cost_energy,decision_time_s,7.368000000000001,0.9856459330143557,cost_stability,0.10204223601521796,1.0,3,energy,0.6401415444091918,0.21932367549605944,0.09736456670310857,0.6401415444091918,7.368000000000001,201.38702265235221,strict,True,0.0,-0.0,1.0,0.0032506958437233946
rough_train:rough_perlin:11,43,rough_train,rough_perlin,11,efficient,cost_energy,decision_time_s,7.3740000000000006,1.0,cost_stability,0.09736456670310857,0.0,1,energy,0.6401415444091918,0.21932367549605944,0.09736456670310857,0.6401415444091918,7.368000000000001,201.38702265235221,strict,True,0.0,-0.0,1.0,0.0032506958437233946
rough_train:rough_perlin:11,43,rough_train,rough_perlin,11,efficient,cost_energy,decision_time_s,7.3740000000000006,1.0,cost_stability,0.09936338514543051,0.4273107628937065,2,energy,0.6401415444091918,0.21932367549605944,0.09736456670310857,0.6401415444091918,7.368000000000001,201.38702265235221,strict,True,0.0,-0.0,1.0,0.0032506958437233946
rough_train:rough_perlin:11,43,rough_train,rough_perlin,11,efficient,cost_energy,decision_time_s,7.3740000000000006,1.0,cost_stability,0.09969111630800175,0.49737368113438096,3,energy,0.6401415444091918,0.21932367549605944,0.09736456670310857,0.6401415444091918,7.368000000000001,201.38702265235221,strict,True,0.0,-0.0,1.0,0.0032506958437233946
rough_train:rough_perlin:11,43,rough_train,rough_perlin,11,efficient,cost_energy,decision_time_s,7.3740000000000006,1.0,cost_stability,0.10204223601521796,1.0,4,energy,0.6401415444091918,0.21932367549605944,0.09736456670310857,0.6401415444091918,7.368000000000001,201.38702265235221,strict,True,0.0,-0.0,1.0,0.0032506958437233946
rough_train:rough_perlin:12,44,rough_train,rough_perlin,12,fast,decision_time_s,cost_stability,0.1128793584448312,0.0,cost_energy,0.6927815602164044,1.0,1,motion,6.95,0.2053633802513454,0.1128793584448312,0.6927815602164044,6.95,205.83925614593457,strict,True,1.0,-0.0,0.0,0.005922873666263734
rough_train:rough_perlin:12,44,rough_train,rough_perlin,12,fast,decision_time_s,cost_stability,0.11992458342194612,0.7724704584089281,cost_energy,0.6864441996244358,0.0,1,stability,7.164000000000001,0.2136100901841425,0.11992458342194612,0.6864441996244358,7.164000000000001,209.95501426964893,strict,True,0.0,-0.0,1.0,0.0025860587717355665
rough_train:rough_perlin:12,44,rough_train,rough_perlin,12,fast,decision_time_s,cost_stability,0.11992458342194612,0.7724704584089281,cost_energy,0.6890302583961714,0.4080655872750759,1,stability,7.164000000000001,0.2136100901841425,0.11992458342194612,0.6864441996244358,7.164000000000001,209.95501426964893,strict,True,0.0,-0.0,1.0,0.0025860587717355665
rough_train:rough_perlin:12,44,rough_train,rough_perlin,12,fast,decision_time_s,cost_stability,0.11992458342194612,0.7724704584089281,cost_energy,0.6927815602164044,1.0,2,motion,6.95,0.2053633802513454,0.1128793584448312,0.6927815602164044,6.95,205.83925614593457,strict,True,1.0,-0.0,0.0,0.005922873666263734
rough_train:rough_perlin:12,44,rough_train,rough_perlin,12,fast,decision_time_s,cost_stability,0.12199973955510188,1.0,cost_energy,0.6864441996244358,0.0,1,stability,7.164000000000001,0.2136100901841425,0.11992458342194612,0.6864441996244358,7.164000000000001,209.95501426964893,strict,True,0.0,-0.0,1.0,0.0025860587717355665
rough_train:rough_perlin:12,44,rough_train,rough_perlin,12,fast,decision_time_s,cost_stability,0.12199973955510188,1.0,cost_energy,0.6890302583961714,0.4080655872750759,2,energy,7.130000000000002,0.2130578366742803,0.12199973955510188,0.6890302583961714,7.130000000000002,210.745983159209,unsupported,False,0.43453990305428647,0.0,0.5654600969457134,-0.0012223368571359916
rough_train:rough_perlin:12,44,rough_train,rough_perlin,12,fast,decision_time_s,cost_stability,0.12199973955510188,1.0,cost_energy,0.6927815602164044,1.0,3,motion,6.95,0.2053633802513454,0.1128793584448312,0.6927815602164044,6.95,205.83925614593457,strict,True,1.0,-0.0,0.0,0.005922873666263734
rough_train:rough_perlin:12,44,rough_train,rough_perlin,12,stable,cost_stability,decision_time_s,6.95,0.0,cost_energy,0.6927815602164044,1.0,1,motion,0.1128793584448312,0.2053633802513454,0.1128793584448312,0.6927815602164044,6.95,205.83925614593457,strict,True,1.0,-0.0,0.0,0.005922873666263734
rough_train:rough_perlin:12,44,rough_train,rough_perlin,12,stable,cost_stability,decision_time_s,7.130000000000002,0.8411214953271081,cost_energy,0.6890302583961714,0.4080655872750759,1,energy,0.12199973955510188,0.2130578366742803,0.12199973955510188,0.6890302583961714,7.130000000000002,210.745983159209,unsupported,False,0.43453990305428647,0.0,0.5654600969457134,-0.0012223368571359916
rough_train:rough_perlin:12,44,rough_train,rough_perlin,12,stable,cost_stability,decision_time_s,7.130000000000002,0.8411214953271081,cost_energy,0.6927815602164044,1.0,2,motion,0.1128793584448312,0.2053633802513454,0.1128793584448312,0.6927815602164044,6.95,205.83925614593457,strict,True,1.0,-0.0,0.0,0.005922873666263734
rough_train:rough_perlin:12,44,rough_train,rough_perlin,12,stable,cost_stability,decision_time_s,7.164000000000001,1.0,cost_energy,0.6864441996244358,0.0,1,stability,0.11992458342194612,0.2136100901841425,0.11992458342194612,0.6864441996244358,7.164000000000001,209.95501426964893,strict,True,0.0,-0.0,1.0,0.0025860587717355665
rough_train:rough_perlin:12,44,rough_train,rough_perlin,12,stable,cost_stability,decision_time_s,7.164000000000001,1.0,cost_energy,0.6890302583961714,0.4080655872750759,2,stability,0.11992458342194612,0.2136100901841425,0.11992458342194612,0.6864441996244358,7.164000000000001,209.95501426964893,strict,True,0.0,-0.0,1.0,0.0025860587717355665
rough_train:rough_perlin:12,44,rough_train,rough_perlin,12,stable,cost_stability,decision_time_s,7.164000000000001,1.0,cost_energy,0.6927815602164044,1.0,3,motion,0.1128793584448312,0.2053633802513454,0.1128793584448312,0.6927815602164044,6.95,205.83925614593457,strict,True,1.0,-0.0,0.0,0.005922873666263734
rough_train:rough_perlin:12,44,rough_train,rough_perlin,12,efficient,cost_energy,decision_time_s,6.95,0.0,cost_stability,0.1128793584448312,0.0,1,motion,0.6927815602164044,0.2053633802513454,0.1128793584448312,0.6927815602164044,6.95,205.83925614593457,strict,True,1.0,-0.0,0.0,0.005922873666263734
rough_train:rough_perlin:12,44,rough_train,rough_perlin,12,efficient,cost_energy,decision_time_s,6.95,0.0,cost_stability,0.11992458342194612,0.7724704584089281,1,motion,0.6927815602164044,0.2053633802513454,0.1128793584448312,0.6927815602164044,6.95,205.83925614593457,strict,True,1.0,-0.0,0.0,0.005922873666263734
rough_train:rough_perlin:12,44,rough_train,rough_perlin,12,efficient,cost_energy,decision_time_s,6.95,0.0,cost_stability,0.12199973955510188,1.0,1,motion,0.6927815602164044,0.2053633802513454,0.1128793584448312,0.6927815602164044,6.95,205.83925614593457,strict,True,1.0,-0.0,0.0,0.005922873666263734
rough_train:rough_perlin:12,44,rough_train,rough_perlin,12,efficient,cost_energy,decision_time_s,7.130000000000002,0.8411214953271081,cost_stability,0.1128793584448312,0.0,1,motion,0.6927815602164044,0.2053633802513454,0.1128793584448312,0.6927815602164044,6.95,205.83925614593457,strict,True,1.0,-0.0,0.0,0.005922873666263734
rough_train:rough_perlin:12,44,rough_train,rough_perlin,12,efficient,cost_energy,decision_time_s,7.130000000000002,0.8411214953271081,cost_stability,0.11992458342194612,0.7724704584089281,1,motion,0.6927815602164044,0.2053633802513454,0.1128793584448312,0.6927815602164044,6.95,205.83925614593457,strict,True,1.0,-0.0,0.0,0.005922873666263734
rough_train:rough_perlin:12,44,rough_train,rough_perlin,12,efficient,cost_energy,decision_time_s,7.130000000000002,0.8411214953271081,cost_stability,0.12199973955510188,1.0,2,energy,0.6890302583961714,0.2130578366742803,0.12199973955510188,0.6890302583961714,7.130000000000002,210.745983159209,unsupported,False,0.43453990305428647,0.0,0.5654600969457134,-0.0012223368571359916
rough_train:rough_perlin:12,44,rough_train,rough_perlin,12,efficient,cost_energy,decision_time_s,7.164000000000001,1.0,cost_stability,0.1128793584448312,0.0,1,motion,0.6927815602164044,0.2053633802513454,0.1128793584448312,0.6927815602164044,6.95,205.83925614593457,strict,True,1.0,-0.0,0.0,0.005922873666263734
rough_train:rough_perlin:12,44,rough_train,rough_perlin,12,efficient,cost_energy,decision_time_s,7.164000000000001,1.0,cost_stability,0.11992458342194612,0.7724704584089281,2,stability,0.6864441996244358,0.2136100901841425,0.11992458342194612,0.6864441996244358,7.164000000000001,209.95501426964893,strict,True,0.0,-0.0,1.0,0.0025860587717355665
rough_train:rough_perlin:12,44,rough_train,rough_perlin,12,efficient,cost_energy,decision_time_s,7.164000000000001,1.0,cost_stability,0.12199973955510188,1.0,3,stability,0.6864441996244358,0.2136100901841425,0.11992458342194612,0.6864441996244358,7.164000000000001,209.95501426964893,strict,True,0.0,-0.0,1.0,0.0025860587717355665
rough_train:rough_perlin:13,45,rough_train,rough_perlin,13,fast,decision_time_s,cost_stability,0.23452869727041942,0.0,cost_energy,0.7905744873481816,1.0,1,motion,6.952000000000002,0.20206385746786987,0.23452869727041942,0.7905744873481816,6.952000000000002,234.8954905105598,strict,True,0.6374082084938716,0.3625917915061284,0.0,0.007938234730482958
rough_train:rough_perlin:13,45,rough_train,rough_perlin,13,fast,decision_time_s,cost_stability,0.23872834379759691,0.4462144017622197,cost_energy,0.7428957402488441,0.0,1,stability,7.116000000000002,0.21212880060322778,0.23872834379759691,0.7428957402488441,7.116000000000002,227.22121598542697,strict,True,0.0,0.8176715403755994,0.18232845962440059,0.004519546666619512
rough_train:rough_perlin:13,45,rough_train,rough_perlin,13,fast,decision_time_s,cost_stability,0.23872834379759691,0.4462144017622197,cost_energy,0.7443095608927531,0.029653057807148046,1,stability,7.116000000000002,0.21212880060322778,0.23872834379759691,0.7428957402488441,7.116000000000002,227.22121598542697,strict,True,0.0,0.8176715403755994,0.18232845962440059,0.004519546666619512
rough_train:rough_perlin:13,45,rough_train,rough_perlin,13,fast,decision_time_s,cost_stability,0.23872834379759691,0.4462144017622197,cost_energy,0.7604004697416757,0.3671390411405104,1,stability,7.116000000000002,0.21212880060322778,0.23872834379759691,0.7428957402488441,7.116000000000002,227.22121598542697,strict,True,0.0,0.8176715403755994,0.18232845962440059,0.004519546666619512
rough_train:rough_perlin:13,45,rough_train,rough_perlin,13,fast,decision_time_s,cost_stability,0.23872834379759691,0.4462144017622197,cost_energy,0.7905744873481816,1.0,2,motion,6.952000000000002,0.20206385746786987,0.23452869727041942,0.7905744873481816,6.952000000000002,234.8954905105598,strict,True,0.6374082084938716,0.3625917915061284,0.0,0.007938234730482958
rough_train:rough_perlin:13,45,rough_train,rough_perlin,13,fast,decision_time_s,cost_stability,0.24035238992917649,0.6187700605176398,cost_energy,0.7428957402488441,0.0,1,stability,7.116000000000002,0.21212880060322778,0.23872834379759691,0.7428957402488441,7.116000000000002,227.22121598542697,strict,True,0.0,0.8176715403755994,0.18232845962440059,0.004519546666619512
rough_train:rough_perlin:13,45,rough_train,rough_perlin,13,fast,decision_time_s,cost_stability,0.24035238992917649,0.6187700605176398,cost_energy,0.7443095608927531,0.029653057807148046,1,stability,7.116000000000002,0.21212880060322778,0.23872834379759691,0.7428957402488441,7.116000000000002,227.22121598542697,strict,True,0.0,0.8176715403755994,0.18232845962440059,0.004519546666619512
rough_train:rough_perlin:13,45,rough_train,rough_perlin,13,fast,decision_time_s,cost_stability,0.24035238992917649,0.6187700605176398,cost_energy,0.7604004697416757,0.3671390411405104,2,stability,7.116000000000002,0.21212880060322778,0.23872834379759691,0.7428957402488441,7.116000000000002,227.22121598542697,strict,True,0.0,0.8176715403755994,0.18232845962440059,0.004519546666619512
rough_train:rough_perlin:13,45,rough_train,rough_perlin,13,fast,decision_time_s,cost_stability,0.24035238992917649,0.6187700605176398,cost_energy,0.7905744873481816,1.0,3,motion,6.952000000000002,0.20206385746786987,0.23452869727041942,0.7905744873481816,6.952000000000002,234.8954905105598,strict,True,0.6374082084938716,0.3625917915061284,0.0,0.007938234730482958
rough_train:rough_perlin:13,45,rough_train,rough_perlin,13,fast,decision_time_s,cost_stability,0.243940420671977,1.0,cost_energy,0.7428957402488441,0.0,1,stability,7.116000000000002,0.21212880060322778,0.23872834379759691,0.7428957402488441,7.116000000000002,227.22121598542697,strict,True,0.0,0.8176715403755994,0.18232845962440059,0.004519546666619512
rough_train:rough_perlin:13,45,rough_train,rough_perlin,13,fast,decision_time_s,cost_stability,0.243940420671977,1.0,cost_energy,0.7443095608927531,0.029653057807148046,2,balanced,6.969999999999996,0.20916389323905268,0.243940420671977,0.7443095608927531,6.969999999999996,221.14925563061155,strict,True,0.825696225952141,0.0,0.174303774047859,0.0022016785468369653
rough_train:rough_perlin:13,45,rough_train,rough_perlin,13,fast,decision_time_s,cost_stability,0.243940420671977,1.0,cost_energy,0.7604004697416757,0.3671390411405104,3,balanced,6.969999999999996,0.20916389323905268,0.243940420671977,0.7443095608927531,6.969999999999996,221.14925563061155,strict,True,0.825696225952141,0.0,0.174303774047859,0.0022016785468369653
rough_train:rough_perlin:13,45,rough_train,rough_perlin,13,fast,decision_time_s,cost_stability,0.243940420671977,1.0,cost_energy,0.7905744873481816,1.0,4,motion,6.952000000000002,0.20206385746786987,0.23452869727041942,0.7905744873481816,6.952000000000002,234.8954905105598,strict,True,0.6374082084938716,0.3625917915061284,0.0,0.007938234730482958
rough_train:rough_perlin:13,45,rough_train,rough_perlin,13,stable,cost_stability,decision_time_s,6.952000000000002,0.0,cost_energy,0.7905744873481816,1.0,1,motion,0.23452869727041942,0.20206385746786987,0.23452869727041942,0.7905744873481816,6.952000000000002,234.8954905105598,strict,True,0.6374082084938716,0.3625917915061284,0.0,0.007938234730482958
rough_train:rough_perlin:13,45,rough_train,rough_perlin,13,stable,cost_stability,decision_time_s,6.969999999999996,0.09183673469384944,cost_energy,0.7443095608927531,0.029653057807148046,1,balanced,0.243940420671977,0.20916389323905268,0.243940420671977,0.7443095608927531,6.969999999999996,221.14925563061155,strict,True,0.825696225952141,0.0,0.174303774047859,0.0022016785468369653
rough_train:rough_perlin:13,45,rough_train,rough_perlin,13,stable,cost_stability,decision_time_s,6.969999999999996,0.09183673469384944,cost_energy,0.7604004697416757,0.3671390411405104,1,balanced,0.243940420671977,0.20916389323905268,0.243940420671977,0.7443095608927531,6.969999999999996,221.14925563061155,strict,True,0.825696225952141,0.0,0.174303774047859,0.0022016785468369653
rough_train:rough_perlin:13,45,rough_train,rough_perlin,13,stable,cost_stability,decision_time_s,6.969999999999996,0.09183673469384944,cost_energy,0.7905744873481816,1.0,2,motion,0.23452869727041942,0.20206385746786987,0.23452869727041942,0.7905744873481816,6.952000000000002,234.8954905105598,strict,True,0.6374082084938716,0.3625917915061284,0.0,0.007938234730482958
rough_train:rough_perlin:13,45,rough_train,rough_perlin,13,stable,cost_stability,decision_time_s,7.116000000000002,0.8367346938775552,cost_energy,0.7428957402488441,0.0,1,stability,0.23872834379759691,0.21212880060322778,0.23872834379759691,0.7428957402488441,7.116000000000002,227.22121598542697,strict,True,0.0,0.8176715403755994,0.18232845962440059,0.004519546666619512
rough_train:rough_perlin:13,45,rough_train,rough_perlin,13,stable,cost_stability,decision_time_s,7.116000000000002,0.8367346938775552,cost_energy,0.7443095608927531,0.029653057807148046,2,stability,0.23872834379759691,0.21212880060322778,0.23872834379759691,0.7428957402488441,7.116000000000002,227.22121598542697,strict,True,0.0,0.8176715403755994,0.18232845962440059,0.004519546666619512
rough_train:rough_perlin:13,45,rough_train,rough_perlin,13,stable,cost_stability,decision_time_s,7.116000000000002,0.8367346938775552,cost_energy,0.7604004697416757,0.3671390411405104,2,stability,0.23872834379759691,0.21212880060322778,0.23872834379759691,0.7428957402488441,7.116000000000002,227.22121598542697,strict,True,0.0,0.8176715403755994,0.18232845962440059,0.004519546666619512
rough_train:rough_perlin:13,45,rough_train,rough_perlin,13,stable,cost_stability,decision_time_s,7.116000000000002,0.8367346938775552,cost_energy,0.7905744873481816,1.0,3,motion,0.23452869727041942,0.20206385746786987,0.23452869727041942,0.7905744873481816,6.952000000000002,234.8954905105598,strict,True,0.6374082084938716,0.3625917915061284,0.0,0.007938234730482958
rough_train:rough_perlin:13,45,rough_train,rough_perlin,13,stable,cost_stability,decision_time_s,7.1480000000000015,1.0,cost_energy,0.7428957402488441,0.0,1,stability,0.23872834379759691,0.21212880060322778,0.23872834379759691,0.7428957402488441,7.116000000000002,227.22121598542697,strict,True,0.0,0.8176715403755994,0.18232845962440059,0.004519546666619512
rough_train:rough_perlin:13,45,rough_train,rough_perlin,13,stable,cost_stability,decision_time_s,7.1480000000000015,1.0,cost_energy,0.7443095608927531,0.029653057807148046,2,stability,0.23872834379759691,0.21212880060322778,0.23872834379759691,0.7428957402488441,7.116000000000002,227.22121598542697,strict,True,0.0,0.8176715403755994,0.18232845962440059,0.004519546666619512
rough_train:rough_perlin:13,45,rough_train,rough_perlin,13,stable,cost_stability,decision_time_s,7.1480000000000015,1.0,cost_energy,0.7604004697416757,0.3671390411405104,3,stability,0.23872834379759691,0.21212880060322778,0.23872834379759691,0.7428957402488441,7.116000000000002,227.22121598542697,strict,True,0.0,0.8176715403755994,0.18232845962440059,0.004519546666619512
rough_train:rough_perlin:13,45,rough_train,rough_perlin,13,stable,cost_stability,decision_time_s,7.1480000000000015,1.0,cost_energy,0.7905744873481816,1.0,4,motion,0.23452869727041942,0.20206385746786987,0.23452869727041942,0.7905744873481816,6.952000000000002,234.8954905105598,strict,True,0.6374082084938716,0.3625917915061284,0.0,0.007938234730482958
rough_train:rough_perlin:13,45,rough_train,rough_perlin,13,efficient,cost_energy,decision_time_s,6.952000000000002,0.0,cost_stability,0.23452869727041942,0.0,1,motion,0.7905744873481816,0.20206385746786987,0.23452869727041942,0.7905744873481816,6.952000000000002,234.8954905105598,strict,True,0.6374082084938716,0.3625917915061284,0.0,0.007938234730482958
rough_train:rough_perlin:13,45,rough_train,rough_perlin,13,efficient,cost_energy,decision_time_s,6.952000000000002,0.0,cost_stability,0.23872834379759691,0.4462144017622197,1,motion,0.7905744873481816,0.20206385746786987,0.23452869727041942,0.7905744873481816,6.952000000000002,234.8954905105598,strict,True,0.6374082084938716,0.3625917915061284,0.0,0.007938234730482958
rough_train:rough_perlin:13,45,rough_train,rough_perlin,13,efficient,cost_energy,decision_time_s,6.952000000000002,0.0,cost_stability,0.24035238992917649,0.6187700605176398,1,motion,0.7905744873481816,0.20206385746786987,0.23452869727041942,0.7905744873481816,6.952000000000002,234.8954905105598,strict,True,0.6374082084938716,0.3625917915061284,0.0,0.007938234730482958
rough_train:rough_perlin:13,45,rough_train,rough_perlin,13,efficient,cost_energy,decision_time_s,6.952000000000002,0.0,cost_stability,0.243940420671977,1.0,1,motion,0.7905744873481816,0.20206385746786987,0.23452869727041942,0.7905744873481816,6.952000000000002,234.8954905105598,strict,True,0.6374082084938716,0.3625917915061284,0.0,0.007938234730482958
rough_train:rough_perlin:13,45,rough_train,rough_perlin,13,efficient,cost_energy,decision_time_s,6.969999999999996,0.09183673469384944,cost_stability,0.23452869727041942,0.0,1,motion,0.7905744873481816,0.20206385746786987,0.23452869727041942,0.7905744873481816,6.952000000000002,234.8954905105598,strict,True,0.6374082084938716,0.3625917915061284,0.0,0.007938234730482958
rough_train:rough_perlin:13,45,rough_train,rough_perlin,13,efficient,cost_energy,decision_time_s,6.969999999999996,0.09183673469384944,cost_stability,0.23872834379759691,0.4462144017622197,1,motion,0.7905744873481816,0.20206385746786987,0.23452869727041942,0.7905744873481816,6.952000000000002,234.8954905105598,strict,True,0.6374082084938716,0.3625917915061284,0.0,0.007938234730482958
rough_train:rough_perlin:13,45,rough_train,rough_perlin,13,efficient,cost_energy,decision_time_s,6.969999999999996,0.09183673469384944,cost_stability,0.24035238992917649,0.6187700605176398,1,motion,0.7905744873481816,0.20206385746786987,0.23452869727041942,0.7905744873481816,6.952000000000002,234.8954905105598,strict,True,0.6374082084938716,0.3625917915061284,0.0,0.007938234730482958
rough_train:rough_perlin:13,45,rough_train,rough_perlin,13,efficient,cost_energy,decision_time_s,6.969999999999996,0.09183673469384944,cost_stability,0.243940420671977,1.0,2,balanced,0.7443095608927531,0.20916389323905268,0.243940420671977,0.7443095608927531,6.969999999999996,221.14925563061155,strict,True,0.825696225952141,0.0,0.174303774047859,0.0022016785468369653
rough_train:rough_perlin:13,45,rough_train,rough_perlin,13,efficient,cost_energy,decision_time_s,7.116000000000002,0.8367346938775552,cost_stability,0.23452869727041942,0.0,1,motion,0.7905744873481816,0.20206385746786987,0.23452869727041942,0.7905744873481816,6.952000000000002,234.8954905105598,strict,True,0.6374082084938716,0.3625917915061284,0.0,0.007938234730482958
rough_train:rough_perlin:13,45,rough_train,rough_perlin,13,efficient,cost_energy,decision_time_s,7.116000000000002,0.8367346938775552,cost_stability,0.23872834379759691,0.4462144017622197,2,stability,0.7428957402488441,0.21212880060322778,0.23872834379759691,0.7428957402488441,7.116000000000002,227.22121598542697,strict,True,0.0,0.8176715403755994,0.18232845962440059,0.004519546666619512
rough_train:rough_perlin:13,45,rough_train,rough_perlin,13,efficient,cost_energy,decision_time_s,7.116000000000002,0.8367346938775552,cost_stability,0.24035238992917649,0.6187700605176398,2,stability,0.7428957402488441,0.21212880060322778,0.23872834379759691,0.7428957402488441,7.116000000000002,227.22121598542697,strict,True,0.0,0.8176715403755994,0.18232845962440059,0.004519546666619512
rough_train:rough_perlin:13,45,rough_train,rough_perlin,13,efficient,cost_energy,decision_time_s,7.116000000000002,0.8367346938775552,cost_stability,0.243940420671977,1.0,3,stability,0.7428957402488441,0.21212880060322778,0.23872834379759691,0.7428957402488441,7.116000000000002,227.22121598542697,strict,True,0.0,0.8176715403755994,0.18232845962440059,0.004519546666619512
rough_train:rough_perlin:13,45,rough_train,rough_perlin,13,efficient,cost_energy,decision_time_s,7.1480000000000015,1.0,cost_stability,0.23452869727041942,0.0,1,motion,0.7905744873481816,0.20206385746786987,0.23452869727041942,0.7905744873481816,6.952000000000002,234.8954905105598,strict,True,0.6374082084938716,0.3625917915061284,0.0,0.007938234730482958
rough_train:rough_perlin:13,45,rough_train,rough_perlin,13,efficient,cost_energy,decision_time_s,7.1480000000000015,1.0,cost_stability,0.23872834379759691,0.4462144017622197,2,stability,0.7428957402488441,0.21212880060322778,0.23872834379759691,0.7428957402488441,7.116000000000002,227.22121598542697,strict,True,0.0,0.8176715403755994,0.18232845962440059,0.004519546666619512
rough_train:rough_perlin:13,45,rough_train,rough_perlin,13,efficient,cost_energy,decision_time_s,7.1480000000000015,1.0,cost_stability,0.24035238992917649,0.6187700605176398,3,stability,0.7428957402488441,0.21212880060322778,0.23872834379759691,0.7428957402488441,7.116000000000002,227.22121598542697,strict,True,0.0,0.8176715403755994,0.18232845962440059,0.004519546666619512
rough_train:rough_perlin:13,45,rough_train,rough_perlin,13,efficient,cost_energy,decision_time_s,7.1480000000000015,1.0,cost_stability,0.243940420671977,1.0,4,stability,0.7428957402488441,0.21212880060322778,0.23872834379759691,0.7428957402488441,7.116000000000002,227.22121598542697,strict,True,0.0,0.8176715403755994,0.18232845962440059,0.004519546666619512
rough_train:rough_perlin:15,46,rough_train,rough_perlin,15,fast,decision_time_s,cost_stability,0.18832840416155205,0.0,cost_energy,0.792877393878985,0.12689182246343697,1,energy,7.3660000000000005,0.21683560094811194,0.18832840416155205,0.792877393878985,7.3660000000000005,249.43736127767616,strict,True,0.0,1.0,0.0,0.003482715140651821
rough_train:rough_perlin:15,46,rough_train,rough_perlin,15,fast,decision_time_s,cost_stability,0.18832840416155205,0.0,cost_energy,0.8073185897736906,1.0,1,energy,7.3660000000000005,0.21683560094811194,0.18832840416155205,0.792877393878985,7.3660000000000005,249.43736127767616,strict,True,0.0,1.0,0.0,0.003482715140651821
rough_train:rough_perlin:15,46,rough_train,rough_perlin,15,fast,decision_time_s,cost_stability,0.19181111930220388,0.4877756160197265,cost_energy,0.7907786050773489,0.0,1,balanced,7.142,0.21089399616377563,0.19181111930220388,0.7907786050773489,7.142,241.86661261612275,strict,True,0.5889145304691926,0.0,0.4110854695308074,0.004361878971767528
rough_train:rough_perlin:15,46,rough_train,rough_perlin,15,fast,decision_time_s,cost_stability,0.19181111930220388,0.4877756160197265,cost_energy,0.792877393878985,0.12689182246343697,2,balanced,7.142,0.21089399616377563,0.19181111930220388,0.7907786050773489,7.142,241.86661261612275,strict,True,0.5889145304691926,0.0,0.4110854695308074,0.004361878971767528
rough_train:rough_perlin:15,46,rough_train,rough_perlin,15,fast,decision_time_s,cost_stability,0.19181111930220388,0.4877756160197265,cost_energy,0.8073185897736906,1.0,2,balanced,7.142,0.21089399616377563,0.19181111930220388,0.7907786050773489,7.142,241.86661261612275,strict,True,0.5889145304691926,0.0,0.4110854695308074,0.004361878971767528
rough_train:rough_perlin:15,46,rough_train,rough_perlin,15,fast,decision_time_s,cost_stability,0.1954683985078684,1.0,cost_energy,0.7907786050773489,0.0,1,balanced,7.142,0.21089399616377563,0.19181111930220388,0.7907786050773489,7.142,241.86661261612275,strict,True,0.5889145304691926,0.0,0.4110854695308074,0.004361878971767528
rough_train:rough_perlin:15,46,rough_train,rough_perlin,15,fast,decision_time_s,cost_stability,0.1954683985078684,1.0,cost_energy,0.792877393878985,0.12689182246343697,2,balanced,7.142,0.21089399616377563,0.19181111930220388,0.7907786050773489,7.142,241.86661261612275,strict,True,0.5889145304691926,0.0,0.4110854695308074,0.004361878971767528
rough_train:rough_perlin:15,46,rough_train,rough_perlin,15,fast,decision_time_s,cost_stability,0.1954683985078684,1.0,cost_energy,0.8073185897736906,1.0,3,motion,6.957999999999999,0.2067550790933842,0.1954683985078684,0.8073185897736906,6.957999999999999,239.87049819843986,strict,True,1.0,0.0,0.0,0.004138917070391435
rough_train:rough_perlin:15,46,rough_train,rough_perlin,15,stable,cost_stability,decision_time_s,6.957999999999999,0.0,cost_energy,0.8073185897736906,1.0,1,motion,0.1954683985078684,0.2067550790933842,0.1954683985078684,0.8073185897736906,6.957999999999999,239.87049819843986,strict,True,1.0,0.0,0.0,0.004138917070391435
rough_train:rough_perlin:15,46,rough_train,rough_perlin,15,stable,cost_stability,decision_time_s,7.142,0.4509803921568639,cost_energy,0.7907786050773489,0.0,1,balanced,0.19181111930220388,0.21089399616377563,0.19181111930220388,0.7907786050773489,7.142,241.86661261612275,strict,True,0.5889145304691926,0.0,0.4110854695308074,0.004361878971767528
rough_train:rough_perlin:15,46,rough_train,rough_perlin,15,stable,cost_stability,decision_time_s,7.142,0.4509803921568639,cost_energy,0.792877393878985,0.12689182246343697,1,balanced,0.19181111930220388,0.21089399616377563,0.19181111930220388,0.7907786050773489,7.142,241.86661261612275,strict,True,0.5889145304691926,0.0,0.4110854695308074,0.004361878971767528
rough_train:rough_perlin:15,46,rough_train,rough_perlin,15,stable,cost_stability,decision_time_s,7.142,0.4509803921568639,cost_energy,0.8073185897736906,1.0,2,balanced,0.19181111930220388,0.21089399616377563,0.19181111930220388,0.7907786050773489,7.142,241.86661261612275,strict,True,0.5889145304691926,0.0,0.4110854695308074,0.004361878971767528
rough_train:rough_perlin:15,46,rough_train,rough_perlin,15,stable,cost_stability,decision_time_s,7.3660000000000005,1.0,cost_energy,0.7907786050773489,0.0,1,balanced,0.19181111930220388,0.21089399616377563,0.19181111930220388,0.7907786050773489,7.142,241.86661261612275,strict,True,0.5889145304691926,0.0,0.4110854695308074,0.004361878971767528
rough_train:rough_perlin:15,46,rough_train,rough_perlin,15,stable,cost_stability,decision_time_s,7.3660000000000005,1.0,cost_energy,0.792877393878985,0.12689182246343697,2,energy,0.18832840416155205,0.21683560094811194,0.18832840416155205,0.792877393878985,7.3660000000000005,249.43736127767616,strict,True,0.0,1.0,0.0,0.003482715140651821
rough_train:rough_perlin:15,46,rough_train,rough_perlin,15,stable,cost_stability,decision_time_s,7.3660000000000005,1.0,cost_energy,0.8073185897736906,1.0,3,energy,0.18832840416155205,0.21683560094811194,0.18832840416155205,0.792877393878985,7.3660000000000005,249.43736127767616,strict,True,0.0,1.0,0.0,0.003482715140651821
rough_train:rough_perlin:15,46,rough_train,rough_perlin,15,efficient,cost_energy,decision_time_s,6.957999999999999,0.0,cost_stability,0.1954683985078684,1.0,1,motion,0.8073185897736906,0.2067550790933842,0.1954683985078684,0.8073185897736906,6.957999999999999,239.87049819843986,strict,True,1.0,0.0,0.0,0.004138917070391435
rough_train:rough_perlin:15,46,rough_train,rough_perlin,15,efficient,cost_energy,decision_time_s,7.142,0.4509803921568639,cost_stability,0.19181111930220388,0.4877756160197265,1,balanced,0.7907786050773489,0.21089399616377563,0.19181111930220388,0.7907786050773489,7.142,241.86661261612275,strict,True,0.5889145304691926,0.0,0.4110854695308074,0.004361878971767528
rough_train:rough_perlin:15,46,rough_train,rough_perlin,15,efficient,cost_energy,decision_time_s,7.142,0.4509803921568639,cost_stability,0.1954683985078684,1.0,2,balanced,0.7907786050773489,0.21089399616377563,0.19181111930220388,0.7907786050773489,7.142,241.86661261612275,strict,True,0.5889145304691926,0.0,0.4110854695308074,0.004361878971767528
rough_train:rough_perlin:15,46,rough_train,rough_perlin,15,efficient,cost_energy,decision_time_s,7.3660000000000005,1.0,cost_stability,0.18832840416155205,0.0,1,energy,0.792877393878985,0.21683560094811194,0.18832840416155205,0.792877393878985,7.3660000000000005,249.43736127767616,strict,True,0.0,1.0,0.0,0.003482715140651821
rough_train:rough_perlin:15,46,rough_train,rough_perlin,15,efficient,cost_energy,decision_time_s,7.3660000000000005,1.0,cost_stability,0.19181111930220388,0.4877756160197265,2,balanced,0.7907786050773489,0.21089399616377563,0.19181111930220388,0.7907786050773489,7.142,241.86661261612275,strict,True,0.5889145304691926,0.0,0.4110854695308074,0.004361878971767528
rough_train:rough_perlin:15,46,rough_train,rough_perlin,15,efficient,cost_energy,decision_time_s,7.3660000000000005,1.0,cost_stability,0.1954683985078684,1.0,3,balanced,0.7907786050773489,0.21089399616377563,0.19181111930220388,0.7907786050773489,7.142,241.86661261612275,strict,True,0.5889145304691926,0.0,0.4110854695308074,0.004361878971767528
rough_train:rough_perlin:17,47,rough_train,rough_perlin,17,fast,decision_time_s,cost_stability,0.04260832737082748,0.0,cost_energy,0.6017408618333159,0.2258100662677248,1,stability,7.334000000000002,0.22062209819603718,0.04260832737082748,0.6017408618333159,7.334000000000002,189.30625832871954,strict,True,0.0,0.9164676924018583,0.08353230759814158,0.0010801340686263775
rough_train:rough_perlin:17,47,rough_train,rough_perlin,17,fast,decision_time_s,cost_stability,0.04260832737082748,0.0,cost_energy,0.6089159575378953,0.721437233475669,1,stability,7.334000000000002,0.22062209819603718,0.04260832737082748,0.6017408618333159,7.334000000000002,189.30625832871954,strict,True,0.0,0.9164676924018583,0.08353230759814158,0.0010801340686263775
rough_train:rough_perlin:17,47,rough_train,rough_perlin,17,fast,decision_time_s,cost_stability,0.04260832737082748,0.0,cost_energy,0.6129486551819813,1.0,1,stability,7.334000000000002,0.22062209819603718,0.04260832737082748,0.6017408618333159,7.334000000000002,189.30625832871954,strict,True,0.0,0.9164676924018583,0.08353230759814158,0.0010801340686263775
rough_train:rough_perlin:17,47,rough_train,rough_perlin,17,fast,decision_time_s,cost_stability,0.04276536643322156,0.1063389728353556,cost_energy,0.6017408618333159,0.2258100662677248,1,stability,7.334000000000002,0.22062209819603718,0.04260832737082748,0.6017408618333159,7.334000000000002,189.30625832871954,strict,True,0.0,0.9164676924018583,0.08353230759814158,0.0010801340686263775
rough_train:rough_perlin:17,47,rough_train,rough_perlin,17,fast,decision_time_s,cost_stability,0.04276536643322156,0.1063389728353556,cost_energy,0.6089159575378953,0.721437233475669,1,stability,7.334000000000002,0.22062209819603718,0.04260832737082748,0.6017408618333159,7.334000000000002,189.30625832871954,strict,True,0.0,0.9164676924018583,0.08353230759814158,0.0010801340686263775
rough_train:rough_perlin:17,47,rough_train,rough_perlin,17,fast,decision_time_s,cost_stability,0.04276536643322156,0.1063389728353556,cost_energy,0.6129486551819813,1.0,2,motion,7.1499999999999995,0.2111010359241704,0.04276536643322156,0.6129486551819813,7.1499999999999995,187.47575362382574,strict,True,1.0,-0.0,0.0,0.006878159615091639
rough_train:rough_perlin:17,47,rough_train,rough_perlin,17,fast,decision_time_s,cost_stability,0.04408486801122388,0.9998392288881229,cost_energy,0.5984718545154653,0.0,1,energy,7.551999999999999,0.22350414832941548,0.04408486801122388,0.5984718545154653,7.551999999999999,193.50777622130258,strict,True,0.0,0.0,1.0,0.003269007317850625
rough_train:rough_perlin:17,47,rough_train,rough_perlin,17,fast,decision_time_s,cost_stability,0.04408486801122388,0.9998392288881229,cost_energy,0.6017408618333159,0.2258100662677248,2,stability,7.334000000000002,0.22062209819603718,0.04260832737082748,0.6017408618333159,7.334000000000002,189.30625832871954,strict,True,0.0,0.9164676924018583,0.08353230759814158,0.0010801340686263775
rough_train:rough_perlin:17,47,rough_train,rough_perlin,17,fast,decision_time_s,cost_stability,0.04408486801122388,0.9998392288881229,cost_energy,0.6089159575378953,0.721437233475669,2,stability,7.334000000000002,0.22062209819603718,0.04260832737082748,0.6017408618333159,7.334000000000002,189.30625832871954,strict,True,0.0,0.9164676924018583,0.08353230759814158,0.0010801340686263775
rough_train:rough_perlin:17,47,rough_train,rough_perlin,17,fast,decision_time_s,cost_stability,0.04408486801122388,0.9998392288881229,cost_energy,0.6129486551819813,1.0,3,motion,7.1499999999999995,0.2111010359241704,0.04276536643322156,0.6129486551819813,7.1499999999999995,187.47575362382574,strict,True,1.0,-0.0,0.0,0.006878159615091639
rough_train:rough_perlin:17,47,rough_train,rough_perlin,17,fast,decision_time_s,cost_stability,0.04408510543447517,1.0,cost_energy,0.5984718545154653,0.0,1,energy,7.551999999999999,0.22350414832941548,0.04408486801122388,0.5984718545154653,7.551999999999999,193.50777622130258,strict,True,0.0,0.0,1.0,0.003269007317850625
rough_train:rough_perlin:17,47,rough_train,rough_perlin,17,fast,decision_time_s,cost_stability,0.04408510543447517,1.0,cost_energy,0.6017408618333159,0.2258100662677248,2,stability,7.334000000000002,0.22062209819603718,0.04260832737082748,0.6017408618333159,7.334000000000002,189.30625832871954,strict,True,0.0,0.9164676924018583,0.08353230759814158,0.0010801340686263775
rough_train:rough_perlin:17,47,rough_train,rough_perlin,17,fast,decision_time_s,cost_stability,0.04408510543447517,1.0,cost_energy,0.6089159575378953,0.721437233475669,3,stability,7.334000000000002,0.22062209819603718,0.04260832737082748,0.6017408618333159,7.334000000000002,189.30625832871954,strict,True,0.0,0.9164676924018583,0.08353230759814158,0.0010801340686263775
rough_train:rough_perlin:17,47,rough_train,rough_perlin,17,fast,decision_time_s,cost_stability,0.04408510543447517,1.0,cost_energy,0.6129486551819813,1.0,4,motion,7.1499999999999995,0.2111010359241704,0.04276536643322156,0.6129486551819813,7.1499999999999995,187.47575362382574,strict,True,1.0,-0.0,0.0,0.006878159615091639
rough_train:rough_perlin:17,47,rough_train,rough_perlin,17,stable,cost_stability,decision_time_s,7.1499999999999995,0.0,cost_energy,0.6129486551819813,1.0,1,motion,0.04276536643322156,0.2111010359241704,0.04276536643322156,0.6129486551819813,7.1499999999999995,187.47575362382574,strict,True,1.0,-0.0,0.0,0.006878159615091639
rough_train:rough_perlin:17,47,rough_train,rough_perlin,17,stable,cost_stability,decision_time_s,7.334000000000002,0.45771144278607756,cost_energy,0.6017408618333159,0.2258100662677248,1,stability,0.04260832737082748,0.22062209819603718,0.04260832737082748,0.6017408618333159,7.334000000000002,189.30625832871954,strict,True,0.0,0.9164676924018583,0.08353230759814158,0.0010801340686263775
rough_train:rough_perlin:17,47,rough_train,rough_perlin,17,stable,cost_stability,decision_time_s,7.334000000000002,0.45771144278607756,cost_energy,0.6089159575378953,0.721437233475669,1,stability,0.04260832737082748,0.22062209819603718,0.04260832737082748,0.6017408618333159,7.334000000000002,189.30625832871954,strict,True,0.0,0.9164676924018583,0.08353230759814158,0.0010801340686263775
rough_train:rough_perlin:17,47,rough_train,rough_perlin,17,stable,cost_stability,decision_time_s,7.334000000000002,0.45771144278607756,cost_energy,0.6129486551819813,1.0,2,stability,0.04260832737082748,0.22062209819603718,0.04260832737082748,0.6017408618333159,7.334000000000002,189.30625832871954,strict,True,0.0,0.9164676924018583,0.08353230759814158,0.0010801340686263775
rough_train:rough_perlin:17,47,rough_train,rough_perlin,17,stable,cost_stability,decision_time_s,7.371999999999997,0.5522388059701447,cost_energy,0.6017408618333159,0.2258100662677248,1,stability,0.04260832737082748,0.22062209819603718,0.04260832737082748,0.6017408618333159,7.334000000000002,189.30625832871954,strict,True,0.0,0.9164676924018583,0.08353230759814158,0.0010801340686263775
rough_train:rough_perlin:17,47,rough_train,rough_perlin,17,stable,cost_stability,decision_time_s,7.371999999999997,0.5522388059701447,cost_energy,0.6089159575378953,0.721437233475669,2,stability,0.04260832737082748,0.22062209819603718,0.04260832737082748,0.6017408618333159,7.334000000000002,189.30625832871954,strict,True,0.0,0.9164676924018583,0.08353230759814158,0.0010801340686263775
rough_train:rough_perlin:17,47,rough_train,rough_perlin,17,stable,cost_stability,decision_time_s,7.371999999999997,0.5522388059701447,cost_energy,0.6129486551819813,1.0,3,stability,0.04260832737082748,0.22062209819603718,0.04260832737082748,0.6017408618333159,7.334000000000002,189.30625832871954,strict,True,0.0,0.9164676924018583,0.08353230759814158,0.0010801340686263775
rough_train:rough_perlin:17,47,rough_train,rough_perlin,17,stable,cost_stability,decision_time_s,7.551999999999999,1.0,cost_energy,0.5984718545154653,0.0,1,energy,0.04408486801122388,0.22350414832941548,0.04408486801122388,0.5984718545154653,7.551999999999999,193.50777622130258,strict,True,0.0,0.0,1.0,0.003269007317850625
rough_train:rough_perlin:17,47,rough_train,rough_perlin,17,stable,cost_stability,decision_time_s,7.551999999999999,1.0,cost_energy,0.6017408618333159,0.2258100662677248,2,stability,0.04260832737082748,0.22062209819603718,0.04260832737082748,0.6017408618333159,7.334000000000002,189.30625832871954,strict,True,0.0,0.9164676924018583,0.08353230759814158,0.0010801340686263775
rough_train:rough_perlin:17,47,rough_train,rough_perlin,17,stable,cost_stability,decision_time_s,7.551999999999999,1.0,cost_energy,0.6089159575378953,0.721437233475669,3,stability,0.04260832737082748,0.22062209819603718,0.04260832737082748,0.6017408618333159,7.334000000000002,189.30625832871954,strict,True,0.0,0.9164676924018583,0.08353230759814158,0.0010801340686263775
rough_train:rough_perlin:17,47,rough_train,rough_perlin,17,stable,cost_stability,decision_time_s,7.551999999999999,1.0,cost_energy,0.6129486551819813,1.0,4,stability,0.04260832737082748,0.22062209819603718,0.04260832737082748,0.6017408618333159,7.334000000000002,189.30625832871954,strict,True,0.0,0.9164676924018583,0.08353230759814158,0.0010801340686263775
rough_train:rough_perlin:17,47,rough_train,rough_perlin,17,efficient,cost_energy,decision_time_s,7.1499999999999995,0.0,cost_stability,0.04276536643322156,0.1063389728353556,1,motion,0.6129486551819813,0.2111010359241704,0.04276536643322156,0.6129486551819813,7.1499999999999995,187.47575362382574,strict,True,1.0,-0.0,0.0,0.006878159615091639
rough_train:rough_perlin:17,47,rough_train,rough_perlin,17,efficient,cost_energy,decision_time_s,7.1499999999999995,0.0,cost_stability,0.04408486801122388,0.9998392288881229,1,motion,0.6129486551819813,0.2111010359241704,0.04276536643322156,0.6129486551819813,7.1499999999999995,187.47575362382574,strict,True,1.0,-0.0,0.0,0.006878159615091639
rough_train:rough_perlin:17,47,rough_train,rough_perlin,17,efficient,cost_energy,decision_time_s,7.1499999999999995,0.0,cost_stability,0.04408510543447517,1.0,1,motion,0.6129486551819813,0.2111010359241704,0.04276536643322156,0.6129486551819813,7.1499999999999995,187.47575362382574,strict,True,1.0,-0.0,0.0,0.006878159615091639
rough_train:rough_perlin:17,47,rough_train,rough_perlin,17,efficient,cost_energy,decision_time_s,7.334000000000002,0.45771144278607756,cost_stability,0.04260832737082748,0.0,1,stability,0.6017408618333159,0.22062209819603718,0.04260832737082748,0.6017408618333159,7.334000000000002,189.30625832871954,strict,True,0.0,0.9164676924018583,0.08353230759814158,0.0010801340686263775
rough_train:rough_perlin:17,47,rough_train,rough_perlin,17,efficient,cost_energy,decision_time_s,7.334000000000002,0.45771144278607756,cost_stability,0.04276536643322156,0.1063389728353556,2,stability,0.6017408618333159,0.22062209819603718,0.04260832737082748,0.6017408618333159,7.334000000000002,189.30625832871954,strict,True,0.0,0.9164676924018583,0.08353230759814158,0.0010801340686263775
rough_train:rough_perlin:17,47,rough_train,rough_perlin,17,efficient,cost_energy,decision_time_s,7.334000000000002,0.45771144278607756,cost_stability,0.04408486801122388,0.9998392288881229,2,stability,0.6017408618333159,0.22062209819603718,0.04260832737082748,0.6017408618333159,7.334000000000002,189.30625832871954,strict,True,0.0,0.9164676924018583,0.08353230759814158,0.0010801340686263775
rough_train:rough_perlin:17,47,rough_train,rough_perlin,17,efficient,cost_energy,decision_time_s,7.334000000000002,0.45771144278607756,cost_stability,0.04408510543447517,1.0,2,stability,0.6017408618333159,0.22062209819603718,0.04260832737082748,0.6017408618333159,7.334000000000002,189.30625832871954,strict,True,0.0,0.9164676924018583,0.08353230759814158,0.0010801340686263775
rough_train:rough_perlin:17,47,rough_train,rough_perlin,17,efficient,cost_energy,decision_time_s,7.371999999999997,0.5522388059701447,cost_stability,0.04260832737082748,0.0,1,stability,0.6017408618333159,0.22062209819603718,0.04260832737082748,0.6017408618333159,7.334000000000002,189.30625832871954,strict,True,0.0,0.9164676924018583,0.08353230759814158,0.0010801340686263775
rough_train:rough_perlin:17,47,rough_train,rough_perlin,17,efficient,cost_energy,decision_time_s,7.371999999999997,0.5522388059701447,cost_stability,0.04276536643322156,0.1063389728353556,2,stability,0.6017408618333159,0.22062209819603718,0.04260832737082748,0.6017408618333159,7.334000000000002,189.30625832871954,strict,True,0.0,0.9164676924018583,0.08353230759814158,0.0010801340686263775
rough_train:rough_perlin:17,47,rough_train,rough_perlin,17,efficient,cost_energy,decision_time_s,7.371999999999997,0.5522388059701447,cost_stability,0.04408486801122388,0.9998392288881229,2,stability,0.6017408618333159,0.22062209819603718,0.04260832737082748,0.6017408618333159,7.334000000000002,189.30625832871954,strict,True,0.0,0.9164676924018583,0.08353230759814158,0.0010801340686263775
rough_train:rough_perlin:17,47,rough_train,rough_perlin,17,efficient,cost_energy,decision_time_s,7.371999999999997,0.5522388059701447,cost_stability,0.04408510543447517,1.0,3,stability,0.6017408618333159,0.22062209819603718,0.04260832737082748,0.6017408618333159,7.334000000000002,189.30625832871954,strict,True,0.0,0.9164676924018583,0.08353230759814158,0.0010801340686263775
rough_train:rough_perlin:17,47,rough_train,rough_perlin,17,efficient,cost_energy,decision_time_s,7.551999999999999,1.0,cost_stability,0.04260832737082748,0.0,1,stability,0.6017408618333159,0.22062209819603718,0.04260832737082748,0.6017408618333159,7.334000000000002,189.30625832871954,strict,True,0.0,0.9164676924018583,0.08353230759814158,0.0010801340686263775
rough_train:rough_perlin:17,47,rough_train,rough_perlin,17,efficient,cost_energy,decision_time_s,7.551999999999999,1.0,cost_stability,0.04276536643322156,0.1063389728353556,2,stability,0.6017408618333159,0.22062209819603718,0.04260832737082748,0.6017408618333159,7.334000000000002,189.30625832871954,strict,True,0.0,0.9164676924018583,0.08353230759814158,0.0010801340686263775
rough_train:rough_perlin:17,47,rough_train,rough_perlin,17,efficient,cost_energy,decision_time_s,7.551999999999999,1.0,cost_stability,0.04408486801122388,0.9998392288881229,3,energy,0.5984718545154653,0.22350414832941548,0.04408486801122388,0.5984718545154653,7.551999999999999,193.50777622130258,strict,True,0.0,0.0,1.0,0.003269007317850625
rough_train:rough_perlin:17,47,rough_train,rough_perlin,17,efficient,cost_energy,decision_time_s,7.551999999999999,1.0,cost_stability,0.04408510543447517,1.0,4,energy,0.5984718545154653,0.22350414832941548,0.04408486801122388,0.5984718545154653,7.551999999999999,193.50777622130258,strict,True,0.0,0.0,1.0,0.003269007317850625
rough_train:rough_perlin:18,48,rough_train,rough_perlin,18,fast,decision_time_s,cost_stability,0.016999903373684726,0.0,cost_energy,0.5893777842820805,1.0,1,motion,7.574,0.22770743095856724,0.016999903373684726,0.5893777842820805,7.574,190.5673316634088,strict,True,1.0,-0.0,0.0,0.007321049466983032
rough_train:rough_perlin:18,48,rough_train,rough_perlin,18,fast,decision_time_s,cost_stability,0.017589174800015935,0.23142546274960926,cost_energy,0.5803122142777307,0.2348079792707103,1,stability,7.769999999999999,0.23615638562886748,0.017589174800015935,0.5803122142777307,7.769999999999999,192.70734827620475,strict,True,0.4420062712745394,0.0,0.5579937287254607,0.0013240402597618343
rough_train:rough_perlin:18,48,rough_train,rough_perlin,18,fast,decision_time_s,cost_stability,0.017589174800015935,0.23142546274960926,cost_energy,0.5860545091447605,0.7194943487783834,1,stability,7.769999999999999,0.23615638562886748,0.017589174800015935,0.5803122142777307,7.769999999999999,192.70734827620475,strict,True,0.4420062712745394,0.0,0.5579937287254607,0.0013240402597618343
rough_train:rough_perlin:18,48,rough_train,rough_perlin,18,fast,decision_time_s,cost_stability,0.017589174800015935,0.23142546274960926,cost_energy,0.5893777842820805,1.0,2,motion,7.574,0.22770743095856724,0.016999903373684726,0.5893777842820805,7.574,190.5673316634088,strict,True,1.0,-0.0,0.0,0.007321049466983032
rough_train:rough_perlin:18,48,rough_train,rough_perlin,18,fast,decision_time_s,cost_stability,0.01763833969824639,0.2507340679451131,cost_energy,0.5803122142777307,0.2348079792707103,1,stability,7.769999999999999,0.23615638562886748,0.017589174800015935,0.5803122142777307,7.769999999999999,192.70734827620475,strict,True,0.4420062712745394,0.0,0.5579937287254607,0.0013240402597618343
rough_train:rough_perlin:18,48,rough_train,rough_perlin,18,fast,decision_time_s,cost_stability,0.01763833969824639,0.2507340679451131,cost_energy,0.5860545091447605,0.7194943487783834,2,balanced,7.768,0.23502848042555027,0.01763833969824639,0.5860545091447605,7.768,194.61422252358315,unsupported,False,0.0,0.9389662242966903,0.061033775703309756,-0.00039663811579594726
rough_train:rough_perlin:18,48,rough_train,rough_perlin,18,fast,decision_time_s,cost_stability,0.01763833969824639,0.2507340679451131,cost_energy,0.5893777842820805,1.0,3,motion,7.574,0.22770743095856724,0.016999903373684726,0.5893777842820805,7.574,190.5673316634088,strict,True,1.0,-0.0,0.0,0.007321049466983032
rough_train:rough_perlin:18,48,rough_train,rough_perlin,18,fast,decision_time_s,cost_stability,0.01954617213482261,1.0,cost_energy,0.5775303397730414,0.0,1,energy,7.976,0.24266377924386262,0.01954617213482261,0.5775303397730414,7.976,196.8304921834765,strict,True,0.0,0.0,1.0,0.0027818745046893634
rough_train:rough_perlin:18,48,rough_train,rough_perlin,18,fast,decision_time_s,cost_stability,0.01954617213482261,1.0,cost_energy,0.5803122142777307,0.2348079792707103,2,stability,7.769999999999999,0.23615638562886748,0.017589174800015935,0.5803122142777307,7.769999999999999,192.70734827620475,strict,True,0.4420062712745394,0.0,0.5579937287254607,0.0013240402597618343
rough_train:rough_perlin:18,48,rough_train,rough_perlin,18,fast,decision_time_s,cost_stability,0.01954617213482261,1.0,cost_energy,0.5860545091447605,0.7194943487783834,3,balanced,7.768,0.23502848042555027,0.01763833969824639,0.5860545091447605,7.768,194.61422252358315,unsupported,False,0.0,0.9389662242966903,0.061033775703309756,-0.00039663811579594726
rough_train:rough_perlin:18,48,rough_train,rough_perlin,18,fast,decision_time_s,cost_stability,0.01954617213482261,1.0,cost_energy,0.5893777842820805,1.0,4,motion,7.574,0.22770743095856724,0.016999903373684726,0.5893777842820805,7.574,190.5673316634088,strict,True,1.0,-0.0,0.0,0.007321049466983032
rough_train:rough_perlin:18,48,rough_train,rough_perlin,18,stable,cost_stability,decision_time_s,7.574,0.0,cost_energy,0.5893777842820805,1.0,1,motion,0.016999903373684726,0.22770743095856724,0.016999903373684726,0.5893777842820805,7.574,190.5673316634088,strict,True,1.0,-0.0,0.0,0.007321049466983032
rough_train:rough_perlin:18,48,rough_train,rough_perlin,18,stable,cost_stability,decision_time_s,7.768,0.4825870646766166,cost_energy,0.5860545091447605,0.7194943487783834,1,balanced,0.01763833969824639,0.23502848042555027,0.01763833969824639,0.5860545091447605,7.768,194.61422252358315,unsupported,False,0.0,0.9389662242966903,0.061033775703309756,-0.00039663811579594726
rough_train:rough_perlin:18,48,rough_train,rough_perlin,18,stable,cost_stability,decision_time_s,7.768,0.4825870646766166,cost_energy,0.5893777842820805,1.0,2,motion,0.016999903373684726,0.22770743095856724,0.016999903373684726,0.5893777842820805,7.574,190.5673316634088,strict,True,1.0,-0.0,0.0,0.007321049466983032
rough_train:rough_perlin:18,48,rough_train,rough_perlin,18,stable,cost_stability,decision_time_s,7.769999999999999,0.4875621890547233,cost_energy,0.5803122142777307,0.2348079792707103,1,stability,0.017589174800015935,0.23615638562886748,0.017589174800015935,0.5803122142777307,7.769999999999999,192.70734827620475,strict,True,0.4420062712745394,0.0,0.5579937287254607,0.0013240402597618343
rough_train:rough_perlin:18,48,rough_train,rough_perlin,18,stable,cost_stability,decision_time_s,7.769999999999999,0.4875621890547233,cost_energy,0.5860545091447605,0.7194943487783834,2,stability,0.017589174800015935,0.23615638562886748,0.017589174800015935,0.5803122142777307,7.769999999999999,192.70734827620475,strict,True,0.4420062712745394,0.0,0.5579937287254607,0.0013240402597618343
rough_train:rough_perlin:18,48,rough_train,rough_perlin,18,stable,cost_stability,decision_time_s,7.769999999999999,0.4875621890547233,cost_energy,0.5893777842820805,1.0,3,motion,0.016999903373684726,0.22770743095856724,0.016999903373684726,0.5893777842820805,7.574,190.5673316634088,strict,True,1.0,-0.0,0.0,0.007321049466983032
rough_train:rough_perlin:18,48,rough_train,rough_perlin,18,stable,cost_stability,decision_time_s,7.976,1.0,cost_energy,0.5775303397730414,0.0,1,energy,0.01954617213482261,0.24266377924386262,0.01954617213482261,0.5775303397730414,7.976,196.8304921834765,strict,True,0.0,0.0,1.0,0.0027818745046893634
rough_train:rough_perlin:18,48,rough_train,rough_perlin,18,stable,cost_stability,decision_time_s,7.976,1.0,cost_energy,0.5803122142777307,0.2348079792707103,2,stability,0.017589174800015935,0.23615638562886748,0.017589174800015935,0.5803122142777307,7.769999999999999,192.70734827620475,strict,True,0.4420062712745394,0.0,0.5579937287254607,0.0013240402597618343
rough_train:rough_perlin:18,48,rough_train,rough_perlin,18,stable,cost_stability,decision_time_s,7.976,1.0,cost_energy,0.5860545091447605,0.7194943487783834,3,stability,0.017589174800015935,0.23615638562886748,0.017589174800015935,0.5803122142777307,7.769999999999999,192.70734827620475,strict,True,0.4420062712745394,0.0,0.5579937287254607,0.0013240402597618343
rough_train:rough_perlin:18,48,rough_train,rough_perlin,18,stable,cost_stability,decision_time_s,7.976,1.0,cost_energy,0.5893777842820805,1.0,4,motion,0.016999903373684726,0.22770743095856724,0.016999903373684726,0.5893777842820805,7.574,190.5673316634088,strict,True,1.0,-0.0,0.0,0.007321049466983032
rough_train:rough_perlin:18,48,rough_train,rough_perlin,18,efficient,cost_energy,decision_time_s,7.574,0.0,cost_stability,0.016999903373684726,0.0,1,motion,0.5893777842820805,0.22770743095856724,0.016999903373684726,0.5893777842820805,7.574,190.5673316634088,strict,True,1.0,-0.0,0.0,0.007321049466983032
rough_train:rough_perlin:18,48,rough_train,rough_perlin,18,efficient,cost_energy,decision_time_s,7.574,0.0,cost_stability,0.017589174800015935,0.23142546274960926,1,motion,0.5893777842820805,0.22770743095856724,0.016999903373684726,0.5893777842820805,7.574,190.5673316634088,strict,True,1.0,-0.0,0.0,0.007321049466983032
rough_train:rough_perlin:18,48,rough_train,rough_perlin,18,efficient,cost_energy,decision_time_s,7.574,0.0,cost_stability,0.01763833969824639,0.2507340679451131,1,motion,0.5893777842820805,0.22770743095856724,0.016999903373684726,0.5893777842820805,7.574,190.5673316634088,strict,True,1.0,-0.0,0.0,0.007321049466983032
rough_train:rough_perlin:18,48,rough_train,rough_perlin,18,efficient,cost_energy,decision_time_s,7.574,0.0,cost_stability,0.01954617213482261,1.0,1,motion,0.5893777842820805,0.22770743095856724,0.016999903373684726,0.5893777842820805,7.574,190.5673316634088,strict,True,1.0,-0.0,0.0,0.007321049466983032
rough_train:rough_perlin:18,48,rough_train,rough_perlin,18,efficient,cost_energy,decision_time_s,7.768,0.4825870646766166,cost_stability,0.016999903373684726,0.0,1,motion,0.5893777842820805,0.22770743095856724,0.016999903373684726,0.5893777842820805,7.574,190.5673316634088,strict,True,1.0,-0.0,0.0,0.007321049466983032
rough_train:rough_perlin:18,48,rough_train,rough_perlin,18,efficient,cost_energy,decision_time_s,7.768,0.4825870646766166,cost_stability,0.017589174800015935,0.23142546274960926,1,motion,0.5893777842820805,0.22770743095856724,0.016999903373684726,0.5893777842820805,7.574,190.5673316634088,strict,True,1.0,-0.0,0.0,0.007321049466983032
rough_train:rough_perlin:18,48,rough_train,rough_perlin,18,efficient,cost_energy,decision_time_s,7.768,0.4825870646766166,cost_stability,0.01763833969824639,0.2507340679451131,2,balanced,0.5860545091447605,0.23502848042555027,0.01763833969824639,0.5860545091447605,7.768,194.61422252358315,unsupported,False,0.0,0.9389662242966903,0.061033775703309756,-0.00039663811579594726
rough_train:rough_perlin:18,48,rough_train,rough_perlin,18,efficient,cost_energy,decision_time_s,7.768,0.4825870646766166,cost_stability,0.01954617213482261,1.0,2,balanced,0.5860545091447605,0.23502848042555027,0.01763833969824639,0.5860545091447605,7.768,194.61422252358315,unsupported,False,0.0,0.9389662242966903,0.061033775703309756,-0.00039663811579594726
rough_train:rough_perlin:18,48,rough_train,rough_perlin,18,efficient,cost_energy,decision_time_s,7.769999999999999,0.4875621890547233,cost_stability,0.016999903373684726,0.0,1,motion,0.5893777842820805,0.22770743095856724,0.016999903373684726,0.5893777842820805,7.574,190.5673316634088,strict,True,1.0,-0.0,0.0,0.007321049466983032
rough_train:rough_perlin:18,48,rough_train,rough_perlin,18,efficient,cost_energy,decision_time_s,7.769999999999999,0.4875621890547233,cost_stability,0.017589174800015935,0.23142546274960926,2,stability,0.5803122142777307,0.23615638562886748,0.017589174800015935,0.5803122142777307,7.769999999999999,192.70734827620475,strict,True,0.4420062712745394,0.0,0.5579937287254607,0.0013240402597618343
rough_train:rough_perlin:18,48,rough_train,rough_perlin,18,efficient,cost_energy,decision_time_s,7.769999999999999,0.4875621890547233,cost_stability,0.01763833969824639,0.2507340679451131,3,stability,0.5803122142777307,0.23615638562886748,0.017589174800015935,0.5803122142777307,7.769999999999999,192.70734827620475,strict,True,0.4420062712745394,0.0,0.5579937287254607,0.0013240402597618343
rough_train:rough_perlin:18,48,rough_train,rough_perlin,18,efficient,cost_energy,decision_time_s,7.769999999999999,0.4875621890547233,cost_stability,0.01954617213482261,1.0,3,stability,0.5803122142777307,0.23615638562886748,0.017589174800015935,0.5803122142777307,7.769999999999999,192.70734827620475,strict,True,0.4420062712745394,0.0,0.5579937287254607,0.0013240402597618343
rough_train:rough_perlin:18,48,rough_train,rough_perlin,18,efficient,cost_energy,decision_time_s,7.976,1.0,cost_stability,0.016999903373684726,0.0,1,motion,0.5893777842820805,0.22770743095856724,0.016999903373684726,0.5893777842820805,7.574,190.5673316634088,strict,True,1.0,-0.0,0.0,0.007321049466983032
rough_train:rough_perlin:18,48,rough_train,rough_perlin,18,efficient,cost_energy,decision_time_s,7.976,1.0,cost_stability,0.017589174800015935,0.23142546274960926,2,stability,0.5803122142777307,0.23615638562886748,0.017589174800015935,0.5803122142777307,7.769999999999999,192.70734827620475,strict,True,0.4420062712745394,0.0,0.5579937287254607,0.0013240402597618343
rough_train:rough_perlin:18,48,rough_train,rough_perlin,18,efficient,cost_energy,decision_time_s,7.976,1.0,cost_stability,0.01763833969824639,0.2507340679451131,3,stability,0.5803122142777307,0.23615638562886748,0.017589174800015935,0.5803122142777307,7.769999999999999,192.70734827620475,strict,True,0.4420062712745394,0.0,0.5579937287254607,0.0013240402597618343
rough_train:rough_perlin:18,48,rough_train,rough_perlin,18,efficient,cost_energy,decision_time_s,7.976,1.0,cost_stability,0.01954617213482261,1.0,4,energy,0.5775303397730414,0.24266377924386262,0.01954617213482261,0.5775303397730414,7.976,196.8304921834765,strict,True,0.0,0.0,1.0,0.0027818745046893634
rough_train:rough_perlin:20,49,rough_train,rough_perlin,20,fast,decision_time_s,cost_stability,0.0474411660750398,0.0,cost_energy,0.6101150661790047,3.049299373875131e-06,1,stability,7.580000000000002,0.22760482454271327,0.0474411660750398,0.6101150661790047,7.580000000000002,197.27245116814635,strict,True,0.5844554371877738,0.0,0.41554456281222607,0.0022860429330189692
rough_train:rough_perlin:20,49,rough_train,rough_perlin,20,fast,decision_time_s,cost_stability,0.0474411660750398,0.0,cost_energy,0.6180758678378266,0.29460551545000224,1,stability,7.580000000000002,0.22760482454271327,0.0474411660750398,0.6101150661790047,7.580000000000002,197.27245116814635,strict,True,0.5844554371877738,0.0,0.41554456281222607,0.0022860429330189692
rough_train:rough_perlin:20,49,rough_train,rough_perlin,20,fast,decision_time_s,cost_stability,0.0474411660750398,0.0,cost_energy,0.637137166462049,1.0,1,stability,7.580000000000002,0.22760482454271327,0.0474411660750398,0.6101150661790047,7.580000000000002,197.27245116814635,strict,True,0.5844554371877738,0.0,0.41554456281222607,0.0022860429330189692
rough_train:rough_perlin:20,49,rough_train,rough_perlin,20,fast,decision_time_s,cost_stability,0.047978475766005474,0.07861103603935654,cost_energy,0.6101150661790047,3.049299373875131e-06,1,stability,7.580000000000002,0.22760482454271327,0.0474411660750398,0.6101150661790047,7.580000000000002,197.27245116814635,strict,True,0.5844554371877738,0.0,0.41554456281222607,0.0022860429330189692
rough_train:rough_perlin:20,49,rough_train,rough_perlin,20,fast,decision_time_s,cost_stability,0.047978475766005474,0.07861103603935654,cost_energy,0.6180758678378266,0.29460551545000224,2,balanced,7.558,0.2258561456069013,0.047978475766005474,0.6180758678378266,7.558,199.84646866673808,strict,True,0.37417345589915413,0.6258265441008458,0.0,0.00031804657366188535
rough_train:rough_perlin:20,49,rough_train,rough_perlin,20,fast,decision_time_s,cost_stability,0.047978475766005474,0.07861103603935654,cost_energy,0.637137166462049,1.0,2,balanced,7.558,0.2258561456069013,0.047978475766005474,0.6180758678378266,7.558,199.84646866673808,strict,True,0.37417345589915413,0.6258265441008458,0.0,0.00031804657366188535
rough_train:rough_perlin:20,49,rough_train,rough_perlin,20,fast,decision_time_s,cost_stability,0.04804224390304658,0.08794062641039882,cost_energy,0.61011498378028,0.0,1,energy,7.754000000000005,0.23151628986222667,0.04804224390304658,0.61011498378028,7.754000000000005,202.60411167497497,strict,True,0.0,0.0,1.0,8.239872473225773e-08
rough_train:rough_perlin:20,49,rough_train,rough_perlin,20,fast,decision_time_s,cost_stability,0.04804224390304658,0.08794062641039882,cost_energy,0.6101150661790047,3.049299373875131e-06,2,stability,7.580000000000002,0.22760482454271327,0.0474411660750398,0.6101150661790047,7.580000000000002,197.27245116814635,strict,True,0.5844554371877738,0.0,0.41554456281222607,0.0022860429330189692
rough_train:rough_perlin:20,49,rough_train,rough_perlin,20,fast,decision_time_s,cost_stability,0.04804224390304658,0.08794062641039882,cost_energy,0.6180758678378266,0.29460551545000224,3,balanced,7.558,0.2258561456069013,0.047978475766005474,0.6180758678378266,7.558,199.84646866673808,strict,True,0.37417345589915413,0.6258265441008458,0.0,0.00031804657366188535
rough_train:rough_perlin:20,49,rough_train,rough_perlin,20,fast,decision_time_s,cost_stability,0.04804224390304658,0.08794062641039882,cost_energy,0.637137166462049,1.0,3,balanced,7.558,0.2258561456069013,0.047978475766005474,0.6180758678378266,7.558,199.84646866673808,strict,True,0.37417345589915413,0.6258265441008458,0.0,0.00031804657366188535
rough_train:rough_perlin:20,49,rough_train,rough_perlin,20,fast,decision_time_s,cost_stability,0.054276207540422214,1.0,cost_energy,0.61011498378028,0.0,1,energy,7.754000000000005,0.23151628986222667,0.04804224390304658,0.61011498378028,7.754000000000005,202.60411167497497,strict,True,0.0,0.0,1.0,8.239872473225773e-08
rough_train:rough_perlin:20,49,rough_train,rough_perlin,20,fast,decision_time_s,cost_stability,0.054276207540422214,1.0,cost_energy,0.6101150661790047,3.049299373875131e-06,2,stability,7.580000000000002,0.22760482454271327,0.0474411660750398,0.6101150661790047,7.580000000000002,197.27245116814635,strict,True,0.5844554371877738,0.0,0.41554456281222607,0.0022860429330189692
rough_train:rough_perlin:20,49,rough_train,rough_perlin,20,fast,decision_time_s,cost_stability,0.054276207540422214,1.0,cost_energy,0.6180758678378266,0.29460551545000224,3,balanced,7.558,0.2258561456069013,0.047978475766005474,0.6180758678378266,7.558,199.84646866673808,strict,True,0.37417345589915413,0.6258265441008458,0.0,0.00031804657366188535
rough_train:rough_perlin:20,49,rough_train,rough_perlin,20,fast,decision_time_s,cost_stability,0.054276207540422214,1.0,cost_energy,0.637137166462049,1.0,4,motion,7.354000000000001,0.21617282606279137,0.054276207540422214,0.637137166462049,7.354000000000001,200.44185242401483,strict,True,1.0,0.0,0.0,0.00968331954410992
rough_train:rough_perlin:20,49,rough_train,rough_perlin,20,stable,cost_stability,decision_time_s,7.354000000000001,0.0,cost_energy,0.637137166462049,1.0,1,motion,0.054276207540422214,0.21617282606279137,0.054276207540422214,0.637137166462049,7.354000000000001,200.44185242401483,strict,True,1.0,0.0,0.0,0.00968331954410992
rough_train:rough_perlin:20,49,rough_train,rough_perlin,20,stable,cost_stability,decision_time_s,7.558,0.5099999999999921,cost_energy,0.6180758678378266,0.29460551545000224,1,balanced,0.047978475766005474,0.2258561456069013,0.047978475766005474,0.6180758678378266,7.558,199.84646866673808,strict,True,0.37417345589915413,0.6258265441008458,0.0,0.00031804657366188535
rough_train:rough_perlin:20,49,rough_train,rough_perlin,20,stable,cost_stability,decision_time_s,7.558,0.5099999999999921,cost_energy,0.637137166462049,1.0,2,balanced,0.047978475766005474,0.2258561456069013,0.047978475766005474,0.6180758678378266,7.558,199.84646866673808,strict,True,0.37417345589915413,0.6258265441008458,0.0,0.00031804657366188535
rough_train:rough_perlin:20,49,rough_train,rough_perlin,20,stable,cost_stability,decision_time_s,7.580000000000002,0.5649999999999966,cost_energy,0.6101150661790047,3.049299373875131e-06,1,stability,0.0474411660750398,0.22760482454271327,0.0474411660750398,0.6101150661790047,7.580000000000002,197.27245116814635,strict,True,0.5844554371877738,0.0,0.41554456281222607,0.0022860429330189692
rough_train:rough_perlin:20,49,rough_train,rough_perlin,20,stable,cost_stability,decision_time_s,7.580000000000002,0.5649999999999966,cost_energy,0.6180758678378266,0.29460551545000224,2,stability,0.0474411660750398,0.22760482454271327,0.0474411660750398,0.6101150661790047,7.580000000000002,197.27245116814635,strict,True,0.5844554371877738,0.0,0.41554456281222607,0.0022860429330189692
rough_train:rough_perlin:20,49,rough_train,rough_perlin,20,stable,cost_stability,decision_time_s,7.580000000000002,0.5649999999999966,cost_energy,0.637137166462049,1.0,3,stability,0.0474411660750398,0.22760482454271327,0.0474411660750398,0.6101150661790047,7.580000000000002,197.27245116814635,strict,True,0.5844554371877738,0.0,0.41554456281222607,0.0022860429330189692
rough_train:rough_perlin:20,49,rough_train,rough_perlin,20,stable,cost_stability,decision_time_s,7.754000000000005,1.0,cost_energy,0.61011498378028,0.0,1,energy,0.04804224390304658,0.23151628986222667,0.04804224390304658,0.61011498378028,7.754000000000005,202.60411167497497,strict,True,0.0,0.0,1.0,8.239872473225773e-08
rough_train:rough_perlin:20,49,rough_train,rough_perlin,20,stable,cost_stability,decision_time_s,7.754000000000005,1.0,cost_energy,0.6101150661790047,3.049299373875131e-06,2,stability,0.0474411660750398,0.22760482454271327,0.0474411660750398,0.6101150661790047,7.580000000000002,197.27245116814635,strict,True,0.5844554371877738,0.0,0.41554456281222607,0.0022860429330189692
rough_train:rough_perlin:20,49,rough_train,rough_perlin,20,stable,cost_stability,decision_time_s,7.754000000000005,1.0,cost_energy,0.6180758678378266,0.29460551545000224,3,stability,0.0474411660750398,0.22760482454271327,0.0474411660750398,0.6101150661790047,7.580000000000002,197.27245116814635,strict,True,0.5844554371877738,0.0,0.41554456281222607,0.0022860429330189692
rough_train:rough_perlin:20,49,rough_train,rough_perlin,20,stable,cost_stability,decision_time_s,7.754000000000005,1.0,cost_energy,0.637137166462049,1.0,4,stability,0.0474411660750398,0.22760482454271327,0.0474411660750398,0.6101150661790047,7.580000000000002,197.27245116814635,strict,True,0.5844554371877738,0.0,0.41554456281222607,0.0022860429330189692
rough_train:rough_perlin:20,49,rough_train,rough_perlin,20,efficient,cost_energy,decision_time_s,7.354000000000001,0.0,cost_stability,0.054276207540422214,1.0,1,motion,0.637137166462049,0.21617282606279137,0.054276207540422214,0.637137166462049,7.354000000000001,200.44185242401483,strict,True,1.0,0.0,0.0,0.00968331954410992
rough_train:rough_perlin:20,49,rough_train,rough_perlin,20,efficient,cost_energy,decision_time_s,7.558,0.5099999999999921,cost_stability,0.047978475766005474,0.07861103603935654,1,balanced,0.6180758678378266,0.2258561456069013,0.047978475766005474,0.6180758678378266,7.558,199.84646866673808,strict,True,0.37417345589915413,0.6258265441008458,0.0,0.00031804657366188535
rough_train:rough_perlin:20,49,rough_train,rough_perlin,20,efficient,cost_energy,decision_time_s,7.558,0.5099999999999921,cost_stability,0.04804224390304658,0.08794062641039882,1,balanced,0.6180758678378266,0.2258561456069013,0.047978475766005474,0.6180758678378266,7.558,199.84646866673808,strict,True,0.37417345589915413,0.6258265441008458,0.0,0.00031804657366188535
rough_train:rough_perlin:20,49,rough_train,rough_perlin,20,efficient,cost_energy,decision_time_s,7.558,0.5099999999999921,cost_stability,0.054276207540422214,1.0,2,balanced,0.6180758678378266,0.2258561456069013,0.047978475766005474,0.6180758678378266,7.558,199.84646866673808,strict,True,0.37417345589915413,0.6258265441008458,0.0,0.00031804657366188535
rough_train:rough_perlin:20,49,rough_train,rough_perlin,20,efficient,cost_energy,decision_time_s,7.580000000000002,0.5649999999999966,cost_stability,0.0474411660750398,0.0,1,stability,0.6101150661790047,0.22760482454271327,0.0474411660750398,0.6101150661790047,7.580000000000002,197.27245116814635,strict,True,0.5844554371877738,0.0,0.41554456281222607,0.0022860429330189692
rough_train:rough_perlin:20,49,rough_train,rough_perlin,20,efficient,cost_energy,decision_time_s,7.580000000000002,0.5649999999999966,cost_stability,0.047978475766005474,0.07861103603935654,2,stability,0.6101150661790047,0.22760482454271327,0.0474411660750398,0.6101150661790047,7.580000000000002,197.27245116814635,strict,True,0.5844554371877738,0.0,0.41554456281222607,0.0022860429330189692
rough_train:rough_perlin:20,49,rough_train,rough_perlin,20,efficient,cost_energy,decision_time_s,7.580000000000002,0.5649999999999966,cost_stability,0.04804224390304658,0.08794062641039882,2,stability,0.6101150661790047,0.22760482454271327,0.0474411660750398,0.6101150661790047,7.580000000000002,197.27245116814635,strict,True,0.5844554371877738,0.0,0.41554456281222607,0.0022860429330189692
rough_train:rough_perlin:20,49,rough_train,rough_perlin,20,efficient,cost_energy,decision_time_s,7.580000000000002,0.5649999999999966,cost_stability,0.054276207540422214,1.0,3,stability,0.6101150661790047,0.22760482454271327,0.0474411660750398,0.6101150661790047,7.580000000000002,197.27245116814635,strict,True,0.5844554371877738,0.0,0.41554456281222607,0.0022860429330189692
rough_train:rough_perlin:20,49,rough_train,rough_perlin,20,efficient,cost_energy,decision_time_s,7.754000000000005,1.0,cost_stability,0.0474411660750398,0.0,1,stability,0.6101150661790047,0.22760482454271327,0.0474411660750398,0.6101150661790047,7.580000000000002,197.27245116814635,strict,True,0.5844554371877738,0.0,0.41554456281222607,0.0022860429330189692
rough_train:rough_perlin:20,49,rough_train,rough_perlin,20,efficient,cost_energy,decision_time_s,7.754000000000005,1.0,cost_stability,0.047978475766005474,0.07861103603935654,2,stability,0.6101150661790047,0.22760482454271327,0.0474411660750398,0.6101150661790047,7.580000000000002,197.27245116814635,strict,True,0.5844554371877738,0.0,0.41554456281222607,0.0022860429330189692
rough_train:rough_perlin:20,49,rough_train,rough_perlin,20,efficient,cost_energy,decision_time_s,7.754000000000005,1.0,cost_stability,0.04804224390304658,0.08794062641039882,3,energy,0.61011498378028,0.23151628986222667,0.04804224390304658,0.61011498378028,7.754000000000005,202.60411167497497,strict,True,0.0,0.0,1.0,8.239872473225773e-08
rough_train:rough_perlin:20,49,rough_train,rough_perlin,20,efficient,cost_energy,decision_time_s,7.754000000000005,1.0,cost_stability,0.054276207540422214,1.0,4,energy,0.61011498378028,0.23151628986222667,0.04804224390304658,0.61011498378028,7.754000000000005,202.60411167497497,strict,True,0.0,0.0,1.0,8.239872473225773e-08
rough_train:rough_perlin:22,50,rough_train,rough_perlin,22,fast,decision_time_s,cost_stability,0.08111498797005173,0.0,cost_energy,0.6549964714576058,0.0,1,energy,7.346000000000001,0.21801902806317408,0.08111498797005173,0.6549964714576058,7.346000000000001,206.06034772572957,strict,True,0.0,-0.0,1.0,0.012694368167485037
rough_train:rough_perlin:22,50,rough_train,rough_perlin,22,fast,decision_time_s,cost_stability,0.08111498797005173,0.0,cost_energy,0.6676908396250908,0.5396569582885277,1,energy,7.346000000000001,0.21801902806317408,0.08111498797005173,0.6549964714576058,7.346000000000001,206.06034772572957,strict,True,0.0,-0.0,1.0,0.012694368167485037
rough_train:rough_perlin:22,50,rough_train,rough_perlin,22,fast,decision_time_s,cost_stability,0.08111498797005173,0.0,cost_energy,0.6748142329055132,0.842483274627146,1,energy,7.346000000000001,0.21801902806317408,0.08111498797005173,0.6549964714576058,7.346000000000001,206.06034772572957,strict,True,0.0,-0.0,1.0,0.012694368167485037
rough_train:rough_perlin:22,50,rough_train,rough_perlin,22,fast,decision_time_s,cost_stability,0.08111498797005173,0.0,cost_energy,0.678519503955406,1.0,1,energy,7.346000000000001,0.21801902806317408,0.08111498797005173,0.6549964714576058,7.346000000000001,206.06034772572957,strict,True,0.0,-0.0,1.0,0.012694368167485037
rough_train:rough_perlin:22,50,rough_train,rough_perlin,22,fast,decision_time_s,cost_stability,0.08398509127508758,0.6341664914943451,cost_energy,0.6549964714576058,0.0,1,energy,7.346000000000001,0.21801902806317408,0.08111498797005173,0.6549964714576058,7.346000000000001,206.06034772572957,strict,True,0.0,-0.0,1.0,0.012694368167485037
rough_train:rough_perlin:22,50,rough_train,rough_perlin,22,fast,decision_time_s,cost_stability,0.08398509127508758,0.6341664914943451,cost_energy,0.6676908396250908,0.5396569582885277,1,energy,7.346000000000001,0.21801902806317408,0.08111498797005173,0.6549964714576058,7.346000000000001,206.06034772572957,strict,True,0.0,-0.0,1.0,0.012694368167485037
rough_train:rough_perlin:22,50,rough_train,rough_perlin,22,fast,decision_time_s,cost_stability,0.08398509127508758,0.6341664914943451,cost_energy,0.6748142329055132,0.842483274627146,2,balanced,7.160000000000001,0.21189529187073372,0.08398509127508758,0.6748142329055132,7.160000000000001,206.3978863490359,unsupported,False,0.25940919885978087,0.7405908011402191,0.0,-0.0005370186063220865
rough_train:rough_perlin:22,50,rough_train,rough_perlin,22,fast,decision_time_s,cost_stability,0.08398509127508758,0.6341664914943451,cost_energy,0.678519503955406,1.0,2,balanced,7.160000000000001,0.21189529187073372,0.08398509127508758,0.6748142329055132,7.160000000000001,206.3978863490359,unsupported,False,0.25940919885978087,0.7405908011402191,0.0,-0.0005370186063220865
rough_train:rough_perlin:22,50,rough_train,rough_perlin,22,fast,decision_time_s,cost_stability,0.08555614716445456,0.9813006868221843,cost_energy,0.6549964714576058,0.0,1,energy,7.346000000000001,0.21801902806317408,0.08111498797005173,0.6549964714576058,7.346000000000001,206.06034772572957,strict,True,0.0,-0.0,1.0,0.012694368167485037
rough_train:rough_perlin:22,50,rough_train,rough_perlin,22,fast,decision_time_s,cost_stability,0.08555614716445456,0.9813006868221843,cost_energy,0.6676908396250908,0.5396569582885277,2,stability,7.148,0.21551198519170353,0.08555614716445456,0.6676908396250908,7.148,204.2191336716039,unsupported,False,0.2594091988597809,0.7405908011402191,0.0,-0.0026387316629787405
rough_train:rough_perlin:22,50,rough_train,rough_perlin,22,fast,decision_time_s,cost_stability,0.08555614716445456,0.9813006868221843,cost_energy,0.6748142329055132,0.842483274627146,3,stability,7.148,0.21551198519170353,0.08555614716445456,0.6676908396250908,7.148,204.2191336716039,unsupported,False,0.2594091988597809,0.7405908011402191,0.0,-0.0026387316629787405
rough_train:rough_perlin:22,50,rough_train,rough_perlin,22,fast,decision_time_s,cost_stability,0.08555614716445456,0.9813006868221843,cost_energy,0.678519503955406,1.0,3,stability,7.148,0.21551198519170353,0.08555614716445456,0.6676908396250908,7.148,204.2191336716039,unsupported,False,0.2594091988597809,0.7405908011402191,0.0,-0.0026387316629787405
rough_train:rough_perlin:22,50,rough_train,rough_perlin,22,fast,decision_time_s,cost_stability,0.08564077629777109,1.0,cost_energy,0.6549964714576058,0.0,1,energy,7.346000000000001,0.21801902806317408,0.08111498797005173,0.6549964714576058,7.346000000000001,206.06034772572957,strict,True,0.0,-0.0,1.0,0.012694368167485037
rough_train:rough_perlin:22,50,rough_train,rough_perlin,22,fast,decision_time_s,cost_stability,0.08564077629777109,1.0,cost_energy,0.6676908396250908,0.5396569582885277,2,stability,7.148,0.21551198519170353,0.08555614716445456,0.6676908396250908,7.148,204.2191336716039,unsupported,False,0.2594091988597809,0.7405908011402191,0.0,-0.0026387316629787405
rough_train:rough_perlin:22,50,rough_train,rough_perlin,22,fast,decision_time_s,cost_stability,0.08564077629777109,1.0,cost_energy,0.6748142329055132,0.842483274627146,3,stability,7.148,0.21551198519170353,0.08555614716445456,0.6676908396250908,7.148,204.2191336716039,unsupported,False,0.2594091988597809,0.7405908011402191,0.0,-0.0026387316629787405
rough_train:rough_perlin:22,50,rough_train,rough_perlin,22,fast,decision_time_s,cost_stability,0.08564077629777109,1.0,cost_energy,0.678519503955406,1.0,4,motion,6.942000000000002,0.20509829426441445,0.08564077629777109,0.678519503955406,6.942000000000002,201.60171401077963,strict,True,1.0,0.0,0.0,0.006796997606319272
rough_train:rough_perlin:22,50,rough_train,rough_perlin,22,stable,cost_stability,decision_time_s,6.942000000000002,0.0,cost_energy,0.678519503955406,1.0,1,motion,0.08564077629777109,0.20509829426441445,0.08564077629777109,0.678519503955406,6.942000000000002,201.60171401077963,strict,True,1.0,0.0,0.0,0.006796997606319272
rough_train:rough_perlin:22,50,rough_train,rough_perlin,22,stable,cost_stability,decision_time_s,7.148,0.5099009900990056,cost_energy,0.6676908396250908,0.5396569582885277,1,stability,0.08555614716445456,0.21551198519170353,0.08555614716445456,0.6676908396250908,7.148,204.2191336716039,unsupported,False,0.2594091988597809,0.7405908011402191,0.0,-0.0026387316629787405
rough_train:rough_perlin:22,50,rough_train,rough_perlin,22,stable,cost_stability,decision_time_s,7.148,0.5099009900990056,cost_energy,0.6748142329055132,0.842483274627146,1,stability,0.08555614716445456,0.21551198519170353,0.08555614716445456,0.6676908396250908,7.148,204.2191336716039,unsupported,False,0.2594091988597809,0.7405908011402191,0.0,-0.0026387316629787405
rough_train:rough_perlin:22,50,rough_train,rough_perlin,22,stable,cost_stability,decision_time_s,7.148,0.5099009900990056,cost_energy,0.678519503955406,1.0,2,stability,0.08555614716445456,0.21551198519170353,0.08555614716445456,0.6676908396250908,7.148,204.2191336716039,unsupported,False,0.2594091988597809,0.7405908011402191,0.0,-0.0026387316629787405
rough_train:rough_perlin:22,50,rough_train,rough_perlin,22,stable,cost_stability,decision_time_s,7.160000000000001,0.5396039603960386,cost_energy,0.6676908396250908,0.5396569582885277,1,stability,0.08555614716445456,0.21551198519170353,0.08555614716445456,0.6676908396250908,7.148,204.2191336716039,unsupported,False,0.2594091988597809,0.7405908011402191,0.0,-0.0026387316629787405
rough_train:rough_perlin:22,50,rough_train,rough_perlin,22,stable,cost_stability,decision_time_s,7.160000000000001,0.5396039603960386,cost_energy,0.6748142329055132,0.842483274627146,2,balanced,0.08398509127508758,0.21189529187073372,0.08398509127508758,0.6748142329055132,7.160000000000001,206.3978863490359,unsupported,False,0.25940919885978087,0.7405908011402191,0.0,-0.0005370186063220865
rough_train:rough_perlin:22,50,rough_train,rough_perlin,22,stable,cost_stability,decision_time_s,7.160000000000001,0.5396039603960386,cost_energy,0.678519503955406,1.0,3,balanced,0.08398509127508758,0.21189529187073372,0.08398509127508758,0.6748142329055132,7.160000000000001,206.3978863490359,unsupported,False,0.25940919885978087,0.7405908011402191,0.0,-0.0005370186063220865
rough_train:rough_perlin:22,50,rough_train,rough_perlin,22,stable,cost_stability,decision_time_s,7.346000000000001,1.0,cost_energy,0.6549964714576058,0.0,1,energy,0.08111498797005173,0.21801902806317408,0.08111498797005173,0.6549964714576058,7.346000000000001,206.06034772572957,strict,True,0.0,-0.0,1.0,0.012694368167485037
rough_train:rough_perlin:22,50,rough_train,rough_perlin,22,stable,cost_stability,decision_time_s,7.346000000000001,1.0,cost_energy,0.6676908396250908,0.5396569582885277,2,energy,0.08111498797005173,0.21801902806317408,0.08111498797005173,0.6549964714576058,7.346000000000001,206.06034772572957,strict,True,0.0,-0.0,1.0,0.012694368167485037
rough_train:rough_perlin:22,50,rough_train,rough_perlin,22,stable,cost_stability,decision_time_s,7.346000000000001,1.0,cost_energy,0.6748142329055132,0.842483274627146,3,energy,0.08111498797005173,0.21801902806317408,0.08111498797005173,0.6549964714576058,7.346000000000001,206.06034772572957,strict,True,0.0,-0.0,1.0,0.012694368167485037
rough_train:rough_perlin:22,50,rough_train,rough_perlin,22,stable,cost_stability,decision_time_s,7.346000000000001,1.0,cost_energy,0.678519503955406,1.0,4,energy,0.08111498797005173,0.21801902806317408,0.08111498797005173,0.6549964714576058,7.346000000000001,206.06034772572957,strict,True,0.0,-0.0,1.0,0.012694368167485037
rough_train:rough_perlin:22,50,rough_train,rough_perlin,22,efficient,cost_energy,decision_time_s,6.942000000000002,0.0,cost_stability,0.08564077629777109,1.0,1,motion,0.678519503955406,0.20509829426441445,0.08564077629777109,0.678519503955406,6.942000000000002,201.60171401077963,strict,True,1.0,0.0,0.0,0.006796997606319272
rough_train:rough_perlin:22,50,rough_train,rough_perlin,22,efficient,cost_energy,decision_time_s,7.148,0.5099009900990056,cost_stability,0.08555614716445456,0.9813006868221843,1,stability,0.6676908396250908,0.21551198519170353,0.08555614716445456,0.6676908396250908,7.148,204.2191336716039,unsupported,False,0.2594091988597809,0.7405908011402191,0.0,-0.0026387316629787405
rough_train:rough_perlin:22,50,rough_train,rough_perlin,22,efficient,cost_energy,decision_time_s,7.148,0.5099009900990056,cost_stability,0.08564077629777109,1.0,2,stability,0.6676908396250908,0.21551198519170353,0.08555614716445456,0.6676908396250908,7.148,204.2191336716039,unsupported,False,0.2594091988597809,0.7405908011402191,0.0,-0.0026387316629787405
rough_train:rough_perlin:22,50,rough_train,rough_perlin,22,efficient,cost_energy,decision_time_s,7.160000000000001,0.5396039603960386,cost_stability,0.08398509127508758,0.6341664914943451,1,balanced,0.6748142329055132,0.21189529187073372,0.08398509127508758,0.6748142329055132,7.160000000000001,206.3978863490359,unsupported,False,0.25940919885978087,0.7405908011402191,0.0,-0.0005370186063220865
rough_train:rough_perlin:22,50,rough_train,rough_perlin,22,efficient,cost_energy,decision_time_s,7.160000000000001,0.5396039603960386,cost_stability,0.08555614716445456,0.9813006868221843,2,stability,0.6676908396250908,0.21551198519170353,0.08555614716445456,0.6676908396250908,7.148,204.2191336716039,unsupported,False,0.2594091988597809,0.7405908011402191,0.0,-0.0026387316629787405
rough_train:rough_perlin:22,50,rough_train,rough_perlin,22,efficient,cost_energy,decision_time_s,7.160000000000001,0.5396039603960386,cost_stability,0.08564077629777109,1.0,3,stability,0.6676908396250908,0.21551198519170353,0.08555614716445456,0.6676908396250908,7.148,204.2191336716039,unsupported,False,0.2594091988597809,0.7405908011402191,0.0,-0.0026387316629787405
rough_train:rough_perlin:22,50,rough_train,rough_perlin,22,efficient,cost_energy,decision_time_s,7.346000000000001,1.0,cost_stability,0.08111498797005173,0.0,1,energy,0.6549964714576058,0.21801902806317408,0.08111498797005173,0.6549964714576058,7.346000000000001,206.06034772572957,strict,True,0.0,-0.0,1.0,0.012694368167485037
rough_train:rough_perlin:22,50,rough_train,rough_perlin,22,efficient,cost_energy,decision_time_s,7.346000000000001,1.0,cost_stability,0.08398509127508758,0.6341664914943451,2,energy,0.6549964714576058,0.21801902806317408,0.08111498797005173,0.6549964714576058,7.346000000000001,206.06034772572957,strict,True,0.0,-0.0,1.0,0.012694368167485037
rough_train:rough_perlin:22,50,rough_train,rough_perlin,22,efficient,cost_energy,decision_time_s,7.346000000000001,1.0,cost_stability,0.08555614716445456,0.9813006868221843,3,energy,0.6549964714576058,0.21801902806317408,0.08111498797005173,0.6549964714576058,7.346000000000001,206.06034772572957,strict,True,0.0,-0.0,1.0,0.012694368167485037
rough_train:rough_perlin:22,50,rough_train,rough_perlin,22,efficient,cost_energy,decision_time_s,7.346000000000001,1.0,cost_stability,0.08564077629777109,1.0,4,energy,0.6549964714576058,0.21801902806317408,0.08111498797005173,0.6549964714576058,7.346000000000001,206.06034772572957,strict,True,0.0,-0.0,1.0,0.012694368167485037
rough_train:rough_perlin:25,51,rough_train,rough_perlin,25,fast,decision_time_s,cost_stability,0.048178785607401776,0.0,cost_energy,0.5701655308651644,0.0,1,energy,7.362000000000001,0.2239010281354258,0.048178785607401776,0.5701655308651644,7.362000000000001,179.37273355052776,strict,True,0.0,1.0,-0.0,0.00523050669450463
rough_train:rough_perlin:25,51,rough_train,rough_perlin,25,fast,decision_time_s,cost_stability,0.048178785607401776,0.0,cost_energy,0.5735576861594449,0.15962833242797975,1,energy,7.362000000000001,0.2239010281354258,0.048178785607401776,0.5701655308651644,7.362000000000001,179.37273355052776,strict,True,0.0,1.0,-0.0,0.00523050669450463
rough_train:rough_perlin:25,51,rough_train,rough_perlin,25,fast,decision_time_s,cost_stability,0.048178785607401776,0.0,cost_energy,0.5827481003790447,0.5921116266541293,1,energy,7.362000000000001,0.2239010281354258,0.048178785607401776,0.5701655308651644,7.362000000000001,179.37273355052776,strict,True,0.0,1.0,-0.0,0.00523050669450463
rough_train:rough_perlin:25,51,rough_train,rough_perlin,25,fast,decision_time_s,cost_stability,0.048178785607401776,0.0,cost_energy,0.5914158643284357,1.0,1,energy,7.362000000000001,0.2239010281354258,0.048178785607401776,0.5701655308651644,7.362000000000001,179.37273355052776,strict,True,0.0,1.0,-0.0,0.00523050669450463
rough_train:rough_perlin:25,51,rough_train,rough_perlin,25,fast,decision_time_s,cost_stability,0.05340929230190641,0.6640712566241712,cost_energy,0.5701655308651644,0.0,1,energy,7.362000000000001,0.2239010281354258,0.048178785607401776,0.5701655308651644,7.362000000000001,179.37273355052776,strict,True,0.0,1.0,-0.0,0.00523050669450463
rough_train:rough_perlin:25,51,rough_train,rough_perlin,25,fast,decision_time_s,cost_stability,0.05340929230190641,0.6640712566241712,cost_energy,0.5735576861594449,0.15962833242797975,2,stability,7.346000000000001,0.22112664453126,0.05340929230190641,0.5735576861594449,7.346000000000001,180.43989761924954,strict,True,0.6694194398632911,0.0,0.3305805601367089,0.0007358457210126326
rough_train:rough_perlin:25,51,rough_train,rough_perlin,25,fast,decision_time_s,cost_stability,0.05340929230190641,0.6640712566241712,cost_energy,0.5827481003790447,0.5921116266541293,2,stability,7.346000000000001,0.22112664453126,0.05340929230190641,0.5735576861594449,7.346000000000001,180.43989761924954,strict,True,0.6694194398632911,0.0,0.3305805601367089,0.0007358457210126326
rough_train:rough_perlin:25,51,rough_train,rough_perlin,25,fast,decision_time_s,cost_stability,0.05340929230190641,0.6640712566241712,cost_energy,0.5914158643284357,1.0,2,stability,7.346000000000001,0.22112664453126,0.05340929230190641,0.5735576861594449,7.346000000000001,180.43989761924954,strict,True,0.6694194398632911,0.0,0.3305805601367089,0.0007358457210126326
rough_train:rough_perlin:25,51,rough_train,rough_perlin,25,fast,decision_time_s,cost_stability,0.05446590441907669,0.7982199686697545,cost_energy,0.5701655308651644,0.0,1,energy,7.362000000000001,0.2239010281354258,0.048178785607401776,0.5701655308651644,7.362000000000001,179.37273355052776,strict,True,0.0,1.0,-0.0,0.00523050669450463
rough_train:rough_perlin:25,51,rough_train,rough_perlin,25,fast,decision_time_s,cost_stability,0.05446590441907669,0.7982199686697545,cost_energy,0.5735576861594449,0.15962833242797975,2,stability,7.346000000000001,0.22112664453126,0.05340929230190641,0.5735576861594449,7.346000000000001,180.43989761924954,strict,True,0.6694194398632911,0.0,0.3305805601367089,0.0007358457210126326
rough_train:rough_perlin:25,51,rough_train,rough_perlin,25,fast,decision_time_s,cost_stability,0.05446590441907669,0.7982199686697545,cost_energy,0.5827481003790447,0.5921116266541293,2,stability,7.346000000000001,0.22112664453126,0.05340929230190641,0.5735576861594449,7.346000000000001,180.43989761924954,strict,True,0.6694194398632911,0.0,0.3305805601367089,0.0007358457210126326
rough_train:rough_perlin:25,51,rough_train,rough_perlin,25,fast,decision_time_s,cost_stability,0.05446590441907669,0.7982199686697545,cost_energy,0.5914158643284357,1.0,3,motion,7.1400000000000015,0.21340693919648684,0.05446590441907669,0.5914158643284357,7.1400000000000015,180.8897595788692,strict,True,1.0,-0.0,0.0,0.004915399645274793
rough_train:rough_perlin:25,51,rough_train,rough_perlin,25,fast,decision_time_s,cost_stability,0.05605520947356049,1.0,cost_energy,0.5701655308651644,0.0,1,energy,7.362000000000001,0.2239010281354258,0.048178785607401776,0.5701655308651644,7.362000000000001,179.37273355052776,strict,True,0.0,1.0,-0.0,0.00523050669450463
rough_train:rough_perlin:25,51,rough_train,rough_perlin,25,fast,decision_time_s,cost_stability,0.05605520947356049,1.0,cost_energy,0.5735576861594449,0.15962833242797975,2,stability,7.346000000000001,0.22112664453126,0.05340929230190641,0.5735576861594449,7.346000000000001,180.43989761924954,strict,True,0.6694194398632911,0.0,0.3305805601367089,0.0007358457210126326
rough_train:rough_perlin:25,51,rough_train,rough_perlin,25,fast,decision_time_s,cost_stability,0.05605520947356049,1.0,cost_energy,0.5827481003790447,0.5921116266541293,3,stability,7.346000000000001,0.22112664453126,0.05340929230190641,0.5735576861594449,7.346000000000001,180.43989761924954,strict,True,0.6694194398632911,0.0,0.3305805601367089,0.0007358457210126326
rough_train:rough_perlin:25,51,rough_train,rough_perlin,25,fast,decision_time_s,cost_stability,0.05605520947356049,1.0,cost_energy,0.5914158643284357,1.0,4,motion,7.1400000000000015,0.21340693919648684,0.05446590441907669,0.5914158643284357,7.1400000000000015,180.8897595788692,strict,True,1.0,-0.0,0.0,0.004915399645274793
rough_train:rough_perlin:25,51,rough_train,rough_perlin,25,stable,cost_stability,decision_time_s,7.1400000000000015,0.0,cost_energy,0.5914158643284357,1.0,1,motion,0.05446590441907669,0.21340693919648684,0.05446590441907669,0.5914158643284357,7.1400000000000015,180.8897595788692,strict,True,1.0,-0.0,0.0,0.004915399645274793
rough_train:rough_perlin:25,51,rough_train,rough_perlin,25,stable,cost_stability,decision_time_s,7.346000000000001,0.9115044247787698,cost_energy,0.5735576861594449,0.15962833242797975,1,stability,0.05340929230190641,0.22112664453126,0.05340929230190641,0.5735576861594449,7.346000000000001,180.43989761924954,strict,True,0.6694194398632911,0.0,0.3305805601367089,0.0007358457210126326
rough_train:rough_perlin:25,51,rough_train,rough_perlin,25,stable,cost_stability,decision_time_s,7.346000000000001,0.9115044247787698,cost_energy,0.5827481003790447,0.5921116266541293,1,stability,0.05340929230190641,0.22112664453126,0.05340929230190641,0.5735576861594449,7.346000000000001,180.43989761924954,strict,True,0.6694194398632911,0.0,0.3305805601367089,0.0007358457210126326
rough_train:rough_perlin:25,51,rough_train,rough_perlin,25,stable,cost_stability,decision_time_s,7.346000000000001,0.9115044247787698,cost_energy,0.5914158643284357,1.0,2,stability,0.05340929230190641,0.22112664453126,0.05340929230190641,0.5735576861594449,7.346000000000001,180.43989761924954,strict,True,0.6694194398632911,0.0,0.3305805601367089,0.0007358457210126326
rough_train:rough_perlin:25,51,rough_train,rough_perlin,25,stable,cost_stability,decision_time_s,7.362000000000001,0.9823008849557618,cost_energy,0.5701655308651644,0.0,1,energy,0.048178785607401776,0.2239010281354258,0.048178785607401776,0.5701655308651644,7.362000000000001,179.37273355052776,strict,True,0.0,1.0,-0.0,0.00523050669450463
rough_train:rough_perlin:25,51,rough_train,rough_perlin,25,stable,cost_stability,decision_time_s,7.362000000000001,0.9823008849557618,cost_energy,0.5735576861594449,0.15962833242797975,2,energy,0.048178785607401776,0.2239010281354258,0.048178785607401776,0.5701655308651644,7.362000000000001,179.37273355052776,strict,True,0.0,1.0,-0.0,0.00523050669450463
rough_train:rough_perlin:25,51,rough_train,rough_perlin,25,stable,cost_stability,decision_time_s,7.362000000000001,0.9823008849557618,cost_energy,0.5827481003790447,0.5921116266541293,2,energy,0.048178785607401776,0.2239010281354258,0.048178785607401776,0.5701655308651644,7.362000000000001,179.37273355052776,strict,True,0.0,1.0,-0.0,0.00523050669450463
rough_train:rough_perlin:25,51,rough_train,rough_perlin,25,stable,cost_stability,decision_time_s,7.362000000000001,0.9823008849557618,cost_energy,0.5914158643284357,1.0,3,energy,0.048178785607401776,0.2239010281354258,0.048178785607401776,0.5701655308651644,7.362000000000001,179.37273355052776,strict,True,0.0,1.0,-0.0,0.00523050669450463
rough_train:rough_perlin:25,51,rough_train,rough_perlin,25,stable,cost_stability,decision_time_s,7.365999999999999,1.0,cost_energy,0.5701655308651644,0.0,1,energy,0.048178785607401776,0.2239010281354258,0.048178785607401776,0.5701655308651644,7.362000000000001,179.37273355052776,strict,True,0.0,1.0,-0.0,0.00523050669450463
rough_train:rough_perlin:25,51,rough_train,rough_perlin,25,stable,cost_stability,decision_time_s,7.365999999999999,1.0,cost_energy,0.5735576861594449,0.15962833242797975,2,energy,0.048178785607401776,0.2239010281354258,0.048178785607401776,0.5701655308651644,7.362000000000001,179.37273355052776,strict,True,0.0,1.0,-0.0,0.00523050669450463
rough_train:rough_perlin:25,51,rough_train,rough_perlin,25,stable,cost_stability,decision_time_s,7.365999999999999,1.0,cost_energy,0.5827481003790447,0.5921116266541293,3,energy,0.048178785607401776,0.2239010281354258,0.048178785607401776,0.5701655308651644,7.362000000000001,179.37273355052776,strict,True,0.0,1.0,-0.0,0.00523050669450463
rough_train:rough_perlin:25,51,rough_train,rough_perlin,25,stable,cost_stability,decision_time_s,7.365999999999999,1.0,cost_energy,0.5914158643284357,1.0,4,energy,0.048178785607401776,0.2239010281354258,0.048178785607401776,0.5701655308651644,7.362000000000001,179.37273355052776,strict,True,0.0,1.0,-0.0,0.00523050669450463
rough_train:rough_perlin:25,51,rough_train,rough_perlin,25,efficient,cost_energy,decision_time_s,7.1400000000000015,0.0,cost_stability,0.05446590441907669,0.7982199686697545,1,motion,0.5914158643284357,0.21340693919648684,0.05446590441907669,0.5914158643284357,7.1400000000000015,180.8897595788692,strict,True,1.0,-0.0,0.0,0.004915399645274793
rough_train:rough_perlin:25,51,rough_train,rough_perlin,25,efficient,cost_energy,decision_time_s,7.1400000000000015,0.0,cost_stability,0.05605520947356049,1.0,1,motion,0.5914158643284357,0.21340693919648684,0.05446590441907669,0.5914158643284357,7.1400000000000015,180.8897595788692,strict,True,1.0,-0.0,0.0,0.004915399645274793
rough_train:rough_perlin:25,51,rough_train,rough_perlin,25,efficient,cost_energy,decision_time_s,7.346000000000001,0.9115044247787698,cost_stability,0.05340929230190641,0.6640712566241712,1,stability,0.5735576861594449,0.22112664453126,0.05340929230190641,0.5735576861594449,7.346000000000001,180.43989761924954,strict,True,0.6694194398632911,0.0,0.3305805601367089,0.0007358457210126326
rough_train:rough_perlin:25,51,rough_train,rough_perlin,25,efficient,cost_energy,decision_time_s,7.346000000000001,0.9115044247787698,cost_stability,0.05446590441907669,0.7982199686697545,2,stability,0.5735576861594449,0.22112664453126,0.05340929230190641,0.5735576861594449,7.346000000000001,180.43989761924954,strict,True,0.6694194398632911,0.0,0.3305805601367089,0.0007358457210126326
rough_train:rough_perlin:25,51,rough_train,rough_perlin,25,efficient,cost_energy,decision_time_s,7.346000000000001,0.9115044247787698,cost_stability,0.05605520947356049,1.0,2,stability,0.5735576861594449,0.22112664453126,0.05340929230190641,0.5735576861594449,7.346000000000001,180.43989761924954,strict,True,0.6694194398632911,0.0,0.3305805601367089,0.0007358457210126326
rough_train:rough_perlin:25,51,rough_train,rough_perlin,25,efficient,cost_energy,decision_time_s,7.362000000000001,0.9823008849557618,cost_stability,0.048178785607401776,0.0,1,energy,0.5701655308651644,0.2239010281354258,0.048178785607401776,0.5701655308651644,7.362000000000001,179.37273355052776,strict,True,0.0,1.0,-0.0,0.00523050669450463
rough_train:rough_perlin:25,51,rough_train,rough_perlin,25,efficient,cost_energy,decision_time_s,7.362000000000001,0.9823008849557618,cost_stability,0.05340929230190641,0.6640712566241712,2,energy,0.5701655308651644,0.2239010281354258,0.048178785607401776,0.5701655308651644,7.362000000000001,179.37273355052776,strict,True,0.0,1.0,-0.0,0.00523050669450463
rough_train:rough_perlin:25,51,rough_train,rough_perlin,25,efficient,cost_energy,decision_time_s,7.362000000000001,0.9823008849557618,cost_stability,0.05446590441907669,0.7982199686697545,3,energy,0.5701655308651644,0.2239010281354258,0.048178785607401776,0.5701655308651644,7.362000000000001,179.37273355052776,strict,True,0.0,1.0,-0.0,0.00523050669450463
rough_train:rough_perlin:25,51,rough_train,rough_perlin,25,efficient,cost_energy,decision_time_s,7.362000000000001,0.9823008849557618,cost_stability,0.05605520947356049,1.0,3,energy,0.5701655308651644,0.2239010281354258,0.048178785607401776,0.5701655308651644,7.362000000000001,179.37273355052776,strict,True,0.0,1.0,-0.0,0.00523050669450463
rough_train:rough_perlin:25,51,rough_train,rough_perlin,25,efficient,cost_energy,decision_time_s,7.365999999999999,1.0,cost_stability,0.048178785607401776,0.0,1,energy,0.5701655308651644,0.2239010281354258,0.048178785607401776,0.5701655308651644,7.362000000000001,179.37273355052776,strict,True,0.0,1.0,-0.0,0.00523050669450463
rough_train:rough_perlin:25,51,rough_train,rough_perlin,25,efficient,cost_energy,decision_time_s,7.365999999999999,1.0,cost_stability,0.05340929230190641,0.6640712566241712,2,energy,0.5701655308651644,0.2239010281354258,0.048178785607401776,0.5701655308651644,7.362000000000001,179.37273355052776,strict,True,0.0,1.0,-0.0,0.00523050669450463
rough_train:rough_perlin:25,51,rough_train,rough_perlin,25,efficient,cost_energy,decision_time_s,7.365999999999999,1.0,cost_stability,0.05446590441907669,0.7982199686697545,3,energy,0.5701655308651644,0.2239010281354258,0.048178785607401776,0.5701655308651644,7.362000000000001,179.37273355052776,strict,True,0.0,1.0,-0.0,0.00523050669450463
rough_train:rough_perlin:25,51,rough_train,rough_perlin,25,efficient,cost_energy,decision_time_s,7.365999999999999,1.0,cost_stability,0.05605520947356049,1.0,4,energy,0.5701655308651644,0.2239010281354258,0.048178785607401776,0.5701655308651644,7.362000000000001,179.37273355052776,strict,True,0.0,1.0,-0.0,0.00523050669450463
rough_train:rough_perlin:28,52,rough_train,rough_perlin,28,fast,decision_time_s,cost_stability,0.06488507804713703,0.0,cost_energy,0.6089630281004856,1.0,1,motion,7.554,0.22123565926797836,0.06488507804713703,0.6089630281004856,7.554,196.89995524371056,strict,True,1.0,-0.0,0.0,0.003766650971435165
rough_train:rough_perlin:28,52,rough_train,rough_perlin,28,fast,decision_time_s,cost_stability,0.06573512978025192,0.4032129150468385,cost_energy,0.5988429802863162,0.3331119424884586,1,stability,7.772000000000003,0.22849097664474946,0.06573512978025192,0.5988429802863162,7.772000000000003,198.8609578180716,strict,True,0.0,0.9105237091404739,0.08947629085952613,0.0001315120847358742
rough_train:rough_perlin:28,52,rough_train,rough_perlin,28,fast,decision_time_s,cost_stability,0.06573512978025192,0.4032129150468385,cost_energy,0.6000111540550183,0.41009192813189393,1,stability,7.772000000000003,0.22849097664474946,0.06573512978025192,0.5988429802863162,7.772000000000003,198.8609578180716,strict,True,0.0,0.9105237091404739,0.08947629085952613,0.0001315120847358742
rough_train:rough_perlin:28,52,rough_train,rough_perlin,28,fast,decision_time_s,cost_stability,0.06573512978025192,0.4032129150468385,cost_energy,0.6089630281004856,1.0,2,motion,7.554,0.22123565926797836,0.06488507804713703,0.6089630281004856,7.554,196.89995524371056,strict,True,1.0,-0.0,0.0,0.003766650971435165
rough_train:rough_perlin:28,52,rough_train,rough_perlin,28,fast,decision_time_s,cost_stability,0.06637631390445083,0.707351721814086,cost_energy,0.5937879957990648,0.0,1,energy,7.756000000000001,0.22906309954739204,0.06637631390445083,0.5937879957990648,7.756000000000001,197.182322366071,strict,True,0.0,0.0,1.0,0.0050549844872513905
rough_train:rough_perlin:28,52,rough_train,rough_perlin,28,fast,decision_time_s,cost_stability,0.06637631390445083,0.707351721814086,cost_energy,0.5988429802863162,0.3331119424884586,2,energy,7.756000000000001,0.22906309954739204,0.06637631390445083,0.5937879957990648,7.756000000000001,197.182322366071,strict,True,0.0,0.0,1.0,0.0050549844872513905
rough_train:rough_perlin:28,52,rough_train,rough_perlin,28,fast,decision_time_s,cost_stability,0.06637631390445083,0.707351721814086,cost_energy,0.6000111540550183,0.41009192813189393,2,energy,7.756000000000001,0.22906309954739204,0.06637631390445083,0.5937879957990648,7.756000000000001,197.182322366071,strict,True,0.0,0.0,1.0,0.0050549844872513905
rough_train:rough_perlin:28,52,rough_train,rough_perlin,28,fast,decision_time_s,cost_stability,0.06637631390445083,0.707351721814086,cost_energy,0.6089630281004856,1.0,3,motion,7.554,0.22123565926797836,0.06488507804713703,0.6089630281004856,7.554,196.89995524371056,strict,True,1.0,-0.0,0.0,0.003766650971435165
rough_train:rough_perlin:28,52,rough_train,rough_perlin,28,fast,decision_time_s,cost_stability,0.06699327374572012,1.0,cost_energy,0.5937879957990648,0.0,1,energy,7.756000000000001,0.22906309954739204,0.06637631390445083,0.5937879957990648,7.756000000000001,197.182322366071,strict,True,0.0,0.0,1.0,0.0050549844872513905
rough_train:rough_perlin:28,52,rough_train,rough_perlin,28,fast,decision_time_s,cost_stability,0.06699327374572012,1.0,cost_energy,0.5988429802863162,0.3331119424884586,2,energy,7.756000000000001,0.22906309954739204,0.06637631390445083,0.5937879957990648,7.756000000000001,197.182322366071,strict,True,0.0,0.0,1.0,0.0050549844872513905
rough_train:rough_perlin:28,52,rough_train,rough_perlin,28,fast,decision_time_s,cost_stability,0.06699327374572012,1.0,cost_energy,0.6000111540550183,0.41009192813189393,3,balanced,7.549999999999998,0.22500231023941353,0.06699327374572012,0.6000111540550183,7.549999999999998,194.00548789912,strict,True,0.6597130916293125,0.0,0.34028690837068754,0.000561296585601848
rough_train:rough_perlin:28,52,rough_train,rough_perlin,28,fast,decision_time_s,cost_stability,0.06699327374572012,1.0,cost_energy,0.6089630281004856,1.0,4,balanced,7.549999999999998,0.22500231023941353,0.06699327374572012,0.6000111540550183,7.549999999999998,194.00548789912,strict,True,0.6597130916293125,0.0,0.34028690837068754,0.000561296585601848
rough_train:rough_perlin:28,52,rough_train,rough_perlin,28,stable,cost_stability,decision_time_s,7.549999999999998,0.0,cost_energy,0.6000111540550183,0.41009192813189393,1,balanced,0.06699327374572012,0.22500231023941353,0.06699327374572012,0.6000111540550183,7.549999999999998,194.00548789912,strict,True,0.6597130916293125,0.0,0.34028690837068754,0.000561296585601848
rough_train:rough_perlin:28,52,rough_train,rough_perlin,28,stable,cost_stability,decision_time_s,7.549999999999998,0.0,cost_energy,0.6089630281004856,1.0,1,balanced,0.06699327374572012,0.22500231023941353,0.06699327374572012,0.6000111540550183,7.549999999999998,194.00548789912,strict,True,0.6597130916293125,0.0,0.34028690837068754,0.000561296585601848
rough_train:rough_perlin:28,52,rough_train,rough_perlin,28,stable,cost_stability,decision_time_s,7.554,0.018018018018027642,cost_energy,0.6000111540550183,0.41009192813189393,1,balanced,0.06699327374572012,0.22500231023941353,0.06699327374572012,0.6000111540550183,7.549999999999998,194.00548789912,strict,True,0.6597130916293125,0.0,0.34028690837068754,0.000561296585601848
rough_train:rough_perlin:28,52,rough_train,rough_perlin,28,stable,cost_stability,decision_time_s,7.554,0.018018018018027642,cost_energy,0.6089630281004856,1.0,2,motion,0.06488507804713703,0.22123565926797836,0.06488507804713703,0.6089630281004856,7.554,196.89995524371056,strict,True,1.0,-0.0,0.0,0.003766650971435165
rough_train:rough_perlin:28,52,rough_train,rough_perlin,28,stable,cost_stability,decision_time_s,7.756000000000001,0.9279279279279214,cost_energy,0.5937879957990648,0.0,1,energy,0.06637631390445083,0.22906309954739204,0.06637631390445083,0.5937879957990648,7.756000000000001,197.182322366071,strict,True,0.0,0.0,1.0,0.0050549844872513905
rough_train:rough_perlin:28,52,rough_train,rough_perlin,28,stable,cost_stability,decision_time_s,7.756000000000001,0.9279279279279214,cost_energy,0.5988429802863162,0.3331119424884586,1,energy,0.06637631390445083,0.22906309954739204,0.06637631390445083,0.5937879957990648,7.756000000000001,197.182322366071,strict,True,0.0,0.0,1.0,0.0050549844872513905
rough_train:rough_perlin:28,52,rough_train,rough_perlin,28,stable,cost_stability,decision_time_s,7.756000000000001,0.9279279279279214,cost_energy,0.6000111540550183,0.41009192813189393,2,energy,0.06637631390445083,0.22906309954739204,0.06637631390445083,0.5937879957990648,7.756000000000001,197.182322366071,strict,True,0.0,0.0,1.0,0.0050549844872513905
rough_train:rough_perlin:28,52,rough_train,rough_perlin,28,stable,cost_stability,decision_time_s,7.756000000000001,0.9279279279279214,cost_energy,0.6089630281004856,1.0,3,motion,0.06488507804713703,0.22123565926797836,0.06488507804713703,0.6089630281004856,7.554,196.89995524371056,strict,True,1.0,-0.0,0.0,0.003766650971435165
rough_train:rough_perlin:28,52,rough_train,rough_perlin,28,stable,cost_stability,decision_time_s,7.772000000000003,1.0,cost_energy,0.5937879957990648,0.0,1,energy,0.06637631390445083,0.22906309954739204,0.06637631390445083,0.5937879957990648,7.756000000000001,197.182322366071,strict,True,0.0,0.0,1.0,0.0050549844872513905
rough_train:rough_perlin:28,52,rough_train,rough_perlin,28,stable,cost_stability,decision_time_s,7.772000000000003,1.0,cost_energy,0.5988429802863162,0.3331119424884586,2,stability,0.06573512978025192,0.22849097664474946,0.06573512978025192,0.5988429802863162,7.772000000000003,198.8609578180716,strict,True,0.0,0.9105237091404739,0.08947629085952613,0.0001315120847358742
rough_train:rough_perlin:28,52,rough_train,rough_perlin,28,stable,cost_stability,decision_time_s,7.772000000000003,1.0,cost_energy,0.6000111540550183,0.41009192813189393,3,stability,0.06573512978025192,0.22849097664474946,0.06573512978025192,0.5988429802863162,7.772000000000003,198.8609578180716,strict,True,0.0,0.9105237091404739,0.08947629085952613,0.0001315120847358742
rough_train:rough_perlin:28,52,rough_train,rough_perlin,28,stable,cost_stability,decision_time_s,7.772000000000003,1.0,cost_energy,0.6089630281004856,1.0,4,motion,0.06488507804713703,0.22123565926797836,0.06488507804713703,0.6089630281004856,7.554,196.89995524371056,strict,True,1.0,-0.0,0.0,0.003766650971435165
rough_train:rough_perlin:28,52,rough_train,rough_perlin,28,efficient,cost_energy,decision_time_s,7.549999999999998,0.0,cost_stability,0.06699327374572012,1.0,1,balanced,0.6000111540550183,0.22500231023941353,0.06699327374572012,0.6000111540550183,7.549999999999998,194.00548789912,strict,True,0.6597130916293125,0.0,0.34028690837068754,0.000561296585601848
rough_train:rough_perlin:28,52,rough_train,rough_perlin,28,efficient,cost_energy,decision_time_s,7.554,0.018018018018027642,cost_stability,0.06488507804713703,0.0,1,motion,0.6089630281004856,0.22123565926797836,0.06488507804713703,0.6089630281004856,7.554,196.89995524371056,strict,True,1.0,-0.0,0.0,0.003766650971435165
rough_train:rough_perlin:28,52,rough_train,rough_perlin,28,efficient,cost_energy,decision_time_s,7.554,0.018018018018027642,cost_stability,0.06573512978025192,0.4032129150468385,1,motion,0.6089630281004856,0.22123565926797836,0.06488507804713703,0.6089630281004856,7.554,196.89995524371056,strict,True,1.0,-0.0,0.0,0.003766650971435165
rough_train:rough_perlin:28,52,rough_train,rough_perlin,28,efficient,cost_energy,decision_time_s,7.554,0.018018018018027642,cost_stability,0.06637631390445083,0.707351721814086,1,motion,0.6089630281004856,0.22123565926797836,0.06488507804713703,0.6089630281004856,7.554,196.89995524371056,strict,True,1.0,-0.0,0.0,0.003766650971435165
rough_train:rough_perlin:28,52,rough_train,rough_perlin,28,efficient,cost_energy,decision_time_s,7.554,0.018018018018027642,cost_stability,0.06699327374572012,1.0,2,balanced,0.6000111540550183,0.22500231023941353,0.06699327374572012,0.6000111540550183,7.549999999999998,194.00548789912,strict,True,0.6597130916293125,0.0,0.34028690837068754,0.000561296585601848
rough_train:rough_perlin:28,52,rough_train,rough_perlin,28,efficient,cost_energy,decision_time_s,7.756000000000001,0.9279279279279214,cost_stability,0.06488507804713703,0.0,1,motion,0.6089630281004856,0.22123565926797836,0.06488507804713703,0.6089630281004856,7.554,196.89995524371056,strict,True,1.0,-0.0,0.0,0.003766650971435165
rough_train:rough_perlin:28,52,rough_train,rough_perlin,28,efficient,cost_energy,decision_time_s,7.756000000000001,0.9279279279279214,cost_stability,0.06573512978025192,0.4032129150468385,1,motion,0.6089630281004856,0.22123565926797836,0.06488507804713703,0.6089630281004856,7.554,196.89995524371056,strict,True,1.0,-0.0,0.0,0.003766650971435165
rough_train:rough_perlin:28,52,rough_train,rough_perlin,28,efficient,cost_energy,decision_time_s,7.756000000000001,0.9279279279279214,cost_stability,0.06637631390445083,0.707351721814086,2,energy,0.5937879957990648,0.22906309954739204,0.06637631390445083,0.5937879957990648,7.756000000000001,197.182322366071,strict,True,0.0,0.0,1.0,0.0050549844872513905
rough_train:rough_perlin:28,52,rough_train,rough_perlin,28,efficient,cost_energy,decision_time_s,7.756000000000001,0.9279279279279214,cost_stability,0.06699327374572012,1.0,3,energy,0.5937879957990648,0.22906309954739204,0.06637631390445083,0.5937879957990648,7.756000000000001,197.182322366071,strict,True,0.0,0.0,1.0,0.0050549844872513905
rough_train:rough_perlin:28,52,rough_train,rough_perlin,28,efficient,cost_energy,decision_time_s,7.772000000000003,1.0,cost_stability,0.06488507804713703,0.0,1,motion,0.6089630281004856,0.22123565926797836,0.06488507804713703,0.6089630281004856,7.554,196.89995524371056,strict,True,1.0,-0.0,0.0,0.003766650971435165
rough_train:rough_perlin:28,52,rough_train,rough_perlin,28,efficient,cost_energy,decision_time_s,7.772000000000003,1.0,cost_stability,0.06573512978025192,0.4032129150468385,2,stability,0.5988429802863162,0.22849097664474946,0.06573512978025192,0.5988429802863162,7.772000000000003,198.8609578180716,strict,True,0.0,0.9105237091404739,0.08947629085952613,0.0001315120847358742
rough_train:rough_perlin:28,52,rough_train,rough_perlin,28,efficient,cost_energy,decision_time_s,7.772000000000003,1.0,cost_stability,0.06637631390445083,0.707351721814086,3,energy,0.5937879957990648,0.22906309954739204,0.06637631390445083,0.5937879957990648,7.756000000000001,197.182322366071,strict,True,0.0,0.0,1.0,0.0050549844872513905
rough_train:rough_perlin:28,52,rough_train,rough_perlin,28,efficient,cost_energy,decision_time_s,7.772000000000003,1.0,cost_stability,0.06699327374572012,1.0,4,energy,0.5937879957990648,0.22906309954739204,0.06637631390445083,0.5937879957990648,7.756000000000001,197.182322366071,strict,True,0.0,0.0,1.0,0.0050549844872513905
rough_train:rough_perlin:29,53,rough_train,rough_perlin,29,fast,decision_time_s,cost_stability,0.10058382191048283,0.0,cost_energy,0.70308586732034,1.0,1,motion,6.936000000000001,0.20332955402174907,0.10058382191048283,0.70308586732034,6.936000000000001,208.90087185740182,strict,True,1.0,-0.0,0.0,0.006193289652789369
rough_train:rough_perlin:29,53,rough_train,rough_perlin,29,fast,decision_time_s,cost_stability,0.10295883729326709,0.468835828708006,cost_energy,0.6892585385593174,0.35779442198368233,1,balanced,7.137999999999999,0.20952284367453844,0.10295883729326709,0.6892585385593174,7.137999999999999,210.81580466099604,strict,True,0.0,0.8095343370982507,0.19046566290174935,0.0007109748351281835
rough_train:rough_perlin:29,53,rough_train,rough_perlin,29,fast,decision_time_s,cost_stability,0.10295883729326709,0.468835828708006,cost_energy,0.70308586732034,1.0,2,motion,6.936000000000001,0.20332955402174907,0.10058382191048283,0.70308586732034,6.936000000000001,208.90087185740182,strict,True,1.0,-0.0,0.0,0.006193289652789369
rough_train:rough_perlin:29,53,rough_train,rough_perlin,29,fast,decision_time_s,cost_stability,0.10564959384461424,1.0,cost_energy,0.6815548666028856,0.0,1,stability,7.134000000000002,0.21233665118522044,0.10564959384461424,0.6815548666028856,7.134000000000002,208.45956863128492,strict,True,0.0,-0.0,1.0,0.007703671956431846
rough_train:rough_perlin:29,53,rough_train,rough_perlin,29,fast,decision_time_s,cost_stability,0.10564959384461424,1.0,cost_energy,0.6892585385593174,0.35779442198368233,2,stability,7.134000000000002,0.21233665118522044,0.10564959384461424,0.6815548666028856,7.134000000000002,208.45956863128492,strict,True,0.0,-0.0,1.0,0.007703671956431846
rough_train:rough_perlin:29,53,rough_train,rough_perlin,29,fast,decision_time_s,cost_stability,0.10564959384461424,1.0,cost_energy,0.70308586732034,1.0,3,motion,6.936000000000001,0.20332955402174907,0.10058382191048283,0.70308586732034,6.936000000000001,208.90087185740182,strict,True,1.0,-0.0,0.0,0.006193289652789369
rough_train:rough_perlin:29,53,rough_train,rough_perlin,29,stable,cost_stability,decision_time_s,6.936000000000001,0.0,cost_energy,0.70308586732034,1.0,1,motion,0.10058382191048283,0.20332955402174907,0.10058382191048283,0.70308586732034,6.936000000000001,208.90087185740182,strict,True,1.0,-0.0,0.0,0.006193289652789369
rough_train:rough_perlin:29,53,rough_train,rough_perlin,29,stable,cost_stability,decision_time_s,7.134000000000002,0.9801980198019954,cost_energy,0.6815548666028856,0.0,1,stability,0.10564959384461424,0.21233665118522044,0.10564959384461424,0.6815548666028856,7.134000000000002,208.45956863128492,strict,True,0.0,-0.0,1.0,0.007703671956431846
rough_train:rough_perlin:29,53,rough_train,rough_perlin,29,stable,cost_stability,decision_time_s,7.134000000000002,0.9801980198019954,cost_energy,0.6892585385593174,0.35779442198368233,1,stability,0.10564959384461424,0.21233665118522044,0.10564959384461424,0.6815548666028856,7.134000000000002,208.45956863128492,strict,True,0.0,-0.0,1.0,0.007703671956431846
rough_train:rough_perlin:29,53,rough_train,rough_perlin,29,stable,cost_stability,decision_time_s,7.134000000000002,0.9801980198019954,cost_energy,0.70308586732034,1.0,2,motion,0.10058382191048283,0.20332955402174907,0.10058382191048283,0.70308586732034,6.936000000000001,208.90087185740182,strict,True,1.0,-0.0,0.0,0.006193289652789369
rough_train:rough_perlin:29,53,rough_train,rough_perlin,29,stable,cost_stability,decision_time_s,7.137999999999999,1.0,cost_energy,0.6815548666028856,0.0,1,stability,0.10564959384461424,0.21233665118522044,0.10564959384461424,0.6815548666028856,7.134000000000002,208.45956863128492,strict,True,0.0,-0.0,1.0,0.007703671956431846
rough_train:rough_perlin:29,53,rough_train,rough_perlin,29,stable,cost_stability,decision_time_s,7.137999999999999,1.0,cost_energy,0.6892585385593174,0.35779442198368233,2,balanced,0.10295883729326709,0.20952284367453844,0.10295883729326709,0.6892585385593174,7.137999999999999,210.81580466099604,strict,True,0.0,0.8095343370982507,0.19046566290174935,0.0007109748351281835
rough_train:rough_perlin:29,53,rough_train,rough_perlin,29,stable,cost_stability,decision_time_s,7.137999999999999,1.0,cost_energy,0.70308586732034,1.0,3,motion,0.10058382191048283,0.20332955402174907,0.10058382191048283,0.70308586732034,6.936000000000001,208.90087185740182,strict,True,1.0,-0.0,0.0,0.006193289652789369
rough_train:rough_perlin:29,53,rough_train,rough_perlin,29,efficient,cost_energy,decision_time_s,6.936000000000001,0.0,cost_stability,0.10058382191048283,0.0,1,motion,0.70308586732034,0.20332955402174907,0.10058382191048283,0.70308586732034,6.936000000000001,208.90087185740182,strict,True,1.0,-0.0,0.0,0.006193289652789369
rough_train:rough_perlin:29,53,rough_train,rough_perlin,29,efficient,cost_energy,decision_time_s,6.936000000000001,0.0,cost_stability,0.10295883729326709,0.468835828708006,1,motion,0.70308586732034,0.20332955402174907,0.10058382191048283,0.70308586732034,6.936000000000001,208.90087185740182,strict,True,1.0,-0.0,0.0,0.006193289652789369
rough_train:rough_perlin:29,53,rough_train,rough_perlin,29,efficient,cost_energy,decision_time_s,6.936000000000001,0.0,cost_stability,0.10564959384461424,1.0,1,motion,0.70308586732034,0.20332955402174907,0.10058382191048283,0.70308586732034,6.936000000000001,208.90087185740182,strict,True,1.0,-0.0,0.0,0.006193289652789369
rough_train:rough_perlin:29,53,rough_train,rough_perlin,29,efficient,cost_energy,decision_time_s,7.134000000000002,0.9801980198019954,cost_stability,0.10058382191048283,0.0,1,motion,0.70308586732034,0.20332955402174907,0.10058382191048283,0.70308586732034,6.936000000000001,208.90087185740182,strict,True,1.0,-0.0,0.0,0.006193289652789369
rough_train:rough_perlin:29,53,rough_train,rough_perlin,29,efficient,cost_energy,decision_time_s,7.134000000000002,0.9801980198019954,cost_stability,0.10295883729326709,0.468835828708006,1,motion,0.70308586732034,0.20332955402174907,0.10058382191048283,0.70308586732034,6.936000000000001,208.90087185740182,strict,True,1.0,-0.0,0.0,0.006193289652789369
rough_train:rough_perlin:29,53,rough_train,rough_perlin,29,efficient,cost_energy,decision_time_s,7.134000000000002,0.9801980198019954,cost_stability,0.10564959384461424,1.0,2,stability,0.6815548666028856,0.21233665118522044,0.10564959384461424,0.6815548666028856,7.134000000000002,208.45956863128492,strict,True,0.0,-0.0,1.0,0.007703671956431846
rough_train:rough_perlin:29,53,rough_train,rough_perlin,29,efficient,cost_energy,decision_time_s,7.137999999999999,1.0,cost_stability,0.10058382191048283,0.0,1,motion,0.70308586732034,0.20332955402174907,0.10058382191048283,0.70308586732034,6.936000000000001,208.90087185740182,strict,True,1.0,-0.0,0.0,0.006193289652789369
rough_train:rough_perlin:29,53,rough_train,rough_perlin,29,efficient,cost_energy,decision_time_s,7.137999999999999,1.0,cost_stability,0.10295883729326709,0.468835828708006,2,balanced,0.6892585385593174,0.20952284367453844,0.10295883729326709,0.6892585385593174,7.137999999999999,210.81580466099604,strict,True,0.0,0.8095343370982507,0.19046566290174935,0.0007109748351281835
rough_train:rough_perlin:29,53,rough_train,rough_perlin,29,efficient,cost_energy,decision_time_s,7.137999999999999,1.0,cost_stability,0.10564959384461424,1.0,3,stability,0.6815548666028856,0.21233665118522044,0.10564959384461424,0.6815548666028856,7.134000000000002,208.45956863128492,strict,True,0.0,-0.0,1.0,0.007703671956431846
rough_train:rough_perlin:4,37,rough_train,rough_perlin,4,fast,decision_time_s,cost_stability,0.04638718498683888,0.0,cost_energy,0.6199948002398501,1.0,1,motion,7.364000000000002,0.21905406490512652,0.04638718498683888,0.6199948002398501,7.364000000000002,195.0489043723599,strict,True,1.0,-0.0,0.0,0.006592477363914162
rough_train:rough_perlin:4,37,rough_train,rough_perlin,4,fast,decision_time_s,cost_stability,0.04688955731388799,0.48163353124271585,cost_energy,0.6079181734235153,0.10684090164370834,1,energy,7.554,0.2278528825238981,0.04688955731388799,0.6079181734235153,7.554,196.5621156218646,strict,True,0.0,0.9283825057057131,0.07161749429428677,0.0003985040723300253
rough_train:rough_perlin:4,37,rough_train,rough_perlin,4,fast,decision_time_s,cost_stability,0.04688955731388799,0.48163353124271585,cost_energy,0.610628647796401,0.307301252354387,1,energy,7.554,0.2278528825238981,0.04688955731388799,0.6079181734235153,7.554,196.5621156218646,strict,True,0.0,0.9283825057057131,0.07161749429428677,0.0003985040723300253
rough_train:rough_perlin:4,37,rough_train,rough_perlin,4,fast,decision_time_s,cost_stability,0.04688955731388799,0.48163353124271585,cost_energy,0.6199948002398501,1.0,2,motion,7.364000000000002,0.21905406490512652,0.04638718498683888,0.6199948002398501,7.364000000000002,195.0489043723599,strict,True,1.0,-0.0,0.0,0.006592477363914162
rough_train:rough_perlin:4,37,rough_train,rough_perlin,4,fast,decision_time_s,cost_stability,0.04720935822506088,0.7882325094300222,cost_energy,0.6079181734235153,0.10684090164370834,1,energy,7.554,0.2278528825238981,0.04688955731388799,0.6079181734235153,7.554,196.5621156218646,strict,True,0.0,0.9283825057057131,0.07161749429428677,0.0003985040723300253
rough_train:rough_perlin:4,37,rough_train,rough_perlin,4,fast,decision_time_s,cost_stability,0.04720935822506088,0.7882325094300222,cost_energy,0.610628647796401,0.307301252354387,2,energy,7.554,0.2278528825238981,0.04688955731388799,0.6079181734235153,7.554,196.5621156218646,strict,True,0.0,0.9283825057057131,0.07161749429428677,0.0003985040723300253
rough_train:rough_perlin:4,37,rough_train,rough_perlin,4,fast,decision_time_s,cost_stability,0.04720935822506088,0.7882325094300222,cost_energy,0.6199948002398501,1.0,3,motion,7.364000000000002,0.21905406490512652,0.04638718498683888,0.6199948002398501,7.364000000000002,195.0489043723599,strict,True,1.0,-0.0,0.0,0.006592477363914162
rough_train:rough_perlin:4,37,rough_train,rough_perlin,4,fast,decision_time_s,cost_stability,0.04743024427250133,1.0,cost_energy,0.6064735509589999,0.0,1,stability,7.573999999999996,0.22718016906347374,0.04743024427250133,0.6064735509589999,7.573999999999996,196.095016495183,strict,True,-0.0,0.0,1.0,0.0014446224645153771
rough_train:rough_perlin:4,37,rough_train,rough_perlin,4,fast,decision_time_s,cost_stability,0.04743024427250133,1.0,cost_energy,0.6079181734235153,0.10684090164370834,2,energy,7.554,0.2278528825238981,0.04688955731388799,0.6079181734235153,7.554,196.5621156218646,strict,True,0.0,0.9283825057057131,0.07161749429428677,0.0003985040723300253
rough_train:rough_perlin:4,37,rough_train,rough_perlin,4,fast,decision_time_s,cost_stability,0.04743024427250133,1.0,cost_energy,0.610628647796401,0.307301252354387,3,energy,7.554,0.2278528825238981,0.04688955731388799,0.6079181734235153,7.554,196.5621156218646,strict,True,0.0,0.9283825057057131,0.07161749429428677,0.0003985040723300253
rough_train:rough_perlin:4,37,rough_train,rough_perlin,4,fast,decision_time_s,cost_stability,0.04743024427250133,1.0,cost_energy,0.6199948002398501,1.0,4,motion,7.364000000000002,0.21905406490512652,0.04638718498683888,0.6199948002398501,7.364000000000002,195.0489043723599,strict,True,1.0,-0.0,0.0,0.006592477363914162
rough_train:rough_perlin:4,37,rough_train,rough_perlin,4,stable,cost_stability,decision_time_s,7.364000000000002,0.0,cost_energy,0.6199948002398501,1.0,1,motion,0.04638718498683888,0.21905406490512652,0.04638718498683888,0.6199948002398501,7.364000000000002,195.0489043723599,strict,True,1.0,-0.0,0.0,0.006592477363914162
rough_train:rough_perlin:4,37,rough_train,rough_perlin,4,stable,cost_stability,decision_time_s,7.554,0.904761904761906,cost_energy,0.6079181734235153,0.10684090164370834,1,energy,0.04688955731388799,0.2278528825238981,0.04688955731388799,0.6079181734235153,7.554,196.5621156218646,strict,True,0.0,0.9283825057057131,0.07161749429428677,0.0003985040723300253
rough_train:rough_perlin:4,37,rough_train,rough_perlin,4,stable,cost_stability,decision_time_s,7.554,0.904761904761906,cost_energy,0.610628647796401,0.307301252354387,1,energy,0.04688955731388799,0.2278528825238981,0.04688955731388799,0.6079181734235153,7.554,196.5621156218646,strict,True,0.0,0.9283825057057131,0.07161749429428677,0.0003985040723300253
rough_train:rough_perlin:4,37,rough_train,rough_perlin,4,stable,cost_stability,decision_time_s,7.554,0.904761904761906,cost_energy,0.6199948002398501,1.0,2,motion,0.04638718498683888,0.21905406490512652,0.04638718498683888,0.6199948002398501,7.364000000000002,195.0489043723599,strict,True,1.0,-0.0,0.0,0.006592477363914162
rough_train:rough_perlin:4,37,rough_train,rough_perlin,4,stable,cost_stability,decision_time_s,7.573999999999996,0.9999999999999831,cost_energy,0.6064735509589999,0.0,1,stability,0.04743024427250133,0.22718016906347374,0.04743024427250133,0.6064735509589999,7.573999999999996,196.095016495183,strict,True,-0.0,0.0,1.0,0.0014446224645153771
rough_train:rough_perlin:4,37,rough_train,rough_perlin,4,stable,cost_stability,decision_time_s,7.573999999999996,0.9999999999999831,cost_energy,0.6079181734235153,0.10684090164370834,2,energy,0.04688955731388799,0.2278528825238981,0.04688955731388799,0.6079181734235153,7.554,196.5621156218646,strict,True,0.0,0.9283825057057131,0.07161749429428677,0.0003985040723300253
rough_train:rough_perlin:4,37,rough_train,rough_perlin,4,stable,cost_stability,decision_time_s,7.573999999999996,0.9999999999999831,cost_energy,0.610628647796401,0.307301252354387,3,energy,0.04688955731388799,0.2278528825238981,0.04688955731388799,0.6079181734235153,7.554,196.5621156218646,strict,True,0.0,0.9283825057057131,0.07161749429428677,0.0003985040723300253
rough_train:rough_perlin:4,37,rough_train,rough_perlin,4,stable,cost_stability,decision_time_s,7.573999999999996,0.9999999999999831,cost_energy,0.6199948002398501,1.0,4,motion,0.04638718498683888,0.21905406490512652,0.04638718498683888,0.6199948002398501,7.364000000000002,195.0489043723599,strict,True,1.0,-0.0,0.0,0.006592477363914162
rough_train:rough_perlin:4,37,rough_train,rough_perlin,4,stable,cost_stability,decision_time_s,7.574,1.0,cost_energy,0.6064735509589999,0.0,1,stability,0.04743024427250133,0.22718016906347374,0.04743024427250133,0.6064735509589999,7.573999999999996,196.095016495183,strict,True,-0.0,0.0,1.0,0.0014446224645153771
rough_train:rough_perlin:4,37,rough_train,rough_perlin,4,stable,cost_stability,decision_time_s,7.574,1.0,cost_energy,0.6079181734235153,0.10684090164370834,2,energy,0.04688955731388799,0.2278528825238981,0.04688955731388799,0.6079181734235153,7.554,196.5621156218646,strict,True,0.0,0.9283825057057131,0.07161749429428677,0.0003985040723300253
rough_train:rough_perlin:4,37,rough_train,rough_perlin,4,stable,cost_stability,decision_time_s,7.574,1.0,cost_energy,0.610628647796401,0.307301252354387,3,energy,0.04688955731388799,0.2278528825238981,0.04688955731388799,0.6079181734235153,7.554,196.5621156218646,strict,True,0.0,0.9283825057057131,0.07161749429428677,0.0003985040723300253
rough_train:rough_perlin:4,37,rough_train,rough_perlin,4,stable,cost_stability,decision_time_s,7.574,1.0,cost_energy,0.6199948002398501,1.0,4,motion,0.04638718498683888,0.21905406490512652,0.04638718498683888,0.6199948002398501,7.364000000000002,195.0489043723599,strict,True,1.0,-0.0,0.0,0.006592477363914162
rough_train:rough_perlin:4,37,rough_train,rough_perlin,4,efficient,cost_energy,decision_time_s,7.364000000000002,0.0,cost_stability,0.04638718498683888,0.0,1,motion,0.6199948002398501,0.21905406490512652,0.04638718498683888,0.6199948002398501,7.364000000000002,195.0489043723599,strict,True,1.0,-0.0,0.0,0.006592477363914162
rough_train:rough_perlin:4,37,rough_train,rough_perlin,4,efficient,cost_energy,decision_time_s,7.364000000000002,0.0,cost_stability,0.04688955731388799,0.48163353124271585,1,motion,0.6199948002398501,0.21905406490512652,0.04638718498683888,0.6199948002398501,7.364000000000002,195.0489043723599,strict,True,1.0,-0.0,0.0,0.006592477363914162
rough_train:rough_perlin:4,37,rough_train,rough_perlin,4,efficient,cost_energy,decision_time_s,7.364000000000002,0.0,cost_stability,0.04720935822506088,0.7882325094300222,1,motion,0.6199948002398501,0.21905406490512652,0.04638718498683888,0.6199948002398501,7.364000000000002,195.0489043723599,strict,True,1.0,-0.0,0.0,0.006592477363914162
rough_train:rough_perlin:4,37,rough_train,rough_perlin,4,efficient,cost_energy,decision_time_s,7.364000000000002,0.0,cost_stability,0.04743024427250133,1.0,1,motion,0.6199948002398501,0.21905406490512652,0.04638718498683888,0.6199948002398501,7.364000000000002,195.0489043723599,strict,True,1.0,-0.0,0.0,0.006592477363914162
rough_train:rough_perlin:4,37,rough_train,rough_perlin,4,efficient,cost_energy,decision_time_s,7.554,0.904761904761906,cost_stability,0.04638718498683888,0.0,1,motion,0.6199948002398501,0.21905406490512652,0.04638718498683888,0.6199948002398501,7.364000000000002,195.0489043723599,strict,True,1.0,-0.0,0.0,0.006592477363914162
rough_train:rough_perlin:4,37,rough_train,rough_perlin,4,efficient,cost_energy,decision_time_s,7.554,0.904761904761906,cost_stability,0.04688955731388799,0.48163353124271585,2,energy,0.6079181734235153,0.2278528825238981,0.04688955731388799,0.6079181734235153,7.554,196.5621156218646,strict,True,0.0,0.9283825057057131,0.07161749429428677,0.0003985040723300253
rough_train:rough_perlin:4,37,rough_train,rough_perlin,4,efficient,cost_energy,decision_time_s,7.554,0.904761904761906,cost_stability,0.04720935822506088,0.7882325094300222,2,energy,0.6079181734235153,0.2278528825238981,0.04688955731388799,0.6079181734235153,7.554,196.5621156218646,strict,True,0.0,0.9283825057057131,0.07161749429428677,0.0003985040723300253
rough_train:rough_perlin:4,37,rough_train,rough_perlin,4,efficient,cost_energy,decision_time_s,7.554,0.904761904761906,cost_stability,0.04743024427250133,1.0,2,energy,0.6079181734235153,0.2278528825238981,0.04688955731388799,0.6079181734235153,7.554,196.5621156218646,strict,True,0.0,0.9283825057057131,0.07161749429428677,0.0003985040723300253
rough_train:rough_perlin:4,37,rough_train,rough_perlin,4,efficient,cost_energy,decision_time_s,7.573999999999996,0.9999999999999831,cost_stability,0.04638718498683888,0.0,1,motion,0.6199948002398501,0.21905406490512652,0.04638718498683888,0.6199948002398501,7.364000000000002,195.0489043723599,strict,True,1.0,-0.0,0.0,0.006592477363914162
rough_train:rough_perlin:4,37,rough_train,rough_perlin,4,efficient,cost_energy,decision_time_s,7.573999999999996,0.9999999999999831,cost_stability,0.04688955731388799,0.48163353124271585,2,energy,0.6079181734235153,0.2278528825238981,0.04688955731388799,0.6079181734235153,7.554,196.5621156218646,strict,True,0.0,0.9283825057057131,0.07161749429428677,0.0003985040723300253
rough_train:rough_perlin:4,37,rough_train,rough_perlin,4,efficient,cost_energy,decision_time_s,7.573999999999996,0.9999999999999831,cost_stability,0.04720935822506088,0.7882325094300222,3,energy,0.6079181734235153,0.2278528825238981,0.04688955731388799,0.6079181734235153,7.554,196.5621156218646,strict,True,0.0,0.9283825057057131,0.07161749429428677,0.0003985040723300253
rough_train:rough_perlin:4,37,rough_train,rough_perlin,4,efficient,cost_energy,decision_time_s,7.573999999999996,0.9999999999999831,cost_stability,0.04743024427250133,1.0,4,stability,0.6064735509589999,0.22718016906347374,0.04743024427250133,0.6064735509589999,7.573999999999996,196.095016495183,strict,True,-0.0,0.0,1.0,0.0014446224645153771
rough_train:rough_perlin:4,37,rough_train,rough_perlin,4,efficient,cost_energy,decision_time_s,7.574,1.0,cost_stability,0.04638718498683888,0.0,1,motion,0.6199948002398501,0.21905406490512652,0.04638718498683888,0.6199948002398501,7.364000000000002,195.0489043723599,strict,True,1.0,-0.0,0.0,0.006592477363914162
rough_train:rough_perlin:4,37,rough_train,rough_perlin,4,efficient,cost_energy,decision_time_s,7.574,1.0,cost_stability,0.04688955731388799,0.48163353124271585,2,energy,0.6079181734235153,0.2278528825238981,0.04688955731388799,0.6079181734235153,7.554,196.5621156218646,strict,True,0.0,0.9283825057057131,0.07161749429428677,0.0003985040723300253
rough_train:rough_perlin:4,37,rough_train,rough_perlin,4,efficient,cost_energy,decision_time_s,7.574,1.0,cost_stability,0.04720935822506088,0.7882325094300222,3,energy,0.6079181734235153,0.2278528825238981,0.04688955731388799,0.6079181734235153,7.554,196.5621156218646,strict,True,0.0,0.9283825057057131,0.07161749429428677,0.0003985040723300253
rough_train:rough_perlin:4,37,rough_train,rough_perlin,4,efficient,cost_energy,decision_time_s,7.574,1.0,cost_stability,0.04743024427250133,1.0,4,stability,0.6064735509589999,0.22718016906347374,0.04743024427250133,0.6064735509589999,7.573999999999996,196.095016495183,strict,True,-0.0,0.0,1.0,0.0014446224645153771
rough_train:rough_perlin:5,38,rough_train,rough_perlin,5,fast,decision_time_s,cost_stability,0.08586610099553049,0.0,cost_energy,0.6272470531809756,0.0,1,energy,7.552000000000003,0.22816215280281466,0.08586610099553049,0.6272470531809756,7.552000000000003,202.8118473519279,strict,True,0.0,-0.0,1.0,0.013174391623995252
rough_train:rough_perlin:5,38,rough_train,rough_perlin,5,fast,decision_time_s,cost_stability,0.08586610099553049,0.0,cost_energy,0.6404214448049709,0.32920671016468783,1,energy,7.552000000000003,0.22816215280281466,0.08586610099553049,0.6272470531809756,7.552000000000003,202.8118473519279,strict,True,0.0,-0.0,1.0,0.013174391623995252
rough_train:rough_perlin:5,38,rough_train,rough_perlin,5,fast,decision_time_s,cost_stability,0.08586610099553049,0.0,cost_energy,0.6653351990381745,0.9517610795084823,1,energy,7.552000000000003,0.22816215280281466,0.08586610099553049,0.6272470531809756,7.552000000000003,202.8118473519279,strict,True,0.0,-0.0,1.0,0.013174391623995252
rough_train:rough_perlin:5,38,rough_train,rough_perlin,5,fast,decision_time_s,cost_stability,0.08586610099553049,0.0,cost_energy,0.6672656530977412,1.0,1,energy,7.552000000000003,0.22816215280281466,0.08586610099553049,0.6272470531809756,7.552000000000003,202.8118473519279,strict,True,0.0,-0.0,1.0,0.013174391623995252
rough_train:rough_perlin:5,38,rough_train,rough_perlin,5,fast,decision_time_s,cost_stability,0.08699247237087052,0.3035421674458045,cost_energy,0.6272470531809756,0.0,1,energy,7.552000000000003,0.22816215280281466,0.08586610099553049,0.6272470531809756,7.552000000000003,202.8118473519279,strict,True,0.0,-0.0,1.0,0.013174391623995252
rough_train:rough_perlin:5,38,rough_train,rough_perlin,5,fast,decision_time_s,cost_stability,0.08699247237087052,0.3035421674458045,cost_energy,0.6404214448049709,0.32920671016468783,2,energy,7.552000000000003,0.22816215280281466,0.08586610099553049,0.6272470531809756,7.552000000000003,202.8118473519279,strict,True,0.0,-0.0,1.0,0.013174391623995252
rough_train:rough_perlin:5,38,rough_train,rough_perlin,5,fast,decision_time_s,cost_stability,0.08699247237087052,0.3035421674458045,cost_energy,0.6653351990381745,0.9517610795084823,2,energy,7.552000000000003,0.22816215280281466,0.08586610099553049,0.6272470531809756,7.552000000000003,202.8118473519279,strict,True,0.0,-0.0,1.0,0.013174391623995252
rough_train:rough_perlin:5,38,rough_train,rough_perlin,5,fast,decision_time_s,cost_stability,0.08699247237087052,0.3035421674458045,cost_energy,0.6672656530977412,1.0,2,energy,7.552000000000003,0.22816215280281466,0.08586610099553049,0.6272470531809756,7.552000000000003,202.8118473519279,strict,True,0.0,-0.0,1.0,0.013174391623995252
rough_train:rough_perlin:5,38,rough_train,rough_perlin,5,fast,decision_time_s,cost_stability,0.08836034737508057,0.6721663642809891,cost_energy,0.6272470531809756,0.0,1,energy,7.552000000000003,0.22816215280281466,0.08586610099553049,0.6272470531809756,7.552000000000003,202.8118473519279,strict,True,0.0,-0.0,1.0,0.013174391623995252
rough_train:rough_perlin:5,38,rough_train,rough_perlin,5,fast,decision_time_s,cost_stability,0.08836034737508057,0.6721663642809891,cost_energy,0.6404214448049709,0.32920671016468783,2,energy,7.552000000000003,0.22816215280281466,0.08586610099553049,0.6272470531809756,7.552000000000003,202.8118473519279,strict,True,0.0,-0.0,1.0,0.013174391623995252
rough_train:rough_perlin:5,38,rough_train,rough_perlin,5,fast,decision_time_s,cost_stability,0.08836034737508057,0.6721663642809891,cost_energy,0.6653351990381745,0.9517610795084823,3,balanced,7.360000000000002,0.22082356176106976,0.08836034737508057,0.6653351990381745,7.360000000000002,209.31288707995333,unsupported,False,0.20600382632595687,0.7939961736740428,0.0,-0.00046864424712225847
rough_train:rough_perlin:5,38,rough_train,rough_perlin,5,fast,decision_time_s,cost_stability,0.08836034737508057,0.6721663642809891,cost_energy,0.6672656530977412,1.0,3,balanced,7.360000000000002,0.22082356176106976,0.08836034737508057,0.6653351990381745,7.360000000000002,209.31288707995333,unsupported,False,0.20600382632595687,0.7939961736740428,0.0,-0.00046864424712225847
rough_train:rough_perlin:5,38,rough_train,rough_perlin,5,fast,decision_time_s,cost_stability,0.08957685849857537,1.0,cost_energy,0.6272470531809756,0.0,1,energy,7.552000000000003,0.22816215280281466,0.08586610099553049,0.6272470531809756,7.552000000000003,202.8118473519279,strict,True,0.0,-0.0,1.0,0.013174391623995252
rough_train:rough_perlin:5,38,rough_train,rough_perlin,5,fast,decision_time_s,cost_stability,0.08957685849857537,1.0,cost_energy,0.6404214448049709,0.32920671016468783,2,energy,7.552000000000003,0.22816215280281466,0.08586610099553049,0.6272470531809756,7.552000000000003,202.8118473519279,strict,True,0.0,-0.0,1.0,0.013174391623995252
rough_train:rough_perlin:5,38,rough_train,rough_perlin,5,fast,decision_time_s,cost_stability,0.08957685849857537,1.0,cost_energy,0.6653351990381745,0.9517610795084823,3,balanced,7.360000000000002,0.22082356176106976,0.08836034737508057,0.6653351990381745,7.360000000000002,209.31288707995333,unsupported,False,0.20600382632595687,0.7939961736740428,0.0,-0.00046864424712225847
rough_train:rough_perlin:5,38,rough_train,rough_perlin,5,fast,decision_time_s,cost_stability,0.08957685849857537,1.0,cost_energy,0.6672656530977412,1.0,4,motion,7.1579999999999995,0.21385985895033083,0.08957685849857537,0.6672656530977412,7.1579999999999995,204.0890866212161,strict,True,1.0,0.0,0.0,0.0069637028107389365
rough_train:rough_perlin:5,38,rough_train,rough_perlin,5,stable,cost_stability,decision_time_s,7.1579999999999995,0.0,cost_energy,0.6672656530977412,1.0,1,motion,0.08957685849857537,0.21385985895033083,0.08957685849857537,0.6672656530977412,7.1579999999999995,204.0890866212161,strict,True,1.0,0.0,0.0,0.0069637028107389365
rough_train:rough_perlin:5,38,rough_train,rough_perlin,5,stable,cost_stability,decision_time_s,7.360000000000002,0.5050000000000061,cost_energy,0.6653351990381745,0.9517610795084823,1,balanced,0.08836034737508057,0.22082356176106976,0.08836034737508057,0.6653351990381745,7.360000000000002,209.31288707995333,unsupported,False,0.20600382632595687,0.7939961736740428,0.0,-0.00046864424712225847
rough_train:rough_perlin:5,38,rough_train,rough_perlin,5,stable,cost_stability,decision_time_s,7.360000000000002,0.5050000000000061,cost_energy,0.6672656530977412,1.0,2,balanced,0.08836034737508057,0.22082356176106976,0.08836034737508057,0.6653351990381745,7.360000000000002,209.31288707995333,unsupported,False,0.20600382632595687,0.7939961736740428,0.0,-0.00046864424712225847
rough_train:rough_perlin:5,38,rough_train,rough_perlin,5,stable,cost_stability,decision_time_s,7.552000000000003,0.9850000000000083,cost_energy,0.6272470531809756,0.0,1,energy,0.08586610099553049,0.22816215280281466,0.08586610099553049,0.6272470531809756,7.552000000000003,202.8118473519279,strict,True,0.0,-0.0,1.0,0.013174391623995252
rough_train:rough_perlin:5,38,rough_train,rough_perlin,5,stable,cost_stability,decision_time_s,7.552000000000003,0.9850000000000083,cost_energy,0.6404214448049709,0.32920671016468783,1,energy,0.08586610099553049,0.22816215280281466,0.08586610099553049,0.6272470531809756,7.552000000000003,202.8118473519279,strict,True,0.0,-0.0,1.0,0.013174391623995252
rough_train:rough_perlin:5,38,rough_train,rough_perlin,5,stable,cost_stability,decision_time_s,7.552000000000003,0.9850000000000083,cost_energy,0.6653351990381745,0.9517610795084823,2,energy,0.08586610099553049,0.22816215280281466,0.08586610099553049,0.6272470531809756,7.552000000000003,202.8118473519279,strict,True,0.0,-0.0,1.0,0.013174391623995252
rough_train:rough_perlin:5,38,rough_train,rough_perlin,5,stable,cost_stability,decision_time_s,7.552000000000003,0.9850000000000083,cost_energy,0.6672656530977412,1.0,3,energy,0.08586610099553049,0.22816215280281466,0.08586610099553049,0.6272470531809756,7.552000000000003,202.8118473519279,strict,True,0.0,-0.0,1.0,0.013174391623995252
rough_train:rough_perlin:5,38,rough_train,rough_perlin,5,stable,cost_stability,decision_time_s,7.558,1.0,cost_energy,0.6272470531809756,0.0,1,energy,0.08586610099553049,0.22816215280281466,0.08586610099553049,0.6272470531809756,7.552000000000003,202.8118473519279,strict,True,0.0,-0.0,1.0,0.013174391623995252
rough_train:rough_perlin:5,38,rough_train,rough_perlin,5,stable,cost_stability,decision_time_s,7.558,1.0,cost_energy,0.6404214448049709,0.32920671016468783,2,energy,0.08586610099553049,0.22816215280281466,0.08586610099553049,0.6272470531809756,7.552000000000003,202.8118473519279,strict,True,0.0,-0.0,1.0,0.013174391623995252
rough_train:rough_perlin:5,38,rough_train,rough_perlin,5,stable,cost_stability,decision_time_s,7.558,1.0,cost_energy,0.6653351990381745,0.9517610795084823,3,energy,0.08586610099553049,0.22816215280281466,0.08586610099553049,0.6272470531809756,7.552000000000003,202.8118473519279,strict,True,0.0,-0.0,1.0,0.013174391623995252
rough_train:rough_perlin:5,38,rough_train,rough_perlin,5,stable,cost_stability,decision_time_s,7.558,1.0,cost_energy,0.6672656530977412,1.0,4,energy,0.08586610099553049,0.22816215280281466,0.08586610099553049,0.6272470531809756,7.552000000000003,202.8118473519279,strict,True,0.0,-0.0,1.0,0.013174391623995252
rough_train:rough_perlin:5,38,rough_train,rough_perlin,5,efficient,cost_energy,decision_time_s,7.1579999999999995,0.0,cost_stability,0.08957685849857537,1.0,1,motion,0.6672656530977412,0.21385985895033083,0.08957685849857537,0.6672656530977412,7.1579999999999995,204.0890866212161,strict,True,1.0,0.0,0.0,0.0069637028107389365
rough_train:rough_perlin:5,38,rough_train,rough_perlin,5,efficient,cost_energy,decision_time_s,7.360000000000002,0.5050000000000061,cost_stability,0.08836034737508057,0.6721663642809891,1,balanced,0.6653351990381745,0.22082356176106976,0.08836034737508057,0.6653351990381745,7.360000000000002,209.31288707995333,unsupported,False,0.20600382632595687,0.7939961736740428,0.0,-0.00046864424712225847
rough_train:rough_perlin:5,38,rough_train,rough_perlin,5,efficient,cost_energy,decision_time_s,7.360000000000002,0.5050000000000061,cost_stability,0.08957685849857537,1.0,2,balanced,0.6653351990381745,0.22082356176106976,0.08836034737508057,0.6653351990381745,7.360000000000002,209.31288707995333,unsupported,False,0.20600382632595687,0.7939961736740428,0.0,-0.00046864424712225847
rough_train:rough_perlin:5,38,rough_train,rough_perlin,5,efficient,cost_energy,decision_time_s,7.552000000000003,0.9850000000000083,cost_stability,0.08586610099553049,0.0,1,energy,0.6272470531809756,0.22816215280281466,0.08586610099553049,0.6272470531809756,7.552000000000003,202.8118473519279,strict,True,0.0,-0.0,1.0,0.013174391623995252
rough_train:rough_perlin:5,38,rough_train,rough_perlin,5,efficient,cost_energy,decision_time_s,7.552000000000003,0.9850000000000083,cost_stability,0.08699247237087052,0.3035421674458045,1,energy,0.6272470531809756,0.22816215280281466,0.08586610099553049,0.6272470531809756,7.552000000000003,202.8118473519279,strict,True,0.0,-0.0,1.0,0.013174391623995252
rough_train:rough_perlin:5,38,rough_train,rough_perlin,5,efficient,cost_energy,decision_time_s,7.552000000000003,0.9850000000000083,cost_stability,0.08836034737508057,0.6721663642809891,2,energy,0.6272470531809756,0.22816215280281466,0.08586610099553049,0.6272470531809756,7.552000000000003,202.8118473519279,strict,True,0.0,-0.0,1.0,0.013174391623995252
rough_train:rough_perlin:5,38,rough_train,rough_perlin,5,efficient,cost_energy,decision_time_s,7.552000000000003,0.9850000000000083,cost_stability,0.08957685849857537,1.0,3,energy,0.6272470531809756,0.22816215280281466,0.08586610099553049,0.6272470531809756,7.552000000000003,202.8118473519279,strict,True,0.0,-0.0,1.0,0.013174391623995252
rough_train:rough_perlin:5,38,rough_train,rough_perlin,5,efficient,cost_energy,decision_time_s,7.558,1.0,cost_stability,0.08586610099553049,0.0,1,energy,0.6272470531809756,0.22816215280281466,0.08586610099553049,0.6272470531809756,7.552000000000003,202.8118473519279,strict,True,0.0,-0.0,1.0,0.013174391623995252
rough_train:rough_perlin:5,38,rough_train,rough_perlin,5,efficient,cost_energy,decision_time_s,7.558,1.0,cost_stability,0.08699247237087052,0.3035421674458045,2,energy,0.6272470531809756,0.22816215280281466,0.08586610099553049,0.6272470531809756,7.552000000000003,202.8118473519279,strict,True,0.0,-0.0,1.0,0.013174391623995252
rough_train:rough_perlin:5,38,rough_train,rough_perlin,5,efficient,cost_energy,decision_time_s,7.558,1.0,cost_stability,0.08836034737508057,0.6721663642809891,3,energy,0.6272470531809756,0.22816215280281466,0.08586610099553049,0.6272470531809756,7.552000000000003,202.8118473519279,strict,True,0.0,-0.0,1.0,0.013174391623995252
rough_train:rough_perlin:5,38,rough_train,rough_perlin,5,efficient,cost_energy,decision_time_s,7.558,1.0,cost_stability,0.08957685849857537,1.0,4,energy,0.6272470531809756,0.22816215280281466,0.08586610099553049,0.6272470531809756,7.552000000000003,202.8118473519279,strict,True,0.0,-0.0,1.0,0.013174391623995252
rough_train:rough_perlin:6,39,rough_train,rough_perlin,6,fast,decision_time_s,cost_stability,0.0488415235678272,0.0,cost_energy,0.6004430784594766,0.47134289821833547,1,balanced,7.577999999999999,0.2258066011287321,0.0488415235678272,0.6004430784594766,7.577999999999999,194.14514481092266,strict,True,0.03924966589337122,0.9607503341066287,0.0,0.00046008642503748433
rough_train:rough_perlin:6,39,rough_train,rough_perlin,6,fast,decision_time_s,cost_stability,0.0488415235678272,0.0,cost_energy,0.6090824894577284,1.0,1,balanced,7.577999999999999,0.2258066011287321,0.0488415235678272,0.6004430784594766,7.577999999999999,194.14514481092266,strict,True,0.03924966589337122,0.9607503341066287,0.0,0.00046008642503748433
rough_train:rough_perlin:6,39,rough_train,rough_perlin,6,fast,decision_time_s,cost_stability,0.04922665943657446,0.16357267362937528,cost_energy,0.5938048276181309,0.06513946011408428,1,stability,7.535999999999999,0.22810132156550697,0.04922665943657446,0.5938048276181309,7.535999999999999,191.99875622369663,strict,True,0.5146056047136001,0.0,0.4853943952863999,0.002041293754879258
rough_train:rough_perlin:6,39,rough_train,rough_perlin,6,fast,decision_time_s,cost_stability,0.04922665943657446,0.16357267362937528,cost_energy,0.6004430784594766,0.47134289821833547,2,stability,7.535999999999999,0.22810132156550697,0.04922665943657446,0.5938048276181309,7.535999999999999,191.99875622369663,strict,True,0.5146056047136001,0.0,0.4853943952863999,0.002041293754879258
rough_train:rough_perlin:6,39,rough_train,rough_perlin,6,fast,decision_time_s,cost_stability,0.04922665943657446,0.16357267362937528,cost_energy,0.6090824894577284,1.0,2,stability,7.535999999999999,0.22810132156550697,0.04922665943657446,0.5938048276181309,7.535999999999999,191.99875622369663,strict,True,0.5146056047136001,0.0,0.4853943952863999,0.002041293754879258
rough_train:rough_perlin:6,39,rough_train,rough_perlin,6,fast,decision_time_s,cost_stability,0.04962045371691317,0.3308226976390272,cost_energy,0.5938048276181309,0.06513946011408428,1,stability,7.535999999999999,0.22810132156550697,0.04922665943657446,0.5938048276181309,7.535999999999999,191.99875622369663,strict,True,0.5146056047136001,0.0,0.4853943952863999,0.002041293754879258
rough_train:rough_perlin:6,39,rough_train,rough_perlin,6,fast,decision_time_s,cost_stability,0.04962045371691317,0.3308226976390272,cost_energy,0.6004430784594766,0.47134289821833547,2,stability,7.535999999999999,0.22810132156550697,0.04922665943657446,0.5938048276181309,7.535999999999999,191.99875622369663,strict,True,0.5146056047136001,0.0,0.4853943952863999,0.002041293754879258
rough_train:rough_perlin:6,39,rough_train,rough_perlin,6,fast,decision_time_s,cost_stability,0.04962045371691317,0.3308226976390272,cost_energy,0.6090824894577284,1.0,3,motion,7.358,0.2184620551464624,0.04962045371691317,0.6090824894577284,7.358,191.61591709343415,strict,True,1.0,0.0,0.0,0.00734454598226969
rough_train:rough_perlin:6,39,rough_train,rough_perlin,6,fast,decision_time_s,cost_stability,0.05119604807489681,1.0,cost_energy,0.5927403066531554,0.0,1,energy,7.765999999999999,0.23307213074735975,0.05119604807489681,0.5927403066531554,7.765999999999999,196.83441068653266,strict,True,0.0,0.0,1.0,0.0010645209649755571
rough_train:rough_perlin:6,39,rough_train,rough_perlin,6,fast,decision_time_s,cost_stability,0.05119604807489681,1.0,cost_energy,0.5938048276181309,0.06513946011408428,2,stability,7.535999999999999,0.22810132156550697,0.04922665943657446,0.5938048276181309,7.535999999999999,191.99875622369663,strict,True,0.5146056047136001,0.0,0.4853943952863999,0.002041293754879258
rough_train:rough_perlin:6,39,rough_train,rough_perlin,6,fast,decision_time_s,cost_stability,0.05119604807489681,1.0,cost_energy,0.6004430784594766,0.47134289821833547,3,stability,7.535999999999999,0.22810132156550697,0.04922665943657446,0.5938048276181309,7.535999999999999,191.99875622369663,strict,True,0.5146056047136001,0.0,0.4853943952863999,0.002041293754879258
rough_train:rough_perlin:6,39,rough_train,rough_perlin,6,fast,decision_time_s,cost_stability,0.05119604807489681,1.0,cost_energy,0.6090824894577284,1.0,4,motion,7.358,0.2184620551464624,0.04962045371691317,0.6090824894577284,7.358,191.61591709343415,strict,True,1.0,0.0,0.0,0.00734454598226969
rough_train:rough_perlin:6,39,rough_train,rough_perlin,6,stable,cost_stability,decision_time_s,7.358,0.0,cost_energy,0.6090824894577284,1.0,1,motion,0.04962045371691317,0.2184620551464624,0.04962045371691317,0.6090824894577284,7.358,191.61591709343415,strict,True,1.0,0.0,0.0,0.00734454598226969
rough_train:rough_perlin:6,39,rough_train,rough_perlin,6,stable,cost_stability,decision_time_s,7.535999999999999,0.4362745098039198,cost_energy,0.5938048276181309,0.06513946011408428,1,stability,0.04922665943657446,0.22810132156550697,0.04922665943657446,0.5938048276181309,7.535999999999999,191.99875622369663,strict,True,0.5146056047136001,0.0,0.4853943952863999,0.002041293754879258
rough_train:rough_perlin:6,39,rough_train,rough_perlin,6,stable,cost_stability,decision_time_s,7.535999999999999,0.4362745098039198,cost_energy,0.6004430784594766,0.47134289821833547,1,stability,0.04922665943657446,0.22810132156550697,0.04922665943657446,0.5938048276181309,7.535999999999999,191.99875622369663,strict,True,0.5146056047136001,0.0,0.4853943952863999,0.002041293754879258
rough_train:rough_perlin:6,39,rough_train,rough_perlin,6,stable,cost_stability,decision_time_s,7.535999999999999,0.4362745098039198,cost_energy,0.6090824894577284,1.0,2,stability,0.04922665943657446,0.22810132156550697,0.04922665943657446,0.5938048276181309,7.535999999999999,191.99875622369663,strict,True,0.5146056047136001,0.0,0.4853943952863999,0.002041293754879258
rough_train:rough_perlin:6,39,rough_train,rough_perlin,6,stable,cost_stability,decision_time_s,7.577999999999999,0.5392156862745099,cost_energy,0.5938048276181309,0.06513946011408428,1,stability,0.04922665943657446,0.22810132156550697,0.04922665943657446,0.5938048276181309,7.535999999999999,191.99875622369663,strict,True,0.5146056047136001,0.0,0.4853943952863999,0.002041293754879258
rough_train:rough_perlin:6,39,rough_train,rough_perlin,6,stable,cost_stability,decision_time_s,7.577999999999999,0.5392156862745099,cost_energy,0.6004430784594766,0.47134289821833547,2,balanced,0.0488415235678272,0.2258066011287321,0.0488415235678272,0.6004430784594766,7.577999999999999,194.14514481092266,strict,True,0.03924966589337122,0.9607503341066287,0.0,0.00046008642503748433
rough_train:rough_perlin:6,39,rough_train,rough_perlin,6,stable,cost_stability,decision_time_s,7.577999999999999,0.5392156862745099,cost_energy,0.6090824894577284,1.0,3,balanced,0.0488415235678272,0.2258066011287321,0.0488415235678272,0.6004430784594766,7.577999999999999,194.14514481092266,strict,True,0.03924966589337122,0.9607503341066287,0.0,0.00046008642503748433
rough_train:rough_perlin:6,39,rough_train,rough_perlin,6,stable,cost_stability,decision_time_s,7.765999999999999,1.0,cost_energy,0.5927403066531554,0.0,1,energy,0.05119604807489681,0.23307213074735975,0.05119604807489681,0.5927403066531554,7.765999999999999,196.83441068653266,strict,True,0.0,0.0,1.0,0.0010645209649755571
rough_train:rough_perlin:6,39,rough_train,rough_perlin,6,stable,cost_stability,decision_time_s,7.765999999999999,1.0,cost_energy,0.5938048276181309,0.06513946011408428,2,stability,0.04922665943657446,0.22810132156550697,0.04922665943657446,0.5938048276181309,7.535999999999999,191.99875622369663,strict,True,0.5146056047136001,0.0,0.4853943952863999,0.002041293754879258
rough_train:rough_perlin:6,39,rough_train,rough_perlin,6,stable,cost_stability,decision_time_s,7.765999999999999,1.0,cost_energy,0.6004430784594766,0.47134289821833547,3,balanced,0.0488415235678272,0.2258066011287321,0.0488415235678272,0.6004430784594766,7.577999999999999,194.14514481092266,strict,True,0.03924966589337122,0.9607503341066287,0.0,0.00046008642503748433
rough_train:rough_perlin:6,39,rough_train,rough_perlin,6,stable,cost_stability,decision_time_s,7.765999999999999,1.0,cost_energy,0.6090824894577284,1.0,4,balanced,0.0488415235678272,0.2258066011287321,0.0488415235678272,0.6004430784594766,7.577999999999999,194.14514481092266,strict,True,0.03924966589337122,0.9607503341066287,0.0,0.00046008642503748433
rough_train:rough_perlin:6,39,rough_train,rough_perlin,6,efficient,cost_energy,decision_time_s,7.358,0.0,cost_stability,0.04962045371691317,0.3308226976390272,1,motion,0.6090824894577284,0.2184620551464624,0.04962045371691317,0.6090824894577284,7.358,191.61591709343415,strict,True,1.0,0.0,0.0,0.00734454598226969
rough_train:rough_perlin:6,39,rough_train,rough_perlin,6,efficient,cost_energy,decision_time_s,7.358,0.0,cost_stability,0.05119604807489681,1.0,1,motion,0.6090824894577284,0.2184620551464624,0.04962045371691317,0.6090824894577284,7.358,191.61591709343415,strict,True,1.0,0.0,0.0,0.00734454598226969
rough_train:rough_perlin:6,39,rough_train,rough_perlin,6,efficient,cost_energy,decision_time_s,7.535999999999999,0.4362745098039198,cost_stability,0.04922665943657446,0.16357267362937528,1,stability,0.5938048276181309,0.22810132156550697,0.04922665943657446,0.5938048276181309,7.535999999999999,191.99875622369663,strict,True,0.5146056047136001,0.0,0.4853943952863999,0.002041293754879258
rough_train:rough_perlin:6,39,rough_train,rough_perlin,6,efficient,cost_energy,decision_time_s,7.535999999999999,0.4362745098039198,cost_stability,0.04962045371691317,0.3308226976390272,2,stability,0.5938048276181309,0.22810132156550697,0.04922665943657446,0.5938048276181309,7.535999999999999,191.99875622369663,strict,True,0.5146056047136001,0.0,0.4853943952863999,0.002041293754879258
rough_train:rough_perlin:6,39,rough_train,rough_perlin,6,efficient,cost_energy,decision_time_s,7.535999999999999,0.4362745098039198,cost_stability,0.05119604807489681,1.0,2,stability,0.5938048276181309,0.22810132156550697,0.04922665943657446,0.5938048276181309,7.535999999999999,191.99875622369663,strict,True,0.5146056047136001,0.0,0.4853943952863999,0.002041293754879258
rough_train:rough_perlin:6,39,rough_train,rough_perlin,6,efficient,cost_energy,decision_time_s,7.577999999999999,0.5392156862745099,cost_stability,0.0488415235678272,0.0,1,balanced,0.6004430784594766,0.2258066011287321,0.0488415235678272,0.6004430784594766,7.577999999999999,194.14514481092266,strict,True,0.03924966589337122,0.9607503341066287,0.0,0.00046008642503748433
rough_train:rough_perlin:6,39,rough_train,rough_perlin,6,efficient,cost_energy,decision_time_s,7.577999999999999,0.5392156862745099,cost_stability,0.04922665943657446,0.16357267362937528,2,stability,0.5938048276181309,0.22810132156550697,0.04922665943657446,0.5938048276181309,7.535999999999999,191.99875622369663,strict,True,0.5146056047136001,0.0,0.4853943952863999,0.002041293754879258
rough_train:rough_perlin:6,39,rough_train,rough_perlin,6,efficient,cost_energy,decision_time_s,7.577999999999999,0.5392156862745099,cost_stability,0.04962045371691317,0.3308226976390272,3,stability,0.5938048276181309,0.22810132156550697,0.04922665943657446,0.5938048276181309,7.535999999999999,191.99875622369663,strict,True,0.5146056047136001,0.0,0.4853943952863999,0.002041293754879258
rough_train:rough_perlin:6,39,rough_train,rough_perlin,6,efficient,cost_energy,decision_time_s,7.577999999999999,0.5392156862745099,cost_stability,0.05119604807489681,1.0,3,stability,0.5938048276181309,0.22810132156550697,0.04922665943657446,0.5938048276181309,7.535999999999999,191.99875622369663,strict,True,0.5146056047136001,0.0,0.4853943952863999,0.002041293754879258
rough_train:rough_perlin:6,39,rough_train,rough_perlin,6,efficient,cost_energy,decision_time_s,7.765999999999999,1.0,cost_stability,0.0488415235678272,0.0,1,balanced,0.6004430784594766,0.2258066011287321,0.0488415235678272,0.6004430784594766,7.577999999999999,194.14514481092266,strict,True,0.03924966589337122,0.9607503341066287,0.0,0.00046008642503748433
rough_train:rough_perlin:6,39,rough_train,rough_perlin,6,efficient,cost_energy,decision_time_s,7.765999999999999,1.0,cost_stability,0.04922665943657446,0.16357267362937528,2,stability,0.5938048276181309,0.22810132156550697,0.04922665943657446,0.5938048276181309,7.535999999999999,191.99875622369663,strict,True,0.5146056047136001,0.0,0.4853943952863999,0.002041293754879258
rough_train:rough_perlin:6,39,rough_train,rough_perlin,6,efficient,cost_energy,decision_time_s,7.765999999999999,1.0,cost_stability,0.04962045371691317,0.3308226976390272,3,stability,0.5938048276181309,0.22810132156550697,0.04922665943657446,0.5938048276181309,7.535999999999999,191.99875622369663,strict,True,0.5146056047136001,0.0,0.4853943952863999,0.002041293754879258
rough_train:rough_perlin:6,39,rough_train,rough_perlin,6,efficient,cost_energy,decision_time_s,7.765999999999999,1.0,cost_stability,0.05119604807489681,1.0,4,energy,0.5927403066531554,0.23307213074735975,0.05119604807489681,0.5927403066531554,7.765999999999999,196.83441068653266,strict,True,0.0,0.0,1.0,0.0010645209649755571
rough_train:rough_perlin:7,40,rough_train,rough_perlin,7,fast,decision_time_s,cost_stability,0.10137094718526572,0.0,cost_energy,0.6869595419858322,0.5623171766500022,1,balanced,7.344000000000002,0.211820493583172,0.10137094718526572,0.6869595419858322,7.344000000000002,216.11585445658474,strict,True,0.28153004456846065,0.7184699554315394,0.0,0.0016060040375261591
rough_train:rough_perlin:7,40,rough_train,rough_perlin,7,fast,decision_time_s,cost_stability,0.10137094718526572,0.0,cost_energy,0.7030936500629633,1.0,1,balanced,7.344000000000002,0.211820493583172,0.10137094718526572,0.6869595419858322,7.344000000000002,216.11585445658474,strict,True,0.28153004456846065,0.7184699554315394,0.0,0.0016060040375261591
rough_train:rough_perlin:7,40,rough_train,rough_perlin,7,fast,decision_time_s,cost_stability,0.10168247956264814,0.06273410714911824,cost_energy,0.6675731556739926,0.03640720660668137,1,stability,7.370000000000004,0.21673001358254324,0.10168247956264814,0.6675731556739926,7.370000000000004,210.01694296829356,strict,True,0.0,0.8690328566116083,0.1309671433883917,0.002268247764041806
rough_train:rough_perlin:7,40,rough_train,rough_perlin,7,fast,decision_time_s,cost_stability,0.10168247956264814,0.06273410714911824,cost_energy,0.6869595419858322,0.5623171766500022,2,balanced,7.344000000000002,0.211820493583172,0.10137094718526572,0.6869595419858322,7.344000000000002,216.11585445658474,strict,True,0.28153004456846065,0.7184699554315394,0.0,0.0016060040375261591
rough_train:rough_perlin:7,40,rough_train,rough_perlin,7,fast,decision_time_s,cost_stability,0.10168247956264814,0.06273410714911824,cost_energy,0.7030936500629633,1.0,2,balanced,7.344000000000002,0.211820493583172,0.10137094718526572,0.6869595419858322,7.344000000000002,216.11585445658474,strict,True,0.28153004456846065,0.7184699554315394,0.0,0.0016060040375261591
rough_train:rough_perlin:7,40,rough_train,rough_perlin,7,fast,decision_time_s,cost_stability,0.10449481728712266,0.6290620684002105,cost_energy,0.6662310929407952,0.0,1,energy,7.368,0.2173333494829274,0.10449481728712266,0.6662310929407952,7.368,209.59473319232794,strict,True,0.0,0.0,1.0,0.001342062733197369
rough_train:rough_perlin:7,40,rough_train,rough_perlin,7,fast,decision_time_s,cost_stability,0.10449481728712266,0.6290620684002105,cost_energy,0.6675731556739926,0.03640720660668137,2,energy,7.368,0.2173333494829274,0.10449481728712266,0.6662310929407952,7.368,209.59473319232794,strict,True,0.0,0.0,1.0,0.001342062733197369
rough_train:rough_perlin:7,40,rough_train,rough_perlin,7,fast,decision_time_s,cost_stability,0.10449481728712266,0.6290620684002105,cost_energy,0.6869595419858322,0.5623171766500022,3,balanced,7.344000000000002,0.211820493583172,0.10137094718526572,0.6869595419858322,7.344000000000002,216.11585445658474,strict,True,0.28153004456846065,0.7184699554315394,0.0,0.0016060040375261591
rough_train:rough_perlin:7,40,rough_train,rough_perlin,7,fast,decision_time_s,cost_stability,0.10449481728712266,0.6290620684002105,cost_energy,0.7030936500629633,1.0,3,balanced,7.344000000000002,0.211820493583172,0.10137094718526572,0.6869595419858322,7.344000000000002,216.11585445658474,strict,True,0.28153004456846065,0.7184699554315394,0.0,0.0016060040375261591
rough_train:rough_perlin:7,40,rough_train,rough_perlin,7,fast,decision_time_s,cost_stability,0.10633686431614815,1.0,cost_energy,0.6662310929407952,0.0,1,energy,7.368,0.2173333494829274,0.10449481728712266,0.6662310929407952,7.368,209.59473319232794,strict,True,0.0,0.0,1.0,0.001342062733197369
rough_train:rough_perlin:7,40,rough_train,rough_perlin,7,fast,decision_time_s,cost_stability,0.10633686431614815,1.0,cost_energy,0.6675731556739926,0.03640720660668137,2,energy,7.368,0.2173333494829274,0.10449481728712266,0.6662310929407952,7.368,209.59473319232794,strict,True,0.0,0.0,1.0,0.001342062733197369
rough_train:rough_perlin:7,40,rough_train,rough_perlin,7,fast,decision_time_s,cost_stability,0.10633686431614815,1.0,cost_energy,0.6869595419858322,0.5623171766500022,3,balanced,7.344000000000002,0.211820493583172,0.10137094718526572,0.6869595419858322,7.344000000000002,216.11585445658474,strict,True,0.28153004456846065,0.7184699554315394,0.0,0.0016060040375261591
rough_train:rough_perlin:7,40,rough_train,rough_perlin,7,fast,decision_time_s,cost_stability,0.10633686431614815,1.0,cost_energy,0.7030936500629633,1.0,4,motion,7.15,0.20485193637222543,0.10633686431614815,0.7030936500629633,7.15,215.04739556781615,strict,True,1.0,0.0,0.0,0.00696855721094658
rough_train:rough_perlin:7,40,rough_train,rough_perlin,7,stable,cost_stability,decision_time_s,7.15,0.0,cost_energy,0.7030936500629633,1.0,1,motion,0.10633686431614815,0.20485193637222543,0.10633686431614815,0.7030936500629633,7.15,215.04739556781615,strict,True,1.0,0.0,0.0,0.00696855721094658
rough_train:rough_perlin:7,40,rough_train,rough_perlin,7,stable,cost_stability,decision_time_s,7.344000000000002,0.8818181818181764,cost_energy,0.6869595419858322,0.5623171766500022,1,balanced,0.10137094718526572,0.211820493583172,0.10137094718526572,0.6869595419858322,7.344000000000002,216.11585445658474,strict,True,0.28153004456846065,0.7184699554315394,0.0,0.0016060040375261591
rough_train:rough_perlin:7,40,rough_train,rough_perlin,7,stable,cost_stability,decision_time_s,7.344000000000002,0.8818181818181764,cost_energy,0.7030936500629633,1.0,2,balanced,0.10137094718526572,0.211820493583172,0.10137094718526572,0.6869595419858322,7.344000000000002,216.11585445658474,strict,True,0.28153004456846065,0.7184699554315394,0.0,0.0016060040375261591
rough_train:rough_perlin:7,40,rough_train,rough_perlin,7,stable,cost_stability,decision_time_s,7.368,0.9909090909090759,cost_energy,0.6662310929407952,0.0,1,energy,0.10449481728712266,0.2173333494829274,0.10449481728712266,0.6662310929407952,7.368,209.59473319232794,strict,True,0.0,0.0,1.0,0.001342062733197369
rough_train:rough_perlin:7,40,rough_train,rough_perlin,7,stable,cost_stability,decision_time_s,7.368,0.9909090909090759,cost_energy,0.6675731556739926,0.03640720660668137,1,energy,0.10449481728712266,0.2173333494829274,0.10449481728712266,0.6662310929407952,7.368,209.59473319232794,strict,True,0.0,0.0,1.0,0.001342062733197369
rough_train:rough_perlin:7,40,rough_train,rough_perlin,7,stable,cost_stability,decision_time_s,7.368,0.9909090909090759,cost_energy,0.6869595419858322,0.5623171766500022,2,balanced,0.10137094718526572,0.211820493583172,0.10137094718526572,0.6869595419858322,7.344000000000002,216.11585445658474,strict,True,0.28153004456846065,0.7184699554315394,0.0,0.0016060040375261591
rough_train:rough_perlin:7,40,rough_train,rough_perlin,7,stable,cost_stability,decision_time_s,7.368,0.9909090909090759,cost_energy,0.7030936500629633,1.0,3,balanced,0.10137094718526572,0.211820493583172,0.10137094718526572,0.6869595419858322,7.344000000000002,216.11585445658474,strict,True,0.28153004456846065,0.7184699554315394,0.0,0.0016060040375261591
rough_train:rough_perlin:7,40,rough_train,rough_perlin,7,stable,cost_stability,decision_time_s,7.370000000000004,1.0,cost_energy,0.6662310929407952,0.0,1,energy,0.10449481728712266,0.2173333494829274,0.10449481728712266,0.6662310929407952,7.368,209.59473319232794,strict,True,0.0,0.0,1.0,0.001342062733197369
rough_train:rough_perlin:7,40,rough_train,rough_perlin,7,stable,cost_stability,decision_time_s,7.370000000000004,1.0,cost_energy,0.6675731556739926,0.03640720660668137,2,stability,0.10168247956264814,0.21673001358254324,0.10168247956264814,0.6675731556739926,7.370000000000004,210.01694296829356,strict,True,0.0,0.8690328566116083,0.1309671433883917,0.002268247764041806
rough_train:rough_perlin:7,40,rough_train,rough_perlin,7,stable,cost_stability,decision_time_s,7.370000000000004,1.0,cost_energy,0.6869595419858322,0.5623171766500022,3,balanced,0.10137094718526572,0.211820493583172,0.10137094718526572,0.6869595419858322,7.344000000000002,216.11585445658474,strict,True,0.28153004456846065,0.7184699554315394,0.0,0.0016060040375261591
rough_train:rough_perlin:7,40,rough_train,rough_perlin,7,stable,cost_stability,decision_time_s,7.370000000000004,1.0,cost_energy,0.7030936500629633,1.0,4,balanced,0.10137094718526572,0.211820493583172,0.10137094718526572,0.6869595419858322,7.344000000000002,216.11585445658474,strict,True,0.28153004456846065,0.7184699554315394,0.0,0.0016060040375261591
rough_train:rough_perlin:7,40,rough_train,rough_perlin,7,efficient,cost_energy,decision_time_s,7.15,0.0,cost_stability,0.10633686431614815,1.0,1,motion,0.7030936500629633,0.20485193637222543,0.10633686431614815,0.7030936500629633,7.15,215.04739556781615,strict,True,1.0,0.0,0.0,0.00696855721094658
rough_train:rough_perlin:7,40,rough_train,rough_perlin,7,efficient,cost_energy,decision_time_s,7.344000000000002,0.8818181818181764,cost_stability,0.10137094718526572,0.0,1,balanced,0.6869595419858322,0.211820493583172,0.10137094718526572,0.6869595419858322,7.344000000000002,216.11585445658474,strict,True,0.28153004456846065,0.7184699554315394,0.0,0.0016060040375261591
rough_train:rough_perlin:7,40,rough_train,rough_perlin,7,efficient,cost_energy,decision_time_s,7.344000000000002,0.8818181818181764,cost_stability,0.10168247956264814,0.06273410714911824,1,balanced,0.6869595419858322,0.211820493583172,0.10137094718526572,0.6869595419858322,7.344000000000002,216.11585445658474,strict,True,0.28153004456846065,0.7184699554315394,0.0,0.0016060040375261591
rough_train:rough_perlin:7,40,rough_train,rough_perlin,7,efficient,cost_energy,decision_time_s,7.344000000000002,0.8818181818181764,cost_stability,0.10449481728712266,0.6290620684002105,1,balanced,0.6869595419858322,0.211820493583172,0.10137094718526572,0.6869595419858322,7.344000000000002,216.11585445658474,strict,True,0.28153004456846065,0.7184699554315394,0.0,0.0016060040375261591
rough_train:rough_perlin:7,40,rough_train,rough_perlin,7,efficient,cost_energy,decision_time_s,7.344000000000002,0.8818181818181764,cost_stability,0.10633686431614815,1.0,2,balanced,0.6869595419858322,0.211820493583172,0.10137094718526572,0.6869595419858322,7.344000000000002,216.11585445658474,strict,True,0.28153004456846065,0.7184699554315394,0.0,0.0016060040375261591
rough_train:rough_perlin:7,40,rough_train,rough_perlin,7,efficient,cost_energy,decision_time_s,7.368,0.9909090909090759,cost_stability,0.10137094718526572,0.0,1,balanced,0.6869595419858322,0.211820493583172,0.10137094718526572,0.6869595419858322,7.344000000000002,216.11585445658474,strict,True,0.28153004456846065,0.7184699554315394,0.0,0.0016060040375261591
rough_train:rough_perlin:7,40,rough_train,rough_perlin,7,efficient,cost_energy,decision_time_s,7.368,0.9909090909090759,cost_stability,0.10168247956264814,0.06273410714911824,1,balanced,0.6869595419858322,0.211820493583172,0.10137094718526572,0.6869595419858322,7.344000000000002,216.11585445658474,strict,True,0.28153004456846065,0.7184699554315394,0.0,0.0016060040375261591
rough_train:rough_perlin:7,40,rough_train,rough_perlin,7,efficient,cost_energy,decision_time_s,7.368,0.9909090909090759,cost_stability,0.10449481728712266,0.6290620684002105,2,energy,0.6662310929407952,0.2173333494829274,0.10449481728712266,0.6662310929407952,7.368,209.59473319232794,strict,True,0.0,0.0,1.0,0.001342062733197369
rough_train:rough_perlin:7,40,rough_train,rough_perlin,7,efficient,cost_energy,decision_time_s,7.368,0.9909090909090759,cost_stability,0.10633686431614815,1.0,3,energy,0.6662310929407952,0.2173333494829274,0.10449481728712266,0.6662310929407952,7.368,209.59473319232794,strict,True,0.0,0.0,1.0,0.001342062733197369
rough_train:rough_perlin:7,40,rough_train,rough_perlin,7,efficient,cost_energy,decision_time_s,7.370000000000004,1.0,cost_stability,0.10137094718526572,0.0,1,balanced,0.6869595419858322,0.211820493583172,0.10137094718526572,0.6869595419858322,7.344000000000002,216.11585445658474,strict,True,0.28153004456846065,0.7184699554315394,0.0,0.0016060040375261591
rough_train:rough_perlin:7,40,rough_train,rough_perlin,7,efficient,cost_energy,decision_time_s,7.370000000000004,1.0,cost_stability,0.10168247956264814,0.06273410714911824,2,stability,0.6675731556739926,0.21673001358254324,0.10168247956264814,0.6675731556739926,7.370000000000004,210.01694296829356,strict,True,0.0,0.8690328566116083,0.1309671433883917,0.002268247764041806
rough_train:rough_perlin:7,40,rough_train,rough_perlin,7,efficient,cost_energy,decision_time_s,7.370000000000004,1.0,cost_stability,0.10449481728712266,0.6290620684002105,3,energy,0.6662310929407952,0.2173333494829274,0.10449481728712266,0.6662310929407952,7.368,209.59473319232794,strict,True,0.0,0.0,1.0,0.001342062733197369
rough_train:rough_perlin:7,40,rough_train,rough_perlin,7,efficient,cost_energy,decision_time_s,7.370000000000004,1.0,cost_stability,0.10633686431614815,1.0,4,energy,0.6662310929407952,0.2173333494829274,0.10449481728712266,0.6662310929407952,7.368,209.59473319232794,strict,True,0.0,0.0,1.0,0.001342062733197369
rough_train:rough_perlin:8,41,rough_train,rough_perlin,8,fast,decision_time_s,cost_stability,0.10899986236106145,0.0,cost_energy,0.6876311077049715,1.0,1,stability,7.144000000000001,0.21193956224657548,0.10899986236106145,0.6876311077049715,7.144000000000001,210.3180405769904,strict,True,0.0,1.0,0.0,0.00032226213597762177
rough_train:rough_perlin:8,41,rough_train,rough_perlin,8,fast,decision_time_s,cost_stability,0.10932212449703907,0.2188069749262119,cost_energy,0.6855611109038524,0.2406991323579128,1,motion,6.950000000000002,0.20409264731177143,0.10932212449703907,0.6855611109038524,6.950000000000002,203.69391625687794,strict,True,1.0,0.0,-0.0,0.005287596473289247
rough_train:rough_perlin:8,41,rough_train,rough_perlin,8,fast,decision_time_s,cost_stability,0.10932212449703907,0.2188069749262119,cost_energy,0.6876311077049715,1.0,2,motion,6.950000000000002,0.20409264731177143,0.10932212449703907,0.6855611109038524,6.950000000000002,203.69391625687794,strict,True,1.0,0.0,-0.0,0.005287596473289247
rough_train:rough_perlin:8,41,rough_train,rough_perlin,8,fast,decision_time_s,cost_stability,0.11047267709233909,1.0,cost_energy,0.6849049198533137,0.0,1,energy,7.146000000000002,0.21338072221373183,0.11047267709233909,0.6849049198533137,7.146000000000002,209.48421197211664,strict,True,0.0,0.0,1.0,0.0006561910505387125
rough_train:rough_perlin:8,41,rough_train,rough_perlin,8,fast,decision_time_s,cost_stability,0.11047267709233909,1.0,cost_energy,0.6855611109038524,0.2406991323579128,2,motion,6.950000000000002,0.20409264731177143,0.10932212449703907,0.6855611109038524,6.950000000000002,203.69391625687794,strict,True,1.0,0.0,-0.0,0.005287596473289247
rough_train:rough_perlin:8,41,rough_train,rough_perlin,8,fast,decision_time_s,cost_stability,0.11047267709233909,1.0,cost_energy,0.6876311077049715,1.0,3,motion,6.950000000000002,0.20409264731177143,0.10932212449703907,0.6855611109038524,6.950000000000002,203.69391625687794,strict,True,1.0,0.0,-0.0,0.005287596473289247
rough_train:rough_perlin:8,41,rough_train,rough_perlin,8,stable,cost_stability,decision_time_s,6.950000000000002,0.0,cost_energy,0.6855611109038524,0.2406991323579128,1,motion,0.10932212449703907,0.20409264731177143,0.10932212449703907,0.6855611109038524,6.950000000000002,203.69391625687794,strict,True,1.0,0.0,-0.0,0.005287596473289247
rough_train:rough_perlin:8,41,rough_train,rough_perlin,8,stable,cost_stability,decision_time_s,6.950000000000002,0.0,cost_energy,0.6876311077049715,1.0,1,motion,0.10932212449703907,0.20409264731177143,0.10932212449703907,0.6855611109038524,6.950000000000002,203.69391625687794,strict,True,1.0,0.0,-0.0,0.005287596473289247
rough_train:rough_perlin:8,41,rough_train,rough_perlin,8,stable,cost_stability,decision_time_s,7.144000000000001,0.9897959183673435,cost_energy,0.6855611109038524,0.2406991323579128,1,motion,0.10932212449703907,0.20409264731177143,0.10932212449703907,0.6855611109038524,6.950000000000002,203.69391625687794,strict,True,1.0,0.0,-0.0,0.005287596473289247
rough_train:rough_perlin:8,41,rough_train,rough_perlin,8,stable,cost_stability,decision_time_s,7.144000000000001,0.9897959183673435,cost_energy,0.6876311077049715,1.0,2,stability,0.10899986236106145,0.21193956224657548,0.10899986236106145,0.6876311077049715,7.144000000000001,210.3180405769904,strict,True,0.0,1.0,0.0,0.00032226213597762177
rough_train:rough_perlin:8,41,rough_train,rough_perlin,8,stable,cost_stability,decision_time_s,7.146000000000002,1.0,cost_energy,0.6849049198533137,0.0,1,energy,0.11047267709233909,0.21338072221373183,0.11047267709233909,0.6849049198533137,7.146000000000002,209.48421197211664,strict,True,0.0,0.0,1.0,0.0006561910505387125
rough_train:rough_perlin:8,41,rough_train,rough_perlin,8,stable,cost_stability,decision_time_s,7.146000000000002,1.0,cost_energy,0.6855611109038524,0.2406991323579128,2,motion,0.10932212449703907,0.20409264731177143,0.10932212449703907,0.6855611109038524,6.950000000000002,203.69391625687794,strict,True,1.0,0.0,-0.0,0.005287596473289247
rough_train:rough_perlin:8,41,rough_train,rough_perlin,8,stable,cost_stability,decision_time_s,7.146000000000002,1.0,cost_energy,0.6876311077049715,1.0,3,stability,0.10899986236106145,0.21193956224657548,0.10899986236106145,0.6876311077049715,7.144000000000001,210.3180405769904,strict,True,0.0,1.0,0.0,0.00032226213597762177
rough_train:rough_perlin:8,41,rough_train,rough_perlin,8,efficient,cost_energy,decision_time_s,6.950000000000002,0.0,cost_stability,0.10932212449703907,0.2188069749262119,1,motion,0.6855611109038524,0.20409264731177143,0.10932212449703907,0.6855611109038524,6.950000000000002,203.69391625687794,strict,True,1.0,0.0,-0.0,0.005287596473289247
rough_train:rough_perlin:8,41,rough_train,rough_perlin,8,efficient,cost_energy,decision_time_s,6.950000000000002,0.0,cost_stability,0.11047267709233909,1.0,1,motion,0.6855611109038524,0.20409264731177143,0.10932212449703907,0.6855611109038524,6.950000000000002,203.69391625687794,strict,True,1.0,0.0,-0.0,0.005287596473289247
rough_train:rough_perlin:8,41,rough_train,rough_perlin,8,efficient,cost_energy,decision_time_s,7.144000000000001,0.9897959183673435,cost_stability,0.10899986236106145,0.0,1,stability,0.6876311077049715,0.21193956224657548,0.10899986236106145,0.6876311077049715,7.144000000000001,210.3180405769904,strict,True,0.0,1.0,0.0,0.00032226213597762177
rough_train:rough_perlin:8,41,rough_train,rough_perlin,8,efficient,cost_energy,decision_time_s,7.144000000000001,0.9897959183673435,cost_stability,0.10932212449703907,0.2188069749262119,2,motion,0.6855611109038524,0.20409264731177143,0.10932212449703907,0.6855611109038524,6.950000000000002,203.69391625687794,strict,True,1.0,0.0,-0.0,0.005287596473289247
rough_train:rough_perlin:8,41,rough_train,rough_perlin,8,efficient,cost_energy,decision_time_s,7.144000000000001,0.9897959183673435,cost_stability,0.11047267709233909,1.0,2,motion,0.6855611109038524,0.20409264731177143,0.10932212449703907,0.6855611109038524,6.950000000000002,203.69391625687794,strict,True,1.0,0.0,-0.0,0.005287596473289247
rough_train:rough_perlin:8,41,rough_train,rough_perlin,8,efficient,cost_energy,decision_time_s,7.146000000000002,1.0,cost_stability,0.10899986236106145,0.0,1,stability,0.6876311077049715,0.21193956224657548,0.10899986236106145,0.6876311077049715,7.144000000000001,210.3180405769904,strict,True,0.0,1.0,0.0,0.00032226213597762177
rough_train:rough_perlin:8,41,rough_train,rough_perlin,8,efficient,cost_energy,decision_time_s,7.146000000000002,1.0,cost_stability,0.10932212449703907,0.2188069749262119,2,motion,0.6855611109038524,0.20409264731177143,0.10932212449703907,0.6855611109038524,6.950000000000002,203.69391625687794,strict,True,1.0,0.0,-0.0,0.005287596473289247
rough_train:rough_perlin:8,41,rough_train,rough_perlin,8,efficient,cost_energy,decision_time_s,7.146000000000002,1.0,cost_stability,0.11047267709233909,1.0,3,energy,0.6849049198533137,0.21338072221373183,0.11047267709233909,0.6849049198533137,7.146000000000002,209.48421197211664,strict,True,0.0,0.0,1.0,0.0006561910505387125
