policy,checkpoint,trained_reward_mode,eval_reward_mode,group,terrain,seed,status,settled,settling_steps,success,m4_terminal,m4_interventions,policy_steps,initial_goal_distance_m,final_goal_distance_m,progress_m,decision_time_s,energy_abs_j,energy_bracket_time_s,mean_cost_motion,mean_cost_stability,mean_cost_energy,sum_cost_motion,sum_cost_stability,sum_cost_energy,mean_progress_rate_mps,mean_energy_power_ratio,roll_rms_rad,pitch_rms_rad,max_abs_roll_rad,max_abs_pitch_rad,mean_action_vx_norm,mean_abs_action_yaw_norm,mean_action_height_norm,mean_requested_vx_mps,mean_abs_requested_yaw_rps,mean_requested_height_m,mean_requested_clearance_m,mean_applied_vx_mps,mean_abs_applied_yaw_rps,mean_applied_height_m,mean_applied_clearance_m,beta_name,beta_motion,beta_stability,beta_energy,lambda_motion,lambda_stability,lambda_energy
beta_conditioned,/mnt/share/nas/Yoo/Tracer/TRACER-ICRA27/results/icra27/phase1a_beta_conditioned_v4_seed27027/checkpoint_update_0030.pt,tracer_cost_v4,tracer_cost_v4,rough,rough_perlin,30,success,True,5,True,False,0,38,1.8091958132882031,0.1357041910831747,1.6734916222050285,7.6,212.88711516575236,7.6,0.22475466740048877,0.04596155314261587,0.6410808632785838,8.540677361218574,1.7465390194194033,24.361072804586186,0.220196266079609,1.2821617265571679,0.009202564732131746,0.04640920733088099,0.018613124266266823,0.0994625836610794,0.07309106051137573,0.01995603387293063,-0.0324857136430709,0.21461821210227514,0.00798241354917225,0.2980508571814157,0.060000000000000005,0.21461821210227514,0.00798241354917225,0.2980508571814157,0.060000000000000005,lm100_ls000_le000,0.7,0.15,0.15,1.0,0.0,0.0
beta_conditioned,/mnt/share/nas/Yoo/Tracer/TRACER-ICRA27/results/icra27/phase1a_beta_conditioned_v4_seed27027/checkpoint_update_0030.pt,tracer_cost_v4,tracer_cost_v4,rough,rough_perlin,31,success,True,5,True,False,0,37,1.8024137735751302,0.1420571657783149,1.6603566077968153,7.4,211.71201981434183,7.4,0.21953435679107852,0.11134724856045917,0.6547730928218672,8.122771201269906,4.1198481967369895,24.226604434409087,0.22437251456713717,1.3095461856437343,0.0060031209771720115,0.08082048757667805,0.01768338307738304,0.1270136833190918,0.07197831772469185,0.01924261762729116,-0.033551573904382216,0.2143956635449384,0.007697047050916465,0.297986905565737,0.060000000000000005,0.2143956635449384,0.007697047050916465,0.297986905565737,0.060000000000000005,lm100_ls000_le000,0.7,0.15,0.15,1.0,0.0,0.0
beta_conditioned,/mnt/share/nas/Yoo/Tracer/TRACER-ICRA27/results/icra27/phase1a_beta_conditioned_v4_seed27027/checkpoint_update_0030.pt,tracer_cost_v4,tracer_cost_v4,rough,rough_perlin,32,success,True,5,True,False,0,39,1.802586193737586,0.11522607397146035,1.6873601197661257,7.800000000000001,196.310843206913,7.800000000000001,0.22958972439645428,0.029941002432571084,0.5760056113294542,8.953999251461717,1.1676990948702723,22.464218841848712,0.2163282204828366,1.1520112226589085,0.009360646682410772,0.045025668527933424,0.032870955765247345,0.06972754746675491,0.07247868371315491,0.01806572585617407,-0.034917065825981974,0.21449573674263098,0.00722629034246963,0.29790497605044114,0.060000000000000005,0.21449573674263098,0.00722629034246963,0.29790497605044114,0.060000000000000005,lm100_ls000_le000,0.7,0.15,0.15,1.0,0.0,0.0
beta_conditioned,/mnt/share/nas/Yoo/Tracer/TRACER-ICRA27/results/icra27/phase1a_beta_conditioned_v4_seed27027/checkpoint_update_0030.pt,tracer_cost_v4,tracer_cost_v4,rough,rough_perlin,33,success,True,5,True,False,0,37,1.8144236733210037,0.14059563099347208,1.6738280423275316,7.4,211.30585741007874,7.4,0.21725877663386295,0.1111371500002358,0.6535169326196241,8.03857473545293,4.112074550008725,24.18012650692609,0.2261929786929097,1.307033865239248,0.006816021533494661,0.08309708558844917,0.0163889117538929,0.17917782068252563,0.07316273974405753,0.019827270213313198,-0.03264035475817886,0.2146325479488115,0.007930908085325282,0.29804157871450926,0.060000000000000005,0.2146325479488115,0.007930908085325282,0.29804157871450926,0.060000000000000005,lm100_ls000_le000,0.7,0.15,0.15,1.0,0.0,0.0
beta_conditioned,/mnt/share/nas/Yoo/Tracer/TRACER-ICRA27/results/icra27/phase1a_beta_conditioned_v4_seed27027/checkpoint_update_0030.pt,tracer_cost_v4,tracer_cost_v4,rough,rough_perlin,34,m4,True,5,False,True,1,9,1.8006155508699786,1.388221519836948,0.4123940310330305,1.7039999999999238,108.45557639924371,1.7039999999999238,0.2012257437542708,1.6980238239013428,1.378975055326189,1.8110316937884372,15.282214415112085,12.4107754979357,0.23901940499658336,3.5732359021566333,0.02355186065176076,0.16058052958325778,0.052731193602085114,0.26183101534843445,0.07061436358425352,0.035885264062219195,-0.017699330631229613,0.21412287271685074,0.014354105624887679,0.2989380401621262,0.060000000000000005,0.21412287271685074,0.014354105624887679,0.2989380401621262,0.060000000000000005,lm100_ls000_le000,0.7,0.15,0.15,1.0,0.0,0.0
beta_conditioned,/mnt/share/nas/Yoo/Tracer/TRACER-ICRA27/results/icra27/phase1a_beta_conditioned_v4_seed27027/checkpoint_update_0030.pt,tracer_cost_v4,tracer_cost_v4,rough,rough_perlin,35,success,True,5,True,False,0,38,1.8310988114736846,0.1433095857552906,1.687789225718394,7.6,225.27519385393074,7.6,0.22240308787526417,0.1291239115970741,0.6783858930996559,8.451317339260038,4.906708640688816,25.778663937786924,0.2220775296997887,1.356771786199312,0.011187304714878743,0.08607385100930508,0.02774142473936081,0.14855188131332397,0.07285614448942636,0.020367631526345287,-0.032187670518301036,0.21457122889788527,0.008147052610538115,0.29806873976890186,0.060000000000000005,0.21457122889788527,0.008147052610538115,0.29806873976890186,0.060000000000000005,lm100_ls000_le000,0.7,0.15,0.15,1.0,0.0,0.0
beta_conditioned,/mnt/share/nas/Yoo/Tracer/TRACER-ICRA27/results/icra27/phase1a_beta_conditioned_v4_seed27027/checkpoint_update_0030.pt,tracer_cost_v4,tracer_cost_v4,rough,rough_perlin,36,success,True,5,True,False,0,39,1.8339173015102326,0.13429503788955757,1.699622263620675,7.800000000000001,214.44807650897246,7.800000000000001,0.22762463724027646,0.05925192081509824,0.6292229883490534,8.877360852370781,2.3108249117888313,24.539696545613083,0.21790029020777885,1.2584459766981066,0.011742634771952016,0.06233719005717192,0.033345747739076614,0.17757941782474518,0.07377857390122536,0.019467714878443915,-0.03298067358823923,0.21475571478024508,0.007787085951377566,0.2980211595847056,0.060000000000000005,0.21475571478024508,0.007787085951377566,0.2980211595847056,0.060000000000000005,lm100_ls000_le000,0.7,0.15,0.15,1.0,0.0,0.0
beta_conditioned,/mnt/share/nas/Yoo/Tracer/TRACER-ICRA27/results/icra27/phase1a_beta_conditioned_v4_seed27027/checkpoint_update_0030.pt,tracer_cost_v4,tracer_cost_v4,rough,rough_perlin,37,success,True,5,True,False,0,39,1.830505723311209,0.12286001741723634,1.7076457058939727,7.800000000000001,239.47762301347672,7.800000000000001,0.22633882918365827,0.1468980396708046,0.7026634514437494,8.827214338162673,5.729023547161379,27.40387460630623,0.2189289366530734,1.4053269028874993,0.0089435081255551,0.0854276969999837,0.028768224641680717,0.14576704800128937,0.07495728746438637,0.020101755379866332,-0.03299168172555092,0.2149914574928773,0.008040702151946534,0.29802049909646694,0.060000000000000005,0.2149914574928773,0.008040702151946534,0.29802049909646694,0.060000000000000005,lm100_ls000_le000,0.7,0.15,0.15,1.0,0.0,0.0
beta_conditioned,/mnt/share/nas/Yoo/Tracer/TRACER-ICRA27/results/icra27/phase1a_beta_conditioned_v4_seed27027/checkpoint_update_0030.pt,tracer_cost_v4,tracer_cost_v4,rough,rough_perlin,38,success,True,5,True,False,0,37,1.7964071418518759,0.1330487326875761,1.6633584091643,7.4,246.53031427203928,7.4,0.2190272957492737,0.255936324338513,0.7624574952891505,8.104009942723128,9.46964400052498,28.21092732569857,0.22477816340058102,1.5249149905783008,0.007811253155214139,0.12378077876290086,0.017876992002129555,0.24731102585792542,0.07109317284178089,0.019505704285866406,-0.03317046505273194,0.21421863456835616,0.0078022817143465605,0.29800977209683605,0.060000000000000005,0.21421863456835616,0.0078022817143465605,0.29800977209683605,0.060000000000000005,lm100_ls000_le000,0.7,0.15,0.15,1.0,0.0,0.0
beta_conditioned,/mnt/share/nas/Yoo/Tracer/TRACER-ICRA27/results/icra27/phase1a_beta_conditioned_v4_seed27027/checkpoint_update_0030.pt,tracer_cost_v4,tracer_cost_v4,rough,rough_perlin,39,success,True,5,True,False,0,41,1.8828988144571281,0.1193209082822502,1.763577906174878,8.200000000000001,228.390598831936,8.200000000000001,0.23116190454651253,0.2080779443464002,0.6374430630783308,9.477638086407014,8.531195718202408,26.135165586211563,0.21507047636278998,1.2748861261566615,0.013000666070029285,0.08331081231244798,0.03473088890314102,0.15829671919345856,0.07666219789080503,0.018070389842472563,-0.03585559579475624,0.215332439578161,0.0072281559369890246,0.29784866425231465,0.06,0.215332439578161,0.0072281559369890246,0.29784866425231465,0.06,lm100_ls000_le000,0.7,0.15,0.15,1.0,0.0,0.0
beta_conditioned,/mnt/share/nas/Yoo/Tracer/TRACER-ICRA27/results/icra27/phase1a_beta_conditioned_v4_seed27027/checkpoint_update_0030.pt,tracer_cost_v4,tracer_cost_v4,rough,rough_perlin,40,success,True,5,True,False,0,39,1.8015716684441132,0.12095811908496969,1.6806135493591434,7.800000000000001,210.43244844243551,7.800000000000001,0.23067090555141936,0.09206731067429116,0.6174405301742931,8.996165316505355,3.5906251162973555,24.080180676797433,0.21546327555886455,1.234881060348587,0.006702544105303232,0.0755573994354402,0.01719341054558754,0.14708201587200165,0.07266913545437348,0.0182719568345839,-0.03564197789782133,0.2145338270908747,0.007308782733833563,0.29786148132613066,0.060000000000000005,0.2145338270908747,0.007308782733833563,0.29786148132613066,0.060000000000000005,lm100_ls000_le000,0.7,0.15,0.15,1.0,0.0,0.0
beta_conditioned,/mnt/share/nas/Yoo/Tracer/TRACER-ICRA27/results/icra27/phase1a_beta_conditioned_v4_seed27027/checkpoint_update_0030.pt,tracer_cost_v4,tracer_cost_v4,rough,rough_perlin,41,success,True,5,True,False,0,38,1.7987216025400643,0.14615582544222216,1.6525657770978421,7.6,205.28696440748655,7.6,0.2281964182404865,0.06035561002875922,0.618194033301284,8.671463893138487,2.2935131810928504,23.49137326544879,0.2174428654076108,1.236388066602568,0.008530167008254068,0.06415263910094281,0.020991865545511246,0.12230272591114044,0.07293146927105754,0.018362761961486142,-0.03527475481754855,0.21458629385421152,0.007345104784594457,0.29788351471094704,0.060000000000000005,0.21458629385421152,0.007345104784594457,0.29788351471094704,0.060000000000000005,lm100_ls000_le000,0.7,0.15,0.15,1.0,0.0,0.0
beta_conditioned,/mnt/share/nas/Yoo/Tracer/TRACER-ICRA27/results/icra27/phase1a_beta_conditioned_v4_seed27027/checkpoint_update_0030.pt,tracer_cost_v4,tracer_cost_v4,rough,rough_perlin,42,success,True,5,True,False,0,39,1.8071922941581364,0.1194672780129506,1.6877250161451858,7.800000000000001,209.80819024706517,7.800000000000001,0.22953124741263053,0.09204051727863719,0.6156088625110215,8.95171864909259,3.5895801738668505,24.008745637929838,0.21637500206989557,1.2312177250220426,0.005831286194177183,0.07776804036073486,0.022695409134030342,0.10606417804956436,0.07191418493405366,0.0208279070778726,-0.031241638108323783,0.21438283698681074,0.00833116283114904,0.29812550171350055,0.060000000000000005,0.21438283698681074,0.00833116283114904,0.29812550171350055,0.060000000000000005,lm100_ls000_le000,0.7,0.15,0.15,1.0,0.0,0.0
beta_conditioned,/mnt/share/nas/Yoo/Tracer/TRACER-ICRA27/results/icra27/phase1a_beta_conditioned_v4_seed27027/checkpoint_update_0030.pt,tracer_cost_v4,tracer_cost_v4,rough,rough_perlin,43,time_limit,True,5,False,False,0,50,1.7855203722366515,0.47092989803435464,1.314590474202297,10.0,276.8832700567505,10.0,0.3356761907247129,0.12839763538624951,0.6336854623609,16.783809536235644,6.419881769312476,31.684273118044995,0.13145904742022968,1.2673709247218001,0.012005817604996189,0.09198748346331019,0.026920607313513756,0.17772522568702698,0.06395030789077281,0.019036848102114163,-0.04079705450683832,0.21279006157815458,0.007614739240845666,0.2975521767295897,0.06,0.21279006157815458,0.007614739240845666,0.2975521767295897,0.06,lm100_ls000_le000,0.7,0.15,0.15,1.0,0.0,0.0
beta_conditioned,/mnt/share/nas/Yoo/Tracer/TRACER-ICRA27/results/icra27/phase1a_beta_conditioned_v4_seed27027/checkpoint_update_0030.pt,tracer_cost_v4,tracer_cost_v4,rough,rough_perlin,44,success,True,5,True,False,0,37,1.8017616156772887,0.14936220812397769,1.652399407553311,7.4,212.22619813128986,7.4,0.22087847845383263,0.10759262375443299,0.656363319617423,8.172503702791808,3.9809270789140205,24.28544282584465,0.22329721723693394,1.312726639234846,0.007738706766149597,0.08252711274205093,0.018944229930639267,0.1893126517534256,0.07221333541580148,0.019566232187522424,-0.03253255683828045,0.21444266708316032,0.00782649287500897,0.29804804658970313,0.060000000000000005,0.21444266708316032,0.00782649287500897,0.29804804658970313,0.060000000000000005,lm100_ls000_le000,0.7,0.15,0.15,1.0,0.0,0.0
beta_conditioned,/mnt/share/nas/Yoo/Tracer/TRACER-ICRA27/results/icra27/phase1a_beta_conditioned_v4_seed27027/checkpoint_update_0030.pt,tracer_cost_v4,tracer_cost_v4,rough,rough_perlin,45,success,True,5,True,False,0,39,1.8070449992102737,0.11909761820118592,1.6879473810090877,7.800000000000001,209.0268930387661,7.800000000000001,0.22949561201777444,0.05023692088809407,0.6133164187073853,8.950328868693203,1.9592399146356687,23.919340329588028,0.21640351038578046,1.2266328374147701,0.00880849490654575,0.05755968072596237,0.024046629667282104,0.13101984560489655,0.07197944924999507,0.018047152472158465,-0.034836023138501704,0.21439588984999902,0.007218860988863385,0.2979098386116899,0.060000000000000005,0.21439588984999902,0.007218860988863385,0.2979098386116899,0.060000000000000005,lm100_ls000_le000,0.7,0.15,0.15,1.0,0.0,0.0
beta_conditioned,/mnt/share/nas/Yoo/Tracer/TRACER-ICRA27/results/icra27/phase1a_beta_conditioned_v4_seed27027/checkpoint_update_0030.pt,tracer_cost_v4,tracer_cost_v4,rough,rough_perlin,46,success,True,5,True,False,0,41,1.8004478384078573,0.14147976237017912,1.6589680760376782,8.200000000000001,213.7519388785003,8.200000000000001,0.2471085249942564,0.046253179688279016,0.5965862489721308,10.131449524764513,1.8963803672194397,24.46003620785736,0.20231318000459486,1.1931724979442613,0.009790960283492701,0.04193818855304505,0.021739698946475983,0.08143210411071777,0.07149792735169573,0.017724975500619265,-0.036921695556219034,0.21429958547033917,0.007089990200247707,0.29778469826662685,0.06,0.21429958547033917,0.007089990200247707,0.29778469826662685,0.06,lm100_ls000_le000,0.7,0.15,0.15,1.0,0.0,0.0
beta_conditioned,/mnt/share/nas/Yoo/Tracer/TRACER-ICRA27/results/icra27/phase1a_beta_conditioned_v4_seed27027/checkpoint_update_0030.pt,tracer_cost_v4,tracer_cost_v4,rough,rough_perlin,47,success,True,5,True,False,0,38,1.8135544038673177,0.13979561320790124,1.6737587906594165,7.6,226.33649208087198,7.6,0.22471072522049068,0.11891946664759749,0.6815818497125953,8.539007558378646,4.518939732608705,25.90011028907862,0.22023141982360742,1.3631636994251906,0.011324350112580431,0.07968243424770019,0.02220015786588192,0.14645130932331085,0.07262170040293743,0.0201141017574915,-0.03214139216824582,0.2145243400805875,0.008045640702996598,0.29807151646990526,0.060000000000000005,0.2145243400805875,0.008045640702996598,0.29807151646990526,0.060000000000000005,lm100_ls000_le000,0.7,0.15,0.15,1.0,0.0,0.0
beta_conditioned,/mnt/share/nas/Yoo/Tracer/TRACER-ICRA27/results/icra27/phase1a_beta_conditioned_v4_seed27027/checkpoint_update_0030.pt,tracer_cost_v4,tracer_cost_v4,rough,rough_perlin,30,success,True,5,True,False,0,38,1.8091958132882031,0.1367872559745699,1.6724085573136331,7.6,212.71431262505334,7.6,0.22493280307341554,0.04615972962501617,0.6405604917103852,8.54744651678979,1.7540697257506144,24.341298684994637,0.22005375754126752,1.281120983420771,0.009251302867129416,0.046340150216039974,0.019237063825130463,0.09922772645950317,0.07254490393557046,0.019262861900068328,-0.03334120979630634,0.2145089807871141,0.0077051447600273324,0.29799952741222163,0.060000000000000005,0.2145089807871141,0.0077051447600273324,0.29799952741222163,0.060000000000000005,lm080_ls020_le000,0.59,0.26,0.15,0.8,0.2,0.0
beta_conditioned,/mnt/share/nas/Yoo/Tracer/TRACER-ICRA27/results/icra27/phase1a_beta_conditioned_v4_seed27027/checkpoint_update_0030.pt,tracer_cost_v4,tracer_cost_v4,rough,rough_perlin,31,success,True,5,True,False,0,37,1.8024137735751302,0.14306101244444067,1.6593527611306895,7.4,211.46170854804527,7.4,0.21970392548468085,0.11130330744057865,0.6539989417739254,8.129045242933191,4.11822237530141,24.19796084563524,0.22423685961225537,1.3079978835478507,0.006000978833048512,0.08072916932114792,0.01769610308110714,0.12699434161186218,0.07136112773740613,0.018681729881791398,-0.034358016039068635,0.2142722255474812,0.00747269195271656,0.2979385190376559,0.060000000000000005,0.2142722255474812,0.00747269195271656,0.2979385190376559,0.060000000000000005,lm080_ls020_le000,0.59,0.26,0.15,0.8,0.2,0.0
beta_conditioned,/mnt/share/nas/Yoo/Tracer/TRACER-ICRA27/results/icra27/phase1a_beta_conditioned_v4_seed27027/checkpoint_update_0030.pt,tracer_cost_v4,tracer_cost_v4,rough,rough_perlin,32,success,True,5,True,False,0,39,1.802586193737586,0.1167082790106518,1.6858779147269343,7.800000000000001,197.22237100464756,7.800000000000001,0.229827257255299,0.03181354918576916,0.5786801713170777,8.963263032956661,1.2407284182449971,22.56852668136603,0.21613819419576075,1.1573603426341554,0.009258788124577049,0.04506667103465257,0.033706873655319214,0.07075266540050507,0.07174918599999867,0.017482514827488325,-0.03576553498323147,0.21434983719999975,0.006993005930995331,0.29785406790100616,0.060000000000000005,0.21434983719999975,0.006993005930995331,0.29785406790100616,0.060000000000000005,lm080_ls020_le000,0.59,0.26,0.15,0.8,0.2,0.0
beta_conditioned,/mnt/share/nas/Yoo/Tracer/TRACER-ICRA27/results/icra27/phase1a_beta_conditioned_v4_seed27027/checkpoint_update_0030.pt,tracer_cost_v4,tracer_cost_v4,rough,rough_perlin,33,success,True,5,True,False,0,37,1.8144236733210037,0.14225942923531112,1.6721642440856925,7.4,210.96622700027882,7.4,0.2175398236341736,0.1111343477837771,0.6524665394769196,8.048973474464423,4.111970867999752,24.141261960646023,0.22596814109266114,1.3049330789538396,0.006879344781602676,0.0831037620020391,0.016351962462067604,0.17919494211673737,0.07262910117168685,0.019176474013334343,-0.033484270343103924,0.21452582023433736,0.007670589605333737,0.2979909437794137,0.060000000000000005,0.21452582023433736,0.007670589605333737,0.2979909437794137,0.060000000000000005,lm080_ls020_le000,0.59,0.26,0.15,0.8,0.2,0.0
beta_conditioned,/mnt/share/nas/Yoo/Tracer/TRACER-ICRA27/results/icra27/phase1a_beta_conditioned_v4_seed27027/checkpoint_update_0030.pt,tracer_cost_v4,tracer_cost_v4,rough,rough_perlin,34,time_limit,True,5,False,False,0,50,1.8006155508699786,0.3997234748758082,1.4008920759941703,10.0,351.88914186993003,10.0,0.3248884905007287,0.3655573874685649,0.8053467207315309,16.244424525036436,18.277869373428246,40.267336036576545,0.140089207599417,1.6106934414630618,0.012287793451229503,0.13137845118764951,0.027047304436564445,0.23750829696655273,0.06826926052570342,0.01974751521833241,-0.029719377979636193,0.2136538521051407,0.007899006087332964,0.29821683732122184,0.06,0.2136538521051407,0.007899006087332964,0.29821683732122184,0.06,lm080_ls020_le000,0.59,0.26,0.15,0.8,0.2,0.0
beta_conditioned,/mnt/share/nas/Yoo/Tracer/TRACER-ICRA27/results/icra27/phase1a_beta_conditioned_v4_seed27027/checkpoint_update_0030.pt,tracer_cost_v4,tracer_cost_v4,rough,rough_perlin,35,success,True,5,True,False,0,38,1.8310988114736846,0.14452090009933383,1.6865779113743509,7.6,224.85046681376627,7.6,0.22260231720816603,0.12875138971533678,0.6771068848451902,8.458888053910309,4.8925528091827974,25.730061624117226,0.2219181462334672,1.3542137696903807,0.011222639252684179,0.08604111888961263,0.028896667063236237,0.1480972021818161,0.0723106300360278,0.019687683179079995,-0.033022276861102956,0.21446212600720552,0.007875073271632,0.2980186633883338,0.060000000000000005,0.21446212600720552,0.007875073271632,0.2980186633883338,0.060000000000000005,lm080_ls020_le000,0.59,0.26,0.15,0.8,0.2,0.0
beta_conditioned,/mnt/share/nas/Yoo/Tracer/TRACER-ICRA27/results/icra27/phase1a_beta_conditioned_v4_seed27027/checkpoint_update_0030.pt,tracer_cost_v4,tracer_cost_v4,rough,rough_perlin,36,success,True,5,True,False,0,39,1.8339173015102326,0.13542945574758702,1.6984878457626456,7.800000000000001,214.5867257288469,7.800000000000001,0.22780643497393505,0.05934875345506446,0.6296298060640073,8.884450963983467,2.314601384747514,24.555562436496285,0.21775485202085199,1.2592596121280146,0.011841030251488157,0.062273671496156084,0.03438920900225639,0.1775766760110855,0.07321933484994449,0.018905849893762466,-0.033799643867099896,0.21464386696998894,0.007562339957504986,0.297972021367974,0.060000000000000005,0.21464386696998894,0.007562339957504986,0.297972021367974,0.060000000000000005,lm080_ls020_le000,0.59,0.26,0.15,0.8,0.2,0.0
beta_conditioned,/mnt/share/nas/Yoo/Tracer/TRACER-ICRA27/results/icra27/phase1a_beta_conditioned_v4_seed27027/checkpoint_update_0030.pt,tracer_cost_v4,tracer_cost_v4,rough,rough_perlin,37,success,True,5,True,False,0,39,1.830505723311209,0.12589962453244674,1.7046060987787621,7.800000000000001,239.1404993236677,7.800000000000001,0.22682594570853168,0.14462909120536405,0.7016742797104418,8.846211882632735,5.640534557009198,27.365296908707233,0.2185392434331746,1.4033485594208834,0.008917560645265485,0.08517272339379642,0.02863074652850628,0.14568369090557098,0.07445834366939007,0.01940166992165196,-0.033824845097768,0.21489166873387802,0.007760667968660784,0.2979705092941339,0.060000000000000005,0.21489166873387802,0.007760667968660784,0.2979705092941339,0.060000000000000005,lm080_ls020_le000,0.59,0.26,0.15,0.8,0.2,0.0
beta_conditioned,/mnt/share/nas/Yoo/Tracer/TRACER-ICRA27/results/icra27/phase1a_beta_conditioned_v4_seed27027/checkpoint_update_0030.pt,tracer_cost_v4,tracer_cost_v4,rough,rough_perlin,38,success,True,5,True,False,0,37,1.7964071418518759,0.13405719419258336,1.6623499476592924,7.4,246.61140371784433,7.4,0.21919764397647085,0.25619984284746256,0.7627082849574535,8.110312827129421,9.479394185356115,28.22020654342578,0.22464188481882327,1.5254165699149067,0.007854121262699658,0.12378525095354,0.018052471801638603,0.2473377287387848,0.0704768372548593,0.018993966872929723,-0.03397731971297715,0.21409536745097185,0.007597586749171889,0.2979613608172213,0.060000000000000005,0.21409536745097185,0.007597586749171889,0.2979613608172213,0.060000000000000005,lm080_ls020_le000,0.59,0.26,0.15,0.8,0.2,0.0
beta_conditioned,/mnt/share/nas/Yoo/Tracer/TRACER-ICRA27/results/icra27/phase1a_beta_conditioned_v4_seed27027/checkpoint_update_0030.pt,tracer_cost_v4,tracer_cost_v4,rough,rough_perlin,39,success,True,5,True,False,0,41,1.8828988144571281,0.12169339574145598,1.7612054187156723,8.200000000000001,228.4303339080782,8.200000000000001,0.23152356422017192,0.20697829058488143,0.6375539645286414,9.49246613302705,8.486109913980139,26.1397125456743,0.21478114862386247,1.2751079290572827,0.013128947552089954,0.08334681255491189,0.03472994267940521,0.1579742580652237,0.07601866307781964,0.017509302155614446,-0.03662769382864964,0.21520373261556397,0.007003720862245778,0.29780233837028103,0.06,0.21520373261556397,0.007003720862245778,0.29780233837028103,0.06,lm080_ls020_le000,0.59,0.26,0.15,0.8,0.2,0.0
beta_conditioned,/mnt/share/nas/Yoo/Tracer/TRACER-ICRA27/results/icra27/phase1a_beta_conditioned_v4_seed27027/checkpoint_update_0030.pt,tracer_cost_v4,tracer_cost_v4,rough,rough_perlin,40,success,True,5,True,False,0,39,1.8015716684441132,0.12106056904968523,1.6805110993944279,7.800000000000001,210.28755821752176,7.800000000000001,0.23068732381499552,0.09370435194450745,0.617015400409611,8.996805628784825,3.6544697258357903,24.063600615974828,0.21545014094800358,1.2340308008192222,0.006622229839904846,0.07553025158101136,0.017094306647777557,0.1461510956287384,0.07195612081350425,0.017750978120602667,-0.036411038862589076,0.21439122416270087,0.0071003912482410685,0.2978153376682447,0.060000000000000005,0.21439122416270087,0.0071003912482410685,0.2978153376682447,0.060000000000000005,lm080_ls020_le000,0.59,0.26,0.15,0.8,0.2,0.0
beta_conditioned,/mnt/share/nas/Yoo/Tracer/TRACER-ICRA27/results/icra27/phase1a_beta_conditioned_v4_seed27027/checkpoint_update_0030.pt,tracer_cost_v4,tracer_cost_v4,rough,rough_perlin,41,success,True,5,True,False,0,38,1.7987216025400643,0.1460390956183284,1.652682506921736,7.6,205.5704228305877,7.6,0.22817721925629342,0.06042143725523032,0.6190476301497535,8.67073433173915,2.296014615698752,23.523809945690633,0.21745822459496525,1.2380952602995072,0.008525888228042587,0.06419206872201387,0.021089082583785057,0.12239453941583633,0.07223065354322132,0.017917043084468644,-0.03603602102712581,0.21444613070864427,0.007166817233787456,0.29783783873837244,0.060000000000000005,0.21444613070864427,0.007166817233787456,0.29783783873837244,0.060000000000000005,lm080_ls020_le000,0.59,0.26,0.15,0.8,0.2,0.0
beta_conditioned,/mnt/share/nas/Yoo/Tracer/TRACER-ICRA27/results/icra27/phase1a_beta_conditioned_v4_seed27027/checkpoint_update_0030.pt,tracer_cost_v4,tracer_cost_v4,rough,rough_perlin,42,success,True,5,True,False,0,39,1.8071922941581364,0.1203021065005555,1.686890187657581,7.800000000000001,210.03945549714763,7.800000000000001,0.22966503402923386,0.09230758801255319,0.6162874296221239,8.95693632714012,3.5999959324895743,24.035209755262834,0.21626797277661294,1.2325748592442478,0.005817072979750969,0.07789013322765989,0.022619104012846947,0.10665342956781387,0.07144029362079425,0.020101091821486942,-0.032125493416037314,0.21428805872415885,0.008040436728594776,0.2980724703950377,0.060000000000000005,0.21428805872415885,0.008040436728594776,0.2980724703950377,0.060000000000000005,lm080_ls020_le000,0.59,0.26,0.15,0.8,0.2,0.0
beta_conditioned,/mnt/share/nas/Yoo/Tracer/TRACER-ICRA27/results/icra27/phase1a_beta_conditioned_v4_seed27027/checkpoint_update_0030.pt,tracer_cost_v4,tracer_cost_v4,rough,rough_perlin,43,time_limit,True,5,False,False,0,50,1.7855203722366515,0.4675035181645098,1.3180168540721418,10.0,277.2181462493834,10.0,0.3352478932409823,0.1277635361730093,0.6344518726063392,16.762394662049115,6.388176808650466,31.722593630316958,0.13180168540721415,1.2689037452126788,0.012208878260961998,0.09196842276638464,0.027137894183397293,0.17732977867126465,0.06291571129113435,0.018951115379459225,-0.041254627071321014,0.21258314225822691,0.00758044615178369,0.29752472237572075,0.06,0.21258314225822691,0.00758044615178369,0.29752472237572075,0.06,lm080_ls020_le000,0.59,0.26,0.15,0.8,0.2,0.0
beta_conditioned,/mnt/share/nas/Yoo/Tracer/TRACER-ICRA27/results/icra27/phase1a_beta_conditioned_v4_seed27027/checkpoint_update_0030.pt,tracer_cost_v4,tracer_cost_v4,rough,rough_perlin,44,success,True,5,True,False,0,38,1.8017616156772887,0.10625722662585091,1.6955043890514379,7.6,216.1699867113277,7.6,0.22113414653759247,0.11444840657560311,0.6509667886096285,8.403097568428514,4.349039449872918,24.736737967165883,0.22309268276992603,1.301933577219257,0.0076509669422331296,0.08473574503175373,0.018927324563264847,0.18931174278259277,0.07151530173264052,0.01835609924532228,-0.03374238197054518,0.21430306034652813,0.007342439698128915,0.29797545708176726,0.060000000000000005,0.21430306034652813,0.007342439698128915,0.29797545708176726,0.060000000000000005,lm080_ls020_le000,0.59,0.26,0.15,0.8,0.2,0.0
beta_conditioned,/mnt/share/nas/Yoo/Tracer/TRACER-ICRA27/results/icra27/phase1a_beta_conditioned_v4_seed27027/checkpoint_update_0030.pt,tracer_cost_v4,tracer_cost_v4,rough,rough_perlin,45,success,True,5,True,False,0,39,1.8070449992102737,0.11930462656775905,1.6877403726425146,7.800000000000001,208.92945617104186,7.800000000000001,0.22952878643549446,0.050219479108870924,0.6130305242471368,8.951622670984284,1.9585596852459661,23.908190445638333,0.2163769708516044,1.2260610484942738,0.008853496724168337,0.05754777737182269,0.02402026765048504,0.13107675313949585,0.07128364449510208,0.01754068385045498,-0.03561249446983521,0.2142567288990204,0.007016273540181992,0.2978632503318098,0.060000000000000005,0.2142567288990204,0.007016273540181992,0.2978632503318098,0.060000000000000005,lm080_ls020_le000,0.59,0.26,0.15,0.8,0.2,0.0
beta_conditioned,/mnt/share/nas/Yoo/Tracer/TRACER-ICRA27/results/icra27/phase1a_beta_conditioned_v4_seed27027/checkpoint_update_0030.pt,tracer_cost_v4,tracer_cost_v4,rough,rough_perlin,46,success,True,5,True,False,0,41,1.8004478384078573,0.14106138887626732,1.65938644953159,8.200000000000001,213.58336431771417,8.200000000000001,0.24704474854701378,0.04731432011060276,0.596115753755015,10.128834690427565,1.9398871245347133,24.440745903955616,0.202364201162389,1.1922315075100298,0.009738794319355263,0.04205231400574795,0.02180556394159794,0.08251763880252838,0.07068858795413156,0.017339160479889138,-0.03762047129069886,0.2141377175908263,0.006935664191955656,0.29774277172255803,0.06,0.2141377175908263,0.006935664191955656,0.29774277172255803,0.06,lm080_ls020_le000,0.59,0.26,0.15,0.8,0.2,0.0
beta_conditioned,/mnt/share/nas/Yoo/Tracer/TRACER-ICRA27/results/icra27/phase1a_beta_conditioned_v4_seed27027/checkpoint_update_0030.pt,tracer_cost_v4,tracer_cost_v4,rough,rough_perlin,47,success,True,5,True,False,0,38,1.8135544038673177,0.14150507181814184,1.6720493320491758,7.6,226.17699477441818,7.6,0.22499188617612234,0.11883861912243351,0.6811015450646019,8.54969167469265,4.515867526652474,25.88185871245487,0.22000649105910214,1.3622030901292035,0.011335085613768434,0.07970577609746139,0.022217171266674995,0.1460525244474411,0.07208748397074248,0.01939731183703866,-0.03298090726725365,0.21441749679414848,0.007758924734815465,0.2980211455639648,0.060000000000000005,0.21441749679414848,0.007758924734815465,0.2980211455639648,0.060000000000000005,lm080_ls020_le000,0.59,0.26,0.15,0.8,0.2,0.0
beta_conditioned,/mnt/share/nas/Yoo/Tracer/TRACER-ICRA27/results/icra27/phase1a_beta_conditioned_v4_seed27027/checkpoint_update_0030.pt,tracer_cost_v4,tracer_cost_v4,rough,rough_perlin,30,success,True,5,True,False,0,38,1.8091958132882031,0.14381968954567237,1.6653761237425306,7.6,212.87642923714722,7.6,0.2260894533318206,0.04416864601524122,0.6410486840443931,8.591399226609182,1.6784085485791662,24.359849993686936,0.2191284373345435,1.2820973680887864,0.00914257306427601,0.04669211163200496,0.018949119374155998,0.1019839271903038,0.06788653939178116,0.021351234613623666,-0.028619837849155852,0.21357730787835622,0.008540493845449469,0.29828280972905064,0.060000000000000005,0.21357730787835622,0.008540493845449469,0.29828280972905064,0.060000000000000005,lm080_ls000_le020,0.59,0.15,0.26,0.8,0.0,0.2
beta_conditioned,/mnt/share/nas/Yoo/Tracer/TRACER-ICRA27/results/icra27/phase1a_beta_conditioned_v4_seed27027/checkpoint_update_0030.pt,tracer_cost_v4,tracer_cost_v4,rough,rough_perlin,31,success,True,5,True,False,0,37,1.8024137735751302,0.14756925588318437,1.654844517691946,7.4,211.13232066697478,7.4,0.22046545309257673,0.1128556163051892,0.6529802262479213,8.157221764425339,4.175657803292,24.16026837117309,0.22362763752593862,1.3059604524958426,0.006113813852411378,0.08129851047748542,0.017797093838453293,0.12761661410331726,0.06703904774543401,0.020326147327904363,-0.029863691637040796,0.2134078095490868,0.008130458931161747,0.29820817850177744,0.060000000000000005,0.2134078095490868,0.008130458931161747,0.29820817850177744,0.060000000000000005,lm080_ls000_le020,0.59,0.15,0.26,0.8,0.0,0.2
beta_conditioned,/mnt/share/nas/Yoo/Tracer/TRACER-ICRA27/results/icra27/phase1a_beta_conditioned_v4_seed27027/checkpoint_update_0030.pt,tracer_cost_v4,tracer_cost_v4,rough,rough_perlin,32,success,True,5,True,False,0,39,1.802586193737586,0.13940302279283798,1.663183170944748,7.800000000000001,198.4242239202692,7.800000000000001,0.23346423542552122,0.030442203563196324,0.5822065889722712,9.105105181595327,1.1872459389646566,22.706056969918574,0.2132286116595831,1.1644131779445424,0.009010605450181664,0.04103759351884045,0.034607794135808945,0.07106196135282516,0.06774429652171257,0.019078456825809553,-0.03136416672705076,0.2135488593043425,0.00763138273032382,0.29811814999637687,0.060000000000000005,0.2135488593043425,0.00763138273032382,0.29811814999637687,0.060000000000000005,lm080_ls000_le020,0.59,0.15,0.26,0.8,0.0,0.2
beta_conditioned,/mnt/share/nas/Yoo/Tracer/TRACER-ICRA27/results/icra27/phase1a_beta_conditioned_v4_seed27027/checkpoint_update_0030.pt,tracer_cost_v4,tracer_cost_v4,rough,rough_perlin,33,success,True,5,True,False,0,37,1.8144236733210037,0.14591868021196686,1.6685049931090368,7.4,210.89427978272843,7.4,0.21815794035320327,0.10944409039837662,0.6522440244671592,8.07184379306852,4.049431344739935,24.133028905284892,0.22547364771743747,1.3044880489343187,0.007174425537274121,0.08370750331162183,0.01595587469637394,0.17893365025520325,0.06799645802459202,0.021345344409849996,-0.028705912063250672,0.2135992916049184,0.00853813776394,0.2982776452762049,0.060000000000000005,0.2135992916049184,0.00853813776394,0.2982776452762049,0.060000000000000005,lm080_ls000_le020,0.59,0.15,0.26,0.8,0.0,0.2
beta_conditioned,/mnt/share/nas/Yoo/Tracer/TRACER-ICRA27/results/icra27/phase1a_beta_conditioned_v4_seed27027/checkpoint_update_0030.pt,tracer_cost_v4,tracer_cost_v4,rough,rough_perlin,34,m4,True,5,False,True,1,9,1.8006155508699786,1.38669873556342,0.41391681530655866,1.701999999999924,108.2337926381459,1.701999999999924,0.19823882385567432,0.8489395032622067,1.376155151690211,1.7841494147010688,7.64045552935986,12.3853963652119,0.24140894091546056,3.6001574435519164,0.019134503163616656,0.16113070244135674,0.028661245480179787,0.2639153301715851,0.0648712126745118,0.036485965053240456,-0.013971030608647399,0.21297424253490238,0.014594386021296183,0.29916173816348113,0.060000000000000005,0.21297424253490238,0.014594386021296183,0.29916173816348113,0.060000000000000005,lm080_ls000_le020,0.59,0.15,0.26,0.8,0.0,0.2
beta_conditioned,/mnt/share/nas/Yoo/Tracer/TRACER-ICRA27/results/icra27/phase1a_beta_conditioned_v4_seed27027/checkpoint_update_0030.pt,tracer_cost_v4,tracer_cost_v4,rough,rough_perlin,35,success,True,5,True,False,0,39,1.8310988114736846,0.11670122450443553,1.7143975869692492,7.800000000000001,235.4252601622449,7.800000000000001,0.22525679696005624,0.17113562327074586,0.6907732078722707,8.785015081442193,6.674289307559088,26.94015510701856,0.21979456243195505,1.3815464157445414,0.011563824913587515,0.08790203804738424,0.03130723908543587,0.15392714738845825,0.0675878528601084,0.021279338401001997,-0.028724315385214794,0.2135175705720217,0.0085117353604008,0.2982765410768871,0.060000000000000005,0.2135175705720217,0.0085117353604008,0.2982765410768871,0.060000000000000005,lm080_ls000_le020,0.59,0.15,0.26,0.8,0.0,0.2
beta_conditioned,/mnt/share/nas/Yoo/Tracer/TRACER-ICRA27/results/icra27/phase1a_beta_conditioned_v4_seed27027/checkpoint_update_0030.pt,tracer_cost_v4,tracer_cost_v4,rough,rough_perlin,36,success,True,5,True,False,0,39,1.8339173015102326,0.13918304750161897,1.6947342540086137,7.800000000000001,215.27658561757605,7.800000000000001,0.22840797211400427,0.06033284797469049,0.6316539589862187,8.907910912446166,2.352981071012929,24.63450440046253,0.21727362230879663,1.2633079179724374,0.011810174558309794,0.06249327846845641,0.03547123447060585,0.17760369181632996,0.06871743786793488,0.02065343147692963,-0.02918257829374992,0.21374348757358697,0.008261372590771853,0.298249045302375,0.060000000000000005,0.21374348757358697,0.008261372590771853,0.298249045302375,0.060000000000000005,lm080_ls000_le020,0.59,0.15,0.26,0.8,0.0,0.2
beta_conditioned,/mnt/share/nas/Yoo/Tracer/TRACER-ICRA27/results/icra27/phase1a_beta_conditioned_v4_seed27027/checkpoint_update_0030.pt,tracer_cost_v4,tracer_cost_v4,rough,rough_perlin,37,success,True,5,True,False,0,39,1.830505723311209,0.1249156515261903,1.7055900717850188,7.800000000000001,231.98299413178088,7.800000000000001,0.22666825772675986,0.13796345285819056,0.6806730803559002,8.840062051343635,5.380574661469431,26.546250133880108,0.21866539381859212,1.3613461607118005,0.008434097426730344,0.08625582172303912,0.023413019254803658,0.14539416134357452,0.0696813043875572,0.021458778945275415,-0.02918882481753826,0.21393626087751144,0.008583511578110166,0.2982486705109477,0.060000000000000005,0.21393626087751144,0.008583511578110166,0.2982486705109477,0.060000000000000005,lm080_ls000_le020,0.59,0.15,0.26,0.8,0.0,0.2
beta_conditioned,/mnt/share/nas/Yoo/Tracer/TRACER-ICRA27/results/icra27/phase1a_beta_conditioned_v4_seed27027/checkpoint_update_0030.pt,tracer_cost_v4,tracer_cost_v4,rough,rough_perlin,38,success,True,5,True,False,0,37,1.7964071418518759,0.13667621802719943,1.6597309238246765,7.4,242.9990786368412,7.4,0.21964004665123713,0.25019244280634984,0.7515362538765512,8.126681726095773,9.257120383834943,27.806841393432396,0.2242879626790103,1.5030725077531024,0.0074489531908579956,0.12314347313281082,0.01806807331740856,0.24379681050777435,0.06621604835664904,0.020482910343924084,-0.02945597318781389,0.21324320967132984,0.008193164137569634,0.29823264160873114,0.060000000000000005,0.21324320967132984,0.008193164137569634,0.29823264160873114,0.060000000000000005,lm080_ls000_le020,0.59,0.15,0.26,0.8,0.0,0.2
beta_conditioned,/mnt/share/nas/Yoo/Tracer/TRACER-ICRA27/results/icra27/phase1a_beta_conditioned_v4_seed27027/checkpoint_update_0030.pt,tracer_cost_v4,tracer_cost_v4,rough,rough_perlin,39,success,True,5,True,False,0,41,1.8828988144571281,0.12786652798238213,1.755032286474746,8.200000000000001,220.2678526884658,8.200000000000001,0.23246459047641072,0.17742312201989704,0.6147723042608392,9.53104820953284,7.2743480028157785,25.205664474694405,0.21402832761887142,1.2295446085216781,0.012542238033296441,0.08722479699738662,0.034517258405685425,0.15860393643379211,0.07179772490408362,0.019343203058602605,-0.032032755930431006,0.21435954498081675,0.007737281223441042,0.29807803464417415,0.06,0.21435954498081675,0.007737281223441042,0.29807803464417415,0.06,lm080_ls000_le020,0.59,0.15,0.26,0.8,0.0,0.2
beta_conditioned,/mnt/share/nas/Yoo/Tracer/TRACER-ICRA27/results/icra27/phase1a_beta_conditioned_v4_seed27027/checkpoint_update_0030.pt,tracer_cost_v4,tracer_cost_v4,rough,rough_perlin,40,success,True,5,True,False,0,39,1.8015716684441132,0.12990276030523037,1.671668908138883,7.800000000000001,209.59255679829258,7.800000000000001,0.23210434164440982,0.08856072251947737,0.614976161461735,9.052069324131983,3.4538681782596177,23.984070297007662,0.21431652668447215,1.2299523229234701,0.006586690939079485,0.07500976668754672,0.01840757206082344,0.14819550514221191,0.06804171366951405,0.01922471111622424,-0.03202939396485304,0.2136083427339028,0.007689884446489696,0.2980782363621088,0.060000000000000005,0.2136083427339028,0.007689884446489696,0.2980782363621088,0.060000000000000005,lm080_ls000_le020,0.59,0.15,0.26,0.8,0.0,0.2
beta_conditioned,/mnt/share/nas/Yoo/Tracer/TRACER-ICRA27/results/icra27/phase1a_beta_conditioned_v4_seed27027/checkpoint_update_0030.pt,tracer_cost_v4,tracer_cost_v4,rough,rough_perlin,41,success,True,5,True,False,0,39,1.7987216025400643,0.11914064023760847,1.6795809623024558,7.800000000000001,208.33874706222002,7.800000000000001,0.23083638424640135,0.0588548066468986,0.6112972946619214,9.002618985609653,2.2953374592290454,23.840594491814937,0.21533089260287894,1.222594589323843,0.00841116089119138,0.06338234741181217,0.021865341812372208,0.11989615112543106,0.06809228085554563,0.01904993767115789,-0.0321188875211355,0.21361845617110914,0.007619975068463156,0.2980728667487319,0.060000000000000005,0.21361845617110914,0.007619975068463156,0.2980728667487319,0.060000000000000005,lm080_ls000_le020,0.59,0.15,0.26,0.8,0.0,0.2
beta_conditioned,/mnt/share/nas/Yoo/Tracer/TRACER-ICRA27/results/icra27/phase1a_beta_conditioned_v4_seed27027/checkpoint_update_0030.pt,tracer_cost_v4,tracer_cost_v4,rough,rough_perlin,42,success,True,5,True,False,0,39,1.8071922941581364,0.12009042594924275,1.6871018682088936,7.800000000000001,210.3259907723342,7.800000000000001,0.22963111086395946,0.09431099463859892,0.6171281673198237,8.955613323694418,3.6781287909053577,24.067998525473122,0.2162951113088325,1.2342563346396473,0.0060132366347295475,0.07814436182102051,0.022681865841150284,0.10834448784589767,0.06662735514915906,0.022206012004365522,-0.027341405598398965,0.2133254710298318,0.00888240480174621,0.298359515664096,0.060000000000000005,0.2133254710298318,0.00888240480174621,0.298359515664096,0.060000000000000005,lm080_ls000_le020,0.59,0.15,0.26,0.8,0.0,0.2
beta_conditioned,/mnt/share/nas/Yoo/Tracer/TRACER-ICRA27/results/icra27/phase1a_beta_conditioned_v4_seed27027/checkpoint_update_0030.pt,tracer_cost_v4,tracer_cost_v4,rough,rough_perlin,43,time_limit,True,5,False,False,0,50,1.7855203722366515,0.4706781416672977,1.314842230569354,10.0,276.89426443705685,10.0,0.33564472117883076,0.12761203051699443,0.6337106245130457,16.78223605894154,6.3806015258497215,31.685531225652287,0.13148422305693536,1.2674212490260917,0.011971430613170566,0.09222958741363987,0.02657194249331951,0.1769714206457138,0.06119627606123686,0.019017954327282496,-0.038444933295249936,0.21223925521224735,0.007607181730912999,0.297693304002285,0.06,0.21223925521224735,0.007607181730912999,0.297693304002285,0.06,lm080_ls000_le020,0.59,0.15,0.26,0.8,0.0,0.2
beta_conditioned,/mnt/share/nas/Yoo/Tracer/TRACER-ICRA27/results/icra27/phase1a_beta_conditioned_v4_seed27027/checkpoint_update_0030.pt,tracer_cost_v4,tracer_cost_v4,rough,rough_perlin,44,success,True,5,True,False,0,38,1.8017616156772887,0.10524989445109177,1.6965117212261969,7.6,217.8633015276882,7.6,0.22096846690358607,0.10475002560421365,0.6560659780247774,8.39680174233627,3.980500972960119,24.93050716494154,0.22322522647713117,1.3121319560495548,0.0077138247822302625,0.08423532677919938,0.019078336656093597,0.18923799693584442,0.06703411787748337,0.020428790000120278,-0.029173718814394976,0.21340682357549667,0.008171516000048111,0.29824957687113635,0.060000000000000005,0.21340682357549667,0.008171516000048111,0.29824957687113635,0.060000000000000005,lm080_ls000_le020,0.59,0.15,0.26,0.8,0.0,0.2
beta_conditioned,/mnt/share/nas/Yoo/Tracer/TRACER-ICRA27/results/icra27/phase1a_beta_conditioned_v4_seed27027/checkpoint_update_0030.pt,tracer_cost_v4,tracer_cost_v4,rough,rough_perlin,45,success,True,5,True,False,0,39,1.8070449992102737,0.12660014709841336,1.6804448521118605,7.800000000000001,207.56172319455754,7.800000000000001,0.23069794036668909,0.049558467422477825,0.6090173894839952,8.997219674300874,1.9327802294766352,23.75167818987581,0.21544164770664878,1.2180347789679904,0.008679712132200661,0.05696493699070259,0.022244999185204506,0.12850233912467957,0.06726321367881237,0.019022742273638215,-0.031185369341610335,0.21345264273576248,0.007609096909455288,0.29812887783950337,0.060000000000000005,0.21345264273576248,0.007609096909455288,0.29812887783950337,0.060000000000000005,lm080_ls000_le020,0.59,0.15,0.26,0.8,0.0,0.2
beta_conditioned,/mnt/share/nas/Yoo/Tracer/TRACER-ICRA27/results/icra27/phase1a_beta_conditioned_v4_seed27027/checkpoint_update_0030.pt,tracer_cost_v4,tracer_cost_v4,rough,rough_perlin,46,success,True,5,True,False,0,41,1.8004478384078573,0.14408310797293333,1.656364730434924,8.200000000000001,213.4973169867642,8.200000000000001,0.2475053764580909,0.04919449093438916,0.5958755938075785,10.147720434781727,2.0169741283099554,24.430899346110717,0.2019956988335273,1.1917511876151572,0.009795423946027101,0.04229256009957074,0.021861115470528603,0.0825125202536583,0.06728592042515917,0.018452546890064075,-0.03359236768106135,0.21345718408503184,0.0073810187560256315,0.2979844579391363,0.06,0.21345718408503184,0.0073810187560256315,0.2979844579391363,0.06,lm080_ls000_le020,0.59,0.15,0.26,0.8,0.0,0.2
beta_conditioned,/mnt/share/nas/Yoo/Tracer/TRACER-ICRA27/results/icra27/phase1a_beta_conditioned_v4_seed27027/checkpoint_update_0030.pt,tracer_cost_v4,tracer_cost_v4,rough,rough_perlin,47,success,True,5,True,False,0,38,1.8135544038673177,0.14510478134310242,1.6684496225242154,7.6,225.41350187188922,7.6,0.22558394366378037,0.12004745911137267,0.678802389060354,8.572189859223654,4.561803446232162,25.79449078429345,0.2195328450689757,1.3576047781207083,0.01126620461932801,0.07856770547827713,0.02274787798523903,0.1460007131099701,0.06742072164228088,0.02146202915862791,-0.028339052499320946,0.21348414432845617,0.008584811663451163,0.2982996568500407,0.060000000000000005,0.21348414432845617,0.008584811663451163,0.2982996568500407,0.060000000000000005,lm080_ls000_le020,0.59,0.15,0.26,0.8,0.0,0.2
beta_conditioned,/mnt/share/nas/Yoo/Tracer/TRACER-ICRA27/results/icra27/phase1a_beta_conditioned_v4_seed27027/checkpoint_update_0030.pt,tracer_cost_v4,tracer_cost_v4,rough,rough_perlin,30,success,True,5,True,False,0,38,1.8091958132882031,0.13749645417031064,1.6716993591178926,7.6,211.99785675243695,7.6,0.22504944751350456,0.04596546576504037,0.638402981384031,8.551879005513173,1.7466876990715339,24.259313292593177,0.21996044198919637,1.276805962768062,0.00917816246302028,0.0462655817890017,0.018773112446069717,0.09841955453157425,0.0719293442211653,0.018624203832587227,-0.034180587794827785,0.21438586884423305,0.007449681533034893,0.2979491647323103,0.060000000000000005,0.21438586884423305,0.007449681533034893,0.2979491647323103,0.060000000000000005,lm060_ls040_le000,0.48,0.37,0.15,0.6,0.4,0.0
beta_conditioned,/mnt/share/nas/Yoo/Tracer/TRACER-ICRA27/results/icra27/phase1a_beta_conditioned_v4_seed27027/checkpoint_update_0030.pt,tracer_cost_v4,tracer_cost_v4,rough,rough_perlin,31,success,True,5,True,False,0,37,1.8024137735751302,0.14386355251769237,1.6585502210574379,7.4,211.43429463769374,7.4,0.21983948968624362,0.11134147533873433,0.6539141573064069,8.134061118391013,4.11963458753317,24.194823820337056,0.22412840825100513,1.3078283146128138,0.00600906597734486,0.08074756410476087,0.017682626843452454,0.12708453834056854,0.0706704085743105,0.01812217491789016,-0.03514519348941945,0.21413408171486212,0.007248869967156064,0.29789128839063483,0.060000000000000005,0.21413408171486212,0.007248869967156064,0.29789128839063483,0.060000000000000005,lm060_ls040_le000,0.48,0.37,0.15,0.6,0.4,0.0
beta_conditioned,/mnt/share/nas/Yoo/Tracer/TRACER-ICRA27/results/icra27/phase1a_beta_conditioned_v4_seed27027/checkpoint_update_0030.pt,tracer_cost_v4,tracer_cost_v4,rough,rough_perlin,32,success,True,5,True,False,0,39,1.802586193737586,0.11714359608285628,1.6854425976547298,7.800000000000001,196.83714381487076,7.800000000000001,0.2298970196066138,0.030340584664132902,0.5775498566624042,8.965983764657938,1.1832828019011832,22.524444409833766,0.21608238431470894,1.1550997133248084,0.009148767319022966,0.044976679966545204,0.033177267760038376,0.07078255712985992,0.07096047966908185,0.016944691964174405,-0.03653456184726495,0.21419209593381638,0.006777876785669763,0.29780792628916414,0.060000000000000005,0.21419209593381638,0.006777876785669763,0.29780792628916414,0.060000000000000005,lm060_ls040_le000,0.48,0.37,0.15,0.6,0.4,0.0
beta_conditioned,/mnt/share/nas/Yoo/Tracer/TRACER-ICRA27/results/icra27/phase1a_beta_conditioned_v4_seed27027/checkpoint_update_0030.pt,tracer_cost_v4,tracer_cost_v4,rough,rough_perlin,33,success,True,5,True,False,0,37,1.8144236733210037,0.142468375841804,1.6719552974791998,7.4,211.09156986864863,7.4,0.21757511866905413,0.11145214199133074,0.6528541940732797,8.050279390755003,4.123729253679238,24.155605180711348,0.22593990506475672,1.3057083881465597,0.006811933591903417,0.08313786522024208,0.01637236773967743,0.1792735606431961,0.07201832593292803,0.018531510401108127,-0.03431520107630137,0.21440366518658557,0.007412604160443249,0.29794108793542184,0.060000000000000005,0.21440366518658557,0.007412604160443249,0.29794108793542184,0.060000000000000005,lm060_ls040_le000,0.48,0.37,0.15,0.6,0.4,0.0
beta_conditioned,/mnt/share/nas/Yoo/Tracer/TRACER-ICRA27/results/icra27/phase1a_beta_conditioned_v4_seed27027/checkpoint_update_0030.pt,tracer_cost_v4,tracer_cost_v4,rough,rough_perlin,34,m4,True,5,False,True,1,9,1.8006155508699786,1.3892524033225908,0.4113631475473878,1.6979999999999245,106.84543956698684,1.6979999999999245,0.19979858083944746,1.547992823115928,1.3585027236945661,1.7981872275550272,13.931935408043351,12.226524513251094,0.240161135328442,3.61417512019338,0.01896194972618638,0.16039488797499699,0.03220369294285774,0.26411619782447815,0.07054561459355885,0.03475333253542582,-0.019539517867896292,0.21410912291871176,0.013901333014170332,0.29882762892792625,0.060000000000000005,0.21410912291871176,0.013901333014170332,0.29882762892792625,0.060000000000000005,lm060_ls040_le000,0.48,0.37,0.15,0.6,0.4,0.0
beta_conditioned,/mnt/share/nas/Yoo/Tracer/TRACER-ICRA27/results/icra27/phase1a_beta_conditioned_v4_seed27027/checkpoint_update_0030.pt,tracer_cost_v4,tracer_cost_v4,rough,rough_perlin,35,success,True,5,True,False,0,38,1.8310988114736846,0.14506661182802782,1.6860321996456569,7.6,224.45998497553907,7.6,0.2226920724267012,0.13351574921643272,0.6759310014022191,8.462298752214645,5.073598470224443,25.685378053284325,0.22184634205863907,1.3518620028044384,0.011361758688061083,0.08622911376267103,0.028148505836725235,0.14945583045482635,0.07169259476818536,0.019005449202316078,-0.03383081494585464,0.2143385189536371,0.00760217968092643,0.29797015110324876,0.060000000000000005,0.2143385189536371,0.00760217968092643,0.29797015110324876,0.060000000000000005,lm060_ls040_le000,0.48,0.37,0.15,0.6,0.4,0.0
beta_conditioned,/mnt/share/nas/Yoo/Tracer/TRACER-ICRA27/results/icra27/phase1a_beta_conditioned_v4_seed27027/checkpoint_update_0030.pt,tracer_cost_v4,tracer_cost_v4,rough,rough_perlin,36,success,True,5,True,False,0,39,1.8339173015102326,0.13598855369855403,1.6979287478116785,7.800000000000001,214.54879951382966,7.800000000000001,0.22789603400453876,0.059015464315891504,0.6295185248310933,8.887945326177011,2.3016031083197688,24.55122246841264,0.21768317279636903,1.259037049662187,0.011901430712608473,0.062014366938326945,0.03453501686453819,0.17757390439510345,0.07258772353331248,0.01835248647451711,-0.03460110678600195,0.2145175447066625,0.007340994589806846,0.2979239335928398,0.060000000000000005,0.2145175447066625,0.007340994589806846,0.2979239335928398,0.060000000000000005,lm060_ls040_le000,0.48,0.37,0.15,0.6,0.4,0.0
beta_conditioned,/mnt/share/nas/Yoo/Tracer/TRACER-ICRA27/results/icra27/phase1a_beta_conditioned_v4_seed27027/checkpoint_update_0030.pt,tracer_cost_v4,tracer_cost_v4,rough,rough_perlin,37,success,True,5,True,False,0,39,1.830505723311209,0.13126240419933194,1.699243319111877,7.800000000000001,239.27590833824138,7.800000000000001,0.22768536552694285,0.14760660447042712,0.7020715901745245,8.879729255550771,5.756657574346657,27.380792016806456,0.21785170757844574,1.4041431803490492,0.009167729548505628,0.08647276935626187,0.028948575258255005,0.14564217627048492,0.0738885414141875,0.018757729990354095,-0.034598626769506015,0.21477770828283752,0.00750309199614164,0.2979240823938296,0.060000000000000005,0.21477770828283752,0.00750309199614164,0.2979240823938296,0.060000000000000005,lm060_ls040_le000,0.48,0.37,0.15,0.6,0.4,0.0
beta_conditioned,/mnt/share/nas/Yoo/Tracer/TRACER-ICRA27/results/icra27/phase1a_beta_conditioned_v4_seed27027/checkpoint_update_0030.pt,tracer_cost_v4,tracer_cost_v4,rough,rough_perlin,38,success,True,5,True,False,0,37,1.7964071418518759,0.1326512919772595,1.6637558498746163,7.4,246.87559727725142,7.4,0.2189601604941527,0.2557568563384373,0.7635253705161681,8.10152593828365,9.46300368452218,28.25043870909822,0.22483187160467788,1.527050741032336,0.007811692733028724,0.12372600668642687,0.018039682880043983,0.24706271290779114,0.06979763165519044,0.01849980450650627,-0.03476429806166404,0.21395952633103812,0.007399921802602507,0.2979141421163002,0.060000000000000005,0.21395952633103812,0.007399921802602507,0.2979141421163002,0.060000000000000005,lm060_ls040_le000,0.48,0.37,0.15,0.6,0.4,0.0
beta_conditioned,/mnt/share/nas/Yoo/Tracer/TRACER-ICRA27/results/icra27/phase1a_beta_conditioned_v4_seed27027/checkpoint_update_0030.pt,tracer_cost_v4,tracer_cost_v4,rough,rough_perlin,39,success,True,5,True,False,0,41,1.8828988144571281,0.11806974746187425,1.764829066995254,8.200000000000001,227.81031464826177,8.200000000000001,0.23097117881169915,0.16493120141644188,0.6358234774675877,9.469818331279665,6.762179258074117,26.068762576171096,0.2152230569506407,1.2716469549351752,0.012804880893746852,0.08305736431515426,0.0347263403236866,0.15782476961612701,0.07529197360684232,0.01696415326597805,-0.03737816237276647,0.21505839472136848,0.006785661306391221,0.297757310257634,0.06,0.21505839472136848,0.006785661306391221,0.297757310257634,0.06,lm060_ls040_le000,0.48,0.37,0.15,0.6,0.4,0.0
beta_conditioned,/mnt/share/nas/Yoo/Tracer/TRACER-ICRA27/results/icra27/phase1a_beta_conditioned_v4_seed27027/checkpoint_update_0030.pt,tracer_cost_v4,tracer_cost_v4,rough,rough_perlin,40,success,True,5,True,False,0,39,1.8015716684441132,0.1196895856474655,1.6818820827966476,7.800000000000001,210.08493634178663,7.800000000000001,0.23046761493643467,0.09324079976474912,0.6164208772773433,8.988236982520952,3.636391190825216,24.040414213816387,0.21562590805085227,1.2328417545546861,0.006643100635155821,0.07534861566855053,0.01708335429430008,0.14548605680465698,0.07119018966570878,0.017246855622849975,-0.03714090146315403,0.21423803793314178,0.00689874224913999,0.2977715459122107,0.060000000000000005,0.21423803793314178,0.00689874224913999,0.2977715459122107,0.060000000000000005,lm060_ls040_le000,0.48,0.37,0.15,0.6,0.4,0.0
beta_conditioned,/mnt/share/nas/Yoo/Tracer/TRACER-ICRA27/results/icra27/phase1a_beta_conditioned_v4_seed27027/checkpoint_update_0030.pt,tracer_cost_v4,tracer_cost_v4,rough,rough_perlin,41,success,True,5,True,False,0,38,1.7987216025400643,0.14708142523040277,1.6516401773096616,7.6,205.4504219496559,7.6,0.22834865504775304,0.06048245819434064,0.6186862636655391,8.677248891814616,2.2983334113849443,23.51007801929049,0.21732107596179762,1.2373725273310785,0.008673682421395794,0.06421992279338087,0.02146710641682148,0.12244804948568344,0.07145676801079198,0.017472513157132965,-0.0367774259004938,0.2142913536021584,0.0069890052628531875,0.2977933544459703,0.060000000000000005,0.2142913536021584,0.0069890052628531875,0.2977933544459703,0.060000000000000005,lm060_ls040_le000,0.48,0.37,0.15,0.6,0.4,0.0
beta_conditioned,/mnt/share/nas/Yoo/Tracer/TRACER-ICRA27/results/icra27/phase1a_beta_conditioned_v4_seed27027/checkpoint_update_0030.pt,tracer_cost_v4,tracer_cost_v4,rough,rough_perlin,42,success,True,5,True,False,0,39,1.8071922941581364,0.12126404476912979,1.6859282493890067,7.800000000000001,210.27121391734366,7.800000000000001,0.2298191908030438,0.09282824100161438,0.6169674437686938,8.962948441318709,3.620301399062961,24.061730306979058,0.21614464735756492,1.2339348875373877,0.0058019805149806146,0.07811955029231837,0.022614097222685814,0.10776497423648834,0.07088860124349594,0.01937764576779535,-0.03296499852186594,0.2141777202486992,0.007751058307118142,0.29802210008868807,0.060000000000000005,0.2141777202486992,0.007751058307118142,0.29802210008868807,0.060000000000000005,lm060_ls040_le000,0.48,0.37,0.15,0.6,0.4,0.0
beta_conditioned,/mnt/share/nas/Yoo/Tracer/TRACER-ICRA27/results/icra27/phase1a_beta_conditioned_v4_seed27027/checkpoint_update_0030.pt,tracer_cost_v4,tracer_cost_v4,rough,rough_perlin,43,time_limit,True,5,False,False,0,50,1.7855203722366515,0.46410886879322705,1.3214115034434244,10.0,276.8196903237449,10.0,0.334823562069572,0.12800378987287991,0.6335399513934147,16.7411781034786,6.400189493643996,31.676997569670736,0.13214115034434243,1.2670799027868294,0.012171177647244805,0.0920196972845839,0.02716163732111454,0.17760087549686432,0.06180568143725395,0.018890846545691602,-0.04169477954506874,0.2123611362874508,0.007556338618276643,0.29749831322729586,0.06,0.2123611362874508,0.007556338618276643,0.29749831322729586,0.06,lm060_ls040_le000,0.48,0.37,0.15,0.6,0.4,0.0
beta_conditioned,/mnt/share/nas/Yoo/Tracer/TRACER-ICRA27/results/icra27/phase1a_beta_conditioned_v4_seed27027/checkpoint_update_0030.pt,tracer_cost_v4,tracer_cost_v4,rough,rough_perlin,44,success,True,5,True,False,0,38,1.8017616156772887,0.10706744166510843,1.6946941740121801,7.6,217.05464957711413,7.6,0.22126740559010197,0.12478922321655112,0.6536308316319942,8.408161412423874,4.7419904822289425,24.83797160201578,0.22298607552791844,1.3072616632639882,0.0077159312918485936,0.08548025516145362,0.019077211618423462,0.1892903745174408,0.07087156803984392,0.017689411820978614,-0.034541963256503404,0.2141743136079688,0.007075764728391445,0.29792748220460985,0.060000000000000005,0.2141743136079688,0.007075764728391445,0.29792748220460985,0.060000000000000005,lm060_ls040_le000,0.48,0.37,0.15,0.6,0.4,0.0
beta_conditioned,/mnt/share/nas/Yoo/Tracer/TRACER-ICRA27/results/icra27/phase1a_beta_conditioned_v4_seed27027/checkpoint_update_0030.pt,tracer_cost_v4,tracer_cost_v4,rough,rough_perlin,45,success,True,5,True,False,0,39,1.8070449992102737,0.11824863560474794,1.6887963636055259,7.800000000000001,209.52157072043534,7.800000000000001,0.22935955711449912,0.050317428698005345,0.6147678776068847,8.945022727465465,1.9623797192222086,23.975947226668502,0.21651235430840068,1.229535755213769,0.009059955219409412,0.05763141527973092,0.025409908965229988,0.13121086359024048,0.07051361982639019,0.017046347172417414,-0.03636875576697863,0.21410272396527802,0.006818538868966965,0.29781787465398124,0.060000000000000005,0.21410272396527802,0.006818538868966965,0.29781787465398124,0.060000000000000005,lm060_ls040_le000,0.48,0.37,0.15,0.6,0.4,0.0
beta_conditioned,/mnt/share/nas/Yoo/Tracer/TRACER-ICRA27/results/icra27/phase1a_beta_conditioned_v4_seed27027/checkpoint_update_0030.pt,tracer_cost_v4,tracer_cost_v4,rough,rough_perlin,46,success,True,5,True,False,0,41,1.8004478384078573,0.13924353246046753,1.6612043059473898,8.200000000000001,213.6872609398216,8.200000000000001,0.24676763628850767,0.04943516261687165,0.5964057314571551,10.117473087828815,2.0268416672917375,24.452634989743363,0.20258589096919383,1.1928114629143103,0.009755519791274382,0.04230435650417121,0.0213160440325737,0.08320882171392441,0.06980550816146339,0.016945516463459993,-0.038302649721139816,0.21396110163229276,0.006778206585383997,0.2977018410167316,0.06,0.21396110163229276,0.006778206585383997,0.2977018410167316,0.06,lm060_ls040_le000,0.48,0.37,0.15,0.6,0.4,0.0
beta_conditioned,/mnt/share/nas/Yoo/Tracer/TRACER-ICRA27/results/icra27/phase1a_beta_conditioned_v4_seed27027/checkpoint_update_0030.pt,tracer_cost_v4,tracer_cost_v4,rough,rough_perlin,47,success,True,5,True,False,0,38,1.8135544038673177,0.14283586304289603,1.6707185408244216,7.6,225.92176100272374,7.6,0.22521076631177275,0.11911736588236209,0.6803329429509024,8.558009119847364,4.5264599035297595,25.852651832134292,0.21983138695058185,1.3606658859018055,0.011298304877149728,0.07967725764688038,0.022409511730074883,0.14612805843353271,0.07147718318983128,0.018659570766766064,-0.033816665116893616,0.2142954366379663,0.007463828306706427,0.2979710000929864,0.060000000000000005,0.2142954366379663,0.007463828306706427,0.2979710000929864,0.060000000000000005,lm060_ls040_le000,0.48,0.37,0.15,0.6,0.4,0.0
beta_conditioned,/mnt/share/nas/Yoo/Tracer/TRACER-ICRA27/results/icra27/phase1a_beta_conditioned_v4_seed27027/checkpoint_update_0030.pt,tracer_cost_v4,tracer_cost_v4,rough,rough_perlin,30,success,True,5,True,False,0,38,1.8091958132882031,0.14491696898102516,1.6642788443071779,7.6,212.79684699353152,7.6,0.22626992692316156,0.04417708337101994,0.6408090328405187,8.59825722308014,1.6787291680987577,24.35074324793971,0.2189840584614708,1.2816180656810379,0.009215688849954344,0.04672256481475571,0.02034991979598999,0.10206190496683121,0.06743124656771358,0.0206415994540102,-0.02949569646367117,0.2134862493135427,0.00825663978160408,0.2982302582121797,0.060000000000000005,0.2134862493135427,0.00825663978160408,0.2982302582121797,0.060000000000000005,lm060_ls020_le020,0.48,0.26,0.26,0.6,0.2,0.2
beta_conditioned,/mnt/share/nas/Yoo/Tracer/TRACER-ICRA27/results/icra27/phase1a_beta_conditioned_v4_seed27027/checkpoint_update_0030.pt,tracer_cost_v4,tracer_cost_v4,rough,rough_perlin,31,success,True,5,True,False,0,37,1.8024137735751302,0.1487567131718174,1.6536570604033127,7.4,211.01393429603522,7.4,0.22066603709403507,0.11272755533127028,0.6526140863834203,8.164643372479297,4.170919547257,24.14672119618655,0.22346717032477192,1.3052281727668409,0.006042018435025519,0.08123492075853135,0.017824526876211166,0.12757444381713867,0.06651014311088098,0.01974647826313771,-0.03069746438917276,0.2133020286221762,0.007898591305255085,0.2981581521366496,0.060000000000000005,0.2133020286221762,0.007898591305255085,0.2981581521366496,0.060000000000000005,lm060_ls020_le020,0.48,0.26,0.26,0.6,0.2,0.2
beta_conditioned,/mnt/share/nas/Yoo/Tracer/TRACER-ICRA27/results/icra27/phase1a_beta_conditioned_v4_seed27027/checkpoint_update_0030.pt,tracer_cost_v4,tracer_cost_v4,rough,rough_perlin,32,success,True,5,True,False,0,39,1.802586193737586,0.1397004543246011,1.6628857394129848,7.800000000000001,198.73025226831098,7.800000000000001,0.23351190073509856,0.03033137658204525,0.5831045222846565,9.106964128668844,1.1829236866997648,22.741076369101602,0.2131904794119211,1.166209044569313,0.00900170187377607,0.04094745483819279,0.034684762358665466,0.07107225060462952,0.06712877845916992,0.018540758824644562,-0.032204594678030565,0.21342575569183397,0.007416303529857826,0.29806772431931816,0.060000000000000005,0.21342575569183397,0.007416303529857826,0.29806772431931816,0.060000000000000005,lm060_ls020_le020,0.48,0.26,0.26,0.6,0.2,0.2
beta_conditioned,/mnt/share/nas/Yoo/Tracer/TRACER-ICRA27/results/icra27/phase1a_beta_conditioned_v4_seed27027/checkpoint_update_0030.pt,tracer_cost_v4,tracer_cost_v4,rough,rough_perlin,33,success,True,5,True,False,0,38,1.8144236733210037,0.10893274660165835,1.7054909267193454,7.6,215.02385549692326,7.6,0.21949162389484456,0.10684533320555258,0.6475153688851943,8.340681708004093,4.060122661810998,24.605584017637387,0.22440670088412437,1.2950307377703891,0.006886269853486222,0.0825612289879123,0.016390202566981316,0.17891138792037964,0.0674696276454549,0.020116053214511147,-0.029988570163320554,0.21349392552909102,0.00804642128580446,0.2982006857902007,0.060000000000000005,0.21349392552909102,0.00804642128580446,0.2982006857902007,0.060000000000000005,lm060_ls020_le020,0.48,0.26,0.26,0.6,0.2,0.2
beta_conditioned,/mnt/share/nas/Yoo/Tracer/TRACER-ICRA27/results/icra27/phase1a_beta_conditioned_v4_seed27027/checkpoint_update_0030.pt,tracer_cost_v4,tracer_cost_v4,rough,rough_perlin,34,m4,True,5,False,True,1,9,1.8006155508699786,1.3866951124685611,0.41392043840141746,1.701999999999924,108.25742797241554,1.701999999999924,0.1982435298873615,0.849900445079943,1.3764556667717238,1.7841917689862534,7.6491040057194875,12.388101000945515,0.2414051760901108,3.600665722412188,0.019138404173204785,0.16112849506386268,0.02869567647576332,0.26384472846984863,0.06486098385519451,0.03597236590252982,-0.01483350195404556,0.2129721967710389,0.014388946361011928,0.2991099898827572,0.060000000000000005,0.2129721967710389,0.014388946361011928,0.2991099898827572,0.060000000000000005,lm060_ls020_le020,0.48,0.26,0.26,0.6,0.2,0.2
beta_conditioned,/mnt/share/nas/Yoo/Tracer/TRACER-ICRA27/results/icra27/phase1a_beta_conditioned_v4_seed27027/checkpoint_update_0030.pt,tracer_cost_v4,tracer_cost_v4,rough,rough_perlin,35,success,True,5,True,False,0,39,1.8310988114736846,0.11795981711001814,1.7131389943636663,7.800000000000001,235.80420668224397,7.800000000000001,0.22545849449300215,0.17215871736119642,0.6918850940948936,8.792881285227084,6.714189977086661,26.98351866970085,0.21963320440559825,1.3837701881897873,0.011593424173594784,0.08818168684921503,0.03166692703962326,0.1544339656829834,0.06711738174542403,0.02061263818326645,-0.029591477547700588,0.2134234763490848,0.008245055273306582,0.2982245113471379,0.060000000000000005,0.2134234763490848,0.008245055273306582,0.2982245113471379,0.060000000000000005,lm060_ls020_le020,0.48,0.26,0.26,0.6,0.2,0.2
beta_conditioned,/mnt/share/nas/Yoo/Tracer/TRACER-ICRA27/results/icra27/phase1a_beta_conditioned_v4_seed27027/checkpoint_update_0030.pt,tracer_cost_v4,tracer_cost_v4,rough,rough_perlin,36,success,True,5,True,False,0,39,1.8339173015102326,0.144138055234029,1.6897792462762036,7.800000000000001,215.03248437455667,7.800000000000001,0.22920204386599308,0.06057571017579772,0.6309377291365846,8.93887971077373,2.3624526968561113,24.6065714363268,0.21663836490720556,1.2618754582731693,0.011993428639664468,0.06266154897931579,0.035942886024713516,0.17760033905506134,0.06825320795178413,0.020024051916642256,-0.03004049502599698,0.21365064159035688,0.008009620766656907,0.29819757029844013,0.060000000000000005,0.21365064159035688,0.008009620766656907,0.29819757029844013,0.060000000000000005,lm060_ls020_le020,0.48,0.26,0.26,0.6,0.2,0.2
beta_conditioned,/mnt/share/nas/Yoo/Tracer/TRACER-ICRA27/results/icra27/phase1a_beta_conditioned_v4_seed27027/checkpoint_update_0030.pt,tracer_cost_v4,tracer_cost_v4,rough,rough_perlin,37,success,True,5,True,False,0,39,1.830505723311209,0.12789134031982202,1.702614382991387,7.800000000000001,231.73636915569307,7.800000000000001,0.22714513093086752,0.13769635248440626,0.6799494454929454,8.858660106303834,5.370157746891844,26.518028374224873,0.21828389525530598,1.3598988909858907,0.008512944400159168,0.08626753789790895,0.023449959233403206,0.14553305506706238,0.06926273115170307,0.020768446346315052,-0.03005870818518675,0.21385254623034058,0.008307378538526021,0.2981964775088887,0.060000000000000005,0.21385254623034058,0.008307378538526021,0.2981964775088887,0.060000000000000005,lm060_ls020_le020,0.48,0.26,0.26,0.6,0.2,0.2
beta_conditioned,/mnt/share/nas/Yoo/Tracer/TRACER-ICRA27/results/icra27/phase1a_beta_conditioned_v4_seed27027/checkpoint_update_0030.pt,tracer_cost_v4,tracer_cost_v4,rough,rough_perlin,38,success,True,5,True,False,0,37,1.7964071418518759,0.1361803790786078,1.660226762773268,7.4,242.87125792706485,7.4,0.21955629007208313,0.250198545584845,0.751140935927479,8.123582732667076,9.257346186639266,27.79221462931672,0.2243549679423335,1.5022818718549578,0.007417111693869078,0.12315092237090129,0.017804546281695366,0.2438540756702423,0.06568892561906092,0.019951031472521356,-0.03029595159396932,0.2131377851238122,0.007980412589008544,0.2981822429043619,0.060000000000000005,0.2131377851238122,0.007980412589008544,0.2981822429043619,0.060000000000000005,lm060_ls020_le020,0.48,0.26,0.26,0.6,0.2,0.2
beta_conditioned,/mnt/share/nas/Yoo/Tracer/TRACER-ICRA27/results/icra27/phase1a_beta_conditioned_v4_seed27027/checkpoint_update_0030.pt,tracer_cost_v4,tracer_cost_v4,rough,rough_perlin,39,success,True,5,True,False,0,41,1.8828988144571281,0.1275114860595793,1.755387328397549,8.200000000000001,220.62760453884957,8.200000000000001,0.232410468232081,0.17736660356765624,0.6157763793962848,9.528829197515321,7.272030746273906,25.246831555247677,0.21407162541433522,1.2315527587925696,0.012548020866357713,0.08713203702595318,0.034517910331487656,0.1586020141839981,0.07125408365959074,0.018760237036409173,-0.032852513624764074,0.21425081673191818,0.00750409481456367,0.29802884918251416,0.06,0.21425081673191818,0.00750409481456367,0.29802884918251416,0.06,lm060_ls020_le020,0.48,0.26,0.26,0.6,0.2,0.2
beta_conditioned,/mnt/share/nas/Yoo/Tracer/TRACER-ICRA27/results/icra27/phase1a_beta_conditioned_v4_seed27027/checkpoint_update_0030.pt,tracer_cost_v4,tracer_cost_v4,rough,rough_perlin,40,success,True,5,True,False,0,39,1.8015716684441132,0.12816250848720692,1.6734091599569063,7.800000000000001,210.51243010966752,7.800000000000001,0.23182545513511116,0.09032597472916451,0.6176752084446145,9.041192750269335,3.5227130144374157,24.089333129339966,0.2145396358919111,1.235350416889229,0.006511290906546227,0.07535507616825214,0.018696626648306847,0.1495973914861679,0.0674184640057576,0.018712837854251027,-0.03284919796845852,0.2134836928011515,0.00748513514170041,0.2980290481218924,0.060000000000000005,0.2134836928011515,0.00748513514170041,0.2980290481218924,0.060000000000000005,lm060_ls020_le020,0.48,0.26,0.26,0.6,0.2,0.2
beta_conditioned,/mnt/share/nas/Yoo/Tracer/TRACER-ICRA27/results/icra27/phase1a_beta_conditioned_v4_seed27027/checkpoint_update_0030.pt,tracer_cost_v4,tracer_cost_v4,rough,rough_perlin,41,success,True,5,True,False,0,39,1.7987216025400643,0.11853594987331141,1.680185652666753,7.800000000000001,207.88309941501907,7.800000000000001,0.23073947873930245,0.0588158744945512,0.6099603557680257,8.998839670832796,2.293819105287497,23.788453874953,0.21540841700855806,1.2199207115360513,0.008341287556758411,0.06337407901690187,0.021948710083961487,0.11988912522792816,0.06747532206086013,0.018574046794898234,-0.03291611096415764,0.21349506441217203,0.007429618717959294,0.2980250333421506,0.060000000000000005,0.21349506441217203,0.007429618717959294,0.2980250333421506,0.060000000000000005,lm060_ls020_le020,0.48,0.26,0.26,0.6,0.2,0.2
beta_conditioned,/mnt/share/nas/Yoo/Tracer/TRACER-ICRA27/results/icra27/phase1a_beta_conditioned_v4_seed27027/checkpoint_update_0030.pt,tracer_cost_v4,tracer_cost_v4,rough,rough_perlin,42,success,True,5,True,False,0,39,1.8071922941581364,0.12113643724612379,1.6860558569120125,7.800000000000001,210.4284482516376,7.800000000000001,0.22979874087948515,0.09466228017992474,0.617428793011392,8.96215089429992,3.691828927017065,24.079722927444287,0.21616100729641183,1.2348575860227837,0.0060139778686571985,0.07814917423278146,0.02267634868621826,0.108613982796669,0.06622481842835744,0.021514001021830317,-0.02823040928118504,0.21324496368567147,0.00860560040873213,0.29830617544312876,0.060000000000000005,0.21324496368567147,0.00860560040873213,0.29830617544312876,0.060000000000000005,lm060_ls020_le020,0.48,0.26,0.26,0.6,0.2,0.2
beta_conditioned,/mnt/share/nas/Yoo/Tracer/TRACER-ICRA27/results/icra27/phase1a_beta_conditioned_v4_seed27027/checkpoint_update_0030.pt,tracer_cost_v4,tracer_cost_v4,rough,rough_perlin,43,time_limit,True,5,False,False,0,50,1.7855203722366515,0.46977916604644177,1.3157412061902098,10.0,276.9910851792216,10.0,0.3355323492262238,0.12700690009925736,0.6339322121039184,16.77661746131119,6.350345004962867,31.696610605195918,0.13157412061902096,1.267864424207837,0.012128141614442374,0.09221861289617035,0.026591749861836433,0.17711402475833893,0.06021113678812981,0.018920964363496752,-0.038962889611721035,0.212042227357626,0.0075683857453987015,0.2976622266232967,0.06,0.212042227357626,0.0075683857453987015,0.2976622266232967,0.06,lm060_ls020_le020,0.48,0.26,0.26,0.6,0.2,0.2
beta_conditioned,/mnt/share/nas/Yoo/Tracer/TRACER-ICRA27/results/icra27/phase1a_beta_conditioned_v4_seed27027/checkpoint_update_0030.pt,tracer_cost_v4,tracer_cost_v4,rough,rough_perlin,44,success,True,5,True,False,0,38,1.8017616156772887,0.10762792661250975,1.694133689064779,7.6,217.69477192914357,7.6,0.2213595906143456,0.10540093007162636,0.6555584738461482,8.411664443345133,4.005235342721802,24.91122200615363,0.22291232750852355,1.3111169476922964,0.007722847417891907,0.08427250346299037,0.019031653180718422,0.18923413753509521,0.0665467775573856,0.01973001520903046,-0.030028238083775107,0.21330935551147712,0.007892006083612183,0.2981983057149734,0.060000000000000005,0.21330935551147712,0.007892006083612183,0.2981983057149734,0.060000000000000005,lm060_ls020_le020,0.48,0.26,0.26,0.6,0.2,0.2
beta_conditioned,/mnt/share/nas/Yoo/Tracer/TRACER-ICRA27/results/icra27/phase1a_beta_conditioned_v4_seed27027/checkpoint_update_0030.pt,tracer_cost_v4,tracer_cost_v4,rough,rough_perlin,45,success,True,5,True,False,0,39,1.8070449992102737,0.12533348821126863,1.681711510999005,7.800000000000001,207.26060071954947,7.800000000000001,0.23049495016041588,0.04905591794930524,0.6081338507427386,8.989303056256219,1.9131808000229045,23.717220178966805,0.2156040398716673,1.216267701485477,0.00861808461398463,0.05672390135405708,0.022430242970585823,0.12869130074977875,0.06667042523622513,0.01846769738357323,-0.032009307748805255,0.21333408504724502,0.007387078953429293,0.2980794415350717,0.060000000000000005,0.21333408504724502,0.007387078953429293,0.2980794415350717,0.060000000000000005,lm060_ls020_le020,0.48,0.26,0.26,0.6,0.2,0.2
beta_conditioned,/mnt/share/nas/Yoo/Tracer/TRACER-ICRA27/results/icra27/phase1a_beta_conditioned_v4_seed27027/checkpoint_update_0030.pt,tracer_cost_v4,tracer_cost_v4,rough,rough_perlin,46,success,True,5,True,False,0,41,1.8004478384078573,0.1431703706145379,1.6572774677933193,8.200000000000001,213.19216576371542,8.200000000000001,0.24736623966565258,0.04932899468497327,0.595023910194868,10.142015826291756,2.022488782083904,24.39598031798959,0.20210700826747793,1.190047820389736,0.009649978493652529,0.04245528872044841,0.021615540608763695,0.08243535459041595,0.06658016808512734,0.018014288538635324,-0.034344481395148646,0.2133160336170255,0.007205715415454129,0.29793933111629106,0.06,0.2133160336170255,0.007205715415454129,0.29793933111629106,0.06,lm060_ls020_le020,0.48,0.26,0.26,0.6,0.2,0.2
beta_conditioned,/mnt/share/nas/Yoo/Tracer/TRACER-ICRA27/results/icra27/phase1a_beta_conditioned_v4_seed27027/checkpoint_update_0030.pt,tracer_cost_v4,tracer_cost_v4,rough,rough_perlin,47,success,True,5,True,False,0,38,1.8135544038673177,0.14522987063324233,1.6683245332340753,7.6,225.28441607590364,7.6,0.225604517560185,0.12028695775318726,0.6784136645785409,8.57297166728703,4.570904394621116,25.779719253984556,0.21951638595185208,1.3568273291570825,0.01113559149161722,0.07881854607577668,0.02276352420449257,0.146661639213562,0.06696897980413939,0.020737734365914213,-0.02923563029617071,0.21339379596082786,0.008295093746365684,0.2982458621822297,0.060000000000000005,0.21339379596082786,0.008295093746365684,0.2982458621822297,0.060000000000000005,lm060_ls020_le020,0.48,0.26,0.26,0.6,0.2,0.2
beta_conditioned,/mnt/share/nas/Yoo/Tracer/TRACER-ICRA27/results/icra27/phase1a_beta_conditioned_v4_seed27027/checkpoint_update_0030.pt,tracer_cost_v4,tracer_cost_v4,rough,rough_perlin,30,success,True,5,True,False,0,38,1.8091958132882031,0.14990973273124877,1.6592860805569543,7.6,213.58785951523916,7.6,0.22709110517155362,0.04415303851696598,0.643191060469977,8.629461996519037,1.6778154636447073,24.441260297859127,0.2183271158627571,1.2863821209399544,0.009062609812088441,0.046599570108459706,0.018446285277605057,0.10043203085660934,0.06259994963674169,0.022684880342383525,-0.02471504012416852,0.21251998992734836,0.00907395213695341,0.2985170975925499,0.060000000000000005,0.21251998992734836,0.00907395213695341,0.2985170975925499,0.060000000000000005,lm060_ls000_le040,0.48,0.15,0.37,0.6,0.0,0.4
beta_conditioned,/mnt/share/nas/Yoo/Tracer/TRACER-ICRA27/results/icra27/phase1a_beta_conditioned_v4_seed27027/checkpoint_update_0030.pt,tracer_cost_v4,tracer_cost_v4,rough,rough_perlin,31,success,True,5,True,False,0,38,1.8024137735751302,0.10791169247761183,1.6945020810975184,7.6,215.20941237835845,7.6,0.22129899981948709,0.11097897376360139,0.648074148432022,8.409361993140509,4.217201003016853,24.62681764041684,0.2229608001444103,1.2961482968640443,0.006051780683451447,0.08061108728088362,0.01764620654284954,0.12782229483127594,0.061878311692884096,0.021054170425295046,-0.026546719655590623,0.21237566233857683,0.008421668170118019,0.2984071968206645,0.060000000000000005,0.21237566233857683,0.008421668170118019,0.2984071968206645,0.060000000000000005,lm060_ls000_le040,0.48,0.15,0.37,0.6,0.0,0.4
beta_conditioned,/mnt/share/nas/Yoo/Tracer/TRACER-ICRA27/results/icra27/phase1a_beta_conditioned_v4_seed27027/checkpoint_update_0030.pt,tracer_cost_v4,tracer_cost_v4,rough,rough_perlin,32,success,True,5,True,False,0,39,1.802586193737586,0.14678570397918766,1.6558004897583984,7.800000000000001,197.90317561738303,7.800000000000001,0.23464735741051315,0.02970406040654282,0.5806777546942796,9.151246939010013,1.15845835585517,22.646432433076907,0.21228211407158953,1.1613555093885595,0.008770731122402104,0.04097011427148699,0.03434178978204727,0.07090771943330765,0.06281847411241287,0.02010345892407573,-0.027586034522988856,0.2125636948224826,0.008041383569630293,0.2983448379286207,0.060000000000000005,0.2125636948224826,0.008041383569630293,0.2983448379286207,0.060000000000000005,lm060_ls000_le040,0.48,0.15,0.37,0.6,0.0,0.4
beta_conditioned,/mnt/share/nas/Yoo/Tracer/TRACER-ICRA27/results/icra27/phase1a_beta_conditioned_v4_seed27027/checkpoint_update_0030.pt,tracer_cost_v4,tracer_cost_v4,rough,rough_perlin,33,success,True,5,True,False,0,38,1.8144236733210037,0.11615404507894687,1.6982696282420569,7.6,215.39096193063148,7.6,0.22067933746018803,0.10651864996714376,0.6486208604470184,8.385814823487145,4.047708698751463,24.6475926969867,0.2234565300318496,1.297241720894037,0.006615220615702273,0.0823173319912171,0.0165236983448267,0.17867854237556458,0.06270401944455348,0.022190800500347427,-0.02519109215293276,0.21254080388891067,0.00887632020013897,0.2984885344708241,0.060000000000000005,0.21254080388891067,0.00887632020013897,0.2984885344708241,0.060000000000000005,lm060_ls000_le040,0.48,0.15,0.37,0.6,0.0,0.4
beta_conditioned,/mnt/share/nas/Yoo/Tracer/TRACER-ICRA27/results/icra27/phase1a_beta_conditioned_v4_seed27027/checkpoint_update_0030.pt,tracer_cost_v4,tracer_cost_v4,rough,rough_perlin,34,m4,True,5,False,True,1,9,1.8006155508699786,1.388512406926772,0.4121031439432066,1.6999999999999242,107.40495782007375,1.6999999999999242,0.19927061132844948,0.9786980718944138,1.3656168043128487,1.7934355019560453,8.808282647049724,12.290551238815638,0.2405835109372404,3.6021631431296077,0.018773153176190466,0.16088550851108888,0.027270961552858353,0.2625184655189514,0.05955913331773546,0.03701266646385193,-0.010497608377287785,0.21191182666354713,0.014805066585540773,0.29937014349736274,0.060000000000000005,0.21191182666354713,0.014805066585540773,0.29937014349736274,0.060000000000000005,lm060_ls000_le040,0.48,0.15,0.37,0.6,0.0,0.4
beta_conditioned,/mnt/share/nas/Yoo/Tracer/TRACER-ICRA27/results/icra27/phase1a_beta_conditioned_v4_seed27027/checkpoint_update_0030.pt,tracer_cost_v4,tracer_cost_v4,rough,rough_perlin,35,success,True,5,True,False,0,39,1.8310988114736846,0.12628917893470518,1.7048096325389794,7.800000000000001,232.6325820664273,7.800000000000001,0.22679332811875333,0.17101507925490486,0.6825790692931177,8.84493979663138,6.669588090941289,26.620583702431592,0.21856533750499735,1.3651581385862357,0.011217486634352866,0.08745216491745036,0.03219561651349068,0.15573711693286896,0.062379689839405894,0.02255676050658505,-0.024879775607050993,0.21247593796788117,0.009022704202634018,0.29850721346357695,0.060000000000000005,0.21247593796788117,0.009022704202634018,0.29850721346357695,0.060000000000000005,lm060_ls000_le040,0.48,0.15,0.37,0.6,0.0,0.4
beta_conditioned,/mnt/share/nas/Yoo/Tracer/TRACER-ICRA27/results/icra27/phase1a_beta_conditioned_v4_seed27027/checkpoint_update_0030.pt,tracer_cost_v4,tracer_cost_v4,rough,rough_perlin,36,success,True,5,True,False,0,40,1.8339173015102326,0.11576181070217466,1.7181554908080579,8.0,217.7706583352179,8.0,0.23153820456124094,0.061299102557730724,0.6229976457565755,9.261528182449638,2.451964102309229,24.91990583026302,0.21476943635100723,1.245995291513151,0.011286133860422754,0.06348601291933192,0.03473605960607529,0.17762865126132965,0.06351174684241415,0.021544242395611944,-0.025651393458247185,0.21270234936848284,0.008617696958244778,0.2984609163925051,0.06,0.21270234936848284,0.008617696958244778,0.2984609163925051,0.06,lm060_ls000_le040,0.48,0.15,0.37,0.6,0.0,0.4
beta_conditioned,/mnt/share/nas/Yoo/Tracer/TRACER-ICRA27/results/icra27/phase1a_beta_conditioned_v4_seed27027/checkpoint_update_0030.pt,tracer_cost_v4,tracer_cost_v4,rough,rough_perlin,37,success,True,5,True,False,0,39,1.830505723311209,0.1352524536557229,1.695253269655486,7.800000000000001,231.58075468193476,7.800000000000001,0.22832479652956955,0.13473146821663756,0.6794928491652816,8.904667064653212,5.254527260448865,26.500221117445985,0.21734016277634438,1.3589856983305633,0.008344688603656855,0.08632361143617524,0.022930298000574112,0.14573846757411957,0.06432370096445084,0.022886920183037337,-0.025177763177989386,0.21286474019289023,0.009154768073214933,0.29848933420932067,0.060000000000000005,0.21286474019289023,0.009154768073214933,0.29848933420932067,0.060000000000000005,lm060_ls000_le040,0.48,0.15,0.37,0.6,0.0,0.4
beta_conditioned,/mnt/share/nas/Yoo/Tracer/TRACER-ICRA27/results/icra27/phase1a_beta_conditioned_v4_seed27027/checkpoint_update_0030.pt,tracer_cost_v4,tracer_cost_v4,rough,rough_perlin,38,success,True,5,True,False,0,38,1.7964071418518759,0.11513687805906217,1.6812702637928136,7.6,247.60224875256853,7.6,0.22347528556039248,0.24608394447271578,0.7456208106179976,8.492060851294914,9.3511898899632,28.333590803483908,0.22121977155168607,1.4912416212359951,0.00817523597362958,0.12224214774996044,0.019398177042603493,0.24532845616340637,0.061090628273392976,0.02115055592117929,-0.026121517863908882,0.21221812565467862,0.008460222368471718,0.29843270892816554,0.060000000000000005,0.21221812565467862,0.008460222368471718,0.29843270892816554,0.060000000000000005,lm060_ls000_le040,0.48,0.15,0.37,0.6,0.0,0.4
beta_conditioned,/mnt/share/nas/Yoo/Tracer/TRACER-ICRA27/results/icra27/phase1a_beta_conditioned_v4_seed27027/checkpoint_update_0030.pt,tracer_cost_v4,tracer_cost_v4,rough,rough_perlin,39,success,True,5,True,False,0,41,1.8828988144571281,0.11503910104523683,1.7678597134118914,8.200000000000001,234.39578268431583,8.200000000000001,0.23050919002867515,0.14646259169881085,0.6542036600940879,9.45087679117568,6.004966259651245,26.822350063857606,0.2155926479770599,1.308407320188176,0.01245721069238265,0.08948157939774856,0.034270964562892914,0.15890102088451385,0.06665391983782373,0.020470002216071162,-0.028219332850379187,0.21333078396756472,0.008188000886428466,0.2983068400289772,0.06,0.21333078396756472,0.008188000886428466,0.2983068400289772,0.06,lm060_ls000_le040,0.48,0.15,0.37,0.6,0.0,0.4
beta_conditioned,/mnt/share/nas/Yoo/Tracer/TRACER-ICRA27/results/icra27/phase1a_beta_conditioned_v4_seed27027/checkpoint_update_0030.pt,tracer_cost_v4,tracer_cost_v4,rough,rough_perlin,40,success,True,5,True,False,0,39,1.8015716684441132,0.13668682696853413,1.664884841475579,7.800000000000001,209.08215661873217,7.800000000000001,0.23319153181481106,0.08683090203735547,0.6134785703829758,9.094469740777631,3.386405179456863,23.92566424493606,0.21344677454815114,1.2269571407659516,0.006438361825540488,0.07420461033414,0.01702747866511345,0.1469697803258896,0.06312650069594383,0.020225480880934555,-0.028248758485110905,0.21262530013918882,0.008090192352373822,0.2983050744908934,0.060000000000000005,0.21262530013918882,0.008090192352373822,0.2983050744908934,0.060000000000000005,lm060_ls000_le040,0.48,0.15,0.37,0.6,0.0,0.4
beta_conditioned,/mnt/share/nas/Yoo/Tracer/TRACER-ICRA27/results/icra27/phase1a_beta_conditioned_v4_seed27027/checkpoint_update_0030.pt,tracer_cost_v4,tracer_cost_v4,rough,rough_perlin,41,success,True,5,True,False,0,39,1.7987216025400643,0.12572086965143375,1.6730007328886305,7.800000000000001,207.83100168924727,7.800000000000001,0.23189090819092464,0.058941708263885464,0.6098074931859498,9.043745419446061,2.2987266222915332,23.782492234252043,0.21448727344726032,1.2196149863719,0.00814350579881658,0.06348713414173854,0.02183409035205841,0.12335853278636932,0.06322823082789397,0.019964460646942593,-0.02837446604210597,0.21264564616557885,0.007985784258777036,0.29829753203747367,0.060000000000000005,0.21264564616557885,0.007985784258777036,0.29829753203747367,0.060000000000000005,lm060_ls000_le040,0.48,0.15,0.37,0.6,0.0,0.4
beta_conditioned,/mnt/share/nas/Yoo/Tracer/TRACER-ICRA27/results/icra27/phase1a_beta_conditioned_v4_seed27027/checkpoint_update_0030.pt,tracer_cost_v4,tracer_cost_v4,rough,rough_perlin,42,success,True,5,True,False,0,39,1.8071922941581364,0.11732899307745312,1.6898633010806834,7.800000000000001,209.2643125951146,7.800000000000001,0.22918857354476233,0.09375957452388331,0.6140130434809438,8.938354368245731,3.656623406431449,23.946508695756805,0.21664914116419018,1.228026086961887,0.0061002712495678455,0.07795850806185209,0.02277965657413006,0.10956943780183792,0.06136736015860851,0.023433635656077128,-0.02352071620332889,0.21227347203172173,0.009373454262430853,0.2985887570278003,0.060000000000000005,0.21227347203172173,0.009373454262430853,0.2985887570278003,0.060000000000000005,lm060_ls000_le040,0.48,0.15,0.37,0.6,0.0,0.4
beta_conditioned,/mnt/share/nas/Yoo/Tracer/TRACER-ICRA27/results/icra27/phase1a_beta_conditioned_v4_seed27027/checkpoint_update_0030.pt,tracer_cost_v4,tracer_cost_v4,rough,rough_perlin,43,time_limit,True,5,False,False,0,50,1.7855203722366515,0.47063770606905636,1.3148826661675952,10.0,276.0649502986986,10.0,0.33563966672905066,0.12789191627123728,0.6318126249946918,16.781983336452534,6.394595813561864,31.59063124973459,0.1314882666167595,1.2636252499893839,0.012034767187178767,0.0922939989664521,0.026323560625314713,0.17652347683906555,0.058053934536874297,0.019136177238542586,-0.03584798119962215,0.21161078690737486,0.007654470895417035,0.2978491211280227,0.06,0.21161078690737486,0.007654470895417035,0.2978491211280227,0.06,lm060_ls000_le040,0.48,0.15,0.37,0.6,0.0,0.4
beta_conditioned,/mnt/share/nas/Yoo/Tracer/TRACER-ICRA27/results/icra27/phase1a_beta_conditioned_v4_seed27027/checkpoint_update_0030.pt,tracer_cost_v4,tracer_cost_v4,rough,rough_perlin,44,success,True,5,True,False,0,38,1.8017616156772887,0.11003192061331651,1.6917296950639722,7.6,217.01991024499833,7.6,0.22175498436447827,0.10450140371734917,0.6535262188140452,8.426689405850174,3.971053341259269,24.833996314933717,0.22259601250841743,1.3070524376280905,0.0075683454434652304,0.08406506116430515,0.01903197541832924,0.1891588568687439,0.06188347161208328,0.021796479747679672,-0.025322734390532498,0.21237669432241668,0.008718591899071869,0.2984806359365681,0.060000000000000005,0.21237669432241668,0.008718591899071869,0.2984806359365681,0.060000000000000005,lm060_ls000_le040,0.48,0.15,0.37,0.6,0.0,0.4
beta_conditioned,/mnt/share/nas/Yoo/Tracer/TRACER-ICRA27/results/icra27/phase1a_beta_conditioned_v4_seed27027/checkpoint_update_0030.pt,tracer_cost_v4,tracer_cost_v4,rough,rough_perlin,45,success,True,5,True,False,0,39,1.8070449992102737,0.1343884044582085,1.6726565947520653,7.800000000000001,207.7256934868034,7.800000000000001,0.2319460585333229,0.04911372050887007,0.6094985030428902,9.045896282799593,1.9154350998459326,23.770441618672717,0.21444315317334167,1.2189970060857802,0.00839828675739662,0.05537329320696343,0.022372981533408165,0.1316061168909073,0.06239417682473476,0.020083149945817124,-0.027470307281384103,0.21247883536494697,0.00803325997832685,0.29835178156311704,0.060000000000000005,0.21247883536494697,0.00803325997832685,0.29835178156311704,0.060000000000000005,lm060_ls000_le040,0.48,0.15,0.37,0.6,0.0,0.4
beta_conditioned,/mnt/share/nas/Yoo/Tracer/TRACER-ICRA27/results/icra27/phase1a_beta_conditioned_v4_seed27027/checkpoint_update_0030.pt,tracer_cost_v4,tracer_cost_v4,rough,rough_perlin,46,success,True,5,True,False,0,41,1.8004478384078573,0.14775370424215473,1.6526941341657024,8.200000000000001,212.76831355717337,8.200000000000001,0.24806491857230145,0.049789238503592924,0.5938409295896572,10.17066166146436,2.04135877864731,24.347478113175946,0.20154806514215884,1.1876818591793143,0.009604174094963492,0.04188719726591416,0.019749462604522705,0.08087804168462753,0.06271653440667362,0.019171568945549975,-0.030076594160097402,0.21254330688133471,0.007668627578219991,0.29819540435039416,0.06,0.21254330688133471,0.007668627578219991,0.29819540435039416,0.06,lm060_ls000_le040,0.48,0.15,0.37,0.6,0.0,0.4
beta_conditioned,/mnt/share/nas/Yoo/Tracer/TRACER-ICRA27/results/icra27/phase1a_beta_conditioned_v4_seed27027/checkpoint_update_0030.pt,tracer_cost_v4,tracer_cost_v4,rough,rough_perlin,47,success,True,5,True,False,0,39,1.8135544038673177,0.11506659217790627,1.6984878116894113,7.800000000000001,227.70969396686067,7.800000000000001,0.2278064404343892,0.11449923344842339,0.6681345733958198,8.884451176941178,4.465470104488512,26.057248362436972,0.21775484765248862,1.3362691467916399,0.010597588341759157,0.07945857330931155,0.022499511018395424,0.145748108625412,0.06207273957821039,0.022326627949204963,-0.024820617949351285,0.21241454791564215,0.008930651179681988,0.2985107629230389,0.060000000000000005,0.21241454791564215,0.008930651179681988,0.2985107629230389,0.060000000000000005,lm060_ls000_le040,0.48,0.15,0.37,0.6,0.0,0.4
beta_conditioned,/mnt/share/nas/Yoo/Tracer/TRACER-ICRA27/results/icra27/phase1a_beta_conditioned_v4_seed27027/checkpoint_update_0030.pt,tracer_cost_v4,tracer_cost_v4,rough,rough_perlin,30,success,True,5,True,False,0,38,1.8091958132882031,0.1384173004582819,1.6707785128299213,7.6,212.6569227727776,7.6,0.22520090249507874,0.04619604962676074,0.6403876699028666,8.557634294812992,1.7554498858169083,24.33473145630893,0.219839278003937,1.2807753398057335,0.009244876223759316,0.046377422190451496,0.01864243671298027,0.09932558983564377,0.07123915262912449,0.018018748735286,-0.034981216254987214,0.21424783052582494,0.0072074994941144005,0.29790112702470073,0.060000000000000005,0.21424783052582494,0.0072074994941144005,0.29790112702470073,0.060000000000000005,lm040_ls060_le000,0.37,0.48,0.15,0.4,0.6,0.0
beta_conditioned,/mnt/share/nas/Yoo/Tracer/TRACER-ICRA27/results/icra27/phase1a_beta_conditioned_v4_seed27027/checkpoint_update_0030.pt,tracer_cost_v4,tracer_cost_v4,rough,rough_perlin,31,success,True,5,True,False,0,37,1.8024137735751302,0.14315530854931713,1.659258465025813,7.4,211.7590857505903,7.4,0.2197198538807749,0.11200385915547416,0.654918656161497,8.129634593588671,4.144142788752544,24.231990277975388,0.22422411689538016,1.309837312322994,0.005918542911688,0.08089519051758952,0.017693746834993362,0.12706077098846436,0.06990586110466235,0.017555390305288538,-0.03592527431209345,0.2139811722209325,0.007022156122115417,0.29784448354127435,0.060000000000000005,0.2139811722209325,0.007022156122115417,0.29784448354127435,0.060000000000000005,lm040_ls060_le000,0.37,0.48,0.15,0.4,0.6,0.0
beta_conditioned,/mnt/share/nas/Yoo/Tracer/TRACER-ICRA27/results/icra27/phase1a_beta_conditioned_v4_seed27027/checkpoint_update_0030.pt,tracer_cost_v4,tracer_cost_v4,rough,rough_perlin,32,success,True,5,True,False,0,39,1.802586193737586,0.11931129068467733,1.6832749030529086,7.800000000000001,196.84936052128427,7.800000000000001,0.23024440656203388,0.029920882890704992,0.5775857023209079,8.979531855919321,1.1669144327374947,22.525842390515407,0.2158044747503729,1.1551714046418156,0.009109420900270638,0.04493501209759934,0.032983727753162384,0.07082084566354752,0.07010048895310132,0.01640378300530406,-0.037275706202938005,0.21402009779062028,0.006561513202121625,0.29776345762782364,0.060000000000000005,0.21402009779062028,0.006561513202121625,0.29776345762782364,0.060000000000000005,lm040_ls060_le000,0.37,0.48,0.15,0.4,0.6,0.0
beta_conditioned,/mnt/share/nas/Yoo/Tracer/TRACER-ICRA27/results/icra27/phase1a_beta_conditioned_v4_seed27027/checkpoint_update_0030.pt,tracer_cost_v4,tracer_cost_v4,rough,rough_perlin,33,success,True,5,True,False,0,37,1.8144236733210037,0.14409295771456093,1.6703307156064429,7.4,210.5408752631989,7.4,0.2178495412826955,0.11117393972449766,0.6511510313982137,8.060433027459734,4.113435769806413,24.092588161733907,0.2257203669738436,1.302302062796427,0.006888447403396328,0.08303794163462591,0.016319477930665016,0.17920616269111633,0.07133919081172428,0.017941031545224424,-0.03511167045783352,0.21426783816234485,0.007176412618089767,0.29789329977253,0.060000000000000005,0.21426783816234485,0.007176412618089767,0.29789329977253,0.060000000000000005,lm040_ls060_le000,0.37,0.48,0.15,0.4,0.6,0.0
beta_conditioned,/mnt/share/nas/Yoo/Tracer/TRACER-ICRA27/results/icra27/phase1a_beta_conditioned_v4_seed27027/checkpoint_update_0030.pt,tracer_cost_v4,tracer_cost_v4,rough,rough_perlin,34,time_limit,True,5,False,False,0,50,1.8006155508699786,0.3868066332442749,1.4138089176257038,10.0,359.36998477517045,10.0,0.3232738852967871,0.43739003098049806,0.8224676590759998,16.163694264839354,21.869501549024903,41.12338295379999,0.14138089176257038,1.644935318152,0.013035781392623874,0.13415596366010277,0.028150256723165512,0.23977482318878174,0.06758743211627007,0.018885474568232894,-0.03115583285689354,0.21351748642325405,0.007554189827293159,0.2981306500285864,0.06,0.21351748642325405,0.007554189827293159,0.2981306500285864,0.06,lm040_ls060_le000,0.37,0.48,0.15,0.4,0.6,0.0
beta_conditioned,/mnt/share/nas/Yoo/Tracer/TRACER-ICRA27/results/icra27/phase1a_beta_conditioned_v4_seed27027/checkpoint_update_0030.pt,tracer_cost_v4,tracer_cost_v4,rough,rough_perlin,35,success,True,5,True,False,0,38,1.8310988114736846,0.14658677766630496,1.6845120338073796,7.6,225.9370108629669,7.6,0.22294209970273363,0.13088028668552362,0.6803788658502848,8.471799788703878,4.973450894049898,25.854396902310825,0.22164632023781314,1.3607577317005701,0.011279564559044586,0.08620831227069066,0.02895200625061989,0.14886941015720367,0.07100678176472061,0.018323543441702464,-0.03463344001456311,0.21420135635294416,0.007329417376680986,0.2979219935991262,0.060000000000000005,0.21420135635294416,0.007329417376680986,0.2979219935991262,0.060000000000000005,lm040_ls060_le000,0.37,0.48,0.15,0.4,0.6,0.0
beta_conditioned,/mnt/share/nas/Yoo/Tracer/TRACER-ICRA27/results/icra27/phase1a_beta_conditioned_v4_seed27027/checkpoint_update_0030.pt,tracer_cost_v4,tracer_cost_v4,rough,rough_perlin,36,success,True,5,True,False,0,39,1.8339173015102326,0.13672305439025625,1.6971942471199764,7.800000000000001,214.494760361739,7.800000000000001,0.22801374244872177,0.05908881210161768,0.6293599658114936,8.892535955500149,2.3044636719630893,24.54503866664825,0.21758900604102258,1.2587199316229873,0.011939549321378301,0.061980015773481945,0.03480210900306702,0.17757126688957214,0.07188030657095787,0.017786498396442488,-0.035395315227409206,0.2143760613141916,0.007114599358576992,0.2978762810863554,0.060000000000000005,0.2143760613141916,0.007114599358576992,0.2978762810863554,0.060000000000000005,lm040_ls060_le000,0.37,0.48,0.15,0.4,0.6,0.0
beta_conditioned,/mnt/share/nas/Yoo/Tracer/TRACER-ICRA27/results/icra27/phase1a_beta_conditioned_v4_seed27027/checkpoint_update_0030.pt,tracer_cost_v4,tracer_cost_v4,rough,rough_perlin,37,success,True,5,True,False,0,39,1.830505723311209,0.12361245766581914,1.70689326564539,7.800000000000001,234.4415097323814,7.800000000000001,0.22645941255682858,0.13575657775673988,0.6878867357931311,8.831917089716315,5.294506532512855,26.82758269593211,0.21883246995453712,1.375773471586262,0.00853980942959496,0.08474775025575418,0.023920956999063492,0.1466255486011505,0.07317798661115842,0.017969564189955305,-0.035595585663731284,0.21463559732223167,0.007187825675982126,0.29786426486017614,0.060000000000000005,0.21463559732223167,0.007187825675982126,0.29786426486017614,0.060000000000000005,lm040_ls060_le000,0.37,0.48,0.15,0.4,0.6,0.0
beta_conditioned,/mnt/share/nas/Yoo/Tracer/TRACER-ICRA27/results/icra27/phase1a_beta_conditioned_v4_seed27027/checkpoint_update_0030.pt,tracer_cost_v4,tracer_cost_v4,rough,rough_perlin,38,success,True,5,True,False,0,37,1.7964071418518759,0.13215795793718269,1.6642491839146931,7.4,246.15619466240503,7.4,0.21887682704143693,0.25620416467445073,0.7613004355525312,8.098442600533167,9.479554092954677,28.168116115443656,0.22489853836685042,1.5226008711050623,0.007861705438909211,0.12392206740097285,0.019117558375000954,0.245442733168602,0.06901994730169708,0.01800167524394252,-0.035550195018987395,0.2138039894603394,0.007200670097577008,0.29786698829886077,0.060000000000000005,0.2138039894603394,0.007200670097577008,0.29786698829886077,0.060000000000000005,lm040_ls060_le000,0.37,0.48,0.15,0.4,0.6,0.0
beta_conditioned,/mnt/share/nas/Yoo/Tracer/TRACER-ICRA27/results/icra27/phase1a_beta_conditioned_v4_seed27027/checkpoint_update_0030.pt,tracer_cost_v4,tracer_cost_v4,rough,rough_perlin,39,success,True,5,True,False,0,41,1.8828988144571281,0.12446469652440544,1.7584341179327228,8.200000000000001,226.55014752916233,8.200000000000001,0.2319460186078167,0.182208109431882,0.6323063239923676,9.509786762920484,7.470532486707162,25.924559283687074,0.21444318511374666,1.264612647984735,0.012960635977376926,0.08313336859067279,0.034720245748758316,0.15782956779003143,0.07455060358454542,0.01635367878735429,-0.03805742112965119,0.21491012071690913,0.006541471514941716,0.2977165547322209,0.06,0.21491012071690913,0.006541471514941716,0.2977165547322209,0.06,lm040_ls060_le000,0.37,0.48,0.15,0.4,0.6,0.0
beta_conditioned,/mnt/share/nas/Yoo/Tracer/TRACER-ICRA27/results/icra27/phase1a_beta_conditioned_v4_seed27027/checkpoint_update_0030.pt,tracer_cost_v4,tracer_cost_v4,rough,rough_perlin,40,success,True,5,True,False,0,39,1.8015716684441132,0.12086297421029235,1.6807086942338207,7.800000000000001,210.01102463482832,7.800000000000001,0.23065565797534923,0.09339350286173047,0.6162040091856196,8.99557066103862,3.6423466116074885,24.031956358239164,0.21547547361972058,1.232408018371239,0.006622481055662803,0.07544729717691967,0.017122061923146248,0.14718230068683624,0.07032280577681004,0.01673522788601426,-0.037862090059579946,0.21406456115536202,0.006694091154405704,0.29772827459642526,0.060000000000000005,0.21406456115536202,0.006694091154405704,0.29772827459642526,0.060000000000000005,lm040_ls060_le000,0.37,0.48,0.15,0.4,0.6,0.0
beta_conditioned,/mnt/share/nas/Yoo/Tracer/TRACER-ICRA27/results/icra27/phase1a_beta_conditioned_v4_seed27027/checkpoint_update_0030.pt,tracer_cost_v4,tracer_cost_v4,rough,rough_perlin,41,success,True,5,True,False,0,38,1.7987216025400643,0.14659272082635583,1.6521288817137085,7.6,205.40032509191406,7.6,0.22826827603392957,0.0604519741713626,0.6185354037284141,8.674194489289324,2.297175018511779,23.504345341679734,0.2173853791728564,1.2370708074568282,0.008597500313150383,0.06419828718634915,0.021284479647874832,0.12245575338602066,0.07061920913034364,0.017024772322895985,-0.037493937942934666,0.21412384182606872,0.006809908929158395,0.297750363723424,0.060000000000000005,0.21412384182606872,0.006809908929158395,0.297750363723424,0.060000000000000005,lm040_ls060_le000,0.37,0.48,0.15,0.4,0.6,0.0
beta_conditioned,/mnt/share/nas/Yoo/Tracer/TRACER-ICRA27/results/icra27/phase1a_beta_conditioned_v4_seed27027/checkpoint_update_0030.pt,tracer_cost_v4,tracer_cost_v4,rough,rough_perlin,42,success,True,5,True,False,0,39,1.8071922941581364,0.12282220872663016,1.6843700854315062,7.800000000000001,210.25202333314573,7.800000000000001,0.23006889656546378,0.09281128755484416,0.6169111357013343,8.972686966053088,3.6196402146389226,24.059534292352037,0.21594488274762902,1.2338222714026683,0.0058920743041843094,0.07813475835161622,0.022669116035103798,0.10645339637994766,0.07026782650978138,0.0186086281020648,-0.0338105085090949,0.21405356530195624,0.00744345124082592,0.29797136948945424,0.060000000000000005,0.21405356530195624,0.00744345124082592,0.29797136948945424,0.060000000000000005,lm040_ls060_le000,0.37,0.48,0.15,0.4,0.6,0.0
beta_conditioned,/mnt/share/nas/Yoo/Tracer/TRACER-ICRA27/results/icra27/phase1a_beta_conditioned_v4_seed27027/checkpoint_update_0030.pt,tracer_cost_v4,tracer_cost_v4,rough,rough_perlin,43,time_limit,True,5,False,False,0,50,1.7855203722366515,0.46198572732838666,1.3235346449082648,10.0,276.82308090757454,10.0,0.334558169386467,0.12769124337286264,0.6335477112110496,16.72790846932335,6.384562168643131,31.67738556055248,0.1323534644908265,1.2670954224220994,0.012309499501587051,0.09204414570732071,0.02718210220336914,0.17719508707523346,0.060686016120016575,0.018807233417755923,-0.04210827145725489,0.21213720322400334,0.00752289336710237,0.2974735037125647,0.06,0.21213720322400334,0.00752289336710237,0.2974735037125647,0.06,lm040_ls060_le000,0.37,0.48,0.15,0.4,0.6,0.0
beta_conditioned,/mnt/share/nas/Yoo/Tracer/TRACER-ICRA27/results/icra27/phase1a_beta_conditioned_v4_seed27027/checkpoint_update_0030.pt,tracer_cost_v4,tracer_cost_v4,rough,rough_perlin,44,success,True,5,True,False,0,38,1.8017616156772887,0.10807469004802937,1.6936869256292593,7.6,216.8488300000177,7.6,0.22143307144255603,0.12100735533676363,0.6530110337073435,8.41445671481713,4.598279502797018,24.814419280879054,0.2228535428459552,1.306022067414687,0.007678604980737242,0.08528182365968187,0.019063124433159828,0.18931478261947632,0.07014732298098113,0.017079041711679708,-0.035342927433942496,0.21402946459619626,0.006831616684671883,0.2978794243539634,0.060000000000000005,0.21402946459619626,0.006831616684671883,0.2978794243539634,0.060000000000000005,lm040_ls060_le000,0.37,0.48,0.15,0.4,0.6,0.0
beta_conditioned,/mnt/share/nas/Yoo/Tracer/TRACER-ICRA27/results/icra27/phase1a_beta_conditioned_v4_seed27027/checkpoint_update_0030.pt,tracer_cost_v4,tracer_cost_v4,rough,rough_perlin,45,success,True,5,True,False,0,39,1.8070449992102737,0.11908176843742298,1.6879632307728507,7.800000000000001,208.53654639331202,7.800000000000001,0.22949307199153038,0.049998272590531315,0.611877667721122,8.950229807669684,1.9499326310307212,23.863229041123756,0.21640554240677567,1.2237553354422437,0.008905088574655927,0.057299549145680966,0.02411000058054924,0.13090485334396362,0.0696895840840462,0.01658450253158569,-0.03708377762291676,0.21393791681680924,0.006633801012634277,0.297774973342625,0.060000000000000005,0.21393791681680924,0.006633801012634277,0.297774973342625,0.060000000000000005,lm040_ls060_le000,0.37,0.48,0.15,0.4,0.6,0.0
beta_conditioned,/mnt/share/nas/Yoo/Tracer/TRACER-ICRA27/results/icra27/phase1a_beta_conditioned_v4_seed27027/checkpoint_update_0030.pt,tracer_cost_v4,tracer_cost_v4,rough,rough_perlin,46,success,True,5,True,False,0,41,1.8004478384078573,0.13831145559267136,1.6621363828151858,8.200000000000001,213.7504649722306,8.200000000000001,0.24662555140012413,0.048458277940401834,0.5965821352680988,10.11164760740509,1.986789395556475,24.45986754599205,0.20269955887990068,1.1931642705361973,0.009686288560099322,0.04240866344234185,0.020874889567494392,0.0833173468708992,0.06886936260796175,0.016569175834131495,-0.03894695753186214,0.21377387252159238,0.006627670333652599,0.29766318254808827,0.06,0.21377387252159238,0.006627670333652599,0.29766318254808827,0.06,lm040_ls060_le000,0.37,0.48,0.15,0.4,0.6,0.0
beta_conditioned,/mnt/share/nas/Yoo/Tracer/TRACER-ICRA27/results/icra27/phase1a_beta_conditioned_v4_seed27027/checkpoint_update_0030.pt,tracer_cost_v4,tracer_cost_v4,rough,rough_perlin,47,success,True,5,True,False,0,38,1.8135544038673177,0.14227336504264615,1.6712810388246715,7.6,226.91494315715275,7.6,0.22511825019331058,0.1171036491693923,0.6833237771893134,8.554493507345802,4.449938668436907,25.96630353319391,0.2199053998453515,1.3666475543786267,0.011398081657308715,0.08008844965421909,0.022408632561564445,0.14875653386116028,0.07079263031482697,0.017931719616937795,-0.03462515604731284,0.2141585260629654,0.00717268784677512,0.2979224906371612,0.060000000000000005,0.2141585260629654,0.00717268784677512,0.2979224906371612,0.060000000000000005,lm040_ls060_le000,0.37,0.48,0.15,0.4,0.6,0.0
beta_conditioned,/mnt/share/nas/Yoo/Tracer/TRACER-ICRA27/results/icra27/phase1a_beta_conditioned_v4_seed27027/checkpoint_update_0030.pt,tracer_cost_v4,tracer_cost_v4,rough,rough_perlin,30,success,True,5,True,False,0,38,1.8091958132882031,0.14952748833695298,1.65966832495125,7.6,212.7387058058288,7.6,0.227028236027755,0.044092535269685755,0.6406339484875955,8.627072969054689,1.6755163402480586,24.344090042528627,0.21837741117779602,1.2812678969751912,0.009357516583895276,0.046323245865883815,0.019621549174189568,0.10020796209573746,0.0669103623612931,0.01993613233207725,-0.030349812666444403,0.2133820724722586,0.007974452932830901,0.2981790112400133,0.060000000000000005,0.2133820724722586,0.007974452932830901,0.2981790112400133,0.060000000000000005,lm040_ls040_le020,0.37,0.37,0.26,0.4,0.4,0.2
beta_conditioned,/mnt/share/nas/Yoo/Tracer/TRACER-ICRA27/results/icra27/phase1a_beta_conditioned_v4_seed27027/checkpoint_update_0030.pt,tracer_cost_v4,tracer_cost_v4,rough,rough_perlin,31,success,True,5,True,False,0,37,1.8024137735751302,0.1458760869421352,1.656537686632995,7.4,211.8311633754735,7.4,0.22017944482550764,0.11310389495789369,0.6551415744889941,8.146639458543783,4.184844113442066,24.240238256092784,0.2238564441395939,1.3102831489779883,0.006100648388113827,0.0815895625977293,0.018278447911143303,0.12811565399169922,0.06590521939702935,0.019134419732664183,-0.03157648922422448,0.21318104387940587,0.007653767893065674,0.29810541064654655,0.060000000000000005,0.21318104387940587,0.007653767893065674,0.29810541064654655,0.060000000000000005,lm040_ls040_le020,0.37,0.37,0.26,0.4,0.4,0.2
beta_conditioned,/mnt/share/nas/Yoo/Tracer/TRACER-ICRA27/results/icra27/phase1a_beta_conditioned_v4_seed27027/checkpoint_update_0030.pt,tracer_cost_v4,tracer_cost_v4,rough,rough_perlin,32,success,True,5,True,False,0,39,1.802586193737586,0.13936103529148555,1.6632251584461004,7.800000000000001,198.0778421156866,7.800000000000001,0.2334575066592788,0.028038227474829862,0.5811902525343918,9.104842759711874,1.0934908715183647,22.666419848841283,0.21323399467257695,1.1623805050687837,0.008851148831019498,0.040893100369476194,0.034100696444511414,0.0710606724023819,0.06646669789766654,0.01799283654261858,-0.03300879833598932,0.21329333957953336,0.007197134617047431,0.29801947209984064,0.060000000000000005,0.21329333957953336,0.007197134617047431,0.29801947209984064,0.060000000000000005,lm040_ls040_le020,0.37,0.37,0.26,0.4,0.4,0.2
beta_conditioned,/mnt/share/nas/Yoo/Tracer/TRACER-ICRA27/results/icra27/phase1a_beta_conditioned_v4_seed27027/checkpoint_update_0030.pt,tracer_cost_v4,tracer_cost_v4,rough,rough_perlin,33,success,True,5,True,False,0,38,1.8144236733210037,0.11728462505579836,1.6971390482652053,7.6,212.41234777244546,7.6,0.22086528811427547,0.1051340910327099,0.6396511652429805,8.392880948342468,3.995095459242976,24.30674427923326,0.2233077695085796,1.279302330485961,0.00699489025671045,0.08157769495510712,0.015282136388123035,0.17441041767597198,0.06697133712862667,0.019464670787687953,-0.03083085712339533,0.21339426742572534,0.007785868315075179,0.29815014857259625,0.060000000000000005,0.21339426742572534,0.007785868315075179,0.29815014857259625,0.060000000000000005,lm040_ls040_le020,0.37,0.37,0.26,0.4,0.4,0.2
beta_conditioned,/mnt/share/nas/Yoo/Tracer/TRACER-ICRA27/results/icra27/phase1a_beta_conditioned_v4_seed27027/checkpoint_update_0030.pt,tracer_cost_v4,tracer_cost_v4,rough,rough_perlin,34,m4,True,5,False,True,1,9,1.8006155508699786,1.3867389737553828,0.4138765771145958,1.701999999999924,108.20082902083914,1.701999999999924,0.19828816510812272,0.8517556996325406,1.3757360307237425,1.7845934859731045,7.665801296692866,12.381624276513683,0.24136946791350183,3.5979934488905254,0.01911487821363538,0.1611016535686695,0.02861335501074791,0.26367267966270447,0.06480993330478668,0.03543094586994913,-0.015712249817119703,0.21296198666095736,0.014172378347979651,0.29905726501097285,0.060000000000000005,0.21296198666095736,0.014172378347979651,0.29905726501097285,0.060000000000000005,lm040_ls040_le020,0.37,0.37,0.26,0.4,0.4,0.2
beta_conditioned,/mnt/share/nas/Yoo/Tracer/TRACER-ICRA27/results/icra27/phase1a_beta_conditioned_v4_seed27027/checkpoint_update_0030.pt,tracer_cost_v4,tracer_cost_v4,rough,rough_perlin,35,success,True,5,True,False,0,39,1.8310988114736846,0.11640675297605964,1.7146920584976248,7.800000000000001,235.69427919335536,7.800000000000001,0.225209606009996,0.17119332520351352,0.691562550268965,8.783174634389844,6.676539682937027,26.970939460489635,0.21983231519200322,1.3831251005379301,0.01156572563325484,0.08816226984096631,0.03155886381864548,0.15392522513866425,0.06657967076469691,0.019907406490976706,-0.030496920841053512,0.21331593415293937,0.007962962596390682,0.2981701847495367,0.060000000000000005,0.21331593415293937,0.007962962596390682,0.2981701847495367,0.060000000000000005,lm040_ls040_le020,0.37,0.37,0.26,0.4,0.4,0.2
beta_conditioned,/mnt/share/nas/Yoo/Tracer/TRACER-ICRA27/results/icra27/phase1a_beta_conditioned_v4_seed27027/checkpoint_update_0030.pt,tracer_cost_v4,tracer_cost_v4,rough,rough_perlin,36,success,True,5,True,False,0,39,1.8339173015102326,0.1462812090774297,1.6876360924328029,7.800000000000001,214.16421282640013,7.800000000000001,0.22954549800756374,0.05969295707296695,0.6283900895068739,8.952274422294986,2.328025325845711,24.507213490768084,0.21636360159394905,1.2567801790137476,0.011829569506200241,0.06288943261062549,0.03603842481970787,0.17759709060192108,0.0677232591387553,0.019417215473740958,-0.030878305817261722,0.2135446518277511,0.0077668861894963845,0.29814730165096426,0.060000000000000005,0.2135446518277511,0.0077668861894963845,0.29814730165096426,0.060000000000000005,lm040_ls040_le020,0.37,0.37,0.26,0.4,0.4,0.2
beta_conditioned,/mnt/share/nas/Yoo/Tracer/TRACER-ICRA27/results/icra27/phase1a_beta_conditioned_v4_seed27027/checkpoint_update_0030.pt,tracer_cost_v4,tracer_cost_v4,rough,rough_perlin,37,success,True,5,True,False,0,39,1.830505723311209,0.1288026531459695,1.7017030701652396,7.800000000000001,232.5734630403971,7.800000000000001,0.22729117465300652,0.13794794392404142,0.6824056051574977,8.864355811467254,5.379969813037615,26.61381860114241,0.21816706027759475,1.3648112103149954,0.00853367557711909,0.08639775972010343,0.023463094606995583,0.14539244771003723,0.06877260540540402,0.020039561171777163,-0.03092991181004506,0.21375452108108078,0.008015824468710865,0.29814420529139724,0.060000000000000005,0.21375452108108078,0.008015824468710865,0.29814420529139724,0.060000000000000005,lm040_ls040_le020,0.37,0.37,0.26,0.4,0.4,0.2
beta_conditioned,/mnt/share/nas/Yoo/Tracer/TRACER-ICRA27/results/icra27/phase1a_beta_conditioned_v4_seed27027/checkpoint_update_0030.pt,tracer_cost_v4,tracer_cost_v4,rough,rough_perlin,38,success,True,5,True,False,0,37,1.7964071418518759,0.14165021257542212,1.6547569292764537,7.4,245.6671736174044,7.4,0.2204802484330315,0.2512986406428281,0.7597880139981442,8.157769192022165,9.29804970378464,28.112156517931336,0.22361580125357486,1.5195760279962878,0.008026972045571717,0.12352077967512418,0.02020132727921009,0.24365544319152832,0.06504081733323433,0.019393415110047302,-0.03120022116077913,0.2130081634666469,0.00775736604401892,0.29812798673035323,0.060000000000000005,0.2130081634666469,0.00775736604401892,0.29812798673035323,0.060000000000000005,lm040_ls040_le020,0.37,0.37,0.26,0.4,0.4,0.2
beta_conditioned,/mnt/share/nas/Yoo/Tracer/TRACER-ICRA27/results/icra27/phase1a_beta_conditioned_v4_seed27027/checkpoint_update_0030.pt,tracer_cost_v4,tracer_cost_v4,rough,rough_perlin,39,success,True,5,True,False,0,41,1.8828988144571281,0.12918469455381365,1.7537141199033144,8.200000000000001,220.39542286598012,8.200000000000001,0.23266553050254354,0.17961679924883223,0.6151283553642035,9.539286750604285,7.364288769202121,25.220262569932345,0.21386757559796518,1.2302567107284068,0.012399550612750191,0.08703884166793997,0.03451606258749962,0.15849335491657257,0.07063386134985017,0.018159064154776677,-0.03366214409470558,0.21412677226997004,0.007263625661910671,0.2979802713543177,0.06,0.21412677226997004,0.007263625661910671,0.2979802713543177,0.06,lm040_ls040_le020,0.37,0.37,0.26,0.4,0.4,0.2
beta_conditioned,/mnt/share/nas/Yoo/Tracer/TRACER-ICRA27/results/icra27/phase1a_beta_conditioned_v4_seed27027/checkpoint_update_0030.pt,tracer_cost_v4,tracer_cost_v4,rough,rough_perlin,40,success,True,5,True,False,0,39,1.8015716684441132,0.1288070134725465,1.6727646549715667,7.800000000000001,209.68208131759397,7.800000000000001,0.23192874119045415,0.09129066322596782,0.615238839898783,9.045220906427712,3.560335865812745,23.99431475605254,0.2144570070476368,1.230477679797566,0.00655562567228751,0.07530351870749366,0.01882776990532875,0.14940644800662994,0.06675228896813515,0.01819805950165177,-0.03363060421095444,0.21335045779362707,0.0072792238006607075,0.2979821637473426,0.060000000000000005,0.21335045779362707,0.0072792238006607075,0.2979821637473426,0.060000000000000005,lm040_ls040_le020,0.37,0.37,0.26,0.4,0.4,0.2
beta_conditioned,/mnt/share/nas/Yoo/Tracer/TRACER-ICRA27/results/icra27/phase1a_beta_conditioned_v4_seed27027/checkpoint_update_0030.pt,tracer_cost_v4,tracer_cost_v4,rough,rough_perlin,41,success,True,5,True,False,0,39,1.7987216025400643,0.11898041019909054,1.6797411923409737,7.800000000000001,208.28181509434768,7.800000000000001,0.23081070635561318,0.05876867590485857,0.6111302476846746,9.001617547868914,2.2919783602894843,23.834079659702308,0.21535143491550945,1.2222604953693492,0.008431990027796106,0.06334120179640068,0.022442396730184555,0.11999698728322983,0.06679848591104531,0.018108763358890057,-0.03369449026500567,0.21335969718220907,0.00724350534355602,0.2979783305840997,0.060000000000000005,0.21335969718220907,0.00724350534355602,0.2979783305840997,0.060000000000000005,lm040_ls040_le020,0.37,0.37,0.26,0.4,0.4,0.2
beta_conditioned,/mnt/share/nas/Yoo/Tracer/TRACER-ICRA27/results/icra27/phase1a_beta_conditioned_v4_seed27027/checkpoint_update_0030.pt,tracer_cost_v4,tracer_cost_v4,rough,rough_perlin,42,success,True,5,True,False,0,39,1.8071922941581364,0.12221744267189083,1.6849748514862455,7.800000000000001,209.89922407517778,7.800000000000001,0.2299719789284863,0.09466164108396845,0.6158759694876768,8.968907178210966,3.6918040022747696,24.019162810019395,0.21602241685721096,1.2317519389753535,0.0059142150108160456,0.07810603966834943,0.022674068808555603,0.10759811103343964,0.06575916659755585,0.0208045033714137,-0.029107077811390925,0.21315183331951118,0.008321801348565479,0.2982535753313165,0.060000000000000005,0.21315183331951118,0.008321801348565479,0.2982535753313165,0.060000000000000005,lm040_ls040_le020,0.37,0.37,0.26,0.4,0.4,0.2
beta_conditioned,/mnt/share/nas/Yoo/Tracer/TRACER-ICRA27/results/icra27/phase1a_beta_conditioned_v4_seed27027/checkpoint_update_0030.pt,tracer_cost_v4,tracer_cost_v4,rough,rough_perlin,43,time_limit,True,5,False,False,0,50,1.7855203722366515,0.4667176022822465,1.318802769954405,10.0,276.3790284865714,10.0,0.33514965375569944,0.12767842842231344,0.632531436144455,16.75748268778497,6.383921421115672,31.626571807222746,0.1318802769954405,1.2650628722889101,0.012177635737149462,0.09231348832338829,0.0266480203717947,0.1771574765443802,0.05918690271675587,0.018837682724697515,-0.039456871971488,0.2118373805433512,0.007535073089879007,0.2976325876817107,0.06,0.2118373805433512,0.007535073089879007,0.2976325876817107,0.06,lm040_ls040_le020,0.37,0.37,0.26,0.4,0.4,0.2
beta_conditioned,/mnt/share/nas/Yoo/Tracer/TRACER-ICRA27/results/icra27/phase1a_beta_conditioned_v4_seed27027/checkpoint_update_0030.pt,tracer_cost_v4,tracer_cost_v4,rough,rough_perlin,44,success,True,5,True,False,0,38,1.8017616156772887,0.10885861151188177,1.692903004165407,7.6,217.98639969770963,7.6,0.22156200589384759,0.10558726875945823,0.6564366715777616,8.419356223966208,4.012316212859413,24.944593519954942,0.2227503952849219,1.3128733431555235,0.007707414625785551,0.084482211211167,0.019009055569767952,0.1892378181219101,0.06599013379922039,0.019016322180457217,-0.030859313929747594,0.21319802675984406,0.007606528872182887,0.2981484411642151,0.060000000000000005,0.21319802675984406,0.007606528872182887,0.2981484411642151,0.060000000000000005,lm040_ls040_le020,0.37,0.37,0.26,0.4,0.4,0.2
beta_conditioned,/mnt/share/nas/Yoo/Tracer/TRACER-ICRA27/results/icra27/phase1a_beta_conditioned_v4_seed27027/checkpoint_update_0030.pt,tracer_cost_v4,tracer_cost_v4,rough,rough_perlin,45,success,True,5,True,False,0,39,1.8070449992102737,0.12609900705666205,1.6809459921536116,7.800000000000001,207.39075955582018,7.800000000000001,0.23061762946256223,0.04911092197592042,0.6085157563921226,8.994087549039927,1.9153259570608965,23.73211449929278,0.21550589642995022,1.217031512784245,0.008578948494079341,0.05675940243809464,0.022249531000852585,0.12862133979797363,0.06601271300743787,0.017954048855851095,-0.032805938369188554,0.21320254260148758,0.007181619542340437,0.2980316436978487,0.060000000000000005,0.21320254260148758,0.007181619542340437,0.2980316436978487,0.060000000000000005,lm040_ls040_le020,0.37,0.37,0.26,0.4,0.4,0.2
beta_conditioned,/mnt/share/nas/Yoo/Tracer/TRACER-ICRA27/results/icra27/phase1a_beta_conditioned_v4_seed27027/checkpoint_update_0030.pt,tracer_cost_v4,tracer_cost_v4,rough,rough_perlin,46,success,True,5,True,False,0,41,1.8004478384078573,0.14007193576764382,1.6603759026402134,8.200000000000001,212.99544263681702,8.200000000000001,0.2468939172804553,0.04757129843369612,0.5944748517256062,10.122650608498667,1.9504232357815408,24.373468920749854,0.20248486617563577,1.1889497034512122,0.009535671811321648,0.04261341894966098,0.020468445494771004,0.08272324502468109,0.06581557642032461,0.01760419391921903,-0.035076577852411965,0.2131631152840649,0.007041677567687614,0.2978954053288553,0.06,0.2131631152840649,0.007041677567687614,0.2978954053288553,0.06,lm040_ls040_le020,0.37,0.37,0.26,0.4,0.4,0.2
beta_conditioned,/mnt/share/nas/Yoo/Tracer/TRACER-ICRA27/results/icra27/phase1a_beta_conditioned_v4_seed27027/checkpoint_update_0030.pt,tracer_cost_v4,tracer_cost_v4,rough,rough_perlin,47,success,True,5,True,False,0,38,1.8135544038673177,0.14750328982538133,1.6660511140419363,7.6,224.23502399655027,7.6,0.22597843519047098,0.11581225064881345,0.675253561724849,8.587180537237897,4.400865524654911,25.65963534554426,0.21921725184762325,1.3505071234496981,0.010993854829986285,0.07888118037287568,0.022068312391638756,0.14496342837810516,0.06645522903847068,0.0200898469131636,-0.030028147573925947,0.2132910458076941,0.00803593876526544,0.29819831114556444,0.060000000000000005,0.2132910458076941,0.00803593876526544,0.29819831114556444,0.060000000000000005,lm040_ls040_le020,0.37,0.37,0.26,0.4,0.4,0.2
beta_conditioned,/mnt/share/nas/Yoo/Tracer/TRACER-ICRA27/results/icra27/phase1a_beta_conditioned_v4_seed27027/checkpoint_update_0030.pt,tracer_cost_v4,tracer_cost_v4,rough,rough_perlin,30,success,True,5,True,False,0,39,1.8091958132882031,0.11039655014725465,1.6987992631409485,7.800000000000001,218.3656075404308,7.800000000000001,0.22775652834279675,0.04259274273706594,0.6407176150330152,8.882504605369073,1.6611169667455716,24.98798698628759,0.21779477732576255,1.2814352300660306,0.00920238912164763,0.04581910819046344,0.01914617046713829,0.09733074903488159,0.06213820391358473,0.02146328154664773,-0.026008735339228924,0.21242764078271698,0.008585312618659094,0.29843947587964625,0.060000000000000005,0.21242764078271698,0.008585312618659094,0.29843947587964625,0.060000000000000005,lm040_ls020_le040,0.36999999999999994,0.26,0.37,0.4,0.2,0.4
beta_conditioned,/mnt/share/nas/Yoo/Tracer/TRACER-ICRA27/results/icra27/phase1a_beta_conditioned_v4_seed27027/checkpoint_update_0030.pt,tracer_cost_v4,tracer_cost_v4,rough,rough_perlin,31,success,True,5,True,False,0,38,1.8024137735751302,0.10718573162410333,1.6952280419510268,7.6,215.4157347371723,7.6,0.22117959836331796,0.11143881108814305,0.6486954604160711,8.404824737806083,4.234674821349436,24.6504274958107,0.22305632130934566,1.2973909208321421,0.006042235389121764,0.08067572615771676,0.01752373017370701,0.1280171275138855,0.06139211189982138,0.020479304627147747,-0.02740670953828253,0.2122784223799643,0.0081917218508591,0.2983555974277031,0.060000000000000005,0.2122784223799643,0.0081917218508591,0.2983555974277031,0.060000000000000005,lm040_ls020_le040,0.36999999999999994,0.26,0.37,0.4,0.2,0.4
beta_conditioned,/mnt/share/nas/Yoo/Tracer/TRACER-ICRA27/results/icra27/phase1a_beta_conditioned_v4_seed27027/checkpoint_update_0030.pt,tracer_cost_v4,tracer_cost_v4,rough,rough_perlin,32,success,True,5,True,False,0,39,1.802586193737586,0.14877989593563462,1.6538062978019514,7.800000000000001,197.2423349243694,7.800000000000001,0.23496693945481548,0.028634668235472185,0.5787387484674587,9.163710638737804,1.1167520611834152,22.570811190230888,0.21202644843614757,1.1574774969349175,0.008781396078935352,0.0408850752143545,0.03443564102053642,0.0708203911781311,0.06229836111649489,0.01954172536259135,-0.028425190717172928,0.212459672223299,0.007816690145036541,0.2982944885569696,0.060000000000000005,0.212459672223299,0.007816690145036541,0.2982944885569696,0.060000000000000005,lm040_ls020_le040,0.36999999999999994,0.26,0.37,0.4,0.2,0.4
beta_conditioned,/mnt/share/nas/Yoo/Tracer/TRACER-ICRA27/results/icra27/phase1a_beta_conditioned_v4_seed27027/checkpoint_update_0030.pt,tracer_cost_v4,tracer_cost_v4,rough,rough_perlin,33,success,True,5,True,False,0,38,1.8144236733210037,0.12418880016900664,1.6902348731519972,7.6,212.0658716796611,7.6,0.22200084323157943,0.10607948983802366,0.6386077991731522,8.436032042800019,4.031020613844899,24.267096368579786,0.2223993254147365,1.2772155983463045,0.006921589625887496,0.0816053295774216,0.01462104544043541,0.174681156873703,0.06232810549830135,0.02154942264008385,-0.026055395162027133,0.2124656210996603,0.008619769056033542,0.29843667629027837,0.060000000000000005,0.2124656210996603,0.008619769056033542,0.29843667629027837,0.060000000000000005,lm040_ls020_le040,0.36999999999999994,0.26,0.37,0.4,0.2,0.4
beta_conditioned,/mnt/share/nas/Yoo/Tracer/TRACER-ICRA27/results/icra27/phase1a_beta_conditioned_v4_seed27027/checkpoint_update_0030.pt,tracer_cost_v4,tracer_cost_v4,rough,rough_perlin,34,m4,True,5,False,True,1,9,1.8006155508699786,1.3880148188883301,0.4126007319816485,1.701999999999924,108.79883839746128,1.701999999999924,0.19914973468170102,0.9258943800960844,1.3833395126339532,1.7923476121353092,8.333049420864759,12.450055613705578,0.24068021225463918,3.631129679825255,0.019257051026701347,0.1612923698237202,0.029053213074803352,0.26418957114219666,0.059531531814071864,0.03653332715233167,-0.011299363544417752,0.21190630636281438,0.01461333086093267,0.29932203818733494,0.060000000000000005,0.21190630636281438,0.01461333086093267,0.29932203818733494,0.060000000000000005,lm040_ls020_le040,0.36999999999999994,0.26,0.37,0.4,0.2,0.4
beta_conditioned,/mnt/share/nas/Yoo/Tracer/TRACER-ICRA27/results/icra27/phase1a_beta_conditioned_v4_seed27027/checkpoint_update_0030.pt,tracer_cost_v4,tracer_cost_v4,rough,rough_perlin,35,success,True,5,True,False,0,39,1.8310988114736846,0.1264136633714407,1.7046851481022438,7.800000000000001,233.48807252221042,7.800000000000001,0.22681327754771735,0.17054272035232984,0.6850892072708274,8.845717824360976,6.651166093740864,26.718479083562272,0.21854937796182616,1.370178414541655,0.011339949384757155,0.08769275659946103,0.032373715192079544,0.15626542270183563,0.06196583520907622,0.021887230770423625,-0.025739439046726778,0.21239316704181532,0.00875489230816945,0.29845563365719635,0.060000000000000005,0.21239316704181532,0.00875489230816945,0.29845563365719635,0.060000000000000005,lm040_ls020_le040,0.36999999999999994,0.26,0.37,0.4,0.2,0.4
beta_conditioned,/mnt/share/nas/Yoo/Tracer/TRACER-ICRA27/results/icra27/phase1a_beta_conditioned_v4_seed27027/checkpoint_update_0030.pt,tracer_cost_v4,tracer_cost_v4,rough,rough_perlin,36,success,True,5,True,False,0,40,1.8339173015102326,0.11631429174576914,1.7176030097644635,8.0,217.58565648990265,8.0,0.2316245297243026,0.06082202430461633,0.6224683930327553,9.264981188972104,2.432880972184653,24.89873572131021,0.21470037622055793,1.2449367860655107,0.01135651507103068,0.06335558760931624,0.03457559272646904,0.1776256263256073,0.06309586679562926,0.020868357199651653,-0.026503914850763977,0.2126191733591259,0.00834734287986066,0.2984097651089542,0.06,0.2126191733591259,0.00834734287986066,0.2984097651089542,0.06,lm040_ls020_le040,0.36999999999999994,0.26,0.37,0.4,0.2,0.4
beta_conditioned,/mnt/share/nas/Yoo/Tracer/TRACER-ICRA27/results/icra27/phase1a_beta_conditioned_v4_seed27027/checkpoint_update_0030.pt,tracer_cost_v4,tracer_cost_v4,rough,rough_perlin,37,success,True,5,True,False,0,39,1.830505723311209,0.13593997212847964,1.6945657511827292,7.800000000000001,231.55729598868268,7.800000000000001,0.22843497577199853,0.13377480461946492,0.6794240178224638,8.908964055107942,5.217217380159132,26.497536695076086,0.21725201938240118,1.3588480356449273,0.008404529319248814,0.08627978062691223,0.022967813536524773,0.1456908881664276,0.06396412811218163,0.02220220012494769,-0.026069016339114078,0.21279282562243632,0.008880880049979075,0.29843585901965314,0.060000000000000005,0.21279282562243632,0.008880880049979075,0.29843585901965314,0.060000000000000005,lm040_ls020_le040,0.36999999999999994,0.26,0.37,0.4,0.2,0.4
beta_conditioned,/mnt/share/nas/Yoo/Tracer/TRACER-ICRA27/results/icra27/phase1a_beta_conditioned_v4_seed27027/checkpoint_update_0030.pt,tracer_cost_v4,tracer_cost_v4,rough,rough_perlin,38,success,True,5,True,False,0,38,1.7964071418518759,0.11436996163757494,1.682037180214301,7.6,248.02963466565285,7.6,0.2233491479910689,0.24598465799588798,0.7469078257100094,8.487267623660617,9.347417003843743,28.382497376980357,0.22132068160714483,1.493815651420019,0.008125458665226234,0.12225489026080556,0.019274316728115082,0.24540656805038452,0.060607985348293654,0.020592553940858987,-0.026966309665065063,0.21212159706965875,0.008237021576343595,0.29838202142009607,0.060000000000000005,0.21212159706965875,0.008237021576343595,0.29838202142009607,0.060000000000000005,lm040_ls020_le040,0.36999999999999994,0.26,0.37,0.4,0.2,0.4
beta_conditioned,/mnt/share/nas/Yoo/Tracer/TRACER-ICRA27/results/icra27/phase1a_beta_conditioned_v4_seed27027/checkpoint_update_0030.pt,tracer_cost_v4,tracer_cost_v4,rough,rough_perlin,39,success,True,5,True,False,0,40,1.8828988144571281,0.1469035796003577,1.7359952348567704,8.0,231.32561875891955,8.0,0.2287507445536296,0.12605161934416187,0.6617756358533432,9.150029782145184,5.042064773766475,26.47102543413373,0.21699940435709628,1.3235512717066866,0.01279505020507077,0.0905816821511217,0.034271690994501114,0.15865880250930786,0.06628455240279436,0.020255026490485762,-0.02857916208449751,0.21325691048055884,0.008102010596194305,0.29828525027493014,0.06,0.21325691048055884,0.008102010596194305,0.29828525027493014,0.06,lm040_ls020_le040,0.36999999999999994,0.26,0.37,0.4,0.2,0.4
beta_conditioned,/mnt/share/nas/Yoo/Tracer/TRACER-ICRA27/results/icra27/phase1a_beta_conditioned_v4_seed27027/checkpoint_update_0030.pt,tracer_cost_v4,tracer_cost_v4,rough,rough_perlin,40,success,True,5,True,False,0,39,1.8015716684441132,0.1366170386570867,1.6649546297870266,7.800000000000001,208.85097120418087,7.800000000000001,0.23318034779054062,0.0860108338853446,0.6128002375213583,9.094033563831085,3.354422521528439,23.899209263332974,0.21345572176756752,1.2256004750427165,0.006473538579431484,0.07419342542716972,0.0168534554541111,0.1469852775335312,0.06259376880450127,0.01969149457410169,-0.02907790157657403,0.21251875376090026,0.007876597829640673,0.29825532590540554,0.060000000000000005,0.21251875376090026,0.007876597829640673,0.29825532590540554,0.060000000000000005,lm040_ls020_le040,0.36999999999999994,0.26,0.37,0.4,0.2,0.4
beta_conditioned,/mnt/share/nas/Yoo/Tracer/TRACER-ICRA27/results/icra27/phase1a_beta_conditioned_v4_seed27027/checkpoint_update_0030.pt,tracer_cost_v4,tracer_cost_v4,rough,rough_perlin,41,success,True,5,True,False,0,39,1.7987216025400643,0.12546278543486097,1.6732588171052034,7.800000000000001,207.74766974506178,7.800000000000001,0.2318495485408328,0.059001591330185156,0.609562984697933,9.04213239309248,2.301062061877221,23.77295640321939,0.2145203611673337,1.2191259693958663,0.008141960284375872,0.06351945334046642,0.021754147484898567,0.12337138503789902,0.06268605685386902,0.01945461162652534,-0.029210933388616793,0.21253721137077383,0.007781844650610135,0.2982473439966829,0.060000000000000005,0.21253721137077383,0.007781844650610135,0.2982473439966829,0.060000000000000005,lm040_ls020_le040,0.36999999999999994,0.26,0.37,0.4,0.2,0.4
beta_conditioned,/mnt/share/nas/Yoo/Tracer/TRACER-ICRA27/results/icra27/phase1a_beta_conditioned_v4_seed27027/checkpoint_update_0030.pt,tracer_cost_v4,tracer_cost_v4,rough,rough_perlin,42,success,True,5,True,False,0,39,1.8071922941581364,0.11750836637848708,1.6896839277796494,7.800000000000001,208.41672854235378,7.800000000000001,0.22921731926608183,0.1002610337516995,0.6115261040817326,8.939475451377191,3.9101803163162803,23.84951805918757,0.2166261445871345,1.2230522081634652,0.006246193853701119,0.07798948782325321,0.022778524085879326,0.1097370982170105,0.06101093135583095,0.022751575825401604,-0.024422994480492212,0.21220218627116622,0.00910063033016064,0.29853462033117045,0.060000000000000005,0.21220218627116622,0.00910063033016064,0.29853462033117045,0.060000000000000005,lm040_ls020_le040,0.36999999999999994,0.26,0.37,0.4,0.2,0.4
beta_conditioned,/mnt/share/nas/Yoo/Tracer/TRACER-ICRA27/results/icra27/phase1a_beta_conditioned_v4_seed27027/checkpoint_update_0030.pt,tracer_cost_v4,tracer_cost_v4,rough,rough_perlin,43,time_limit,True,5,False,False,0,50,1.7855203722366515,0.46917591291070715,1.3163444593259443,10.0,276.00330433126345,10.0,0.33545694258425707,0.12791021646934383,0.6316715397157985,16.772847129212852,6.395510823467192,31.583576985789925,0.13163444593259443,1.2633430794315972,0.012145189451229206,0.09231263895915157,0.026330474764108658,0.17656216025352478,0.05715093437582255,0.01898575452505611,-0.03641107665374875,0.21143018687516452,0.0075943018100224444,0.2978153354007751,0.06,0.21143018687516452,0.0075943018100224444,0.2978153354007751,0.06,lm040_ls020_le040,0.36999999999999994,0.26,0.37,0.4,0.2,0.4
beta_conditioned,/mnt/share/nas/Yoo/Tracer/TRACER-ICRA27/results/icra27/phase1a_beta_conditioned_v4_seed27027/checkpoint_update_0030.pt,tracer_cost_v4,tracer_cost_v4,rough,rough_perlin,44,success,True,5,True,False,0,38,1.8017616156772887,0.11180321878955597,1.6899583968877328,7.6,216.98315645127752,7.6,0.22204631630135982,0.10450971051782408,0.6534155397163978,8.437760019451673,3.971368999677315,24.829790509223116,0.2223629469589122,1.3068310794327958,0.007585470168412712,0.08402400431532117,0.019011743366718292,0.18915702402591705,0.06145130921351282,0.021105244676092344,-0.026195942497763195,0.21229026184270258,0.00844209787043694,0.29842824345013413,0.060000000000000005,0.21229026184270258,0.00844209787043694,0.29842824345013413,0.060000000000000005,lm040_ls020_le040,0.36999999999999994,0.26,0.37,0.4,0.2,0.4
beta_conditioned,/mnt/share/nas/Yoo/Tracer/TRACER-ICRA27/results/icra27/phase1a_beta_conditioned_v4_seed27027/checkpoint_update_0030.pt,tracer_cost_v4,tracer_cost_v4,rough,rough_perlin,45,success,True,5,True,False,0,39,1.8070449992102737,0.13415406639183508,1.6728909328184387,7.800000000000001,207.45320839289943,7.800000000000001,0.2319085043560195,0.049193114511710066,0.6086989906953888,9.04443166988476,1.9185314659566925,23.739260637120164,0.21447319651518443,1.2173979813907778,0.008437439052185938,0.05543277008194522,0.022374821826815605,0.1316450834274292,0.06187206573593311,0.019460219104075804,-0.02831545116332097,0.2123744131471866,0.007784087641630322,0.29830107293020075,0.060000000000000005,0.2123744131471866,0.007784087641630322,0.29830107293020075,0.060000000000000005,lm040_ls020_le040,0.36999999999999994,0.26,0.37,0.4,0.2,0.4
beta_conditioned,/mnt/share/nas/Yoo/Tracer/TRACER-ICRA27/results/icra27/phase1a_beta_conditioned_v4_seed27027/checkpoint_update_0030.pt,tracer_cost_v4,tracer_cost_v4,rough,rough_perlin,46,success,True,5,True,False,0,41,1.8004478384078573,0.14531948058007765,1.6551283578277796,8.200000000000001,213.29366999923266,8.200000000000001,0.24769384789210683,0.04758754325868786,0.5953072106946891,10.15544776357638,1.9510892736062022,24.407595638482253,0.20184492168631454,1.190614421389378,0.009483116602265607,0.042146738808699666,0.020504962652921677,0.08030496537685394,0.06210539144713704,0.018759797673627007,-0.030848426108316677,0.2124210782894274,0.007503919069450804,0.298149094433501,0.06,0.2124210782894274,0.007503919069450804,0.298149094433501,0.06,lm040_ls020_le040,0.36999999999999994,0.26,0.37,0.4,0.2,0.4
beta_conditioned,/mnt/share/nas/Yoo/Tracer/TRACER-ICRA27/results/icra27/phase1a_beta_conditioned_v4_seed27027/checkpoint_update_0030.pt,tracer_cost_v4,tracer_cost_v4,rough,rough_perlin,47,success,True,5,True,False,0,39,1.8135544038673177,0.11664086256598173,1.6969135413013359,7.800000000000001,227.7240896723866,7.800000000000001,0.22805872735555516,0.11301125578144229,0.6681768125662421,8.89429036686665,4.407438975476249,26.058895690083443,0.21755301811555583,1.3363536251324843,0.010658614433785945,0.07928685865778522,0.022488201037049294,0.1455133855342865,0.06166488142349781,0.02164389096940748,-0.02569467259141115,0.21233297628469958,0.008657556387762992,0.2984583196445153,0.060000000000000005,0.21233297628469958,0.008657556387762992,0.2984583196445153,0.060000000000000005,lm040_ls020_le040,0.36999999999999994,0.26,0.37,0.4,0.2,0.4
beta_conditioned,/mnt/share/nas/Yoo/Tracer/TRACER-ICRA27/results/icra27/phase1a_beta_conditioned_v4_seed27027/checkpoint_update_0030.pt,tracer_cost_v4,tracer_cost_v4,rough,rough_perlin,30,success,True,5,True,False,0,39,1.8091958132882031,0.11843279794006274,1.6907630153481403,7.800000000000001,216.29171040203462,7.800000000000001,0.22904438856600315,0.04543085236625851,0.634632488151984,8.932731154074123,1.771803242284082,24.75066703792738,0.21676448914719743,1.269264976303968,0.009346428350780136,0.0473879493370176,0.020564449951052666,0.09708411991596222,0.05738376491726973,0.023627553159036696,-0.021121538542688657,0.21147675298345397,0.009451021263614679,0.29873270768743865,0.060000000000000005,0.21147675298345397,0.009451021263614679,0.29873270768743865,0.060000000000000005,lm040_ls000_le060,0.37,0.15,0.48,0.4,0.0,0.6
beta_conditioned,/mnt/share/nas/Yoo/Tracer/TRACER-ICRA27/results/icra27/phase1a_beta_conditioned_v4_seed27027/checkpoint_update_0030.pt,tracer_cost_v4,tracer_cost_v4,rough,rough_perlin,31,success,True,5,True,False,0,38,1.8024137735751302,0.11470760445026673,1.6877061691248634,7.6,214.431154265337,7.6,0.22241674849920012,0.11075878975263771,0.6457305289858152,8.451836442969604,4.208834010600233,24.537760101460975,0.22206660120063998,1.2914610579716304,0.006092418826851328,0.08054654111544926,0.017698029056191444,0.1280478686094284,0.05687888839135045,0.022214869358944463,-0.022681879590412502,0.21137577767827018,0.008885947743577786,0.29863908722457533,0.060000000000000005,0.21137577767827018,0.008885947743577786,0.29863908722457533,0.060000000000000005,lm040_ls000_le060,0.37,0.15,0.48,0.4,0.0,0.6
beta_conditioned,/mnt/share/nas/Yoo/Tracer/TRACER-ICRA27/results/icra27/phase1a_beta_conditioned_v4_seed27027/checkpoint_update_0030.pt,tracer_cost_v4,tracer_cost_v4,rough,rough_perlin,32,success,True,5,True,False,0,39,1.802586193737586,0.14992292771491564,1.6526632660226703,7.800000000000001,196.695777655553,7.800000000000001,0.2351501176245722,0.029589845822583102,0.5771350670374965,9.170854587358315,1.154003987080741,22.508267614462365,0.2118799059003423,1.1542701340749932,0.00875703141252477,0.04089604496829179,0.03409978002309799,0.0706118568778038,0.057834043430212215,0.02128101348838148,-0.02369900333145872,0.2115668086860424,0.008512405395352595,0.29857805980011254,0.060000000000000005,0.2115668086860424,0.008512405395352595,0.29857805980011254,0.060000000000000005,lm040_ls000_le060,0.37,0.15,0.48,0.4,0.0,0.6
beta_conditioned,/mnt/share/nas/Yoo/Tracer/TRACER-ICRA27/results/icra27/phase1a_beta_conditioned_v4_seed27027/checkpoint_update_0030.pt,tracer_cost_v4,tracer_cost_v4,rough,rough_perlin,33,success,True,5,True,False,0,38,1.8144236733210037,0.12661975305276268,1.687803920268241,7.6,211.56269087856268,7.6,0.222400671008513,0.107468261446635,0.6370925379883586,8.451225498323494,4.08379393497213,24.20951644355763,0.22207946319318964,1.2741850759767173,0.006773415820586398,0.08202318556420037,0.014388403855264187,0.175554558634758,0.05760212321030466,0.023549716821626612,-0.021319867209776452,0.21152042464206094,0.009419886728650644,0.29872080796741346,0.060000000000000005,0.21152042464206094,0.009419886728650644,0.29872080796741346,0.060000000000000005,lm040_ls000_le060,0.37,0.15,0.48,0.4,0.0,0.6
beta_conditioned,/mnt/share/nas/Yoo/Tracer/TRACER-ICRA27/results/icra27/phase1a_beta_conditioned_v4_seed27027/checkpoint_update_0030.pt,tracer_cost_v4,tracer_cost_v4,rough,rough_perlin,34,m4,True,5,False,True,1,9,1.8006155508699786,1.3880796085069549,0.4125359423630237,1.7079999999999234,107.68886401968805,1.7079999999999234,0.2001636918469608,1.1611092724828365,1.3692265732184086,1.8014732266226474,10.449983452345528,12.323039158965678,0.23986904652243135,3.488867029284632,0.019088619692197183,0.1612622485533703,0.028746897354722023,0.2640208303928375,0.05476491070455975,0.03752306890156534,-0.007293837921073039,0.21095298214091196,0.015009227560626136,0.2995623697247356,0.060000000000000005,0.21095298214091196,0.015009227560626136,0.2995623697247356,0.060000000000000005,lm040_ls000_le060,0.37,0.15,0.48,0.4,0.0,0.6
beta_conditioned,/mnt/share/nas/Yoo/Tracer/TRACER-ICRA27/results/icra27/phase1a_beta_conditioned_v4_seed27027/checkpoint_update_0030.pt,tracer_cost_v4,tracer_cost_v4,rough,rough_perlin,35,success,True,5,True,False,0,39,1.8310988114736846,0.13310830031487894,1.6979905111588056,7.800000000000001,230.22058422486268,7.800000000000001,0.22788613603224264,0.16624633987743814,0.6755019039742801,8.887559305257463,6.483607255220088,26.344574254996925,0.21769109117420582,1.35100380794856,0.011256295214133358,0.08742642650131603,0.03315556049346924,0.15838328003883362,0.0572663820706881,0.023916194460187584,-0.020979275067265216,0.21145327641413758,0.009566477784075033,0.2987412434959641,0.060000000000000005,0.21145327641413758,0.009566477784075033,0.2987412434959641,0.060000000000000005,lm040_ls000_le060,0.37,0.15,0.48,0.4,0.0,0.6
beta_conditioned,/mnt/share/nas/Yoo/Tracer/TRACER-ICRA27/results/icra27/phase1a_beta_conditioned_v4_seed27027/checkpoint_update_0030.pt,tracer_cost_v4,tracer_cost_v4,rough,rough_perlin,36,success,True,5,True,False,0,40,1.8339173015102326,0.12086003678074062,1.713057264729492,8.0,216.97897556781413,8.0,0.23233480238601692,0.05958537250790874,0.6207328020717142,9.293392095440677,2.3834149003163496,24.82931208286857,0.2141321580911865,1.2414656041434284,0.010894779470437573,0.06336956208601759,0.03463169187307358,0.17765673995018005,0.05840496635064483,0.02298164140083827,-0.021728073782287537,0.21168099327012896,0.009192656560335308,0.29869631557306275,0.06,0.21168099327012896,0.009192656560335308,0.29869631557306275,0.06,lm040_ls000_le060,0.37,0.15,0.48,0.4,0.0,0.6
beta_conditioned,/mnt/share/nas/Yoo/Tracer/TRACER-ICRA27/results/icra27/phase1a_beta_conditioned_v4_seed27027/checkpoint_update_0030.pt,tracer_cost_v4,tracer_cost_v4,rough,rough_perlin,37,success,True,5,True,False,0,39,1.830505723311209,0.14268314619952263,1.6878225771116864,7.800000000000001,231.14553686651192,7.800000000000001,0.22951561264235798,0.13468132644791708,0.6782158544779842,8.951108893051961,5.252571731468766,26.450418324641383,0.21638750988611363,1.356431708955968,0.008347366998425367,0.08626699452340092,0.022754231467843056,0.14641356468200684,0.05905305527341671,0.024212519793460768,-0.0212332598435191,0.21181061105468332,0.009685007917384306,0.2987260044093888,0.060000000000000005,0.21181061105468332,0.009685007917384306,0.2987260044093888,0.060000000000000005,lm040_ls000_le060,0.37,0.15,0.48,0.4,0.0,0.6
beta_conditioned,/mnt/share/nas/Yoo/Tracer/TRACER-ICRA27/results/icra27/phase1a_beta_conditioned_v4_seed27027/checkpoint_update_0030.pt,tracer_cost_v4,tracer_cost_v4,rough,rough_perlin,38,success,True,5,True,False,0,38,1.7964071418518759,0.12340599243441756,1.6730011494174584,7.6,249.25841084306245,7.6,0.2248353372668654,0.2480742799712128,0.7506081196050937,8.543742816140885,9.426822638906087,28.52310854499356,0.22013173018650767,1.5012162392101873,0.008626661637625103,0.12304605434758101,0.020086083561182022,0.2457706481218338,0.05616181128119167,0.022194602456262435,-0.022419537074471776,0.21123236225623834,0.008877840982504973,0.2986548277755317,0.060000000000000005,0.21123236225623834,0.008877840982504973,0.2986548277755317,0.060000000000000005,lm040_ls000_le060,0.37,0.15,0.48,0.4,0.0,0.6
beta_conditioned,/mnt/share/nas/Yoo/Tracer/TRACER-ICRA27/results/icra27/phase1a_beta_conditioned_v4_seed27027/checkpoint_update_0030.pt,tracer_cost_v4,tracer_cost_v4,rough,rough_perlin,39,success,True,5,True,False,0,41,1.8828988144571281,0.12006411676535828,1.76283469769177,8.200000000000001,236.28320257967434,8.200000000000001,0.23127519852259612,0.12244497695317032,0.6594714895299995,9.48228313942644,5.020244055079983,27.038331070729978,0.21497984118192318,1.318942979059999,0.012328134834220184,0.09030521985102526,0.03413262590765953,0.15880665183067322,0.061447434218191516,0.02178569863800232,-0.024266193211987253,0.21228948684363833,0.00871427945520093,0.2985440284072807,0.06,0.21228948684363833,0.00871427945520093,0.2985440284072807,0.06,lm040_ls000_le060,0.37,0.15,0.48,0.4,0.0,0.6
beta_conditioned,/mnt/share/nas/Yoo/Tracer/TRACER-ICRA27/results/icra27/phase1a_beta_conditioned_v4_seed27027/checkpoint_update_0030.pt,tracer_cost_v4,tracer_cost_v4,rough,rough_perlin,40,success,True,5,True,False,0,39,1.8015716684441132,0.14119521571114216,1.660376452732971,7.800000000000001,208.23352812887336,7.800000000000001,0.23391403001074187,0.08700506010901264,0.6109885664478518,9.122647170418933,3.393197344251493,23.82855409146622,0.21286877599140658,1.2219771328957036,0.006310873400437916,0.07428592337491441,0.01625540852546692,0.1481865644454956,0.05816605945046131,0.02132411650680483,-0.024312543157392588,0.21163321189009224,0.008529646602721933,0.2985412474105564,0.060000000000000005,0.21163321189009224,0.008529646602721933,0.2985412474105564,0.060000000000000005,lm040_ls000_le060,0.37,0.15,0.48,0.4,0.0,0.6
beta_conditioned,/mnt/share/nas/Yoo/Tracer/TRACER-ICRA27/results/icra27/phase1a_beta_conditioned_v4_seed27027/checkpoint_update_0030.pt,tracer_cost_v4,tracer_cost_v4,rough,rough_perlin,41,success,True,5,True,False,0,39,1.7987216025400643,0.13681349041847538,1.6619081121215888,7.800000000000001,206.4876040536596,7.800000000000001,0.23366857177538647,0.058363381805745046,0.6058657619819857,9.113074299240072,2.276171890424057,23.628764717297443,0.21306514257969084,1.2117315239639714,0.008003094850121514,0.06318769795459593,0.021167408674955368,0.12039551883935928,0.05832527549220966,0.020983508985059764,-0.024487950516721375,0.21166505509844194,0.008393403594023907,0.2985307229689967,0.060000000000000005,0.21166505509844194,0.008393403594023907,0.2985307229689967,0.060000000000000005,lm040_ls000_le060,0.37,0.15,0.48,0.4,0.0,0.6
beta_conditioned,/mnt/share/nas/Yoo/Tracer/TRACER-ICRA27/results/icra27/phase1a_beta_conditioned_v4_seed27027/checkpoint_update_0030.pt,tracer_cost_v4,tracer_cost_v4,rough,rough_perlin,42,success,True,5,True,False,0,39,1.8071922941581364,0.11543703820920916,1.6917552559489273,7.800000000000001,207.67290625452486,7.800000000000001,0.22888537564921044,0.09745944840159963,0.6093436173447685,8.926529650319207,3.800918487662386,23.76440107644597,0.21689169948063167,1.2186872346895368,0.0067380822741309795,0.07818233937735714,0.02287581004202366,0.10896164923906326,0.05628121309937575,0.024711654270784214,-0.019696654226535406,0.21125624261987516,0.009884661708313685,0.29881820074640797,0.060000000000000005,0.21125624261987516,0.009884661708313685,0.29881820074640797,0.060000000000000005,lm040_ls000_le060,0.37,0.15,0.48,0.4,0.0,0.6
beta_conditioned,/mnt/share/nas/Yoo/Tracer/TRACER-ICRA27/results/icra27/phase1a_beta_conditioned_v4_seed27027/checkpoint_update_0030.pt,tracer_cost_v4,tracer_cost_v4,rough,rough_perlin,43,time_limit,True,5,False,False,0,50,1.7855203722366515,0.4650686355862885,1.320451736650363,10.0,273.6740178291578,10.0,0.33494353291870466,0.12755048926151605,0.626340647048447,16.747176645935234,6.377524463075802,31.317032352422352,0.1320451736650363,1.2526812940968943,0.011867184795177638,0.09221471397092965,0.026221347972750664,0.17684288322925568,0.05463585957884789,0.019296563785756008,-0.03298647377640009,0.2109271719157696,0.007718625514302404,0.298020811573416,0.06,0.2109271719157696,0.007718625514302404,0.298020811573416,0.06,lm040_ls000_le060,0.37,0.15,0.48,0.4,0.0,0.6
beta_conditioned,/mnt/share/nas/Yoo/Tracer/TRACER-ICRA27/results/icra27/phase1a_beta_conditioned_v4_seed27027/checkpoint_update_0030.pt,tracer_cost_v4,tracer_cost_v4,rough,rough_perlin,44,success,True,5,True,False,0,38,1.8017616156772887,0.11527141793141583,1.6864901977458728,7.6,216.2368249913097,7.6,0.22261674379179722,0.10230648162944511,0.6511680630841196,8.459436264088295,3.8876463019189145,24.744386397196543,0.22190660496656217,1.3023361261682393,0.007675030848351465,0.08330213509363855,0.019008252769708633,0.1890912503004074,0.056831857189536095,0.023127167657213777,-0.021482668326873528,0.21136637143790724,0.009250867062885512,0.29871103990038755,0.060000000000000005,0.21136637143790724,0.009250867062885512,0.29871103990038755,0.060000000000000005,lm040_ls000_le060,0.37,0.15,0.48,0.4,0.0,0.6
beta_conditioned,/mnt/share/nas/Yoo/Tracer/TRACER-ICRA27/results/icra27/phase1a_beta_conditioned_v4_seed27027/checkpoint_update_0030.pt,tracer_cost_v4,tracer_cost_v4,rough,rough_perlin,45,success,True,5,True,False,0,39,1.8070449992102737,0.14297581595352493,1.664069183256749,7.800000000000001,205.74754160878783,7.800000000000001,0.233322246272957,0.04870899577018506,0.603694307191121,9.099567604645323,1.8996508350372174,23.54407798045372,0.21334220298163445,1.207388614382242,0.008406859863370695,0.05505126514022576,0.02237088605761528,0.13123591244220734,0.05741382590853251,0.021278055948921695,-0.023632413444992822,0.21148276518170653,0.00851122237956868,0.2985820551933004,0.060000000000000005,0.21148276518170653,0.00851122237956868,0.2985820551933004,0.060000000000000005,lm040_ls000_le060,0.37,0.15,0.48,0.4,0.0,0.6
beta_conditioned,/mnt/share/nas/Yoo/Tracer/TRACER-ICRA27/results/icra27/phase1a_beta_conditioned_v4_seed27027/checkpoint_update_0030.pt,tracer_cost_v4,tracer_cost_v4,rough,rough_perlin,46,success,True,5,True,False,0,41,1.8004478384078573,0.14975173795004004,1.6506961004578171,8.200000000000001,212.2937923742233,8.200000000000001,0.24836949688143034,0.04607810489966258,0.5925165307838297,10.183149372138644,1.8892023008861658,24.293177762137017,0.20130440249485573,1.1850330615676594,0.009485323005973774,0.0417321901018585,0.01871178299188614,0.07853180170059204,0.05802821059052537,0.019987507385383473,-0.02638489413415877,0.21160564211810512,0.00799500295415339,0.29841690635195045,0.06,0.21160564211810512,0.00799500295415339,0.29841690635195045,0.06,lm040_ls000_le060,0.37,0.15,0.48,0.4,0.0,0.6
beta_conditioned,/mnt/share/nas/Yoo/Tracer/TRACER-ICRA27/results/icra27/phase1a_beta_conditioned_v4_seed27027/checkpoint_update_0030.pt,tracer_cost_v4,tracer_cost_v4,rough,rough_perlin,47,success,True,5,True,False,0,39,1.8135544038673177,0.11540423722722565,1.698150166640092,7.800000000000001,230.7602766827189,7.800000000000001,0.22786055021793403,0.10931852978005531,0.6770854430138925,8.886561458499427,4.263422661422157,26.406332277541807,0.21771155982565277,1.3541708860277848,0.010466637662462199,0.0796526121699842,0.022072169929742813,0.14754390716552734,0.056936624340521984,0.023650978094874285,-0.02094731020191923,0.2113873248681044,0.009460391237949716,0.29874316138788487,0.060000000000000005,0.2113873248681044,0.009460391237949716,0.29874316138788487,0.060000000000000005,lm040_ls000_le060,0.37,0.15,0.48,0.4,0.0,0.6
beta_conditioned,/mnt/share/nas/Yoo/Tracer/TRACER-ICRA27/results/icra27/phase1a_beta_conditioned_v4_seed27027/checkpoint_update_0030.pt,tracer_cost_v4,tracer_cost_v4,rough,rough_perlin,30,success,True,5,True,False,0,38,1.8091958132882031,0.14117482710657242,1.6680209861816306,7.6,212.36898424852757,7.6,0.2256544430622318,0.04622306827121294,0.6395205818334284,8.574868836364809,1.7564765943060918,24.30178210967028,0.2194764455502146,1.2790411636668566,0.009311750484075133,0.04627850691034971,0.019665412604808807,0.09941653907299042,0.0704795865243987,0.017402314482943007,-0.0357546966620966,0.21409591730487973,0.006960925793177203,0.29785471820027415,0.060000000000000005,0.21409591730487973,0.006960925793177203,0.29785471820027415,0.060000000000000005,lm020_ls080_le000,0.26,0.59,0.15,0.2,0.8,0.0
beta_conditioned,/mnt/share/nas/Yoo/Tracer/TRACER-ICRA27/results/icra27/phase1a_beta_conditioned_v4_seed27027/checkpoint_update_0030.pt,tracer_cost_v4,tracer_cost_v4,rough,rough_perlin,31,success,True,5,True,False,0,37,1.8024137735751302,0.1437741267616855,1.6586396468134448,7.4,211.98931880758892,7.4,0.21982438398421542,0.1120932530237354,0.6556307102571172,8.13350220741597,4.14745036187821,24.258336279513337,0.22414049281262766,1.3112614205142346,0.005870437189522076,0.08092453242854092,0.017692970111966133,0.12709617614746094,0.06907805901121448,0.01701005836288017,-0.036661647058822015,0.21381561180224287,0.006804023345152068,0.29780030117647066,0.060000000000000005,0.21381561180224287,0.006804023345152068,0.29780030117647066,0.060000000000000005,lm020_ls080_le000,0.26,0.59,0.15,0.2,0.8,0.0
beta_conditioned,/mnt/share/nas/Yoo/Tracer/TRACER-ICRA27/results/icra27/phase1a_beta_conditioned_v4_seed27027/checkpoint_update_0030.pt,tracer_cost_v4,tracer_cost_v4,rough,rough_perlin,32,success,True,5,True,False,0,39,1.802586193737586,0.11963044935357295,1.682955744384013,7.800000000000001,196.390636959564,7.800000000000001,0.23029555378461333,0.029571056411824552,0.5762397382300634,8.98152659759992,1.1532712000611576,22.47334979097247,0.2157635569723093,1.152479476460127,0.008872804068623728,0.0449717778424687,0.03247963264584541,0.07079367339611053,0.06919553054448886,0.01592073315838113,-0.03797050866370018,0.21383910610889778,0.006368293263352453,0.297721769480178,0.060000000000000005,0.21383910610889778,0.006368293263352453,0.297721769480178,0.060000000000000005,lm020_ls080_le000,0.26,0.59,0.15,0.2,0.8,0.0
beta_conditioned,/mnt/share/nas/Yoo/Tracer/TRACER-ICRA27/results/icra27/phase1a_beta_conditioned_v4_seed27027/checkpoint_update_0030.pt,tracer_cost_v4,tracer_cost_v4,rough,rough_perlin,33,success,True,5,True,False,0,37,1.8144236733210037,0.1467888146378785,1.6676348586831253,7.4,210.45375387856848,7.4,0.2183049225197424,0.10841504155798538,0.6508815864299239,8.077282133230469,4.011356537645459,24.082618697907183,0.22535606198420613,1.3017631728598478,0.007009099264491338,0.0830623616550919,0.0159161239862442,0.1792702078819275,0.07060864628166766,0.017358492659499264,-0.03583892807364464,0.21412172925633355,0.006943397063799707,0.2978496643155813,0.060000000000000005,0.21412172925633355,0.006943397063799707,0.2978496643155813,0.060000000000000005,lm020_ls080_le000,0.26,0.59,0.15,0.2,0.8,0.0
beta_conditioned,/mnt/share/nas/Yoo/Tracer/TRACER-ICRA27/results/icra27/phase1a_beta_conditioned_v4_seed27027/checkpoint_update_0030.pt,tracer_cost_v4,tracer_cost_v4,rough,rough_perlin,34,time_limit,True,5,False,False,0,50,1.8006155508699786,0.38600835726777083,1.4146071936022078,10.0,357.15343509579014,10.0,0.32317410079972403,0.4374398529970356,0.8173947801399192,16.158705039986202,21.87199264985178,40.86973900699596,0.14146071936022075,1.6347895602798383,0.012804778823068179,0.1344427964963592,0.028200682252645493,0.2382861077785492,0.06703123234212399,0.01806519939098507,-0.03207150124013424,0.21340624646842482,0.00722607975639403,0.29807570992559196,0.06,0.21340624646842482,0.00722607975639403,0.29807570992559196,0.06,lm020_ls080_le000,0.26,0.59,0.15,0.2,0.8,0.0
beta_conditioned,/mnt/share/nas/Yoo/Tracer/TRACER-ICRA27/results/icra27/phase1a_beta_conditioned_v4_seed27027/checkpoint_update_0030.pt,tracer_cost_v4,tracer_cost_v4,rough,rough_perlin,35,success,True,5,True,False,0,38,1.8310988114736846,0.14790589336184554,1.683192918111839,7.6,224.59860283779486,7.6,0.2231590595210791,0.1343218596651859,0.6763484304172704,8.480044261801005,5.104230667277064,25.701240355856278,0.2214727523831367,1.3526968608345409,0.01124675863316884,0.08649687226857625,0.028554217889904976,0.14897894859313965,0.07027046715742663,0.017686645884072948,-0.03536839748879796,0.21405409343148535,0.00707465835362918,0.29787789615067206,0.060000000000000005,0.21405409343148535,0.00707465835362918,0.29787789615067206,0.060000000000000005,lm020_ls080_le000,0.26,0.59,0.15,0.2,0.8,0.0
beta_conditioned,/mnt/share/nas/Yoo/Tracer/TRACER-ICRA27/results/icra27/phase1a_beta_conditioned_v4_seed27027/checkpoint_update_0030.pt,tracer_cost_v4,tracer_cost_v4,rough,rough_perlin,36,success,True,5,True,False,0,39,1.8339173015102326,0.13908410742652486,1.6948331940837078,7.800000000000001,214.7442651244222,7.800000000000001,0.22839211633273918,0.0593431768842342,0.6300920504024984,8.907292536976827,2.3143838984851337,24.573589965697437,0.21728630693380865,1.260184100804997,0.011955702594997088,0.0622294897787829,0.0350353866815567,0.17756886780261993,0.07110616068045299,0.017239607735507142,-0.03615769080053537,0.21422123213609057,0.006895843094202859,0.29783053855196784,0.060000000000000005,0.21422123213609057,0.006895843094202859,0.29783053855196784,0.060000000000000005,lm020_ls080_le000,0.26,0.59,0.15,0.2,0.8,0.0
beta_conditioned,/mnt/share/nas/Yoo/Tracer/TRACER-ICRA27/results/icra27/phase1a_beta_conditioned_v4_seed27027/checkpoint_update_0030.pt,tracer_cost_v4,tracer_cost_v4,rough,rough_perlin,37,success,True,5,True,False,0,39,1.830505723311209,0.12419013890154014,1.706315584409669,7.800000000000001,237.1715921386836,7.800000000000001,0.22655198967793772,0.14072687493819358,0.6958972091818291,8.83552759743957,5.488348122589549,27.139991158091334,0.21875840825764983,1.3917944183636581,0.009042158629567929,0.08518879876874778,0.028821077197790146,0.14385895431041718,0.0724478182502282,0.017303947768269632,-0.0363465260523252,0.21448956365004568,0.006921579107307852,0.29781920843686055,0.060000000000000005,0.21448956365004568,0.006921579107307852,0.29781920843686055,0.060000000000000005,lm020_ls080_le000,0.26,0.59,0.15,0.2,0.8,0.0
beta_conditioned,/mnt/share/nas/Yoo/Tracer/TRACER-ICRA27/results/icra27/phase1a_beta_conditioned_v4_seed27027/checkpoint_update_0030.pt,tracer_cost_v4,tracer_cost_v4,rough,rough_perlin,38,success,True,5,True,False,0,37,1.7964071418518759,0.1332195982528479,1.663187543599028,7.4,246.16967020421652,7.4,0.2190561581758399,0.2562937211111759,0.7613421120817954,8.105077852506076,9.482867681113508,28.16965814702643,0.22475507345932808,1.5226842241635905,0.00788937239050787,0.12393788253231838,0.019117344170808792,0.2454661875963211,0.06820223319369394,0.01752465825081123,-0.03628231997828226,0.21364044663873877,0.0070098633003244926,0.297823060801303,0.060000000000000005,0.21364044663873877,0.0070098633003244926,0.297823060801303,0.060000000000000005,lm020_ls080_le000,0.26,0.59,0.15,0.2,0.8,0.0
beta_conditioned,/mnt/share/nas/Yoo/Tracer/TRACER-ICRA27/results/icra27/phase1a_beta_conditioned_v4_seed27027/checkpoint_update_0030.pt,tracer_cost_v4,tracer_cost_v4,rough,rough_perlin,39,success,True,5,True,False,0,41,1.8828988144571281,0.12658107753427625,1.756317736922852,8.200000000000001,230.28839489551987,8.200000000000001,0.23226863766419942,0.21082860385572136,0.6427398526224535,9.523014144232176,8.643972758084576,26.352333957520592,0.21418508986864043,1.2854797052449067,0.013476600637346133,0.08410960052381246,0.035321470350027084,0.15783768892288208,0.07363014595537651,0.01585146520718387,-0.03877115917460221,0.2147260291910753,0.006340586082873549,0.2976737304495239,0.06,0.2147260291910753,0.006340586082873549,0.2976737304495239,0.06,lm020_ls080_le000,0.26,0.59,0.15,0.2,0.8,0.0
beta_conditioned,/mnt/share/nas/Yoo/Tracer/TRACER-ICRA27/results/icra27/phase1a_beta_conditioned_v4_seed27027/checkpoint_update_0030.pt,tracer_cost_v4,tracer_cost_v4,rough,rough_perlin,40,success,True,5,True,False,0,39,1.8015716684441132,0.1203441002034402,1.681227568240673,7.800000000000001,209.9316068643764,7.800000000000001,0.23057250508963575,0.09352810089408067,0.6159709854734684,8.992327698495794,3.6475959348691465,24.02286843346527,0.21554199592829143,1.2319419709469368,0.006669490063145404,0.07540248523596856,0.017244437709450722,0.14713937044143677,0.06940904479378308,0.016240741166536912,-0.03853812598838256,0.21388180895875664,0.006496296466614766,0.297687712440697,0.060000000000000005,0.21388180895875664,0.006496296466614766,0.297687712440697,0.060000000000000005,lm020_ls080_le000,0.26,0.59,0.15,0.2,0.8,0.0
beta_conditioned,/mnt/share/nas/Yoo/Tracer/TRACER-ICRA27/results/icra27/phase1a_beta_conditioned_v4_seed27027/checkpoint_update_0030.pt,tracer_cost_v4,tracer_cost_v4,rough,rough_perlin,41,success,True,5,True,False,0,38,1.7987216025400643,0.14925927546674386,1.6494623270733204,7.6,203.95767996768132,7.6,0.2287068540997828,0.05967028156723663,0.6141910723163054,8.690860455791746,2.267470699554992,23.339260748019605,0.21703451672017374,1.228382144632611,0.008633929313757688,0.06375303359804567,0.02258552983403206,0.11986779421567917,0.0697446190997174,0.0165237428576036,-0.03816143575271493,0.21394892381994352,0.0066094971430414404,0.2977103138548371,0.060000000000000005,0.21394892381994352,0.0066094971430414404,0.2977103138548371,0.060000000000000005,lm020_ls080_le000,0.26,0.59,0.15,0.2,0.8,0.0
beta_conditioned,/mnt/share/nas/Yoo/Tracer/TRACER-ICRA27/results/icra27/phase1a_beta_conditioned_v4_seed27027/checkpoint_update_0030.pt,tracer_cost_v4,tracer_cost_v4,rough,rough_perlin,42,success,True,5,True,False,0,39,1.8071922941581364,0.12229522024166262,1.6848970739164737,7.800000000000001,210.4608785900274,7.800000000000001,0.2299844432826164,0.09293275754379421,0.6175239485136794,8.96939328802204,3.624377544207974,24.0834339920335,0.2160124453739069,1.235047897027359,0.005871274049822813,0.07819703142358729,0.022618552669882774,0.10750290006399155,0.06957350996060249,0.017841380170862883,-0.034651017389618434,0.21391470199212045,0.0071365520683451525,0.2979209389566228,0.060000000000000005,0.21391470199212045,0.0071365520683451525,0.2979209389566228,0.060000000000000005,lm020_ls080_le000,0.26,0.59,0.15,0.2,0.8,0.0
beta_conditioned,/mnt/share/nas/Yoo/Tracer/TRACER-ICRA27/results/icra27/phase1a_beta_conditioned_v4_seed27027/checkpoint_update_0030.pt,tracer_cost_v4,tracer_cost_v4,rough,rough_perlin,43,time_limit,True,5,False,False,0,50,1.7855203722366515,0.4598041473080064,1.3257162249286452,10.0,276.3256952846259,10.0,0.3342854718839194,0.12677123891572534,0.6324093757732121,16.71427359419597,6.3385619457862665,31.620468788660606,0.13257162249286447,1.2648187515464246,0.012344838619461031,0.09223900616225653,0.027151087298989296,0.1778712123632431,0.05951043091714382,0.018741239693481473,-0.04249543067067862,0.21190208618342876,0.00749649587739259,0.2974502741597593,0.06,0.21190208618342876,0.00749649587739259,0.2974502741597593,0.06,lm020_ls080_le000,0.26,0.59,0.15,0.2,0.8,0.0
beta_conditioned,/mnt/share/nas/Yoo/Tracer/TRACER-ICRA27/results/icra27/phase1a_beta_conditioned_v4_seed27027/checkpoint_update_0030.pt,tracer_cost_v4,tracer_cost_v4,rough,rough_perlin,44,success,True,5,True,False,0,38,1.8017616156772887,0.11124717817697934,1.6905144375003094,7.6,214.93804178727808,7.6,0.22195486225323857,0.12752917664389338,0.6472569524609895,8.434284765623065,4.846108712467948,24.5957641935176,0.22243611019740914,1.294513904921979,0.007271365219292147,0.08497158191614479,0.01732497848570347,0.18706822395324707,0.06936999214322943,0.016468787470856977,-0.03609681379442152,0.2138739984286459,0.006587514988342791,0.29783419117233473,0.060000000000000005,0.2138739984286459,0.006587514988342791,0.29783419117233473,0.060000000000000005,lm020_ls080_le000,0.26,0.59,0.15,0.2,0.8,0.0
beta_conditioned,/mnt/share/nas/Yoo/Tracer/TRACER-ICRA27/results/icra27/phase1a_beta_conditioned_v4_seed27027/checkpoint_update_0030.pt,tracer_cost_v4,tracer_cost_v4,rough,rough_perlin,45,success,True,5,True,False,0,39,1.8070449992102737,0.11867986992162345,1.6883651292886503,7.800000000000001,209.32029601745901,7.800000000000001,0.2294286651781009,0.050185245299782785,0.6141773072826014,8.947717941945935,1.9572245666915287,23.952914984021454,0.21645706785751925,1.228354614565203,0.009080400372936037,0.05741433752392384,0.025164378806948662,0.13125993311405182,0.06878028647639813,0.016126917146044806,-0.03778413793024344,0.21375605729527963,0.006450766858417923,0.29773295172418546,0.060000000000000005,0.21375605729527963,0.006450766858417923,0.29773295172418546,0.060000000000000005,lm020_ls080_le000,0.26,0.59,0.15,0.2,0.8,0.0
beta_conditioned,/mnt/share/nas/Yoo/Tracer/TRACER-ICRA27/results/icra27/phase1a_beta_conditioned_v4_seed27027/checkpoint_update_0030.pt,tracer_cost_v4,tracer_cost_v4,rough,rough_perlin,46,success,True,5,True,False,0,40,1.8004478384078573,0.14882877232002792,1.6516190660878294,8.0,207.9421641310874,8.0,0.24193452092377665,0.05105610947612997,0.5948803190362787,9.677380836951066,2.042244379045199,23.795212761451147,0.20645238326097867,1.1897606380725574,0.009719006039187454,0.04278010014289383,0.020926259458065033,0.08398454636335373,0.06846614247187972,0.01604867940186523,-0.03926472929306328,0.21369322849437594,0.006419471760746092,0.29764411624241616,0.06,0.21369322849437594,0.006419471760746092,0.29764411624241616,0.06,lm020_ls080_le000,0.26,0.59,0.15,0.2,0.8,0.0
beta_conditioned,/mnt/share/nas/Yoo/Tracer/TRACER-ICRA27/results/icra27/phase1a_beta_conditioned_v4_seed27027/checkpoint_update_0030.pt,tracer_cost_v4,tracer_cost_v4,rough,rough_perlin,47,success,True,5,True,False,0,38,1.8135544038673177,0.14447559155742418,1.6690788123098934,7.6,226.60303430943586,7.6,0.22548045850166226,0.11743898364489609,0.6823845057204747,8.568257423063166,4.462681378506051,25.93061121737804,0.21961563319867017,1.3647690114409492,0.011453447789231231,0.07994423302540556,0.022475816309452057,0.14869681000709534,0.07003678734365262,0.017243188042285557,-0.0354160713031888,0.21400735746873054,0.006897275216914223,0.2978750357218087,0.060000000000000005,0.21400735746873054,0.006897275216914223,0.2978750357218087,0.060000000000000005,lm020_ls080_le000,0.26,0.59,0.15,0.2,0.8,0.0
beta_conditioned,/mnt/share/nas/Yoo/Tracer/TRACER-ICRA27/results/icra27/phase1a_beta_conditioned_v4_seed27027/checkpoint_update_0030.pt,tracer_cost_v4,tracer_cost_v4,rough,rough_perlin,30,success,True,5,True,False,0,39,1.8091958132882031,0.11120313081627474,1.6979926824719285,7.800000000000001,217.43139642372734,7.800000000000001,0.22788578806539617,0.04413463491434162,0.6379764987676219,8.88754573455045,1.7212507616593233,24.881083451937254,0.21769136954768312,1.275952997535244,0.00920534559342323,0.04601531351750435,0.020420929417014122,0.09997858852148056,0.06621376596964322,0.018802897694210213,-0.03157159781608826,0.21324275319392866,0.007521159077684085,0.29810570413103465,0.060000000000000005,0.21324275319392866,0.007521159077684085,0.29810570413103465,0.060000000000000005,lm020_ls060_le020,0.26,0.48,0.26,0.2,0.6,0.2
beta_conditioned,/mnt/share/nas/Yoo/Tracer/TRACER-ICRA27/results/icra27/phase1a_beta_conditioned_v4_seed27027/checkpoint_update_0030.pt,tracer_cost_v4,tracer_cost_v4,rough,rough_perlin,31,success,True,5,True,False,0,37,1.8024137735751302,0.1460577127608033,1.6563560608143268,7.4,211.76244912435024,7.4,0.2202101248624448,0.11313910507068736,0.6549290582475055,8.147774619910457,4.186146887615433,24.2323751551577,0.22383190011004414,1.3098581164950112,0.00611603308947615,0.08161334574446942,0.018319737166166306,0.12812292575836182,0.06524503110228358,0.018555831716307817,-0.032391398465512575,0.21304900622045675,0.007422332686523125,0.2980565160920692,0.060000000000000005,0.21304900622045675,0.007422332686523125,0.2980565160920692,0.060000000000000005,lm020_ls060_le020,0.26,0.48,0.26,0.2,0.6,0.2
beta_conditioned,/mnt/share/nas/Yoo/Tracer/TRACER-ICRA27/results/icra27/phase1a_beta_conditioned_v4_seed27027/checkpoint_update_0030.pt,tracer_cost_v4,tracer_cost_v4,rough,rough_perlin,32,success,True,5,True,False,0,39,1.802586193737586,0.1399326724176093,1.6626535213199767,7.800000000000001,198.28530666975544,7.800000000000001,0.2335491151730807,0.027879897614195306,0.581798984815011,9.108415491750147,1.087316006953617,22.69016040778543,0.21316070786153546,1.1635979696300216,0.008837428360194202,0.0409520391647575,0.033820006996393204,0.07107071578502655,0.06574956413645011,0.017465081944978103,-0.03376117238822656,0.21314991282729004,0.0069860327779912405,0.29797432965670645,0.060000000000000005,0.21314991282729004,0.0069860327779912405,0.29797432965670645,0.060000000000000005,lm020_ls060_le020,0.26,0.48,0.26,0.2,0.6,0.2
beta_conditioned,/mnt/share/nas/Yoo/Tracer/TRACER-ICRA27/results/icra27/phase1a_beta_conditioned_v4_seed27027/checkpoint_update_0030.pt,tracer_cost_v4,tracer_cost_v4,rough,rough_perlin,33,success,True,5,True,False,0,38,1.8144236733210037,0.11903330116848948,1.6953903721525143,7.6,212.28127429498045,7.6,0.22115289931702073,0.10499484322685346,0.6392564551262092,8.403810174046788,3.9898040426204315,24.291745294795952,0.22307768054638344,1.2785129102524184,0.007075959080990324,0.08153230040493002,0.015302138403058052,0.17445489764213562,0.06638418481146034,0.018800597987137735,-0.03166517806484511,0.21327683696229202,0.007520239194855095,0.2981000893161093,0.060000000000000005,0.21327683696229202,0.007520239194855095,0.2981000893161093,0.060000000000000005,lm020_ls060_le020,0.26,0.48,0.26,0.2,0.6,0.2
beta_conditioned,/mnt/share/nas/Yoo/Tracer/TRACER-ICRA27/results/icra27/phase1a_beta_conditioned_v4_seed27027/checkpoint_update_0030.pt,tracer_cost_v4,tracer_cost_v4,rough,rough_perlin,34,m4,True,5,False,True,1,9,1.8006155508699786,1.3870010197913607,0.4136145310786179,1.701999999999924,107.98111422520023,1.701999999999924,0.1985380668936864,0.8842432058975578,1.3729424332663207,1.7868426020431776,7.9581888530780205,12.356481899396886,0.24116954648505087,3.589296700643868,0.01913010450705844,0.16095992258124545,0.02857721596956253,0.2633267641067505,0.06471166097455555,0.03486126081811057,-0.01660207627962033,0.21294233219491113,0.013944504327244228,0.29900387542322276,0.060000000000000005,0.21294233219491113,0.013944504327244228,0.29900387542322276,0.060000000000000005,lm020_ls060_le020,0.26,0.48,0.26,0.2,0.6,0.2
beta_conditioned,/mnt/share/nas/Yoo/Tracer/TRACER-ICRA27/results/icra27/phase1a_beta_conditioned_v4_seed27027/checkpoint_update_0030.pt,tracer_cost_v4,tracer_cost_v4,rough,rough_perlin,35,success,True,5,True,False,0,39,1.8310988114736846,0.12159990261577647,1.709498908857908,7.800000000000001,234.3958597522609,7.800000000000001,0.22604184152918144,0.17316974893529072,0.6877527918689088,8.815631819638076,6.753620208476338,26.822358882887443,0.21916652677665488,1.3755055837378176,0.011641609812840448,0.08781992925554363,0.03174463286995888,0.15512828528881073,0.06598746136595042,0.019241524558777038,-0.03133979071982396,0.2131974922731901,0.0076966098235108135,0.2981196125568105,0.060000000000000005,0.2131974922731901,0.0076966098235108135,0.2981196125568105,0.060000000000000005,lm020_ls060_le020,0.26,0.48,0.26,0.2,0.6,0.2
beta_conditioned,/mnt/share/nas/Yoo/Tracer/TRACER-ICRA27/results/icra27/phase1a_beta_conditioned_v4_seed27027/checkpoint_update_0030.pt,tracer_cost_v4,tracer_cost_v4,rough,rough_perlin,36,success,True,5,True,False,0,39,1.8339173015102326,0.14966640007237075,1.6842509014378617,7.800000000000001,213.45207477339542,7.800000000000001,0.23008799656444529,0.05939129747522107,0.6263005690918473,8.973431866013366,2.316260601533622,24.425722194582043,0.21592960274844386,1.2526011381836946,0.011716950594305784,0.06308532036456752,0.03549524396657944,0.17759481072425842,0.0671307646120206,0.018808639510564554,-0.03171633234104285,0.21342615292240416,0.007523455804225822,0.2980970200595374,0.060000000000000005,0.21342615292240416,0.007523455804225822,0.2980970200595374,0.060000000000000005,lm020_ls060_le020,0.26,0.48,0.26,0.2,0.6,0.2
beta_conditioned,/mnt/share/nas/Yoo/Tracer/TRACER-ICRA27/results/icra27/phase1a_beta_conditioned_v4_seed27027/checkpoint_update_0030.pt,tracer_cost_v4,tracer_cost_v4,rough,rough_perlin,37,success,True,5,True,False,0,39,1.830505723311209,0.129556426461054,1.700949296850155,7.800000000000001,232.45861659905847,7.800000000000001,0.22741197165862895,0.13801472835123393,0.6820686283834613,8.86906689468653,5.382574405698123,26.60067650695499,0.21807042267309676,1.3641372567669223,0.008507673541660344,0.08632823705385045,0.023582201451063156,0.1451112926006317,0.0682162745640828,0.019316518865077972,-0.031781868531535834,0.21364325491281655,0.007726607546031187,0.29809308788810784,0.060000000000000005,0.21364325491281655,0.007726607546031187,0.29809308788810784,0.060000000000000005,lm020_ls060_le020,0.26,0.48,0.26,0.2,0.6,0.2
beta_conditioned,/mnt/share/nas/Yoo/Tracer/TRACER-ICRA27/results/icra27/phase1a_beta_conditioned_v4_seed27027/checkpoint_update_0030.pt,tracer_cost_v4,tracer_cost_v4,rough,rough_perlin,38,success,True,5,True,False,0,37,1.7964071418518759,0.13326512670451315,1.6631420151473628,7.4,242.07488935921612,7.4,0.21906384879267524,0.26261291678185705,0.7486779642423865,8.105362405328984,9.71667792092871,27.7010846769683,0.22474892096585977,1.497355928484773,0.00911216581684128,0.1254233043926914,0.019509682431817055,0.23986808955669403,0.06450520002761402,0.018886920566532156,-0.03191762893284495,0.21290104000552282,0.00755476822661286,0.2980849422640293,0.060000000000000005,0.21290104000552282,0.00755476822661286,0.2980849422640293,0.060000000000000005,lm020_ls060_le020,0.26,0.48,0.26,0.2,0.6,0.2
beta_conditioned,/mnt/share/nas/Yoo/Tracer/TRACER-ICRA27/results/icra27/phase1a_beta_conditioned_v4_seed27027/checkpoint_update_0030.pt,tracer_cost_v4,tracer_cost_v4,rough,rough_perlin,39,success,True,5,True,False,0,41,1.8828988144571281,0.12819609655894196,1.7547027178981862,8.200000000000001,220.50166621433297,8.200000000000001,0.23251482958869113,0.16552575412611564,0.6154248828296601,9.533108013136337,6.786555919170741,25.232420196016065,0.2139881363290471,1.23084976565932,0.012543806351863054,0.08744650738166142,0.03451266884803772,0.15851230919361115,0.06997024640440941,0.017587973193191674,-0.03444871565372479,0.21399404928088192,0.007035189277276669,0.2979330770607765,0.06,0.21399404928088192,0.007035189277276669,0.2979330770607765,0.06,lm020_ls060_le020,0.26,0.48,0.26,0.2,0.6,0.2
beta_conditioned,/mnt/share/nas/Yoo/Tracer/TRACER-ICRA27/results/icra27/phase1a_beta_conditioned_v4_seed27027/checkpoint_update_0030.pt,tracer_cost_v4,tracer_cost_v4,rough,rough_perlin,40,success,True,5,True,False,0,39,1.8015716684441132,0.1303277395686719,1.6712439288754413,7.800000000000001,208.7606581895,7.800000000000001,0.2321724472956024,0.08797624689867373,0.6125352455199871,9.054725444528493,3.4310736290482753,23.888874575279495,0.21426204216351807,1.2250704910399748,0.0063801675659707225,0.07471733122217138,0.01712670922279358,0.14774394035339355,0.0660192989386045,0.017667984549636737,-0.03439325975397459,0.21320385978772086,0.007067193819854696,0.2979364044147616,0.060000000000000005,0.21320385978772086,0.007067193819854696,0.2979364044147616,0.060000000000000005,lm020_ls060_le020,0.26,0.48,0.26,0.2,0.6,0.2
beta_conditioned,/mnt/share/nas/Yoo/Tracer/TRACER-ICRA27/results/icra27/phase1a_beta_conditioned_v4_seed27027/checkpoint_update_0030.pt,tracer_cost_v4,tracer_cost_v4,rough,rough_perlin,41,success,True,5,True,False,0,39,1.7987216025400643,0.11934658109185049,1.6793750214482137,7.800000000000001,207.9116305963953,7.800000000000001,0.2308693875884273,0.058936679335282564,0.6100440705557678,9.003906115948665,2.29853049407602,23.791718751674946,0.21530448992925813,1.2200881411115359,0.008488408291668512,0.06344087536726989,0.022730756551027298,0.11998047679662704,0.06605785359174778,0.017659063777850512,-0.034451821174186006,0.21321157071834954,0.007063625511140205,0.29793289072954876,0.060000000000000005,0.21321157071834954,0.007063625511140205,0.29793289072954876,0.060000000000000005,lm020_ls060_le020,0.26,0.48,0.26,0.2,0.6,0.2
beta_conditioned,/mnt/share/nas/Yoo/Tracer/TRACER-ICRA27/results/icra27/phase1a_beta_conditioned_v4_seed27027/checkpoint_update_0030.pt,tracer_cost_v4,tracer_cost_v4,rough,rough_perlin,42,success,True,5,True,False,0,39,1.8071922941581364,0.12359143611097052,1.683600858047166,7.800000000000001,209.94508899462505,7.800000000000001,0.2301921701847491,0.09478083088223498,0.6160105440762895,8.977494637205215,3.696452404407164,24.024411218975292,0.2158462638522007,1.232021088152579,0.005920324711505881,0.07816507348684991,0.022714322432875633,0.10763372480869293,0.06523059423153217,0.0200712546103228,-0.029975435338341273,0.21304611884630645,0.008028501844129121,0.29820147387969953,0.060000000000000005,0.21304611884630645,0.008028501844129121,0.29820147387969953,0.060000000000000005,lm020_ls060_le020,0.26,0.48,0.26,0.2,0.6,0.2
beta_conditioned,/mnt/share/nas/Yoo/Tracer/TRACER-ICRA27/results/icra27/phase1a_beta_conditioned_v4_seed27027/checkpoint_update_0030.pt,tracer_cost_v4,tracer_cost_v4,rough,rough_perlin,43,time_limit,True,5,False,False,0,50,1.7855203722366515,0.4643027789279295,1.321217593308722,10.0,276.32932395405453,10.0,0.33484780083640975,0.12769073263788502,0.6324176804825006,16.74239004182049,6.384536631894251,31.62088402412503,0.13212175933087217,1.2648353609650014,0.012187274869632232,0.0923327852692085,0.026670411229133606,0.1771744340658188,0.058135163336992264,0.018741843935567885,-0.039928232450038195,0.21162703266739846,0.007496737574227156,0.29760430605299765,0.06,0.21162703266739846,0.007496737574227156,0.29760430605299765,0.06,lm020_ls060_le020,0.26,0.48,0.26,0.2,0.6,0.2
beta_conditioned,/mnt/share/nas/Yoo/Tracer/TRACER-ICRA27/results/icra27/phase1a_beta_conditioned_v4_seed27027/checkpoint_update_0030.pt,tracer_cost_v4,tracer_cost_v4,rough,rough_perlin,44,success,True,5,True,False,0,38,1.8017616156772887,0.11066357106809097,1.6910980446091977,7.6,217.04180554790472,7.6,0.2218588742419083,0.10481921360330249,0.6535921535686123,8.430637221192516,3.9831301169254942,24.83650183560727,0.22251290060647336,1.3071843071372247,0.007615230375207859,0.08428931071003529,0.018985234200954437,0.18924149870872498,0.06536952161083096,0.01829666207624158,-0.03171252045094183,0.21307390432216625,0.007318664830496633,0.2980972487729434,0.060000000000000005,0.21307390432216625,0.007318664830496633,0.2980972487729434,0.060000000000000005,lm020_ls060_le020,0.26,0.48,0.26,0.2,0.6,0.2
beta_conditioned,/mnt/share/nas/Yoo/Tracer/TRACER-ICRA27/results/icra27/phase1a_beta_conditioned_v4_seed27027/checkpoint_update_0030.pt,tracer_cost_v4,tracer_cost_v4,rough,rough_perlin,45,success,True,5,True,False,0,39,1.8070449992102737,0.1256500170950306,1.6813949821152432,7.800000000000001,207.4355504644122,7.800000000000001,0.2305456759430701,0.04886548690567092,0.6086471796709597,8.991281361779734,1.905753989321166,23.73724000716743,0.21556345924554393,1.2172943593419192,0.008632898744172827,0.05660588543424304,0.022375723347067833,0.1278592348098755,0.06529637015400788,0.017431734290230684,-0.03358248965098308,0.2130592740308016,0.006972693716092275,0.29798505062094105,0.060000000000000005,0.2130592740308016,0.006972693716092275,0.29798505062094105,0.060000000000000005,lm020_ls060_le020,0.26,0.48,0.26,0.2,0.6,0.2
beta_conditioned,/mnt/share/nas/Yoo/Tracer/TRACER-ICRA27/results/icra27/phase1a_beta_conditioned_v4_seed27027/checkpoint_update_0030.pt,tracer_cost_v4,tracer_cost_v4,rough,rough_perlin,46,success,True,5,True,False,0,41,1.8004478384078573,0.140786368880786,1.6596614695270713,8.200000000000001,213.23516716337156,8.200000000000001,0.24700282476721477,0.05007665822743995,0.595143928024208,10.127115815455806,2.053142987325038,24.400901048992527,0.2023977401862282,1.190287856048416,0.009592230121841766,0.04249111659642169,0.02078496478497982,0.08236879110336304,0.06498629672498238,0.0171806999857015,-0.03577868520032342,0.21299725934499647,0.0068722799942806,0.2978532788879806,0.06,0.21299725934499647,0.0068722799942806,0.2978532788879806,0.06,lm020_ls060_le020,0.26,0.48,0.26,0.2,0.6,0.2
beta_conditioned,/mnt/share/nas/Yoo/Tracer/TRACER-ICRA27/results/icra27/phase1a_beta_conditioned_v4_seed27027/checkpoint_update_0030.pt,tracer_cost_v4,tracer_cost_v4,rough,rough_perlin,47,success,True,5,True,False,0,38,1.8135544038673177,0.148541476547339,1.6650129273199787,7.6,225.60528374606687,7.6,0.2261491895855298,0.11511898906449328,0.6793799143340806,8.593669204250132,4.374521584450744,25.816436744695064,0.21908064833157614,1.3587598286681613,0.010871693834536495,0.07898353225952054,0.022025782614946365,0.14506249129772186,0.06587747739333856,0.01936623648936419,-0.030860844754466887,0.21317549547866768,0.007746494595745675,0.29814834931473194,0.060000000000000005,0.21317549547866768,0.007746494595745675,0.29814834931473194,0.060000000000000005,lm020_ls060_le020,0.26,0.48,0.26,0.2,0.6,0.2
beta_conditioned,/mnt/share/nas/Yoo/Tracer/TRACER-ICRA27/results/icra27/phase1a_beta_conditioned_v4_seed27027/checkpoint_update_0030.pt,tracer_cost_v4,tracer_cost_v4,rough,rough_perlin,30,success,True,5,True,False,0,39,1.8091958132882031,0.10987404782673606,1.699321765461467,7.800000000000001,219.08817178523984,7.800000000000001,0.22767279399655982,0.04420217615648971,0.6428377274667304,8.879238965865833,1.7238848701030989,25.070671371202486,0.21786176480275218,1.2856754549334606,0.008986641939719126,0.04634222212986565,0.019457824528217316,0.1005709245800972,0.061667909511388876,0.020762227293557655,-0.026876417609552544,0.21233358190227777,0.008304890917423062,0.29838741494342685,0.060000000000000005,0.21233358190227777,0.008304890917423062,0.29838741494342685,0.060000000000000005,lm020_ls040_le040,0.26,0.36999999999999994,0.37,0.2,0.4,0.4
beta_conditioned,/mnt/share/nas/Yoo/Tracer/TRACER-ICRA27/results/icra27/phase1a_beta_conditioned_v4_seed27027/checkpoint_update_0030.pt,tracer_cost_v4,tracer_cost_v4,rough,rough_perlin,31,success,True,5,True,False,0,38,1.8024137735751302,0.10887401088924482,1.6935397626858855,7.6,215.77104051749768,7.6,0.22145727587403202,0.11004688526937147,0.6497654159002321,8.415376483213217,4.181781640236116,24.691085804208818,0.22283417930077434,1.2995308318004641,0.005926286597492481,0.08034233927516479,0.01762322150170803,0.12781259417533875,0.060855444128576075,0.019937776755173935,-0.028159722465237503,0.2121710888257152,0.007975110702069577,0.29831041665208574,0.060000000000000005,0.2121710888257152,0.007975110702069577,0.29831041665208574,0.060000000000000005,lm020_ls040_le040,0.26,0.36999999999999994,0.37,0.2,0.4,0.4
beta_conditioned,/mnt/share/nas/Yoo/Tracer/TRACER-ICRA27/results/icra27/phase1a_beta_conditioned_v4_seed27027/checkpoint_update_0030.pt,tracer_cost_v4,tracer_cost_v4,rough,rough_perlin,32,success,True,5,True,False,0,39,1.802586193737586,0.1471126663744046,1.6554735273631813,7.800000000000001,197.34345478825676,7.800000000000001,0.23469975523025943,0.027876831530356184,0.5790354493937271,9.153290453980118,1.0871964296838912,22.582382526355357,0.21224019581579248,1.1580708987874537,0.008836958370850358,0.040900024665932504,0.03427809476852417,0.07084842771291733,0.06169744571432089,0.01897150029738744,-0.029297610816474143,0.2123394891428642,0.007588600118954976,0.2982421433510115,0.060000000000000005,0.2123394891428642,0.007588600118954976,0.2982421433510115,0.060000000000000005,lm020_ls040_le040,0.26,0.36999999999999994,0.37,0.2,0.4,0.4
beta_conditioned,/mnt/share/nas/Yoo/Tracer/TRACER-ICRA27/results/icra27/phase1a_beta_conditioned_v4_seed27027/checkpoint_update_0030.pt,tracer_cost_v4,tracer_cost_v4,rough,rough_perlin,33,success,True,5,True,False,0,38,1.8144236733210037,0.12536751326573384,1.6890561600552698,7.6,211.0608391748536,7.6,0.22219471051722536,0.10596516077301586,0.6355812792012725,8.443398999654564,4.026676109374603,24.152088609648356,0.2222442315862197,1.2711625584025452,0.006866485061517266,0.08155811897720341,0.014639601111412048,0.17473569512367249,0.061878045334627756,0.02084522564607476,-0.026930862792620535,0.21237560906692554,0.008338090258429907,0.29838414823244275,0.060000000000000005,0.21237560906692554,0.008338090258429907,0.29838414823244275,0.060000000000000005,lm020_ls040_le040,0.26,0.36999999999999994,0.37,0.2,0.4,0.4
beta_conditioned,/mnt/share/nas/Yoo/Tracer/TRACER-ICRA27/results/icra27/phase1a_beta_conditioned_v4_seed27027/checkpoint_update_0030.pt,tracer_cost_v4,tracer_cost_v4,rough,rough_perlin,34,m4,True,5,False,True,1,9,1.8006155508699786,1.3880279212908164,0.4125876295791622,1.701999999999924,108.81128644476317,1.701999999999924,0.19916604306625513,0.9269507696407059,1.3834977852399981,1.7924943875962962,8.342556926766353,12.451480067159983,0.2406671655469959,3.6313549337919278,0.019274033589776033,0.16129464453311518,0.029059849679470062,0.26412978768348694,0.0594802995522817,0.036022006223599114,-0.012133754996789826,0.21189605991045635,0.014408802489439647,0.2992719747001926,0.060000000000000005,0.21189605991045635,0.014408802489439647,0.2992719747001926,0.060000000000000005,lm020_ls040_le040,0.26,0.36999999999999994,0.37,0.2,0.4,0.4
beta_conditioned,/mnt/share/nas/Yoo/Tracer/TRACER-ICRA27/results/icra27/phase1a_beta_conditioned_v4_seed27027/checkpoint_update_0030.pt,tracer_cost_v4,tracer_cost_v4,rough,rough_perlin,35,success,True,5,True,False,0,39,1.8310988114736846,0.1268162859116844,1.7042825255620002,7.800000000000001,233.47427349413684,7.800000000000001,0.2268778003907051,0.17030884769537058,0.68504871884201,8.848234215237499,6.642045060119453,26.71690003483839,0.21849775968743587,1.37009743768402,0.011359381342003318,0.08775632487460967,0.032400943338871,0.1564326137304306,0.061499933210703045,0.02120413968954474,-0.02661844338170993,0.2122999866421406,0.008481655875817899,0.29840289339709747,0.060000000000000005,0.2122999866421406,0.008481655875817899,0.29840289339709747,0.060000000000000005,lm020_ls040_le040,0.26,0.36999999999999994,0.37,0.2,0.4,0.4
beta_conditioned,/mnt/share/nas/Yoo/Tracer/TRACER-ICRA27/results/icra27/phase1a_beta_conditioned_v4_seed27027/checkpoint_update_0030.pt,tracer_cost_v4,tracer_cost_v4,rough,rough_perlin,36,success,True,5,True,False,0,40,1.8339173015102326,0.11852523812431454,1.715392063385918,8.0,217.437559756999,8.0,0.23196999009595035,0.06099805438338701,0.6220447183437566,9.278799603838014,2.4399221753354805,24.881788733750266,0.21442400792323973,1.2440894366875135,0.011269146110642574,0.06347708961805269,0.03488844260573387,0.177629753947258,0.06262907413765788,0.02022097568551544,-0.027351284597534685,0.2125258148275316,0.008088390274206176,0.2983589229241479,0.06,0.2125258148275316,0.008088390274206176,0.2983589229241479,0.06,lm020_ls040_le040,0.26,0.36999999999999994,0.37,0.2,0.4,0.4
beta_conditioned,/mnt/share/nas/Yoo/Tracer/TRACER-ICRA27/results/icra27/phase1a_beta_conditioned_v4_seed27027/checkpoint_update_0030.pt,tracer_cost_v4,tracer_cost_v4,rough,rough_perlin,37,success,True,5,True,False,0,39,1.830505723311209,0.13723342051292384,1.6932723027982852,7.800000000000001,231.30661992472812,7.800000000000001,0.22864225916694153,0.13359165469572679,0.6786884964569341,8.91704810751072,5.210074533133345,26.46885136182043,0.21708619266644677,1.3573769929138682,0.0083643789345802,0.0861970269516248,0.022958088666200638,0.14572735130786896,0.06354523383272,0.021482639217701476,-0.026967224951546926,0.21270904676654398,0.00859305568708059,0.29838196650290716,0.060000000000000005,0.21270904676654398,0.00859305568708059,0.29838196650290716,0.060000000000000005,lm020_ls040_le040,0.26,0.36999999999999994,0.37,0.2,0.4,0.4
beta_conditioned,/mnt/share/nas/Yoo/Tracer/TRACER-ICRA27/results/icra27/phase1a_beta_conditioned_v4_seed27027/checkpoint_update_0030.pt,tracer_cost_v4,tracer_cost_v4,rough,rough_perlin,38,success,True,5,True,False,0,38,1.7964071418518759,0.11206837841509874,1.6843387634367772,7.6,248.96704293160326,7.6,0.22297059811895112,0.24992451082467332,0.7497307043981446,8.472882728520142,9.497131411337586,28.489766767129495,0.2216235215048391,1.4994614087962892,0.0083217649693232,0.12246897338838933,0.01941828429698944,0.24449889361858368,0.06006300606225666,0.02003481954421946,-0.02782916324213147,0.21201260121245136,0.008013927817687784,0.2983302502054721,0.060000000000000005,0.21201260121245136,0.008013927817687784,0.2983302502054721,0.060000000000000005,lm020_ls040_le040,0.26,0.36999999999999994,0.37,0.2,0.4,0.4
beta_conditioned,/mnt/share/nas/Yoo/Tracer/TRACER-ICRA27/results/icra27/phase1a_beta_conditioned_v4_seed27027/checkpoint_update_0030.pt,tracer_cost_v4,tracer_cost_v4,rough,rough_perlin,39,success,True,5,True,False,0,41,1.8828988144571281,0.11728392377830861,1.7656148906788196,8.200000000000001,232.77796539948721,8.200000000000001,0.2308513886160336,0.12484005306590908,0.6496882973303996,9.464906933257378,5.118442175702272,26.637220190546383,0.2153188891071731,1.299376594660799,0.012255928892112716,0.08957781190082216,0.03427141532301903,0.15886762738227844,0.06563799055974658,0.01929150361613166,-0.029928536631348656,0.21312759811194928,0.007716601446452664,0.29820428780211905,0.06,0.21312759811194928,0.007716601446452664,0.29820428780211905,0.06,lm020_ls040_le040,0.26,0.36999999999999994,0.37,0.2,0.4,0.4
beta_conditioned,/mnt/share/nas/Yoo/Tracer/TRACER-ICRA27/results/icra27/phase1a_beta_conditioned_v4_seed27027/checkpoint_update_0030.pt,tracer_cost_v4,tracer_cost_v4,rough,rough_perlin,40,success,True,5,True,False,0,39,1.8015716684441132,0.1364176307382866,1.6651540377058267,7.800000000000001,209.1653577023454,7.800000000000001,0.23314839139329704,0.08691569317391831,0.613722694906344,9.092787264338584,3.389712033782814,23.935185101347415,0.21348128688536236,1.2274453898126885,0.006555837675039682,0.07460611838769292,0.017567699775099754,0.14910835027694702,0.062018815045937516,0.019155251468197465,-0.029891112556633275,0.21240376300918754,0.007662100587278988,0.29820653324660196,0.060000000000000005,0.21240376300918754,0.007662100587278988,0.29820653324660196,0.060000000000000005,lm020_ls040_le040,0.26,0.36999999999999994,0.37,0.2,0.4,0.4
beta_conditioned,/mnt/share/nas/Yoo/Tracer/TRACER-ICRA27/results/icra27/phase1a_beta_conditioned_v4_seed27027/checkpoint_update_0030.pt,tracer_cost_v4,tracer_cost_v4,rough,rough_perlin,41,success,True,5,True,False,0,39,1.7987216025400643,0.12490702713663258,1.6738145754034317,7.800000000000001,207.63545610722824,7.800000000000001,0.23176048471098853,0.05895308526213382,0.6092337329663225,9.038658903728553,2.2991703252232187,23.760115585686577,0.2145916122312092,1.218467465932645,0.008208753425649458,0.06349534582823867,0.022630661725997925,0.12334464490413666,0.0620915667177775,0.018958646057096,-0.030024200152510252,0.21241831334355551,0.007583458422838401,0.2981985479908494,0.060000000000000005,0.21241831334355551,0.007583458422838401,0.2981985479908494,0.060000000000000005,lm020_ls040_le040,0.26,0.36999999999999994,0.37,0.2,0.4,0.4
beta_conditioned,/mnt/share/nas/Yoo/Tracer/TRACER-ICRA27/results/icra27/phase1a_beta_conditioned_v4_seed27027/checkpoint_update_0030.pt,tracer_cost_v4,tracer_cost_v4,rough,rough_perlin,42,success,True,5,True,False,0,39,1.8071922941581364,0.11737921682152788,1.6898130773366085,7.800000000000001,206.73097523865135,7.800000000000001,0.22919662222169734,0.09602321223768993,0.6065798497312976,8.938668266646197,3.744905277269907,23.656614139520606,0.21664270222264215,1.213159699462595,0.006741776689099366,0.07799503600600827,0.02277488261461258,0.10807130485773087,0.06060311160026453,0.0220515452659665,-0.02532826242252038,0.21212062232005294,0.008820618106386601,0.2984803042546488,0.060000000000000005,0.21212062232005294,0.008820618106386601,0.2984803042546488,0.060000000000000005,lm020_ls040_le040,0.26,0.36999999999999994,0.37,0.2,0.4,0.4
beta_conditioned,/mnt/share/nas/Yoo/Tracer/TRACER-ICRA27/results/icra27/phase1a_beta_conditioned_v4_seed27027/checkpoint_update_0030.pt,tracer_cost_v4,tracer_cost_v4,rough,rough_perlin,43,time_limit,True,5,False,False,0,50,1.7855203722366515,0.4672965358037605,1.318223836432891,10.0,275.8458035430302,10.0,0.33522202044588867,0.12740564529880982,0.63131107748999,16.761101022294433,6.370282264940491,31.5655538744995,0.1318223836432891,1.26262215497998,0.012132275740617924,0.09233499411730345,0.026336785405874252,0.17660149931907654,0.05620330933481455,0.01882725044619292,-0.03695780457928777,0.21124066186696286,0.007530900178477168,0.2977825317252427,0.06,0.21124066186696286,0.007530900178477168,0.2977825317252427,0.06,lm020_ls040_le040,0.26,0.36999999999999994,0.37,0.2,0.4,0.4
beta_conditioned,/mnt/share/nas/Yoo/Tracer/TRACER-ICRA27/results/icra27/phase1a_beta_conditioned_v4_seed27027/checkpoint_update_0030.pt,tracer_cost_v4,tracer_cost_v4,rough,rough_perlin,44,success,True,5,True,False,0,38,1.8017616156772887,0.11287326075726216,1.6888883549200264,7.6,216.53188105571368,7.6,0.22222231004604834,0.10544358413018863,0.6520565846667264,8.444447781749837,4.006856196947168,24.778150217335604,0.22222215196316134,1.304113169333453,0.007606198519506342,0.08399377823894469,0.018986325711011887,0.18916867673397064,0.06096267768819081,0.02040682320090893,-0.027051974872225208,0.21219253553763817,0.008162729280363573,0.2983768815076665,0.060000000000000005,0.21219253553763817,0.008162729280363573,0.2983768815076665,0.060000000000000005,lm020_ls040_le040,0.26,0.36999999999999994,0.37,0.2,0.4,0.4
beta_conditioned,/mnt/share/nas/Yoo/Tracer/TRACER-ICRA27/results/icra27/phase1a_beta_conditioned_v4_seed27027/checkpoint_update_0030.pt,tracer_cost_v4,tracer_cost_v4,rough,rough_perlin,45,success,True,5,True,False,0,39,1.8070449992102737,0.13248626899618568,1.674558730214088,7.800000000000001,207.10620021142293,7.800000000000001,0.2316412291323577,0.049248344956893425,0.6076808163732655,9.03400793616195,1.9206854533188435,23.699551838557355,0.2146870166941138,1.215361632746531,0.008377885254160933,0.05546731557963862,0.02227337472140789,0.13182488083839417,0.061290667893794865,0.01886629964559315,-0.029154676203735363,0.212258133578759,0.007546519858237264,0.2982507194277759,0.060000000000000005,0.212258133578759,0.007546519858237264,0.2982507194277759,0.060000000000000005,lm020_ls040_le040,0.26,0.36999999999999994,0.37,0.2,0.4,0.4
beta_conditioned,/mnt/share/nas/Yoo/Tracer/TRACER-ICRA27/results/icra27/phase1a_beta_conditioned_v4_seed27027/checkpoint_update_0030.pt,tracer_cost_v4,tracer_cost_v4,rough,rough_perlin,46,success,True,5,True,False,0,41,1.8004478384078573,0.1453048954444537,1.6551429429634035,8.200000000000001,213.44079278527164,8.200000000000001,0.2476916245482617,0.04987510352143556,0.5957178335480857,10.15535660647873,2.044879244378858,24.424431175471515,0.20184670036139066,1.1914356670961712,0.009637048084564415,0.042427833927072216,0.01967441290616989,0.08208633214235306,0.06142890407908254,0.018315606580184,-0.031622898515041284,0.2122857808158165,0.0073262426320736,0.29810262608909754,0.06,0.2122857808158165,0.0073262426320736,0.29810262608909754,0.06,lm020_ls040_le040,0.26,0.36999999999999994,0.37,0.2,0.4,0.4
beta_conditioned,/mnt/share/nas/Yoo/Tracer/TRACER-ICRA27/results/icra27/phase1a_beta_conditioned_v4_seed27027/checkpoint_update_0030.pt,tracer_cost_v4,tracer_cost_v4,rough,rough_perlin,47,success,True,5,True,False,0,39,1.8135544038673177,0.1184150010489636,1.6951394028183542,7.800000000000001,227.3524905606425,7.800000000000001,0.22834304442013562,0.11694490174407392,0.6670864847471923,8.905378732385289,4.560851168018883,26.016372905140503,0.21732556446389154,1.3341729694943847,0.010591377208467078,0.07968368281673653,0.022357730194926262,0.14641128480434418,0.061204556948863544,0.02093189933265631,-0.026580233102998674,0.21224091138977272,0.008372759733062523,0.29840518601382005,0.060000000000000005,0.21224091138977272,0.008372759733062523,0.29840518601382005,0.060000000000000005,lm020_ls040_le040,0.26,0.36999999999999994,0.37,0.2,0.4,0.4
beta_conditioned,/mnt/share/nas/Yoo/Tracer/TRACER-ICRA27/results/icra27/phase1a_beta_conditioned_v4_seed27027/checkpoint_update_0030.pt,tracer_cost_v4,tracer_cost_v4,rough,rough_perlin,30,success,True,5,True,False,0,39,1.8091958132882031,0.11945809873213832,1.6897377145560648,7.800000000000001,216.38336592759416,7.800000000000001,0.22920869959037427,0.04545207683734033,0.6349014192826805,8.939139284024597,1.7726309966562728,24.76115535202454,0.2166330403277006,1.2698028385653612,0.009360668595784294,0.047357550763117866,0.020031902939081192,0.09662413597106934,0.05701416826401001,0.022954065173577804,-0.022001365593706187,0.211402833652802,0.009181626069431122,0.2986799180643776,0.060000000000000005,0.211402833652802,0.009181626069431122,0.2986799180643776,0.060000000000000005,lm020_ls020_le060,0.26,0.26,0.48,0.2,0.2,0.6
beta_conditioned,/mnt/share/nas/Yoo/Tracer/TRACER-ICRA27/results/icra27/phase1a_beta_conditioned_v4_seed27027/checkpoint_update_0030.pt,tracer_cost_v4,tracer_cost_v4,rough,rough_perlin,31,success,True,5,True,False,0,38,1.8024137735751302,0.11524553618562511,1.6871682373895052,7.6,214.09625956211818,7.6,0.22250522411356827,0.11033735474131025,0.6447220387102067,8.455198516315594,4.192819480169789,24.499437470987857,0.22199582070914542,1.289444077420414,0.0060620084360200705,0.08037936457231003,0.017651349306106567,0.12794765830039978,0.05642637159479292,0.021678108587174824,-0.02344243669588315,0.2112852743189586,0.008671243434869927,0.29859345379824703,0.060000000000000005,0.2112852743189586,0.008671243434869927,0.29859345379824703,0.060000000000000005,lm020_ls020_le060,0.26,0.26,0.48,0.2,0.2,0.6
beta_conditioned,/mnt/share/nas/Yoo/Tracer/TRACER-ICRA27/results/icra27/phase1a_beta_conditioned_v4_seed27027/checkpoint_update_0030.pt,tracer_cost_v4,tracer_cost_v4,rough,rough_perlin,32,success,True,5,True,False,0,39,1.802586193737586,0.14993628537335196,1.652649908364234,7.800000000000001,196.96617355816684,7.800000000000001,0.2351522582749625,0.02913311940126256,0.5779284493827698,9.170938072723537,1.1361916566492398,22.539209525928023,0.21187819338002997,1.1558568987655393,0.008728809320069834,0.0408599715266307,0.03373716399073601,0.0706353634595871,0.05736355569500189,0.020660486111106973,-0.024560516341947593,0.2114727111390004,0.008264194444442789,0.2985263690194832,0.060000000000000005,0.2114727111390004,0.008264194444442789,0.2985263690194832,0.060000000000000005,lm020_ls020_le060,0.26,0.26,0.48,0.2,0.2,0.6
beta_conditioned,/mnt/share/nas/Yoo/Tracer/TRACER-ICRA27/results/icra27/phase1a_beta_conditioned_v4_seed27027/checkpoint_update_0030.pt,tracer_cost_v4,tracer_cost_v4,rough,rough_perlin,33,success,True,5,True,False,0,38,1.8144236733210037,0.12873586574332424,1.6856878075776796,7.6,210.70244503573474,7.6,0.22274871585893427,0.1067001498228475,0.6345020235407247,8.464451202639502,4.054605693268205,24.11107689454754,0.22180102731285256,1.2690040470814494,0.006613728797286396,0.08172121935507928,0.014427621848881245,0.1755804866552353,0.057249745452090314,0.022892778298180354,-0.02218931229589017,0.2114499490904181,0.009157111319272142,0.29866864126224657,0.060000000000000005,0.2114499490904181,0.009157111319272142,0.29866864126224657,0.060000000000000005,lm020_ls020_le060,0.26,0.26,0.48,0.2,0.2,0.6
beta_conditioned,/mnt/share/nas/Yoo/Tracer/TRACER-ICRA27/results/icra27/phase1a_beta_conditioned_v4_seed27027/checkpoint_update_0030.pt,tracer_cost_v4,tracer_cost_v4,rough,rough_perlin,34,m4,True,5,False,True,1,9,1.8006155508699786,1.3880914987245545,0.4125240521454241,1.7079999999999234,107.72908563363512,1.7079999999999234,0.20018070026794696,1.1622136938692398,1.3697379770960092,1.8016263024115227,10.459923244823159,12.327641793864082,0.23985543978564244,3.4903934490775907,0.019101362288520513,0.16128126674037294,0.028830306604504585,0.2640479803085327,0.054720975872543126,0.037059732195403844,-0.008050171917097436,0.21094419517450866,0.014823892878161537,0.29951698968497414,0.060000000000000005,0.21094419517450866,0.014823892878161537,0.29951698968497414,0.060000000000000005,lm020_ls020_le060,0.26,0.26,0.48,0.2,0.2,0.6
beta_conditioned,/mnt/share/nas/Yoo/Tracer/TRACER-ICRA27/results/icra27/phase1a_beta_conditioned_v4_seed27027/checkpoint_update_0030.pt,tracer_cost_v4,tracer_cost_v4,rough,rough_perlin,35,success,True,5,True,False,0,39,1.8310988114736846,0.13490586464135304,1.6961929468323316,7.800000000000001,231.4326400910869,7.800000000000001,0.22817420723840845,0.16171644157225812,0.6790582586248181,8.898794082297929,6.306941221318066,26.483272086367904,0.21746063420927328,1.3581165172496357,0.011228966165097857,0.08718745329897515,0.03367060422897339,0.15890058875083923,0.056900867857994177,0.023198954599837843,-0.021904693808979712,0.21138017357159883,0.009279581839935139,0.2986857183714612,0.060000000000000005,0.21138017357159883,0.009279581839935139,0.2986857183714612,0.060000000000000005,lm020_ls020_le060,0.26,0.26,0.48,0.2,0.2,0.6
beta_conditioned,/mnt/share/nas/Yoo/Tracer/TRACER-ICRA27/results/icra27/phase1a_beta_conditioned_v4_seed27027/checkpoint_update_0030.pt,tracer_cost_v4,tracer_cost_v4,rough,rough_perlin,36,success,True,5,True,False,0,40,1.8339173015102326,0.12227987453644061,1.711637426973792,8.0,216.9255281783507,8.0,0.23255665203534504,0.059722226115248266,0.6205798999403522,9.302266081413801,2.3888890446099307,24.82319599761409,0.21395467837172397,1.2411597998807047,0.010965173517150796,0.06335290648217176,0.03478745371103287,0.17765429615974426,0.05803111605346203,0.02231072448194027,-0.02258918065344915,0.2116062232106924,0.008924289792776109,0.29864464916079303,0.06,0.2116062232106924,0.008924289792776109,0.29864464916079303,0.06,lm020_ls020_le060,0.26,0.26,0.48,0.2,0.2,0.6
beta_conditioned,/mnt/share/nas/Yoo/Tracer/TRACER-ICRA27/results/icra27/phase1a_beta_conditioned_v4_seed27027/checkpoint_update_0030.pt,tracer_cost_v4,tracer_cost_v4,rough,rough_perlin,37,success,True,5,True,False,0,39,1.830505723311209,0.14261904507026996,1.687886678240939,7.800000000000001,231.1912337121725,7.800000000000001,0.2295053400254905,0.138662665614635,0.6783499359127668,8.95070826099413,5.407843958970765,26.455647500597905,0.21639572797960752,1.3566998718255336,0.008373753865459244,0.08639014558775514,0.023134298622608185,0.14581528306007385,0.058731555461119384,0.023508802701074343,-0.02215358333136791,0.21174631109222394,0.009403521080429736,0.2986707850001179,0.060000000000000005,0.21174631109222394,0.009403521080429736,0.2986707850001179,0.060000000000000005,lm020_ls020_le060,0.26,0.26,0.48,0.2,0.2,0.6
beta_conditioned,/mnt/share/nas/Yoo/Tracer/TRACER-ICRA27/results/icra27/phase1a_beta_conditioned_v4_seed27027/checkpoint_update_0030.pt,tracer_cost_v4,tracer_cost_v4,rough,rough_perlin,38,success,True,5,True,False,0,38,1.7964071418518759,0.12293824273547813,1.6734688991163977,7.6,248.7685046225888,7.6,0.22475840475059247,0.25020532714559374,0.7491328330312572,8.540819380522514,9.507802431532562,28.467047655187773,0.22019327619952597,1.4982656660625144,0.008654228733882462,0.1230396703900098,0.019412796944379807,0.24532946944236755,0.05572950487074099,0.02163262776479027,-0.023188607975546466,0.2111459009741482,0.00865305110591611,0.2986086835214672,0.060000000000000005,0.2111459009741482,0.00865305110591611,0.2986086835214672,0.060000000000000005,lm020_ls020_le060,0.26,0.26,0.48,0.2,0.2,0.6
beta_conditioned,/mnt/share/nas/Yoo/Tracer/TRACER-ICRA27/results/icra27/phase1a_beta_conditioned_v4_seed27027/checkpoint_update_0030.pt,tracer_cost_v4,tracer_cost_v4,rough,rough_perlin,39,success,True,5,True,False,0,41,1.8828988144571281,0.12121965007221991,1.7616791643849083,8.200000000000001,235.15179992704614,8.200000000000001,0.2314513468925445,0.12277832760264012,0.6563137204442544,9.489505222594325,5.033911431708245,26.908862538214432,0.2148389224859644,1.312627440888509,0.01256470179048062,0.09021246737767523,0.03413156047463417,0.1588006317615509,0.06103640940131211,0.02114506662403029,-0.025118429804357086,0.21220728188026242,0.008458026649612115,0.2984928942117386,0.06,0.21220728188026242,0.008458026649612115,0.2984928942117386,0.06,lm020_ls020_le060,0.26,0.26,0.48,0.2,0.2,0.6
beta_conditioned,/mnt/share/nas/Yoo/Tracer/TRACER-ICRA27/results/icra27/phase1a_beta_conditioned_v4_seed27027/checkpoint_update_0030.pt,tracer_cost_v4,tracer_cost_v4,rough,rough_perlin,40,success,True,5,True,False,0,39,1.8015716684441132,0.14202394906258806,1.6595477193815251,7.800000000000001,208.06368080502628,7.800000000000001,0.23404683984270433,0.08662864642652436,0.6104902087921715,9.127826753865468,3.3785172106344503,23.80911814289469,0.21276252812583651,1.2209804175843435,0.006462434088813725,0.0741145587888121,0.016808610409498215,0.14815910160541534,0.0576916312177976,0.020753021620643828,-0.025154901990810268,0.21153832624355956,0.008301208648257527,0.2984907058805514,0.060000000000000005,0.21153832624355956,0.008301208648257527,0.2984907058805514,0.060000000000000005,lm020_ls020_le060,0.26,0.26,0.48,0.2,0.2,0.6
beta_conditioned,/mnt/share/nas/Yoo/Tracer/TRACER-ICRA27/results/icra27/phase1a_beta_conditioned_v4_seed27027/checkpoint_update_0030.pt,tracer_cost_v4,tracer_cost_v4,rough,rough_perlin,41,success,True,5,True,False,0,39,1.7987216025400643,0.13535654134127156,1.6633650611987927,7.800000000000001,206.53615568226152,7.800000000000001,0.23343508634634733,0.05832246527352466,0.6060082197803277,9.103968367507546,2.274576145667462,23.63432057143278,0.2132519309229221,1.2120164395606554,0.008103416956103154,0.06316546311523934,0.021938031539320946,0.12033554166555405,0.05784318271355751,0.020452628321109865,-0.025336742914544467,0.2115686365427115,0.008181051328443946,0.2984797954251273,0.060000000000000005,0.2115686365427115,0.008181051328443946,0.2984797954251273,0.060000000000000005,lm020_ls020_le060,0.26,0.26,0.48,0.2,0.2,0.6
beta_conditioned,/mnt/share/nas/Yoo/Tracer/TRACER-ICRA27/results/icra27/phase1a_beta_conditioned_v4_seed27027/checkpoint_update_0030.pt,tracer_cost_v4,tracer_cost_v4,rough,rough_perlin,42,success,True,5,True,False,0,39,1.8071922941581364,0.11649893500290925,1.6906933591552271,7.800000000000001,206.94450734025503,7.800000000000001,0.22905555141743159,0.09571300772711638,0.607206385111175,8.933166505279832,3.732807301357539,23.681049019335823,0.21675555886605474,1.2144127702223497,0.006822134173483449,0.07825967261579529,0.022805526852607727,0.10906757414340973,0.05593990095150776,0.024056607857346535,-0.020564247854053974,0.21118798019030158,0.009622643142938614,0.29876614512875677,0.060000000000000005,0.21118798019030158,0.009622643142938614,0.29876614512875677,0.060000000000000005,lm020_ls020_le060,0.26,0.26,0.48,0.2,0.2,0.6
beta_conditioned,/mnt/share/nas/Yoo/Tracer/TRACER-ICRA27/results/icra27/phase1a_beta_conditioned_v4_seed27027/checkpoint_update_0030.pt,tracer_cost_v4,tracer_cost_v4,rough,rough_perlin,43,time_limit,True,5,False,False,0,50,1.7855203722366515,0.4645747194270863,1.320945652809565,10.0,274.30434142811424,10.0,0.3348817933988044,0.12810037539859448,0.6277832293364988,16.74408966994022,6.4050187699297245,31.38916146682494,0.13209456528095653,1.2555664586729978,0.011844646234818672,0.09240198067259868,0.02622920088469982,0.1768726408481598,0.053778034709393976,0.019133017132990062,-0.033613256635144355,0.21075560694187878,0.007653206853196025,0.2979832046018913,0.06,0.21075560694187878,0.007653206853196025,0.2979832046018913,0.06,lm020_ls020_le060,0.26,0.26,0.48,0.2,0.2,0.6
beta_conditioned,/mnt/share/nas/Yoo/Tracer/TRACER-ICRA27/results/icra27/phase1a_beta_conditioned_v4_seed27027/checkpoint_update_0030.pt,tracer_cost_v4,tracer_cost_v4,rough,rough_perlin,44,success,True,5,True,False,0,38,1.8017616156772887,0.11536994498721197,1.6863916706900768,7.6,215.68922289264938,7.6,0.22263294889965848,0.10265442812053953,0.6495190331469674,8.460052058187022,3.9008682685805023,24.68172325958476,0.22189364088027325,1.2990380662939345,0.007674315157309066,0.08359241297193226,0.01898849382996559,0.18910279870033264,0.05643272292064993,0.022447532238928897,-0.022358724773910484,0.21128654458413001,0.008979012895571558,0.2986584765135653,0.060000000000000005,0.21128654458413001,0.008979012895571558,0.2986584765135653,0.060000000000000005,lm020_ls020_le060,0.26,0.26,0.48,0.2,0.2,0.6
beta_conditioned,/mnt/share/nas/Yoo/Tracer/TRACER-ICRA27/results/icra27/phase1a_beta_conditioned_v4_seed27027/checkpoint_update_0030.pt,tracer_cost_v4,tracer_cost_v4,rough,rough_perlin,45,success,True,5,True,False,0,39,1.8070449992102737,0.145795293820178,1.6612497053900956,7.800000000000001,205.55450010597147,7.800000000000001,0.23377408567466418,0.048572674652485194,0.6031278943174089,9.117189341311903,1.8943343114469227,23.521987878378944,0.21298073146026866,1.2062557886348175,0.008602866921658564,0.05495895356264766,0.022368649020791054,0.1312461793422699,0.056939962009588875,0.020664668913620215,-0.024483392576281078,0.2113879924019178,0.008265867565448086,0.29853099644542314,0.060000000000000005,0.2113879924019178,0.008265867565448086,0.29853099644542314,0.060000000000000005,lm020_ls020_le060,0.26,0.26,0.48,0.2,0.2,0.6
beta_conditioned,/mnt/share/nas/Yoo/Tracer/TRACER-ICRA27/results/icra27/phase1a_beta_conditioned_v4_seed27027/checkpoint_update_0030.pt,tracer_cost_v4,tracer_cost_v4,rough,rough_perlin,46,success,True,5,True,False,0,41,1.8004478384078573,0.14805186539369722,1.65239597301416,8.200000000000001,212.35224794240236,8.200000000000001,0.2481103699673537,0.04611209314656384,0.5926796815291958,10.172525168661501,1.8905958190091172,24.29986694269703,0.2015117040261171,1.1853593630583914,0.0095434943470136,0.042069759662721674,0.019645940512418747,0.07922139018774033,0.057469821376044575,0.019521867064191255,-0.027183162105247016,0.21149396427520892,0.007808746825676503,0.2983690102736852,0.06,0.21149396427520892,0.007808746825676503,0.2983690102736852,0.06,lm020_ls020_le060,0.26,0.26,0.48,0.2,0.2,0.6
beta_conditioned,/mnt/share/nas/Yoo/Tracer/TRACER-ICRA27/results/icra27/phase1a_beta_conditioned_v4_seed27027/checkpoint_update_0030.pt,tracer_cost_v4,tracer_cost_v4,rough,rough_perlin,47,success,True,5,True,False,0,39,1.8135544038673177,0.11834141450590652,1.6952129893614112,7.800000000000001,229.24845636481686,7.800000000000001,0.22833125170490207,0.11402164273395599,0.6726495342672951,8.90491881649118,4.446844066624283,26.23333183642451,0.21733499863607839,1.3452990685345902,0.010679359365942746,0.0795781417654156,0.02205042354762554,0.14800216257572174,0.05656790809753614,0.022969853228483446,-0.021837055360755094,0.21131358161950722,0.00918794129139338,0.2986897766783547,0.060000000000000005,0.21131358161950722,0.00918794129139338,0.2986897766783547,0.060000000000000005,lm020_ls020_le060,0.26,0.26,0.48,0.2,0.2,0.6
beta_conditioned,/mnt/share/nas/Yoo/Tracer/TRACER-ICRA27/results/icra27/phase1a_beta_conditioned_v4_seed27027/checkpoint_update_0030.pt,tracer_cost_v4,tracer_cost_v4,rough,rough_perlin,30,success,True,5,True,False,0,39,1.8091958132882031,0.12346788463388943,1.6857279286543136,7.800000000000001,216.23222308467143,7.800000000000001,0.22985129348488575,0.04612593143996451,0.6344579433940666,8.964200445910544,1.7989113261586158,24.743859792368596,0.21611896521209148,1.2689158867881336,0.00942638651534208,0.047350226806576995,0.02214919589459896,0.09475127607584,0.05251591528455416,0.024970198396402292,-0.017321493655729752,0.21050318305691088,0.009988079358560916,0.2989607103806562,0.060000000000000005,0.21050318305691088,0.009988079358560916,0.2989607103806562,0.060000000000000005,lm020_ls000_le080,0.26,0.15,0.59,0.2,0.0,0.8
beta_conditioned,/mnt/share/nas/Yoo/Tracer/TRACER-ICRA27/results/icra27/phase1a_beta_conditioned_v4_seed27027/checkpoint_update_0030.pt,tracer_cost_v4,tracer_cost_v4,rough,rough_perlin,31,success,True,5,True,False,0,38,1.8024137735751302,0.12032544947968438,1.6820883240954458,7.6,214.46488556706242,7.6,0.22334073616851224,0.11076806101328791,0.6458321062560637,8.486947974403465,4.2091863185049405,24.54162003773042,0.2213274110651903,1.2916642125121278,0.005992677589480021,0.08060482190303078,0.01768811233341694,0.12813802063465118,0.052088641316482893,0.023478982715077062,-0.0188919250167122,0.21041772826329655,0.009391593086030823,0.2988664844989973,0.060000000000000005,0.21041772826329655,0.009391593086030823,0.2988664844989973,0.060000000000000005,lm020_ls000_le080,0.26,0.15,0.59,0.2,0.0,0.8
beta_conditioned,/mnt/share/nas/Yoo/Tracer/TRACER-ICRA27/results/icra27/phase1a_beta_conditioned_v4_seed27027/checkpoint_update_0030.pt,tracer_cost_v4,tracer_cost_v4,rough,rough_perlin,32,success,True,5,True,False,0,40,1.802586193737586,0.12437324264839318,1.6782129510891928,8.0,200.5737605160942,8.0,0.2377792263923136,0.029416906855185287,0.5738008120897607,9.511169055692545,1.1766762742074115,22.95203248359043,0.2097766188861491,1.1476016241795215,0.008588166464370509,0.040707789931943635,0.033710598945617676,0.070775106549263,0.052953153289854525,0.021992668214807054,-0.02047497653402388,0.21059063065797093,0.008797067285922822,0.29877150140795855,0.06,0.21059063065797093,0.008797067285922822,0.29877150140795855,0.06,lm020_ls000_le080,0.26,0.15,0.59,0.2,0.0,0.8
beta_conditioned,/mnt/share/nas/Yoo/Tracer/TRACER-ICRA27/results/icra27/phase1a_beta_conditioned_v4_seed27027/checkpoint_update_0030.pt,tracer_cost_v4,tracer_cost_v4,rough,rough_perlin,33,success,True,5,True,False,0,38,1.8144236733210037,0.13105101151334492,1.6833726618076588,7.6,212.0937246248045,7.6,0.223129496413214,0.10875812118194432,0.6386916745645937,8.478920863702132,4.132808604913884,24.27028363345456,0.22149640286942882,1.2773833491291875,0.0066586964263464984,0.082119828883449,0.014178636483848095,0.17550279200077057,0.052733825323613065,0.02498600986099949,-0.017426117525534017,0.21054676506472264,0.009994403944399797,0.2989544329484679,0.060000000000000005,0.21054676506472264,0.009994403944399797,0.2989544329484679,0.060000000000000005,lm020_ls000_le080,0.26,0.15,0.59,0.2,0.0,0.8
beta_conditioned,/mnt/share/nas/Yoo/Tracer/TRACER-ICRA27/results/icra27/phase1a_beta_conditioned_v4_seed27027/checkpoint_update_0030.pt,tracer_cost_v4,tracer_cost_v4,rough,rough_perlin,34,m4,True,5,False,True,1,9,1.8006155508699786,1.3873433114758087,0.4132722393941699,1.7159999999999225,107.84429834740223,1.7159999999999225,0.2007155225737,1.4787957411799826,1.3712028668104526,1.8064397031633002,13.309161670619844,12.340825801294073,0.23942758194104,3.3808826684211493,0.019081686612363417,0.16132217145056588,0.027269097045063972,0.26300033926963806,0.05055664521124628,0.03803899511694908,-0.004392793143375052,0.21011132904224925,0.015215598046779633,0.29973643241139747,0.060000000000000005,0.21011132904224925,0.015215598046779633,0.29973643241139747,0.060000000000000005,lm020_ls000_le080,0.26,0.15,0.59,0.2,0.0,0.8
beta_conditioned,/mnt/share/nas/Yoo/Tracer/TRACER-ICRA27/results/icra27/phase1a_beta_conditioned_v4_seed27027/checkpoint_update_0030.pt,tracer_cost_v4,tracer_cost_v4,rough,rough_perlin,35,success,True,5,True,False,0,39,1.8310988114736846,0.13877687681094353,1.6923219346627412,7.800000000000001,234.67580361186785,7.800000000000001,0.22879456175276588,0.167183507083837,0.6885741893595246,8.92298790835787,6.520156776269643,26.85439338502146,0.2169643505977873,1.3771483787190488,0.011232440480577852,0.0880301369889802,0.03568434715270996,0.1631096452474594,0.052422700402064204,0.025177487446807135,-0.017261347685677882,0.21048454008041284,0.010070994978722853,0.29896431913885935,0.060000000000000005,0.21048454008041284,0.010070994978722853,0.29896431913885935,0.060000000000000005,lm020_ls000_le080,0.26,0.15,0.59,0.2,0.0,0.8
beta_conditioned,/mnt/share/nas/Yoo/Tracer/TRACER-ICRA27/results/icra27/phase1a_beta_conditioned_v4_seed27027/checkpoint_update_0030.pt,tracer_cost_v4,tracer_cost_v4,rough,rough_perlin,36,success,True,5,True,False,0,40,1.8339173015102326,0.12559083450693567,1.708326467003297,8.0,215.66261700924622,8.0,0.23307398953073485,0.05948440998057096,0.6169669674582331,9.322959581229394,2.3793763992228385,24.678678698329325,0.2135408083754121,1.2339339349164662,0.010706300914985933,0.06312835905455544,0.03549987077713013,0.17768226563930511,0.05353744039312005,0.024379454972222447,-0.017918061143427623,0.21070748807862402,0.00975178198888898,0.2989249163313943,0.06,0.21070748807862402,0.00975178198888898,0.2989249163313943,0.06,lm020_ls000_le080,0.26,0.15,0.59,0.2,0.0,0.8
beta_conditioned,/mnt/share/nas/Yoo/Tracer/TRACER-ICRA27/results/icra27/phase1a_beta_conditioned_v4_seed27027/checkpoint_update_0030.pt,tracer_cost_v4,tracer_cost_v4,rough,rough_perlin,37,success,True,5,True,False,0,39,1.830505723311209,0.14851464368118708,1.681991079630022,7.800000000000001,232.70696838770897,7.800000000000001,0.23045014749518883,0.1376732300708247,0.6827973299748228,8.987555752312364,5.369255972762163,26.62909586901809,0.21563988200384898,1.3655946599496458,0.008453503095975368,0.08680517518585011,0.023246116936206818,0.14738892018795013,0.05406520143151283,0.025609079270790785,-0.01732401106840907,0.21081304028630257,0.010243631708316315,0.29896055933589544,0.060000000000000005,0.21081304028630257,0.010243631708316315,0.29896055933589544,0.060000000000000005,lm020_ls000_le080,0.26,0.15,0.59,0.2,0.0,0.8
beta_conditioned,/mnt/share/nas/Yoo/Tracer/TRACER-ICRA27/results/icra27/phase1a_beta_conditioned_v4_seed27027/checkpoint_update_0030.pt,tracer_cost_v4,tracer_cost_v4,rough,rough_perlin,38,success,True,5,True,False,0,38,1.7964071418518759,0.12798836115131756,1.6684187807005584,7.6,247.5484460980806,7.6,0.225589016332145,0.2539882565816805,0.7454587911732841,8.57238262062151,9.65155375010386,28.327434064584793,0.21952878693428393,1.4909175823465681,0.009329915536268087,0.12402992683972913,0.01944821886718273,0.24485166370868683,0.0514709317174397,0.023553740450695745,-0.018547338617377375,0.21029418634348795,0.009421496180278297,0.29888715968295737,0.060000000000000005,0.21029418634348795,0.009421496180278297,0.29888715968295737,0.060000000000000005,lm020_ls000_le080,0.26,0.15,0.59,0.2,0.0,0.8
beta_conditioned,/mnt/share/nas/Yoo/Tracer/TRACER-ICRA27/results/icra27/phase1a_beta_conditioned_v4_seed27027/checkpoint_update_0030.pt,tracer_cost_v4,tracer_cost_v4,rough,rough_perlin,39,success,True,5,True,False,0,41,1.8828988144571281,0.12594005182927953,1.7569587626278487,8.200000000000001,257.1181370577855,8.200000000000001,0.23217092033112066,0.19735948804230835,0.717622238819538,9.519007733575947,8.091739009734642,29.42251179160106,0.21426326373510346,1.4352444776390763,0.015162169895378984,0.09232237065014251,0.046171337366104126,0.15900945663452148,0.05637635390569524,0.02318681363107228,-0.020298124325075526,0.21127527078113903,0.00927472545242891,0.29878211254049547,0.06,0.21127527078113903,0.00927472545242891,0.29878211254049547,0.06,lm020_ls000_le080,0.26,0.15,0.59,0.2,0.0,0.8
beta_conditioned,/mnt/share/nas/Yoo/Tracer/TRACER-ICRA27/results/icra27/phase1a_beta_conditioned_v4_seed27027/checkpoint_update_0030.pt,tracer_cost_v4,tracer_cost_v4,rough,rough_perlin,40,success,True,5,True,False,0,39,1.8015716684441132,0.1488816822510595,1.6526899861930537,7.800000000000001,208.80808299849642,7.800000000000001,0.23514583554598495,0.08695560831158197,0.6126743970597184,9.170687586293413,3.391268724151697,23.894301485329017,0.21188333156321199,1.2253487941194368,0.0065554688029344724,0.07417388556867818,0.01606934703886509,0.14906853437423706,0.05332327290223195,0.022453418491073907,-0.020486355753233418,0.2106646545804464,0.008981367396429562,0.298770818654806,0.060000000000000005,0.2106646545804464,0.008981367396429562,0.298770818654806,0.060000000000000005,lm020_ls000_le080,0.26,0.15,0.59,0.2,0.0,0.8
beta_conditioned,/mnt/share/nas/Yoo/Tracer/TRACER-ICRA27/results/icra27/phase1a_beta_conditioned_v4_seed27027/checkpoint_update_0030.pt,tracer_cost_v4,tracer_cost_v4,rough,rough_perlin,41,success,True,5,True,False,0,40,1.7987216025400643,0.11871536669732513,1.6800062358427392,8.0,210.01122235263006,8.0,0.237499025649572,0.05833227088786465,0.6007994745864729,9.49996102598288,2.333290835514586,24.031978983458913,0.21000077948034238,1.2015989491729457,0.007752214511484278,0.06317187013820243,0.021305469796061516,0.12065237015485764,0.05346047040075064,0.021655424313939874,-0.02126575272413902,0.21069209408015013,0.00866216972557595,0.2987240548365516,0.06,0.21069209408015013,0.00866216972557595,0.2987240548365516,0.06,lm020_ls000_le080,0.26,0.15,0.59,0.2,0.0,0.8
beta_conditioned,/mnt/share/nas/Yoo/Tracer/TRACER-ICRA27/results/icra27/phase1a_beta_conditioned_v4_seed27027/checkpoint_update_0030.pt,tracer_cost_v4,tracer_cost_v4,rough,rough_perlin,42,success,True,5,True,False,0,39,1.8071922941581364,0.12283130992083793,1.6843609842372984,7.800000000000001,208.28268116997697,7.800000000000001,0.23007035509017654,0.0996274510173651,0.6111327888811473,8.972743848516885,3.885470589677239,23.834178766364744,0.21594371592785874,1.2222655777622946,0.006754781380378225,0.07791292648717474,0.022974221035838127,0.10971368849277496,0.051498773197333016,0.026111386047723967,-0.01585210952310799,0.21029975463946662,0.010444554419089586,0.2990488734286135,0.060000000000000005,0.21029975463946662,0.010444554419089586,0.2990488734286135,0.060000000000000005,lm020_ls000_le080,0.26,0.15,0.59,0.2,0.0,0.8
beta_conditioned,/mnt/share/nas/Yoo/Tracer/TRACER-ICRA27/results/icra27/phase1a_beta_conditioned_v4_seed27027/checkpoint_update_0030.pt,tracer_cost_v4,tracer_cost_v4,rough,rough_perlin,43,time_limit,True,5,False,False,0,50,1.7855203722366515,0.46551883745899,1.3200015347776615,10.0,274.4919987930989,10.0,0.3349998081527923,0.12960061685795674,0.6282127090377149,16.749990407639615,6.480030842897836,31.410635451885746,0.13200015347776614,1.2564254180754302,0.0116451793236645,0.09265394907865754,0.025992531329393387,0.17674092948436737,0.050977347567677495,0.019521101947757417,-0.030013455636799337,0.21019546951353552,0.007808440779102966,0.29819919266179207,0.06,0.21019546951353552,0.007808440779102966,0.29819919266179207,0.06,lm020_ls000_le080,0.26,0.15,0.59,0.2,0.0,0.8
beta_conditioned,/mnt/share/nas/Yoo/Tracer/TRACER-ICRA27/results/icra27/phase1a_beta_conditioned_v4_seed27027/checkpoint_update_0030.pt,tracer_cost_v4,tracer_cost_v4,rough,rough_perlin,44,success,True,5,True,False,0,38,1.8017616156772887,0.1203950034090802,1.6813666122682085,7.6,214.52338692229378,7.6,0.2234594387716763,0.10033804805816518,0.6460082752049714,8.491458673323699,3.812845826210277,24.548314457788912,0.22123244898265904,1.2920165504099426,0.0077252856375122645,0.08267206407904804,0.019010275602340698,0.1890604943037033,0.05203091411998397,0.024484772872375816,-0.01770285187338136,0.2104061828239968,0.009793909148950326,0.29893782888759707,0.060000000000000005,0.2104061828239968,0.009793909148950326,0.29893782888759707,0.060000000000000005,lm020_ls000_le080,0.26,0.15,0.59,0.2,0.0,0.8
beta_conditioned,/mnt/share/nas/Yoo/Tracer/TRACER-ICRA27/results/icra27/phase1a_beta_conditioned_v4_seed27027/checkpoint_update_0030.pt,tracer_cost_v4,tracer_cost_v4,rough,rough_perlin,45,success,True,5,True,False,0,40,1.8070449992102737,0.12012271868786084,1.6869222805224129,8.0,212.6313234318012,8.0,0.23641839366837303,0.04974245830098563,0.608295051889891,9.456735746734921,1.989698332039425,24.33180207559564,0.21086528506530158,1.2165901037797822,0.008439508996357661,0.055722744702656764,0.02202102541923523,0.13071350753307343,0.0525179173797369,0.022065636674233245,-0.020356024394277483,0.2105035834759474,0.008826254669693298,0.29877863853634334,0.06,0.2105035834759474,0.008826254669693298,0.29877863853634334,0.06,lm020_ls000_le080,0.26,0.15,0.59,0.2,0.0,0.8
beta_conditioned,/mnt/share/nas/Yoo/Tracer/TRACER-ICRA27/results/icra27/phase1a_beta_conditioned_v4_seed27027/checkpoint_update_0030.pt,tracer_cost_v4,tracer_cost_v4,rough,rough_perlin,46,success,True,5,True,False,0,41,1.8004478384078573,0.14863626814719233,1.6518115702606648,8.200000000000001,213.13240995806675,8.200000000000001,0.24819945575294744,0.04577290076948097,0.5948571304588184,10.176177685870845,1.8766889315487199,24.389142348811554,0.2014404353976421,1.1897142609176365,0.008929877975815573,0.04148051838589879,0.01815185882151127,0.07585028558969498,0.053381922768383494,0.020960972198603173,-0.022588085899947256,0.21067638455367668,0.00838438887944127,0.2986447148460032,0.06,0.21067638455367668,0.00838438887944127,0.2986447148460032,0.06,lm020_ls000_le080,0.26,0.15,0.59,0.2,0.0,0.8
beta_conditioned,/mnt/share/nas/Yoo/Tracer/TRACER-ICRA27/results/icra27/phase1a_beta_conditioned_v4_seed27027/checkpoint_update_0030.pt,tracer_cost_v4,tracer_cost_v4,rough,rough_perlin,47,success,True,5,True,False,0,39,1.8135544038673177,0.1199278215392542,1.6936265823280634,7.800000000000001,232.31415196851836,7.800000000000001,0.22858548360127193,0.10423597286516663,0.6816447473768372,8.914833860449605,4.065202941741498,26.584145147696653,0.21713161311898246,1.3632894947536744,0.01060492441286489,0.07941205181769888,0.022338533774018288,0.14703281223773956,0.05209583712693972,0.024999542699123804,-0.017153338075448304,0.21041916742538794,0.009999817079649524,0.29897079971547313,0.060000000000000005,0.21041916742538794,0.009999817079649524,0.29897079971547313,0.060000000000000005,lm020_ls000_le080,0.26,0.15,0.59,0.2,0.0,0.8
beta_conditioned,/mnt/share/nas/Yoo/Tracer/TRACER-ICRA27/results/icra27/phase1a_beta_conditioned_v4_seed27027/checkpoint_update_0030.pt,tracer_cost_v4,tracer_cost_v4,rough,rough_perlin,30,success,True,5,True,False,0,38,1.8091958132882031,0.14284831496275113,1.666347498325452,7.6,211.96259941670627,7.6,0.22592968777541908,0.046768209703233976,0.6382968086679905,8.585328135465925,1.7771919687228912,24.25527872938364,0.2192562497796647,1.2765936173359815,0.009050731952091336,0.04637495489317507,0.019448457285761833,0.09933167695999146,0.06968033019649356,0.016745719211604938,-0.03649986113764738,0.21393606603929874,0.006698287684641975,0.2978100083317412,0.060000000000000005,0.21393606603929874,0.006698287684641975,0.2978100083317412,0.060000000000000005,lm000_ls100_le000,0.15,0.7,0.15,0.0,1.0,0.0
beta_conditioned,/mnt/share/nas/Yoo/Tracer/TRACER-ICRA27/results/icra27/phase1a_beta_conditioned_v4_seed27027/checkpoint_update_0030.pt,tracer_cost_v4,tracer_cost_v4,rough,rough_perlin,31,success,True,5,True,False,0,37,1.8024137735751302,0.14437885929210698,1.6580349142830233,7.4,211.73749806169118,7.4,0.21992653474948937,0.1120013525649886,0.6548518907608377,8.137281785731107,4.144050044904578,24.229519958150995,0.22405877220040854,1.3097037815216754,0.005849244489879809,0.08090491182983912,0.017685014754533768,0.12718431651592255,0.06818528503582284,0.016463068383116577,-0.03736812062561512,0.2136370570071646,0.006585227353246631,0.2977579127624631,0.060000000000000005,0.2136370570071646,0.006585227353246631,0.2977579127624631,0.060000000000000005,lm000_ls100_le000,0.15,0.7,0.15,0.0,1.0,0.0
beta_conditioned,/mnt/share/nas/Yoo/Tracer/TRACER-ICRA27/results/icra27/phase1a_beta_conditioned_v4_seed27027/checkpoint_update_0030.pt,tracer_cost_v4,tracer_cost_v4,rough,rough_perlin,32,success,True,5,True,False,0,39,1.802586193737586,0.12241320945945637,1.6801729842781297,7.800000000000001,196.43178456198532,7.800000000000001,0.230741508929787,0.029549316482653413,0.5763604714993024,8.998918848261694,1.1524233428234831,22.478058388472792,0.21540679285617045,1.1527209429986045,0.008935282655011709,0.04493504855065488,0.03206179291009903,0.07078437507152557,0.06827381014441833,0.01541477092467129,-0.03859592463152531,0.21365476202888373,0.006165908369868516,0.2976842445221085,0.060000000000000005,0.21365476202888373,0.006165908369868516,0.2976842445221085,0.060000000000000005,lm000_ls100_le000,0.15,0.7,0.15,0.0,1.0,0.0
beta_conditioned,/mnt/share/nas/Yoo/Tracer/TRACER-ICRA27/results/icra27/phase1a_beta_conditioned_v4_seed27027/checkpoint_update_0030.pt,tracer_cost_v4,tracer_cost_v4,rough,rough_perlin,33,success,True,5,True,False,0,37,1.8144236733210037,0.14720446648246197,1.6672192068385419,7.4,209.73237296830828,7.4,0.21837513397997613,0.10854521366818136,0.6486505330861985,8.079879957259116,4.01617290572271,24.00006972418934,0.22529989281601914,1.2973010661723965,0.007273508862669852,0.08350331427904924,0.016742421314120293,0.1791703999042511,0.06979345268494375,0.016775815215156843,-0.03658487557156666,0.21395869053698874,0.006710326086062738,0.297804907465706,0.060000000000000005,0.21395869053698874,0.006710326086062738,0.297804907465706,0.060000000000000005,lm000_ls100_le000,0.15,0.7,0.15,0.0,1.0,0.0
beta_conditioned,/mnt/share/nas/Yoo/Tracer/TRACER-ICRA27/results/icra27/phase1a_beta_conditioned_v4_seed27027/checkpoint_update_0030.pt,tracer_cost_v4,tracer_cost_v4,rough,rough_perlin,34,time_limit,True,5,False,False,0,50,1.8006155508699786,0.38791062056699194,1.4127049303029866,10.0,357.76407579751407,10.0,0.32341188371212676,0.43703213340992114,0.8187923154093091,16.170594185606337,21.851606670496057,40.93961577046545,0.14127049303029865,1.6375846308186184,0.012934783238445099,0.1344129391021858,0.02821187488734722,0.2396254539489746,0.06641524441540242,0.017311158333905043,-0.032907936237752435,0.2132830488830805,0.006924463333562016,0.29802552382573483,0.06,0.2132830488830805,0.006924463333562016,0.29802552382573483,0.06,lm000_ls100_le000,0.15,0.7,0.15,0.0,1.0,0.0
beta_conditioned,/mnt/share/nas/Yoo/Tracer/TRACER-ICRA27/results/icra27/phase1a_beta_conditioned_v4_seed27027/checkpoint_update_0030.pt,tracer_cost_v4,tracer_cost_v4,rough,rough_perlin,35,success,True,5,True,False,0,39,1.8310988114736846,0.12086251310571784,1.7102362983679666,7.800000000000001,231.52445946104035,7.800000000000001,0.2259236701333387,0.1724305994288841,0.6793276704996689,8.811023135200209,6.72479337772648,26.49377914948709,0.21926106389332908,1.3586553409993376,0.010324327900974265,0.08663508478413595,0.024301428347826004,0.1441989541053772,0.0692467974164547,0.016760844602965966,-0.03650096751367434,0.21384935948329095,0.006704337841186386,0.29780994194917954,0.060000000000000005,0.21384935948329095,0.006704337841186386,0.29780994194917954,0.060000000000000005,lm000_ls100_le000,0.15,0.7,0.15,0.0,1.0,0.0
beta_conditioned,/mnt/share/nas/Yoo/Tracer/TRACER-ICRA27/results/icra27/phase1a_beta_conditioned_v4_seed27027/checkpoint_update_0030.pt,tracer_cost_v4,tracer_cost_v4,rough,rough_perlin,36,success,True,5,True,False,0,39,1.8339173015102326,0.13917430813706616,1.6947429933731664,7.800000000000001,214.83015458938334,7.800000000000001,0.2284065715748131,0.05830554403483842,0.6303440630420629,8.90785629141771,2.2739162173586984,24.583418458640455,0.21727474274014952,1.2606881260841258,0.011957805108232222,0.06213529832021077,0.03548407927155495,0.1775665134191513,0.0702688245055003,0.016704869196147252,-0.036890195396084055,0.21405376490110006,0.006681947678458903,0.297786588276235,0.060000000000000005,0.21405376490110006,0.006681947678458903,0.297786588276235,0.060000000000000005,lm000_ls100_le000,0.15,0.7,0.15,0.0,1.0,0.0
beta_conditioned,/mnt/share/nas/Yoo/Tracer/TRACER-ICRA27/results/icra27/phase1a_beta_conditioned_v4_seed27027/checkpoint_update_0030.pt,tracer_cost_v4,tracer_cost_v4,rough,rough_perlin,37,success,True,5,True,False,0,39,1.830505723311209,0.1271296979185976,1.7033760253926113,7.800000000000001,237.28259234042713,7.800000000000001,0.22702307285374823,0.1404178007734588,0.6962229005090046,8.853899841296181,5.476294230164894,27.15269311985118,0.21838154171700147,1.392445801018009,0.00907569535240414,0.08499578339783952,0.029122106730937958,0.1438802033662796,0.07165556534742698,0.016679989910559155,-0.03708458901979984,0.2143311130694854,0.006671995964223661,0.29777492465881206,0.060000000000000005,0.2143311130694854,0.006671995964223661,0.29777492465881206,0.060000000000000005,lm000_ls100_le000,0.15,0.7,0.15,0.0,1.0,0.0
beta_conditioned,/mnt/share/nas/Yoo/Tracer/TRACER-ICRA27/results/icra27/phase1a_beta_conditioned_v4_seed27027/checkpoint_update_0030.pt,tracer_cost_v4,tracer_cost_v4,rough,rough_perlin,38,success,True,5,True,False,0,37,1.7964071418518759,0.13157428003329377,1.6648328618185821,7.4,245.0344354062397,7.4,0.21877823280091518,0.26554891378753126,0.7578311106733626,8.094794613633862,9.825309810138657,28.03975109491442,0.22497741375926786,1.515662221346725,0.009715381022943873,0.12574311194154658,0.020677747204899788,0.23993125557899475,0.06740498905246323,0.01698077121762106,-0.03700982396667068,0.21348099781049265,0.006792308487048424,0.29777941056199975,0.060000000000000005,0.21348099781049265,0.006792308487048424,0.29777941056199975,0.060000000000000005,lm000_ls100_le000,0.15,0.7,0.15,0.0,1.0,0.0
beta_conditioned,/mnt/share/nas/Yoo/Tracer/TRACER-ICRA27/results/icra27/phase1a_beta_conditioned_v4_seed27027/checkpoint_update_0030.pt,tracer_cost_v4,tracer_cost_v4,rough,rough_perlin,39,success,True,5,True,False,0,41,1.8828988144571281,0.1180966347238357,1.7648021797332925,8.200000000000001,222.49362544816253,8.200000000000001,0.23097527747968108,0.20326382845235846,0.6209844838028763,9.469986376666924,8.333816966546697,25.460363835917928,0.2152197780162551,1.2419689676057526,0.012286827845519922,0.0869189853580396,0.03469815477728844,0.1578485369682312,0.07266317053538997,0.01552679316387739,-0.03936676167678542,0.21453263410707799,0.006210717265550956,0.29763799429939286,0.06,0.21453263410707799,0.006210717265550956,0.29763799429939286,0.06,lm000_ls100_le000,0.15,0.7,0.15,0.0,1.0,0.0
beta_conditioned,/mnt/share/nas/Yoo/Tracer/TRACER-ICRA27/results/icra27/phase1a_beta_conditioned_v4_seed27027/checkpoint_update_0030.pt,tracer_cost_v4,tracer_cost_v4,rough,rough_perlin,40,success,True,5,True,False,0,39,1.8015716684441132,0.12052865797418964,1.6810430104699237,7.800000000000001,209.85268111678053,7.800000000000001,0.23060208165546095,0.0933202631880478,0.6157394054305584,8.993481184562977,3.6394902643338645,24.013836811791776,0.2155183346756312,1.2314788108611168,0.006560847436888501,0.07530594260974427,0.017330707982182503,0.14589139819145203,0.06843520080049832,0.015734942600083273,-0.03918496786783903,0.21368704016009973,0.00629397704003331,0.29764890192792964,0.060000000000000005,0.21368704016009973,0.00629397704003331,0.29764890192792964,0.060000000000000005,lm000_ls100_le000,0.15,0.7,0.15,0.0,1.0,0.0
beta_conditioned,/mnt/share/nas/Yoo/Tracer/TRACER-ICRA27/results/icra27/phase1a_beta_conditioned_v4_seed27027/checkpoint_update_0030.pt,tracer_cost_v4,tracer_cost_v4,rough,rough_perlin,41,success,True,5,True,False,0,39,1.7987216025400643,0.11435250181524562,1.6843691007248187,7.800000000000001,208.7514789336613,7.800000000000001,0.23006905437102268,0.058997656770051934,0.6125083121994199,8.972693120469884,2.3009086140320254,23.887824175777375,0.21594475650318187,1.2250166243988398,0.008421303910090903,0.06334422911283805,0.021662136539816856,0.12005114555358887,0.06842363052643262,0.016086305515506327,-0.03919347380407345,0.21368472610528655,0.006434522206202531,0.2976483915717556,0.060000000000000005,0.21368472610528655,0.006434522206202531,0.2976483915717556,0.060000000000000005,lm000_ls100_le000,0.15,0.7,0.15,0.0,1.0,0.0
beta_conditioned,/mnt/share/nas/Yoo/Tracer/TRACER-ICRA27/results/icra27/phase1a_beta_conditioned_v4_seed27027/checkpoint_update_0030.pt,tracer_cost_v4,tracer_cost_v4,rough,rough_perlin,42,success,True,5,True,False,0,39,1.8071922941581364,0.12345425119981315,1.6837380429583233,7.800000000000001,212.00295852995592,7.800000000000001,0.2301701854233456,0.09372856155409624,0.6220486435534803,8.976637231510479,3.6554139006097537,24.259897098585732,0.21586385166132346,1.2440972871069602,0.005895209226082099,0.0785348438374254,0.02258194424211979,0.10695727914571762,0.06881437030358192,0.017184213570987757,-0.035442107619765476,0.21376287406071645,0.006873685428395104,0.2978734735428142,0.060000000000000005,0.21376287406071645,0.006873685428395104,0.2978734735428142,0.060000000000000005,lm000_ls100_le000,0.15,0.7,0.15,0.0,1.0,0.0
beta_conditioned,/mnt/share/nas/Yoo/Tracer/TRACER-ICRA27/results/icra27/phase1a_beta_conditioned_v4_seed27027/checkpoint_update_0030.pt,tracer_cost_v4,tracer_cost_v4,rough,rough_perlin,43,time_limit,True,5,False,False,0,50,1.7855203722366515,0.4572184885812645,1.328301883655387,10.0,276.38913500244786,10.0,0.33396226454307665,0.12846621067624706,0.6325545662966836,16.698113227153833,6.423310533812352,31.62772831483418,0.1328301883655387,1.2651091325933677,0.012416594183515359,0.0923722391747529,0.02718348801136017,0.17794224619865417,0.05831072524189949,0.018682169474195688,-0.042858301214873794,0.2116621450483799,0.007472867789678277,0.29742850192710757,0.06,0.2116621450483799,0.007472867789678277,0.29742850192710757,0.06,lm000_ls100_le000,0.15,0.7,0.15,0.0,1.0,0.0
beta_conditioned,/mnt/share/nas/Yoo/Tracer/TRACER-ICRA27/results/icra27/phase1a_beta_conditioned_v4_seed27027/checkpoint_update_0030.pt,tracer_cost_v4,tracer_cost_v4,rough,rough_perlin,44,success,True,5,True,False,0,38,1.8017616156772887,0.11192432808521056,1.6898372875920782,7.6,214.7121722649747,7.6,0.22206623559340818,0.12792274423763828,0.6465767768278431,8.438516952549511,4.861064281030254,24.569917519458038,0.22234701152527345,1.2931535536556864,0.007214556814561939,0.08497846151294686,0.01733638346195221,0.1870836466550827,0.0685106854101545,0.015880013002683165,-0.03683106169888848,0.2137021370820309,0.006352005201073266,0.29779013629806667,0.060000000000000005,0.2137021370820309,0.006352005201073266,0.29779013629806667,0.060000000000000005,lm000_ls100_le000,0.15,0.7,0.15,0.0,1.0,0.0
beta_conditioned,/mnt/share/nas/Yoo/Tracer/TRACER-ICRA27/results/icra27/phase1a_beta_conditioned_v4_seed27027/checkpoint_update_0030.pt,tracer_cost_v4,tracer_cost_v4,rough,rough_perlin,45,success,True,5,True,False,0,39,1.8070449992102737,0.11948356520534775,1.6875614340049259,7.800000000000001,208.8020712208914,7.800000000000001,0.22955746249921063,0.04977902713721341,0.6126567575978425,8.952741037469215,1.941382058351323,23.89361354631586,0.2163540300006315,1.2253135151956847,0.00886209181205668,0.05716704560282444,0.02338411472737789,0.12962128221988678,0.06782867912298594,0.015674735609000214,-0.038446085479779124,0.21356573582459717,0.006269894243600086,0.2976932348712132,0.060000000000000005,0.21356573582459717,0.006269894243600086,0.2976932348712132,0.060000000000000005,lm000_ls100_le000,0.15,0.7,0.15,0.0,1.0,0.0
beta_conditioned,/mnt/share/nas/Yoo/Tracer/TRACER-ICRA27/results/icra27/phase1a_beta_conditioned_v4_seed27027/checkpoint_update_0030.pt,tracer_cost_v4,tracer_cost_v4,rough,rough_perlin,46,success,True,5,True,False,0,40,1.8004478384078573,0.14703188978896145,1.6534159486188957,8.0,207.6714890006259,8.0,0.24165375802829753,0.05086687503201979,0.5941059724354487,9.666150321131902,2.0346750012807915,23.764238897417947,0.20667699357736194,1.1882119448708974,0.009680252286737516,0.043071050927381366,0.02190622314810753,0.085014209151268,0.06743537383154034,0.015657147369347514,-0.03986981050111353,0.2134870747663081,0.006262858947739006,0.2976078113699332,0.06,0.2134870747663081,0.006262858947739006,0.2976078113699332,0.06,lm000_ls100_le000,0.15,0.7,0.15,0.0,1.0,0.0
beta_conditioned,/mnt/share/nas/Yoo/Tracer/TRACER-ICRA27/results/icra27/phase1a_beta_conditioned_v4_seed27027/checkpoint_update_0030.pt,tracer_cost_v4,tracer_cost_v4,rough,rough_perlin,47,success,True,5,True,False,0,38,1.8135544038673177,0.14562913315025716,1.6679252707170606,7.6,226.87618645948444,7.6,0.22567018573732553,0.11779942037738966,0.6832070666162959,8.57546705801837,4.476377974340807,25.961868531419245,0.21946385141013955,1.366414133232592,0.011460558881239553,0.08006869865501229,0.02254761941730976,0.14853987097740173,0.06922018861300067,0.016592900755073827,-0.03617374437223924,0.21384403772260013,0.006637160302029532,0.29782957533766563,0.060000000000000005,0.21384403772260013,0.006637160302029532,0.29782957533766563,0.060000000000000005,lm000_ls100_le000,0.15,0.7,0.15,0.0,1.0,0.0
