context_id,context_index,preference_name,preference_index,w_motion,w_stability,w_energy,selected_beta_name,selected_beta_motion,selected_beta_stability,selected_beta_energy,selected_lambda_motion,selected_lambda_stability,selected_lambda_energy,selected_J_motion_s_per_m,selected_J_stability,selected_J_energy_j_per_m,selected_regret_motion,selected_regret_stability,selected_regret_energy,scalarization_score,pareto_count,pareto_ideal_motion,pareto_ideal_stability,pareto_ideal_energy,pareto_nadir_motion,pareto_nadir_stability,pareto_nadir_energy,pareto_span_motion,pareto_span_stability,pareto_span_energy,source_stage
flat,0,wm100_ws000_we000,0,1.0,0.0,0.0,lm100_ls000_le000,0.7,0.15,0.15,1.0,0.0,0.0,4.467153420035954,0.10764727422495432,100.54988909022944,0.0,0.0,0.0,0.0,1,4.467153420035954,0.10764727422495432,100.54988909022944,4.467153420035954,0.10764727422495432,100.54988909022944,0.0,0.0,0.0,T5.5d_frozen_regression
flat,0,wm080_ws020_we000,1,0.8,0.2,0.0,lm100_ls000_le000,0.7,0.15,0.15,1.0,0.0,0.0,4.467153420035954,0.10764727422495432,100.54988909022944,0.0,0.0,0.0,0.0,1,4.467153420035954,0.10764727422495432,100.54988909022944,4.467153420035954,0.10764727422495432,100.54988909022944,0.0,0.0,0.0,T5.5d_frozen_regression
flat,0,wm080_ws000_we020,2,0.8,0.0,0.2,lm100_ls000_le000,0.7,0.15,0.15,1.0,0.0,0.0,4.467153420035954,0.10764727422495432,100.54988909022944,0.0,0.0,0.0,0.0,1,4.467153420035954,0.10764727422495432,100.54988909022944,4.467153420035954,0.10764727422495432,100.54988909022944,0.0,0.0,0.0,T5.5d_frozen_regression
flat,0,wm060_ws040_we000,3,0.6,0.4,0.0,lm100_ls000_le000,0.7,0.15,0.15,1.0,0.0,0.0,4.467153420035954,0.10764727422495432,100.54988909022944,0.0,0.0,0.0,0.0,1,4.467153420035954,0.10764727422495432,100.54988909022944,4.467153420035954,0.10764727422495432,100.54988909022944,0.0,0.0,0.0,T5.5d_frozen_regression
flat,0,wm060_ws020_we020,4,0.6,0.2,0.2,lm100_ls000_le000,0.7,0.15,0.15,1.0,0.0,0.0,4.467153420035954,0.10764727422495432,100.54988909022944,0.0,0.0,0.0,0.0,1,4.467153420035954,0.10764727422495432,100.54988909022944,4.467153420035954,0.10764727422495432,100.54988909022944,0.0,0.0,0.0,T5.5d_frozen_regression
flat,0,wm060_ws000_we040,5,0.6,0.0,0.4,lm100_ls000_le000,0.7,0.15,0.15,1.0,0.0,0.0,4.467153420035954,0.10764727422495432,100.54988909022944,0.0,0.0,0.0,0.0,1,4.467153420035954,0.10764727422495432,100.54988909022944,4.467153420035954,0.10764727422495432,100.54988909022944,0.0,0.0,0.0,T5.5d_frozen_regression
flat,0,wm040_ws060_we000,6,0.4,0.6,0.0,lm100_ls000_le000,0.7,0.15,0.15,1.0,0.0,0.0,4.467153420035954,0.10764727422495432,100.54988909022944,0.0,0.0,0.0,0.0,1,4.467153420035954,0.10764727422495432,100.54988909022944,4.467153420035954,0.10764727422495432,100.54988909022944,0.0,0.0,0.0,T5.5d_frozen_regression
flat,0,wm040_ws040_we020,7,0.4,0.4,0.2,lm100_ls000_le000,0.7,0.15,0.15,1.0,0.0,0.0,4.467153420035954,0.10764727422495432,100.54988909022944,0.0,0.0,0.0,0.0,1,4.467153420035954,0.10764727422495432,100.54988909022944,4.467153420035954,0.10764727422495432,100.54988909022944,0.0,0.0,0.0,T5.5d_frozen_regression
flat,0,wm040_ws020_we040,8,0.4,0.2,0.4,lm100_ls000_le000,0.7,0.15,0.15,1.0,0.0,0.0,4.467153420035954,0.10764727422495432,100.54988909022944,0.0,0.0,0.0,0.0,1,4.467153420035954,0.10764727422495432,100.54988909022944,4.467153420035954,0.10764727422495432,100.54988909022944,0.0,0.0,0.0,T5.5d_frozen_regression
flat,0,wm040_ws000_we060,9,0.4,0.0,0.6,lm100_ls000_le000,0.7,0.15,0.15,1.0,0.0,0.0,4.467153420035954,0.10764727422495432,100.54988909022944,0.0,0.0,0.0,0.0,1,4.467153420035954,0.10764727422495432,100.54988909022944,4.467153420035954,0.10764727422495432,100.54988909022944,0.0,0.0,0.0,T5.5d_frozen_regression
flat,0,wm020_ws080_we000,10,0.2,0.8,0.0,lm100_ls000_le000,0.7,0.15,0.15,1.0,0.0,0.0,4.467153420035954,0.10764727422495432,100.54988909022944,0.0,0.0,0.0,0.0,1,4.467153420035954,0.10764727422495432,100.54988909022944,4.467153420035954,0.10764727422495432,100.54988909022944,0.0,0.0,0.0,T5.5d_frozen_regression
flat,0,wm020_ws060_we020,11,0.2,0.6,0.2,lm100_ls000_le000,0.7,0.15,0.15,1.0,0.0,0.0,4.467153420035954,0.10764727422495432,100.54988909022944,0.0,0.0,0.0,0.0,1,4.467153420035954,0.10764727422495432,100.54988909022944,4.467153420035954,0.10764727422495432,100.54988909022944,0.0,0.0,0.0,T5.5d_frozen_regression
flat,0,wm020_ws040_we040,12,0.2,0.4,0.4,lm100_ls000_le000,0.7,0.15,0.15,1.0,0.0,0.0,4.467153420035954,0.10764727422495432,100.54988909022944,0.0,0.0,0.0,0.0,1,4.467153420035954,0.10764727422495432,100.54988909022944,4.467153420035954,0.10764727422495432,100.54988909022944,0.0,0.0,0.0,T5.5d_frozen_regression
flat,0,wm020_ws020_we060,13,0.2,0.2,0.6,lm100_ls000_le000,0.7,0.15,0.15,1.0,0.0,0.0,4.467153420035954,0.10764727422495432,100.54988909022944,0.0,0.0,0.0,0.0,1,4.467153420035954,0.10764727422495432,100.54988909022944,4.467153420035954,0.10764727422495432,100.54988909022944,0.0,0.0,0.0,T5.5d_frozen_regression
flat,0,wm020_ws000_we080,14,0.2,0.0,0.8,lm100_ls000_le000,0.7,0.15,0.15,1.0,0.0,0.0,4.467153420035954,0.10764727422495432,100.54988909022944,0.0,0.0,0.0,0.0,1,4.467153420035954,0.10764727422495432,100.54988909022944,4.467153420035954,0.10764727422495432,100.54988909022944,0.0,0.0,0.0,T5.5d_frozen_regression
flat,0,wm000_ws100_we000,15,0.0,1.0,0.0,lm100_ls000_le000,0.7,0.15,0.15,1.0,0.0,0.0,4.467153420035954,0.10764727422495432,100.54988909022944,0.0,0.0,0.0,0.0,1,4.467153420035954,0.10764727422495432,100.54988909022944,4.467153420035954,0.10764727422495432,100.54988909022944,0.0,0.0,0.0,T5.5d_frozen_regression
flat,0,wm000_ws080_we020,16,0.0,0.8,0.2,lm100_ls000_le000,0.7,0.15,0.15,1.0,0.0,0.0,4.467153420035954,0.10764727422495432,100.54988909022944,0.0,0.0,0.0,0.0,1,4.467153420035954,0.10764727422495432,100.54988909022944,4.467153420035954,0.10764727422495432,100.54988909022944,0.0,0.0,0.0,T5.5d_frozen_regression
flat,0,wm000_ws060_we040,17,0.0,0.6,0.4,lm100_ls000_le000,0.7,0.15,0.15,1.0,0.0,0.0,4.467153420035954,0.10764727422495432,100.54988909022944,0.0,0.0,0.0,0.0,1,4.467153420035954,0.10764727422495432,100.54988909022944,4.467153420035954,0.10764727422495432,100.54988909022944,0.0,0.0,0.0,T5.5d_frozen_regression
flat,0,wm000_ws040_we060,18,0.0,0.4,0.6,lm100_ls000_le000,0.7,0.15,0.15,1.0,0.0,0.0,4.467153420035954,0.10764727422495432,100.54988909022944,0.0,0.0,0.0,0.0,1,4.467153420035954,0.10764727422495432,100.54988909022944,4.467153420035954,0.10764727422495432,100.54988909022944,0.0,0.0,0.0,T5.5d_frozen_regression
flat,0,wm000_ws020_we080,19,0.0,0.2,0.8,lm100_ls000_le000,0.7,0.15,0.15,1.0,0.0,0.0,4.467153420035954,0.10764727422495432,100.54988909022944,0.0,0.0,0.0,0.0,1,4.467153420035954,0.10764727422495432,100.54988909022944,4.467153420035954,0.10764727422495432,100.54988909022944,0.0,0.0,0.0,T5.5d_frozen_regression
flat,0,wm000_ws000_we100,20,0.0,0.0,1.0,lm100_ls000_le000,0.7,0.15,0.15,1.0,0.0,0.0,4.467153420035954,0.10764727422495432,100.54988909022944,0.0,0.0,0.0,0.0,1,4.467153420035954,0.10764727422495432,100.54988909022944,4.467153420035954,0.10764727422495432,100.54988909022944,0.0,0.0,0.0,T5.5d_frozen_regression
flat,0,balanced,21,0.3333333333333333,0.3333333333333333,0.3333333333333333,lm100_ls000_le000,0.7,0.15,0.15,1.0,0.0,0.0,4.467153420035954,0.10764727422495432,100.54988909022944,0.0,0.0,0.0,0.0,1,4.467153420035954,0.10764727422495432,100.54988909022944,4.467153420035954,0.10764727422495432,100.54988909022944,0.0,0.0,0.0,T5.5d_frozen_regression
flat,0,motion,22,0.7,0.15,0.15,lm100_ls000_le000,0.7,0.15,0.15,1.0,0.0,0.0,4.467153420035954,0.10764727422495432,100.54988909022944,0.0,0.0,0.0,0.0,1,4.467153420035954,0.10764727422495432,100.54988909022944,4.467153420035954,0.10764727422495432,100.54988909022944,0.0,0.0,0.0,T5.5d_frozen_regression
flat,0,stability,23,0.15,0.7,0.15,lm100_ls000_le000,0.7,0.15,0.15,1.0,0.0,0.0,4.467153420035954,0.10764727422495432,100.54988909022944,0.0,0.0,0.0,0.0,1,4.467153420035954,0.10764727422495432,100.54988909022944,4.467153420035954,0.10764727422495432,100.54988909022944,0.0,0.0,0.0,T5.5d_frozen_regression
flat,0,energy,24,0.15,0.15,0.7,lm100_ls000_le000,0.7,0.15,0.15,1.0,0.0,0.0,4.467153420035954,0.10764727422495432,100.54988909022944,0.0,0.0,0.0,0.0,1,4.467153420035954,0.10764727422495432,100.54988909022944,4.467153420035954,0.10764727422495432,100.54988909022944,0.0,0.0,0.0,T5.5d_frozen_regression
low_friction,1,wm100_ws000_we000,0,1.0,0.0,0.0,lm100_ls000_le000,0.7,0.15,0.15,1.0,0.0,0.0,4.539224297512309,0.25137314479378425,110.58335893441934,0.0,1.0,0.5941920981184179,0.0,6,4.539224297512309,0.2496795992077843,110.4678040997217,4.566854367627028,0.25137314479378425,110.6622779661086,0.02763007011471874,0.0016935455859999615,0.19447386638690034,T5.5d_frozen_regression
low_friction,1,wm080_ws020_we000,1,0.8,0.2,0.0,lm080_ls020_le000,0.59,0.26,0.15,0.8,0.2,0.0,4.542541160232466,0.2509052680762073,110.51206006721317,0.12004539642447351,0.7237294812464607,0.22756768461331556,0.14715371838318086,6,4.539224297512309,0.2496795992077843,110.4678040997217,4.566854367627028,0.25137314479378425,110.6622779661086,0.02763007011471874,0.0016935455859999615,0.19447386638690034,T5.5d_frozen_regression
low_friction,1,wm080_ws000_we020,2,0.8,0.0,0.2,lm080_ls020_le000,0.59,0.26,0.15,0.8,0.2,0.0,4.542541160232466,0.2509052680762073,110.51206006721317,0.12004539642447351,0.7237294812464607,0.22756768461331556,0.09745181568020124,6,4.539224297512309,0.2496795992077843,110.4678040997217,4.566854367627028,0.25137314479378425,110.6622779661086,0.02763007011471874,0.0016935455859999615,0.19447386638690034,T5.5d_frozen_regression
low_friction,1,wm060_ws040_we000,3,0.6,0.4,0.0,lm040_ls060_le000,0.37,0.48,0.15,0.4,0.6,0.0,4.547219700831385,0.25017519271203076,110.62720484327328,0.289373254786527,0.2926366484276484,0.8196512287900357,0.17653073899434593,6,4.539224297512309,0.2496795992077843,110.4678040997217,4.566854367627028,0.25137314479378425,110.6622779661086,0.02763007011471874,0.0016935455859999615,0.19447386638690034,T5.5d_frozen_regression
low_friction,1,wm060_ws020_we020,4,0.6,0.2,0.2,lm060_ls040_le000,0.48,0.37,0.15,0.6,0.4,0.0,4.544679391626769,0.2505255781359973,110.59918496615518,0.19743323458139905,0.49953124096951407,0.6755708048303816,0.1386489644651645,6,4.539224297512309,0.2496795992077843,110.4678040997217,4.566854367627028,0.25137314479378425,110.6622779661086,0.02763007011471874,0.0016935455859999615,0.19447386638690034,T5.5d_frozen_regression
low_friction,1,wm060_ws000_we040,5,0.6,0.0,0.4,lm080_ls020_le000,0.59,0.26,0.15,0.8,0.2,0.0,4.542541160232466,0.2509052680762073,110.51206006721317,0.12004539642447351,0.7237294812464607,0.22756768461331556,0.09265761696232633,6,4.539224297512309,0.2496795992077843,110.4678040997217,4.566854367627028,0.25137314479378425,110.6622779661086,0.02763007011471874,0.0016935455859999615,0.19447386638690034,T5.5d_frozen_regression
low_friction,1,wm040_ws060_we000,6,0.4,0.6,0.0,lm020_ls080_le000,0.26,0.59,0.15,0.2,0.8,0.0,4.550188003922176,0.24997079780404255,110.6622779661086,0.39680342338423646,0.17194612218620497,1.0,0.16134025978034877,6,4.539224297512309,0.2496795992077843,110.4678040997217,4.566854367627028,0.25137314479378425,110.6622779661086,0.02763007011471874,0.0016935455859999615,0.19447386638690034,T5.5d_frozen_regression
low_friction,1,wm040_ws040_we020,7,0.4,0.4,0.2,lm040_ls060_le000,0.37,0.48,0.15,0.4,0.6,0.0,4.547219700831385,0.25017519271203076,110.62720484327328,0.289373254786527,0.2926366484276484,0.8196512287900357,0.16789758782844394,6,4.539224297512309,0.2496795992077843,110.4678040997217,4.566854367627028,0.25137314479378425,110.6622779661086,0.02763007011471874,0.0016935455859999615,0.19447386638690034,T5.5d_frozen_regression
low_friction,1,wm040_ws020_we040,8,0.4,0.2,0.4,lm080_ls020_le000,0.59,0.26,0.15,0.8,0.2,0.0,4.542541160232466,0.2509052680762073,110.51206006721317,0.12004539642447351,0.7237294812464607,0.22756768461331556,0.14758380753593622,6,4.539224297512309,0.2496795992077843,110.4678040997217,4.566854367627028,0.25137314479378425,110.6622779661086,0.02763007011471874,0.0016935455859999615,0.19447386638690034,T5.5d_frozen_regression
low_friction,1,wm040_ws000_we060,9,0.4,0.0,0.6,lm080_ls020_le000,0.59,0.26,0.15,0.8,0.2,0.0,4.542541160232466,0.2509052680762073,110.51206006721317,0.12004539642447351,0.7237294812464607,0.22756768461331556,0.1383861984613671,6,4.539224297512309,0.2496795992077843,110.4678040997217,4.566854367627028,0.25137314479378425,110.6622779661086,0.02763007011471874,0.0016935455859999615,0.19447386638690034,T5.5d_frozen_regression
low_friction,1,wm020_ws080_we000,10,0.2,0.8,0.0,lm020_ls080_le000,0.26,0.59,0.15,0.2,0.8,0.0,4.550188003922176,0.24997079780404255,110.6622779661086,0.39680342338423646,0.17194612218620497,1.0,0.1397260735732221,6,4.539224297512309,0.2496795992077843,110.4678040997217,4.566854367627028,0.25137314479378425,110.6622779661086,0.02763007011471874,0.0016935455859999615,0.19447386638690034,T5.5d_frozen_regression
low_friction,1,wm020_ws060_we020,11,0.2,0.6,0.2,lm040_ls060_le000,0.37,0.48,0.15,0.4,0.6,0.0,4.547219700831385,0.25017519271203076,110.62720484327328,0.289373254786527,0.2926366484276484,0.8196512287900357,0.17955585791430806,6,4.539224297512309,0.2496795992077843,110.4678040997217,4.566854367627028,0.25137314479378425,110.6622779661086,0.02763007011471874,0.0016935455859999615,0.19447386638690034,T5.5d_frozen_regression
low_friction,1,wm020_ws040_we040,12,0.2,0.4,0.4,lm000_ls080_le020,0.15,0.59,0.26,0.0,0.8,0.2,4.566854367627028,0.2496795992077843,110.4678040997217,1.0,0.0,0.0,0.202,6,4.539224297512309,0.2496795992077843,110.4678040997217,4.566854367627028,0.25137314479378425,110.6622779661086,0.02763007011471874,0.0016935455859999615,0.19447386638690034,T5.5d_frozen_regression
low_friction,1,wm020_ws020_we060,13,0.2,0.2,0.6,lm080_ls020_le000,0.59,0.26,0.15,0.8,0.2,0.0,4.542541160232466,0.2509052680762073,110.51206006721317,0.12004539642447351,0.7237294812464607,0.22756768461331556,0.14779885211231392,6,4.539224297512309,0.2496795992077843,110.4678040997217,4.566854367627028,0.25137314479378425,110.6622779661086,0.02763007011471874,0.0016935455859999615,0.19447386638690034,T5.5d_frozen_regression
low_friction,1,wm020_ws000_we080,14,0.2,0.0,0.8,lm080_ls020_le000,0.59,0.26,0.15,0.8,0.2,0.0,4.542541160232466,0.2509052680762073,110.51206006721317,0.12004539642447351,0.7237294812464607,0.22756768461331556,0.18411477996040793,6,4.539224297512309,0.2496795992077843,110.4678040997217,4.566854367627028,0.25137314479378425,110.6622779661086,0.02763007011471874,0.0016935455859999615,0.19447386638690034,T5.5d_frozen_regression
low_friction,1,wm000_ws100_we000,15,0.0,1.0,0.0,lm000_ls080_le020,0.15,0.59,0.26,0.0,0.8,0.2,4.566854367627028,0.2496795992077843,110.4678040997217,1.0,0.0,0.0,0.0,6,4.539224297512309,0.2496795992077843,110.4678040997217,4.566854367627028,0.25137314479378425,110.6622779661086,0.02763007011471874,0.0016935455859999615,0.19447386638690034,T5.5d_frozen_regression
low_friction,1,wm000_ws080_we020,16,0.0,0.8,0.2,lm000_ls080_le020,0.15,0.59,0.26,0.0,0.8,0.2,4.566854367627028,0.2496795992077843,110.4678040997217,1.0,0.0,0.0,0.0,6,4.539224297512309,0.2496795992077843,110.4678040997217,4.566854367627028,0.25137314479378425,110.6622779661086,0.02763007011471874,0.0016935455859999615,0.19447386638690034,T5.5d_frozen_regression
low_friction,1,wm000_ws060_we040,17,0.0,0.6,0.4,lm000_ls080_le020,0.15,0.59,0.26,0.0,0.8,0.2,4.566854367627028,0.2496795992077843,110.4678040997217,1.0,0.0,0.0,0.0,6,4.539224297512309,0.2496795992077843,110.4678040997217,4.566854367627028,0.25137314479378425,110.6622779661086,0.02763007011471874,0.0016935455859999615,0.19447386638690034,T5.5d_frozen_regression
low_friction,1,wm000_ws040_we060,18,0.0,0.4,0.6,lm000_ls080_le020,0.15,0.59,0.26,0.0,0.8,0.2,4.566854367627028,0.2496795992077843,110.4678040997217,1.0,0.0,0.0,0.0,6,4.539224297512309,0.2496795992077843,110.4678040997217,4.566854367627028,0.25137314479378425,110.6622779661086,0.02763007011471874,0.0016935455859999615,0.19447386638690034,T5.5d_frozen_regression
low_friction,1,wm000_ws020_we080,19,0.0,0.2,0.8,lm000_ls080_le020,0.15,0.59,0.26,0.0,0.8,0.2,4.566854367627028,0.2496795992077843,110.4678040997217,1.0,0.0,0.0,0.0,6,4.539224297512309,0.2496795992077843,110.4678040997217,4.566854367627028,0.25137314479378425,110.6622779661086,0.02763007011471874,0.0016935455859999615,0.19447386638690034,T5.5d_frozen_regression
low_friction,1,wm000_ws000_we100,20,0.0,0.0,1.0,lm000_ls080_le020,0.15,0.59,0.26,0.0,0.8,0.2,4.566854367627028,0.2496795992077843,110.4678040997217,1.0,0.0,0.0,0.0,6,4.539224297512309,0.2496795992077843,110.4678040997217,4.566854367627028,0.25137314479378425,110.6622779661086,0.02763007011471874,0.0016935455859999615,0.19447386638690034,T5.5d_frozen_regression
low_friction,1,balanced,21,0.3333333333333333,0.3333333333333333,0.3333333333333333,lm060_ls040_le000,0.48,0.37,0.15,0.6,0.4,0.0,4.544679391626769,0.2505255781359973,110.59918496615518,0.19743323458139905,0.49953124096951407,0.6755708048303816,0.22976538587806483,6,4.539224297512309,0.2496795992077843,110.4678040997217,4.566854367627028,0.25137314479378425,110.6622779661086,0.02763007011471874,0.0016935455859999615,0.19447386638690034,T5.5d_frozen_regression
low_friction,1,motion,22,0.7,0.15,0.15,lm080_ls020_le000,0.59,0.26,0.15,0.8,0.2,0.0,4.542541160232466,0.2509052680762073,110.51206006721317,0.12004539642447351,0.7237294812464607,0.22756768461331556,0.1108266857107301,6,4.539224297512309,0.2496795992077843,110.4678040997217,4.566854367627028,0.25137314479378425,110.6622779661086,0.02763007011471874,0.0016935455859999615,0.19447386638690034,T5.5d_frozen_regression
low_friction,1,stability,23,0.15,0.7,0.15,lm000_ls080_le020,0.15,0.59,0.26,0.0,0.8,0.2,4.566854367627028,0.2496795992077843,110.4678040997217,1.0,0.0,0.0,0.1515,6,4.539224297512309,0.2496795992077843,110.4678040997217,4.566854367627028,0.25137314479378425,110.6622779661086,0.02763007011471874,0.0016935455859999615,0.19447386638690034,T5.5d_frozen_regression
low_friction,1,energy,24,0.15,0.15,0.7,lm000_ls080_le020,0.15,0.59,0.26,0.0,0.8,0.2,4.566854367627028,0.2496795992077843,110.4678040997217,1.0,0.0,0.0,0.1515,6,4.539224297512309,0.2496795992077843,110.4678040997217,4.566854367627028,0.25137314479378425,110.6622779661086,0.02763007011471874,0.0016935455859999615,0.19447386638690034,T5.5d_frozen_regression
rough_seed_13,2,wm100_ws000_we000,0,1.0,0.0,0.0,lm100_ls000_le000,0.7,0.15,0.15,1.0,0.0,0.0,4.425768838781536,0.48859726757708033,148.2619747782019,0.0,0.8099072147082177,1.0,0.0,9,4.425768838781536,0.480545692682495,145.32719359313973,4.518383985560771,0.4904870473813614,148.2619747782019,0.09261514677923444,0.009941354698866423,2.934781185062178,T5.5d_frozen_regression
rough_seed_13,2,wm080_ws020_we000,1,0.8,0.2,0.0,lm080_ls020_le000,0.59,0.26,0.15,0.8,0.2,0.0,4.433116592732395,0.4857931035504681,147.4083075334975,0.07933641749090085,0.527836600435501,0.7091206495906697,0.1072576846278984,9,4.425768838781536,0.480545692682495,145.32719359313973,4.518383985560771,0.4904870473813614,148.2619747782019,0.09261514677923444,0.009941354698866423,2.934781185062178,T5.5d_frozen_regression
rough_seed_13,2,wm080_ws000_we020,2,0.8,0.0,0.2,lm080_ls020_le000,0.59,0.26,0.15,0.8,0.2,0.0,4.433116592732395,0.4857931035504681,147.4083075334975,0.07933641749090085,0.527836600435501,0.7091206495906697,0.1438770625572425,9,4.425768838781536,0.480545692682495,145.32719359313973,4.518383985560771,0.4904870473813614,148.2619747782019,0.09261514677923444,0.009941354698866423,2.934781185062178,T5.5d_frozen_regression
rough_seed_13,2,wm060_ws040_we000,3,0.6,0.4,0.0,lm040_ls060_le000,0.37,0.48,0.15,0.4,0.6,0.0,4.445525657692599,0.480545692682495,147.58274612036152,0.21332168223148967,0.0,0.7685590117254372,0.12927293943228274,9,4.425768838781536,0.480545692682495,145.32719359313973,4.518383985560771,0.4904870473813614,148.2619747782019,0.09261514677923444,0.009941354698866423,2.934781185062178,T5.5d_frozen_regression
rough_seed_13,2,wm060_ws020_we020,4,0.6,0.2,0.2,lm080_ls020_le000,0.59,0.26,0.15,0.8,0.2,0.0,4.433116592732395,0.4857931035504681,147.4083075334975,0.07933641749090085,0.527836600435501,0.7091206495906697,0.1447740629231317,9,4.425768838781536,0.480545692682495,145.32719359313973,4.518383985560771,0.4904870473813614,148.2619747782019,0.09261514677923444,0.009941354698866423,2.934781185062178,T5.5d_frozen_regression
rough_seed_13,2,wm060_ws000_we040,5,0.6,0.0,0.4,lm020_ls060_le020,0.26,0.48,0.26,0.2,0.6,0.2,4.46049675924879,0.4904870473813614,147.21290249585252,0.37497020384834256,1.0,0.642538160020554,0.2618352378713939,9,4.425768838781536,0.480545692682495,145.32719359313973,4.518383985560771,0.4904870473813614,148.2619747782019,0.09261514677923444,0.009941354698866423,2.934781185062178,T5.5d_frozen_regression
rough_seed_13,2,wm040_ws060_we000,6,0.4,0.6,0.0,lm040_ls060_le000,0.37,0.48,0.15,0.4,0.6,0.0,4.445525657692599,0.480545692682495,147.58274612036152,0.21332168223148967,0.0,0.7685590117254372,0.08618195962152184,9,4.425768838781536,0.480545692682495,145.32719359313973,4.518383985560771,0.4904870473813614,148.2619747782019,0.09261514677923444,0.009941354698866423,2.934781185062178,T5.5d_frozen_regression
rough_seed_13,2,wm040_ws040_we020,7,0.4,0.4,0.2,lm040_ls060_le000,0.37,0.48,0.15,0.4,0.6,0.0,4.445525657692599,0.480545692682495,147.58274612036152,0.21332168223148967,0.0,0.7685590117254372,0.15610220709746428,9,4.425768838781536,0.480545692682495,145.32719359313973,4.518383985560771,0.4904870473813614,148.2619747782019,0.09261514677923444,0.009941354698866423,2.934781185062178,T5.5d_frozen_regression
rough_seed_13,2,wm040_ws020_we040,8,0.4,0.2,0.4,lm040_ls020_le040,0.36999999999999994,0.26,0.37,0.4,0.2,0.4,4.47408814587878,0.48926011833435273,146.88120631560952,0.5217214330224189,0.8765833144301184,0.5295157030376247,0.21776439638815032,9,4.425768838781536,0.480545692682495,145.32719359313973,4.518383985560771,0.4904870473813614,148.2619747782019,0.09261514677923444,0.009941354698866423,2.934781185062178,T5.5d_frozen_regression
rough_seed_13,2,wm040_ws000_we060,9,0.4,0.0,0.6,lm060_ls000_le040,0.48,0.15,0.37,0.6,0.0,0.4,4.476859539407105,0.48836031307554406,146.28683867532902,0.5516451941425174,0.7860719821152907,0.32699033477310696,0.2248266004422157,9,4.425768838781536,0.480545692682495,145.32719359313973,4.518383985560771,0.4904870473813614,148.2619747782019,0.09261514677923444,0.009941354698866423,2.934781185062178,T5.5d_frozen_regression
rough_seed_13,2,wm020_ws080_we000,10,0.2,0.8,0.0,lm040_ls060_le000,0.37,0.48,0.15,0.4,0.6,0.0,4.445525657692599,0.480545692682495,147.58274612036152,0.21332168223148967,0.0,0.7685590117254372,0.04309097981076092,9,4.425768838781536,0.480545692682495,145.32719359313973,4.518383985560771,0.4904870473813614,148.2619747782019,0.09261514677923444,0.009941354698866423,2.934781185062178,T5.5d_frozen_regression
rough_seed_13,2,wm020_ws060_we020,11,0.2,0.6,0.2,lm040_ls060_le000,0.37,0.48,0.15,0.4,0.6,0.0,4.445525657692599,0.480545692682495,147.58274612036152,0.21332168223148967,0.0,0.7685590117254372,0.1556755637330013,9,4.425768838781536,0.480545692682495,145.32719359313973,4.518383985560771,0.4904870473813614,148.2619747782019,0.09261514677923444,0.009941354698866423,2.934781185062178,T5.5d_frozen_regression
rough_seed_13,2,wm020_ws040_we040,12,0.2,0.4,0.4,lm020_ls000_le080,0.26,0.15,0.59,0.2,0.0,0.8,4.518383985560771,0.48209695526695223,145.33615197172438,1.0,0.15604136774580057,0.0030524860355003367,0.20263637541512522,9,4.425768838781536,0.480545692682495,145.32719359313973,4.518383985560771,0.4904870473813614,148.2619747782019,0.09261514677923444,0.009941354698866423,2.934781185062178,T5.5d_frozen_regression
rough_seed_13,2,wm020_ws020_we060,13,0.2,0.2,0.6,lm040_ls000_le060,0.37,0.15,0.48,0.4,0.0,0.6,4.487812692895135,0.48775200494741067,145.32719359313973,0.6699104441468061,0.7248823206898959,0.0,0.14776604966765258,9,4.425768838781536,0.480545692682495,145.32719359313973,4.518383985560771,0.4904870473813614,148.2619747782019,0.09261514677923444,0.009941354698866423,2.934781185062178,T5.5d_frozen_regression
rough_seed_13,2,wm020_ws000_we080,14,0.2,0.0,0.8,lm040_ls000_le060,0.37,0.15,0.48,0.4,0.0,0.6,4.487812692895135,0.48775200494741067,145.32719359313973,0.6699104441468061,0.7248823206898959,0.0,0.13532190971765484,9,4.425768838781536,0.480545692682495,145.32719359313973,4.518383985560771,0.4904870473813614,148.2619747782019,0.09261514677923444,0.009941354698866423,2.934781185062178,T5.5d_frozen_regression
rough_seed_13,2,wm000_ws100_we000,15,0.0,1.0,0.0,lm040_ls060_le000,0.37,0.48,0.15,0.4,0.6,0.0,4.445525657692599,0.480545692682495,147.58274612036152,0.21332168223148967,0.0,0.7685590117254372,0.0,9,4.425768838781536,0.480545692682495,145.32719359313973,4.518383985560771,0.4904870473813614,148.2619747782019,0.09261514677923444,0.009941354698866423,2.934781185062178,T5.5d_frozen_regression
rough_seed_13,2,wm000_ws080_we020,16,0.0,0.8,0.2,lm020_ls000_le080,0.26,0.15,0.59,0.2,0.0,0.8,4.518383985560771,0.48209695526695223,145.33615197172438,1.0,0.15604136774580057,0.0030524860355003367,0.12608753011067786,9,4.425768838781536,0.480545692682495,145.32719359313973,4.518383985560771,0.4904870473813614,148.2619747782019,0.09261514677923444,0.009941354698866423,2.934781185062178,T5.5d_frozen_regression
rough_seed_13,2,wm000_ws060_we040,17,0.0,0.6,0.4,lm020_ls000_le080,0.26,0.15,0.59,0.2,0.0,0.8,4.518383985560771,0.48209695526695223,145.33615197172438,1.0,0.15604136774580057,0.0030524860355003367,0.09457327879809715,9,4.425768838781536,0.480545692682495,145.32719359313973,4.518383985560771,0.4904870473813614,148.2619747782019,0.09261514677923444,0.009941354698866423,2.934781185062178,T5.5d_frozen_regression
rough_seed_13,2,wm000_ws040_we060,18,0.0,0.4,0.6,lm020_ls000_le080,0.26,0.15,0.59,0.2,0.0,0.8,4.518383985560771,0.48209695526695223,145.33615197172438,1.0,0.15604136774580057,0.0030524860355003367,0.06305902748551644,9,4.425768838781536,0.480545692682495,145.32719359313973,4.518383985560771,0.4904870473813614,148.2619747782019,0.09261514677923444,0.009941354698866423,2.934781185062178,T5.5d_frozen_regression
rough_seed_13,2,wm000_ws020_we080,19,0.0,0.2,0.8,lm020_ls000_le080,0.26,0.15,0.59,0.2,0.0,0.8,4.518383985560771,0.48209695526695223,145.33615197172438,1.0,0.15604136774580057,0.0030524860355003367,0.03154477617293572,9,4.425768838781536,0.480545692682495,145.32719359313973,4.518383985560771,0.4904870473813614,148.2619747782019,0.09261514677923444,0.009941354698866423,2.934781185062178,T5.5d_frozen_regression
rough_seed_13,2,wm000_ws000_we100,20,0.0,0.0,1.0,lm040_ls000_le060,0.37,0.15,0.48,0.4,0.0,0.6,4.487812692895135,0.48775200494741067,145.32719359313973,0.6699104441468061,0.7248823206898959,0.0,0.0,9,4.425768838781536,0.480545692682495,145.32719359313973,4.518383985560771,0.4904870473813614,148.2619747782019,0.09261514677923444,0.009941354698866423,2.934781185062178,T5.5d_frozen_regression
rough_seed_13,2,balanced,21,0.3333333333333333,0.3333333333333333,0.3333333333333333,lm080_ls020_le000,0.59,0.26,0.15,0.8,0.2,0.0,4.433116592732395,0.4857931035504681,147.4083075334975,0.07933641749090085,0.527836600435501,0.7091206495906697,0.2407611954219468,9,4.425768838781536,0.480545692682495,145.32719359313973,4.518383985560771,0.4904870473813614,148.2619747782019,0.09261514677923444,0.009941354698866423,2.934781185062178,T5.5d_frozen_regression
rough_seed_13,2,motion,22,0.7,0.15,0.15,lm080_ls020_le000,0.59,0.26,0.15,0.8,0.2,0.0,4.433116592732395,0.4857931035504681,147.4083075334975,0.07933641749090085,0.527836600435501,0.7091206495906697,0.10877888823607601,9,4.425768838781536,0.480545692682495,145.32719359313973,4.518383985560771,0.4904870473813614,148.2619747782019,0.09261514677923444,0.009941354698866423,2.934781185062178,T5.5d_frozen_regression
rough_seed_13,2,stability,23,0.15,0.7,0.15,lm040_ls060_le000,0.37,0.48,0.15,0.4,0.6,0.0,4.445525657692599,0.480545692682495,147.58274612036152,0.21332168223148967,0.0,0.7685590117254372,0.11675667279975097,9,4.425768838781536,0.480545692682495,145.32719359313973,4.518383985560771,0.4904870473813614,148.2619747782019,0.09261514677923444,0.009941354698866423,2.934781185062178,T5.5d_frozen_regression
rough_seed_13,2,energy,24,0.15,0.15,0.7,lm040_ls000_le060,0.37,0.15,0.48,0.4,0.0,0.6,4.487812692895135,0.48775200494741067,145.32719359313973,0.6699104441468061,0.7248823206898959,0.0,0.11082453725073943,9,4.425768838781536,0.480545692682495,145.32719359313973,4.518383985560771,0.4904870473813614,148.2619747782019,0.09261514677923444,0.009941354698866423,2.934781185062178,T5.5d_frozen_regression
rough_seed_7,3,wm100_ws000_we000,0,1.0,0.0,0.0,lm100_ls000_le000,0.7,0.15,0.15,1.0,0.0,0.0,4.457193450320372,0.32365316164450253,132.73219619100732,0.0,0.5636546569277822,0.7717556440993897,0.0,12,4.457193450320372,0.3199357677276557,130.33310099906856,4.565303810371516,0.3265309299802105,133.44172120843342,0.1081103600511435,0.006595162252554798,3.108620209364858,T5.5d_frozen_regression
rough_seed_7,3,wm080_ws020_we000,1,0.8,0.2,0.0,lm080_ls020_le000,0.59,0.26,0.15,0.8,0.2,0.0,4.461845908155069,0.32253662939587835,133.44172120843342,0.04303433854531195,0.39435901174609406,1.0,0.0800047950810735,12,4.457193450320372,0.3199357677276557,130.33310099906856,4.565303810371516,0.3265309299802105,133.44172120843342,0.1081103600511435,0.006595162252554798,3.108620209364858,T5.5d_frozen_regression
rough_seed_7,3,wm080_ws000_we020,2,0.8,0.0,0.2,lm000_ls100_le000,0.15,0.7,0.15,0.0,1.0,0.0,4.4738512219075055,0.32303973485454657,132.4366902164479,0.1540811775971606,0.47064302712014006,0.6766954712068608,0.13792513460456318,12,4.457193450320372,0.3199357677276557,130.33310099906856,4.565303810371516,0.3265309299802105,133.44172120843342,0.1081103600511435,0.006595162252554798,3.108620209364858,T5.5d_frozen_regression
rough_seed_7,3,wm060_ws040_we000,3,0.6,0.4,0.0,lm080_ls020_le000,0.59,0.26,0.15,0.8,0.2,0.0,4.461845908155069,0.32253662939587835,133.44172120843342,0.04303433854531195,0.39435901174609406,1.0,0.15957924677669388,12,4.457193450320372,0.3199357677276557,130.33310099906856,4.565303810371516,0.3265309299802105,133.44172120843342,0.1081103600511435,0.006595162252554798,3.108620209364858,T5.5d_frozen_regression
rough_seed_7,3,wm060_ws020_we020,4,0.6,0.2,0.2,lm000_ls100_le000,0.15,0.7,0.15,0.0,1.0,0.0,4.4738512219075055,0.32303973485454657,132.4366902164479,0.1540811775971606,0.47064302712014006,0.6766954712068608,0.13855825830360913,12,4.457193450320372,0.3199357677276557,130.33310099906856,4.565303810371516,0.3265309299802105,133.44172120843342,0.1081103600511435,0.006595162252554798,3.108620209364858,T5.5d_frozen_regression
rough_seed_7,3,wm060_ws000_we040,5,0.6,0.0,0.4,lm040_ls040_le020,0.37,0.37,0.26,0.4,0.4,0.2,4.4872138570754805,0.32490183075615703,131.7939011223825,0.27768297821694904,0.7529857247374933,0.4699191361212941,0.19151342886230452,12,4.457193450320372,0.3199357677276557,130.33310099906856,4.565303810371516,0.3265309299802105,133.44172120843342,0.1081103600511435,0.006595162252554798,3.108620209364858,T5.5d_frozen_regression
rough_seed_7,3,wm040_ws060_we000,6,0.4,0.6,0.0,lm080_ls020_le000,0.59,0.26,0.15,0.8,0.2,0.0,4.461845908155069,0.32253662939587835,133.44172120843342,0.04303433854531195,0.39435901174609406,1.0,0.23915369847231424,12,4.457193450320372,0.3199357677276557,130.33310099906856,4.565303810371516,0.3265309299802105,133.44172120843342,0.1081103600511435,0.006595162252554798,3.108620209364858,T5.5d_frozen_regression
rough_seed_7,3,wm040_ws040_we020,7,0.4,0.4,0.2,lm020_ls080_le000,0.26,0.59,0.15,0.2,0.8,0.0,4.46590350015606,0.32274524555955125,133.13471698179052,0.0805662827463243,0.4259907071743742,0.901240998910694,0.18407690973964297,12,4.457193450320372,0.3199357677276557,130.33310099906856,4.565303810371516,0.3265309299802105,133.44172120843342,0.1081103600511435,0.006595162252554798,3.108620209364858,T5.5d_frozen_regression
rough_seed_7,3,wm040_ws020_we040,8,0.4,0.2,0.4,lm040_ls020_le040,0.36999999999999994,0.26,0.37,0.4,0.2,0.4,4.505544911216852,0.3254205127257129,131.11115297046106,0.44724169703630584,0.8316315487056483,0.2502885264171492,0.18335006280574745,12,4.457193450320372,0.3199357677276557,130.33310099906856,4.565303810371516,0.3265309299802105,133.44172120843342,0.1081103600511435,0.006595162252554798,3.108620209364858,T5.5d_frozen_regression
rough_seed_7,3,wm040_ws000_we060,9,0.4,0.0,0.6,lm040_ls020_le040,0.36999999999999994,0.26,0.37,0.4,0.2,0.4,4.505544911216852,0.3254205127257129,131.11115297046106,0.44724169703630584,0.8316315487056483,0.2502885264171492,0.18218737676117047,12,4.457193450320372,0.3199357677276557,130.33310099906856,4.565303810371516,0.3265309299802105,133.44172120843342,0.1081103600511435,0.006595162252554798,3.108620209364858,T5.5d_frozen_regression
rough_seed_7,3,wm020_ws080_we000,10,0.2,0.8,0.0,lm000_ls060_le040,0.15,0.48,0.37,0.0,0.6,0.4,4.528300418459131,0.3215065063942171,131.85710764790647,0.6577257545448969,0.2381652803087465,0.4902517986104487,0.193752997998557,12,4.457193450320372,0.3199357677276557,130.33310099906856,4.565303810371516,0.3265309299802105,133.44172120843342,0.1081103600511435,0.006595162252554798,3.108620209364858,T5.5d_frozen_regression
rough_seed_7,3,wm020_ws060_we020,11,0.2,0.6,0.2,lm000_ls060_le040,0.15,0.48,0.37,0.0,0.6,0.4,4.528300418459131,0.3215065063942171,131.85710764790647,0.6577257545448969,0.2381652803087465,0.4902517986104487,0.14662411497341107,12,4.457193450320372,0.3199357677276557,130.33310099906856,4.565303810371516,0.3265309299802105,133.44172120843342,0.1081103600511435,0.006595162252554798,3.108620209364858,T5.5d_frozen_regression
rough_seed_7,3,wm020_ws040_we040,12,0.2,0.4,0.4,lm000_ls040_le060,0.15,0.37,0.48,0.0,0.4,0.6,4.555083872443663,0.32303756089221736,131.37406904897676,0.9054675433231543,0.4703133972723879,0.3348649818244887,0.193157007511989,12,4.457193450320372,0.3199357677276557,130.33310099906856,4.565303810371516,0.3265309299802105,133.44172120843342,0.1081103600511435,0.006595162252554798,3.108620209364858,T5.5d_frozen_regression
rough_seed_7,3,wm020_ws020_we060,13,0.2,0.2,0.6,lm040_ls020_le040,0.36999999999999994,0.26,0.37,0.4,0.2,0.4,4.505544911216852,0.3254205127257129,131.11115297046106,0.44724169703630584,0.8316315487056483,0.2502885264171492,0.17038578739111646,12,4.457193450320372,0.3199357677276557,130.33310099906856,4.565303810371516,0.3265309299802105,133.44172120843342,0.1081103600511435,0.006595162252554798,3.108620209364858,T5.5d_frozen_regression
rough_seed_7,3,wm020_ws000_we080,14,0.2,0.0,0.8,lm020_ls020_le060,0.26,0.26,0.48,0.2,0.2,0.6,4.565303810371516,0.3199357677276557,130.33310099906856,1.0,0.0,0.0,0.202,12,4.457193450320372,0.3199357677276557,130.33310099906856,4.565303810371516,0.3265309299802105,133.44172120843342,0.1081103600511435,0.006595162252554798,3.108620209364858,T5.5d_frozen_regression
rough_seed_7,3,wm000_ws100_we000,15,0.0,1.0,0.0,lm020_ls020_le060,0.26,0.26,0.48,0.2,0.2,0.6,4.565303810371516,0.3199357677276557,130.33310099906856,1.0,0.0,0.0,0.0,12,4.457193450320372,0.3199357677276557,130.33310099906856,4.565303810371516,0.3265309299802105,133.44172120843342,0.1081103600511435,0.006595162252554798,3.108620209364858,T5.5d_frozen_regression
rough_seed_7,3,wm000_ws080_we020,16,0.0,0.8,0.2,lm020_ls020_le060,0.26,0.26,0.48,0.2,0.2,0.6,4.565303810371516,0.3199357677276557,130.33310099906856,1.0,0.0,0.0,0.0,12,4.457193450320372,0.3199357677276557,130.33310099906856,4.565303810371516,0.3265309299802105,133.44172120843342,0.1081103600511435,0.006595162252554798,3.108620209364858,T5.5d_frozen_regression
rough_seed_7,3,wm000_ws060_we040,17,0.0,0.6,0.4,lm020_ls020_le060,0.26,0.26,0.48,0.2,0.2,0.6,4.565303810371516,0.3199357677276557,130.33310099906856,1.0,0.0,0.0,0.0,12,4.457193450320372,0.3199357677276557,130.33310099906856,4.565303810371516,0.3265309299802105,133.44172120843342,0.1081103600511435,0.006595162252554798,3.108620209364858,T5.5d_frozen_regression
rough_seed_7,3,wm000_ws040_we060,18,0.0,0.4,0.6,lm020_ls020_le060,0.26,0.26,0.48,0.2,0.2,0.6,4.565303810371516,0.3199357677276557,130.33310099906856,1.0,0.0,0.0,0.0,12,4.457193450320372,0.3199357677276557,130.33310099906856,4.565303810371516,0.3265309299802105,133.44172120843342,0.1081103600511435,0.006595162252554798,3.108620209364858,T5.5d_frozen_regression
rough_seed_7,3,wm000_ws020_we080,19,0.0,0.2,0.8,lm020_ls020_le060,0.26,0.26,0.48,0.2,0.2,0.6,4.565303810371516,0.3199357677276557,130.33310099906856,1.0,0.0,0.0,0.0,12,4.457193450320372,0.3199357677276557,130.33310099906856,4.565303810371516,0.3265309299802105,133.44172120843342,0.1081103600511435,0.006595162252554798,3.108620209364858,T5.5d_frozen_regression
rough_seed_7,3,wm000_ws000_we100,20,0.0,0.0,1.0,lm020_ls020_le060,0.26,0.26,0.48,0.2,0.2,0.6,4.565303810371516,0.3199357677276557,130.33310099906856,1.0,0.0,0.0,0.0,12,4.457193450320372,0.3199357677276557,130.33310099906856,4.565303810371516,0.3265309299802105,133.44172120843342,0.1081103600511435,0.006595162252554798,3.108620209364858,T5.5d_frozen_regression
rough_seed_7,3,balanced,21,0.3333333333333333,0.3333333333333333,0.3333333333333333,lm000_ls060_le040,0.15,0.48,0.37,0.0,0.6,0.4,4.528300418459131,0.3215065063942171,131.85710764790647,0.6577257545448969,0.2381652803087465,0.4902517986104487,0.22386239429317928,12,4.457193450320372,0.3199357677276557,130.33310099906856,4.565303810371516,0.3265309299802105,133.44172120843342,0.1081103600511435,0.006595162252554798,3.108620209364858,T5.5d_frozen_regression
rough_seed_7,3,motion,22,0.7,0.15,0.15,lm000_ls100_le000,0.15,0.7,0.15,0.0,1.0,0.0,4.4738512219075055,0.32303973485454657,132.4366902164479,0.1540811775971606,0.47064302712014006,0.6766954712068608,0.11065640030868305,12,4.457193450320372,0.3199357677276557,130.33310099906856,4.565303810371516,0.3265309299802105,133.44172120843342,0.1081103600511435,0.006595162252554798,3.108620209364858,T5.5d_frozen_regression
rough_seed_7,3,stability,23,0.15,0.7,0.15,lm020_ls020_le060,0.26,0.26,0.48,0.2,0.2,0.6,4.565303810371516,0.3199357677276557,130.33310099906856,1.0,0.0,0.0,0.1515,12,4.457193450320372,0.3199357677276557,130.33310099906856,4.565303810371516,0.3265309299802105,133.44172120843342,0.1081103600511435,0.006595162252554798,3.108620209364858,T5.5d_frozen_regression
rough_seed_7,3,energy,24,0.15,0.15,0.7,lm020_ls020_le060,0.26,0.26,0.48,0.2,0.2,0.6,4.565303810371516,0.3199357677276557,130.33310099906856,1.0,0.0,0.0,0.1515,12,4.457193450320372,0.3199357677276557,130.33310099906856,4.565303810371516,0.3265309299802105,133.44172120843342,0.1081103600511435,0.006595162252554798,3.108620209364858,T5.5d_frozen_regression
rough_seed_15,4,wm100_ws000_we000,0,1.0,0.0,0.0,lm040_ls060_le000,0.37,0.48,0.15,0.4,0.6,0.0,4.453475368085315,0.44164200180248164,152.39428454563986,0.0,0.5288771435991076,0.4807000010818959,0.0,11,4.453475368085315,0.4390288881572686,151.10764345690615,4.503668003129401,0.44396975897545204,153.784242345689,0.050192635044085776,0.0049408708181834515,2.6765988887828485,T5.5d_frozen_regression
rough_seed_15,4,wm080_ws020_we000,1,0.8,0.2,0.0,lm080_ls020_le000,0.59,0.26,0.15,0.8,0.2,0.0,4.459408350130682,0.44095763826169493,152.45271382321184,0.1182042353455897,0.3903664304130613,0.50252967373731,0.0962897550200626,11,4.453475368085315,0.4390288881572686,151.10764345690615,4.503668003129401,0.44396975897545204,153.784242345689,0.050192635044085776,0.0049408708181834515,2.6765988887828485,T5.5d_frozen_regression
rough_seed_15,4,wm080_ws000_we020,2,0.8,0.0,0.2,lm020_ls060_le020,0.26,0.48,0.26,0.2,0.6,0.2,4.455873479065406,0.44396975897545204,151.79949212992656,0.04777814470160618,1.0,0.25848052015557194,0.05259529022903838,11,4.453475368085315,0.4390288881572686,151.10764345690615,4.503668003129401,0.44396975897545204,153.784242345689,0.050192635044085776,0.0049408708181834515,2.6765988887828485,T5.5d_frozen_regression
rough_seed_15,4,wm060_ws040_we000,3,0.6,0.4,0.0,lm060_ls040_le000,0.48,0.37,0.15,0.6,0.4,0.0,4.4607908189180385,0.4406518202105258,152.39907229543368,0.14574749515138913,0.3284708532116371,0.48248874492912863,0.13357670966840973,11,4.453475368085315,0.4390288881572686,151.10764345690615,4.503668003129401,0.44396975897545204,153.784242345689,0.050192635044085776,0.0049408708181834515,2.6765988887828485,T5.5d_frozen_regression
rough_seed_15,4,wm060_ws020_we020,4,0.6,0.2,0.2,lm060_ls040_le000,0.48,0.37,0.15,0.6,0.4,0.0,4.4607908189180385,0.4406518202105258,152.39907229543368,0.14574749515138913,0.3284708532116371,0.48248874492912863,0.0989941531530156,11,4.453475368085315,0.4390288881572686,151.10764345690615,4.503668003129401,0.44396975897545204,153.784242345689,0.050192635044085776,0.0049408708181834515,2.6765988887828485,T5.5d_frozen_regression
rough_seed_15,4,wm060_ws000_we040,5,0.6,0.0,0.4,lm000_ls080_le020,0.15,0.59,0.26,0.0,0.8,0.2,4.462069108008689,0.44191884889571287,151.10764345690615,0.17121515767851958,0.5849091880339408,0.0,0.10375638555318287,11,4.453475368085315,0.4390288881572686,151.10764345690615,4.503668003129401,0.44396975897545204,153.784242345689,0.050192635044085776,0.0049408708181834515,2.6765988887828485,T5.5d_frozen_regression
rough_seed_15,4,wm040_ws060_we000,6,0.4,0.6,0.0,lm060_ls040_le000,0.48,0.37,0.15,0.6,0.4,0.0,4.4607908189180385,0.4406518202105258,152.39907229543368,0.14574749515138913,0.3284708532116371,0.48248874492912863,0.19963632702685763,11,4.453475368085315,0.4390288881572686,151.10764345690615,4.503668003129401,0.44396975897545204,153.784242345689,0.050192635044085776,0.0049408708181834515,2.6765988887828485,T5.5d_frozen_regression
rough_seed_15,4,wm040_ws040_we020,7,0.4,0.4,0.2,lm060_ls040_le000,0.48,0.37,0.15,0.6,0.4,0.0,4.4607908189180385,0.4406518202105258,152.39907229543368,0.14574749515138913,0.3284708532116371,0.48248874492912863,0.13425019216796522,11,4.453475368085315,0.4390288881572686,151.10764345690615,4.503668003129401,0.44396975897545204,153.784242345689,0.050192635044085776,0.0049408708181834515,2.6765988887828485,T5.5d_frozen_regression
rough_seed_15,4,wm040_ws020_we040,8,0.4,0.2,0.4,lm000_ls080_le020,0.15,0.59,0.26,0.0,0.8,0.2,4.462069108008689,0.44191884889571287,151.10764345690615,0.17121515767851958,0.5849091880339408,0.0,0.11883651661357011,11,4.453475368085315,0.4390288881572686,151.10764345690615,4.503668003129401,0.44396975897545204,153.784242345689,0.050192635044085776,0.0049408708181834515,2.6765988887828485,T5.5d_frozen_regression
rough_seed_15,4,wm040_ws000_we060,9,0.4,0.0,0.6,lm000_ls080_le020,0.15,0.59,0.26,0.0,0.8,0.2,4.462069108008689,0.44191884889571287,151.10764345690615,0.17121515767851958,0.5849091880339408,0.0,0.06917092370212191,11,4.453475368085315,0.4390288881572686,151.10764345690615,4.503668003129401,0.44396975897545204,153.784242345689,0.050192635044085776,0.0049408708181834515,2.6765988887828485,T5.5d_frozen_regression
rough_seed_15,4,wm020_ws080_we000,10,0.2,0.8,0.0,lm000_ls060_le040,0.15,0.48,0.37,0.0,0.6,0.4,4.495297183249339,0.4394966012152416,153.784242345689,0.8332261322261827,0.09466206974117049,1.0,0.16906897526761827,11,4.453475368085315,0.4390288881572686,151.10764345690615,4.503668003129401,0.44396975897545204,153.784242345689,0.050192635044085776,0.0049408708181834515,2.6765988887828485,T5.5d_frozen_regression
rough_seed_15,4,wm020_ws060_we020,11,0.2,0.6,0.2,lm020_ls040_le040,0.26,0.36999999999999994,0.37,0.2,0.4,0.4,4.486830762380952,0.44011411366541975,152.57222796890807,0.6645475828543229,0.2196425585864936,0.5471811701558027,0.13665082942840379,11,4.453475368085315,0.4390288881572686,151.10764345690615,4.503668003129401,0.44396975897545204,153.784242345689,0.050192635044085776,0.0049408708181834515,2.6765988887828485,T5.5d_frozen_regression
rough_seed_15,4,wm020_ws040_we040,12,0.2,0.4,0.4,lm060_ls040_le000,0.48,0.37,0.15,0.6,0.4,0.0,4.4607908189180385,0.4406518202105258,152.39907229543368,0.14574749515138913,0.3284708532116371,0.48248874492912863,0.19653083135451732,11,4.453475368085315,0.4390288881572686,151.10764345690615,4.503668003129401,0.44396975897545204,153.784242345689,0.050192635044085776,0.0049408708181834515,2.6765988887828485,T5.5d_frozen_regression
rough_seed_15,4,wm020_ws020_we060,13,0.2,0.2,0.6,lm000_ls080_le020,0.15,0.59,0.26,0.0,0.8,0.2,4.462069108008689,0.44191884889571287,151.10764345690615,0.17121515767851958,0.5849091880339408,0.0,0.11849408629821308,11,4.453475368085315,0.4390288881572686,151.10764345690615,4.503668003129401,0.44396975897545204,153.784242345689,0.050192635044085776,0.0049408708181834515,2.6765988887828485,T5.5d_frozen_regression
rough_seed_15,4,wm020_ws000_we080,14,0.2,0.0,0.8,lm000_ls080_le020,0.15,0.59,0.26,0.0,0.8,0.2,4.462069108008689,0.44191884889571287,151.10764345690615,0.17121515767851958,0.5849091880339408,0.0,0.034585461851060956,11,4.453475368085315,0.4390288881572686,151.10764345690615,4.503668003129401,0.44396975897545204,153.784242345689,0.050192635044085776,0.0049408708181834515,2.6765988887828485,T5.5d_frozen_regression
rough_seed_15,4,wm000_ws100_we000,15,0.0,1.0,0.0,lm000_ls040_le060,0.15,0.37,0.48,0.0,0.4,0.6,4.503668003129401,0.4390288881572686,152.21766341880416,1.0,0.0,0.4147128531472965,0.0,11,4.453475368085315,0.4390288881572686,151.10764345690615,4.503668003129401,0.44396975897545204,153.784242345689,0.050192635044085776,0.0049408708181834515,2.6765988887828485,T5.5d_frozen_regression
rough_seed_15,4,wm000_ws080_we020,16,0.0,0.8,0.2,lm000_ls040_le060,0.15,0.37,0.48,0.0,0.4,0.6,4.503668003129401,0.4390288881572686,152.21766341880416,1.0,0.0,0.4147128531472965,0.0837719963357539,11,4.453475368085315,0.4390288881572686,151.10764345690615,4.503668003129401,0.44396975897545204,153.784242345689,0.050192635044085776,0.0049408708181834515,2.6765988887828485,T5.5d_frozen_regression
rough_seed_15,4,wm000_ws060_we040,17,0.0,0.6,0.4,lm000_ls040_le060,0.15,0.37,0.48,0.0,0.4,0.6,4.503668003129401,0.4390288881572686,152.21766341880416,1.0,0.0,0.4147128531472965,0.1675439926715078,11,4.453475368085315,0.4390288881572686,151.10764345690615,4.503668003129401,0.44396975897545204,153.784242345689,0.050192635044085776,0.0049408708181834515,2.6765988887828485,T5.5d_frozen_regression
rough_seed_15,4,wm000_ws040_we060,18,0.0,0.4,0.6,lm000_ls080_le020,0.15,0.59,0.26,0.0,0.8,0.2,4.462069108008689,0.44191884889571287,151.10764345690615,0.17121515767851958,0.5849091880339408,0.0,0.23630331196571208,11,4.453475368085315,0.4390288881572686,151.10764345690615,4.503668003129401,0.44396975897545204,153.784242345689,0.050192635044085776,0.0049408708181834515,2.6765988887828485,T5.5d_frozen_regression
rough_seed_15,4,wm000_ws020_we080,19,0.0,0.2,0.8,lm000_ls080_le020,0.15,0.59,0.26,0.0,0.8,0.2,4.462069108008689,0.44191884889571287,151.10764345690615,0.17121515767851958,0.5849091880339408,0.0,0.11815165598285604,11,4.453475368085315,0.4390288881572686,151.10764345690615,4.503668003129401,0.44396975897545204,153.784242345689,0.050192635044085776,0.0049408708181834515,2.6765988887828485,T5.5d_frozen_regression
rough_seed_15,4,wm000_ws000_we100,20,0.0,0.0,1.0,lm000_ls080_le020,0.15,0.59,0.26,0.0,0.8,0.2,4.462069108008689,0.44191884889571287,151.10764345690615,0.17121515767851958,0.5849091880339408,0.0,0.0,11,4.453475368085315,0.4390288881572686,151.10764345690615,4.503668003129401,0.44396975897545204,153.784242345689,0.050192635044085776,0.0049408708181834515,2.6765988887828485,T5.5d_frozen_regression
rough_seed_15,4,balanced,21,0.3333333333333333,0.3333333333333333,0.3333333333333333,lm060_ls040_le000,0.48,0.37,0.15,0.6,0.4,0.0,4.4607908189180385,0.4406518202105258,152.39907229543368,0.14574749515138913,0.3284708532116371,0.48248874492912863,0.16401860528735004,11,4.453475368085315,0.4390288881572686,151.10764345690615,4.503668003129401,0.44396975897545204,153.784242345689,0.050192635044085776,0.0049408708181834515,2.6765988887828485,T5.5d_frozen_regression
rough_seed_15,4,motion,22,0.7,0.15,0.15,lm040_ls060_le000,0.37,0.48,0.15,0.4,0.6,0.0,4.453475368085315,0.44164200180248164,152.39428454563986,0.0,0.5288771435991076,0.4807000010818959,0.08084593725688764,11,4.453475368085315,0.4390288881572686,151.10764345690615,4.503668003129401,0.44396975897545204,153.784242345689,0.050192635044085776,0.0049408708181834515,2.6765988887828485,T5.5d_frozen_regression
rough_seed_15,4,stability,23,0.15,0.7,0.15,lm000_ls040_le060,0.15,0.37,0.48,0.0,0.4,0.6,4.503668003129401,0.4390288881572686,152.21766341880416,1.0,0.0,0.4147128531472965,0.15212206927972094,11,4.453475368085315,0.4390288881572686,151.10764345690615,4.503668003129401,0.44396975897545204,153.784242345689,0.050192635044085776,0.0049408708181834515,2.6765988887828485,T5.5d_frozen_regression
rough_seed_15,4,energy,24,0.15,0.15,0.7,lm000_ls080_le020,0.15,0.59,0.26,0.0,0.8,0.2,4.462069108008689,0.44191884889571287,151.10764345690615,0.17121515767851958,0.5849091880339408,0.0,0.08887056472365981,11,4.453475368085315,0.4390288881572686,151.10764345690615,4.503668003129401,0.44396975897545204,153.784242345689,0.050192635044085776,0.0049408708181834515,2.6765988887828485,T5.5d_frozen_regression
rough_seed_0,5,wm100_ws000_we000,0,1.0,0.0,0.0,lm080_ls020_le000,0.59,0.26,0.15,0.8,0.2,0.0,4.499353072637152,0.3664498598362224,131.9404342506173,0.0,1.0,0.4846161947647591,0.0,8,4.499353072637152,0.3620766548128629,129.7115052776725,4.5777436774933085,0.3664498598362224,134.31087483449625,0.0783906048561569,0.004373205023359528,4.599369556823746,T5.5d_frozen_regression
rough_seed_0,5,wm080_ws020_we000,1,0.8,0.2,0.0,lm100_ls000_le000,0.7,0.15,0.15,1.0,0.0,0.0,4.507595496334157,0.3649186844224,129.7115052776725,0.10514555554367805,0.6498733981956885,0.0,0.1321155908798785,8,4.499353072637152,0.3620766548128629,129.7115052776725,4.5777436774933085,0.3664498598362224,134.31087483449625,0.0783906048561569,0.004373205023359528,4.599369556823746,T5.5d_frozen_regression
rough_seed_0,5,wm080_ws000_we020,2,0.8,0.0,0.2,lm060_ls040_le000,0.48,0.37,0.15,0.6,0.4,0.0,4.506357293897271,0.3649332374359781,130.1933285461412,0.08935026426919668,0.6532011666173325,0.10475854625637902,0.07240453062202368,8,4.499353072637152,0.3620766548128629,129.7115052776725,4.5777436774933085,0.3664498598362224,134.31087483449625,0.0783906048561569,0.004373205023359528,4.599369556823746,T5.5d_frozen_regression
rough_seed_0,5,wm060_ws040_we000,3,0.6,0.4,0.0,lm100_ls000_le000,0.7,0.15,0.15,1.0,0.0,0.0,4.507595496334157,0.3649186844224,129.7115052776725,0.10514555554367805,0.6498733981956885,0.0,0.26317972620432023,8,4.499353072637152,0.3620766548128629,129.7115052776725,4.5777436774933085,0.3664498598362224,134.31087483449625,0.0783906048561569,0.004373205023359528,4.599369556823746,T5.5d_frozen_regression
rough_seed_0,5,wm060_ws020_we020,4,0.6,0.2,0.2,lm100_ls000_le000,0.7,0.15,0.15,1.0,0.0,0.0,4.507595496334157,0.3649186844224,129.7115052776725,0.10514555554367805,0.6498733981956885,0.0,0.13190529976879115,8,4.499353072637152,0.3620766548128629,129.7115052776725,4.5777436774933085,0.3664498598362224,134.31087483449625,0.0783906048561569,0.004373205023359528,4.599369556823746,T5.5d_frozen_regression
rough_seed_0,5,wm060_ws000_we040,5,0.6,0.0,0.4,lm060_ls040_le000,0.48,0.37,0.15,0.6,0.4,0.0,4.506357293897271,0.3649332374359781,130.1933285461412,0.08935026426919668,0.6532011666173325,0.10475854625637902,0.0545652943321587,8,4.499353072637152,0.3620766548128629,129.7115052776725,4.5777436774933085,0.3664498598362224,134.31087483449625,0.0783906048561569,0.004373205023359528,4.599369556823746,T5.5d_frozen_regression
rough_seed_0,5,wm040_ws060_we000,6,0.4,0.6,0.0,lm060_ls000_le040,0.48,0.15,0.37,0.6,0.0,0.4,4.551959973396864,0.3625877909399292,134.1809713923441,0.6710868076122553,0.11687906794583955,0.9717562503844873,0.2718203446830262,8,4.499353072637152,0.3620766548128629,129.7115052776725,4.5777436774933085,0.3664498598362224,134.31087483449625,0.0783906048561569,0.004373205023359528,4.599369556823746,T5.5d_frozen_regression
rough_seed_0,5,wm040_ws040_we020,7,0.4,0.4,0.2,lm100_ls000_le000,0.7,0.15,0.15,1.0,0.0,0.0,4.507595496334157,0.3649186844224,129.7115052776725,0.10514555554367805,0.6498733981956885,0.0,0.26296943509323284,8,4.499353072637152,0.3620766548128629,129.7115052776725,4.5777436774933085,0.3664498598362224,134.31087483449625,0.0783906048561569,0.004373205023359528,4.599369556823746,T5.5d_frozen_regression
rough_seed_0,5,wm040_ws020_we040,8,0.4,0.2,0.4,lm100_ls000_le000,0.7,0.15,0.15,1.0,0.0,0.0,4.507595496334157,0.3649186844224,129.7115052776725,0.10514555554367805,0.6498733981956885,0.0,0.13169500865770378,8,4.499353072637152,0.3620766548128629,129.7115052776725,4.5777436774933085,0.3664498598362224,134.31087483449625,0.0783906048561569,0.004373205023359528,4.599369556823746,T5.5d_frozen_regression
rough_seed_0,5,wm040_ws000_we060,9,0.4,0.0,0.6,lm100_ls000_le000,0.7,0.15,0.15,1.0,0.0,0.0,4.507595496334157,0.3649186844224,129.7115052776725,0.10514555554367805,0.6498733981956885,0.0,0.04247880443964593,8,4.499353072637152,0.3620766548128629,129.7115052776725,4.5777436774933085,0.3664498598362224,134.31087483449625,0.0783906048561569,0.004373205023359528,4.599369556823746,T5.5d_frozen_regression
rough_seed_0,5,wm020_ws080_we000,10,0.2,0.8,0.0,lm060_ls000_le040,0.48,0.15,0.37,0.6,0.0,0.4,4.551959973396864,0.3625877909399292,134.1809713923441,0.6710868076122553,0.11687906794583955,0.9717562503844873,0.1364945676812423,8,4.499353072637152,0.3620766548128629,129.7115052776725,4.5777436774933085,0.3664498598362224,134.31087483449625,0.0783906048561569,0.004373205023359528,4.599369556823746,T5.5d_frozen_regression
rough_seed_0,5,wm020_ws060_we020,11,0.2,0.6,0.2,lm000_ls060_le040,0.15,0.48,0.37,0.0,0.6,0.4,4.556074348667634,0.3623027647386958,132.90448796450124,0.7235723736864053,0.0517034816856679,0.6942218161381594,0.14786028400704418,8,4.499353072637152,0.3620766548128629,129.7115052776725,4.5777436774933085,0.3664498598362224,134.31087483449625,0.0783906048561569,0.004373205023359528,4.599369556823746,T5.5d_frozen_regression
rough_seed_0,5,wm020_ws040_we040,12,0.2,0.4,0.4,lm000_ls040_le060,0.15,0.37,0.48,0.0,0.4,0.6,4.5777436774933085,0.3620766548128629,131.8965214601913,1.0,0.0,0.47506862745505213,0.2039002745098202,8,4.499353072637152,0.3620766548128629,129.7115052776725,4.5777436774933085,0.3664498598362224,134.31087483449625,0.0783906048561569,0.004373205023359528,4.599369556823746,T5.5d_frozen_regression
rough_seed_0,5,wm020_ws020_we060,13,0.2,0.2,0.6,lm100_ls000_le000,0.7,0.15,0.15,1.0,0.0,0.0,4.507595496334157,0.3649186844224,129.7115052776725,0.10514555554367805,0.6498733981956885,0.0,0.13148471754661642,8,4.499353072637152,0.3620766548128629,129.7115052776725,4.5777436774933085,0.3664498598362224,134.31087483449625,0.0783906048561569,0.004373205023359528,4.599369556823746,T5.5d_frozen_regression
rough_seed_0,5,wm020_ws000_we080,14,0.2,0.0,0.8,lm100_ls000_le000,0.7,0.15,0.15,1.0,0.0,0.0,4.507595496334157,0.3649186844224,129.7115052776725,0.10514555554367805,0.6498733981956885,0.0,0.021239402219822966,8,4.499353072637152,0.3620766548128629,129.7115052776725,4.5777436774933085,0.3664498598362224,134.31087483449625,0.0783906048561569,0.004373205023359528,4.599369556823746,T5.5d_frozen_regression
rough_seed_0,5,wm000_ws100_we000,15,0.0,1.0,0.0,lm000_ls040_le060,0.15,0.37,0.48,0.0,0.4,0.6,4.5777436774933085,0.3620766548128629,131.8965214601913,1.0,0.0,0.47506862745505213,0.0,8,4.499353072637152,0.3620766548128629,129.7115052776725,4.5777436774933085,0.3664498598362224,134.31087483449625,0.0783906048561569,0.004373205023359528,4.599369556823746,T5.5d_frozen_regression
rough_seed_0,5,wm000_ws080_we020,16,0.0,0.8,0.2,lm000_ls040_le060,0.15,0.37,0.48,0.0,0.4,0.6,4.5777436774933085,0.3620766548128629,131.8965214601913,1.0,0.0,0.47506862745505213,0.09596386274592054,8,4.499353072637152,0.3620766548128629,129.7115052776725,4.5777436774933085,0.3664498598362224,134.31087483449625,0.0783906048561569,0.004373205023359528,4.599369556823746,T5.5d_frozen_regression
rough_seed_0,5,wm000_ws060_we040,17,0.0,0.6,0.4,lm000_ls040_le060,0.15,0.37,0.48,0.0,0.4,0.6,4.5777436774933085,0.3620766548128629,131.8965214601913,1.0,0.0,0.47506862745505213,0.1919277254918411,8,4.499353072637152,0.3620766548128629,129.7115052776725,4.5777436774933085,0.3664498598362224,134.31087483449625,0.0783906048561569,0.004373205023359528,4.599369556823746,T5.5d_frozen_regression
rough_seed_0,5,wm000_ws040_we060,18,0.0,0.4,0.6,lm100_ls000_le000,0.7,0.15,0.15,1.0,0.0,0.0,4.507595496334157,0.3649186844224,129.7115052776725,0.10514555554367805,0.6498733981956885,0.0,0.26254885287105817,8,4.499353072637152,0.3620766548128629,129.7115052776725,4.5777436774933085,0.3664498598362224,134.31087483449625,0.0783906048561569,0.004373205023359528,4.599369556823746,T5.5d_frozen_regression
rough_seed_0,5,wm000_ws020_we080,19,0.0,0.2,0.8,lm100_ls000_le000,0.7,0.15,0.15,1.0,0.0,0.0,4.507595496334157,0.3649186844224,129.7115052776725,0.10514555554367805,0.6498733981956885,0.0,0.13127442643552908,8,4.499353072637152,0.3620766548128629,129.7115052776725,4.5777436774933085,0.3664498598362224,134.31087483449625,0.0783906048561569,0.004373205023359528,4.599369556823746,T5.5d_frozen_regression
rough_seed_0,5,wm000_ws000_we100,20,0.0,0.0,1.0,lm100_ls000_le000,0.7,0.15,0.15,1.0,0.0,0.0,4.507595496334157,0.3649186844224,129.7115052776725,0.10514555554367805,0.6498733981956885,0.0,0.0,8,4.499353072637152,0.3620766548128629,129.7115052776725,4.5777436774933085,0.3664498598362224,134.31087483449625,0.0783906048561569,0.004373205023359528,4.599369556823746,T5.5d_frozen_regression
rough_seed_0,5,balanced,21,0.3333333333333333,0.3333333333333333,0.3333333333333333,lm100_ls000_le000,0.7,0.15,0.15,1.0,0.0,0.0,4.507595496334157,0.3649186844224,129.7115052776725,0.10514555554367805,0.6498733981956885,0.0,0.21914119591102738,8,4.499353072637152,0.3620766548128629,129.7115052776725,4.5777436774933085,0.3664498598362224,134.31087483449625,0.0783906048561569,0.004373205023359528,4.599369556823746,T5.5d_frozen_regression
rough_seed_0,5,motion,22,0.7,0.15,0.15,lm100_ls000_le000,0.7,0.15,0.15,1.0,0.0,0.0,4.507595496334157,0.3649186844224,129.7115052776725,0.10514555554367805,0.6498733981956885,0.0,0.09919183871545255,8,4.499353072637152,0.3620766548128629,129.7115052776725,4.5777436774933085,0.3664498598362224,134.31087483449625,0.0783906048561569,0.004373205023359528,4.599369556823746,T5.5d_frozen_regression
rough_seed_0,5,stability,23,0.15,0.7,0.15,lm000_ls060_le040,0.15,0.48,0.37,0.0,0.6,0.4,4.556074348667634,0.3623027647386958,132.90448796450124,0.7235723736864053,0.0517034816856679,0.6942218161381594,0.11102447170949731,8,4.499353072637152,0.3620766548128629,129.7115052776725,4.5777436774933085,0.3664498598362224,134.31087483449625,0.0783906048561569,0.004373205023359528,4.599369556823746,T5.5d_frozen_regression
rough_seed_0,5,energy,24,0.15,0.15,0.7,lm100_ls000_le000,0.7,0.15,0.15,1.0,0.0,0.0,4.507595496334157,0.3649186844224,129.7115052776725,0.10514555554367805,0.6498733981956885,0.0,0.09861353815996232,8,4.499353072637152,0.3620766548128629,129.7115052776725,4.5777436774933085,0.3664498598362224,134.31087483449625,0.0783906048561569,0.004373205023359528,4.599369556823746,T5.5d_frozen_regression
rough_seed_5,6,wm100_ws000_we000,0,1.0,0.0,0.0,lm000_ls100_le000,0.15,0.7,0.15,0.0,1.0,0.0,4.558487248364316,0.3076861128019467,130.90256171077053,0.0,1.0,0.33841355055714795,0.0,14,4.558487248364316,0.2972464679923494,130.1828326937916,4.6786072285628,0.3076861128019467,132.30960632857662,0.12011998019848402,0.010439644809597304,2.1267736347850246,T5.5d_frozen_regression
rough_seed_5,6,wm080_ws020_we000,1,0.8,0.2,0.0,lm020_ls060_le020,0.26,0.48,0.26,0.2,0.6,0.2,4.57731125658655,0.30450954273916286,130.1828326937916,0.1567100509934277,0.6957204846793676,0.0,0.1417892183131797,14,4.558487248364316,0.2972464679923494,130.1828326937916,4.6786072285628,0.3076861128019467,132.30960632857662,0.12011998019848402,0.010439644809597304,2.1267736347850246,T5.5d_frozen_regression
rough_seed_5,6,wm080_ws000_we020,2,0.8,0.0,0.2,lm060_ls040_le000,0.48,0.37,0.15,0.6,0.4,0.0,4.56106318238009,0.30587993711184597,130.44827963095483,0.021444675661092844,0.8269887794994444,0.12481203115444141,0.02538358769848591,14,4.558487248364316,0.2972464679923494,130.1828326937916,4.6786072285628,0.3076861128019467,132.30960632857662,0.12011998019848402,0.010439644809597304,2.1267736347850246,T5.5d_frozen_regression
rough_seed_5,6,wm060_ws040_we000,3,0.6,0.4,0.0,lm060_ls020_le020,0.48,0.26,0.26,0.6,0.2,0.2,4.591705199461795,0.3035067834585496,130.4284871977752,0.27653976501319666,0.5996674772349548,0.1155057124866261,0.24392489939300094,14,4.558487248364316,0.2972464679923494,130.1828326937916,4.6786072285628,0.3076861128019467,132.30960632857662,0.12011998019848402,0.010439644809597304,2.1267736347850246,T5.5d_frozen_regression
rough_seed_5,6,wm060_ws020_we020,4,0.6,0.2,0.2,lm020_ls060_le020,0.26,0.48,0.26,0.2,0.6,0.2,4.57731125658655,0.30450954273916286,130.1828326937916,0.1567100509934277,0.6957204846793676,0.0,0.14147579821119285,14,4.558487248364316,0.2972464679923494,130.1828326937916,4.6786072285628,0.3076861128019467,132.30960632857662,0.12011998019848402,0.010439644809597304,2.1267736347850246,T5.5d_frozen_regression
rough_seed_5,6,wm060_ws000_we040,5,0.6,0.0,0.4,lm080_ls020_le000,0.59,0.26,0.15,0.8,0.2,0.0,4.566967614387002,0.3049558511812616,130.4266609579603,0.07059912937608497,0.7384717899429772,0.11464702222216455,0.04674099175401099,14,4.558487248364316,0.2972464679923494,130.1828326937916,4.6786072285628,0.3076861128019467,132.30960632857662,0.12011998019848402,0.010439644809597304,2.1267736347850246,T5.5d_frozen_regression
rough_seed_5,6,wm040_ws060_we000,6,0.4,0.6,0.0,lm060_ls020_le020,0.48,0.26,0.26,0.6,0.2,0.2,4.591705199461795,0.3035067834585496,130.4284871977752,0.27653976501319666,0.5996674772349548,0.1155057124866261,0.3645046502644354,14,4.558487248364316,0.2972464679923494,130.1828326937916,4.6786072285628,0.3076861128019467,132.30960632857662,0.12011998019848402,0.010439644809597304,2.1267736347850246,T5.5d_frozen_regression
rough_seed_5,6,wm040_ws040_we020,7,0.4,0.4,0.2,lm060_ls020_le020,0.48,0.26,0.26,0.6,0.2,0.2,4.591705199461795,0.3035067834585496,130.4284871977752,0.27653976501319666,0.5996674772349548,0.1155057124866261,0.2436028312879478,14,4.558487248364316,0.2972464679923494,130.1828326937916,4.6786072285628,0.3076861128019467,132.30960632857662,0.12011998019848402,0.010439644809597304,2.1267736347850246,T5.5d_frozen_regression
rough_seed_5,6,wm040_ws020_we040,8,0.4,0.2,0.4,lm060_ls020_le020,0.48,0.26,0.26,0.6,0.2,0.2,4.591705199461795,0.3035067834585496,130.4284871977752,0.27653976501319666,0.5996674772349548,0.1155057124866261,0.12270101231146018,14,4.558487248364316,0.2972464679923494,130.1828326937916,4.6786072285628,0.3076861128019467,132.30960632857662,0.12011998019848402,0.010439644809597304,2.1267736347850246,T5.5d_frozen_regression
rough_seed_5,6,wm040_ws000_we060,9,0.4,0.0,0.6,lm000_ls080_le020,0.15,0.59,0.26,0.0,0.8,0.2,4.572807844820676,0.3048570911750809,130.3139159140471,0.1192191043712831,0.72901169738409,0.06163477772694636,0.04853432683236005,14,4.558487248364316,0.2972464679923494,130.1828326937916,4.6786072285628,0.3076861128019467,132.30960632857662,0.12011998019848402,0.010439644809597304,2.1267736347850246,T5.5d_frozen_regression
rough_seed_5,6,wm020_ws080_we000,10,0.2,0.8,0.0,lm020_ls040_le040,0.26,0.36999999999999994,0.37,0.2,0.4,0.4,4.668107858671286,0.2989377143697973,131.84157939137472,0.9125926438368941,0.16200229110219883,0.7799357065806363,0.18563973238387022,14,4.558487248364316,0.2972464679923494,130.1828326937916,4.6786072285628,0.3076861128019467,132.30960632857662,0.12011998019848402,0.010439644809597304,2.1267736347850246,T5.5d_frozen_regression
rough_seed_5,6,wm020_ws060_we020,11,0.2,0.6,0.2,lm020_ls040_le040,0.26,0.36999999999999994,0.37,0.2,0.4,0.4,4.668107858671286,0.2989377143697973,131.84157939137472,0.9125926438368941,0.16200229110219883,0.7799357065806363,0.1868755992148271,14,4.558487248364316,0.2972464679923494,130.1828326937916,4.6786072285628,0.3076861128019467,132.30960632857662,0.12011998019848402,0.010439644809597304,2.1267736347850246,T5.5d_frozen_regression
rough_seed_5,6,wm020_ws040_we040,12,0.2,0.4,0.4,lm000_ls040_le060,0.15,0.37,0.48,0.0,0.4,0.6,4.6786072285628,0.2972464679923494,131.1848392111664,1.0,0.0,0.4711392416128446,0.20388455696645139,14,4.558487248364316,0.2972464679923494,130.1828326937916,4.6786072285628,0.3076861128019467,132.30960632857662,0.12011998019848402,0.010439644809597304,2.1267736347850246,T5.5d_frozen_regression
rough_seed_5,6,wm020_ws020_we060,13,0.2,0.2,0.6,lm060_ls020_le020,0.48,0.26,0.26,0.6,0.2,0.2,4.591705199461795,0.3035067834585496,130.4284871977752,0.27653976501319666,0.5996674772349548,0.1155057124866261,0.12237894420640703,14,4.558487248364316,0.2972464679923494,130.1828326937916,4.6786072285628,0.3076861128019467,132.30960632857662,0.12011998019848402,0.010439644809597304,2.1267736347850246,T5.5d_frozen_regression
rough_seed_5,6,wm020_ws000_we080,14,0.2,0.0,0.8,lm020_ls060_le020,0.26,0.48,0.26,0.2,0.6,0.2,4.57731125658655,0.30450954273916286,130.1828326937916,0.1567100509934277,0.6957204846793676,0.0,0.031655430300672395,14,4.558487248364316,0.2972464679923494,130.1828326937916,4.6786072285628,0.3076861128019467,132.30960632857662,0.12011998019848402,0.010439644809597304,2.1267736347850246,T5.5d_frozen_regression
rough_seed_5,6,wm000_ws100_we000,15,0.0,1.0,0.0,lm000_ls040_le060,0.15,0.37,0.48,0.0,0.4,0.6,4.6786072285628,0.2972464679923494,131.1848392111664,1.0,0.0,0.4711392416128446,0.0,14,4.558487248364316,0.2972464679923494,130.1828326937916,4.6786072285628,0.3076861128019467,132.30960632857662,0.12011998019848402,0.010439644809597304,2.1267736347850246,T5.5d_frozen_regression
rough_seed_5,6,wm000_ws080_we020,16,0.0,0.8,0.2,lm000_ls040_le060,0.15,0.37,0.48,0.0,0.4,0.6,4.6786072285628,0.2972464679923494,131.1848392111664,1.0,0.0,0.4711392416128446,0.0951701268057946,14,4.558487248364316,0.2972464679923494,130.1828326937916,4.6786072285628,0.3076861128019467,132.30960632857662,0.12011998019848402,0.010439644809597304,2.1267736347850246,T5.5d_frozen_regression
rough_seed_5,6,wm000_ws060_we040,17,0.0,0.6,0.4,lm000_ls040_le060,0.15,0.37,0.48,0.0,0.4,0.6,4.6786072285628,0.2972464679923494,131.1848392111664,1.0,0.0,0.4711392416128446,0.1903402536115892,14,4.558487248364316,0.2972464679923494,130.1828326937916,4.6786072285628,0.3076861128019467,132.30960632857662,0.12011998019848402,0.010439644809597304,2.1267736347850246,T5.5d_frozen_regression
rough_seed_5,6,wm000_ws040_we060,18,0.0,0.4,0.6,lm060_ls020_le020,0.48,0.26,0.26,0.6,0.2,0.2,4.591705199461795,0.3035067834585496,130.4284871977752,0.27653976501319666,0.5996674772349548,0.1155057124866261,0.2429586950778415,14,4.558487248364316,0.2972464679923494,130.1828326937916,4.6786072285628,0.3076861128019467,132.30960632857662,0.12011998019848402,0.010439644809597304,2.1267736347850246,T5.5d_frozen_regression
rough_seed_5,6,wm000_ws020_we080,19,0.0,0.2,0.8,lm060_ls020_le020,0.48,0.26,0.26,0.6,0.2,0.2,4.591705199461795,0.3035067834585496,130.4284871977752,0.27653976501319666,0.5996674772349548,0.1155057124866261,0.12205687610135389,14,4.558487248364316,0.2972464679923494,130.1828326937916,4.6786072285628,0.3076861128019467,132.30960632857662,0.12011998019848402,0.010439644809597304,2.1267736347850246,T5.5d_frozen_regression
rough_seed_5,6,wm000_ws000_we100,20,0.0,0.0,1.0,lm020_ls060_le020,0.26,0.48,0.26,0.2,0.6,0.2,4.57731125658655,0.30450954273916286,130.1828326937916,0.1567100509934277,0.6957204846793676,0.0,0.0,14,4.558487248364316,0.2972464679923494,130.1828326937916,4.6786072285628,0.3076861128019467,132.30960632857662,0.12011998019848402,0.010439644809597304,2.1267736347850246,T5.5d_frozen_regression
rough_seed_5,6,balanced,21,0.3333333333333333,0.3333333333333333,0.3333333333333333,lm060_ls020_le020,0.48,0.26,0.26,0.6,0.2,0.2,4.591705199461795,0.3035067834585496,130.4284871977752,0.27653976501319666,0.5996674772349548,0.1155057124866261,0.2031948689274342,14,4.558487248364316,0.2972464679923494,130.1828326937916,4.6786072285628,0.3076861128019467,132.30960632857662,0.12011998019848402,0.010439644809597304,2.1267736347850246,T5.5d_frozen_regression
rough_seed_5,6,motion,22,0.7,0.15,0.15,lm100_ls000_le000,0.7,0.15,0.15,1.0,0.0,0.0,4.5679937801785035,0.3045925985202785,130.70648187729572,0.07914196954144474,0.7036762899419433,0.2462176392162441,0.10753027817181889,14,4.558487248364316,0.2972464679923494,130.1828326937916,4.6786072285628,0.3076861128019467,132.30960632857662,0.12011998019848402,0.010439644809597304,2.1267736347850246,T5.5d_frozen_regression
rough_seed_5,6,stability,23,0.15,0.7,0.15,lm020_ls040_le040,0.26,0.36999999999999994,0.37,0.2,0.4,0.4,4.668107858671286,0.2989377143697973,131.84157939137472,0.9125926438368941,0.16200229110219883,0.7799357065806363,0.14056170513887578,14,4.558487248364316,0.2972464679923494,130.1828326937916,4.6786072285628,0.3076861128019467,132.30960632857662,0.12011998019848402,0.010439644809597304,2.1267736347850246,T5.5d_frozen_regression
rough_seed_5,6,energy,24,0.15,0.15,0.7,lm060_ls020_le020,0.48,0.26,0.26,0.6,0.2,0.2,4.591705199461795,0.3035067834585496,130.4284871977752,0.27653976501319666,0.5996674772349548,0.1155057124866261,0.09207297243602183,14,4.558487248364316,0.2972464679923494,130.1828326937916,4.6786072285628,0.3076861128019467,132.30960632857662,0.12011998019848402,0.010439644809597304,2.1267736347850246,T5.5d_frozen_regression
rough_seed_11,7,wm100_ws000_we000,0,1.0,0.0,0.0,lm100_ls000_le000,0.7,0.15,0.15,1.0,0.0,0.0,4.474104281542436,0.3232691364021935,125.58108606689088,0.0,1.0,0.9867217581158748,0.0,4,4.474104281542436,0.31924057719573234,125.28381453523822,4.490218916860584,0.3232691364021935,125.58508642795526,0.016114635318148274,0.004028559206461169,0.3012718927170397,T5.5d_frozen_regression
rough_seed_11,7,wm080_ws020_we000,1,0.8,0.2,0.0,lm080_ls020_le000,0.59,0.26,0.15,0.8,0.2,0.0,4.475787840294142,0.32319988892135254,125.58508642795526,0.1044738970797617,0.9828108568617011,1.0,0.19936358426270173,4,4.474104281542436,0.31924057719573234,125.28381453523822,4.490218916860584,0.3232691364021935,125.58508642795526,0.016114635318148274,0.004028559206461169,0.3012718927170397,T5.5d_frozen_regression
rough_seed_11,7,wm080_ws000_we020,2,0.8,0.0,0.2,lm100_ls000_le000,0.7,0.15,0.15,1.0,0.0,0.0,4.474104281542436,0.3232691364021935,125.58108606689088,0.0,1.0,0.9867217581158748,0.19931779513940673,4,4.474104281542436,0.31924057719573234,125.28381453523822,4.490218916860584,0.3232691364021935,125.58508642795526,0.016114635318148274,0.004028559206461169,0.3012718927170397,T5.5d_frozen_regression
rough_seed_11,7,wm060_ws040_we000,3,0.6,0.4,0.0,lm080_ls020_le000,0.59,0.26,0.15,0.8,0.2,0.0,4.475787840294142,0.32319988892135254,125.58508642795526,0.1044738970797617,0.9828108568617011,1.0,0.3976824295546058,4,4.474104281542436,0.31924057719573234,125.28381453523822,4.490218916860584,0.3232691364021935,125.58508642795526,0.016114635318148274,0.004028559206461169,0.3012718927170397,T5.5d_frozen_regression
rough_seed_11,7,wm060_ws020_we020,4,0.6,0.2,0.2,lm100_ls000_le000,0.7,0.15,0.15,1.0,0.0,0.0,4.474104281542436,0.3232691364021935,125.58108606689088,0.0,1.0,0.9867217581158748,0.20397344351623176,4,4.474104281542436,0.31924057719573234,125.28381453523822,4.490218916860584,0.3232691364021935,125.58508642795526,0.016114635318148274,0.004028559206461169,0.3012718927170397,T5.5d_frozen_regression
rough_seed_11,7,wm060_ws000_we040,5,0.6,0.0,0.4,lm100_ls000_le000,0.7,0.15,0.15,1.0,0.0,0.0,4.474104281542436,0.3232691364021935,125.58108606689088,0.0,1.0,0.9867217581158748,0.39863559027881346,4,4.474104281542436,0.31924057719573234,125.28381453523822,4.490218916860584,0.3232691364021935,125.58508642795526,0.016114635318148274,0.004028559206461169,0.3012718927170397,T5.5d_frozen_regression
rough_seed_11,7,wm040_ws060_we000,6,0.4,0.6,0.0,lm020_ls080_le000,0.26,0.59,0.15,0.2,0.8,0.0,4.488631065649316,0.31924057719573234,125.37643516309728,0.9014652717905363,0.0,0.3074320243543387,0.3641919698033767,4,4.474104281542436,0.31924057719573234,125.28381453523822,4.490218916860584,0.3232691364021935,125.58508642795526,0.016114635318148274,0.004028559206461169,0.3012718927170397,T5.5d_frozen_regression
rough_seed_11,7,wm040_ws040_we020,7,0.4,0.4,0.2,lm020_ls080_le000,0.26,0.59,0.15,0.2,0.8,0.0,4.488631065649316,0.31924057719573234,125.37643516309728,0.9014652717905363,0.0,0.3074320243543387,0.36480683385208534,4,4.474104281542436,0.31924057719573234,125.28381453523822,4.490218916860584,0.3232691364021935,125.58508642795526,0.016114635318148274,0.004028559206461169,0.3012718927170397,T5.5d_frozen_regression
rough_seed_11,7,wm040_ws020_we040,8,0.4,0.2,0.4,lm020_ls080_le000,0.26,0.59,0.15,0.2,0.8,0.0,4.488631065649316,0.31924057719573234,125.37643516309728,0.9014652717905363,0.0,0.3074320243543387,0.36542169790079404,4,4.474104281542436,0.31924057719573234,125.28381453523822,4.490218916860584,0.3232691364021935,125.58508642795526,0.016114635318148274,0.004028559206461169,0.3012718927170397,T5.5d_frozen_regression
rough_seed_11,7,wm040_ws000_we060,9,0.4,0.0,0.6,lm020_ls080_le000,0.26,0.59,0.15,0.2,0.8,0.0,4.488631065649316,0.31924057719573234,125.37643516309728,0.9014652717905363,0.0,0.3074320243543387,0.36603656194950274,4,4.474104281542436,0.31924057719573234,125.28381453523822,4.490218916860584,0.3232691364021935,125.58508642795526,0.016114635318148274,0.004028559206461169,0.3012718927170397,T5.5d_frozen_regression
rough_seed_11,7,wm020_ws080_we000,10,0.2,0.8,0.0,lm020_ls080_le000,0.26,0.59,0.15,0.2,0.8,0.0,4.488631065649316,0.31924057719573234,125.37643516309728,0.9014652717905363,0.0,0.3074320243543387,0.18209598490168835,4,4.474104281542436,0.31924057719573234,125.28381453523822,4.490218916860584,0.3232691364021935,125.58508642795526,0.016114635318148274,0.004028559206461169,0.3012718927170397,T5.5d_frozen_regression
rough_seed_11,7,wm020_ws060_we020,11,0.2,0.6,0.2,lm020_ls080_le000,0.26,0.59,0.15,0.2,0.8,0.0,4.488631065649316,0.31924057719573234,125.37643516309728,0.9014652717905363,0.0,0.3074320243543387,0.18271084895039702,4,4.474104281542436,0.31924057719573234,125.28381453523822,4.490218916860584,0.3232691364021935,125.58508642795526,0.016114635318148274,0.004028559206461169,0.3012718927170397,T5.5d_frozen_regression
rough_seed_11,7,wm020_ws040_we040,12,0.2,0.4,0.4,lm020_ls080_le000,0.26,0.59,0.15,0.2,0.8,0.0,4.488631065649316,0.31924057719573234,125.37643516309728,0.9014652717905363,0.0,0.3074320243543387,0.1833257129991057,4,4.474104281542436,0.31924057719573234,125.28381453523822,4.490218916860584,0.3232691364021935,125.58508642795526,0.016114635318148274,0.004028559206461169,0.3012718927170397,T5.5d_frozen_regression
rough_seed_11,7,wm020_ws020_we060,13,0.2,0.2,0.6,lm020_ls080_le000,0.26,0.59,0.15,0.2,0.8,0.0,4.488631065649316,0.31924057719573234,125.37643516309728,0.9014652717905363,0.0,0.3074320243543387,0.1881067373023103,4,4.474104281542436,0.31924057719573234,125.28381453523822,4.490218916860584,0.3232691364021935,125.58508642795526,0.016114635318148274,0.004028559206461169,0.3012718927170397,T5.5d_frozen_regression
rough_seed_11,7,wm020_ws000_we080,14,0.2,0.0,0.8,lm000_ls100_le000,0.15,0.7,0.15,0.0,1.0,0.0,4.490218916860584,0.3192968942550605,125.28381453523822,1.0,0.013979454301641594,0.0,0.202,4,4.474104281542436,0.31924057719573234,125.28381453523822,4.490218916860584,0.3232691364021935,125.58508642795526,0.016114635318148274,0.004028559206461169,0.3012718927170397,T5.5d_frozen_regression
rough_seed_11,7,wm000_ws100_we000,15,0.0,1.0,0.0,lm020_ls080_le000,0.26,0.59,0.15,0.2,0.8,0.0,4.488631065649316,0.31924057719573234,125.37643516309728,0.9014652717905363,0.0,0.3074320243543387,0.0,4,4.474104281542436,0.31924057719573234,125.28381453523822,4.490218916860584,0.3232691364021935,125.58508642795526,0.016114635318148274,0.004028559206461169,0.3012718927170397,T5.5d_frozen_regression
rough_seed_11,7,wm000_ws080_we020,16,0.0,0.8,0.2,lm000_ls100_le000,0.15,0.7,0.15,0.0,1.0,0.0,4.490218916860584,0.3192968942550605,125.28381453523822,1.0,0.013979454301641594,0.0,0.011295399075726409,4,4.474104281542436,0.31924057719573234,125.28381453523822,4.490218916860584,0.3232691364021935,125.58508642795526,0.016114635318148274,0.004028559206461169,0.3012718927170397,T5.5d_frozen_regression
rough_seed_11,7,wm000_ws060_we040,17,0.0,0.6,0.4,lm000_ls100_le000,0.15,0.7,0.15,0.0,1.0,0.0,4.490218916860584,0.3192968942550605,125.28381453523822,1.0,0.013979454301641594,0.0,0.008471549306794807,4,4.474104281542436,0.31924057719573234,125.28381453523822,4.490218916860584,0.3232691364021935,125.58508642795526,0.016114635318148274,0.004028559206461169,0.3012718927170397,T5.5d_frozen_regression
rough_seed_11,7,wm000_ws040_we060,18,0.0,0.4,0.6,lm000_ls100_le000,0.15,0.7,0.15,0.0,1.0,0.0,4.490218916860584,0.3192968942550605,125.28381453523822,1.0,0.013979454301641594,0.0,0.0056476995378632044,4,4.474104281542436,0.31924057719573234,125.28381453523822,4.490218916860584,0.3232691364021935,125.58508642795526,0.016114635318148274,0.004028559206461169,0.3012718927170397,T5.5d_frozen_regression
rough_seed_11,7,wm000_ws020_we080,19,0.0,0.2,0.8,lm000_ls100_le000,0.15,0.7,0.15,0.0,1.0,0.0,4.490218916860584,0.3192968942550605,125.28381453523822,1.0,0.013979454301641594,0.0,0.0028238497689316022,4,4.474104281542436,0.31924057719573234,125.28381453523822,4.490218916860584,0.3232691364021935,125.58508642795526,0.016114635318148274,0.004028559206461169,0.3012718927170397,T5.5d_frozen_regression
rough_seed_11,7,wm000_ws000_we100,20,0.0,0.0,1.0,lm000_ls100_le000,0.15,0.7,0.15,0.0,1.0,0.0,4.490218916860584,0.3192968942550605,125.28381453523822,1.0,0.013979454301641594,0.0,0.0,4,4.474104281542436,0.31924057719573234,125.28381453523822,4.490218916860584,0.3232691364021935,125.58508642795526,0.016114635318148274,0.004028559206461169,0.3012718927170397,T5.5d_frozen_regression
rough_seed_11,7,balanced,21,0.3333333333333333,0.3333333333333333,0.3333333333333333,lm020_ls080_le000,0.26,0.59,0.15,0.2,0.8,0.0,4.488631065649316,0.31924057719573234,125.37643516309728,0.9014652717905363,0.0,0.3074320243543387,0.30451808158399496,4,4.474104281542436,0.31924057719573234,125.28381453523822,4.490218916860584,0.3232691364021935,125.58508642795526,0.016114635318148274,0.004028559206461169,0.3012718927170397,T5.5d_frozen_regression
rough_seed_11,7,motion,22,0.7,0.15,0.15,lm100_ls000_le000,0.7,0.15,0.15,1.0,0.0,0.0,4.474104281542436,0.3232691364021935,125.58108606689088,0.0,1.0,0.9867217581158748,0.1529800826371738,4,4.474104281542436,0.31924057719573234,125.28381453523822,4.490218916860584,0.3232691364021935,125.58508642795526,0.016114635318148274,0.004028559206461169,0.3012718927170397,T5.5d_frozen_regression
rough_seed_11,7,stability,23,0.15,0.7,0.15,lm020_ls080_le000,0.26,0.59,0.15,0.2,0.8,0.0,4.488631065649316,0.31924057719573234,125.37643516309728,0.9014652717905363,0.0,0.3074320243543387,0.13703313671279774,4,4.474104281542436,0.31924057719573234,125.28381453523822,4.490218916860584,0.3232691364021935,125.58508642795526,0.016114635318148274,0.004028559206461169,0.3012718927170397,T5.5d_frozen_regression
rough_seed_11,7,energy,24,0.15,0.15,0.7,lm000_ls100_le000,0.15,0.7,0.15,0.0,1.0,0.0,4.490218916860584,0.3192968942550605,125.28381453523822,1.0,0.013979454301641594,0.0,0.15152096918145247,4,4.474104281542436,0.31924057719573234,125.28381453523822,4.490218916860584,0.3232691364021935,125.58508642795526,0.016114635318148274,0.004028559206461169,0.3012718927170397,T5.5d_frozen_regression
rough_seed_4,8,wm100_ws000_we000,0,1.0,0.0,0.0,lm080_ls020_le000,0.59,0.26,0.15,0.8,0.2,0.0,4.625549702410184,0.22284068813209168,121.5888482161748,0.0,1.0,1.0,0.0,4,4.625549702410184,0.2216246169651689,121.26501560053696,4.626589030567893,0.22284068813209168,121.5888482161748,0.0010393281577094626,0.0012160711669227664,0.3238326156378406,T5.5d_frozen_regression
rough_seed_4,8,wm080_ws020_we000,1,0.8,0.2,0.0,lm020_ls080_le000,0.26,0.59,0.15,0.2,0.8,0.0,4.6256119816452355,0.22224542110427503,121.31433315768827,0.05992258998256064,0.5104998424368907,0.15229336011807562,0.10360034889211242,4,4.625549702410184,0.2216246169651689,121.26501560053696,4.626589030567893,0.22284068813209168,121.5888482161748,0.0010393281577094626,0.0012160711669227664,0.3238326156378406,T5.5d_frozen_regression
rough_seed_4,8,wm080_ws000_we020,2,0.8,0.0,0.2,lm020_ls080_le000,0.26,0.59,0.15,0.2,0.8,0.0,4.6256119816452355,0.22224542110427503,121.31433315768827,0.05992258998256064,0.5104998424368907,0.15229336011807562,0.048722039426145156,4,4.625549702410184,0.2216246169651689,121.26501560053696,4.626589030567893,0.22284068813209168,121.5888482161748,0.0010393281577094626,0.0012160711669227664,0.3238326156378406,T5.5d_frozen_regression
rough_seed_4,8,wm060_ws040_we000,3,0.6,0.4,0.0,lm020_ls080_le000,0.26,0.59,0.15,0.2,0.8,0.0,4.6256119816452355,0.22224542110427503,121.31433315768827,0.05992258998256064,0.5104998424368907,0.15229336011807562,0.20660147188439923,4,4.625549702410184,0.2216246169651689,121.26501560053696,4.626589030567893,0.22284068813209168,121.5888482161748,0.0010393281577094626,0.0012160711669227664,0.3238326156378406,T5.5d_frozen_regression
rough_seed_4,8,wm060_ws020_we020,4,0.6,0.2,0.2,lm020_ls080_le000,0.26,0.59,0.15,0.2,0.8,0.0,4.6256119816452355,0.22224542110427503,121.31433315768827,0.05992258998256064,0.5104998424368907,0.15229336011807562,0.10378509043238345,4,4.625549702410184,0.2216246169651689,121.26501560053696,4.626589030567893,0.22284068813209168,121.5888482161748,0.0010393281577094626,0.0012160711669227664,0.3238326156378406,T5.5d_frozen_regression
rough_seed_4,8,wm060_ws000_we040,5,0.6,0.0,0.4,lm020_ls080_le000,0.26,0.59,0.15,0.2,0.8,0.0,4.6256119816452355,0.22224542110427503,121.31433315768827,0.05992258998256064,0.5104998424368907,0.15229336011807562,0.06188605302759792,4,4.625549702410184,0.2216246169651689,121.26501560053696,4.626589030567893,0.22284068813209168,121.5888482161748,0.0010393281577094626,0.0012160711669227664,0.3238326156378406,T5.5d_frozen_regression
rough_seed_4,8,wm040_ws060_we000,6,0.4,0.6,0.0,lm020_ls080_le000,0.26,0.59,0.15,0.2,0.8,0.0,4.6256119816452355,0.22224542110427503,121.31433315768827,0.05992258998256064,0.5104998424368907,0.15229336011807562,0.309602594876686,4,4.625549702410184,0.2216246169651689,121.26501560053696,4.626589030567893,0.22284068813209168,121.5888482161748,0.0010393281577094626,0.0012160711669227664,0.3238326156378406,T5.5d_frozen_regression
rough_seed_4,8,wm040_ws040_we020,7,0.4,0.4,0.2,lm020_ls080_le000,0.26,0.59,0.15,0.2,0.8,0.0,4.6256119816452355,0.22224542110427503,121.31433315768827,0.05992258998256064,0.5104998424368907,0.15229336011807562,0.20678621342467027,4,4.625549702410184,0.2216246169651689,121.26501560053696,4.626589030567893,0.22284068813209168,121.5888482161748,0.0010393281577094626,0.0012160711669227664,0.3238326156378406,T5.5d_frozen_regression
rough_seed_4,8,wm040_ws020_we040,8,0.4,0.2,0.4,lm020_ls080_le000,0.26,0.59,0.15,0.2,0.8,0.0,4.6256119816452355,0.22224542110427503,121.31433315768827,0.05992258998256064,0.5104998424368907,0.15229336011807562,0.10396983197265448,4,4.625549702410184,0.2216246169651689,121.26501560053696,4.626589030567893,0.22284068813209168,121.5888482161748,0.0010393281577094626,0.0012160711669227664,0.3238326156378406,T5.5d_frozen_regression
rough_seed_4,8,wm040_ws000_we060,9,0.4,0.0,0.6,lm060_ls040_le000,0.48,0.37,0.15,0.6,0.4,0.0,4.625746297597826,0.22282333007507935,121.30480247817712,0.18915602948294466,0.9857261174473378,0.12286247807930432,0.07715621077958547,4,4.625549702410184,0.2216246169651689,121.26501560053696,4.626589030567893,0.22284068813209168,121.5888482161748,0.0010393281577094626,0.0012160711669227664,0.3238326156378406,T5.5d_frozen_regression
rough_seed_4,8,wm020_ws080_we000,10,0.2,0.8,0.0,lm000_ls100_le000,0.15,0.7,0.15,0.0,1.0,0.0,4.626589030567893,0.2216246169651689,121.26501560053696,1.0,0.0,0.0,0.202,4,4.625549702410184,0.2216246169651689,121.26501560053696,4.626589030567893,0.22284068813209168,121.5888482161748,0.0010393281577094626,0.0012160711669227664,0.3238326156378406,T5.5d_frozen_regression
rough_seed_4,8,wm020_ws060_we020,11,0.2,0.6,0.2,lm000_ls100_le000,0.15,0.7,0.15,0.0,1.0,0.0,4.626589030567893,0.2216246169651689,121.26501560053696,1.0,0.0,0.0,0.202,4,4.625549702410184,0.2216246169651689,121.26501560053696,4.626589030567893,0.22284068813209168,121.5888482161748,0.0010393281577094626,0.0012160711669227664,0.3238326156378406,T5.5d_frozen_regression
rough_seed_4,8,wm020_ws040_we040,12,0.2,0.4,0.4,lm000_ls100_le000,0.15,0.7,0.15,0.0,1.0,0.0,4.626589030567893,0.2216246169651689,121.26501560053696,1.0,0.0,0.0,0.202,4,4.625549702410184,0.2216246169651689,121.26501560053696,4.626589030567893,0.22284068813209168,121.5888482161748,0.0010393281577094626,0.0012160711669227664,0.3238326156378406,T5.5d_frozen_regression
rough_seed_4,8,wm020_ws020_we060,13,0.2,0.2,0.6,lm020_ls080_le000,0.26,0.59,0.15,0.2,0.8,0.0,4.6256119816452355,0.22224542110427503,121.31433315768827,0.05992258998256064,0.5104998424368907,0.15229336011807562,0.10415457351292551,4,4.625549702410184,0.2216246169651689,121.26501560053696,4.626589030567893,0.22284068813209168,121.5888482161748,0.0010393281577094626,0.0012160711669227664,0.3238326156378406,T5.5d_frozen_regression
rough_seed_4,8,wm020_ws000_we080,14,0.2,0.0,0.8,lm060_ls040_le000,0.48,0.37,0.15,0.6,0.4,0.0,4.625746297597826,0.22282333007507935,121.30480247817712,0.18915602948294466,0.9857261174473378,0.12286247807930432,0.09965119434704378,4,4.625549702410184,0.2216246169651689,121.26501560053696,4.626589030567893,0.22284068813209168,121.5888482161748,0.0010393281577094626,0.0012160711669227664,0.3238326156378406,T5.5d_frozen_regression
rough_seed_4,8,wm000_ws100_we000,15,0.0,1.0,0.0,lm000_ls100_le000,0.15,0.7,0.15,0.0,1.0,0.0,4.626589030567893,0.2216246169651689,121.26501560053696,1.0,0.0,0.0,0.0,4,4.625549702410184,0.2216246169651689,121.26501560053696,4.626589030567893,0.22284068813209168,121.5888482161748,0.0010393281577094626,0.0012160711669227664,0.3238326156378406,T5.5d_frozen_regression
rough_seed_4,8,wm000_ws080_we020,16,0.0,0.8,0.2,lm000_ls100_le000,0.15,0.7,0.15,0.0,1.0,0.0,4.626589030567893,0.2216246169651689,121.26501560053696,1.0,0.0,0.0,0.0,4,4.625549702410184,0.2216246169651689,121.26501560053696,4.626589030567893,0.22284068813209168,121.5888482161748,0.0010393281577094626,0.0012160711669227664,0.3238326156378406,T5.5d_frozen_regression
rough_seed_4,8,wm000_ws060_we040,17,0.0,0.6,0.4,lm000_ls100_le000,0.15,0.7,0.15,0.0,1.0,0.0,4.626589030567893,0.2216246169651689,121.26501560053696,1.0,0.0,0.0,0.0,4,4.625549702410184,0.2216246169651689,121.26501560053696,4.626589030567893,0.22284068813209168,121.5888482161748,0.0010393281577094626,0.0012160711669227664,0.3238326156378406,T5.5d_frozen_regression
rough_seed_4,8,wm000_ws040_we060,18,0.0,0.4,0.6,lm000_ls100_le000,0.15,0.7,0.15,0.0,1.0,0.0,4.626589030567893,0.2216246169651689,121.26501560053696,1.0,0.0,0.0,0.0,4,4.625549702410184,0.2216246169651689,121.26501560053696,4.626589030567893,0.22284068813209168,121.5888482161748,0.0010393281577094626,0.0012160711669227664,0.3238326156378406,T5.5d_frozen_regression
rough_seed_4,8,wm000_ws020_we080,19,0.0,0.2,0.8,lm000_ls100_le000,0.15,0.7,0.15,0.0,1.0,0.0,4.626589030567893,0.2216246169651689,121.26501560053696,1.0,0.0,0.0,0.0,4,4.625549702410184,0.2216246169651689,121.26501560053696,4.626589030567893,0.22284068813209168,121.5888482161748,0.0010393281577094626,0.0012160711669227664,0.3238326156378406,T5.5d_frozen_regression
rough_seed_4,8,wm000_ws000_we100,20,0.0,0.0,1.0,lm000_ls100_le000,0.15,0.7,0.15,0.0,1.0,0.0,4.626589030567893,0.2216246169651689,121.26501560053696,1.0,0.0,0.0,0.0,4,4.625549702410184,0.2216246169651689,121.26501560053696,4.626589030567893,0.22284068813209168,121.5888482161748,0.0010393281577094626,0.0012160711669227664,0.3238326156378406,T5.5d_frozen_regression
rough_seed_4,8,balanced,21,0.3333333333333333,0.3333333333333333,0.3333333333333333,lm020_ls080_le000,0.26,0.59,0.15,0.2,0.8,0.0,4.6256119816452355,0.22224542110427503,121.31433315768827,0.05992258998256064,0.5104998424368907,0.15229336011807562,0.17257566678742198,4,4.625549702410184,0.2216246169651689,121.26501560053696,4.626589030567893,0.22284068813209168,121.5888482161748,0.0010393281577094626,0.0012160711669227664,0.3238326156378406,T5.5d_frozen_regression
rough_seed_4,8,motion,22,0.7,0.15,0.15,lm020_ls080_le000,0.26,0.59,0.15,0.2,0.8,0.0,4.6256119816452355,0.22224542110427503,121.31433315768827,0.05992258998256064,0.5104998424368907,0.15229336011807562,0.07798862429924398,4,4.625549702410184,0.2216246169651689,121.26501560053696,4.626589030567893,0.22284068813209168,121.5888482161748,0.0010393281577094626,0.0012160711669227664,0.3238326156378406,T5.5d_frozen_regression
rough_seed_4,8,stability,23,0.15,0.7,0.15,lm000_ls100_le000,0.15,0.7,0.15,0.0,1.0,0.0,4.626589030567893,0.2216246169651689,121.26501560053696,1.0,0.0,0.0,0.1515,4,4.625549702410184,0.2216246169651689,121.26501560053696,4.626589030567893,0.22284068813209168,121.5888482161748,0.0010393281577094626,0.0012160711669227664,0.3238326156378406,T5.5d_frozen_regression
rough_seed_4,8,energy,24,0.15,0.15,0.7,lm020_ls080_le000,0.26,0.59,0.15,0.2,0.8,0.0,4.6256119816452355,0.22224542110427503,121.31433315768827,0.05992258998256064,0.5104998424368907,0.15229336011807562,0.10852703925210863,4,4.625549702410184,0.2216246169651689,121.26501560053696,4.626589030567893,0.22284068813209168,121.5888482161748,0.0010393281577094626,0.0012160711669227664,0.3238326156378406,T5.5d_frozen_regression
rough_seed_25,9,wm100_ws000_we000,0,1.0,0.0,0.0,lm100_ls000_le000,0.7,0.15,0.15,1.0,0.0,0.0,4.582541332167897,0.2343751363619884,114.70234306169228,0.0,0.7772639353034957,0.07821826428738247,0.0,7,4.582541332167897,0.23080022333849481,114.66701470937633,4.6445231101955144,0.23539957866828726,115.11867843060317,0.06198177802761773,0.004599355329792443,0.4516637212268364,T5.5d_frozen_regression
rough_seed_25,9,wm080_ws020_we000,1,0.8,0.2,0.0,lm080_ls000_le020,0.59,0.15,0.26,0.8,0.0,0.2,4.592098209958459,0.23253509981642262,114.76623275150263,0.15418850660114294,0.3771999233653677,0.21967237451968413,0.12533871318045423,7,4.582541332167897,0.23080022333849481,114.66701470937633,4.6445231101955144,0.23539957866828726,115.11867843060317,0.06198177802761773,0.004599355329792443,0.4516637212268364,T5.5d_frozen_regression
rough_seed_25,9,wm080_ws000_we020,2,0.8,0.0,0.2,lm100_ls000_le000,0.7,0.15,0.15,1.0,0.0,0.0,4.582541332167897,0.2343751363619884,114.70234306169228,0.0,0.7772639353034957,0.07821826428738247,0.015800089386051264,7,4.582541332167897,0.23080022333849481,114.66701470937633,4.6445231101955144,0.23539957866828726,115.11867843060317,0.06198177802761773,0.004599355329792443,0.4516637212268364,T5.5d_frozen_regression
rough_seed_25,9,wm060_ws040_we000,3,0.6,0.4,0.0,lm040_ls040_le020,0.37,0.37,0.26,0.4,0.4,0.2,4.597132732413069,0.23194651633673324,114.70347508056658,0.23541435417794485,0.24922905843201265,0.08072459548269413,0.14365801486556262,7,4.582541332167897,0.23080022333849481,114.66701470937633,4.6445231101955144,0.23539957866828726,115.11867843060317,0.06198177802761773,0.004599355329792443,0.4516637212268364,T5.5d_frozen_regression
rough_seed_25,9,wm060_ws020_we020,4,0.6,0.2,0.2,lm080_ls000_le020,0.59,0.15,0.26,0.8,0.0,0.2,4.592098209958459,0.23253509981642262,114.76623275150263,0.15418850660114294,0.3771999233653677,0.21967237451968413,0.09463197959606273,7,4.582541332167897,0.23080022333849481,114.66701470937633,4.6445231101955144,0.23539957866828726,115.11867843060317,0.06198177802761773,0.004599355329792443,0.4516637212268364,T5.5d_frozen_regression
rough_seed_25,9,wm060_ws000_we040,5,0.6,0.0,0.4,lm100_ls000_le000,0.7,0.15,0.15,1.0,0.0,0.0,4.582541332167897,0.2343751363619884,114.70234306169228,0.0,0.7772639353034957,0.07821826428738247,0.03160017877210253,7,4.582541332167897,0.23080022333849481,114.66701470937633,4.6445231101955144,0.23539957866828726,115.11867843060317,0.06198177802761773,0.004599355329792443,0.4516637212268364,T5.5d_frozen_regression
rough_seed_25,9,wm040_ws060_we000,6,0.4,0.6,0.0,lm040_ls020_le040,0.36999999999999994,0.26,0.37,0.4,0.2,0.4,4.604267674301097,0.23187073679260028,115.11867843060317,0.35052789423884134,0.23275293543231854,1.0,0.14300978688508584,7,4.582541332167897,0.23080022333849481,114.66701470937633,4.6445231101955144,0.23539957866828726,115.11867843060317,0.06198177802761773,0.004599355329792443,0.4516637212268364,T5.5d_frozen_regression
rough_seed_25,9,wm040_ws040_we020,7,0.4,0.4,0.2,lm040_ls040_le020,0.37,0.37,0.26,0.4,0.4,0.2,4.597132732413069,0.23194651633673324,114.70347508056658,0.23541435417794485,0.24922905843201265,0.08072459548269413,0.10179164621421029,7,4.582541332167897,0.23080022333849481,114.66701470937633,4.6445231101955144,0.23539957866828726,115.11867843060317,0.06198177802761773,0.004599355329792443,0.4516637212268364,T5.5d_frozen_regression
rough_seed_25,9,wm040_ws020_we040,8,0.4,0.2,0.4,lm080_ls000_le020,0.59,0.15,0.26,0.8,0.0,0.2,4.592098209958459,0.23253509981642262,114.76623275150263,0.15418850660114294,0.3771999233653677,0.21967237451968413,0.0901187931790877,7,4.582541332167897,0.23080022333849481,114.66701470937633,4.6445231101955144,0.23539957866828726,115.11867843060317,0.06198177802761773,0.004599355329792443,0.4516637212268364,T5.5d_frozen_regression
rough_seed_25,9,wm040_ws000_we060,9,0.4,0.0,0.6,lm100_ls000_le000,0.7,0.15,0.15,1.0,0.0,0.0,4.582541332167897,0.2343751363619884,114.70234306169228,0.0,0.7772639353034957,0.07821826428738247,0.04740026815815378,7,4.582541332167897,0.23080022333849481,114.66701470937633,4.6445231101955144,0.23539957866828726,115.11867843060317,0.06198177802761773,0.004599355329792443,0.4516637212268364,T5.5d_frozen_regression
rough_seed_25,9,wm020_ws080_we000,10,0.2,0.8,0.0,lm060_ls000_le040,0.48,0.15,0.37,0.6,0.0,0.4,4.606637583534736,0.23080022333849481,115.02019208573412,0.38876347426017205,0.0,0.7819476299722942,0.07853022180055476,7,4.582541332167897,0.23080022333849481,114.66701470937633,4.6445231101955144,0.23539957866828726,115.11867843060317,0.06198177802761773,0.004599355329792443,0.4516637212268364,T5.5d_frozen_regression
rough_seed_25,9,wm020_ws060_we020,11,0.2,0.6,0.2,lm040_ls040_le020,0.37,0.37,0.26,0.4,0.4,0.2,4.597132732413069,0.23194651633673324,114.70347508056658,0.23541435417794485,0.24922905843201265,0.08072459548269413,0.15166508730912093,7,4.582541332167897,0.23080022333849481,114.66701470937633,4.6445231101955144,0.23539957866828726,115.11867843060317,0.06198177802761773,0.004599355329792443,0.4516637212268364,T5.5d_frozen_regression
rough_seed_25,9,wm020_ws040_we040,12,0.2,0.4,0.4,lm040_ls040_le020,0.37,0.37,0.26,0.4,0.4,0.2,4.597132732413069,0.23194651633673324,114.70347508056658,0.23541435417794485,0.24922905843201265,0.08072459548269413,0.10148226669681978,7,4.582541332167897,0.23080022333849481,114.66701470937633,4.6445231101955144,0.23539957866828726,115.11867843060317,0.06198177802761773,0.004599355329792443,0.4516637212268364,T5.5d_frozen_regression
rough_seed_25,9,wm020_ws020_we060,13,0.2,0.2,0.6,lm040_ls040_le020,0.37,0.37,0.26,0.4,0.4,0.2,4.597132732413069,0.23194651633673324,114.70347508056658,0.23541435417794485,0.24922905843201265,0.08072459548269413,0.05129944608451861,7,4.582541332167897,0.23080022333849481,114.66701470937633,4.6445231101955144,0.23539957866828726,115.11867843060317,0.06198177802761773,0.004599355329792443,0.4516637212268364,T5.5d_frozen_regression
rough_seed_25,9,wm020_ws000_we080,14,0.2,0.0,0.8,lm100_ls000_le000,0.7,0.15,0.15,1.0,0.0,0.0,4.582541332167897,0.2343751363619884,114.70234306169228,0.0,0.7772639353034957,0.07821826428738247,0.06320035754420505,7,4.582541332167897,0.23080022333849481,114.66701470937633,4.6445231101955144,0.23539957866828726,115.11867843060317,0.06198177802761773,0.004599355329792443,0.4516637212268364,T5.5d_frozen_regression
rough_seed_25,9,wm000_ws100_we000,15,0.0,1.0,0.0,lm060_ls000_le040,0.48,0.15,0.37,0.6,0.0,0.4,4.606637583534736,0.23080022333849481,115.02019208573412,0.38876347426017205,0.0,0.7819476299722942,0.0,7,4.582541332167897,0.23080022333849481,114.66701470937633,4.6445231101955144,0.23539957866828726,115.11867843060317,0.06198177802761773,0.004599355329792443,0.4516637212268364,T5.5d_frozen_regression
rough_seed_25,9,wm000_ws080_we020,16,0.0,0.8,0.2,lm060_ls000_le040,0.48,0.15,0.37,0.6,0.0,0.4,4.606637583534736,0.23080022333849481,115.02019208573412,0.38876347426017205,0.0,0.7819476299722942,0.15795342125440343,7,4.582541332167897,0.23080022333849481,114.66701470937633,4.6445231101955144,0.23539957866828726,115.11867843060317,0.06198177802761773,0.004599355329792443,0.4516637212268364,T5.5d_frozen_regression
rough_seed_25,9,wm000_ws060_we040,17,0.0,0.6,0.4,lm040_ls040_le020,0.37,0.37,0.26,0.4,0.4,0.2,4.597132732413069,0.23194651633673324,114.70347508056658,0.23541435417794485,0.24922905843201265,0.08072459548269413,0.15135570779173044,7,4.582541332167897,0.23080022333849481,114.66701470937633,4.6445231101955144,0.23539957866828726,115.11867843060317,0.06198177802761773,0.004599355329792443,0.4516637212268364,T5.5d_frozen_regression
rough_seed_25,9,wm000_ws040_we060,18,0.0,0.4,0.6,lm040_ls040_le020,0.37,0.37,0.26,0.4,0.4,0.2,4.597132732413069,0.23194651633673324,114.70347508056658,0.23541435417794485,0.24922905843201265,0.08072459548269413,0.1011728871794293,7,4.582541332167897,0.23080022333849481,114.66701470937633,4.6445231101955144,0.23539957866828726,115.11867843060317,0.06198177802761773,0.004599355329792443,0.4516637212268364,T5.5d_frozen_regression
rough_seed_25,9,wm000_ws020_we080,19,0.0,0.2,0.8,lm040_ls040_le020,0.37,0.37,0.26,0.4,0.4,0.2,4.597132732413069,0.23194651633673324,114.70347508056658,0.23541435417794485,0.24922905843201265,0.08072459548269413,0.06572393126688088,7,4.582541332167897,0.23080022333849481,114.66701470937633,4.6445231101955144,0.23539957866828726,115.11867843060317,0.06198177802761773,0.004599355329792443,0.4516637212268364,T5.5d_frozen_regression
rough_seed_25,9,wm000_ws000_we100,20,0.0,0.0,1.0,lm020_ls000_le080,0.26,0.15,0.59,0.2,0.0,0.8,4.6445231101955144,0.23539957866828726,114.66701470937633,1.0,1.0,0.0,0.0,7,4.582541332167897,0.23080022333849481,114.66701470937633,4.6445231101955144,0.23539957866828726,115.11867843060317,0.06198177802761773,0.004599355329792443,0.4516637212268364,T5.5d_frozen_regression
rough_seed_25,9,balanced,21,0.3333333333333333,0.3333333333333333,0.3333333333333333,lm040_ls040_le020,0.37,0.37,0.26,0.4,0.4,0.2,4.597132732413069,0.23194651633673324,114.70347508056658,0.23541435417794485,0.24922905843201265,0.08072459548269413,0.08496091283764638,7,4.582541332167897,0.23080022333849481,114.66701470937633,4.6445231101955144,0.23539957866828726,115.11867843060317,0.06198177802761773,0.004599355329792443,0.4516637212268364,T5.5d_frozen_regression
rough_seed_25,9,motion,22,0.7,0.15,0.15,lm080_ls000_le020,0.59,0.15,0.26,0.8,0.0,0.2,4.592098209958459,0.23253509981642262,114.76623275150263,0.15418850660114294,0.3771999233653677,0.21967237451968413,0.10990658261383564,7,4.582541332167897,0.23080022333849481,114.66701470937633,4.6445231101955144,0.23539957866828726,115.11867843060317,0.06198177802761773,0.004599355329792443,0.4516637212268364,T5.5d_frozen_regression
rough_seed_25,9,stability,23,0.15,0.7,0.15,lm060_ls000_le040,0.48,0.15,0.37,0.6,0.0,0.4,4.606637583534736,0.23080022333849481,115.02019208573412,0.38876347426017205,0.0,0.7819476299722942,0.11904821115219281,7,4.582541332167897,0.23080022333849481,114.66701470937633,4.6445231101955144,0.23539957866828726,115.11867843060317,0.06198177802761773,0.004599355329792443,0.4516637212268364,T5.5d_frozen_regression
rough_seed_25,9,energy,24,0.15,0.15,0.7,lm040_ls040_le020,0.37,0.37,0.26,0.4,0.4,0.2,4.597132732413069,0.23194651633673324,114.70347508056658,0.23541435417794485,0.24922905843201265,0.08072459548269413,0.05779925412517968,7,4.582541332167897,0.23080022333849481,114.66701470937633,4.6445231101955144,0.23539957866828726,115.11867843060317,0.06198177802761773,0.004599355329792443,0.4516637212268364,T5.5d_frozen_regression
rough_seed_12,10,wm100_ws000_we000,0,1.0,0.0,0.0,lm100_ls000_le000,0.7,0.15,0.15,1.0,0.0,0.0,4.4729751418429275,0.3385737561066201,131.24375188337078,0.0,1.0,0.0,0.0,3,4.4729751418429275,0.3368289057281556,131.24375188337078,4.4956485087924705,0.3385737561066201,132.00051190728962,0.022673366949542917,0.001744850378464502,0.7567600239188437,T5.5d_frozen_regression
rough_seed_12,10,wm080_ws020_we000,1,0.8,0.2,0.0,lm100_ls000_le000,0.7,0.15,0.15,1.0,0.0,0.0,4.4729751418429275,0.3385737561066201,131.24375188337078,0.0,1.0,0.0,0.202,3,4.4729751418429275,0.3368289057281556,131.24375188337078,4.4956485087924705,0.3385737561066201,132.00051190728962,0.022673366949542917,0.001744850378464502,0.7567600239188437,T5.5d_frozen_regression
rough_seed_12,10,wm080_ws000_we020,2,0.8,0.0,0.2,lm100_ls000_le000,0.7,0.15,0.15,1.0,0.0,0.0,4.4729751418429275,0.3385737561066201,131.24375188337078,0.0,1.0,0.0,0.0,3,4.4729751418429275,0.3368289057281556,131.24375188337078,4.4956485087924705,0.3385737561066201,132.00051190728962,0.022673366949542917,0.001744850378464502,0.7567600239188437,T5.5d_frozen_regression
rough_seed_12,10,wm060_ws040_we000,3,0.6,0.4,0.0,lm100_ls000_le000,0.7,0.15,0.15,1.0,0.0,0.0,4.4729751418429275,0.3385737561066201,131.24375188337078,0.0,1.0,0.0,0.404,3,4.4729751418429275,0.3368289057281556,131.24375188337078,4.4956485087924705,0.3385737561066201,132.00051190728962,0.022673366949542917,0.001744850378464502,0.7567600239188437,T5.5d_frozen_regression
rough_seed_12,10,wm060_ws020_we020,4,0.6,0.2,0.2,lm100_ls000_le000,0.7,0.15,0.15,1.0,0.0,0.0,4.4729751418429275,0.3385737561066201,131.24375188337078,0.0,1.0,0.0,0.202,3,4.4729751418429275,0.3368289057281556,131.24375188337078,4.4956485087924705,0.3385737561066201,132.00051190728962,0.022673366949542917,0.001744850378464502,0.7567600239188437,T5.5d_frozen_regression
rough_seed_12,10,wm060_ws000_we040,5,0.6,0.0,0.4,lm100_ls000_le000,0.7,0.15,0.15,1.0,0.0,0.0,4.4729751418429275,0.3385737561066201,131.24375188337078,0.0,1.0,0.0,0.0,3,4.4729751418429275,0.3368289057281556,131.24375188337078,4.4956485087924705,0.3385737561066201,132.00051190728962,0.022673366949542917,0.001744850378464502,0.7567600239188437,T5.5d_frozen_regression
rough_seed_12,10,wm040_ws060_we000,6,0.4,0.6,0.0,lm040_ls040_le020,0.37,0.37,0.26,0.4,0.4,0.2,4.4956485087924705,0.3368289057281556,131.77780680787504,1.0,0.0,0.7057123891649092,0.404,3,4.4729751418429275,0.3368289057281556,131.24375188337078,4.4956485087924705,0.3385737561066201,132.00051190728962,0.022673366949542917,0.001744850378464502,0.7567600239188437,T5.5d_frozen_regression
rough_seed_12,10,wm040_ws040_we020,7,0.4,0.4,0.2,lm080_ls000_le020,0.59,0.15,0.26,0.8,0.0,0.2,4.493404891088476,0.3384015435787378,132.00051190728962,0.9010461168388647,0.9013024096462366,1.0,0.3697303579644351,3,4.4729751418429275,0.3368289057281556,131.24375188337078,4.4956485087924705,0.3385737561066201,132.00051190728962,0.022673366949542917,0.001744850378464502,0.7567600239188437,T5.5d_frozen_regression
rough_seed_12,10,wm040_ws020_we040,8,0.4,0.2,0.4,lm100_ls000_le000,0.7,0.15,0.15,1.0,0.0,0.0,4.4729751418429275,0.3385737561066201,131.24375188337078,0.0,1.0,0.0,0.202,3,4.4729751418429275,0.3368289057281556,131.24375188337078,4.4956485087924705,0.3385737561066201,132.00051190728962,0.022673366949542917,0.001744850378464502,0.7567600239188437,T5.5d_frozen_regression
rough_seed_12,10,wm040_ws000_we060,9,0.4,0.0,0.6,lm100_ls000_le000,0.7,0.15,0.15,1.0,0.0,0.0,4.4729751418429275,0.3385737561066201,131.24375188337078,0.0,1.0,0.0,0.0,3,4.4729751418429275,0.3368289057281556,131.24375188337078,4.4956485087924705,0.3385737561066201,132.00051190728962,0.022673366949542917,0.001744850378464502,0.7567600239188437,T5.5d_frozen_regression
rough_seed_12,10,wm020_ws080_we000,10,0.2,0.8,0.0,lm040_ls040_le020,0.37,0.37,0.26,0.4,0.4,0.2,4.4956485087924705,0.3368289057281556,131.77780680787504,1.0,0.0,0.7057123891649092,0.202,3,4.4729751418429275,0.3368289057281556,131.24375188337078,4.4956485087924705,0.3385737561066201,132.00051190728962,0.022673366949542917,0.001744850378464502,0.7567600239188437,T5.5d_frozen_regression
rough_seed_12,10,wm020_ws060_we020,11,0.2,0.6,0.2,lm040_ls040_le020,0.37,0.37,0.26,0.4,0.4,0.2,4.4956485087924705,0.3368289057281556,131.77780680787504,1.0,0.0,0.7057123891649092,0.20341142477832982,3,4.4729751418429275,0.3368289057281556,131.24375188337078,4.4956485087924705,0.3385737561066201,132.00051190728962,0.022673366949542917,0.001744850378464502,0.7567600239188437,T5.5d_frozen_regression
rough_seed_12,10,wm020_ws040_we040,12,0.2,0.4,0.4,lm040_ls040_le020,0.37,0.37,0.26,0.4,0.4,0.2,4.4956485087924705,0.3368289057281556,131.77780680787504,1.0,0.0,0.7057123891649092,0.2871078052226233,3,4.4729751418429275,0.3368289057281556,131.24375188337078,4.4956485087924705,0.3385737561066201,132.00051190728962,0.022673366949542917,0.001744850378464502,0.7567600239188437,T5.5d_frozen_regression
rough_seed_12,10,wm020_ws020_we060,13,0.2,0.2,0.6,lm100_ls000_le000,0.7,0.15,0.15,1.0,0.0,0.0,4.4729751418429275,0.3385737561066201,131.24375188337078,0.0,1.0,0.0,0.202,3,4.4729751418429275,0.3368289057281556,131.24375188337078,4.4956485087924705,0.3385737561066201,132.00051190728962,0.022673366949542917,0.001744850378464502,0.7567600239188437,T5.5d_frozen_regression
rough_seed_12,10,wm020_ws000_we080,14,0.2,0.0,0.8,lm100_ls000_le000,0.7,0.15,0.15,1.0,0.0,0.0,4.4729751418429275,0.3385737561066201,131.24375188337078,0.0,1.0,0.0,0.0,3,4.4729751418429275,0.3368289057281556,131.24375188337078,4.4956485087924705,0.3385737561066201,132.00051190728962,0.022673366949542917,0.001744850378464502,0.7567600239188437,T5.5d_frozen_regression
rough_seed_12,10,wm000_ws100_we000,15,0.0,1.0,0.0,lm040_ls040_le020,0.37,0.37,0.26,0.4,0.4,0.2,4.4956485087924705,0.3368289057281556,131.77780680787504,1.0,0.0,0.7057123891649092,0.0,3,4.4729751418429275,0.3368289057281556,131.24375188337078,4.4956485087924705,0.3385737561066201,132.00051190728962,0.022673366949542917,0.001744850378464502,0.7567600239188437,T5.5d_frozen_regression
rough_seed_12,10,wm000_ws080_we020,16,0.0,0.8,0.2,lm040_ls040_le020,0.37,0.37,0.26,0.4,0.4,0.2,4.4956485087924705,0.3368289057281556,131.77780680787504,1.0,0.0,0.7057123891649092,0.14255390261131165,3,4.4729751418429275,0.3368289057281556,131.24375188337078,4.4956485087924705,0.3385737561066201,132.00051190728962,0.022673366949542917,0.001744850378464502,0.7567600239188437,T5.5d_frozen_regression
rough_seed_12,10,wm000_ws060_we040,17,0.0,0.6,0.4,lm040_ls040_le020,0.37,0.37,0.26,0.4,0.4,0.2,4.4956485087924705,0.3368289057281556,131.77780680787504,1.0,0.0,0.7057123891649092,0.2851078052226233,3,4.4729751418429275,0.3368289057281556,131.24375188337078,4.4956485087924705,0.3385737561066201,132.00051190728962,0.022673366949542917,0.001744850378464502,0.7567600239188437,T5.5d_frozen_regression
rough_seed_12,10,wm000_ws040_we060,18,0.0,0.4,0.6,lm100_ls000_le000,0.7,0.15,0.15,1.0,0.0,0.0,4.4729751418429275,0.3385737561066201,131.24375188337078,0.0,1.0,0.0,0.404,3,4.4729751418429275,0.3368289057281556,131.24375188337078,4.4956485087924705,0.3385737561066201,132.00051190728962,0.022673366949542917,0.001744850378464502,0.7567600239188437,T5.5d_frozen_regression
rough_seed_12,10,wm000_ws020_we080,19,0.0,0.2,0.8,lm100_ls000_le000,0.7,0.15,0.15,1.0,0.0,0.0,4.4729751418429275,0.3385737561066201,131.24375188337078,0.0,1.0,0.0,0.202,3,4.4729751418429275,0.3368289057281556,131.24375188337078,4.4956485087924705,0.3385737561066201,132.00051190728962,0.022673366949542917,0.001744850378464502,0.7567600239188437,T5.5d_frozen_regression
rough_seed_12,10,wm000_ws000_we100,20,0.0,0.0,1.0,lm100_ls000_le000,0.7,0.15,0.15,1.0,0.0,0.0,4.4729751418429275,0.3385737561066201,131.24375188337078,0.0,1.0,0.0,0.0,3,4.4729751418429275,0.3368289057281556,131.24375188337078,4.4956485087924705,0.3385737561066201,132.00051190728962,0.022673366949542917,0.001744850378464502,0.7567600239188437,T5.5d_frozen_regression
rough_seed_12,10,balanced,21,0.3333333333333333,0.3333333333333333,0.3333333333333333,lm100_ls000_le000,0.7,0.15,0.15,1.0,0.0,0.0,4.4729751418429275,0.3385737561066201,131.24375188337078,0.0,1.0,0.0,0.33666666666666667,3,4.4729751418429275,0.3368289057281556,131.24375188337078,4.4956485087924705,0.3385737561066201,132.00051190728962,0.022673366949542917,0.001744850378464502,0.7567600239188437,T5.5d_frozen_regression
rough_seed_12,10,motion,22,0.7,0.15,0.15,lm100_ls000_le000,0.7,0.15,0.15,1.0,0.0,0.0,4.4729751418429275,0.3385737561066201,131.24375188337078,0.0,1.0,0.0,0.1515,3,4.4729751418429275,0.3368289057281556,131.24375188337078,4.4956485087924705,0.3385737561066201,132.00051190728962,0.022673366949542917,0.001744850378464502,0.7567600239188437,T5.5d_frozen_regression
rough_seed_12,10,stability,23,0.15,0.7,0.15,lm040_ls040_le020,0.37,0.37,0.26,0.4,0.4,0.2,4.4956485087924705,0.3368289057281556,131.77780680787504,1.0,0.0,0.7057123891649092,0.15255856858374736,3,4.4729751418429275,0.3368289057281556,131.24375188337078,4.4956485087924705,0.3385737561066201,132.00051190728962,0.022673366949542917,0.001744850378464502,0.7567600239188437,T5.5d_frozen_regression
rough_seed_12,10,energy,24,0.15,0.15,0.7,lm100_ls000_le000,0.7,0.15,0.15,1.0,0.0,0.0,4.4729751418429275,0.3385737561066201,131.24375188337078,0.0,1.0,0.0,0.1515,3,4.4729751418429275,0.3368289057281556,131.24375188337078,4.4956485087924705,0.3385737561066201,132.00051190728962,0.022673366949542917,0.001744850378464502,0.7567600239188437,T5.5d_frozen_regression
rough_seed_6,11,wm100_ws000_we000,0,1.0,0.0,0.0,lm080_ls020_le000,0.59,0.26,0.15,0.8,0.2,0.0,4.649983773589159,0.21814841588090939,119.31304525827144,0.0,1.0,0.5861009634473823,0.0,9,4.649983773589159,0.2147754038349376,119.03268774618753,4.705051621204484,0.21814841588090939,119.51103111971635,0.05506784761532568,0.0033730120459717905,0.4783433735288156,T5.5d_frozen_regression
rough_seed_6,11,wm080_ws020_we000,1,0.8,0.2,0.0,lm020_ls080_le000,0.26,0.59,0.15,0.2,0.8,0.0,4.652475719363972,0.2167342061666569,119.12663473347202,0.04525228209790483,0.580727938418896,0.196400729023213,0.11766906181740024,9,4.649983773589159,0.2147754038349376,119.03268774618753,4.705051621204484,0.21814841588090939,119.51103111971635,0.05506784761532568,0.0033730120459717905,0.4783433735288156,T5.5d_frozen_regression
rough_seed_6,11,wm080_ws000_we020,2,0.8,0.0,0.2,lm100_ls000_le000,0.7,0.15,0.15,1.0,0.0,0.0,4.651043954428443,0.21761781166721403,119.03268774618753,0.019252265799284025,0.8426912781621905,0.0,0.015555830765821493,9,4.649983773589159,0.2147754038349376,119.03268774618753,4.705051621204484,0.21814841588090939,119.51103111971635,0.05506784761532568,0.0033730120459717905,0.4783433735288156,T5.5d_frozen_regression
rough_seed_6,11,wm060_ws040_we000,3,0.6,0.4,0.0,lm000_ls080_le020,0.15,0.59,0.26,0.0,0.8,0.2,4.667564638024383,0.21618125395642174,119.1435530251152,0.3192582459012179,0.4167936853836839,0.23176923746176506,0.19513767175767274,9,4.649983773589159,0.2147754038349376,119.03268774618753,4.705051621204484,0.21814841588090939,119.51103111971635,0.05506784761532568,0.0033730120459717905,0.4783433735288156,T5.5d_frozen_regression
rough_seed_6,11,wm060_ws020_we020,4,0.6,0.2,0.2,lm020_ls080_le000,0.26,0.59,0.15,0.2,0.8,0.0,4.652475719363972,0.2167342061666569,119.12663473347202,0.04525228209790483,0.580727938418896,0.196400729023213,0.11797135871125086,9,4.649983773589159,0.2147754038349376,119.03268774618753,4.705051621204484,0.21814841588090939,119.51103111971635,0.05506784761532568,0.0033730120459717905,0.4783433735288156,T5.5d_frozen_regression
rough_seed_6,11,wm060_ws000_we040,5,0.6,0.0,0.4,lm100_ls000_le000,0.7,0.15,0.15,1.0,0.0,0.0,4.651043954428443,0.21761781166721403,119.03268774618753,0.019252265799284025,0.8426912781621905,0.0,0.011666873074366119,9,4.649983773589159,0.2147754038349376,119.03268774618753,4.705051621204484,0.21814841588090939,119.51103111971635,0.05506784761532568,0.0033730120459717905,0.4783433735288156,T5.5d_frozen_regression
rough_seed_6,11,wm040_ws060_we000,6,0.4,0.6,0.0,lm040_ls020_le040,0.36999999999999994,0.26,0.37,0.4,0.2,0.4,4.681040592013806,0.21562968015776376,119.4046065409632,0.5639737118761893,0.2532680913032571,0.7775142614226306,0.2293649881458,9,4.649983773589159,0.2147754038349376,119.03268774618753,4.705051621204484,0.21814841588090939,119.51103111971635,0.05506784761532568,0.0033730120459717905,0.4783433735288156,T5.5d_frozen_regression
rough_seed_6,11,wm040_ws040_we020,7,0.4,0.4,0.2,lm000_ls080_le020,0.15,0.59,0.26,0.0,0.8,0.2,4.667564638024383,0.21618125395642174,119.1435530251152,0.3192582459012179,0.4167936853836839,0.23176923746176506,0.17012522035353672,9,4.649983773589159,0.2147754038349376,119.03268774618753,4.705051621204484,0.21814841588090939,119.51103111971635,0.05506784761532568,0.0033730120459717905,0.4783433735288156,T5.5d_frozen_regression
rough_seed_6,11,wm040_ws020_we040,8,0.4,0.2,0.4,lm020_ls080_le000,0.26,0.59,0.15,0.2,0.8,0.0,4.652475719363972,0.2167342061666569,119.12663473347202,0.04525228209790483,0.580727938418896,0.196400729023213,0.11827365560510147,9,4.649983773589159,0.2147754038349376,119.03268774618753,4.705051621204484,0.21814841588090939,119.51103111971635,0.05506784761532568,0.0033730120459717905,0.4783433735288156,T5.5d_frozen_regression
rough_seed_6,11,wm040_ws000_we060,9,0.4,0.0,0.6,lm100_ls000_le000,0.7,0.15,0.15,1.0,0.0,0.0,4.651043954428443,0.21761781166721403,119.03268774618753,0.019252265799284025,0.8426912781621905,0.0,0.007777915382910746,9,4.649983773589159,0.2147754038349376,119.03268774618753,4.705051621204484,0.21814841588090939,119.51103111971635,0.05506784761532568,0.0033730120459717905,0.4783433735288156,T5.5d_frozen_regression
rough_seed_6,11,wm020_ws080_we000,10,0.2,0.8,0.0,lm020_ls040_le040,0.26,0.36999999999999994,0.37,0.2,0.4,0.4,4.682734658003777,0.21513349974354387,119.51103111971635,0.5947369623631938,0.10616502512463044,1.0,0.1209861865983622,9,4.649983773589159,0.2147754038349376,119.03268774618753,4.705051621204484,0.21814841588090939,119.51103111971635,0.05506784761532568,0.0033730120459717905,0.4783433735288156,T5.5d_frozen_regression
rough_seed_6,11,wm020_ws060_we020,11,0.2,0.6,0.2,lm000_ls060_le040,0.15,0.48,0.37,0.0,0.6,0.4,4.683476264609026,0.21494977190843914,119.31363418337406,0.6082041058482581,0.05169506397398871,0.5873321399101697,0.12434206404501243,9,4.649983773589159,0.2147754038349376,119.03268774618753,4.705051621204484,0.21814841588090939,119.51103111971635,0.05506784761532568,0.0033730120459717905,0.4783433735288156,T5.5d_frozen_regression
rough_seed_6,11,wm020_ws040_we040,12,0.2,0.4,0.4,lm000_ls080_le020,0.15,0.59,0.26,0.0,0.8,0.2,4.667564638024383,0.21618125395642174,119.1435530251152,0.3192582459012179,0.4167936853836839,0.23176923746176506,0.16995024233665781,9,4.649983773589159,0.2147754038349376,119.03268774618753,4.705051621204484,0.21814841588090939,119.51103111971635,0.05506784761532568,0.0033730120459717905,0.4783433735288156,T5.5d_frozen_regression
rough_seed_6,11,wm020_ws020_we060,13,0.2,0.2,0.6,lm020_ls080_le000,0.26,0.59,0.15,0.2,0.8,0.0,4.652475719363972,0.2167342061666569,119.12663473347202,0.04525228209790483,0.580727938418896,0.196400729023213,0.12027080222910068,9,4.649983773589159,0.2147754038349376,119.03268774618753,4.705051621204484,0.21814841588090939,119.51103111971635,0.05506784761532568,0.0033730120459717905,0.4783433735288156,T5.5d_frozen_regression
rough_seed_6,11,wm020_ws000_we080,14,0.2,0.0,0.8,lm100_ls000_le000,0.7,0.15,0.15,1.0,0.0,0.0,4.651043954428443,0.21761781166721403,119.03268774618753,0.019252265799284025,0.8426912781621905,0.0,0.003888957691455373,9,4.649983773589159,0.2147754038349376,119.03268774618753,4.705051621204484,0.21814841588090939,119.51103111971635,0.05506784761532568,0.0033730120459717905,0.4783433735288156,T5.5d_frozen_regression
rough_seed_6,11,wm000_ws100_we000,15,0.0,1.0,0.0,lm040_ls000_le060,0.37,0.15,0.48,0.4,0.0,0.6,4.705051621204484,0.2147754038349376,119.26740866569791,1.0,0.0,0.49069545539808845,0.0,9,4.649983773589159,0.2147754038349376,119.03268774618753,4.705051621204484,0.21814841588090939,119.51103111971635,0.05506784761532568,0.0033730120459717905,0.4783433735288156,T5.5d_frozen_regression
rough_seed_6,11,wm000_ws080_we020,16,0.0,0.8,0.2,lm040_ls000_le060,0.37,0.15,0.48,0.4,0.0,0.6,4.705051621204484,0.2147754038349376,119.26740866569791,1.0,0.0,0.49069545539808845,0.09912048199041387,9,4.649983773589159,0.2147754038349376,119.03268774618753,4.705051621204484,0.21814841588090939,119.51103111971635,0.05506784761532568,0.0033730120459717905,0.4783433735288156,T5.5d_frozen_regression
rough_seed_6,11,wm000_ws060_we040,17,0.0,0.6,0.4,lm040_ls000_le060,0.37,0.15,0.48,0.4,0.0,0.6,4.705051621204484,0.2147754038349376,119.26740866569791,1.0,0.0,0.49069545539808845,0.19824096398082774,9,4.649983773589159,0.2147754038349376,119.03268774618753,4.705051621204484,0.21814841588090939,119.51103111971635,0.05506784761532568,0.0033730120459717905,0.4783433735288156,T5.5d_frozen_regression
rough_seed_6,11,wm000_ws040_we060,18,0.0,0.4,0.6,lm000_ls080_le020,0.15,0.59,0.26,0.0,0.8,0.2,4.667564638024383,0.21618125395642174,119.1435530251152,0.3192582459012179,0.4167936853836839,0.23176923746176506,0.1697752643197789,9,4.649983773589159,0.2147754038349376,119.03268774618753,4.705051621204484,0.21814841588090939,119.51103111971635,0.05506784761532568,0.0033730120459717905,0.4783433735288156,T5.5d_frozen_regression
rough_seed_6,11,wm000_ws020_we080,19,0.0,0.2,0.8,lm020_ls080_le000,0.26,0.59,0.15,0.2,0.8,0.0,4.652475719363972,0.2167342061666569,119.12663473347202,0.04525228209790483,0.580727938418896,0.196400729023213,0.15985324492759392,9,4.649983773589159,0.2147754038349376,119.03268774618753,4.705051621204484,0.21814841588090939,119.51103111971635,0.05506784761532568,0.0033730120459717905,0.4783433735288156,T5.5d_frozen_regression
rough_seed_6,11,wm000_ws000_we100,20,0.0,0.0,1.0,lm100_ls000_le000,0.7,0.15,0.15,1.0,0.0,0.0,4.651043954428443,0.21761781166721403,119.03268774618753,0.019252265799284025,0.8426912781621905,0.0,0.0,9,4.649983773589159,0.2147754038349376,119.03268774618753,4.705051621204484,0.21814841588090939,119.51103111971635,0.05506784761532568,0.0033730120459717905,0.4783433735288156,T5.5d_frozen_regression
rough_seed_6,11,balanced,21,0.3333333333333333,0.3333333333333333,0.3333333333333333,lm000_ls080_le020,0.15,0.59,0.26,0.0,0.8,0.2,4.667564638024383,0.21618125395642174,119.1435530251152,0.3192582459012179,0.4167936853836839,0.23176923746176506,0.14215729902371685,9,4.649983773589159,0.2147754038349376,119.03268774618753,4.705051621204484,0.21814841588090939,119.51103111971635,0.05506784761532568,0.0033730120459717905,0.4783433735288156,T5.5d_frozen_regression
rough_seed_6,11,motion,22,0.7,0.15,0.15,lm020_ls080_le000,0.26,0.59,0.15,0.2,0.8,0.0,4.652475719363972,0.2167342061666569,119.12663473347202,0.04525228209790483,0.580727938418896,0.196400729023213,0.08859164973868289,9,4.649983773589159,0.2147754038349376,119.03268774618753,4.705051621204484,0.21814841588090939,119.51103111971635,0.05506784761532568,0.0033730120459717905,0.4783433735288156,T5.5d_frozen_regression
rough_seed_6,11,stability,23,0.15,0.7,0.15,lm000_ls060_le040,0.15,0.48,0.37,0.0,0.6,0.4,4.683476264609026,0.21494977190843914,119.31363418337406,0.6082041058482581,0.05169506397398871,0.5873321399101697,0.09338578569369428,9,4.649983773589159,0.2147754038349376,119.03268774618753,4.705051621204484,0.21814841588090939,119.51103111971635,0.05506784761532568,0.0033730120459717905,0.4783433735288156,T5.5d_frozen_regression
rough_seed_6,11,energy,24,0.15,0.15,0.7,lm040_ls060_le000,0.37,0.48,0.15,0.4,0.6,0.0,4.652788127843298,0.21748725098535912,119.09037493984621,0.05092543790214702,0.803983832094564,0.1205978735173274,0.12272412383380095,9,4.649983773589159,0.2147754038349376,119.03268774618753,4.705051621204484,0.21814841588090939,119.51103111971635,0.05506784761532568,0.0033730120459717905,0.4783433735288156,T5.5d_frozen_regression
rough_seed_29,12,wm100_ws000_we000,0,1.0,0.0,0.0,lm100_ls000_le000,0.7,0.15,0.15,1.0,0.0,0.0,4.441700033008183,0.32623001236573873,132.28884832469015,0.0,0.6999374025785785,1.0,0.0,6,4.441700033008183,0.3237304880241609,131.4637970363857,4.462383657979929,0.32730155642594877,132.28884832469015,0.02068362497174636,0.0035710684017878913,0.8250512883044507,T5.5d_frozen_regression
rough_seed_29,12,wm080_ws020_we000,1,0.8,0.2,0.0,lm100_ls000_le000,0.7,0.15,0.15,1.0,0.0,0.0,4.441700033008183,0.32623001236573873,132.28884832469015,0.0,0.6999374025785785,1.0,0.14138735532087288,6,4.441700033008183,0.3237304880241609,131.4637970363857,4.462383657979929,0.32730155642594877,132.28884832469015,0.02068362497174636,0.0035710684017878913,0.8250512883044507,T5.5d_frozen_regression
rough_seed_29,12,wm080_ws000_we020,2,0.8,0.0,0.2,lm060_ls040_le000,0.48,0.37,0.15,0.6,0.4,0.0,4.445513227772445,0.3246286253806157,131.75154368176433,0.18435814657591937,0.2515038233390236,0.3487621308609504,0.14965890669506476,6,4.441700033008183,0.3237304880241609,131.4637970363857,4.462383657979929,0.32730155642594877,132.28884832469015,0.02068362497174636,0.0035710684017878913,0.8250512883044507,T5.5d_frozen_regression
rough_seed_29,12,wm060_ws040_we000,3,0.6,0.4,0.0,lm060_ls040_le000,0.48,0.37,0.15,0.6,0.4,0.0,4.445513227772445,0.3246286253806157,131.75154368176433,0.18435814657591937,0.2515038233390236,0.3487621308609504,0.11272705211836323,6,4.441700033008183,0.3237304880241609,131.4637970363857,4.462383657979929,0.32730155642594877,132.28884832469015,0.02068362497174636,0.0035710684017878913,0.8250512883044507,T5.5d_frozen_regression
rough_seed_29,12,wm060_ws020_we020,4,0.6,0.2,0.2,lm060_ls040_le000,0.48,0.37,0.15,0.6,0.4,0.0,4.445513227772445,0.3246286253806157,131.75154368176433,0.18435814657591937,0.2515038233390236,0.3487621308609504,0.11292156873340709,6,4.441700033008183,0.3237304880241609,131.4637970363857,4.462383657979929,0.32730155642594877,132.28884832469015,0.02068362497174636,0.0035710684017878913,0.8250512883044507,T5.5d_frozen_regression
rough_seed_29,12,wm060_ws000_we040,5,0.6,0.0,0.4,lm060_ls040_le000,0.48,0.37,0.15,0.6,0.4,0.0,4.445513227772445,0.3246286253806157,131.75154368176433,0.18435814657591937,0.2515038233390236,0.3487621308609504,0.14200604974727948,6,4.441700033008183,0.3237304880241609,131.4637970363857,4.462383657979929,0.32730155642594877,132.28884832469015,0.02068362497174636,0.0035710684017878913,0.8250512883044507,T5.5d_frozen_regression
rough_seed_29,12,wm040_ws060_we000,6,0.4,0.6,0.0,lm040_ls060_le000,0.37,0.48,0.15,0.4,0.6,0.0,4.446383862460971,0.32453581516209845,131.76043763862242,0.22645109158507232,0.22551434117990501,0.35954201446838796,0.13756749512136274,6,4.441700033008183,0.3237304880241609,131.4637970363857,4.462383657979929,0.32730155642594877,132.28884832469015,0.02068362497174636,0.0035710684017878913,0.8250512883044507,T5.5d_frozen_regression
rough_seed_29,12,wm040_ws040_we020,7,0.4,0.4,0.2,lm040_ls060_le000,0.37,0.48,0.15,0.4,0.6,0.0,4.446383862460971,0.32453581516209845,131.76043763862242,0.22645109158507232,0.22551434117990501,0.35954201446838796,0.0931073823940256,6,4.441700033008183,0.3237304880241609,131.4637970363857,4.462383657979929,0.32730155642594877,132.28884832469015,0.02068362497174636,0.0035710684017878913,0.8250512883044507,T5.5d_frozen_regression
rough_seed_29,12,wm040_ws020_we040,8,0.4,0.2,0.4,lm060_ls040_le000,0.48,0.37,0.15,0.6,0.4,0.0,4.445513227772445,0.3246286253806157,131.75154368176433,0.18435814657591937,0.2515038233390236,0.3487621308609504,0.1421403411008057,6,4.441700033008183,0.3237304880241609,131.4637970363857,4.462383657979929,0.32730155642594877,132.28884832469015,0.02068362497174636,0.0035710684017878913,0.8250512883044507,T5.5d_frozen_regression
rough_seed_29,12,wm040_ws000_we060,9,0.4,0.0,0.6,lm080_ls020_le000,0.59,0.26,0.15,0.8,0.2,0.0,4.450058711621474,0.3237304880241609,131.6838328453945,0.4041205845062981,0.0,0.26669349182036656,0.16486487709146663,6,4.441700033008183,0.3237304880241609,131.4637970363857,4.462383657979929,0.32730155642594877,132.28884832469015,0.02068362497174636,0.0035710684017878913,0.8250512883044507,T5.5d_frozen_regression
rough_seed_29,12,wm020_ws080_we000,10,0.2,0.8,0.0,lm080_ls020_le000,0.59,0.26,0.15,0.8,0.2,0.0,4.450058711621474,0.3237304880241609,131.6838328453945,0.4041205845062981,0.0,0.26669349182036656,0.08163235807027222,6,4.441700033008183,0.3237304880241609,131.4637970363857,4.462383657979929,0.32730155642594877,132.28884832469015,0.02068362497174636,0.0035710684017878913,0.8250512883044507,T5.5d_frozen_regression
rough_seed_29,12,wm020_ws060_we020,11,0.2,0.6,0.2,lm080_ls020_le000,0.59,0.26,0.15,0.8,0.2,0.0,4.450058711621474,0.3237304880241609,131.6838328453945,0.4041205845062981,0.0,0.26669349182036656,0.08216574505391296,6,4.441700033008183,0.3237304880241609,131.4637970363857,4.462383657979929,0.32730155642594877,132.28884832469015,0.02068362497174636,0.0035710684017878913,0.8250512883044507,T5.5d_frozen_regression
rough_seed_29,12,wm020_ws040_we040,12,0.2,0.4,0.4,lm080_ls020_le000,0.59,0.26,0.15,0.8,0.2,0.0,4.450058711621474,0.3237304880241609,131.6838328453945,0.4041205845062981,0.0,0.26669349182036656,0.1085524118644407,6,4.441700033008183,0.3237304880241609,131.4637970363857,4.462383657979929,0.32730155642594877,132.28884832469015,0.02068362497174636,0.0035710684017878913,0.8250512883044507,T5.5d_frozen_regression
rough_seed_29,12,wm020_ws020_we060,13,0.2,0.2,0.6,lm080_ls020_le000,0.59,0.26,0.15,0.8,0.2,0.0,4.450058711621474,0.3237304880241609,131.6838328453945,0.4041205845062981,0.0,0.26669349182036656,0.1624244972121547,6,4.441700033008183,0.3237304880241609,131.4637970363857,4.462383657979929,0.32730155642594877,132.28884832469015,0.02068362497174636,0.0035710684017878913,0.8250512883044507,T5.5d_frozen_regression
rough_seed_29,12,wm020_ws000_we080,14,0.2,0.0,0.8,lm080_ls000_le020,0.59,0.15,0.26,0.8,0.0,0.2,4.451142137400583,0.32730155642594877,131.4637970363857,0.45650143073558325,1.0,0.0,0.09221328900858783,6,4.441700033008183,0.3237304880241609,131.4637970363857,4.462383657979929,0.32730155642594877,132.28884832469015,0.02068362497174636,0.0035710684017878913,0.8250512883044507,T5.5d_frozen_regression
rough_seed_29,12,wm000_ws100_we000,15,0.0,1.0,0.0,lm080_ls020_le000,0.59,0.26,0.15,0.8,0.2,0.0,4.450058711621474,0.3237304880241609,131.6838328453945,0.4041205845062981,0.0,0.26669349182036656,0.0,6,4.441700033008183,0.3237304880241609,131.4637970363857,4.462383657979929,0.32730155642594877,132.28884832469015,0.02068362497174636,0.0035710684017878913,0.8250512883044507,T5.5d_frozen_regression
rough_seed_29,12,wm000_ws080_we020,16,0.0,0.8,0.2,lm080_ls020_le000,0.59,0.26,0.15,0.8,0.2,0.0,4.450058711621474,0.3237304880241609,131.6838328453945,0.4041205845062981,0.0,0.26669349182036656,0.05387208534771405,6,4.441700033008183,0.3237304880241609,131.4637970363857,4.462383657979929,0.32730155642594877,132.28884832469015,0.02068362497174636,0.0035710684017878913,0.8250512883044507,T5.5d_frozen_regression
rough_seed_29,12,wm000_ws060_we040,17,0.0,0.6,0.4,lm080_ls020_le000,0.59,0.26,0.15,0.8,0.2,0.0,4.450058711621474,0.3237304880241609,131.6838328453945,0.4041205845062981,0.0,0.26669349182036656,0.1077441706954281,6,4.441700033008183,0.3237304880241609,131.4637970363857,4.462383657979929,0.32730155642594877,132.28884832469015,0.02068362497174636,0.0035710684017878913,0.8250512883044507,T5.5d_frozen_regression
rough_seed_29,12,wm000_ws040_we060,18,0.0,0.4,0.6,lm080_ls020_le000,0.59,0.26,0.15,0.8,0.2,0.0,4.450058711621474,0.3237304880241609,131.6838328453945,0.4041205845062981,0.0,0.26669349182036656,0.16161625604314211,6,4.441700033008183,0.3237304880241609,131.4637970363857,4.462383657979929,0.32730155642594877,132.28884832469015,0.02068362497174636,0.0035710684017878913,0.8250512883044507,T5.5d_frozen_regression
rough_seed_29,12,wm000_ws020_we080,19,0.0,0.2,0.8,lm040_ls040_le020,0.37,0.37,0.26,0.4,0.4,0.2,4.462383657979929,0.3268264064952249,131.5704211648114,1.0,0.8669446010930493,0.12923333365712902,0.17615667609005298,6,4.441700033008183,0.3237304880241609,131.4637970363857,4.462383657979929,0.32730155642594877,132.28884832469015,0.02068362497174636,0.0035710684017878913,0.8250512883044507,T5.5d_frozen_regression
rough_seed_29,12,wm000_ws000_we100,20,0.0,0.0,1.0,lm080_ls000_le020,0.59,0.15,0.26,0.8,0.0,0.2,4.451142137400583,0.32730155642594877,131.4637970363857,0.45650143073558325,1.0,0.0,0.0,6,4.441700033008183,0.3237304880241609,131.4637970363857,4.462383657979929,0.32730155642594877,132.28884832469015,0.02068362497174636,0.0035710684017878913,0.8250512883044507,T5.5d_frozen_regression
rough_seed_29,12,balanced,21,0.3333333333333333,0.3333333333333333,0.3333333333333333,lm060_ls040_le000,0.48,0.37,0.15,0.6,0.4,0.0,4.445513227772445,0.3246286253806157,131.75154368176433,0.18435814657591937,0.2515038233390236,0.3487621308609504,0.11886945728956978,6,4.441700033008183,0.3237304880241609,131.4637970363857,4.462383657979929,0.32730155642594877,132.28884832469015,0.02068362497174636,0.0035710684017878913,0.8250512883044507,T5.5d_frozen_regression
rough_seed_29,12,motion,22,0.7,0.15,0.15,lm060_ls040_le000,0.48,0.37,0.15,0.6,0.4,0.0,4.445513227772445,0.3246286253806157,131.75154368176433,0.18435814657591937,0.2515038233390236,0.3487621308609504,0.13124160856047495,6,4.441700033008183,0.3237304880241609,131.4637970363857,4.462383657979929,0.32730155642594877,132.28884832469015,0.02068362497174636,0.0035710684017878913,0.8250512883044507,T5.5d_frozen_regression
rough_seed_29,12,stability,23,0.15,0.7,0.15,lm080_ls020_le000,0.59,0.26,0.15,0.8,0.2,0.0,4.450058711621474,0.3237304880241609,131.6838328453945,0.4041205845062981,0.0,0.26669349182036656,0.06162430879043471,6,4.441700033008183,0.3237304880241609,131.4637970363857,4.462383657979929,0.32730155642594877,132.28884832469015,0.02068362497174636,0.0035710684017878913,0.8250512883044507,T5.5d_frozen_regression
rough_seed_29,12,energy,24,0.15,0.15,0.7,lm080_ls000_le020,0.59,0.15,0.26,0.8,0.0,0.2,4.451142137400583,0.32730155642594877,131.4637970363857,0.45650143073558325,1.0,0.0,0.15218475214610336,6,4.441700033008183,0.3237304880241609,131.4637970363857,4.462383657979929,0.32730155642594877,132.28884832469015,0.02068362497174636,0.0035710684017878913,0.8250512883044507,T5.5d_frozen_regression
rough_seed_18,13,wm100_ws000_we000,0,1.0,0.0,0.0,lm000_ls100_le000,0.15,0.7,0.15,0.0,1.0,0.0,4.789394365536296,0.1260583716410282,118.129206688321,0.0,1.0,0.0,0.0,2,4.789394365536296,0.12595293390731585,118.129206688321,4.8008529627643,0.1260583716410282,118.4896430274661,0.01145859722800413,0.00010543773371235465,0.360436339145096,T5.5d_frozen_regression
rough_seed_18,13,wm080_ws020_we000,1,0.8,0.2,0.0,lm000_ls100_le000,0.15,0.7,0.15,0.0,1.0,0.0,4.789394365536296,0.1260583716410282,118.129206688321,0.0,1.0,0.0,0.202,2,4.789394365536296,0.12595293390731585,118.129206688321,4.8008529627643,0.1260583716410282,118.4896430274661,0.01145859722800413,0.00010543773371235465,0.360436339145096,T5.5d_frozen_regression
rough_seed_18,13,wm080_ws000_we020,2,0.8,0.0,0.2,lm000_ls100_le000,0.15,0.7,0.15,0.0,1.0,0.0,4.789394365536296,0.1260583716410282,118.129206688321,0.0,1.0,0.0,0.0,2,4.789394365536296,0.12595293390731585,118.129206688321,4.8008529627643,0.1260583716410282,118.4896430274661,0.01145859722800413,0.00010543773371235465,0.360436339145096,T5.5d_frozen_regression
rough_seed_18,13,wm060_ws040_we000,3,0.6,0.4,0.0,lm000_ls100_le000,0.15,0.7,0.15,0.0,1.0,0.0,4.789394365536296,0.1260583716410282,118.129206688321,0.0,1.0,0.0,0.404,2,4.789394365536296,0.12595293390731585,118.129206688321,4.8008529627643,0.1260583716410282,118.4896430274661,0.01145859722800413,0.00010543773371235465,0.360436339145096,T5.5d_frozen_regression
rough_seed_18,13,wm060_ws020_we020,4,0.6,0.2,0.2,lm000_ls100_le000,0.15,0.7,0.15,0.0,1.0,0.0,4.789394365536296,0.1260583716410282,118.129206688321,0.0,1.0,0.0,0.202,2,4.789394365536296,0.12595293390731585,118.129206688321,4.8008529627643,0.1260583716410282,118.4896430274661,0.01145859722800413,0.00010543773371235465,0.360436339145096,T5.5d_frozen_regression
rough_seed_18,13,wm060_ws000_we040,5,0.6,0.0,0.4,lm000_ls100_le000,0.15,0.7,0.15,0.0,1.0,0.0,4.789394365536296,0.1260583716410282,118.129206688321,0.0,1.0,0.0,0.0,2,4.789394365536296,0.12595293390731585,118.129206688321,4.8008529627643,0.1260583716410282,118.4896430274661,0.01145859722800413,0.00010543773371235465,0.360436339145096,T5.5d_frozen_regression
rough_seed_18,13,wm040_ws060_we000,6,0.4,0.6,0.0,lm040_ls040_le020,0.37,0.37,0.26,0.4,0.4,0.2,4.8008529627643,0.12595293390731585,118.4896430274661,1.0,0.0,1.0,0.404,2,4.789394365536296,0.12595293390731585,118.129206688321,4.8008529627643,0.1260583716410282,118.4896430274661,0.01145859722800413,0.00010543773371235465,0.360436339145096,T5.5d_frozen_regression
rough_seed_18,13,wm040_ws040_we020,7,0.4,0.4,0.2,lm000_ls100_le000,0.15,0.7,0.15,0.0,1.0,0.0,4.789394365536296,0.1260583716410282,118.129206688321,0.0,1.0,0.0,0.404,2,4.789394365536296,0.12595293390731585,118.129206688321,4.8008529627643,0.1260583716410282,118.4896430274661,0.01145859722800413,0.00010543773371235465,0.360436339145096,T5.5d_frozen_regression
rough_seed_18,13,wm040_ws020_we040,8,0.4,0.2,0.4,lm000_ls100_le000,0.15,0.7,0.15,0.0,1.0,0.0,4.789394365536296,0.1260583716410282,118.129206688321,0.0,1.0,0.0,0.202,2,4.789394365536296,0.12595293390731585,118.129206688321,4.8008529627643,0.1260583716410282,118.4896430274661,0.01145859722800413,0.00010543773371235465,0.360436339145096,T5.5d_frozen_regression
rough_seed_18,13,wm040_ws000_we060,9,0.4,0.0,0.6,lm000_ls100_le000,0.15,0.7,0.15,0.0,1.0,0.0,4.789394365536296,0.1260583716410282,118.129206688321,0.0,1.0,0.0,0.0,2,4.789394365536296,0.12595293390731585,118.129206688321,4.8008529627643,0.1260583716410282,118.4896430274661,0.01145859722800413,0.00010543773371235465,0.360436339145096,T5.5d_frozen_regression
rough_seed_18,13,wm020_ws080_we000,10,0.2,0.8,0.0,lm040_ls040_le020,0.37,0.37,0.26,0.4,0.4,0.2,4.8008529627643,0.12595293390731585,118.4896430274661,1.0,0.0,1.0,0.202,2,4.789394365536296,0.12595293390731585,118.129206688321,4.8008529627643,0.1260583716410282,118.4896430274661,0.01145859722800413,0.00010543773371235465,0.360436339145096,T5.5d_frozen_regression
rough_seed_18,13,wm020_ws060_we020,11,0.2,0.6,0.2,lm040_ls040_le020,0.37,0.37,0.26,0.4,0.4,0.2,4.8008529627643,0.12595293390731585,118.4896430274661,1.0,0.0,1.0,0.20400000000000001,2,4.789394365536296,0.12595293390731585,118.129206688321,4.8008529627643,0.1260583716410282,118.4896430274661,0.01145859722800413,0.00010543773371235465,0.360436339145096,T5.5d_frozen_regression
rough_seed_18,13,wm020_ws040_we040,12,0.2,0.4,0.4,lm000_ls100_le000,0.15,0.7,0.15,0.0,1.0,0.0,4.789394365536296,0.1260583716410282,118.129206688321,0.0,1.0,0.0,0.404,2,4.789394365536296,0.12595293390731585,118.129206688321,4.8008529627643,0.1260583716410282,118.4896430274661,0.01145859722800413,0.00010543773371235465,0.360436339145096,T5.5d_frozen_regression
rough_seed_18,13,wm020_ws020_we060,13,0.2,0.2,0.6,lm000_ls100_le000,0.15,0.7,0.15,0.0,1.0,0.0,4.789394365536296,0.1260583716410282,118.129206688321,0.0,1.0,0.0,0.202,2,4.789394365536296,0.12595293390731585,118.129206688321,4.8008529627643,0.1260583716410282,118.4896430274661,0.01145859722800413,0.00010543773371235465,0.360436339145096,T5.5d_frozen_regression
rough_seed_18,13,wm020_ws000_we080,14,0.2,0.0,0.8,lm000_ls100_le000,0.15,0.7,0.15,0.0,1.0,0.0,4.789394365536296,0.1260583716410282,118.129206688321,0.0,1.0,0.0,0.0,2,4.789394365536296,0.12595293390731585,118.129206688321,4.8008529627643,0.1260583716410282,118.4896430274661,0.01145859722800413,0.00010543773371235465,0.360436339145096,T5.5d_frozen_regression
rough_seed_18,13,wm000_ws100_we000,15,0.0,1.0,0.0,lm040_ls040_le020,0.37,0.37,0.26,0.4,0.4,0.2,4.8008529627643,0.12595293390731585,118.4896430274661,1.0,0.0,1.0,0.0,2,4.789394365536296,0.12595293390731585,118.129206688321,4.8008529627643,0.1260583716410282,118.4896430274661,0.01145859722800413,0.00010543773371235465,0.360436339145096,T5.5d_frozen_regression
rough_seed_18,13,wm000_ws080_we020,16,0.0,0.8,0.2,lm040_ls040_le020,0.37,0.37,0.26,0.4,0.4,0.2,4.8008529627643,0.12595293390731585,118.4896430274661,1.0,0.0,1.0,0.202,2,4.789394365536296,0.12595293390731585,118.129206688321,4.8008529627643,0.1260583716410282,118.4896430274661,0.01145859722800413,0.00010543773371235465,0.360436339145096,T5.5d_frozen_regression
rough_seed_18,13,wm000_ws060_we040,17,0.0,0.6,0.4,lm040_ls040_le020,0.37,0.37,0.26,0.4,0.4,0.2,4.8008529627643,0.12595293390731585,118.4896430274661,1.0,0.0,1.0,0.404,2,4.789394365536296,0.12595293390731585,118.129206688321,4.8008529627643,0.1260583716410282,118.4896430274661,0.01145859722800413,0.00010543773371235465,0.360436339145096,T5.5d_frozen_regression
rough_seed_18,13,wm000_ws040_we060,18,0.0,0.4,0.6,lm000_ls100_le000,0.15,0.7,0.15,0.0,1.0,0.0,4.789394365536296,0.1260583716410282,118.129206688321,0.0,1.0,0.0,0.404,2,4.789394365536296,0.12595293390731585,118.129206688321,4.8008529627643,0.1260583716410282,118.4896430274661,0.01145859722800413,0.00010543773371235465,0.360436339145096,T5.5d_frozen_regression
rough_seed_18,13,wm000_ws020_we080,19,0.0,0.2,0.8,lm000_ls100_le000,0.15,0.7,0.15,0.0,1.0,0.0,4.789394365536296,0.1260583716410282,118.129206688321,0.0,1.0,0.0,0.202,2,4.789394365536296,0.12595293390731585,118.129206688321,4.8008529627643,0.1260583716410282,118.4896430274661,0.01145859722800413,0.00010543773371235465,0.360436339145096,T5.5d_frozen_regression
rough_seed_18,13,wm000_ws000_we100,20,0.0,0.0,1.0,lm000_ls100_le000,0.15,0.7,0.15,0.0,1.0,0.0,4.789394365536296,0.1260583716410282,118.129206688321,0.0,1.0,0.0,0.0,2,4.789394365536296,0.12595293390731585,118.129206688321,4.8008529627643,0.1260583716410282,118.4896430274661,0.01145859722800413,0.00010543773371235465,0.360436339145096,T5.5d_frozen_regression
rough_seed_18,13,balanced,21,0.3333333333333333,0.3333333333333333,0.3333333333333333,lm000_ls100_le000,0.15,0.7,0.15,0.0,1.0,0.0,4.789394365536296,0.1260583716410282,118.129206688321,0.0,1.0,0.0,0.33666666666666667,2,4.789394365536296,0.12595293390731585,118.129206688321,4.8008529627643,0.1260583716410282,118.4896430274661,0.01145859722800413,0.00010543773371235465,0.360436339145096,T5.5d_frozen_regression
rough_seed_18,13,motion,22,0.7,0.15,0.15,lm000_ls100_le000,0.15,0.7,0.15,0.0,1.0,0.0,4.789394365536296,0.1260583716410282,118.129206688321,0.0,1.0,0.0,0.1515,2,4.789394365536296,0.12595293390731585,118.129206688321,4.8008529627643,0.1260583716410282,118.4896430274661,0.01145859722800413,0.00010543773371235465,0.360436339145096,T5.5d_frozen_regression
rough_seed_18,13,stability,23,0.15,0.7,0.15,lm040_ls040_le020,0.37,0.37,0.26,0.4,0.4,0.2,4.8008529627643,0.12595293390731585,118.4896430274661,1.0,0.0,1.0,0.153,2,4.789394365536296,0.12595293390731585,118.129206688321,4.8008529627643,0.1260583716410282,118.4896430274661,0.01145859722800413,0.00010543773371235465,0.360436339145096,T5.5d_frozen_regression
rough_seed_18,13,energy,24,0.15,0.15,0.7,lm000_ls100_le000,0.15,0.7,0.15,0.0,1.0,0.0,4.789394365536296,0.1260583716410282,118.129206688321,0.0,1.0,0.0,0.1515,2,4.789394365536296,0.12595293390731585,118.129206688321,4.8008529627643,0.1260583716410282,118.4896430274661,0.01145859722800413,0.00010543773371235465,0.360436339145096,T5.5d_frozen_regression
rough_seed_10,14,wm100_ws000_we000,0,1.0,0.0,0.0,lm060_ls040_le000,0.48,0.37,0.15,0.6,0.4,0.0,4.569619603168461,0.2078995034128659,120.1093855014548,0.0,1.0,0.602774713795833,0.0,10,4.569619603168461,0.19203583276109382,119.52297722918112,4.685135597047089,0.2078995034128659,120.49582539094442,0.11551599387862765,0.015863670651772077,0.9728481617632951,T5.5d_frozen_regression
rough_seed_10,14,wm080_ws020_we000,1,0.8,0.2,0.0,lm080_ls020_le000,0.59,0.26,0.15,0.8,0.2,0.0,4.576239499881036,0.19901623297028015,119.52297722918112,0.0573071874318159,0.4400242770046777,0.0,0.08934336145439944,10,4.569619603168461,0.19203583276109382,119.52297722918112,4.685135597047089,0.2078995034128659,120.49582539094442,0.11551599387862765,0.015863670651772077,0.9728481617632951,T5.5d_frozen_regression
rough_seed_10,14,wm080_ws000_we020,2,0.8,0.0,0.2,lm100_ls000_le000,0.7,0.15,0.15,1.0,0.0,0.0,4.570768597586306,0.20654600779568358,119.65438407566458,0.009946626257242849,0.9146795437894999,0.13507436375814466,0.027364594489203167,10,4.569619603168461,0.19203583276109382,119.52297722918112,4.685135597047089,0.2078995034128659,120.49582539094442,0.11551599387862765,0.015863670651772077,0.9728481617632951,T5.5d_frozen_regression
rough_seed_10,14,wm060_ws040_we000,3,0.6,0.4,0.0,lm080_ls000_le020,0.59,0.15,0.26,0.8,0.0,0.2,4.597349813957931,0.19714586609892165,119.89064264671882,0.24005516343135588,0.32212174912097097,0.3779268255709065,0.14676191603588556,10,4.569619603168461,0.19203583276109382,119.52297722918112,4.685135597047089,0.2078995034128659,120.49582539094442,0.11551599387862765,0.015863670651772077,0.9728481617632951,T5.5d_frozen_regression
rough_seed_10,14,wm060_ws020_we020,4,0.6,0.2,0.2,lm080_ls020_le000,0.59,0.26,0.15,0.8,0.2,0.0,4.576239499881036,0.19901623297028015,119.52297722918112,0.0573071874318159,0.4400242770046777,0.0,0.0892287470795358,10,4.569619603168461,0.19203583276109382,119.52297722918112,4.685135597047089,0.2078995034128659,120.49582539094442,0.11551599387862765,0.015863670651772077,0.9728481617632951,T5.5d_frozen_regression
rough_seed_10,14,wm060_ws000_we040,5,0.6,0.0,0.4,lm080_ls020_le000,0.59,0.26,0.15,0.8,0.2,0.0,4.576239499881036,0.19901623297028015,119.52297722918112,0.0573071874318159,0.4400242770046777,0.0,0.034728155583680434,10,4.569619603168461,0.19203583276109382,119.52297722918112,4.685135597047089,0.2078995034128659,120.49582539094442,0.11551599387862765,0.015863670651772077,0.9728481617632951,T5.5d_frozen_regression
rough_seed_10,14,wm040_ws060_we000,6,0.4,0.6,0.0,lm020_ls040_le040,0.26,0.36999999999999994,0.37,0.2,0.4,0.4,4.612222633699654,0.19624613546259098,119.82066758581671,0.3688063366875006,0.26540532729900357,0.30599878617853193,0.16231085368994616,10,4.569619603168461,0.19203583276109382,119.52297722918112,4.685135597047089,0.2078995034128659,120.49582539094442,0.11551599387862765,0.015863670651772077,0.9728481617632951,T5.5d_frozen_regression
rough_seed_10,14,wm040_ws040_we020,7,0.4,0.4,0.2,lm060_ls020_le020,0.48,0.26,0.26,0.6,0.2,0.2,4.60080706113485,0.19676610497087565,119.65013952061307,0.2699838950367083,0.29818270396665325,0.13071134471946888,0.12180717067211369,10,4.569619603168461,0.19203583276109382,119.52297722918112,4.685135597047089,0.2078995034128659,120.49582539094442,0.11551599387862765,0.015863670651772077,0.9728481617632951,T5.5d_frozen_regression
rough_seed_10,14,wm040_ws020_we040,8,0.4,0.2,0.4,lm080_ls020_le000,0.59,0.26,0.15,0.8,0.2,0.0,4.576239499881036,0.19901623297028015,119.52297722918112,0.0573071874318159,0.4400242770046777,0.0,0.08911413270467218,10,4.569619603168461,0.19203583276109382,119.52297722918112,4.685135597047089,0.2078995034128659,120.49582539094442,0.11551599387862765,0.015863670651772077,0.9728481617632951,T5.5d_frozen_regression
rough_seed_10,14,wm040_ws000_we060,9,0.4,0.0,0.6,lm080_ls020_le000,0.59,0.26,0.15,0.8,0.2,0.0,4.576239499881036,0.19901623297028015,119.52297722918112,0.0573071874318159,0.4400242770046777,0.0,0.023152103722453625,10,4.569619603168461,0.19203583276109382,119.52297722918112,4.685135597047089,0.2078995034128659,120.49582539094442,0.11551599387862765,0.015863670651772077,0.9728481617632951,T5.5d_frozen_regression
rough_seed_10,14,wm020_ws080_we000,10,0.2,0.8,0.0,lm040_ls000_le060,0.37,0.15,0.48,0.4,0.0,0.6,4.623341797005076,0.19503433081278268,120.06042649969177,0.46506281972573055,0.1890166606146675,0.5524492841066975,0.1536555874161028,10,4.569619603168461,0.19203583276109382,119.52297722918112,4.685135597047089,0.2078995034128659,120.49582539094442,0.11551599387862765,0.015863670651772077,0.9728481617632951,T5.5d_frozen_regression
rough_seed_10,14,wm020_ws060_we020,11,0.2,0.6,0.2,lm040_ls000_le060,0.37,0.15,0.48,0.4,0.0,0.6,4.623341797005076,0.19503433081278268,120.06042649969177,0.46506281972573055,0.1890166606146675,0.5524492841066975,0.11657912054015335,10,4.569619603168461,0.19203583276109382,119.52297722918112,4.685135597047089,0.2078995034128659,120.49582539094442,0.11551599387862765,0.015863670651772077,0.9728481617632951,T5.5d_frozen_regression
rough_seed_10,14,wm020_ws040_we040,12,0.2,0.4,0.4,lm060_ls020_le020,0.48,0.26,0.26,0.6,0.2,0.2,4.60080706113485,0.19676610497087565,119.65013952061307,0.2699838950367083,0.29818270396665325,0.13071134471946888,0.12152862557147921,10,4.569619603168461,0.19203583276109382,119.52297722918112,4.685135597047089,0.2078995034128659,120.49582539094442,0.11551599387862765,0.015863670651772077,0.9728481617632951,T5.5d_frozen_regression
rough_seed_10,14,wm020_ws020_we060,13,0.2,0.2,0.6,lm060_ls020_le020,0.48,0.26,0.26,0.6,0.2,0.2,4.60080706113485,0.19676610497087565,119.65013952061307,0.2699838950367083,0.29818270396665325,0.13071134471946888,0.08034740809800486,10,4.569619603168461,0.19203583276109382,119.52297722918112,4.685135597047089,0.2078995034128659,120.49582539094442,0.11551599387862765,0.015863670651772077,0.9728481617632951,T5.5d_frozen_regression
rough_seed_10,14,wm020_ws000_we080,14,0.2,0.0,0.8,lm080_ls020_le000,0.59,0.26,0.15,0.8,0.2,0.0,4.576239499881036,0.19901623297028015,119.52297722918112,0.0573071874318159,0.4400242770046777,0.0,0.011576051861226812,10,4.569619603168461,0.19203583276109382,119.52297722918112,4.685135597047089,0.2078995034128659,120.49582539094442,0.11551599387862765,0.015863670651772077,0.9728481617632951,T5.5d_frozen_regression
rough_seed_10,14,wm000_ws100_we000,15,0.0,1.0,0.0,lm000_ls000_le100,0.15,0.15,0.7,0.0,0.0,1.0,4.685135597047089,0.19203583276109382,120.49582539094442,1.0,0.0,1.0,0.0,10,4.569619603168461,0.19203583276109382,119.52297722918112,4.685135597047089,0.2078995034128659,120.49582539094442,0.11551599387862765,0.015863670651772077,0.9728481617632951,T5.5d_frozen_regression
rough_seed_10,14,wm000_ws080_we020,16,0.0,0.8,0.2,lm040_ls000_le060,0.37,0.15,0.48,0.4,0.0,0.6,4.623341797005076,0.19503433081278268,120.06042649969177,0.46506281972573055,0.1890166606146675,0.5524492841066975,0.15383036034486472,10,4.569619603168461,0.19203583276109382,119.52297722918112,4.685135597047089,0.2078995034128659,120.49582539094442,0.11551599387862765,0.015863670651772077,0.9728481617632951,T5.5d_frozen_regression
rough_seed_10,14,wm000_ws060_we040,17,0.0,0.6,0.4,lm020_ls040_le040,0.26,0.36999999999999994,0.37,0.2,0.4,0.4,4.612222633699654,0.19624613546259098,119.82066758581671,0.3688063366875006,0.26540532729900357,0.30599878617853193,0.16205962348791028,10,4.569619603168461,0.19203583276109382,119.52297722918112,4.685135597047089,0.2078995034128659,120.49582539094442,0.11551599387862765,0.015863670651772077,0.9728481617632951,T5.5d_frozen_regression
rough_seed_10,14,wm000_ws040_we060,18,0.0,0.4,0.6,lm060_ls020_le020,0.48,0.26,0.26,0.6,0.2,0.2,4.60080706113485,0.19676610497087565,119.65013952061307,0.2699838950367083,0.29818270396665325,0.13071134471946888,0.12125008047084473,10,4.569619603168461,0.19203583276109382,119.52297722918112,4.685135597047089,0.2078995034128659,120.49582539094442,0.11551599387862765,0.015863670651772077,0.9728481617632951,T5.5d_frozen_regression
rough_seed_10,14,wm000_ws020_we080,19,0.0,0.2,0.8,lm080_ls020_le000,0.59,0.26,0.15,0.8,0.2,0.0,4.576239499881036,0.19901623297028015,119.52297722918112,0.0573071874318159,0.4400242770046777,0.0,0.08888490395494492,10,4.569619603168461,0.19203583276109382,119.52297722918112,4.685135597047089,0.2078995034128659,120.49582539094442,0.11551599387862765,0.015863670651772077,0.9728481617632951,T5.5d_frozen_regression
rough_seed_10,14,wm000_ws000_we100,20,0.0,0.0,1.0,lm080_ls020_le000,0.59,0.26,0.15,0.8,0.2,0.0,4.576239499881036,0.19901623297028015,119.52297722918112,0.0573071874318159,0.4400242770046777,0.0,0.0,10,4.569619603168461,0.19203583276109382,119.52297722918112,4.685135597047089,0.2078995034128659,120.49582539094442,0.11551599387862765,0.015863670651772077,0.9728481617632951,T5.5d_frozen_regression
rough_seed_10,14,balanced,21,0.3333333333333333,0.3333333333333333,0.3333333333333333,lm060_ls020_le020,0.48,0.26,0.26,0.6,0.2,0.2,4.60080706113485,0.19676610497087565,119.65013952061307,0.2699838950367083,0.29818270396665325,0.13071134471946888,0.10172382780129385,10,4.569619603168461,0.19203583276109382,119.52297722918112,4.685135597047089,0.2078995034128659,120.49582539094442,0.11551599387862765,0.015863670651772077,0.9728481617632951,T5.5d_frozen_regression
rough_seed_10,14,motion,22,0.7,0.15,0.15,lm080_ls020_le000,0.59,0.26,0.15,0.8,0.2,0.0,4.576239499881036,0.19901623297028015,119.52297722918112,0.0573071874318159,0.4400242770046777,0.0,0.06706482827823138,10,4.569619603168461,0.19203583276109382,119.52297722918112,4.685135597047089,0.2078995034128659,120.49582539094442,0.11551599387862765,0.015863670651772077,0.9728481617632951,T5.5d_frozen_regression
rough_seed_10,14,stability,23,0.15,0.7,0.15,lm040_ls000_le060,0.37,0.15,0.48,0.4,0.0,0.6,4.623341797005076,0.19503433081278268,120.06042649969177,0.46506281972573055,0.1890166606146675,0.5524492841066975,0.13516104721031855,10,4.569619603168461,0.19203583276109382,119.52297722918112,4.685135597047089,0.2078995034128659,120.49582539094442,0.11551599387862765,0.015863670651772077,0.9728481617632951,T5.5d_frozen_regression
rough_seed_10,14,energy,24,0.15,0.15,0.7,lm080_ls020_le000,0.59,0.26,0.15,0.8,0.2,0.0,4.576239499881036,0.19901623297028015,119.52297722918112,0.0573071874318159,0.4400242770046777,0.0,0.0667496387473564,10,4.569619603168461,0.19203583276109382,119.52297722918112,4.685135597047089,0.2078995034128659,120.49582539094442,0.11551599387862765,0.015863670651772077,0.9728481617632951,T5.5d_frozen_regression
rough_seed_8,15,wm100_ws000_we000,0,1.0,0.0,0.0,lm080_ls020_le000,0.59,0.26,0.15,0.8,0.2,0.0,4.444756142384128,0.33030354465182266,129.48644624186608,0.0,0.0,1.0,0.0,3,4.444756142384128,0.33030354465182266,129.06596190712793,4.456594925914559,0.33596916088580847,129.48644624186608,0.011838783530430774,0.005665616233985815,0.4204843347381484,T5.5d_frozen_regression
rough_seed_8,15,wm080_ws020_we000,1,0.8,0.2,0.0,lm080_ls020_le000,0.59,0.26,0.15,0.8,0.2,0.0,4.444756142384128,0.33030354465182266,129.48644624186608,0.0,0.0,1.0,0.0,3,4.444756142384128,0.33030354465182266,129.06596190712793,4.456594925914559,0.33596916088580847,129.48644624186608,0.011838783530430774,0.005665616233985815,0.4204843347381484,T5.5d_frozen_regression
rough_seed_8,15,wm080_ws000_we020,2,0.8,0.0,0.2,lm100_ls000_le000,0.7,0.15,0.15,1.0,0.0,0.0,4.447584354173404,0.33596916088580847,129.17338671119546,0.23889378347076154,1.0,0.25547873057965836,0.19353713450553464,3,4.444756142384128,0.33030354465182266,129.06596190712793,4.456594925914559,0.33596916088580847,129.48644624186608,0.011838783530430774,0.005665616233985815,0.4204843347381484,T5.5d_frozen_regression
rough_seed_8,15,wm060_ws040_we000,3,0.6,0.4,0.0,lm080_ls020_le000,0.59,0.26,0.15,0.8,0.2,0.0,4.444756142384128,0.33030354465182266,129.48644624186608,0.0,0.0,1.0,0.0,3,4.444756142384128,0.33030354465182266,129.06596190712793,4.456594925914559,0.33596916088580847,129.48644624186608,0.011838783530430774,0.005665616233985815,0.4204843347381484,T5.5d_frozen_regression
rough_seed_8,15,wm060_ws020_we020,4,0.6,0.2,0.2,lm080_ls020_le000,0.59,0.26,0.15,0.8,0.2,0.0,4.444756142384128,0.33030354465182266,129.48644624186608,0.0,0.0,1.0,0.202,3,4.444756142384128,0.33030354465182266,129.06596190712793,4.456594925914559,0.33596916088580847,129.48644624186608,0.011838783530430774,0.005665616233985815,0.4204843347381484,T5.5d_frozen_regression
rough_seed_8,15,wm060_ws000_we040,5,0.6,0.0,0.4,lm100_ls000_le000,0.7,0.15,0.15,1.0,0.0,0.0,4.447584354173404,0.33596916088580847,129.17338671119546,0.23889378347076154,1.0,0.25547873057965836,0.14579154770560013,3,4.444756142384128,0.33030354465182266,129.06596190712793,4.456594925914559,0.33596916088580847,129.48644624186608,0.011838783530430774,0.005665616233985815,0.4204843347381484,T5.5d_frozen_regression
rough_seed_8,15,wm040_ws060_we000,6,0.4,0.6,0.0,lm080_ls020_le000,0.59,0.26,0.15,0.8,0.2,0.0,4.444756142384128,0.33030354465182266,129.48644624186608,0.0,0.0,1.0,0.0,3,4.444756142384128,0.33030354465182266,129.06596190712793,4.456594925914559,0.33596916088580847,129.48644624186608,0.011838783530430774,0.005665616233985815,0.4204843347381484,T5.5d_frozen_regression
rough_seed_8,15,wm040_ws040_we020,7,0.4,0.4,0.2,lm080_ls020_le000,0.59,0.26,0.15,0.8,0.2,0.0,4.444756142384128,0.33030354465182266,129.48644624186608,0.0,0.0,1.0,0.202,3,4.444756142384128,0.33030354465182266,129.06596190712793,4.456594925914559,0.33596916088580847,129.48644624186608,0.011838783530430774,0.005665616233985815,0.4204843347381484,T5.5d_frozen_regression
rough_seed_8,15,wm040_ws020_we040,8,0.4,0.2,0.4,lm100_ls000_le000,0.7,0.15,0.15,1.0,0.0,0.0,4.447584354173404,0.33596916088580847,129.17338671119546,0.23889378347076154,1.0,0.25547873057965836,0.2039774900562017,3,4.444756142384128,0.33030354465182266,129.06596190712793,4.456594925914559,0.33596916088580847,129.48644624186608,0.011838783530430774,0.005665616233985815,0.4204843347381484,T5.5d_frozen_regression
rough_seed_8,15,wm040_ws000_we060,9,0.4,0.0,0.6,lm100_ls000_le000,0.7,0.15,0.15,1.0,0.0,0.0,4.447584354173404,0.33596916088580847,129.17338671119546,0.23889378347076154,1.0,0.25547873057965836,0.155775685865156,3,4.444756142384128,0.33030354465182266,129.06596190712793,4.456594925914559,0.33596916088580847,129.48644624186608,0.011838783530430774,0.005665616233985815,0.4204843347381484,T5.5d_frozen_regression
rough_seed_8,15,wm020_ws080_we000,10,0.2,0.8,0.0,lm080_ls020_le000,0.59,0.26,0.15,0.8,0.2,0.0,4.444756142384128,0.33030354465182266,129.48644624186608,0.0,0.0,1.0,0.0,3,4.444756142384128,0.33030354465182266,129.06596190712793,4.456594925914559,0.33596916088580847,129.48644624186608,0.011838783530430774,0.005665616233985815,0.4204843347381484,T5.5d_frozen_regression
rough_seed_8,15,wm020_ws060_we020,11,0.2,0.6,0.2,lm080_ls020_le000,0.59,0.26,0.15,0.8,0.2,0.0,4.444756142384128,0.33030354465182266,129.48644624186608,0.0,0.0,1.0,0.202,3,4.444756142384128,0.33030354465182266,129.06596190712793,4.456594925914559,0.33596916088580847,129.48644624186608,0.011838783530430774,0.005665616233985815,0.4204843347381484,T5.5d_frozen_regression
rough_seed_8,15,wm020_ws040_we040,12,0.2,0.4,0.4,lm040_ls060_le000,0.37,0.48,0.15,0.4,0.6,0.0,4.456594925914559,0.3342342386703735,129.06596190712793,1.0,0.6937804920446508,0.0,0.2822873187860389,3,4.444756142384128,0.33030354465182266,129.06596190712793,4.456594925914559,0.33596916088580847,129.48644624186608,0.011838783530430774,0.005665616233985815,0.4204843347381484,T5.5d_frozen_regression
rough_seed_8,15,wm020_ws020_we060,13,0.2,0.2,0.6,lm040_ls060_le000,0.37,0.48,0.15,0.4,0.6,0.0,4.456594925914559,0.3342342386703735,129.06596190712793,1.0,0.6937804920446508,0.0,0.2033875609840893,3,4.444756142384128,0.33030354465182266,129.06596190712793,4.456594925914559,0.33596916088580847,129.48644624186608,0.011838783530430774,0.005665616233985815,0.4204843347381484,T5.5d_frozen_regression
rough_seed_8,15,wm020_ws000_we080,14,0.2,0.0,0.8,lm040_ls060_le000,0.37,0.48,0.15,0.4,0.6,0.0,4.456594925914559,0.3342342386703735,129.06596190712793,1.0,0.6937804920446508,0.0,0.202,3,4.444756142384128,0.33030354465182266,129.06596190712793,4.456594925914559,0.33596916088580847,129.48644624186608,0.011838783530430774,0.005665616233985815,0.4204843347381484,T5.5d_frozen_regression
rough_seed_8,15,wm000_ws100_we000,15,0.0,1.0,0.0,lm080_ls020_le000,0.59,0.26,0.15,0.8,0.2,0.0,4.444756142384128,0.33030354465182266,129.48644624186608,0.0,0.0,1.0,0.0,3,4.444756142384128,0.33030354465182266,129.06596190712793,4.456594925914559,0.33596916088580847,129.48644624186608,0.011838783530430774,0.005665616233985815,0.4204843347381484,T5.5d_frozen_regression
rough_seed_8,15,wm000_ws080_we020,16,0.0,0.8,0.2,lm080_ls020_le000,0.59,0.26,0.15,0.8,0.2,0.0,4.444756142384128,0.33030354465182266,129.48644624186608,0.0,0.0,1.0,0.202,3,4.444756142384128,0.33030354465182266,129.06596190712793,4.456594925914559,0.33596916088580847,129.48644624186608,0.011838783530430774,0.005665616233985815,0.4204843347381484,T5.5d_frozen_regression
rough_seed_8,15,wm000_ws060_we040,17,0.0,0.6,0.4,lm080_ls020_le000,0.59,0.26,0.15,0.8,0.2,0.0,4.444756142384128,0.33030354465182266,129.48644624186608,0.0,0.0,1.0,0.404,3,4.444756142384128,0.33030354465182266,129.06596190712793,4.456594925914559,0.33596916088580847,129.48644624186608,0.011838783530430774,0.005665616233985815,0.4204843347381484,T5.5d_frozen_regression
rough_seed_8,15,wm000_ws040_we060,18,0.0,0.4,0.6,lm040_ls060_le000,0.37,0.48,0.15,0.4,0.6,0.0,4.456594925914559,0.3342342386703735,129.06596190712793,1.0,0.6937804920446508,0.0,0.2802873187860389,3,4.444756142384128,0.33030354465182266,129.06596190712793,4.456594925914559,0.33596916088580847,129.48644624186608,0.011838783530430774,0.005665616233985815,0.4204843347381484,T5.5d_frozen_regression
rough_seed_8,15,wm000_ws020_we080,19,0.0,0.2,0.8,lm040_ls060_le000,0.37,0.48,0.15,0.4,0.6,0.0,4.456594925914559,0.3342342386703735,129.06596190712793,1.0,0.6937804920446508,0.0,0.14014365939301945,3,4.444756142384128,0.33030354465182266,129.06596190712793,4.456594925914559,0.33596916088580847,129.48644624186608,0.011838783530430774,0.005665616233985815,0.4204843347381484,T5.5d_frozen_regression
rough_seed_8,15,wm000_ws000_we100,20,0.0,0.0,1.0,lm040_ls060_le000,0.37,0.48,0.15,0.4,0.6,0.0,4.456594925914559,0.3342342386703735,129.06596190712793,1.0,0.6937804920446508,0.0,0.0,3,4.444756142384128,0.33030354465182266,129.06596190712793,4.456594925914559,0.33596916088580847,129.48644624186608,0.011838783530430774,0.005665616233985815,0.4204843347381484,T5.5d_frozen_regression
rough_seed_8,15,balanced,21,0.3333333333333333,0.3333333333333333,0.3333333333333333,lm080_ls020_le000,0.59,0.26,0.15,0.8,0.2,0.0,4.444756142384128,0.33030354465182266,129.48644624186608,0.0,0.0,1.0,0.33666666666666667,3,4.444756142384128,0.33030354465182266,129.06596190712793,4.456594925914559,0.33596916088580847,129.48644624186608,0.011838783530430774,0.005665616233985815,0.4204843347381484,T5.5d_frozen_regression
rough_seed_8,15,motion,22,0.7,0.15,0.15,lm080_ls020_le000,0.59,0.26,0.15,0.8,0.2,0.0,4.444756142384128,0.33030354465182266,129.48644624186608,0.0,0.0,1.0,0.1515,3,4.444756142384128,0.33030354465182266,129.06596190712793,4.456594925914559,0.33596916088580847,129.48644624186608,0.011838783530430774,0.005665616233985815,0.4204843347381484,T5.5d_frozen_regression
rough_seed_8,15,stability,23,0.15,0.7,0.15,lm080_ls020_le000,0.59,0.26,0.15,0.8,0.2,0.0,4.444756142384128,0.33030354465182266,129.48644624186608,0.0,0.0,1.0,0.1515,3,4.444756142384128,0.33030354465182266,129.06596190712793,4.456594925914559,0.33596916088580847,129.48644624186608,0.011838783530430774,0.005665616233985815,0.4204843347381484,T5.5d_frozen_regression
rough_seed_8,15,energy,24,0.15,0.15,0.7,lm040_ls060_le000,0.37,0.48,0.15,0.4,0.6,0.0,4.456594925914559,0.3342342386703735,129.06596190712793,1.0,0.6937804920446508,0.0,0.15254067073806696,3,4.444756142384128,0.33030354465182266,129.06596190712793,4.456594925914559,0.33596916088580847,129.48644624186608,0.011838783530430774,0.005665616233985815,0.4204843347381484,T5.5d_frozen_regression
rough_seed_22,16,wm100_ws000_we000,0,1.0,0.0,0.0,lm100_ls000_le000,0.7,0.15,0.15,1.0,0.0,0.0,4.456161709144545,0.2964430835008966,129.28814709489995,0.0,1.0,1.0,0.0,5,4.456161709144545,0.2918907353996407,128.5473484424561,4.502268904095968,0.2964430835008966,129.28814709489995,0.046107194951423125,0.004552348101255876,0.740798652443857,T5.5d_frozen_regression
rough_seed_22,16,wm080_ws020_we000,1,0.8,0.2,0.0,lm080_ls020_le000,0.59,0.26,0.15,0.8,0.2,0.0,4.456668388036517,0.2963974944787562,129.2842094569742,0.010989150229293988,0.989985602786431,0.9946846043621045,0.20006500496469343,5,4.456161709144545,0.2918907353996407,128.5473484424561,4.502268904095968,0.2964430835008966,129.28814709489995,0.046107194951423125,0.004552348101255876,0.740798652443857,T5.5d_frozen_regression
rough_seed_22,16,wm080_ws000_we020,2,0.8,0.0,0.2,lm080_ls020_le000,0.59,0.26,0.15,0.8,0.2,0.0,4.456668388036517,0.2963974944787562,129.2842094569742,0.010989150229293988,0.989985602786431,0.9946846043621045,0.20101420328297948,5,4.456161709144545,0.2918907353996407,128.5473484424561,4.502268904095968,0.2964430835008966,129.28814709489995,0.046107194951423125,0.004552348101255876,0.740798652443857,T5.5d_frozen_regression
rough_seed_22,16,wm060_ws040_we000,3,0.6,0.4,0.0,lm080_ls000_le020,0.59,0.15,0.26,0.8,0.0,0.2,4.470183615390527,0.29495220848078,129.24610823731513,0.30411536118724497,0.672504169945773,0.9432519788661281,0.2735163768252158,5,4.456161709144545,0.2918907353996407,128.5473484424561,4.502268904095968,0.2964430835008966,129.28814709489995,0.046107194951423125,0.004552348101255876,0.740798652443857,T5.5d_frozen_regression
rough_seed_22,16,wm060_ws020_we020,4,0.6,0.2,0.2,lm080_ls000_le020,0.59,0.15,0.26,0.8,0.0,0.2,4.470183615390527,0.29495220848078,129.24610823731513,0.30411536118724497,0.672504169945773,0.9432519788661281,0.1937066002379729,5,4.456161709144545,0.2918907353996407,128.5473484424561,4.502268904095968,0.2964430835008966,129.28814709489995,0.046107194951423125,0.004552348101255876,0.740798652443857,T5.5d_frozen_regression
rough_seed_22,16,wm060_ws000_we040,5,0.6,0.0,0.4,lm040_ls040_le020,0.37,0.37,0.26,0.4,0.4,0.2,4.479937564591411,0.29399359329797875,128.9740738343802,0.5156647562688486,0.46192818553526344,0.576034244279939,0.31479697927604194,5,4.456161709144545,0.2918907353996407,128.5473484424561,4.502268904095968,0.2964430835008966,129.28814709489995,0.046107194951423125,0.004552348101255876,0.740798652443857,T5.5d_frozen_regression
rough_seed_22,16,wm040_ws060_we000,6,0.4,0.6,0.0,lm040_ls040_le020,0.37,0.37,0.26,0.4,0.4,0.2,4.479937564591411,0.29399359329797875,128.9740738343802,0.5156647562688486,0.46192818553526344,0.576034244279939,0.28199113945944504,5,4.456161709144545,0.2918907353996407,128.5473484424561,4.502268904095968,0.2964430835008966,129.28814709489995,0.046107194951423125,0.004552348101255876,0.740798652443857,T5.5d_frozen_regression
rough_seed_22,16,wm040_ws040_we020,7,0.4,0.4,0.2,lm040_ls040_le020,0.37,0.37,0.26,0.4,0.4,0.2,4.479937564591411,0.29399359329797875,128.9740738343802,0.5156647562688486,0.46192818553526344,0.576034244279939,0.21132834276331575,5,4.456161709144545,0.2918907353996407,128.5473484424561,4.502268904095968,0.2964430835008966,129.28814709489995,0.046107194951423125,0.004552348101255876,0.740798652443857,T5.5d_frozen_regression
rough_seed_22,16,wm040_ws020_we040,8,0.4,0.2,0.4,lm040_ls040_le020,0.37,0.37,0.26,0.4,0.4,0.2,4.479937564591411,0.29399359329797875,128.9740738343802,0.5156647562688486,0.46192818553526344,0.576034244279939,0.2357043500852413,5,4.456161709144545,0.2918907353996407,128.5473484424561,4.502268904095968,0.2964430835008966,129.28814709489995,0.046107194951423125,0.004552348101255876,0.740798652443857,T5.5d_frozen_regression
rough_seed_22,16,wm040_ws000_we060,9,0.4,0.0,0.6,lm040_ls040_le020,0.37,0.37,0.26,0.4,0.4,0.2,4.479937564591411,0.29399359329797875,128.9740738343802,0.5156647562688486,0.46192818553526344,0.576034244279939,0.3511394110587184,5,4.456161709144545,0.2918907353996407,128.5473484424561,4.502268904095968,0.2964430835008966,129.28814709489995,0.046107194951423125,0.004552348101255876,0.740798652443857,T5.5d_frozen_regression
rough_seed_22,16,wm020_ws080_we000,10,0.2,0.8,0.0,lm040_ls020_le040,0.36999999999999994,0.26,0.37,0.4,0.2,0.4,4.502268904095968,0.2918907353996407,128.5473484424561,1.0,0.0,0.0,0.202,5,4.456161709144545,0.2918907353996407,128.5473484424561,4.502268904095968,0.2964430835008966,129.28814709489995,0.046107194951423125,0.004552348101255876,0.740798652443857,T5.5d_frozen_regression
rough_seed_22,16,wm020_ws060_we020,11,0.2,0.6,0.2,lm040_ls020_le040,0.36999999999999994,0.26,0.37,0.4,0.2,0.4,4.502268904095968,0.2918907353996407,128.5473484424561,1.0,0.0,0.0,0.202,5,4.456161709144545,0.2918907353996407,128.5473484424561,4.502268904095968,0.2964430835008966,129.28814709489995,0.046107194951423125,0.004552348101255876,0.740798652443857,T5.5d_frozen_regression
rough_seed_22,16,wm020_ws040_we040,12,0.2,0.4,0.4,lm040_ls020_le040,0.36999999999999994,0.26,0.37,0.4,0.2,0.4,4.502268904095968,0.2918907353996407,128.5473484424561,1.0,0.0,0.0,0.202,5,4.456161709144545,0.2918907353996407,128.5473484424561,4.502268904095968,0.2964430835008966,129.28814709489995,0.046107194951423125,0.004552348101255876,0.740798652443857,T5.5d_frozen_regression
rough_seed_22,16,wm020_ws020_we060,13,0.2,0.2,0.6,lm040_ls020_le040,0.36999999999999994,0.26,0.37,0.4,0.2,0.4,4.502268904095968,0.2918907353996407,128.5473484424561,1.0,0.0,0.0,0.202,5,4.456161709144545,0.2918907353996407,128.5473484424561,4.502268904095968,0.2964430835008966,129.28814709489995,0.046107194951423125,0.004552348101255876,0.740798652443857,T5.5d_frozen_regression
rough_seed_22,16,wm020_ws000_we080,14,0.2,0.0,0.8,lm040_ls020_le040,0.36999999999999994,0.26,0.37,0.4,0.2,0.4,4.502268904095968,0.2918907353996407,128.5473484424561,1.0,0.0,0.0,0.202,5,4.456161709144545,0.2918907353996407,128.5473484424561,4.502268904095968,0.2964430835008966,129.28814709489995,0.046107194951423125,0.004552348101255876,0.740798652443857,T5.5d_frozen_regression
rough_seed_22,16,wm000_ws100_we000,15,0.0,1.0,0.0,lm040_ls020_le040,0.36999999999999994,0.26,0.37,0.4,0.2,0.4,4.502268904095968,0.2918907353996407,128.5473484424561,1.0,0.0,0.0,0.0,5,4.456161709144545,0.2918907353996407,128.5473484424561,4.502268904095968,0.2964430835008966,129.28814709489995,0.046107194951423125,0.004552348101255876,0.740798652443857,T5.5d_frozen_regression
rough_seed_22,16,wm000_ws080_we020,16,0.0,0.8,0.2,lm040_ls020_le040,0.36999999999999994,0.26,0.37,0.4,0.2,0.4,4.502268904095968,0.2918907353996407,128.5473484424561,1.0,0.0,0.0,0.0,5,4.456161709144545,0.2918907353996407,128.5473484424561,4.502268904095968,0.2964430835008966,129.28814709489995,0.046107194951423125,0.004552348101255876,0.740798652443857,T5.5d_frozen_regression
rough_seed_22,16,wm000_ws060_we040,17,0.0,0.6,0.4,lm040_ls020_le040,0.36999999999999994,0.26,0.37,0.4,0.2,0.4,4.502268904095968,0.2918907353996407,128.5473484424561,1.0,0.0,0.0,0.0,5,4.456161709144545,0.2918907353996407,128.5473484424561,4.502268904095968,0.2964430835008966,129.28814709489995,0.046107194951423125,0.004552348101255876,0.740798652443857,T5.5d_frozen_regression
rough_seed_22,16,wm000_ws040_we060,18,0.0,0.4,0.6,lm040_ls020_le040,0.36999999999999994,0.26,0.37,0.4,0.2,0.4,4.502268904095968,0.2918907353996407,128.5473484424561,1.0,0.0,0.0,0.0,5,4.456161709144545,0.2918907353996407,128.5473484424561,4.502268904095968,0.2964430835008966,129.28814709489995,0.046107194951423125,0.004552348101255876,0.740798652443857,T5.5d_frozen_regression
rough_seed_22,16,wm000_ws020_we080,19,0.0,0.2,0.8,lm040_ls020_le040,0.36999999999999994,0.26,0.37,0.4,0.2,0.4,4.502268904095968,0.2918907353996407,128.5473484424561,1.0,0.0,0.0,0.0,5,4.456161709144545,0.2918907353996407,128.5473484424561,4.502268904095968,0.2964430835008966,129.28814709489995,0.046107194951423125,0.004552348101255876,0.740798652443857,T5.5d_frozen_regression
rough_seed_22,16,wm000_ws000_we100,20,0.0,0.0,1.0,lm040_ls020_le040,0.36999999999999994,0.26,0.37,0.4,0.2,0.4,4.502268904095968,0.2918907353996407,128.5473484424561,1.0,0.0,0.0,0.0,5,4.456161709144545,0.2918907353996407,128.5473484424561,4.502268904095968,0.2964430835008966,129.28814709489995,0.046107194951423125,0.004552348101255876,0.740798652443857,T5.5d_frozen_regression
rough_seed_22,16,balanced,21,0.3333333333333333,0.3333333333333333,0.3333333333333333,lm040_ls040_le020,0.37,0.37,0.26,0.4,0.4,0.2,4.479937564591411,0.29399359329797875,128.9740738343802,0.5156647562688486,0.46192818553526344,0.576034244279939,0.1971901720469265,5,4.456161709144545,0.2918907353996407,128.5473484424561,4.502268904095968,0.2964430835008966,129.28814709489995,0.046107194951423125,0.004552348101255876,0.740798652443857,T5.5d_frozen_regression
rough_seed_22,16,motion,22,0.7,0.15,0.15,lm080_ls020_le000,0.59,0.26,0.15,0.8,0.2,0.0,4.456668388036517,0.2963974944787562,129.2842094569742,0.010989150229293988,0.989985602786431,0.9946846043621045,0.15225662001664353,5,4.456161709144545,0.2918907353996407,128.5473484424561,4.502268904095968,0.2964430835008966,129.28814709489995,0.046107194951423125,0.004552348101255876,0.740798652443857,T5.5d_frozen_regression
rough_seed_22,16,stability,23,0.15,0.7,0.15,lm040_ls020_le040,0.36999999999999994,0.26,0.37,0.4,0.2,0.4,4.502268904095968,0.2918907353996407,128.5473484424561,1.0,0.0,0.0,0.1515,5,4.456161709144545,0.2918907353996407,128.5473484424561,4.502268904095968,0.2964430835008966,129.28814709489995,0.046107194951423125,0.004552348101255876,0.740798652443857,T5.5d_frozen_regression
rough_seed_22,16,energy,24,0.15,0.15,0.7,lm040_ls020_le040,0.36999999999999994,0.26,0.37,0.4,0.2,0.4,4.502268904095968,0.2918907353996407,128.5473484424561,1.0,0.0,0.0,0.1515,5,4.456161709144545,0.2918907353996407,128.5473484424561,4.502268904095968,0.2964430835008966,129.28814709489995,0.046107194951423125,0.004552348101255876,0.740798652443857,T5.5d_frozen_regression
rough_seed_20,17,wm100_ws000_we000,0,1.0,0.0,0.0,lm100_ls000_le000,0.7,0.15,0.15,1.0,0.0,0.0,4.632606806971819,0.22774435576043645,124.89680162820964,0.0,0.9724201115942989,1.0,0.0,10,4.632606806971819,0.2206061137984559,123.5643306903904,4.773834436644039,0.22794681138057118,124.89680162820964,0.1412276296722199,0.00734069758211528,1.332470937819238,T5.5d_frozen_regression
rough_seed_20,17,wm080_ws020_we000,1,0.8,0.2,0.0,lm080_ls000_le020,0.59,0.15,0.26,0.8,0.0,0.2,4.653643761720578,0.2256445447741865,124.09587526982506,0.1489577839519375,0.686369506354017,0.39891645239527207,0.13983830255512691,10,4.632606806971819,0.2206061137984559,123.5643306903904,4.773834436644039,0.22794681138057118,124.89680162820964,0.1412276296722199,0.00734069758211528,1.332470937819238,T5.5d_frozen_regression
rough_seed_20,17,wm080_ws000_we020,2,0.8,0.0,0.2,lm060_ls020_le020,0.48,0.26,0.26,0.6,0.2,0.2,4.653064797098879,0.22594165068589384,123.5643306903904,0.14485827011712582,0.7268433044343523,0.0,0.11704548225463766,10,4.632606806971819,0.2206061137984559,123.5643306903904,4.773834436644039,0.22794681138057118,124.89680162820964,0.1412276296722199,0.00734069758211528,1.332470937819238,T5.5d_frozen_regression
rough_seed_20,17,wm060_ws040_we000,3,0.6,0.4,0.0,lm000_ls060_le040,0.15,0.48,0.37,0.0,0.6,0.4,4.689046959565302,0.22455241439048165,124.31669622533967,0.39963959406864585,0.537592040522202,0.5646393580490444,0.24433196216768818,10,4.632606806971819,0.2206061137984559,123.5643306903904,4.773834436644039,0.22794681138057118,124.89680162820964,0.1412276296722199,0.00734069758211528,1.332470937819238,T5.5d_frozen_regression
rough_seed_20,17,wm060_ws020_we020,4,0.6,0.2,0.2,lm080_ls000_le020,0.59,0.15,0.26,0.8,0.0,0.2,4.653643761720578,0.2256445447741865,124.09587526982506,0.1489577839519375,0.686369506354017,0.39891645239527207,0.1403382198920136,10,4.632606806971819,0.2206061137984559,123.5643306903904,4.773834436644039,0.22794681138057118,124.89680162820964,0.1412276296722199,0.00734069758211528,1.332470937819238,T5.5d_frozen_regression
rough_seed_20,17,wm060_ws000_we040,5,0.6,0.0,0.4,lm060_ls020_le020,0.48,0.26,0.26,0.6,0.2,0.2,4.653064797098879,0.22594165068589384,123.5643306903904,0.14485827011712582,0.7268433044343523,0.0,0.08778411169097824,10,4.632606806971819,0.2206061137984559,123.5643306903904,4.773834436644039,0.22794681138057118,124.89680162820964,0.1412276296722199,0.00734069758211528,1.332470937819238,T5.5d_frozen_regression
rough_seed_20,17,wm040_ws060_we000,6,0.4,0.6,0.0,lm060_ls000_le040,0.48,0.15,0.37,0.6,0.0,0.4,4.69449204661985,0.22263975962947358,124.60589204951746,0.43819498912261073,0.2770371355404156,0.7816766051436057,0.17869299841877725,10,4.632606806971819,0.2206061137984559,123.5643306903904,4.773834436644039,0.22794681138057118,124.89680162820964,0.1412276296722199,0.00734069758211528,1.332470937819238,T5.5d_frozen_regression
rough_seed_20,17,wm040_ws040_we020,7,0.4,0.4,0.2,lm040_ls020_le040,0.36999999999999994,0.26,0.37,0.4,0.2,0.4,4.694172049186776,0.223130957255502,124.62100464834357,0.4359291617217268,0.3439514336072868,0.7930183900915317,0.17907722385018984,10,4.632606806971819,0.2206061137984559,123.5643306903904,4.773834436644039,0.22794681138057118,124.89680162820964,0.1412276296722199,0.00734069758211528,1.332470937819238,T5.5d_frozen_regression
rough_seed_20,17,wm040_ws020_we040,8,0.4,0.2,0.4,lm060_ls020_le020,0.48,0.26,0.26,0.6,0.2,0.2,4.653064797098879,0.22594165068589384,123.5643306903904,0.14485827011712582,0.7268433044343523,0.0,0.14740178057620767,10,4.632606806971819,0.2206061137984559,123.5643306903904,4.773834436644039,0.22794681138057118,124.89680162820964,0.1412276296722199,0.00734069758211528,1.332470937819238,T5.5d_frozen_regression
rough_seed_20,17,wm040_ws000_we060,9,0.4,0.0,0.6,lm060_ls020_le020,0.48,0.26,0.26,0.6,0.2,0.2,4.653064797098879,0.22594165068589384,123.5643306903904,0.14485827011712582,0.7268433044343523,0.0,0.05852274112731883,10,4.632606806971819,0.2206061137984559,123.5643306903904,4.773834436644039,0.22794681138057118,124.89680162820964,0.1412276296722199,0.00734069758211528,1.332470937819238,T5.5d_frozen_regression
rough_seed_20,17,wm020_ws080_we000,10,0.2,0.8,0.0,lm020_ls020_le060,0.26,0.26,0.48,0.2,0.2,0.6,4.711183986058905,0.2212657703125307,124.442971800544,0.5563867301990284,0.08986291925197469,0.6594073350609846,0.11310902285421955,10,4.632606806971819,0.2206061137984559,123.5643306903904,4.773834436644039,0.22794681138057118,124.89680162820964,0.1412276296722199,0.00734069758211528,1.332470937819238,T5.5d_frozen_regression
rough_seed_20,17,wm020_ws060_we020,11,0.2,0.6,0.2,lm000_ls040_le060,0.15,0.37,0.48,0.0,0.4,0.6,4.712808678229512,0.22104403699526398,124.43102241725964,0.5678907975998506,0.05965689117544133,0.6504394972303772,0.13288250138278854,10,4.632606806971819,0.2206061137984559,123.5643306903904,4.773834436644039,0.22794681138057118,124.89680162820964,0.1412276296722199,0.00734069758211528,1.332470937819238,T5.5d_frozen_regression
rough_seed_20,17,wm020_ws040_we040,12,0.2,0.4,0.4,lm000_ls060_le040,0.15,0.48,0.37,0.0,0.6,0.4,4.689046959565302,0.22455241439048165,124.31669622533967,0.39963959406864585,0.537592040522202,0.5646393580490444,0.23106394800204005,10,4.632606806971819,0.2206061137984559,123.5643306903904,4.773834436644039,0.22794681138057118,124.89680162820964,0.1412276296722199,0.00734069758211528,1.332470937819238,T5.5d_frozen_regression
rough_seed_20,17,wm020_ws020_we060,13,0.2,0.2,0.6,lm060_ls020_le020,0.48,0.26,0.26,0.6,0.2,0.2,4.653064797098879,0.22594165068589384,123.5643306903904,0.14485827011712582,0.7268433044343523,0.0,0.14711206403597343,10,4.632606806971819,0.2206061137984559,123.5643306903904,4.773834436644039,0.22794681138057118,124.89680162820964,0.1412276296722199,0.00734069758211528,1.332470937819238,T5.5d_frozen_regression
rough_seed_20,17,wm020_ws000_we080,14,0.2,0.0,0.8,lm060_ls020_le020,0.48,0.26,0.26,0.6,0.2,0.2,4.653064797098879,0.22594165068589384,123.5643306903904,0.14485827011712582,0.7268433044343523,0.0,0.029261370563659416,10,4.632606806971819,0.2206061137984559,123.5643306903904,4.773834436644039,0.22794681138057118,124.89680162820964,0.1412276296722199,0.00734069758211528,1.332470937819238,T5.5d_frozen_regression
rough_seed_20,17,wm000_ws100_we000,15,0.0,1.0,0.0,lm000_ls000_le100,0.15,0.15,0.7,0.0,0.0,1.0,4.773834436644039,0.2206061137984559,124.84191224528043,1.0,0.0,0.9588063188687238,0.0,10,4.632606806971819,0.2206061137984559,123.5643306903904,4.773834436644039,0.22794681138057118,124.89680162820964,0.1412276296722199,0.00734069758211528,1.332470937819238,T5.5d_frozen_regression
rough_seed_20,17,wm000_ws080_we020,16,0.0,0.8,0.2,lm000_ls040_le060,0.15,0.37,0.48,0.0,0.4,0.6,4.712808678229512,0.22104403699526398,124.43102241725964,0.5678907975998506,0.05965689117544133,0.6504394972303772,0.13186603356993973,10,4.632606806971819,0.2206061137984559,123.5643306903904,4.773834436644039,0.22794681138057118,124.89680162820964,0.1412276296722199,0.00734069758211528,1.332470937819238,T5.5d_frozen_regression
rough_seed_20,17,wm000_ws060_we040,17,0.0,0.6,0.4,lm000_ls040_le060,0.15,0.37,0.48,0.0,0.4,0.6,4.712808678229512,0.22104403699526398,124.43102241725964,0.5678907975998506,0.05965689117544133,0.6504394972303772,0.26313549822812504,10,4.632606806971819,0.2206061137984559,123.5643306903904,4.773834436644039,0.22794681138057118,124.89680162820964,0.1412276296722199,0.00734069758211528,1.332470937819238,T5.5d_frozen_regression
rough_seed_20,17,wm000_ws040_we060,18,0.0,0.4,0.6,lm080_ls000_le020,0.59,0.15,0.26,0.8,0.0,0.2,4.653643761720578,0.2256445447741865,124.09587526982506,0.1489577839519375,0.686369506354017,0.39891645239527207,0.27968677928139446,10,4.632606806971819,0.2206061137984559,123.5643306903904,4.773834436644039,0.22794681138057118,124.89680162820964,0.1412276296722199,0.00734069758211528,1.332470937819238,T5.5d_frozen_regression
rough_seed_20,17,wm000_ws020_we080,19,0.0,0.2,0.8,lm060_ls020_le020,0.48,0.26,0.26,0.6,0.2,0.2,4.653064797098879,0.22594165068589384,123.5643306903904,0.14485827011712582,0.7268433044343523,0.0,0.1468223474957392,10,4.632606806971819,0.2206061137984559,123.5643306903904,4.773834436644039,0.22794681138057118,124.89680162820964,0.1412276296722199,0.00734069758211528,1.332470937819238,T5.5d_frozen_regression
rough_seed_20,17,wm000_ws000_we100,20,0.0,0.0,1.0,lm060_ls020_le020,0.48,0.26,0.26,0.6,0.2,0.2,4.653064797098879,0.22594165068589384,123.5643306903904,0.14485827011712582,0.7268433044343523,0.0,0.0,10,4.632606806971819,0.2206061137984559,123.5643306903904,4.773834436644039,0.22794681138057118,124.89680162820964,0.1412276296722199,0.00734069758211528,1.332470937819238,T5.5d_frozen_regression
rough_seed_20,17,balanced,21,0.3333333333333333,0.3333333333333333,0.3333333333333333,lm000_ls060_le040,0.15,0.48,0.37,0.0,0.6,0.4,4.689046959565302,0.22455241439048165,124.31669622533967,0.39963959406864585,0.537592040522202,0.5646393580490444,0.19321935599181445,10,4.632606806971819,0.2206061137984559,123.5643306903904,4.773834436644039,0.22794681138057118,124.89680162820964,0.1412276296722199,0.00734069758211528,1.332470937819238,T5.5d_frozen_regression
rough_seed_20,17,motion,22,0.7,0.15,0.15,lm080_ls000_le020,0.59,0.15,0.26,0.8,0.0,0.2,4.653643761720578,0.2256445447741865,124.09587526982506,0.1489577839519375,0.686369506354017,0.39891645239527207,0.10694108219214375,10,4.632606806971819,0.2206061137984559,123.5643306903904,4.773834436644039,0.22794681138057118,124.89680162820964,0.1412276296722199,0.00734069758211528,1.332470937819238,T5.5d_frozen_regression
rough_seed_20,17,stability,23,0.15,0.7,0.15,lm000_ls040_le060,0.15,0.37,0.48,0.0,0.4,0.6,4.712808678229512,0.22104403699526398,124.43102241725964,0.5678907975998506,0.05965689117544133,0.6504394972303772,0.09981101826503001,10,4.632606806971819,0.2206061137984559,123.5643306903904,4.773834436644039,0.22794681138057118,124.89680162820964,0.1412276296722199,0.00734069758211528,1.332470937819238,T5.5d_frozen_regression
rough_seed_20,17,energy,24,0.15,0.15,0.7,lm060_ls020_le020,0.48,0.26,0.26,0.6,0.2,0.2,4.653064797098879,0.22594165068589384,123.5643306903904,0.14485827011712582,0.7268433044343523,0.0,0.11033404802698005,10,4.632606806971819,0.2206061137984559,123.5643306903904,4.773834436644039,0.22794681138057118,124.89680162820964,0.1412276296722199,0.00734069758211528,1.332470937819238,T5.5d_frozen_regression
rough_seed_28,18,wm100_ws000_we000,0,1.0,0.0,0.0,lm100_ls000_le000,0.7,0.15,0.15,1.0,0.0,0.0,4.683081145864362,0.25368674993953216,119.71966610602774,0.0,1.0,1.0,0.0,5,4.683081145864362,0.25342085372924245,119.4619850525099,4.712953016458786,0.25368674993953216,119.71966610602774,0.029871870594424088,0.00026589621028971777,0.25768105351784243,T5.5d_frozen_regression
rough_seed_28,18,wm080_ws020_we000,1,0.8,0.2,0.0,lm060_ls040_le000,0.48,0.37,0.15,0.6,0.4,0.0,4.683597651869422,0.25357164773810215,119.64963779012226,0.017290715137091857,0.5671160513923715,0.7282364576305951,0.1146957681023558,5,4.683081145864362,0.25342085372924245,119.4619850525099,4.712953016458786,0.25368674993953216,119.71966610602774,0.029871870594424088,0.00026589621028971777,0.25768105351784243,T5.5d_frozen_regression
rough_seed_28,18,wm080_ws000_we020,2,0.8,0.0,0.2,lm040_ls060_le000,0.37,0.48,0.15,0.4,0.6,0.0,4.6879853814544115,0.2535723489037948,119.63659923958275,0.16417571087646976,0.5697530415619931,0.6776368874972689,0.1381960569614601,5,4.683081145864362,0.25342085372924245,119.4619850525099,4.712953016458786,0.25368674993953216,119.71966610602774,0.029871870594424088,0.00026589621028971777,0.25768105351784243,T5.5d_frozen_regression
rough_seed_28,18,wm060_ws040_we000,3,0.6,0.4,0.0,lm000_ls100_le000,0.15,0.7,0.15,0.0,1.0,0.0,4.690127526392075,0.25342085372924245,119.48860342430275,0.23588681885320262,0.0,0.10329968551997849,0.1429474122250408,5,4.683081145864362,0.25342085372924245,119.4619850525099,4.712953016458786,0.25368674993953216,119.71966610602774,0.029871870594424088,0.00026589621028971777,0.25768105351784243,T5.5d_frozen_regression
rough_seed_28,18,wm060_ws020_we020,4,0.6,0.2,0.2,lm040_ls060_le000,0.37,0.48,0.15,0.4,0.6,0.0,4.6879853814544115,0.2535723489037948,119.63659923958275,0.16417571087646976,0.5697530415619931,0.6776368874972689,0.13900721162283114,5,4.683081145864362,0.25342085372924245,119.4619850525099,4.712953016458786,0.25368674993953216,119.71966610602774,0.029871870594424088,0.00026589621028971777,0.25768105351784243,T5.5d_frozen_regression
rough_seed_28,18,wm060_ws000_we040,5,0.6,0.0,0.4,lm000_ls100_le000,0.15,0.7,0.15,0.0,1.0,0.0,4.690127526392075,0.25342085372924245,119.48860342430275,0.23588681885320262,0.0,0.10329968551997849,0.1433606109671207,5,4.683081145864362,0.25342085372924245,119.4619850525099,4.712953016458786,0.25368674993953216,119.71966610602774,0.029871870594424088,0.00026589621028971777,0.25768105351784243,T5.5d_frozen_regression
rough_seed_28,18,wm040_ws060_we000,6,0.4,0.6,0.0,lm000_ls100_le000,0.15,0.7,0.15,0.0,1.0,0.0,4.690127526392075,0.25342085372924245,119.48860342430275,0.23588681885320262,0.0,0.10329968551997849,0.09529827481669385,5,4.683081145864362,0.25342085372924245,119.4619850525099,4.712953016458786,0.25368674993953216,119.71966610602774,0.029871870594424088,0.00026589621028971777,0.25768105351784243,T5.5d_frozen_regression
rough_seed_28,18,wm040_ws040_we020,7,0.4,0.4,0.2,lm000_ls100_le000,0.15,0.7,0.15,0.0,1.0,0.0,4.690127526392075,0.25342085372924245,119.48860342430275,0.23588681885320262,0.0,0.10329968551997849,0.09550487418773382,5,4.683081145864362,0.25342085372924245,119.4619850525099,4.712953016458786,0.25368674993953216,119.71966610602774,0.029871870594424088,0.00026589621028971777,0.25768105351784243,T5.5d_frozen_regression
rough_seed_28,18,wm040_ws020_we040,8,0.4,0.2,0.4,lm000_ls100_le000,0.15,0.7,0.15,0.0,1.0,0.0,4.690127526392075,0.25342085372924245,119.48860342430275,0.23588681885320262,0.0,0.10329968551997849,0.09571147355877377,5,4.683081145864362,0.25342085372924245,119.4619850525099,4.712953016458786,0.25368674993953216,119.71966610602774,0.029871870594424088,0.00026589621028971777,0.25768105351784243,T5.5d_frozen_regression
rough_seed_28,18,wm040_ws000_we060,9,0.4,0.0,0.6,lm000_ls100_le000,0.15,0.7,0.15,0.0,1.0,0.0,4.690127526392075,0.25342085372924245,119.48860342430275,0.23588681885320262,0.0,0.10329968551997849,0.09591807292981373,5,4.683081145864362,0.25342085372924245,119.4619850525099,4.712953016458786,0.25368674993953216,119.71966610602774,0.029871870594424088,0.00026589621028971777,0.25768105351784243,T5.5d_frozen_regression
rough_seed_28,18,wm020_ws080_we000,10,0.2,0.8,0.0,lm000_ls100_le000,0.15,0.7,0.15,0.0,1.0,0.0,4.690127526392075,0.25342085372924245,119.48860342430275,0.23588681885320262,0.0,0.10329968551997849,0.04764913740834693,5,4.683081145864362,0.25342085372924245,119.4619850525099,4.712953016458786,0.25368674993953216,119.71966610602774,0.029871870594424088,0.00026589621028971777,0.25768105351784243,T5.5d_frozen_regression
rough_seed_28,18,wm020_ws060_we020,11,0.2,0.6,0.2,lm000_ls100_le000,0.15,0.7,0.15,0.0,1.0,0.0,4.690127526392075,0.25342085372924245,119.48860342430275,0.23588681885320262,0.0,0.10329968551997849,0.047855736779386884,5,4.683081145864362,0.25342085372924245,119.4619850525099,4.712953016458786,0.25368674993953216,119.71966610602774,0.029871870594424088,0.00026589621028971777,0.25768105351784243,T5.5d_frozen_regression
rough_seed_28,18,wm020_ws040_we040,12,0.2,0.4,0.4,lm000_ls100_le000,0.15,0.7,0.15,0.0,1.0,0.0,4.690127526392075,0.25342085372924245,119.48860342430275,0.23588681885320262,0.0,0.10329968551997849,0.04806233615042684,5,4.683081145864362,0.25342085372924245,119.4619850525099,4.712953016458786,0.25368674993953216,119.71966610602774,0.029871870594424088,0.00026589621028971777,0.25768105351784243,T5.5d_frozen_regression
rough_seed_28,18,wm020_ws020_we060,13,0.2,0.2,0.6,lm000_ls100_le000,0.15,0.7,0.15,0.0,1.0,0.0,4.690127526392075,0.25342085372924245,119.48860342430275,0.23588681885320262,0.0,0.10329968551997849,0.06307138306281337,5,4.683081145864362,0.25342085372924245,119.4619850525099,4.712953016458786,0.25368674993953216,119.71966610602774,0.029871870594424088,0.00026589621028971777,0.25768105351784243,T5.5d_frozen_regression
rough_seed_28,18,wm020_ws000_we080,14,0.2,0.0,0.8,lm000_ls100_le000,0.15,0.7,0.15,0.0,1.0,0.0,4.690127526392075,0.25342085372924245,119.48860342430275,0.23588681885320262,0.0,0.10329968551997849,0.08393791953784904,5,4.683081145864362,0.25342085372924245,119.4619850525099,4.712953016458786,0.25368674993953216,119.71966610602774,0.029871870594424088,0.00026589621028971777,0.25768105351784243,T5.5d_frozen_regression
rough_seed_28,18,wm000_ws100_we000,15,0.0,1.0,0.0,lm000_ls100_le000,0.15,0.7,0.15,0.0,1.0,0.0,4.690127526392075,0.25342085372924245,119.48860342430275,0.23588681885320262,0.0,0.10329968551997849,0.0,5,4.683081145864362,0.25342085372924245,119.4619850525099,4.712953016458786,0.25368674993953216,119.71966610602774,0.029871870594424088,0.00026589621028971777,0.25768105351784243,T5.5d_frozen_regression
rough_seed_28,18,wm000_ws080_we020,16,0.0,0.8,0.2,lm000_ls100_le000,0.15,0.7,0.15,0.0,1.0,0.0,4.690127526392075,0.25342085372924245,119.48860342430275,0.23588681885320262,0.0,0.10329968551997849,0.020866536475035658,5,4.683081145864362,0.25342085372924245,119.4619850525099,4.712953016458786,0.25368674993953216,119.71966610602774,0.029871870594424088,0.00026589621028971777,0.25768105351784243,T5.5d_frozen_regression
rough_seed_28,18,wm000_ws060_we040,17,0.0,0.6,0.4,lm000_ls100_le000,0.15,0.7,0.15,0.0,1.0,0.0,4.690127526392075,0.25342085372924245,119.48860342430275,0.23588681885320262,0.0,0.10329968551997849,0.041733072950071316,5,4.683081145864362,0.25342085372924245,119.4619850525099,4.712953016458786,0.25368674993953216,119.71966610602774,0.029871870594424088,0.00026589621028971777,0.25768105351784243,T5.5d_frozen_regression
rough_seed_28,18,wm000_ws040_we060,18,0.0,0.4,0.6,lm000_ls100_le000,0.15,0.7,0.15,0.0,1.0,0.0,4.690127526392075,0.25342085372924245,119.48860342430275,0.23588681885320262,0.0,0.10329968551997849,0.06259960942510696,5,4.683081145864362,0.25342085372924245,119.4619850525099,4.712953016458786,0.25368674993953216,119.71966610602774,0.029871870594424088,0.00026589621028971777,0.25768105351784243,T5.5d_frozen_regression
rough_seed_28,18,wm000_ws020_we080,19,0.0,0.2,0.8,lm000_ls080_le020,0.15,0.59,0.26,0.0,0.8,0.2,4.712953016458786,0.253494285357193,119.4619850525099,1.0,0.2761665082421718,0.0,0.05578563466491871,5,4.683081145864362,0.25342085372924245,119.4619850525099,4.712953016458786,0.25368674993953216,119.71966610602774,0.029871870594424088,0.00026589621028971777,0.25768105351784243,T5.5d_frozen_regression
rough_seed_28,18,wm000_ws000_we100,20,0.0,0.0,1.0,lm000_ls080_le020,0.15,0.59,0.26,0.0,0.8,0.2,4.712953016458786,0.253494285357193,119.4619850525099,1.0,0.2761665082421718,0.0,0.0,5,4.683081145864362,0.25342085372924245,119.4619850525099,4.712953016458786,0.25368674993953216,119.71966610602774,0.029871870594424088,0.00026589621028971777,0.25768105351784243,T5.5d_frozen_regression
rough_seed_28,18,balanced,21,0.3333333333333333,0.3333333333333333,0.3333333333333333,lm000_ls100_le000,0.15,0.7,0.15,0.0,1.0,0.0,4.690127526392075,0.25342085372924245,119.48860342430275,0.23588681885320262,0.0,0.10329968551997849,0.07975956129897814,5,4.683081145864362,0.25342085372924245,119.4619850525099,4.712953016458786,0.25368674993953216,119.71966610602774,0.029871870594424088,0.00026589621028971777,0.25768105351784243,T5.5d_frozen_regression
rough_seed_28,18,motion,22,0.7,0.15,0.15,lm060_ls040_le000,0.48,0.37,0.15,0.6,0.4,0.0,4.683597651869422,0.25357164773810215,119.64963779012226,0.017290715137091857,0.5671160513923715,0.7282364576305951,0.11129953241408336,5,4.683081145864362,0.25342085372924245,119.4619850525099,4.712953016458786,0.25368674993953216,119.71966610602774,0.029871870594424088,0.00026589621028971777,0.25768105351784243,T5.5d_frozen_regression
rough_seed_28,18,stability,23,0.15,0.7,0.15,lm000_ls100_le000,0.15,0.7,0.15,0.0,1.0,0.0,4.690127526392075,0.25342085372924245,119.48860342430275,0.23588681885320262,0.0,0.10329968551997849,0.03589180258454017,5,4.683081145864362,0.25342085372924245,119.4619850525099,4.712953016458786,0.25368674993953216,119.71966610602774,0.029871870594424088,0.00026589621028971777,0.25768105351784243,T5.5d_frozen_regression
rough_seed_28,18,energy,24,0.15,0.15,0.7,lm000_ls100_le000,0.15,0.7,0.15,0.0,1.0,0.0,4.690127526392075,0.25342085372924245,119.48860342430275,0.23588681885320262,0.0,0.10329968551997849,0.0733867078909046,5,4.683081145864362,0.25342085372924245,119.4619850525099,4.712953016458786,0.25368674993953216,119.71966610602774,0.029871870594424088,0.00026589621028971777,0.25768105351784243,T5.5d_frozen_regression
rough_seed_17,19,wm100_ws000_we000,0,1.0,0.0,0.0,lm060_ls040_le000,0.48,0.37,0.15,0.6,0.4,0.0,4.536170285007224,0.21078932569042128,119.21540307542018,0.0,0.6046352986225292,0.9979711357216359,0.0,4,4.536170285007224,0.20975998378527672,118.82968781248044,4.570606106765785,0.2114624016022477,119.21618723028257,0.03443582175856097,0.0017024178169709747,0.3864994178021277,T5.5d_frozen_regression
rough_seed_17,19,wm080_ws020_we000,1,0.8,0.2,0.0,lm100_ls000_le000,0.7,0.15,0.15,1.0,0.0,0.0,4.536187928264587,0.20992110271816597,118.9337447041707,0.0005123518609877983,0.09464123981968448,0.26922910332438293,0.019121629258464168,4,4.536170285007224,0.20975998378527672,118.82968781248044,4.570606106765785,0.2114624016022477,119.21618723028257,0.03443582175856097,0.0017024178169709747,0.3864994178021277,T5.5d_frozen_regression
rough_seed_17,19,wm080_ws000_we020,2,0.8,0.0,0.2,lm100_ls000_le000,0.7,0.15,0.15,1.0,0.0,0.0,4.536187928264587,0.20992110271816597,118.9337447041707,0.0005123518609877983,0.09464123981968448,0.26922910332438293,0.054388377686413254,4,4.536170285007224,0.20975998378527672,118.82968781248044,4.570606106765785,0.2114624016022477,119.21618723028257,0.03443582175856097,0.0017024178169709747,0.3864994178021277,T5.5d_frozen_regression
rough_seed_17,19,wm060_ws040_we000,3,0.6,0.4,0.0,lm100_ls000_le000,0.7,0.15,0.15,1.0,0.0,0.0,4.536187928264587,0.20992110271816597,118.9337447041707,0.0005123518609877983,0.09464123981968448,0.26922910332438293,0.03823813499831846,4,4.536170285007224,0.20975998378527672,118.82968781248044,4.570606106765785,0.2114624016022477,119.21618723028257,0.03443582175856097,0.0017024178169709747,0.3864994178021277,T5.5d_frozen_regression
rough_seed_17,19,wm060_ws020_we020,4,0.6,0.2,0.2,lm100_ls000_le000,0.7,0.15,0.15,1.0,0.0,0.0,4.536187928264587,0.20992110271816597,118.9337447041707,0.0005123518609877983,0.09464123981968448,0.26922910332438293,0.05457663546233065,4,4.536170285007224,0.20975998378527672,118.82968781248044,4.570606106765785,0.2114624016022477,119.21618723028257,0.03443582175856097,0.0017024178169709747,0.3864994178021277,T5.5d_frozen_regression
rough_seed_17,19,wm060_ws000_we040,5,0.6,0.0,0.4,lm100_ls000_le000,0.7,0.15,0.15,1.0,0.0,0.0,4.536187928264587,0.20992110271816597,118.9337447041707,0.0005123518609877983,0.09464123981968448,0.26922910332438293,0.10877163185421664,4,4.536170285007224,0.20975998378527672,118.82968781248044,4.570606106765785,0.2114624016022477,119.21618723028257,0.03443582175856097,0.0017024178169709747,0.3864994178021277,T5.5d_frozen_regression
rough_seed_17,19,wm040_ws060_we000,6,0.4,0.6,0.0,lm100_ls000_le000,0.7,0.15,0.15,1.0,0.0,0.0,4.536187928264587,0.20992110271816597,118.9337447041707,0.0005123518609877983,0.09464123981968448,0.26922910332438293,0.05735464073817274,4,4.536170285007224,0.20975998378527672,118.82968781248044,4.570606106765785,0.2114624016022477,119.21618723028257,0.03443582175856097,0.0017024178169709747,0.3864994178021277,T5.5d_frozen_regression
rough_seed_17,19,wm040_ws040_we020,7,0.4,0.4,0.2,lm100_ls000_le000,0.7,0.15,0.15,1.0,0.0,0.0,4.536187928264587,0.20992110271816597,118.9337447041707,0.0005123518609877983,0.09464123981968448,0.26922910332438293,0.05476489323824804,4,4.536170285007224,0.20975998378527672,118.82968781248044,4.570606106765785,0.2114624016022477,119.21618723028257,0.03443582175856097,0.0017024178169709747,0.3864994178021277,T5.5d_frozen_regression
rough_seed_17,19,wm040_ws020_we040,8,0.4,0.2,0.4,lm100_ls000_le000,0.7,0.15,0.15,1.0,0.0,0.0,4.536187928264587,0.20992110271816597,118.9337447041707,0.0005123518609877983,0.09464123981968448,0.26922910332438293,0.10895988963013403,4,4.536170285007224,0.20975998378527672,118.82968781248044,4.570606106765785,0.2114624016022477,119.21618723028257,0.03443582175856097,0.0017024178169709747,0.3864994178021277,T5.5d_frozen_regression
rough_seed_17,19,wm040_ws000_we060,9,0.4,0.0,0.6,lm100_ls000_le000,0.7,0.15,0.15,1.0,0.0,0.0,4.536187928264587,0.20992110271816597,118.9337447041707,0.0005123518609877983,0.09464123981968448,0.26922910332438293,0.16315488602202,4,4.536170285007224,0.20975998378527672,118.82968781248044,4.570606106765785,0.2114624016022477,119.21618723028257,0.03443582175856097,0.0017024178169709747,0.3864994178021277,T5.5d_frozen_regression
rough_seed_17,19,wm020_ws080_we000,10,0.2,0.8,0.0,lm100_ls000_le000,0.7,0.15,0.15,1.0,0.0,0.0,4.536187928264587,0.20992110271816597,118.9337447041707,0.0005123518609877983,0.09464123981968448,0.26922910332438293,0.07647114647802704,4,4.536170285007224,0.20975998378527672,118.82968781248044,4.570606106765785,0.2114624016022477,119.21618723028257,0.03443582175856097,0.0017024178169709747,0.3864994178021277,T5.5d_frozen_regression
rough_seed_17,19,wm020_ws060_we020,11,0.2,0.6,0.2,lm100_ls000_le000,0.7,0.15,0.15,1.0,0.0,0.0,4.536187928264587,0.20992110271816597,118.9337447041707,0.0005123518609877983,0.09464123981968448,0.26922910332438293,0.05789207424109953,4,4.536170285007224,0.20975998378527672,118.82968781248044,4.570606106765785,0.2114624016022477,119.21618723028257,0.03443582175856097,0.0017024178169709747,0.3864994178021277,T5.5d_frozen_regression
rough_seed_17,19,wm020_ws040_we040,12,0.2,0.4,0.4,lm100_ls000_le000,0.7,0.15,0.15,1.0,0.0,0.0,4.536187928264587,0.20992110271816597,118.9337447041707,0.0005123518609877983,0.09464123981968448,0.26922910332438293,0.10914814740605142,4,4.536170285007224,0.20975998378527672,118.82968781248044,4.570606106765785,0.2114624016022477,119.21618723028257,0.03443582175856097,0.0017024178169709747,0.3864994178021277,T5.5d_frozen_regression
rough_seed_17,19,wm020_ws020_we060,13,0.2,0.2,0.6,lm100_ls000_le000,0.7,0.15,0.15,1.0,0.0,0.0,4.536187928264587,0.20992110271816597,118.9337447041707,0.0005123518609877983,0.09464123981968448,0.26922910332438293,0.1633431437979374,4,4.536170285007224,0.20975998378527672,118.82968781248044,4.570606106765785,0.2114624016022477,119.21618723028257,0.03443582175856097,0.0017024178169709747,0.3864994178021277,T5.5d_frozen_regression
rough_seed_17,19,wm020_ws000_we080,14,0.2,0.0,0.8,lm020_ls060_le020,0.26,0.48,0.26,0.2,0.6,0.2,4.556320749871404,0.2114624016022477,118.82968781248044,0.5851599826906911,1.0,0.0,0.11820231650351962,4,4.536170285007224,0.20975998378527672,118.82968781248044,4.570606106765785,0.2114624016022477,119.21618723028257,0.03443582175856097,0.0017024178169709747,0.3864994178021277,T5.5d_frozen_regression
rough_seed_17,19,wm000_ws100_we000,15,0.0,1.0,0.0,lm060_ls000_le040,0.48,0.15,0.37,0.6,0.0,0.4,4.570606106765785,0.20975998378527672,119.21618723028257,1.0,0.0,1.0,0.0,4,4.536170285007224,0.20975998378527672,118.82968781248044,4.570606106765785,0.2114624016022477,119.21618723028257,0.03443582175856097,0.0017024178169709747,0.3864994178021277,T5.5d_frozen_regression
rough_seed_17,19,wm000_ws080_we020,16,0.0,0.8,0.2,lm100_ls000_le000,0.7,0.15,0.15,1.0,0.0,0.0,4.536187928264587,0.20992110271816597,118.9337447041707,0.0005123518609877983,0.09464123981968448,0.26922910332438293,0.07700857998095384,4,4.536170285007224,0.20975998378527672,118.82968781248044,4.570606106765785,0.2114624016022477,119.21618723028257,0.03443582175856097,0.0017024178169709747,0.3864994178021277,T5.5d_frozen_regression
rough_seed_17,19,wm000_ws060_we040,17,0.0,0.6,0.4,lm100_ls000_le000,0.7,0.15,0.15,1.0,0.0,0.0,4.536187928264587,0.20992110271816597,118.9337447041707,0.0005123518609877983,0.09464123981968448,0.26922910332438293,0.10933640518196881,4,4.536170285007224,0.20975998378527672,118.82968781248044,4.570606106765785,0.2114624016022477,119.21618723028257,0.03443582175856097,0.0017024178169709747,0.3864994178021277,T5.5d_frozen_regression
rough_seed_17,19,wm000_ws040_we060,18,0.0,0.4,0.6,lm100_ls000_le000,0.7,0.15,0.15,1.0,0.0,0.0,4.536187928264587,0.20992110271816597,118.9337447041707,0.0005123518609877983,0.09464123981968448,0.26922910332438293,0.1635314015738548,4,4.536170285007224,0.20975998378527672,118.82968781248044,4.570606106765785,0.2114624016022477,119.21618723028257,0.03443582175856097,0.0017024178169709747,0.3864994178021277,T5.5d_frozen_regression
rough_seed_17,19,wm000_ws020_we080,19,0.0,0.2,0.8,lm020_ls060_le020,0.26,0.48,0.26,0.2,0.6,0.2,4.556320749871404,0.2114624016022477,118.82968781248044,0.5851599826906911,1.0,0.0,0.202,4,4.536170285007224,0.20975998378527672,118.82968781248044,4.570606106765785,0.2114624016022477,119.21618723028257,0.03443582175856097,0.0017024178169709747,0.3864994178021277,T5.5d_frozen_regression
rough_seed_17,19,wm000_ws000_we100,20,0.0,0.0,1.0,lm020_ls060_le020,0.26,0.48,0.26,0.2,0.6,0.2,4.556320749871404,0.2114624016022477,118.82968781248044,0.5851599826906911,1.0,0.0,0.0,4,4.536170285007224,0.20975998378527672,118.82968781248044,4.570606106765785,0.2114624016022477,119.21618723028257,0.03443582175856097,0.0017024178169709747,0.3864994178021277,T5.5d_frozen_regression
rough_seed_17,19,balanced,21,0.3333333333333333,0.3333333333333333,0.3333333333333333,lm100_ls000_le000,0.7,0.15,0.15,1.0,0.0,0.0,4.536187928264587,0.20992110271816597,118.9337447041707,0.0005123518609877983,0.09464123981968448,0.26922910332438293,0.09095764342481116,4,4.536170285007224,0.20975998378527672,118.82968781248044,4.570606106765785,0.2114624016022477,119.21618723028257,0.03443582175856097,0.0017024178169709747,0.3864994178021277,T5.5d_frozen_regression
rough_seed_17,19,motion,22,0.7,0.15,0.15,lm100_ls000_le000,0.7,0.15,0.15,1.0,0.0,0.0,4.536187928264587,0.20992110271816597,118.9337447041707,0.0005123518609877983,0.09464123981968448,0.26922910332438293,0.040933757476400455,4,4.536170285007224,0.20975998378527672,118.82968781248044,4.570606106765785,0.2114624016022477,119.21618723028257,0.03443582175856097,0.0017024178169709747,0.3864994178021277,T5.5d_frozen_regression
rough_seed_17,19,stability,23,0.15,0.7,0.15,lm100_ls000_le000,0.7,0.15,0.15,1.0,0.0,0.0,4.536187928264587,0.20992110271816597,118.9337447041707,0.0005123518609877983,0.09464123981968448,0.26922910332438293,0.06731596873529497,4,4.536170285007224,0.20975998378527672,118.82968781248044,4.570606106765785,0.2114624016022477,119.21618723028257,0.03443582175856097,0.0017024178169709747,0.3864994178021277,T5.5d_frozen_regression
rough_seed_17,19,energy,24,0.15,0.15,0.7,lm020_ls060_le020,0.26,0.48,0.26,0.2,0.6,0.2,4.556320749871404,0.2114624016022477,118.82968781248044,0.5851599826906911,1.0,0.0,0.15237773997403603,4,4.536170285007224,0.20975998378527672,118.82968781248044,4.570606106765785,0.2114624016022477,119.21618723028257,0.03443582175856097,0.0017024178169709747,0.3864994178021277,T5.5d_frozen_regression
rough_seed_30,20,wm100_ws000_we000,0,1.0,0.0,0.0,lm100_ls000_le000,0.7,0.15,0.15,1.0,0.0,0.0,4.541403075556528,0.17727011281391225,127.21134204738219,0.0,1.0,0.22926279378027598,0.0,6,4.541403075556528,0.17501610091081077,126.8157791627689,4.595592413936926,0.17727011281391225,128.54114802044927,0.05418933838039841,0.0022540119031014827,1.7253688576803654,T5.5f3b_extension
rough_seed_30,20,wm080_ws020_we000,1,0.8,0.2,0.0,lm060_ls040_le000,0.48,0.37,0.15,0.6,0.4,0.0,4.546272006714354,0.17672150640031684,126.8157791627689,0.08985035254807275,0.7566089101656732,0.0,0.15355380267385058,6,4.541403075556528,0.17501610091081077,126.8157791627689,4.595592413936926,0.17727011281391225,128.54114802044927,0.05418933838039841,0.0022540119031014827,1.7253688576803654,T5.5f3b_extension
rough_seed_30,20,wm080_ws000_we020,2,0.8,0.0,0.2,lm080_ls020_le000,0.59,0.26,0.15,0.8,0.2,0.0,4.5443441237874165,0.1770063347411143,127.19039955567641,0.054273558577942055,0.8829739663597161,0.21712481434906186,0.04429340096713403,6,4.541403075556528,0.17501610091081077,126.8157791627689,4.595592413936926,0.17727011281391225,128.54114802044927,0.05418933838039841,0.0022540119031014827,1.7253688576803654,T5.5f3b_extension
rough_seed_30,20,wm060_ws040_we000,3,0.6,0.4,0.0,lm060_ls040_le000,0.48,0.37,0.15,0.6,0.4,0.0,4.546272006714354,0.17672150640031684,126.8157791627689,0.08985035254807275,0.7566089101656732,0.0,0.30620910182222044,6,4.541403075556528,0.17501610091081077,126.8157791627689,4.595592413936926,0.17727011281391225,128.54114802044927,0.05418933838039841,0.0022540119031014827,1.7253688576803654,T5.5f3b_extension
rough_seed_30,20,wm060_ws020_we020,4,0.6,0.2,0.2,lm060_ls040_le000,0.48,0.37,0.15,0.6,0.4,0.0,4.546272006714354,0.17672150640031684,126.8157791627689,0.08985035254807275,0.7566089101656732,0.0,0.15337410196875442,6,4.541403075556528,0.17501610091081077,126.8157791627689,4.595592413936926,0.17727011281391225,128.54114802044927,0.05418933838039841,0.0022540119031014827,1.7253688576803654,T5.5f3b_extension
rough_seed_30,20,wm060_ws000_we040,5,0.6,0.0,0.4,lm060_ls040_le000,0.48,0.37,0.15,0.6,0.4,0.0,4.546272006714354,0.17672150640031684,126.8157791627689,0.08985035254807275,0.7566089101656732,0.0,0.05444931364413209,6,4.541403075556528,0.17501610091081077,126.8157791627689,4.595592413936926,0.17727011281391225,128.54114802044927,0.05418933838039841,0.0022540119031014827,1.7253688576803654,T5.5f3b_extension
rough_seed_30,20,wm040_ws060_we000,6,0.4,0.6,0.0,lm040_ls020_le040,0.36999999999999994,0.26,0.37,0.4,0.2,0.4,4.591478327803371,0.17501610091081077,128.54114802044927,0.92407941752904,0.0,1.0,0.3733280846817322,6,4.541403075556528,0.17501610091081077,126.8157791627689,4.595592413936926,0.17727011281391225,128.54114802044927,0.05418933838039841,0.0022540119031014827,1.7253688576803654,T5.5f3b_extension
rough_seed_30,20,wm040_ws040_we020,7,0.4,0.4,0.2,lm060_ls040_le000,0.48,0.37,0.15,0.6,0.4,0.0,4.546272006714354,0.17672150640031684,126.8157791627689,0.08985035254807275,0.7566089101656732,0.0,0.3060294011171243,6,4.541403075556528,0.17501610091081077,126.8157791627689,4.595592413936926,0.17727011281391225,128.54114802044927,0.05418933838039841,0.0022540119031014827,1.7253688576803654,T5.5f3b_extension
rough_seed_30,20,wm040_ws020_we040,8,0.4,0.2,0.4,lm060_ls040_le000,0.48,0.37,0.15,0.6,0.4,0.0,4.546272006714354,0.17672150640031684,126.8157791627689,0.08985035254807275,0.7566089101656732,0.0,0.1531944012636583,6,4.541403075556528,0.17501610091081077,126.8157791627689,4.595592413936926,0.17727011281391225,128.54114802044927,0.05418933838039841,0.0022540119031014827,1.7253688576803654,T5.5f3b_extension
rough_seed_30,20,wm040_ws000_we060,9,0.4,0.0,0.6,lm060_ls040_le000,0.48,0.37,0.15,0.6,0.4,0.0,4.546272006714354,0.17672150640031684,126.8157791627689,0.08985035254807275,0.7566089101656732,0.0,0.03629954242942139,6,4.541403075556528,0.17501610091081077,126.8157791627689,4.595592413936926,0.17727011281391225,128.54114802044927,0.05418933838039841,0.0022540119031014827,1.7253688576803654,T5.5f3b_extension
rough_seed_30,20,wm020_ws080_we000,10,0.2,0.8,0.0,lm040_ls020_le040,0.36999999999999994,0.26,0.37,0.4,0.2,0.4,4.591478327803371,0.17501610091081077,128.54114802044927,0.92407941752904,0.0,1.0,0.1866640423408661,6,4.541403075556528,0.17501610091081077,126.8157791627689,4.595592413936926,0.17727011281391225,128.54114802044927,0.05418933838039841,0.0022540119031014827,1.7253688576803654,T5.5f3b_extension
rough_seed_30,20,wm020_ws060_we020,11,0.2,0.6,0.2,lm040_ls020_le040,0.36999999999999994,0.26,0.37,0.4,0.2,0.4,4.591478327803371,0.17501610091081077,128.54114802044927,0.92407941752904,0.0,1.0,0.20384815883505808,6,4.541403075556528,0.17501610091081077,126.8157791627689,4.595592413936926,0.17727011281391225,128.54114802044927,0.05418933838039841,0.0022540119031014827,1.7253688576803654,T5.5f3b_extension
rough_seed_30,20,wm020_ws040_we040,12,0.2,0.4,0.4,lm020_ls060_le020,0.26,0.48,0.26,0.2,0.6,0.2,4.593659372338874,0.17576555163228672,128.05202205417746,0.9643280088698863,0.3324963459353145,0.716509334166719,0.29272841240483555,6,4.541403075556528,0.17501610091081077,126.8157791627689,4.595592413936926,0.17727011281391225,128.54114802044927,0.05418933838039841,0.0022540119031014827,1.7253688576803654,T5.5f3b_extension
rough_seed_30,20,wm020_ws020_we060,13,0.2,0.2,0.6,lm060_ls040_le000,0.48,0.37,0.15,0.6,0.4,0.0,4.546272006714354,0.17672150640031684,126.8157791627689,0.08985035254807275,0.7566089101656732,0.0,0.15301470055856214,6,4.541403075556528,0.17501610091081077,126.8157791627689,4.595592413936926,0.17727011281391225,128.54114802044927,0.05418933838039841,0.0022540119031014827,1.7253688576803654,T5.5f3b_extension
rough_seed_30,20,wm020_ws000_we080,14,0.2,0.0,0.8,lm060_ls040_le000,0.48,0.37,0.15,0.6,0.4,0.0,4.546272006714354,0.17672150640031684,126.8157791627689,0.08985035254807275,0.7566089101656732,0.0,0.018149771214710696,6,4.541403075556528,0.17501610091081077,126.8157791627689,4.595592413936926,0.17727011281391225,128.54114802044927,0.05418933838039841,0.0022540119031014827,1.7253688576803654,T5.5f3b_extension
rough_seed_30,20,wm000_ws100_we000,15,0.0,1.0,0.0,lm040_ls020_le040,0.36999999999999994,0.26,0.37,0.4,0.2,0.4,4.591478327803371,0.17501610091081077,128.54114802044927,0.92407941752904,0.0,1.0,0.0,6,4.541403075556528,0.17501610091081077,126.8157791627689,4.595592413936926,0.17727011281391225,128.54114802044927,0.05418933838039841,0.0022540119031014827,1.7253688576803654,T5.5f3b_extension
rough_seed_30,20,wm000_ws080_we020,16,0.0,0.8,0.2,lm040_ls020_le040,0.36999999999999994,0.26,0.37,0.4,0.2,0.4,4.591478327803371,0.17501610091081077,128.54114802044927,0.92407941752904,0.0,1.0,0.202,6,4.541403075556528,0.17501610091081077,126.8157791627689,4.595592413936926,0.17727011281391225,128.54114802044927,0.05418933838039841,0.0022540119031014827,1.7253688576803654,T5.5f3b_extension
rough_seed_30,20,wm000_ws060_we040,17,0.0,0.6,0.4,lm020_ls060_le020,0.26,0.48,0.26,0.2,0.6,0.2,4.593659372338874,0.17576555163228672,128.05202205417746,0.9643280088698863,0.3324963459353145,0.716509334166719,0.29146474907896636,6,4.541403075556528,0.17501610091081077,126.8157791627689,4.595592413936926,0.17727011281391225,128.54114802044927,0.05418933838039841,0.0022540119031014827,1.7253688576803654,T5.5f3b_extension
rough_seed_30,20,wm000_ws040_we060,18,0.0,0.4,0.6,lm060_ls040_le000,0.48,0.37,0.15,0.6,0.4,0.0,4.546272006714354,0.17672150640031684,126.8157791627689,0.08985035254807275,0.7566089101656732,0.0,0.305669999706932,6,4.541403075556528,0.17501610091081077,126.8157791627689,4.595592413936926,0.17727011281391225,128.54114802044927,0.05418933838039841,0.0022540119031014827,1.7253688576803654,T5.5f3b_extension
rough_seed_30,20,wm000_ws020_we080,19,0.0,0.2,0.8,lm060_ls040_le000,0.48,0.37,0.15,0.6,0.4,0.0,4.546272006714354,0.17672150640031684,126.8157791627689,0.08985035254807275,0.7566089101656732,0.0,0.152834999853466,6,4.541403075556528,0.17501610091081077,126.8157791627689,4.595592413936926,0.17727011281391225,128.54114802044927,0.05418933838039841,0.0022540119031014827,1.7253688576803654,T5.5f3b_extension
rough_seed_30,20,wm000_ws000_we100,20,0.0,0.0,1.0,lm060_ls040_le000,0.48,0.37,0.15,0.6,0.4,0.0,4.546272006714354,0.17672150640031684,126.8157791627689,0.08985035254807275,0.7566089101656732,0.0,0.0,6,4.541403075556528,0.17501610091081077,126.8157791627689,4.595592413936926,0.17727011281391225,128.54114802044927,0.05418933838039841,0.0022540119031014827,1.7253688576803654,T5.5f3b_extension
rough_seed_30,20,balanced,21,0.3333333333333333,0.3333333333333333,0.3333333333333333,lm060_ls040_le000,0.48,0.37,0.15,0.6,0.4,0.0,4.546272006714354,0.17672150640031684,126.8157791627689,0.08985035254807275,0.7566089101656732,0.0,0.25502450093093687,6,4.541403075556528,0.17501610091081077,126.8157791627689,4.595592413936926,0.17727011281391225,128.54114802044927,0.05418933838039841,0.0022540119031014827,1.7253688576803654,T5.5f3b_extension
rough_seed_30,20,motion,22,0.7,0.15,0.15,lm060_ls040_le000,0.48,0.37,0.15,0.6,0.4,0.0,4.546272006714354,0.17672150640031684,126.8157791627689,0.08985035254807275,0.7566089101656732,0.0,0.115255202357936,6,4.541403075556528,0.17501610091081077,126.8157791627689,4.595592413936926,0.17727011281391225,128.54114802044927,0.05418933838039841,0.0022540119031014827,1.7253688576803654,T5.5f3b_extension
rough_seed_30,20,stability,23,0.15,0.7,0.15,lm040_ls020_le040,0.36999999999999994,0.26,0.37,0.4,0.2,0.4,4.591478327803371,0.17501610091081077,128.54114802044927,0.92407941752904,0.0,1.0,0.15288611912629355,6,4.541403075556528,0.17501610091081077,126.8157791627689,4.595592413936926,0.17727011281391225,128.54114802044927,0.05418933838039841,0.0022540119031014827,1.7253688576803654,T5.5f3b_extension
rough_seed_30,20,energy,24,0.15,0.15,0.7,lm060_ls040_le000,0.48,0.37,0.15,0.6,0.4,0.0,4.546272006714354,0.17672150640031684,126.8157791627689,0.08985035254807275,0.7566089101656732,0.0,0.1147610254189216,6,4.541403075556528,0.17501610091081077,126.8157791627689,4.595592413936926,0.17727011281391225,128.54114802044927,0.05418933838039841,0.0022540119031014827,1.7253688576803654,T5.5f3b_extension
rough_seed_31,21,wm100_ws000_we000,0,1.0,0.0,0.0,lm100_ls000_le000,0.7,0.15,0.15,1.0,0.0,0.0,4.456873881942336,0.30871152300729143,127.50996913564842,0.0,1.0,1.0,0.0,6,4.456873881942336,0.3058298449017352,126.24318820879552,4.491907864326527,0.30871152300729143,127.50996913564842,0.0350339823841912,0.002881678105556229,1.2667809268529027,T5.5f3b_extension
rough_seed_31,21,wm080_ws020_we000,1,0.8,0.2,0.0,lm080_ls020_le000,0.59,0.26,0.15,0.8,0.2,0.0,4.459570124774199,0.3083627113795838,127.43625918575287,0.0769607863101505,0.878955381229062,0.9418131830586809,0.17816467329875174,6,4.456873881942336,0.3058298449017352,126.24318820879552,4.491907864326527,0.30871152300729143,127.50996913564842,0.0350339823841912,0.002881678105556229,1.2667809268529027,T5.5f3b_extension
rough_seed_31,21,wm080_ws000_we020,2,0.8,0.0,0.2,lm080_ls020_le000,0.59,0.26,0.15,0.8,0.2,0.0,4.459570124774199,0.3083627113795838,127.43625918575287,0.0769607863101505,0.878955381229062,0.9418131830586809,0.19086194926833475,6,4.456873881942336,0.3058298449017352,126.24318820879552,4.491907864326527,0.30871152300729143,127.50996913564842,0.0350339823841912,0.002881678105556229,1.2667809268529027,T5.5f3b_extension
rough_seed_31,21,wm060_ws040_we000,3,0.6,0.4,0.0,lm080_ls020_le000,0.59,0.26,0.15,0.8,0.2,0.0,4.459570124774199,0.3083627113795838,127.43625918575287,0.0769607863101505,0.878955381229062,0.9418131830586809,0.355559738734402,6,4.456873881942336,0.3058298449017352,126.24318820879552,4.491907864326527,0.30871152300729143,127.50996913564842,0.0350339823841912,0.002881678105556229,1.2667809268529027,T5.5f3b_extension
rough_seed_31,21,wm060_ws020_we020,4,0.6,0.2,0.2,lm080_ls020_le000,0.59,0.26,0.15,0.8,0.2,0.0,4.459570124774199,0.3083627113795838,127.43625918575287,0.0769607863101505,0.878955381229062,0.9418131830586809,0.1924659384581726,6,4.456873881942336,0.3058298449017352,126.24318820879552,4.491907864326527,0.30871152300729143,127.50996913564842,0.0350339823841912,0.002881678105556229,1.2667809268529027,T5.5f3b_extension
rough_seed_31,21,wm060_ws000_we040,5,0.6,0.0,0.4,lm080_ls020_le000,0.59,0.26,0.15,0.8,0.2,0.0,4.459570124774199,0.3083627113795838,127.43625918575287,0.0769607863101505,0.878955381229062,0.9418131830586809,0.380954290673568,6,4.456873881942336,0.3058298449017352,126.24318820879552,4.491907864326527,0.30871152300729143,127.50996913564842,0.0350339823841912,0.002881678105556229,1.2667809268529027,T5.5f3b_extension
rough_seed_31,21,wm040_ws060_we000,6,0.4,0.6,0.0,lm020_ls040_le040,0.26,0.36999999999999994,0.37,0.2,0.4,0.4,4.487641900977104,0.30688512851833044,127.40831084786197,0.8782335589873302,0.3662045439983463,0.9197506959320885,0.3570035850948715,6,4.456873881942336,0.3058298449017352,126.24318820879552,4.491907864326527,0.30871152300729143,127.50996913564842,0.0350339823841912,0.002881678105556229,1.2667809268529027,T5.5f3b_extension
rough_seed_31,21,wm040_ws040_we020,7,0.4,0.4,0.2,lm060_ls000_le040,0.48,0.15,0.37,0.6,0.0,0.4,4.485093340857703,0.3079116703732294,127.00451346685198,0.8054881858963553,0.7224351212164187,0.6009920436265485,0.3295089516742463,6,4.456873881942336,0.3058298449017352,126.24318820879552,4.491907864326527,0.30871152300729143,127.50996913564842,0.0350339823841912,0.002881678105556229,1.2667809268529027,T5.5f3b_extension
rough_seed_31,21,wm040_ws020_we040,8,0.4,0.2,0.4,lm040_ls020_le040,0.36999999999999994,0.26,0.37,0.4,0.2,0.4,4.483172654018399,0.3081585741090065,127.07183305512795,0.7506646486164343,0.8081156610730426,0.6541342932838924,0.30750128653632114,6,4.456873881942336,0.3058298449017352,126.24318820879552,4.491907864326527,0.30871152300729143,127.50996913564842,0.0350339823841912,0.002881678105556229,1.2667809268529027,T5.5f3b_extension
rough_seed_31,21,wm040_ws000_we060,9,0.4,0.0,0.6,lm060_ls000_le040,0.48,0.15,0.37,0.6,0.0,0.4,4.485093340857703,0.3079116703732294,127.00451346685198,0.8054881858963553,0.7224351212164187,0.6009920436265485,0.36742313118127373,6,4.456873881942336,0.3058298449017352,126.24318820879552,4.491907864326527,0.30871152300729143,127.50996913564842,0.0350339823841912,0.002881678105556229,1.2667809268529027,T5.5f3b_extension
rough_seed_31,21,wm020_ws080_we000,10,0.2,0.8,0.0,lm000_ls060_le040,0.15,0.48,0.37,0.0,0.6,0.4,4.491907864326527,0.3058298449017352,126.24318820879552,1.0,0.0,0.0,0.202,6,4.456873881942336,0.3058298449017352,126.24318820879552,4.491907864326527,0.30871152300729143,127.50996913564842,0.0350339823841912,0.002881678105556229,1.2667809268529027,T5.5f3b_extension
rough_seed_31,21,wm020_ws060_we020,11,0.2,0.6,0.2,lm000_ls060_le040,0.15,0.48,0.37,0.0,0.6,0.4,4.491907864326527,0.3058298449017352,126.24318820879552,1.0,0.0,0.0,0.202,6,4.456873881942336,0.3058298449017352,126.24318820879552,4.491907864326527,0.30871152300729143,127.50996913564842,0.0350339823841912,0.002881678105556229,1.2667809268529027,T5.5f3b_extension
rough_seed_31,21,wm020_ws040_we040,12,0.2,0.4,0.4,lm000_ls060_le040,0.15,0.48,0.37,0.0,0.6,0.4,4.491907864326527,0.3058298449017352,126.24318820879552,1.0,0.0,0.0,0.202,6,4.456873881942336,0.3058298449017352,126.24318820879552,4.491907864326527,0.30871152300729143,127.50996913564842,0.0350339823841912,0.002881678105556229,1.2667809268529027,T5.5f3b_extension
rough_seed_31,21,wm020_ws020_we060,13,0.2,0.2,0.6,lm000_ls060_le040,0.15,0.48,0.37,0.0,0.6,0.4,4.491907864326527,0.3058298449017352,126.24318820879552,1.0,0.0,0.0,0.202,6,4.456873881942336,0.3058298449017352,126.24318820879552,4.491907864326527,0.30871152300729143,127.50996913564842,0.0350339823841912,0.002881678105556229,1.2667809268529027,T5.5f3b_extension
rough_seed_31,21,wm020_ws000_we080,14,0.2,0.0,0.8,lm000_ls060_le040,0.15,0.48,0.37,0.0,0.6,0.4,4.491907864326527,0.3058298449017352,126.24318820879552,1.0,0.0,0.0,0.202,6,4.456873881942336,0.3058298449017352,126.24318820879552,4.491907864326527,0.30871152300729143,127.50996913564842,0.0350339823841912,0.002881678105556229,1.2667809268529027,T5.5f3b_extension
rough_seed_31,21,wm000_ws100_we000,15,0.0,1.0,0.0,lm000_ls060_le040,0.15,0.48,0.37,0.0,0.6,0.4,4.491907864326527,0.3058298449017352,126.24318820879552,1.0,0.0,0.0,0.0,6,4.456873881942336,0.3058298449017352,126.24318820879552,4.491907864326527,0.30871152300729143,127.50996913564842,0.0350339823841912,0.002881678105556229,1.2667809268529027,T5.5f3b_extension
rough_seed_31,21,wm000_ws080_we020,16,0.0,0.8,0.2,lm000_ls060_le040,0.15,0.48,0.37,0.0,0.6,0.4,4.491907864326527,0.3058298449017352,126.24318820879552,1.0,0.0,0.0,0.0,6,4.456873881942336,0.3058298449017352,126.24318820879552,4.491907864326527,0.30871152300729143,127.50996913564842,0.0350339823841912,0.002881678105556229,1.2667809268529027,T5.5f3b_extension
rough_seed_31,21,wm000_ws060_we040,17,0.0,0.6,0.4,lm000_ls060_le040,0.15,0.48,0.37,0.0,0.6,0.4,4.491907864326527,0.3058298449017352,126.24318820879552,1.0,0.0,0.0,0.0,6,4.456873881942336,0.3058298449017352,126.24318820879552,4.491907864326527,0.30871152300729143,127.50996913564842,0.0350339823841912,0.002881678105556229,1.2667809268529027,T5.5f3b_extension
rough_seed_31,21,wm000_ws040_we060,18,0.0,0.4,0.6,lm000_ls060_le040,0.15,0.48,0.37,0.0,0.6,0.4,4.491907864326527,0.3058298449017352,126.24318820879552,1.0,0.0,0.0,0.0,6,4.456873881942336,0.3058298449017352,126.24318820879552,4.491907864326527,0.30871152300729143,127.50996913564842,0.0350339823841912,0.002881678105556229,1.2667809268529027,T5.5f3b_extension
rough_seed_31,21,wm000_ws020_we080,19,0.0,0.2,0.8,lm000_ls060_le040,0.15,0.48,0.37,0.0,0.6,0.4,4.491907864326527,0.3058298449017352,126.24318820879552,1.0,0.0,0.0,0.0,6,4.456873881942336,0.3058298449017352,126.24318820879552,4.491907864326527,0.30871152300729143,127.50996913564842,0.0350339823841912,0.002881678105556229,1.2667809268529027,T5.5f3b_extension
rough_seed_31,21,wm000_ws000_we100,20,0.0,0.0,1.0,lm000_ls060_le040,0.15,0.48,0.37,0.0,0.6,0.4,4.491907864326527,0.3058298449017352,126.24318820879552,1.0,0.0,0.0,0.0,6,4.456873881942336,0.3058298449017352,126.24318820879552,4.491907864326527,0.30871152300729143,127.50996913564842,0.0350339823841912,0.002881678105556229,1.2667809268529027,T5.5f3b_extension
rough_seed_31,21,balanced,21,0.3333333333333333,0.3333333333333333,0.3333333333333333,lm060_ls000_le040,0.48,0.15,0.37,0.6,0.0,0.4,4.485093340857703,0.3079116703732294,127.00451346685198,0.8054881858963553,0.7224351212164187,0.6009920436265485,0.27559244646791614,6,4.456873881942336,0.3058298449017352,126.24318820879552,4.491907864326527,0.30871152300729143,127.50996913564842,0.0350339823841912,0.002881678105556229,1.2667809268529027,T5.5f3b_extension
rough_seed_31,21,motion,22,0.7,0.15,0.15,lm080_ls020_le000,0.59,0.26,0.15,0.8,0.2,0.0,4.459570124774199,0.3083627113795838,127.43625918575287,0.0769607863101505,0.878955381229062,0.9418131830586809,0.1445418558094048,6,4.456873881942336,0.3058298449017352,126.24318820879552,4.491907864326527,0.30871152300729143,127.50996913564842,0.0350339823841912,0.002881678105556229,1.2667809268529027,T5.5f3b_extension
rough_seed_31,21,stability,23,0.15,0.7,0.15,lm000_ls060_le040,0.15,0.48,0.37,0.0,0.6,0.4,4.491907864326527,0.3058298449017352,126.24318820879552,1.0,0.0,0.0,0.1515,6,4.456873881942336,0.3058298449017352,126.24318820879552,4.491907864326527,0.30871152300729143,127.50996913564842,0.0350339823841912,0.002881678105556229,1.2667809268529027,T5.5f3b_extension
rough_seed_31,21,energy,24,0.15,0.15,0.7,lm000_ls060_le040,0.15,0.48,0.37,0.0,0.6,0.4,4.491907864326527,0.3058298449017352,126.24318820879552,1.0,0.0,0.0,0.1515,6,4.456873881942336,0.3058298449017352,126.24318820879552,4.491907864326527,0.30871152300729143,127.50996913564842,0.0350339823841912,0.002881678105556229,1.2667809268529027,T5.5f3b_extension
rough_seed_32,22,wm100_ws000_we000,0,1.0,0.0,0.0,lm100_ls000_le000,0.7,0.15,0.15,1.0,0.0,0.0,4.622605399184798,0.17198538355838852,116.34199534958928,0.0,1.0,0.0,0.0,10,4.622605399184798,0.1554923044951415,116.34199534958928,4.76697548711434,0.17198538355838852,119.51627496732041,0.1443700879295422,0.016493079063247013,3.1742796177311305,T5.5f3b_extension
rough_seed_32,22,wm080_ws020_we000,1,0.8,0.2,0.0,lm040_ls060_le000,0.37,0.48,0.15,0.4,0.6,0.0,4.633824211276101,0.17163910315220857,116.94427343048012,0.0777087016583257,0.9790045021398338,0.18973693354756477,0.19838057904551304,10,4.622605399184798,0.1554923044951415,116.34199534958928,4.76697548711434,0.17198538355838852,119.51627496732041,0.1443700879295422,0.016493079063247013,3.1742796177311305,T5.5f3b_extension
rough_seed_32,22,wm080_ws000_we020,2,0.8,0.0,0.2,lm100_ls000_le000,0.7,0.15,0.15,1.0,0.0,0.0,4.622605399184798,0.17198538355838852,116.34199534958928,0.0,1.0,0.0,0.0,10,4.622605399184798,0.1554923044951415,116.34199534958928,4.76697548711434,0.17198538355838852,119.51627496732041,0.1443700879295422,0.016493079063247013,3.1742796177311305,T5.5f3b_extension
rough_seed_32,22,wm060_ws040_we000,3,0.6,0.4,0.0,lm040_ls040_le020,0.37,0.37,0.26,0.4,0.4,0.2,4.689683751108778,0.15620013790622495,119.09262020828531,0.464627769408278,0.04291699617573313,0.8665351481108912,0.2817360962461194,10,4.622605399184798,0.1554923044951415,116.34199534958928,4.76697548711434,0.17198538355838852,119.51627496732041,0.1443700879295422,0.016493079063247013,3.1742796177311305,T5.5f3b_extension
rough_seed_32,22,wm060_ws020_we020,4,0.6,0.2,0.2,lm040_ls060_le000,0.37,0.48,0.15,0.4,0.6,0.0,4.633824211276101,0.17163910315220857,116.94427343048012,0.0777087016583257,0.9790045021398338,0.18973693354756477,0.19860463550929153,10,4.622605399184798,0.1554923044951415,116.34199534958928,4.76697548711434,0.17198538355838852,119.51627496732041,0.1443700879295422,0.016493079063247013,3.1742796177311305,T5.5f3b_extension
rough_seed_32,22,wm060_ws000_we040,5,0.6,0.0,0.4,lm100_ls000_le000,0.7,0.15,0.15,1.0,0.0,0.0,4.622605399184798,0.17198538355838852,116.34199534958928,0.0,1.0,0.0,0.0,10,4.622605399184798,0.1554923044951415,116.34199534958928,4.76697548711434,0.17198538355838852,119.51627496732041,0.1443700879295422,0.016493079063247013,3.1742796177311305,T5.5f3b_extension
rough_seed_32,22,wm040_ws060_we000,6,0.4,0.6,0.0,lm040_ls040_le020,0.37,0.37,0.26,0.4,0.4,0.2,4.689683751108778,0.15620013790622495,119.09262020828531,0.464627769408278,0.04291699617573313,0.8665351481108912,0.1879671208179987,10,4.622605399184798,0.1554923044951415,116.34199534958928,4.76697548711434,0.17198538355838852,119.51627496732041,0.1443700879295422,0.016493079063247013,3.1742796177311305,T5.5f3b_extension
rough_seed_32,22,wm040_ws040_we020,7,0.4,0.4,0.2,lm040_ls040_le020,0.37,0.37,0.26,0.4,0.4,0.2,4.689683751108778,0.15620013790622495,119.09262020828531,0.464627769408278,0.04291699617573313,0.8665351481108912,0.18961435712186903,10,4.622605399184798,0.1554923044951415,116.34199534958928,4.76697548711434,0.17198538355838852,119.51627496732041,0.1443700879295422,0.016493079063247013,3.1742796177311305,T5.5f3b_extension
rough_seed_32,22,wm040_ws020_we040,8,0.4,0.2,0.4,lm040_ls060_le000,0.37,0.48,0.15,0.4,0.6,0.0,4.633824211276101,0.17163910315220857,116.94427343048012,0.0777087016583257,0.9790045021398338,0.18973693354756477,0.19882869197307002,10,4.622605399184798,0.1554923044951415,116.34199534958928,4.76697548711434,0.17198538355838852,119.51627496732041,0.1443700879295422,0.016493079063247013,3.1742796177311305,T5.5f3b_extension
rough_seed_32,22,wm040_ws000_we060,9,0.4,0.0,0.6,lm100_ls000_le000,0.7,0.15,0.15,1.0,0.0,0.0,4.622605399184798,0.17198538355838852,116.34199534958928,0.0,1.0,0.0,0.0,10,4.622605399184798,0.1554923044951415,116.34199534958928,4.76697548711434,0.17198538355838852,119.51627496732041,0.1443700879295422,0.016493079063247013,3.1742796177311305,T5.5f3b_extension
rough_seed_32,22,wm020_ws080_we000,10,0.2,0.8,0.0,lm040_ls040_le020,0.37,0.37,0.26,0.4,0.4,0.2,4.689683751108778,0.15620013790622495,119.09262020828531,0.464627769408278,0.04291699617573313,0.8665351481108912,0.09419814538987803,10,4.622605399184798,0.1554923044951415,116.34199534958928,4.76697548711434,0.17198538355838852,119.51627496732041,0.1443700879295422,0.016493079063247013,3.1742796177311305,T5.5f3b_extension
rough_seed_32,22,wm020_ws060_we020,11,0.2,0.6,0.2,lm040_ls000_le060,0.37,0.15,0.48,0.4,0.0,0.6,4.71965472964836,0.1562113856091447,119.01745606588368,0.6722260258712672,0.04359896119127752,0.842856029868826,0.17186296385239305,10,4.622605399184798,0.1554923044951415,116.34199534958928,4.76697548711434,0.17198538355838852,119.51627496732041,0.1443700879295422,0.016493079063247013,3.1742796177311305,T5.5f3b_extension
rough_seed_32,22,wm020_ws040_we040,12,0.2,0.4,0.4,lm040_ls000_le060,0.37,0.15,0.48,0.4,0.0,0.6,4.71965472964836,0.1562113856091447,119.01745606588368,0.6722260258712672,0.04359896119127752,0.842856029868826,0.3420326839635134,10,4.622605399184798,0.1554923044951415,116.34199534958928,4.76697548711434,0.17198538355838852,119.51627496732041,0.1443700879295422,0.016493079063247013,3.1742796177311305,T5.5f3b_extension
rough_seed_32,22,wm020_ws020_we060,13,0.2,0.2,0.6,lm040_ls060_le000,0.37,0.48,0.15,0.4,0.6,0.0,4.633824211276101,0.17163910315220857,116.94427343048012,0.0777087016583257,0.9790045021398338,0.18973693354756477,0.19905274843684848,10,4.622605399184798,0.1554923044951415,116.34199534958928,4.76697548711434,0.17198538355838852,119.51627496732041,0.1443700879295422,0.016493079063247013,3.1742796177311305,T5.5f3b_extension
rough_seed_32,22,wm020_ws000_we080,14,0.2,0.0,0.8,lm100_ls000_le000,0.7,0.15,0.15,1.0,0.0,0.0,4.622605399184798,0.17198538355838852,116.34199534958928,0.0,1.0,0.0,0.0,10,4.622605399184798,0.1554923044951415,116.34199534958928,4.76697548711434,0.17198538355838852,119.51627496732041,0.1443700879295422,0.016493079063247013,3.1742796177311305,T5.5f3b_extension
rough_seed_32,22,wm000_ws100_we000,15,0.0,1.0,0.0,lm020_ls000_le080,0.26,0.15,0.59,0.2,0.0,0.8,4.76697548711434,0.1554923044951415,119.51627496732041,1.0,0.0,1.0,0.0,10,4.622605399184798,0.1554923044951415,116.34199534958928,4.76697548711434,0.17198538355838852,119.51627496732041,0.1443700879295422,0.016493079063247013,3.1742796177311305,T5.5f3b_extension
rough_seed_32,22,wm000_ws080_we020,16,0.0,0.8,0.2,lm040_ls000_le060,0.37,0.15,0.48,0.4,0.0,0.6,4.71965472964836,0.1562113856091447,119.01745606588368,0.6722260258712672,0.04359896119127752,0.842856029868826,0.17060570972303307,10,4.622605399184798,0.1554923044951415,116.34199534958928,4.76697548711434,0.17198538355838852,119.51627496732041,0.1443700879295422,0.016493079063247013,3.1742796177311305,T5.5f3b_extension
rough_seed_32,22,wm000_ws060_we040,17,0.0,0.6,0.4,lm040_ls000_le060,0.37,0.15,0.48,0.4,0.0,0.6,4.71965472964836,0.1562113856091447,119.01745606588368,0.6722260258712672,0.04359896119127752,0.842856029868826,0.3407754298341534,10,4.622605399184798,0.1554923044951415,116.34199534958928,4.76697548711434,0.17198538355838852,119.51627496732041,0.1443700879295422,0.016493079063247013,3.1742796177311305,T5.5f3b_extension
rough_seed_32,22,wm000_ws040_we060,18,0.0,0.4,0.6,lm000_ls100_le000,0.15,0.7,0.15,0.0,1.0,0.0,4.642379131783979,0.17163924186947183,116.91164326533935,0.13696557841560247,0.9790129127745447,0.17945738383225135,0.3965979610639096,10,4.622605399184798,0.1554923044951415,116.34199534958928,4.76697548711434,0.17198538355838852,119.51627496732041,0.1443700879295422,0.016493079063247013,3.1742796177311305,T5.5f3b_extension
rough_seed_32,22,wm000_ws020_we080,19,0.0,0.2,0.8,lm000_ls100_le000,0.15,0.7,0.15,0.0,1.0,0.0,4.642379131783979,0.17163924186947183,116.91164326533935,0.13696557841560247,0.9790129127745447,0.17945738383225135,0.19919626745111604,10,4.622605399184798,0.1554923044951415,116.34199534958928,4.76697548711434,0.17198538355838852,119.51627496732041,0.1443700879295422,0.016493079063247013,3.1742796177311305,T5.5f3b_extension
rough_seed_32,22,wm000_ws000_we100,20,0.0,0.0,1.0,lm100_ls000_le000,0.7,0.15,0.15,1.0,0.0,0.0,4.622605399184798,0.17198538355838852,116.34199534958928,0.0,1.0,0.0,0.0,10,4.622605399184798,0.1554923044951415,116.34199534958928,4.76697548711434,0.17198538355838852,119.51627496732041,0.1443700879295422,0.016493079063247013,3.1742796177311305,T5.5f3b_extension
rough_seed_32,22,balanced,21,0.3333333333333333,0.3333333333333333,0.3333333333333333,lm040_ls000_le060,0.37,0.15,0.48,0.4,0.0,0.6,4.71965472964836,0.1562113856091447,119.01745606588368,0.6722260258712672,0.04359896119127752,0.842856029868826,0.28614761334604655,10,4.622605399184798,0.1554923044951415,116.34199534958928,4.76697548711434,0.17198538355838852,119.51627496732041,0.1443700879295422,0.016493079063247013,3.1742796177311305,T5.5f3b_extension
rough_seed_32,22,motion,22,0.7,0.15,0.15,lm040_ls060_le000,0.37,0.48,0.15,0.4,0.6,0.0,4.633824211276101,0.17163910315220857,116.94427343048012,0.0777087016583257,0.9790045021398338,0.18973693354756477,0.14914774838611444,10,4.622605399184798,0.1554923044951415,116.34199534958928,4.76697548711434,0.17198538355838852,119.51627496732041,0.1443700879295422,0.016493079063247013,3.1742796177311305,T5.5f3b_extension
rough_seed_32,22,stability,23,0.15,0.7,0.15,lm040_ls000_le060,0.37,0.15,0.48,0.4,0.0,0.6,4.71965472964836,0.1562113856091447,119.01745606588368,0.6722260258712672,0.04359896119127752,0.842856029868826,0.12900622029227296,10,4.622605399184798,0.1554923044951415,116.34199534958928,4.76697548711434,0.17198538355838852,119.51627496732041,0.1443700879295422,0.016493079063247013,3.1742796177311305,T5.5f3b_extension
rough_seed_32,22,energy,24,0.15,0.15,0.7,lm040_ls060_le000,0.37,0.48,0.15,0.4,0.6,0.0,4.633824211276101,0.17163910315220857,116.94427343048012,0.0777087016583257,0.9790045021398338,0.18973693354756477,0.14976390366150527,10,4.622605399184798,0.1554923044951415,116.34199534958928,4.76697548711434,0.17198538355838852,119.51627496732041,0.1443700879295422,0.016493079063247013,3.1742796177311305,T5.5f3b_extension
rough_seed_33,23,wm100_ws000_we000,0,1.0,0.0,0.0,lm100_ls000_le000,0.7,0.15,0.15,1.0,0.0,0.0,4.421003718942344,0.3174074846357558,126.24107857354849,0.0,0.8347520379587701,0.7115946539860168,0.0,11,4.421003718942344,0.30956916377844673,124.78884336114466,4.514229025246849,0.3189591628450872,126.82966140870741,0.09322530630450565,0.009389999066640453,2.0408180475627518,T5.5f3b_extension
rough_seed_33,23,wm080_ws020_we000,1,0.8,0.2,0.0,lm040_ls060_le000,0.37,0.48,0.15,0.4,0.6,0.0,4.430260385478992,0.31718157643448214,126.04741881116541,0.09929349554951597,0.810693654175087,0.6167014504422929,0.1645544661077637,11,4.421003718942344,0.30956916377844673,124.78884336114466,4.514229025246849,0.3189591628450872,126.82966140870741,0.09322530630450565,0.009389999066640453,2.0408180475627518,T5.5f3b_extension
rough_seed_33,23,wm080_ws000_we020,2,0.8,0.0,0.2,lm040_ls060_le000,0.37,0.48,0.15,0.4,0.6,0.0,4.430260385478992,0.31718157643448214,126.04741881116541,0.09929349554951597,0.810693654175087,0.6167014504422929,0.1253680409537393,11,4.421003718942344,0.30956916377844673,124.78884336114466,4.514229025246849,0.3189591628450872,126.82966140870741,0.09322530630450565,0.009389999066640453,2.0408180475627518,T5.5f3b_extension
rough_seed_33,23,wm060_ws040_we000,3,0.6,0.4,0.0,lm060_ls020_le020,0.48,0.26,0.26,0.6,0.2,0.2,4.456194917799555,0.3153606685516944,126.07739632513885,0.3774854731210476,0.6167737325792697,0.6313904199019836,0.2514415008007512,11,4.421003718942344,0.30956916377844673,124.78884336114466,4.514229025246849,0.3189591628450872,126.82966140870741,0.09322530630450565,0.009389999066640453,2.0408180475627518,T5.5f3b_extension
rough_seed_33,23,wm060_ws020_we020,4,0.6,0.2,0.2,lm040_ls060_le000,0.37,0.48,0.15,0.4,0.6,0.0,4.430260385478992,0.31718157643448214,126.04741881116541,0.09929349554951597,0.810693654175087,0.6167014504422929,0.16558928201754924,11,4.421003718942344,0.30956916377844673,124.78884336114466,4.514229025246849,0.3189591628450872,126.82966140870741,0.09322530630450565,0.009389999066640453,2.0408180475627518,T5.5f3b_extension
rough_seed_33,23,wm060_ws000_we040,5,0.6,0.0,0.4,lm000_ls100_le000,0.15,0.7,0.15,0.0,1.0,0.0,4.438528520812943,0.3189591628450872,125.79771880508295,0.1879833123139027,1.0,0.49434855064278954,0.2008447143335704,11,4.421003718942344,0.30956916377844673,124.78884336114466,4.514229025246849,0.3189591628450872,126.82966140870741,0.09322530630450565,0.009389999066640453,2.0408180475627518,T5.5f3b_extension
rough_seed_33,23,wm040_ws060_we000,6,0.4,0.6,0.0,lm040_ls040_le020,0.37,0.37,0.26,0.4,0.4,0.2,4.478124528316419,0.3116038434939862,125.15907166803495,0.6127178513900459,0.2166858272401736,0.18141171739070153,0.24883812692501958,11,4.421003718942344,0.30956916377844673,124.78884336114466,4.514229025246849,0.3189591628450872,126.82966140870741,0.09322530630450565,0.009389999066640453,2.0408180475627518,T5.5f3b_extension
rough_seed_33,23,wm040_ws040_we020,7,0.4,0.4,0.2,lm060_ls000_le040,0.48,0.15,0.37,0.6,0.0,0.4,4.475143330371543,0.31442904751636414,126.82966140870741,0.5807394319774134,0.5175595549506448,1.0,0.2386889687386776,11,4.421003718942344,0.30956916377844673,124.78884336114466,4.514229025246849,0.3189591628450872,126.82966140870741,0.09322530630450565,0.009389999066640453,2.0408180475627518,T5.5f3b_extension
rough_seed_33,23,wm040_ws020_we040,8,0.4,0.2,0.4,lm000_ls100_le000,0.15,0.7,0.15,0.0,1.0,0.0,4.438528520812943,0.3189591628450872,125.79771880508295,0.1879833123139027,1.0,0.49434855064278954,0.2047293274518268,11,4.421003718942344,0.30956916377844673,124.78884336114466,4.514229025246849,0.3189591628450872,126.82966140870741,0.09322530630450565,0.009389999066640453,2.0408180475627518,T5.5f3b_extension
rough_seed_33,23,wm040_ws000_we060,9,0.4,0.0,0.6,lm040_ls040_le020,0.37,0.37,0.26,0.4,0.4,0.2,4.478124528316419,0.3116038434939862,125.15907166803495,0.6127178513900459,0.2166858272401736,0.18141171739070153,0.24862648226592274,11,4.421003718942344,0.30956916377844673,124.78884336114466,4.514229025246849,0.3189591628450872,126.82966140870741,0.09322530630450565,0.009389999066640453,2.0408180475627518,T5.5f3b_extension
rough_seed_33,23,wm020_ws080_we000,10,0.2,0.8,0.0,lm000_ls080_le020,0.15,0.59,0.26,0.0,0.8,0.2,4.483967414742807,0.31133533585432693,125.04688114639504,0.6753927479176356,0.1880907616013322,0.12643840814644985,0.1533281208697117,11,4.421003718942344,0.30956916377844673,124.78884336114466,4.514229025246849,0.3189591628450872,126.82966140870741,0.09322530630450565,0.009389999066640453,2.0408180475627518,T5.5f3b_extension
rough_seed_33,23,wm020_ws060_we020,11,0.2,0.6,0.2,lm040_ls040_le020,0.37,0.37,0.26,0.4,0.4,0.2,4.478124528316419,0.3116038434939862,125.15907166803495,0.6127178513900459,0.2166858272401736,0.18141171739070153,0.1328998704451067,11,4.421003718942344,0.30956916377844673,124.78884336114466,4.514229025246849,0.3189591628450872,126.82966140870741,0.09322530630450565,0.009389999066640453,2.0408180475627518,T5.5f3b_extension
rough_seed_33,23,wm020_ws040_we040,12,0.2,0.4,0.4,lm040_ls040_le020,0.37,0.37,0.26,0.4,0.4,0.2,4.478124528316419,0.3116038434939862,125.15907166803495,0.6127178513900459,0.2166858272401736,0.18141171739070153,0.12536139615931277,11,4.421003718942344,0.30956916377844673,124.78884336114466,4.514229025246849,0.3189591628450872,126.82966140870741,0.09322530630450565,0.009389999066640453,2.0408180475627518,T5.5f3b_extension
rough_seed_33,23,wm020_ws020_we060,13,0.2,0.2,0.6,lm040_ls040_le020,0.37,0.37,0.26,0.4,0.4,0.2,4.478124528316419,0.3116038434939862,125.15907166803495,0.6127178513900459,0.2166858272401736,0.18141171739070153,0.12529084793961381,11,4.421003718942344,0.30956916377844673,124.78884336114466,4.514229025246849,0.3189591628450872,126.82966140870741,0.09322530630450565,0.009389999066640453,2.0408180475627518,T5.5f3b_extension
rough_seed_33,23,wm020_ws000_we080,14,0.2,0.0,0.8,lm000_ls080_le020,0.15,0.59,0.26,0.0,0.8,0.2,4.483967414742807,0.31133533585432693,125.04688114639504,0.6753927479176356,0.1880907616013322,0.12643840814644985,0.137440842344534,11,4.421003718942344,0.30956916377844673,124.78884336114466,4.514229025246849,0.3189591628450872,126.82966140870741,0.09322530630450565,0.009389999066640453,2.0408180475627518,T5.5f3b_extension
rough_seed_33,23,wm000_ws100_we000,15,0.0,1.0,0.0,lm000_ls040_le060,0.15,0.37,0.48,0.0,0.4,0.6,4.514229025246849,0.30956916377844673,124.78884336114466,1.0,0.0,0.0,0.0,11,4.421003718942344,0.30956916377844673,124.78884336114466,4.514229025246849,0.3189591628450872,126.82966140870741,0.09322530630450565,0.009389999066640453,2.0408180475627518,T5.5f3b_extension
rough_seed_33,23,wm000_ws080_we020,16,0.0,0.8,0.2,lm000_ls040_le060,0.15,0.37,0.48,0.0,0.4,0.6,4.514229025246849,0.30956916377844673,124.78884336114466,1.0,0.0,0.0,0.0,11,4.421003718942344,0.30956916377844673,124.78884336114466,4.514229025246849,0.3189591628450872,126.82966140870741,0.09322530630450565,0.009389999066640453,2.0408180475627518,T5.5f3b_extension
rough_seed_33,23,wm000_ws060_we040,17,0.0,0.6,0.4,lm000_ls040_le060,0.15,0.37,0.48,0.0,0.4,0.6,4.514229025246849,0.30956916377844673,124.78884336114466,1.0,0.0,0.0,0.0,11,4.421003718942344,0.30956916377844673,124.78884336114466,4.514229025246849,0.3189591628450872,126.82966140870741,0.09322530630450565,0.009389999066640453,2.0408180475627518,T5.5f3b_extension
rough_seed_33,23,wm000_ws040_we060,18,0.0,0.4,0.6,lm000_ls040_le060,0.15,0.37,0.48,0.0,0.4,0.6,4.514229025246849,0.30956916377844673,124.78884336114466,1.0,0.0,0.0,0.0,11,4.421003718942344,0.30956916377844673,124.78884336114466,4.514229025246849,0.3189591628450872,126.82966140870741,0.09322530630450565,0.009389999066640453,2.0408180475627518,T5.5f3b_extension
rough_seed_33,23,wm000_ws020_we080,19,0.0,0.2,0.8,lm000_ls040_le060,0.15,0.37,0.48,0.0,0.4,0.6,4.514229025246849,0.30956916377844673,124.78884336114466,1.0,0.0,0.0,0.0,11,4.421003718942344,0.30956916377844673,124.78884336114466,4.514229025246849,0.3189591628450872,126.82966140870741,0.09322530630450565,0.009389999066640453,2.0408180475627518,T5.5f3b_extension
rough_seed_33,23,wm000_ws000_we100,20,0.0,0.0,1.0,lm000_ls040_le060,0.15,0.37,0.48,0.0,0.4,0.6,4.514229025246849,0.30956916377844673,124.78884336114466,1.0,0.0,0.0,0.0,11,4.421003718942344,0.30956916377844673,124.78884336114466,4.514229025246849,0.3189591628450872,126.82966140870741,0.09322530630450565,0.009389999066640453,2.0408180475627518,T5.5f3b_extension
rough_seed_33,23,balanced,21,0.3333333333333333,0.3333333333333333,0.3333333333333333,lm040_ls040_le020,0.37,0.37,0.26,0.4,0.4,0.2,4.478124528316419,0.3116038434939862,125.15907166803495,0.6127178513900459,0.2166858272401736,0.18141171739070153,0.207608668450085,11,4.421003718942344,0.30956916377844673,124.78884336114466,4.514229025246849,0.3189591628450872,126.82966140870741,0.09322530630450565,0.009389999066640453,2.0408180475627518,T5.5f3b_extension
rough_seed_33,23,motion,22,0.7,0.15,0.15,lm040_ls060_le000,0.37,0.48,0.15,0.4,0.6,0.0,4.430260385478992,0.31718157643448214,126.04741881116541,0.09929349554951597,0.810693654175087,0.6167014504422929,0.12444019525203573,11,4.421003718942344,0.30956916377844673,124.78884336114466,4.514229025246849,0.3189591628450872,126.82966140870741,0.09322530630450565,0.009389999066640453,2.0408180475627518,T5.5f3b_extension
rough_seed_33,23,stability,23,0.15,0.7,0.15,lm000_ls080_le020,0.15,0.59,0.26,0.0,0.8,0.2,4.483967414742807,0.31133533585432693,125.04688114639504,0.6753927479176356,0.1880907616013322,0.12643840814644985,0.13418291518623798,11,4.421003718942344,0.30956916377844673,124.78884336114466,4.514229025246849,0.3189591628450872,126.82966140870741,0.09322530630450565,0.009389999066640453,2.0408180475627518,T5.5f3b_extension
rough_seed_33,23,energy,24,0.15,0.15,0.7,lm000_ls080_le020,0.15,0.59,0.26,0.0,0.8,0.2,4.483967414742807,0.31133533585432693,125.04688114639504,0.6753927479176356,0.1880907616013322,0.12643840814644985,0.10348920630894894,11,4.421003718942344,0.30956916377844673,124.78884336114466,4.514229025246849,0.3189591628450872,126.82966140870741,0.09322530630450565,0.009389999066640453,2.0408180475627518,T5.5f3b_extension
rough_seed_35,24,wm100_ws000_we000,0,1.0,0.0,0.0,lm100_ls000_le000,0.7,0.15,0.15,1.0,0.0,0.0,4.50293193260854,0.32877789635144467,133.4735347407163,0.0,0.17411624533976444,1.0,0.0,3,4.50293193260854,0.32865286620422696,133.12912115362474,4.507624469803866,0.32937095053331256,133.4735347407163,0.004692537195325919,0.0007180843290855998,0.3444135870915659,T5.5f3b_extension
rough_seed_35,24,wm080_ws020_we000,1,0.8,0.2,0.0,lm100_ls000_le000,0.7,0.15,0.15,1.0,0.0,0.0,4.50293193260854,0.32877789635144467,133.4735347407163,0.0,0.17411624533976444,1.0,0.035171481558632416,3,4.50293193260854,0.32865286620422696,133.12912115362474,4.507624469803866,0.32937095053331256,133.4735347407163,0.004692537195325919,0.0007180843290855998,0.3444135870915659,T5.5f3b_extension
rough_seed_35,24,wm080_ws000_we020,2,0.8,0.0,0.2,lm100_ls000_le000,0.7,0.15,0.15,1.0,0.0,0.0,4.50293193260854,0.32877789635144467,133.4735347407163,0.0,0.17411624533976444,1.0,0.202,3,4.50293193260854,0.32865286620422696,133.12912115362474,4.507624469803866,0.32937095053331256,133.4735347407163,0.004692537195325919,0.0007180843290855998,0.3444135870915659,T5.5f3b_extension
rough_seed_35,24,wm060_ws040_we000,3,0.6,0.4,0.0,lm100_ls000_le000,0.7,0.15,0.15,1.0,0.0,0.0,4.50293193260854,0.32877789635144467,133.4735347407163,0.0,0.17411624533976444,1.0,0.07034296311726483,3,4.50293193260854,0.32865286620422696,133.12912115362474,4.507624469803866,0.32937095053331256,133.4735347407163,0.004692537195325919,0.0007180843290855998,0.3444135870915659,T5.5f3b_extension
rough_seed_35,24,wm060_ws020_we020,4,0.6,0.2,0.2,lm100_ls000_le000,0.7,0.15,0.15,1.0,0.0,0.0,4.50293193260854,0.32877789635144467,133.4735347407163,0.0,0.17411624533976444,1.0,0.20234823249067954,3,4.50293193260854,0.32865286620422696,133.12912115362474,4.507624469803866,0.32937095053331256,133.4735347407163,0.004692537195325919,0.0007180843290855998,0.3444135870915659,T5.5f3b_extension
rough_seed_35,24,wm060_ws000_we040,5,0.6,0.0,0.4,lm100_ls000_le000,0.7,0.15,0.15,1.0,0.0,0.0,4.50293193260854,0.32877789635144467,133.4735347407163,0.0,0.17411624533976444,1.0,0.404,3,4.50293193260854,0.32865286620422696,133.12912115362474,4.507624469803866,0.32937095053331256,133.4735347407163,0.004692537195325919,0.0007180843290855998,0.3444135870915659,T5.5f3b_extension
rough_seed_35,24,wm040_ws060_we000,6,0.4,0.6,0.0,lm100_ls000_le000,0.7,0.15,0.15,1.0,0.0,0.0,4.50293193260854,0.32877789635144467,133.4735347407163,0.0,0.17411624533976444,1.0,0.10551444467589725,3,4.50293193260854,0.32865286620422696,133.12912115362474,4.507624469803866,0.32937095053331256,133.4735347407163,0.004692537195325919,0.0007180843290855998,0.3444135870915659,T5.5f3b_extension
rough_seed_35,24,wm040_ws040_we020,7,0.4,0.4,0.2,lm100_ls000_le000,0.7,0.15,0.15,1.0,0.0,0.0,4.50293193260854,0.32877789635144467,133.4735347407163,0.0,0.17411624533976444,1.0,0.20269646498135907,3,4.50293193260854,0.32865286620422696,133.12912115362474,4.507624469803866,0.32937095053331256,133.4735347407163,0.004692537195325919,0.0007180843290855998,0.3444135870915659,T5.5f3b_extension
rough_seed_35,24,wm040_ws020_we040,8,0.4,0.2,0.4,lm080_ls020_le000,0.59,0.26,0.15,0.8,0.2,0.0,4.50616597593582,0.32865286620422696,133.3175688459842,0.6891886398901031,0.0,0.5471552209970152,0.2806208313995897,3,4.50293193260854,0.32865286620422696,133.12912115362474,4.507624469803866,0.32937095053331256,133.4735347407163,0.004692537195325919,0.0007180843290855998,0.3444135870915659,T5.5f3b_extension
rough_seed_35,24,wm040_ws000_we060,9,0.4,0.0,0.6,lm080_ls020_le000,0.59,0.26,0.15,0.8,0.2,0.0,4.50616597593582,0.32865286620422696,133.3175688459842,0.6891886398901031,0.0,0.5471552209970152,0.33433281848375157,3,4.50293193260854,0.32865286620422696,133.12912115362474,4.507624469803866,0.32937095053331256,133.4735347407163,0.004692537195325919,0.0007180843290855998,0.3444135870915659,T5.5f3b_extension
rough_seed_35,24,wm020_ws080_we000,10,0.2,0.8,0.0,lm080_ls020_le000,0.59,0.26,0.15,0.8,0.2,0.0,4.50616597593582,0.32865286620422696,133.3175688459842,0.6891886398901031,0.0,0.5471552209970152,0.13921610525780084,3,4.50293193260854,0.32865286620422696,133.12912115362474,4.507624469803866,0.32937095053331256,133.4735347407163,0.004692537195325919,0.0007180843290855998,0.3444135870915659,T5.5f3b_extension
rough_seed_35,24,wm020_ws060_we020,11,0.2,0.6,0.2,lm080_ls020_le000,0.59,0.26,0.15,0.8,0.2,0.0,4.50616597593582,0.32865286620422696,133.3175688459842,0.6891886398901031,0.0,0.5471552209970152,0.14031041569979485,3,4.50293193260854,0.32865286620422696,133.12912115362474,4.507624469803866,0.32937095053331256,133.4735347407163,0.004692537195325919,0.0007180843290855998,0.3444135870915659,T5.5f3b_extension
rough_seed_35,24,wm020_ws040_we040,12,0.2,0.4,0.4,lm080_ls020_le000,0.59,0.26,0.15,0.8,0.2,0.0,4.50616597593582,0.32865286620422696,133.3175688459842,0.6891886398901031,0.0,0.5471552209970152,0.22242908656257435,3,4.50293193260854,0.32865286620422696,133.12912115362474,4.507624469803866,0.32937095053331256,133.4735347407163,0.004692537195325919,0.0007180843290855998,0.3444135870915659,T5.5f3b_extension
rough_seed_35,24,wm020_ws020_we060,13,0.2,0.2,0.6,lm060_ls040_le000,0.48,0.37,0.15,0.6,0.4,0.0,4.507624469803866,0.32937095053331256,133.12912115362474,1.0,1.0,0.0,0.20400000000000001,3,4.50293193260854,0.32865286620422696,133.12912115362474,4.507624469803866,0.32937095053331256,133.4735347407163,0.004692537195325919,0.0007180843290855998,0.3444135870915659,T5.5f3b_extension
rough_seed_35,24,wm020_ws000_we080,14,0.2,0.0,0.8,lm060_ls040_le000,0.48,0.37,0.15,0.6,0.4,0.0,4.507624469803866,0.32937095053331256,133.12912115362474,1.0,1.0,0.0,0.202,3,4.50293193260854,0.32865286620422696,133.12912115362474,4.507624469803866,0.32937095053331256,133.4735347407163,0.004692537195325919,0.0007180843290855998,0.3444135870915659,T5.5f3b_extension
rough_seed_35,24,wm000_ws100_we000,15,0.0,1.0,0.0,lm080_ls020_le000,0.59,0.26,0.15,0.8,0.2,0.0,4.50616597593582,0.32865286620422696,133.3175688459842,0.6891886398901031,0.0,0.5471552209970152,0.0,3,4.50293193260854,0.32865286620422696,133.12912115362474,4.507624469803866,0.32937095053331256,133.4735347407163,0.004692537195325919,0.0007180843290855998,0.3444135870915659,T5.5f3b_extension
rough_seed_35,24,wm000_ws080_we020,16,0.0,0.8,0.2,lm080_ls020_le000,0.59,0.26,0.15,0.8,0.2,0.0,4.50616597593582,0.32865286620422696,133.3175688459842,0.6891886398901031,0.0,0.5471552209970152,0.11052535464139707,3,4.50293193260854,0.32865286620422696,133.12912115362474,4.507624469803866,0.32937095053331256,133.4735347407163,0.004692537195325919,0.0007180843290855998,0.3444135870915659,T5.5f3b_extension
rough_seed_35,24,wm000_ws060_we040,17,0.0,0.6,0.4,lm080_ls020_le000,0.59,0.26,0.15,0.8,0.2,0.0,4.50616597593582,0.32865286620422696,133.3175688459842,0.6891886398901031,0.0,0.5471552209970152,0.22105070928279413,3,4.50293193260854,0.32865286620422696,133.12912115362474,4.507624469803866,0.32937095053331256,133.4735347407163,0.004692537195325919,0.0007180843290855998,0.3444135870915659,T5.5f3b_extension
rough_seed_35,24,wm000_ws040_we060,18,0.0,0.4,0.6,lm080_ls020_le000,0.59,0.26,0.15,0.8,0.2,0.0,4.50616597593582,0.32865286620422696,133.3175688459842,0.6891886398901031,0.0,0.5471552209970152,0.33157606392419114,3,4.50293193260854,0.32865286620422696,133.12912115362474,4.507624469803866,0.32937095053331256,133.4735347407163,0.004692537195325919,0.0007180843290855998,0.3444135870915659,T5.5f3b_extension
rough_seed_35,24,wm000_ws020_we080,19,0.0,0.2,0.8,lm060_ls040_le000,0.48,0.37,0.15,0.6,0.4,0.0,4.507624469803866,0.32937095053331256,133.12912115362474,1.0,1.0,0.0,0.202,3,4.50293193260854,0.32865286620422696,133.12912115362474,4.507624469803866,0.32937095053331256,133.4735347407163,0.004692537195325919,0.0007180843290855998,0.3444135870915659,T5.5f3b_extension
rough_seed_35,24,wm000_ws000_we100,20,0.0,0.0,1.0,lm060_ls040_le000,0.48,0.37,0.15,0.6,0.4,0.0,4.507624469803866,0.32937095053331256,133.12912115362474,1.0,1.0,0.0,0.0,3,4.50293193260854,0.32865286620422696,133.12912115362474,4.507624469803866,0.32937095053331256,133.4735347407163,0.004692537195325919,0.0007180843290855998,0.3444135870915659,T5.5f3b_extension
rough_seed_35,24,balanced,21,0.3333333333333333,0.3333333333333333,0.3333333333333333,lm080_ls020_le000,0.59,0.26,0.15,0.8,0.2,0.0,4.50616597593582,0.32865286620422696,133.3175688459842,0.6891886398901031,0.0,0.5471552209970152,0.23385069283299142,3,4.50293193260854,0.32865286620422696,133.12912115362474,4.507624469803866,0.32937095053331256,133.4735347407163,0.004692537195325919,0.0007180843290855998,0.3444135870915659,T5.5f3b_extension
rough_seed_35,24,motion,22,0.7,0.15,0.15,lm100_ls000_le000,0.7,0.15,0.15,1.0,0.0,0.0,4.50293193260854,0.32877789635144467,133.4735347407163,0.0,0.17411624533976444,1.0,0.15176117436800965,3,4.50293193260854,0.32865286620422696,133.12912115362474,4.507624469803866,0.32937095053331256,133.4735347407163,0.004692537195325919,0.0007180843290855998,0.3444135870915659,T5.5f3b_extension
rough_seed_35,24,stability,23,0.15,0.7,0.15,lm080_ls020_le000,0.59,0.26,0.15,0.8,0.2,0.0,4.50616597593582,0.32865286620422696,133.3175688459842,0.6891886398901031,0.0,0.5471552209970152,0.10523281177484616,3,4.50293193260854,0.32865286620422696,133.12912115362474,4.507624469803866,0.32937095053331256,133.4735347407163,0.004692537195325919,0.0007180843290855998,0.3444135870915659,T5.5f3b_extension
rough_seed_35,24,energy,24,0.15,0.15,0.7,lm060_ls040_le000,0.48,0.37,0.15,0.6,0.4,0.0,4.507624469803866,0.32937095053331256,133.12912115362474,1.0,1.0,0.0,0.153,3,4.50293193260854,0.32865286620422696,133.12912115362474,4.507624469803866,0.32937095053331256,133.4735347407163,0.004692537195325919,0.0007180843290855998,0.3444135870915659,T5.5f3b_extension
rough_seed_36,25,wm100_ws000_we000,0,1.0,0.0,0.0,lm100_ls000_le000,0.7,0.15,0.15,1.0,0.0,0.0,4.5892550168081465,0.23811052320216383,126.17396294405884,0.0,0.3978661967859477,0.29967802324683857,0.0,6,4.5892550168081465,0.23674622356659963,126.08495167915895,4.698054787793123,0.2401752649040777,126.3819746771603,0.10879977098497662,0.003429041337478067,0.2970229980013528,T5.5f3b_extension
rough_seed_36,25,wm080_ws020_we000,1,0.8,0.2,0.0,lm060_ls040_le000,0.48,0.37,0.15,0.6,0.4,0.0,4.593832344291704,0.23687743191029745,126.35913008148547,0.042071113221276275,0.03826385592490782,0.9230881250659184,0.03406998719464105,6,4.5892550168081465,0.23674622356659963,126.08495167915895,4.698054787793123,0.2401752649040777,126.3819746771603,0.10879977098497662,0.003429041337478067,0.2970229980013528,T5.5f3b_extension
rough_seed_36,25,wm080_ws000_we020,2,0.8,0.0,0.2,lm100_ls000_le000,0.7,0.15,0.15,1.0,0.0,0.0,4.5892550168081465,0.23811052320216383,126.17396294405884,0.0,0.3978661967859477,0.29967802324683857,0.060534960695861395,6,4.5892550168081465,0.23674622356659963,126.08495167915895,4.698054787793123,0.2401752649040777,126.3819746771603,0.10879977098497662,0.003429041337478067,0.2970229980013528,T5.5f3b_extension
rough_seed_36,25,wm060_ws040_we000,3,0.6,0.4,0.0,lm060_ls040_le000,0.48,0.37,0.15,0.6,0.4,0.0,4.593832344291704,0.23687743191029745,126.35913008148547,0.042071113221276275,0.03826385592490782,0.9230881250659184,0.025648150035793054,6,4.5892550168081465,0.23674622356659963,126.08495167915895,4.698054787793123,0.2401752649040777,126.3819746771603,0.10879977098497662,0.003429041337478067,0.2970229980013528,T5.5f3b_extension
rough_seed_36,25,wm060_ws020_we020,4,0.6,0.2,0.2,lm100_ls000_le000,0.7,0.15,0.15,1.0,0.0,0.0,4.5892550168081465,0.23811052320216383,126.17396294405884,0.0,0.3978661967859477,0.29967802324683857,0.08096832779725512,6,4.5892550168081465,0.23674622356659963,126.08495167915895,4.698054787793123,0.2401752649040777,126.3819746771603,0.10879977098497662,0.003429041337478067,0.2970229980013528,T5.5f3b_extension
rough_seed_36,25,wm060_ws000_we040,5,0.6,0.0,0.4,lm100_ls000_le000,0.7,0.15,0.15,1.0,0.0,0.0,4.5892550168081465,0.23811052320216383,126.17396294405884,0.0,0.3978661967859477,0.29967802324683857,0.12106992139172279,6,4.5892550168081465,0.23674622356659963,126.08495167915895,4.698054787793123,0.2401752649040777,126.3819746771603,0.10879977098497662,0.003429041337478067,0.2970229980013528,T5.5f3b_extension
rough_seed_36,25,wm040_ws060_we000,6,0.4,0.6,0.0,lm060_ls040_le000,0.48,0.37,0.15,0.6,0.4,0.0,4.593832344291704,0.23687743191029745,126.35913008148547,0.042071113221276275,0.03826385592490782,0.9230881250659184,0.023356181143379243,6,4.5892550168081465,0.23674622356659963,126.08495167915895,4.698054787793123,0.2401752649040777,126.3819746771603,0.10879977098497662,0.003429041337478067,0.2970229980013528,T5.5f3b_extension
rough_seed_36,25,wm040_ws040_we020,7,0.4,0.4,0.2,lm100_ls000_le000,0.7,0.15,0.15,1.0,0.0,0.0,4.5892550168081465,0.23811052320216383,126.17396294405884,0.0,0.3978661967859477,0.29967802324683857,0.16133729954801657,6,4.5892550168081465,0.23674622356659963,126.08495167915895,4.698054787793123,0.2401752649040777,126.3819746771603,0.10879977098497662,0.003429041337478067,0.2970229980013528,T5.5f3b_extension
rough_seed_36,25,wm040_ws020_we040,8,0.4,0.2,0.4,lm100_ls000_le000,0.7,0.15,0.15,1.0,0.0,0.0,4.5892550168081465,0.23811052320216383,126.17396294405884,0.0,0.3978661967859477,0.29967802324683857,0.12186565378529468,6,4.5892550168081465,0.23674622356659963,126.08495167915895,4.698054787793123,0.2401752649040777,126.3819746771603,0.10879977098497662,0.003429041337478067,0.2970229980013528,T5.5f3b_extension
rough_seed_36,25,wm040_ws000_we060,9,0.4,0.0,0.6,lm100_ls000_le000,0.7,0.15,0.15,1.0,0.0,0.0,4.5892550168081465,0.23811052320216383,126.17396294405884,0.0,0.3978661967859477,0.29967802324683857,0.18160488208758416,6,4.5892550168081465,0.23674622356659963,126.08495167915895,4.698054787793123,0.2401752649040777,126.3819746771603,0.10879977098497662,0.003429041337478067,0.2970229980013528,T5.5f3b_extension
rough_seed_36,25,wm020_ws080_we000,10,0.2,0.8,0.0,lm040_ls060_le000,0.37,0.48,0.15,0.4,0.6,0.0,4.595820433186168,0.23674622356659963,126.3819746771603,0.060344027552481486,0.0,1.0,0.012189493565601261,6,4.5892550168081465,0.23674622356659963,126.08495167915895,4.698054787793123,0.2401752649040777,126.3819746771603,0.10879977098497662,0.003429041337478067,0.2970229980013528,T5.5f3b_extension
rough_seed_36,25,wm020_ws060_we020,11,0.2,0.6,0.2,lm060_ls040_le000,0.48,0.37,0.15,0.6,0.4,0.0,4.593832344291704,0.23687743191029745,126.35913008148547,0.042071113221276275,0.03826385592490782,0.9230881250659184,0.18677752662530753,6,4.5892550168081465,0.23674622356659963,126.08495167915895,4.698054787793123,0.2401752649040777,126.3819746771603,0.10879977098497662,0.003429041337478067,0.2970229980013528,T5.5f3b_extension
rough_seed_36,25,wm020_ws040_we040,12,0.2,0.4,0.4,lm100_ls000_le000,0.7,0.15,0.15,1.0,0.0,0.0,4.5892550168081465,0.23811052320216383,126.17396294405884,0.0,0.3978661967859477,0.29967802324683857,0.16193665559451023,6,4.5892550168081465,0.23674622356659963,126.08495167915895,4.698054787793123,0.2401752649040777,126.3819746771603,0.10879977098497662,0.003429041337478067,0.2970229980013528,T5.5f3b_extension
rough_seed_36,25,wm020_ws020_we060,13,0.2,0.2,0.6,lm100_ls000_le000,0.7,0.15,0.15,1.0,0.0,0.0,4.5892550168081465,0.23811052320216383,126.17396294405884,0.0,0.3978661967859477,0.29967802324683857,0.18240061448115605,6,4.5892550168081465,0.23674622356659963,126.08495167915895,4.698054787793123,0.2401752649040777,126.3819746771603,0.10879977098497662,0.003429041337478067,0.2970229980013528,T5.5f3b_extension
rough_seed_36,25,wm020_ws000_we080,14,0.2,0.0,0.8,lm000_ls080_le020,0.15,0.59,0.26,0.0,0.8,0.2,4.64323971670484,0.2401752649040777,126.08495167915895,0.49618394788852693,1.0,0.0,0.10022915747348245,6,4.5892550168081465,0.23674622356659963,126.08495167915895,4.698054787793123,0.2401752649040777,126.3819746771603,0.10879977098497662,0.003429041337478067,0.2970229980013528,T5.5f3b_extension
rough_seed_36,25,wm000_ws100_we000,15,0.0,1.0,0.0,lm040_ls060_le000,0.37,0.48,0.15,0.4,0.6,0.0,4.595820433186168,0.23674622356659963,126.3819746771603,0.060344027552481486,0.0,1.0,0.0,6,4.5892550168081465,0.23674622356659963,126.08495167915895,4.698054787793123,0.2401752649040777,126.3819746771603,0.10879977098497662,0.003429041337478067,0.2970229980013528,T5.5f3b_extension
rough_seed_36,25,wm000_ws080_we020,16,0.0,0.8,0.2,lm060_ls040_le000,0.48,0.37,0.15,0.6,0.4,0.0,4.593832344291704,0.23687743191029745,126.35913008148547,0.042071113221276275,0.03826385592490782,0.9230881250659184,0.18676991211071478,6,4.5892550168081465,0.23674622356659963,126.08495167915895,4.698054787793123,0.2401752649040777,126.3819746771603,0.10879977098497662,0.003429041337478067,0.2970229980013528,T5.5f3b_extension
rough_seed_36,25,wm000_ws060_we040,17,0.0,0.6,0.4,lm100_ls000_le000,0.7,0.15,0.15,1.0,0.0,0.0,4.5892550168081465,0.23811052320216383,126.17396294405884,0.0,0.3978661967859477,0.29967802324683857,0.24230562734527164,6,4.5892550168081465,0.23674622356659963,126.08495167915895,4.698054787793123,0.2401752649040777,126.3819746771603,0.10879977098497662,0.003429041337478067,0.2970229980013528,T5.5f3b_extension
rough_seed_36,25,wm000_ws040_we060,18,0.0,0.4,0.6,lm100_ls000_le000,0.7,0.15,0.15,1.0,0.0,0.0,4.5892550168081465,0.23811052320216383,126.17396294405884,0.0,0.3978661967859477,0.29967802324683857,0.18319634687472797,6,4.5892550168081465,0.23674622356659963,126.08495167915895,4.698054787793123,0.2401752649040777,126.3819746771603,0.10879977098497662,0.003429041337478067,0.2970229980013528,T5.5f3b_extension
rough_seed_36,25,wm000_ws020_we080,19,0.0,0.2,0.8,lm000_ls000_le100,0.15,0.15,0.7,0.0,0.0,1.0,4.698054787793123,0.24001338880635079,126.15570635642001,1.0,0.9527926082553531,0.23821279071710755,0.19438152011593363,6,4.5892550168081465,0.23674622356659963,126.08495167915895,4.698054787793123,0.2401752649040777,126.3819746771603,0.10879977098497662,0.003429041337478067,0.2970229980013528,T5.5f3b_extension
rough_seed_36,25,wm000_ws000_we100,20,0.0,0.0,1.0,lm000_ls080_le020,0.15,0.59,0.26,0.0,0.8,0.2,4.64323971670484,0.2401752649040777,126.08495167915895,0.49618394788852693,1.0,0.0,0.0,6,4.5892550168081465,0.23674622356659963,126.08495167915895,4.698054787793123,0.2401752649040777,126.3819746771603,0.10879977098497662,0.003429041337478067,0.2970229980013528,T5.5f3b_extension
rough_seed_36,25,balanced,21,0.3333333333333333,0.3333333333333333,0.3333333333333333,lm100_ls000_le000,0.7,0.15,0.15,1.0,0.0,0.0,4.5892550168081465,0.23811052320216383,126.17396294405884,0.0,0.3978661967859477,0.29967802324683857,0.13494721299542517,6,4.5892550168081465,0.23674622356659963,126.08495167915895,4.698054787793123,0.2401752649040777,126.3819746771603,0.10879977098497662,0.003429041337478067,0.2970229980013528,T5.5f3b_extension
rough_seed_36,25,motion,22,0.7,0.15,0.15,lm100_ls000_le000,0.7,0.15,0.15,1.0,0.0,0.0,4.5892550168081465,0.23811052320216383,126.17396294405884,0.0,0.3978661967859477,0.29967802324683857,0.06072624584794133,6,4.5892550168081465,0.23674622356659963,126.08495167915895,4.698054787793123,0.2401752649040777,126.3819746771603,0.10879977098497662,0.003429041337478067,0.2970229980013528,T5.5f3b_extension
rough_seed_36,25,stability,23,0.15,0.7,0.15,lm060_ls040_le000,0.48,0.37,0.15,0.6,0.4,0.0,4.593832344291704,0.23687743191029745,126.35913008148547,0.042071113221276275,0.03826385592490782,0.9230881250659184,0.14017880460879292,6,4.5892550168081465,0.23674622356659963,126.08495167915895,4.698054787793123,0.2401752649040777,126.3819746771603,0.10879977098497662,0.003429041337478067,0.2970229980013528,T5.5f3b_extension
rough_seed_36,25,energy,24,0.15,0.15,0.7,lm000_ls080_le020,0.15,0.59,0.26,0.0,0.8,0.2,4.64323971670484,0.2401752649040777,126.08495167915895,0.49618394788852693,1.0,0.0,0.1522442759218328,6,4.5892550168081465,0.23674622356659963,126.08495167915895,4.698054787793123,0.2401752649040777,126.3819746771603,0.10879977098497662,0.003429041337478067,0.2970229980013528,T5.5f3b_extension
rough_seed_37,26,wm100_ws000_we000,0,1.0,0.0,0.0,lm100_ls000_le000,0.7,0.15,0.15,1.0,0.0,0.0,4.567692216879736,0.32630976472172485,140.23847112250218,0.0,0.45087195012393794,1.0,0.0,6,4.567692216879736,0.3237125557743963,136.01333519079088,4.609235875027175,0.32947296944975274,140.23847112250218,0.041543658147439544,0.005760413675356457,4.225135931711293,T5.5f3b_extension
rough_seed_37,26,wm080_ws020_we000,1,0.8,0.2,0.0,lm040_ls060_le000,0.37,0.48,0.15,0.4,0.6,0.0,4.569705767191459,0.3237125557743963,137.34983578117124,0.04846829580045597,0.0,0.31632132361692683,0.03916238300676842,6,4.567692216879736,0.3237125557743963,136.01333519079088,4.609235875027175,0.32947296944975274,140.23847112250218,0.041543658147439544,0.005760413675356457,4.225135931711293,T5.5f3b_extension
rough_seed_37,26,wm080_ws000_we020,2,0.8,0.0,0.2,lm040_ls060_le000,0.37,0.48,0.15,0.4,0.6,0.0,4.569705767191459,0.3237125557743963,137.34983578117124,0.04846829580045597,0.0,0.31632132361692683,0.06428465373702287,6,4.567692216879736,0.3237125557743963,136.01333519079088,4.609235875027175,0.32947296944975274,140.23847112250218,0.041543658147439544,0.005760413675356457,4.225135931711293,T5.5f3b_extension
rough_seed_37,26,wm060_ws040_we000,3,0.6,0.4,0.0,lm040_ls060_le000,0.37,0.48,0.15,0.4,0.6,0.0,4.569705767191459,0.3237125557743963,137.34983578117124,0.04846829580045597,0.0,0.31632132361692683,0.029371787255076314,6,4.567692216879736,0.3237125557743963,136.01333519079088,4.609235875027175,0.32947296944975274,140.23847112250218,0.041543658147439544,0.005760413675356457,4.225135931711293,T5.5f3b_extension
rough_seed_37,26,wm060_ws020_we020,4,0.6,0.2,0.2,lm040_ls060_le000,0.37,0.48,0.15,0.4,0.6,0.0,4.569705767191459,0.3237125557743963,137.34983578117124,0.04846829580045597,0.0,0.31632132361692683,0.06418771714542196,6,4.567692216879736,0.3237125557743963,136.01333519079088,4.609235875027175,0.32947296944975274,140.23847112250218,0.041543658147439544,0.005760413675356457,4.225135931711293,T5.5f3b_extension
rough_seed_37,26,wm060_ws000_we040,5,0.6,0.0,0.4,lm080_ls000_le020,0.59,0.15,0.26,0.8,0.0,0.2,4.57319735206758,0.32947296944975274,136.01333519079088,0.13251445427137098,1.0,0.0,0.08030375928845081,6,4.567692216879736,0.3237125557743963,136.01333519079088,4.609235875027175,0.32947296944975274,140.23847112250218,0.041543658147439544,0.005760413675356457,4.225135931711293,T5.5f3b_extension
rough_seed_37,26,wm040_ws060_we000,6,0.4,0.6,0.0,lm040_ls060_le000,0.37,0.48,0.15,0.4,0.6,0.0,4.569705767191459,0.3237125557743963,137.34983578117124,0.04846829580045597,0.0,0.31632132361692683,0.01958119150338421,6,4.567692216879736,0.3237125557743963,136.01333519079088,4.609235875027175,0.32947296944975274,140.23847112250218,0.041543658147439544,0.005760413675356457,4.225135931711293,T5.5f3b_extension
rough_seed_37,26,wm040_ws040_we020,7,0.4,0.4,0.2,lm040_ls060_le000,0.37,0.48,0.15,0.4,0.6,0.0,4.569705767191459,0.3237125557743963,137.34983578117124,0.04846829580045597,0.0,0.31632132361692683,0.06409078055382104,6,4.567692216879736,0.3237125557743963,136.01333519079088,4.609235875027175,0.32947296944975274,140.23847112250218,0.041543658147439544,0.005760413675356457,4.225135931711293,T5.5f3b_extension
rough_seed_37,26,wm040_ws020_we040,8,0.4,0.2,0.4,lm040_ls060_le000,0.37,0.48,0.15,0.4,0.6,0.0,4.569705767191459,0.3237125557743963,137.34983578117124,0.04846829580045597,0.0,0.31632132361692683,0.12798768792444026,6,4.567692216879736,0.3237125557743963,136.01333519079088,4.609235875027175,0.32947296944975274,140.23847112250218,0.041543658147439544,0.005760413675356457,4.225135931711293,T5.5f3b_extension
rough_seed_37,26,wm040_ws000_we060,9,0.4,0.0,0.6,lm080_ls000_le020,0.59,0.15,0.26,0.8,0.0,0.2,4.57319735206758,0.32947296944975274,136.01333519079088,0.13251445427137098,1.0,0.0,0.05353583952563388,6,4.567692216879736,0.3237125557743963,136.01333519079088,4.609235875027175,0.32947296944975274,140.23847112250218,0.041543658147439544,0.005760413675356457,4.225135931711293,T5.5f3b_extension
rough_seed_37,26,wm020_ws080_we000,10,0.2,0.8,0.0,lm040_ls060_le000,0.37,0.48,0.15,0.4,0.6,0.0,4.569705767191459,0.3237125557743963,137.34983578117124,0.04846829580045597,0.0,0.31632132361692683,0.009790595751692105,6,4.567692216879736,0.3237125557743963,136.01333519079088,4.609235875027175,0.32947296944975274,140.23847112250218,0.041543658147439544,0.005760413675356457,4.225135931711293,T5.5f3b_extension
rough_seed_37,26,wm020_ws060_we020,11,0.2,0.6,0.2,lm040_ls060_le000,0.37,0.48,0.15,0.4,0.6,0.0,4.569705767191459,0.3237125557743963,137.34983578117124,0.04846829580045597,0.0,0.31632132361692683,0.06399384396222013,6,4.567692216879736,0.3237125557743963,136.01333519079088,4.609235875027175,0.32947296944975274,140.23847112250218,0.041543658147439544,0.005760413675356457,4.225135931711293,T5.5f3b_extension
rough_seed_37,26,wm020_ws040_we040,12,0.2,0.4,0.4,lm040_ls060_le000,0.37,0.48,0.15,0.4,0.6,0.0,4.569705767191459,0.3237125557743963,137.34983578117124,0.04846829580045597,0.0,0.31632132361692683,0.12789075133283936,6,4.567692216879736,0.3237125557743963,136.01333519079088,4.609235875027175,0.32947296944975274,140.23847112250218,0.041543658147439544,0.005760413675356457,4.225135931711293,T5.5f3b_extension
rough_seed_37,26,wm020_ws020_we060,13,0.2,0.2,0.6,lm000_ls080_le020,0.15,0.59,0.26,0.0,0.8,0.2,4.597682410396244,0.3287656651889345,137.1623132419783,0.7218958284817467,0.877212939785188,0.27193871860166313,0.18027243780518146,6,4.567692216879736,0.3237125557743963,136.01333519079088,4.609235875027175,0.32947296944975274,140.23847112250218,0.041543658147439544,0.005760413675356457,4.225135931711293,T5.5f3b_extension
rough_seed_37,26,wm020_ws000_we080,14,0.2,0.0,0.8,lm080_ls000_le020,0.59,0.15,0.26,0.8,0.0,0.2,4.57319735206758,0.32947296944975274,136.01333519079088,0.13251445427137098,1.0,0.0,0.02676791976281694,6,4.567692216879736,0.3237125557743963,136.01333519079088,4.609235875027175,0.32947296944975274,140.23847112250218,0.041543658147439544,0.005760413675356457,4.225135931711293,T5.5f3b_extension
rough_seed_37,26,wm000_ws100_we000,15,0.0,1.0,0.0,lm040_ls060_le000,0.37,0.48,0.15,0.4,0.6,0.0,4.569705767191459,0.3237125557743963,137.34983578117124,0.04846829580045597,0.0,0.31632132361692683,0.0,6,4.567692216879736,0.3237125557743963,136.01333519079088,4.609235875027175,0.32947296944975274,140.23847112250218,0.041543658147439544,0.005760413675356457,4.225135931711293,T5.5f3b_extension
rough_seed_37,26,wm000_ws080_we020,16,0.0,0.8,0.2,lm040_ls060_le000,0.37,0.48,0.15,0.4,0.6,0.0,4.569705767191459,0.3237125557743963,137.34983578117124,0.04846829580045597,0.0,0.31632132361692683,0.06389690737061922,6,4.567692216879736,0.3237125557743963,136.01333519079088,4.609235875027175,0.32947296944975274,140.23847112250218,0.041543658147439544,0.005760413675356457,4.225135931711293,T5.5f3b_extension
rough_seed_37,26,wm000_ws060_we040,17,0.0,0.6,0.4,lm040_ls060_le000,0.37,0.48,0.15,0.4,0.6,0.0,4.569705767191459,0.3237125557743963,137.34983578117124,0.04846829580045597,0.0,0.31632132361692683,0.12779381474123844,6,4.567692216879736,0.3237125557743963,136.01333519079088,4.609235875027175,0.32947296944975274,140.23847112250218,0.041543658147439544,0.005760413675356457,4.225135931711293,T5.5f3b_extension
rough_seed_37,26,wm000_ws040_we060,18,0.0,0.4,0.6,lm040_ls060_le000,0.37,0.48,0.15,0.4,0.6,0.0,4.569705767191459,0.3237125557743963,137.34983578117124,0.04846829580045597,0.0,0.31632132361692683,0.19169072211185767,6,4.567692216879736,0.3237125557743963,136.01333519079088,4.609235875027175,0.32947296944975274,140.23847112250218,0.041543658147439544,0.005760413675356457,4.225135931711293,T5.5f3b_extension
rough_seed_37,26,wm000_ws020_we080,19,0.0,0.2,0.8,lm000_ls060_le040,0.15,0.48,0.37,0.0,0.6,0.4,4.609235875027175,0.329139903791411,136.71048641588243,1.0,0.9421802535177952,0.16500089851764377,0.1916404183987358,6,4.567692216879736,0.3237125557743963,136.01333519079088,4.609235875027175,0.32947296944975274,140.23847112250218,0.041543658147439544,0.005760413675356457,4.225135931711293,T5.5f3b_extension
rough_seed_37,26,wm000_ws000_we100,20,0.0,0.0,1.0,lm080_ls000_le020,0.59,0.15,0.26,0.8,0.0,0.2,4.57319735206758,0.32947296944975274,136.01333519079088,0.13251445427137098,1.0,0.0,0.0,6,4.567692216879736,0.3237125557743963,136.01333519079088,4.609235875027175,0.32947296944975274,140.23847112250218,0.041543658147439544,0.005760413675356457,4.225135931711293,T5.5f3b_extension
rough_seed_37,26,balanced,21,0.3333333333333333,0.3333333333333333,0.3333333333333333,lm040_ls060_le000,0.37,0.48,0.15,0.4,0.6,0.0,4.569705767191459,0.3237125557743963,137.34983578117124,0.04846829580045597,0.0,0.31632132361692683,0.10665640660370022,6,4.567692216879736,0.3237125557743963,136.01333519079088,4.609235875027175,0.32947296944975274,140.23847112250218,0.041543658147439544,0.005760413675356457,4.225135931711293,T5.5f3b_extension
rough_seed_37,26,motion,22,0.7,0.15,0.15,lm040_ls060_le000,0.37,0.48,0.15,0.4,0.6,0.0,4.569705767191459,0.3237125557743963,137.34983578117124,0.04846829580045597,0.0,0.31632132361692683,0.048261958598567606,6,4.567692216879736,0.3237125557743963,136.01333519079088,4.609235875027175,0.32947296944975274,140.23847112250218,0.041543658147439544,0.005760413675356457,4.225135931711293,T5.5f3b_extension
rough_seed_37,26,stability,23,0.15,0.7,0.15,lm040_ls060_le000,0.37,0.48,0.15,0.4,0.6,0.0,4.569705767191459,0.3237125557743963,137.34983578117124,0.04846829580045597,0.0,0.31632132361692683,0.0479953829716651,6,4.567692216879736,0.3237125557743963,136.01333519079088,4.609235875027175,0.32947296944975274,140.23847112250218,0.041543658147439544,0.005760413675356457,4.225135931711293,T5.5f3b_extension
rough_seed_37,26,energy,24,0.15,0.15,0.7,lm020_ls040_le040,0.26,0.36999999999999994,0.37,0.2,0.4,0.4,4.60646523722723,0.32924838745526436,136.60332100305018,0.933307803802155,0.9610128704038804,0.13963711979802274,0.14797087141047727,6,4.567692216879736,0.3237125557743963,136.01333519079088,4.609235875027175,0.32947296944975274,140.23847112250218,0.041543658147439544,0.005760413675356457,4.225135931711293,T5.5f3b_extension
rough_seed_38,27,wm100_ws000_we000,0,1.0,0.0,0.0,lm000_ls100_le000,0.15,0.7,0.15,0.0,1.0,0.0,4.444890637199822,0.4803033053192252,147.18260374712693,0.0,1.0,0.5755624288706653,0.0,11,4.444890637199822,0.4669306075071744,145.55274724255406,4.5203916132168995,0.4803033053192252,148.38451044115422,0.07550097601707773,0.013372697812050804,2.8317631986001572,T5.5f3b_extension
rough_seed_38,27,wm080_ws020_we000,1,0.8,0.2,0.0,lm060_ls040_le000,0.48,0.37,0.15,0.6,0.4,0.0,4.447767982638605,0.4725985356022778,148.38451044115422,0.038110042950071525,0.4238432794013906,1.0,0.08592122278268148,11,4.444890637199822,0.4669306075071744,145.55274724255406,4.5203916132168995,0.4803033053192252,148.38451044115422,0.07550097601707773,0.013372697812050804,2.8317631986001572,T5.5f3b_extension
rough_seed_38,27,wm080_ws000_we020,2,0.8,0.0,0.2,lm020_ls060_le020,0.26,0.48,0.26,0.2,0.6,0.2,4.449409570922494,0.4790817326757367,145.55274724255406,0.0598526530524637,0.9086517424787937,0.0,0.04836094366639067,11,4.444890637199822,0.4669306075071744,145.55274724255406,4.5203916132168995,0.4803033053192252,148.38451044115422,0.07550097601707773,0.013372697812050804,2.8317631986001572,T5.5f3b_extension
rough_seed_38,27,wm060_ws040_we000,3,0.6,0.4,0.0,lm060_ls020_le020,0.48,0.26,0.26,0.6,0.2,0.2,4.4572224505277385,0.4704018753038779,146.2880031649225,0.163333164396806,0.2595787211743728,0.2596459770124449,0.10584980234082746,11,4.444890637199822,0.4669306075071744,145.55274724255406,4.5203916132168995,0.4803033053192252,148.38451044115422,0.07550097601707773,0.013372697812050804,2.8317631986001572,T5.5f3b_extension
rough_seed_38,27,wm060_ws020_we020,4,0.6,0.2,0.2,lm060_ls020_le020,0.48,0.26,0.26,0.6,0.2,0.2,4.4572224505277385,0.4704018753038779,146.2880031649225,0.163333164396806,0.2595787211743728,0.2596459770124449,0.10001834702083807,11,4.444890637199822,0.4669306075071744,145.55274724255406,4.5203916132168995,0.4803033053192252,148.38451044115422,0.07550097601707773,0.013372697812050804,2.8317631986001572,T5.5f3b_extension
rough_seed_38,27,wm060_ws000_we040,5,0.6,0.0,0.4,lm020_ls060_le020,0.26,0.48,0.26,0.2,0.6,0.2,4.449409570922494,0.4790817326757367,145.55274724255406,0.0598526530524637,0.9086517424787937,0.0,0.036270707749793005,11,4.444890637199822,0.4669306075071744,145.55274724255406,4.5203916132168995,0.4803033053192252,148.38451044115422,0.07550097601707773,0.013372697812050804,2.8317631986001572,T5.5f3b_extension
rough_seed_38,27,wm040_ws060_we000,6,0.4,0.6,0.0,lm080_ls000_le020,0.59,0.15,0.26,0.8,0.0,0.2,4.45855403052169,0.47037341814762035,146.40871911747914,0.18096975751383743,0.25745071703807204,0.302275230975603,0.15673901355512698,11,4.444890637199822,0.4669306075071744,145.55274724255406,4.5203916132168995,0.4803033053192252,148.38451044115422,0.07550097601707773,0.013372697812050804,2.8317631986001572,T5.5f3b_extension
rough_seed_38,27,wm040_ws040_we020,7,0.4,0.4,0.2,lm080_ls000_le020,0.59,0.15,0.26,0.8,0.0,0.2,4.45855403052169,0.47037341814762035,146.40871911747914,0.18096975751383743,0.25745071703807204,0.302275230975603,0.10533851917538767,11,4.444890637199822,0.4669306075071744,145.55274724255406,4.5203916132168995,0.4803033053192252,148.38451044115422,0.07550097601707773,0.013372697812050804,2.8317631986001572,T5.5f3b_extension
rough_seed_38,27,wm040_ws020_we040,8,0.4,0.2,0.4,lm060_ls020_le020,0.48,0.26,0.26,0.6,0.2,0.2,4.4572224505277385,0.4704018753038779,146.2880031649225,0.163333164396806,0.2595787211743728,0.2596459770124449,0.10606946481296371,11,4.444890637199822,0.4669306075071744,145.55274724255406,4.5203916132168995,0.4803033053192252,148.38451044115422,0.07550097601707773,0.013372697812050804,2.8317631986001572,T5.5f3b_extension
rough_seed_38,27,wm040_ws000_we060,9,0.4,0.0,0.6,lm020_ls060_le020,0.26,0.48,0.26,0.2,0.6,0.2,4.449409570922494,0.4790817326757367,145.55274724255406,0.0598526530524637,0.9086517424787937,0.0,0.024180471833195334,11,4.444890637199822,0.4669306075071744,145.55274724255406,4.5203916132168995,0.4803033053192252,148.38451044115422,0.07550097601707773,0.013372697812050804,2.8317631986001572,T5.5f3b_extension
rough_seed_38,27,wm020_ws080_we000,10,0.2,0.8,0.0,lm020_ls040_le040,0.26,0.36999999999999994,0.37,0.2,0.4,0.4,4.512156440841344,0.4677970181433549,147.8129271475075,0.8909262792352132,0.06478951729543425,0.7981528632304901,0.18048542454387653,11,4.444890637199822,0.4669306075071744,145.55274724255406,4.5203916132168995,0.4803033053192252,148.38451044115422,0.07550097601707773,0.013372697812050804,2.8317631986001572,T5.5f3b_extension
rough_seed_38,27,wm020_ws060_we020,11,0.2,0.6,0.2,lm080_ls000_le020,0.59,0.15,0.26,0.8,0.0,0.2,4.45855403052169,0.47037341814762035,146.40871911747914,0.18096975751383743,0.25745071703807204,0.302275230975603,0.15698162450205053,11,4.444890637199822,0.4669306075071744,145.55274724255406,4.5203916132168995,0.4803033053192252,148.38451044115422,0.07550097601707773,0.013372697812050804,2.8317631986001572,T5.5f3b_extension
rough_seed_38,27,wm020_ws040_we040,12,0.2,0.4,0.4,lm060_ls020_le020,0.48,0.26,0.26,0.6,0.2,0.2,4.4572224505277385,0.4704018753038779,146.2880031649225,0.163333164396806,0.2595787211743728,0.2596459770124449,0.10626195592651885,11,4.444890637199822,0.4669306075071744,145.55274724255406,4.5203916132168995,0.4803033053192252,148.38451044115422,0.07550097601707773,0.013372697812050804,2.8317631986001572,T5.5f3b_extension
rough_seed_38,27,wm020_ws020_we060,13,0.2,0.2,0.6,lm060_ls020_le020,0.48,0.26,0.26,0.6,0.2,0.2,4.4572224505277385,0.4704018753038779,146.2880031649225,0.163333164396806,0.2595787211743728,0.2596459770124449,0.15819128584068395,11,4.444890637199822,0.4669306075071744,145.55274724255406,4.5203916132168995,0.4803033053192252,148.38451044115422,0.07550097601707773,0.013372697812050804,2.8317631986001572,T5.5f3b_extension
rough_seed_38,27,wm020_ws000_we080,14,0.2,0.0,0.8,lm020_ls060_le020,0.26,0.48,0.26,0.2,0.6,0.2,4.449409570922494,0.4790817326757367,145.55274724255406,0.0598526530524637,0.9086517424787937,0.0,0.012090235916597667,11,4.444890637199822,0.4669306075071744,145.55274724255406,4.5203916132168995,0.4803033053192252,148.38451044115422,0.07550097601707773,0.013372697812050804,2.8317631986001572,T5.5f3b_extension
rough_seed_38,27,wm000_ws100_we000,15,0.0,1.0,0.0,lm060_ls000_le040,0.48,0.15,0.37,0.6,0.0,0.4,4.5203916132168995,0.4669306075071744,147.27093798352044,1.0,0.0,0.6067565048573771,0.0,11,4.444890637199822,0.4669306075071744,145.55274724255406,4.5203916132168995,0.4803033053192252,148.38451044115422,0.07550097601707773,0.013372697812050804,2.8317631986001572,T5.5f3b_extension
rough_seed_38,27,wm000_ws080_we020,16,0.0,0.8,0.2,lm060_ls000_le040,0.48,0.15,0.37,0.6,0.0,0.4,4.5203916132168995,0.4669306075071744,147.27093798352044,1.0,0.0,0.6067565048573771,0.12256481398119018,11,4.444890637199822,0.4669306075071744,145.55274724255406,4.5203916132168995,0.4803033053192252,148.38451044115422,0.07550097601707773,0.013372697812050804,2.8317631986001572,T5.5f3b_extension
rough_seed_38,27,wm000_ws060_we040,17,0.0,0.6,0.4,lm080_ls000_le020,0.59,0.15,0.26,0.8,0.0,0.2,4.45855403052169,0.47037341814762035,146.40871911747914,0.18096975751383743,0.25745071703807204,0.302275230975603,0.15722423544897404,11,4.444890637199822,0.4669306075071744,145.55274724255406,4.5203916132168995,0.4803033053192252,148.38451044115422,0.07550097601707773,0.013372697812050804,2.8317631986001572,T5.5f3b_extension
rough_seed_38,27,wm000_ws040_we060,18,0.0,0.4,0.6,lm060_ls020_le020,0.48,0.26,0.26,0.6,0.2,0.2,4.4572224505277385,0.4704018753038779,146.2880031649225,0.163333164396806,0.2595787211743728,0.2596459770124449,0.1583837769542391,11,4.444890637199822,0.4669306075071744,145.55274724255406,4.5203916132168995,0.4803033053192252,148.38451044115422,0.07550097601707773,0.013372697812050804,2.8317631986001572,T5.5f3b_extension
rough_seed_38,27,wm000_ws020_we080,19,0.0,0.2,0.8,lm020_ls060_le020,0.26,0.48,0.26,0.2,0.6,0.2,4.449409570922494,0.4790817326757367,145.55274724255406,0.0598526530524637,0.9086517424787937,0.0,0.18354765198071635,11,4.444890637199822,0.4669306075071744,145.55274724255406,4.5203916132168995,0.4803033053192252,148.38451044115422,0.07550097601707773,0.013372697812050804,2.8317631986001572,T5.5f3b_extension
rough_seed_38,27,wm000_ws000_we100,20,0.0,0.0,1.0,lm020_ls060_le020,0.26,0.48,0.26,0.2,0.6,0.2,4.449409570922494,0.4790817326757367,145.55274724255406,0.0598526530524637,0.9086517424787937,0.0,0.0,11,4.444890637199822,0.4669306075071744,145.55274724255406,4.5203916132168995,0.4803033053192252,148.38451044115422,0.07550097601707773,0.013372697812050804,2.8317631986001572,T5.5f3b_extension
rough_seed_38,27,balanced,21,0.3333333333333333,0.3333333333333333,0.3333333333333333,lm060_ls020_le020,0.48,0.26,0.26,0.6,0.2,0.2,4.4572224505277385,0.4704018753038779,146.2880031649225,0.163333164396806,0.2595787211743728,0.2596459770124449,0.08882385187942704,11,4.444890637199822,0.4669306075071744,145.55274724255406,4.5203916132168995,0.4803033053192252,148.38451044115422,0.07550097601707773,0.013372697812050804,2.8317631986001572,T5.5f3b_extension
rough_seed_38,27,motion,22,0.7,0.15,0.15,lm060_ls020_le020,0.48,0.26,0.26,0.6,0.2,0.2,4.4572224505277385,0.4704018753038779,146.2880031649225,0.163333164396806,0.2595787211743728,0.2596459770124449,0.11625538427582206,11,4.444890637199822,0.4669306075071744,145.55274724255406,4.5203916132168995,0.4803033053192252,148.38451044115422,0.07550097601707773,0.013372697812050804,2.8317631986001572,T5.5f3b_extension
rough_seed_38,27,stability,23,0.15,0.7,0.15,lm020_ls040_le040,0.26,0.36999999999999994,0.37,0.2,0.4,0.4,4.512156440841344,0.4677970181433549,147.8129271475075,0.8909262792352132,0.06478951729543425,0.7981528632304901,0.13662608722004857,11,4.444890637199822,0.4669306075071744,145.55274724255406,4.5203916132168995,0.4803033053192252,148.38451044115422,0.07550097601707773,0.013372697812050804,2.8317631986001572,T5.5f3b_extension
rough_seed_38,27,energy,24,0.15,0.15,0.7,lm020_ls060_le020,0.26,0.48,0.26,0.2,0.6,0.2,4.449409570922494,0.4790817326757367,145.55274724255406,0.0598526530524637,0.9086517424787937,0.0,0.13775051796511592,11,4.444890637199822,0.4669306075071744,145.55274724255406,4.5203916132168995,0.4803033053192252,148.38451044115422,0.07550097601707773,0.013372697812050804,2.8317631986001572,T5.5f3b_extension
rough_seed_39,28,wm100_ws000_we000,0,1.0,0.0,0.0,lm040_ls020_le040,0.36999999999999994,0.26,0.37,0.4,0.2,0.4,4.608307580210637,0.3459965421605721,133.2524503029556,0.0,1.0,0.933371141852681,0.0,11,4.608307580210637,0.31725575983038873,125.50643904728834,4.6759753608656895,0.3459965421605721,133.80540063752127,0.06766778065505274,0.028740782330183345,8.298961590232935,T5.5f3b_extension
rough_seed_39,28,wm080_ws020_we000,1,0.8,0.2,0.0,lm040_ls020_le040,0.36999999999999994,0.26,0.37,0.4,0.2,0.4,4.608307580210637,0.3459965421605721,133.2524503029556,0.0,1.0,0.933371141852681,0.202,11,4.608307580210637,0.31725575983038873,125.50643904728834,4.6759753608656895,0.3459965421605721,133.80540063752127,0.06766778065505274,0.028740782330183345,8.298961590232935,T5.5f3b_extension
rough_seed_39,28,wm080_ws000_we020,2,0.8,0.0,0.2,lm040_ls020_le040,0.36999999999999994,0.26,0.37,0.4,0.2,0.4,4.608307580210637,0.3459965421605721,133.2524503029556,0.0,1.0,0.933371141852681,0.18854097065424158,11,4.608307580210637,0.31725575983038873,125.50643904728834,4.6759753608656895,0.3459965421605721,133.80540063752127,0.06766778065505274,0.028740782330183345,8.298961590232935,T5.5f3b_extension
rough_seed_39,28,wm060_ws040_we000,3,0.6,0.4,0.0,lm060_ls040_le000,0.48,0.37,0.15,0.6,0.4,0.0,4.646342330456444,0.31725575983038873,129.0835010079049,0.5620806516427007,0.0,0.4310252459568468,0.34062087489547666,11,4.608307580210637,0.31725575983038873,125.50643904728834,4.6759753608656895,0.3459965421605721,133.80540063752127,0.06766778065505274,0.028740782330183345,8.298961590232935,T5.5f3b_extension
rough_seed_39,28,wm060_ws020_we020,4,0.6,0.2,0.2,lm040_ls020_le040,0.36999999999999994,0.26,0.37,0.4,0.2,0.4,4.608307580210637,0.3459965421605721,133.2524503029556,0.0,1.0,0.933371141852681,0.20386674228370538,11,4.608307580210637,0.31725575983038873,125.50643904728834,4.6759753608656895,0.3459965421605721,133.80540063752127,0.06766778065505274,0.028740782330183345,8.298961590232935,T5.5f3b_extension
rough_seed_39,28,wm060_ws000_we040,5,0.6,0.0,0.4,lm020_ls040_le040,0.26,0.36999999999999994,0.37,0.2,0.4,0.4,4.644274379022357,0.34216203848917554,131.83960252509647,0.5315202961224118,0.8665831838763285,0.7631272188633385,0.3251538083256349,11,4.608307580210637,0.31725575983038873,125.50643904728834,4.6759753608656895,0.3459965421605721,133.80540063752127,0.06766778065505274,0.028740782330183345,8.298961590232935,T5.5f3b_extension
rough_seed_39,28,wm040_ws060_we000,6,0.4,0.6,0.0,lm060_ls040_le000,0.48,0.37,0.15,0.6,0.4,0.0,4.646342330456444,0.31725575983038873,129.0835010079049,0.5620806516427007,0.0,0.4310252459568468,0.22708058326365108,11,4.608307580210637,0.31725575983038873,125.50643904728834,4.6759753608656895,0.3459965421605721,133.80540063752127,0.06766778065505274,0.028740782330183345,8.298961590232935,T5.5f3b_extension
rough_seed_39,28,wm040_ws040_we020,7,0.4,0.4,0.2,lm060_ls040_le000,0.48,0.37,0.15,0.6,0.4,0.0,4.646342330456444,0.31725575983038873,129.0835010079049,0.5620806516427007,0.0,0.4310252459568468,0.22794263375556478,11,4.608307580210637,0.31725575983038873,125.50643904728834,4.6759753608656895,0.3459965421605721,133.80540063752127,0.06766778065505274,0.028740782330183345,8.298961590232935,T5.5f3b_extension
rough_seed_39,28,wm040_ws020_we040,8,0.4,0.2,0.4,lm000_ls100_le000,0.15,0.7,0.15,0.0,1.0,0.0,4.646413118800224,0.33200606781624664,126.07284147948361,0.5631267675799213,0.513218736233469,0.06824979559634008,0.2288026507571405,11,4.608307580210637,0.31725575983038873,125.50643904728834,4.6759753608656895,0.3459965421605721,133.80540063752127,0.06766778065505274,0.028740782330183345,8.298961590232935,T5.5f3b_extension
rough_seed_39,28,wm040_ws000_we060,9,0.4,0.0,0.6,lm000_ls100_le000,0.15,0.7,0.15,0.0,1.0,0.0,4.646413118800224,0.33200606781624664,126.07284147948361,0.5631267675799213,0.513218736233469,0.06824979559634008,0.22791271287586626,11,4.608307580210637,0.31725575983038873,125.50643904728834,4.6759753608656895,0.3459965421605721,133.80540063752127,0.06766778065505274,0.028740782330183345,8.298961590232935,T5.5f3b_extension
rough_seed_39,28,wm020_ws080_we000,10,0.2,0.8,0.0,lm060_ls040_le000,0.48,0.37,0.15,0.6,0.4,0.0,4.646342330456444,0.31725575983038873,129.0835010079049,0.5620806516427007,0.0,0.4310252459568468,0.11354029163182554,11,4.608307580210637,0.31725575983038873,125.50643904728834,4.6759753608656895,0.3459965421605721,133.80540063752127,0.06766778065505274,0.028740782330183345,8.298961590232935,T5.5f3b_extension
rough_seed_39,28,wm020_ws060_we020,11,0.2,0.6,0.2,lm060_ls040_le000,0.48,0.37,0.15,0.6,0.4,0.0,4.646342330456444,0.31725575983038873,129.0835010079049,0.5620806516427007,0.0,0.4310252459568468,0.11440234212373923,11,4.608307580210637,0.31725575983038873,125.50643904728834,4.6759753608656895,0.3459965421605721,133.80540063752127,0.06766778065505274,0.028740782330183345,8.298961590232935,T5.5f3b_extension
rough_seed_39,28,wm020_ws040_we040,12,0.2,0.4,0.4,lm040_ls060_le000,0.37,0.48,0.15,0.4,0.6,0.0,4.663239820232907,0.3175460758312788,128.83630112654018,0.811793138337081,0.01010118644492119,0.4012384010995738,0.16562757229426836,11,4.608307580210637,0.31725575983038873,125.50643904728834,4.6759753608656895,0.3459965421605721,133.80540063752127,0.06766778065505274,0.028740782330183345,8.298961590232935,T5.5f3b_extension
rough_seed_39,28,wm020_ws020_we060,13,0.2,0.2,0.6,lm000_ls100_le000,0.15,0.7,0.15,0.0,1.0,0.0,4.646413118800224,0.33200606781624664,126.07284147948361,0.5631267675799213,0.513218736233469,0.06824979559634008,0.11518754329718908,11,4.608307580210637,0.31725575983038873,125.50643904728834,4.6759753608656895,0.3459965421605721,133.80540063752127,0.06766778065505274,0.028740782330183345,8.298961590232935,T5.5f3b_extension
rough_seed_39,28,wm020_ws000_we080,14,0.2,0.0,0.8,lm000_ls100_le000,0.15,0.7,0.15,0.0,1.0,0.0,4.646413118800224,0.33200606781624664,126.07284147948361,0.5631267675799213,0.513218736233469,0.06824979559634008,0.11429760541591483,11,4.608307580210637,0.31725575983038873,125.50643904728834,4.6759753608656895,0.3459965421605721,133.80540063752127,0.06766778065505274,0.028740782330183345,8.298961590232935,T5.5f3b_extension
rough_seed_39,28,wm000_ws100_we000,15,0.0,1.0,0.0,lm060_ls040_le000,0.48,0.37,0.15,0.6,0.4,0.0,4.646342330456444,0.31725575983038873,129.0835010079049,0.5620806516427007,0.0,0.4310252459568468,0.0,11,4.608307580210637,0.31725575983038873,125.50643904728834,4.6759753608656895,0.3459965421605721,133.80540063752127,0.06766778065505274,0.028740782330183345,8.298961590232935,T5.5f3b_extension
rough_seed_39,28,wm000_ws080_we020,16,0.0,0.8,0.2,lm040_ls060_le000,0.37,0.48,0.15,0.4,0.6,0.0,4.663239820232907,0.3175460758312788,128.83630112654018,0.811793138337081,0.01010118644492119,0.4012384010995738,0.08113096651367328,11,4.608307580210637,0.31725575983038873,125.50643904728834,4.6759753608656895,0.3459965421605721,133.80540063752127,0.06766778065505274,0.028740782330183345,8.298961590232935,T5.5f3b_extension
rough_seed_39,28,wm000_ws060_we040,17,0.0,0.6,0.4,lm040_ls060_le000,0.37,0.48,0.15,0.4,0.6,0.0,4.663239820232907,0.3175460758312788,128.83630112654018,0.811793138337081,0.01010118644492119,0.4012384010995738,0.16216092116289735,11,4.608307580210637,0.31725575983038873,125.50643904728834,4.6759753608656895,0.3459965421605721,133.80540063752127,0.06766778065505274,0.028740782330183345,8.298961590232935,T5.5f3b_extension
rough_seed_39,28,wm000_ws040_we060,18,0.0,0.4,0.6,lm000_ls100_le000,0.15,0.7,0.15,0.0,1.0,0.0,4.646413118800224,0.33200606781624664,126.07284147948361,0.5631267675799213,0.513218736233469,0.06824979559634008,0.20774986821189953,11,4.608307580210637,0.31725575983038873,125.50643904728834,4.6759753608656895,0.3459965421605721,133.80540063752127,0.06766778065505274,0.028740782330183345,8.298961590232935,T5.5f3b_extension
rough_seed_39,28,wm000_ws020_we080,19,0.0,0.2,0.8,lm000_ls100_le000,0.15,0.7,0.15,0.0,1.0,0.0,4.646413118800224,0.33200606781624664,126.07284147948361,0.5631267675799213,0.513218736233469,0.06824979559634008,0.10421618308393148,11,4.608307580210637,0.31725575983038873,125.50643904728834,4.6759753608656895,0.3459965421605721,133.80540063752127,0.06766778065505274,0.028740782330183345,8.298961590232935,T5.5f3b_extension
rough_seed_39,28,wm000_ws000_we100,20,0.0,0.0,1.0,lm080_ls000_le020,0.59,0.15,0.26,0.8,0.0,0.2,4.672278717145979,0.33317418384930575,125.50643904728834,0.945370696601469,0.5538618899110348,0.0,0.0,11,4.608307580210637,0.31725575983038873,125.50643904728834,4.6759753608656895,0.3459965421605721,133.80540063752127,0.06766778065505274,0.028740782330183345,8.298961590232935,T5.5f3b_extension
rough_seed_39,28,balanced,21,0.3333333333333333,0.3333333333333333,0.3333333333333333,lm060_ls040_le000,0.48,0.37,0.15,0.6,0.4,0.0,4.646342330456444,0.31725575983038873,129.0835010079049,0.5620806516427007,0.0,0.4310252459568468,0.19067057020623207,11,4.608307580210637,0.31725575983038873,125.50643904728834,4.6759753608656895,0.3459965421605721,133.80540063752127,0.06766778065505274,0.028740782330183345,8.298961590232935,T5.5f3b_extension
rough_seed_39,28,motion,22,0.7,0.15,0.15,lm040_ls020_le040,0.36999999999999994,0.26,0.37,0.4,0.2,0.4,4.608307580210637,0.3459965421605721,133.2524503029556,0.0,1.0,0.933371141852681,0.152900056712779,11,4.608307580210637,0.31725575983038873,125.50643904728834,4.6759753608656895,0.3459965421605721,133.80540063752127,0.06766778065505274,0.028740782330183345,8.298961590232935,T5.5f3b_extension
rough_seed_39,28,stability,23,0.15,0.7,0.15,lm060_ls040_le000,0.48,0.37,0.15,0.6,0.4,0.0,4.646342330456444,0.31725575983038873,129.0835010079049,0.5620806516427007,0.0,0.4310252459568468,0.08580175659280442,11,4.608307580210637,0.31725575983038873,125.50643904728834,4.6759753608656895,0.3459965421605721,133.80540063752127,0.06766778065505274,0.028740782330183345,8.298961590232935,T5.5f3b_extension
rough_seed_39,28,energy,24,0.15,0.15,0.7,lm000_ls100_le000,0.15,0.7,0.15,0.0,1.0,0.0,4.646413118800224,0.33200606781624664,126.07284147948361,0.5631267675799213,0.513218736233469,0.06824979559634008,0.08656128196188266,11,4.608307580210637,0.31725575983038873,125.50643904728834,4.6759753608656895,0.3459965421605721,133.80540063752127,0.06766778065505274,0.028740782330183345,8.298961590232935,T5.5f3b_extension
rough_seed_40,29,wm100_ws000_we000,0,1.0,0.0,0.0,lm060_ls040_le000,0.48,0.37,0.15,0.6,0.4,0.0,4.637661629066227,0.2878105122275896,124.91062155347754,0.0,0.9594555201587386,0.1253888613169719,0.0,9,4.637661629066227,0.2829411788353655,124.8348078007342,4.697400379751999,0.28801627954604614,125.43943688777641,0.05973875068577161,0.0050751007106806245,0.6046290870422126,T5.5f3b_extension
rough_seed_40,29,wm080_ws020_we000,1,0.8,0.2,0.0,lm000_ls100_le000,0.15,0.7,0.15,0.0,1.0,0.0,4.639976461886937,0.2876475136881485,124.8348078007342,0.03874926733713521,0.9273382187034118,0.0,0.18763231431678626,9,4.637661629066227,0.2829411788353655,124.8348078007342,4.697400379751999,0.28801627954604614,125.43943688777641,0.05973875068577161,0.0050751007106806245,0.6046290870422126,T5.5f3b_extension
rough_seed_40,29,wm080_ws000_we020,2,0.8,0.0,0.2,lm020_ls080_le000,0.26,0.59,0.15,0.2,0.8,0.0,4.63946710567109,0.28801627954604614,124.86804929332685,0.03022287182335084,1.0,0.05497832192504267,0.024530037077117567,9,4.637661629066227,0.2829411788353655,124.8348078007342,4.697400379751999,0.28801627954604614,125.43943688777641,0.05973875068577161,0.0050751007106806245,0.6046290870422126,T5.5f3b_extension
rough_seed_40,29,wm060_ws040_we000,3,0.6,0.4,0.0,lm000_ls080_le020,0.15,0.59,0.26,0.0,0.8,0.2,4.665695276741697,0.2864223120478046,125.11579650242378,0.46927073890325627,0.6859239670087719,0.4647290507708614,0.28712176364340836,9,4.637661629066227,0.2829411788353655,124.8348078007342,4.697400379751999,0.28801627954604614,125.43943688777641,0.05973875068577161,0.0050751007106806245,0.6046290870422126,T5.5f3b_extension
rough_seed_40,29,wm060_ws020_we020,4,0.6,0.2,0.2,lm000_ls100_le000,0.15,0.7,0.15,0.0,1.0,0.0,4.639976461886937,0.2876475136881485,124.8348078007342,0.03874926733713521,0.9273382187034118,0.0,0.187554815782112,9,4.637661629066227,0.2829411788353655,124.8348078007342,4.697400379751999,0.28801627954604614,125.43943688777641,0.05973875068577161,0.0050751007106806245,0.6046290870422126,T5.5f3b_extension
rough_seed_40,29,wm060_ws000_we040,5,0.6,0.0,0.4,lm020_ls080_le000,0.26,0.59,0.15,0.2,0.8,0.0,4.63946710567109,0.28801627954604614,124.86804929332685,0.03022287182335084,1.0,0.05497832192504267,0.022392579288657344,9,4.637661629066227,0.2829411788353655,124.8348078007342,4.697400379751999,0.28801627954604614,125.43943688777641,0.05973875068577161,0.0050751007106806245,0.6046290870422126,T5.5f3b_extension
rough_seed_40,29,wm040_ws060_we000,6,0.4,0.6,0.0,lm020_ls060_le020,0.26,0.48,0.26,0.2,0.6,0.2,4.667182249839807,0.2853991827495288,124.91333825216788,0.4941620043053728,0.4843261354381365,0.12988202704213597,0.2954782860927322,9,4.637661629066227,0.2829411788353655,124.8348078007342,4.697400379751999,0.28801627954604614,125.43943688777641,0.05973875068577161,0.0050751007106806245,0.6046290870422126,T5.5f3b_extension
rough_seed_40,29,wm040_ws040_we020,7,0.4,0.4,0.2,lm020_ls060_le020,0.26,0.48,0.26,0.2,0.6,0.2,4.667182249839807,0.2853991827495288,124.91333825216788,0.4941620043053728,0.4843261354381365,0.12988202704213597,0.20183851833520747,9,4.637661629066227,0.2829411788353655,124.8348078007342,4.697400379751999,0.28801627954604614,125.43943688777641,0.05973875068577161,0.0050751007106806245,0.6046290870422126,T5.5f3b_extension
rough_seed_40,29,wm040_ws020_we040,8,0.4,0.2,0.4,lm000_ls100_le000,0.15,0.7,0.15,0.0,1.0,0.0,4.639976461886937,0.2876475136881485,124.8348078007342,0.03874926733713521,0.9273382187034118,0.0,0.18747731724743774,9,4.637661629066227,0.2829411788353655,124.8348078007342,4.697400379751999,0.28801627954604614,125.43943688777641,0.05973875068577161,0.0050751007106806245,0.6046290870422126,T5.5f3b_extension
rough_seed_40,29,wm040_ws000_we060,9,0.4,0.0,0.6,lm000_ls100_le000,0.15,0.7,0.15,0.0,1.0,0.0,4.639976461886937,0.2876475136881485,124.8348078007342,0.03874926733713521,0.9273382187034118,0.0,0.015654704004202626,9,4.637661629066227,0.2829411788353655,124.8348078007342,4.697400379751999,0.28801627954604614,125.43943688777641,0.05973875068577161,0.0050751007106806245,0.6046290870422126,T5.5f3b_extension
rough_seed_40,29,wm020_ws080_we000,10,0.2,0.8,0.0,lm000_ls060_le040,0.15,0.48,0.37,0.0,0.6,0.4,4.683704645934971,0.2835439247289062,125.31732623341418,0.7707395340577514,0.11876530691740045,0.798040390415908,0.156639508335005,9,4.637661629066227,0.2829411788353655,124.8348078007342,4.697400379751999,0.28801627954604614,125.43943688777641,0.05973875068577161,0.0050751007106806245,0.6046290870422126,T5.5f3b_extension
rough_seed_40,29,wm020_ws060_we020,11,0.2,0.6,0.2,lm000_ls060_le040,0.15,0.48,0.37,0.0,0.6,0.4,4.683704645934971,0.2835439247289062,125.31732623341418,0.7707395340577514,0.11876530691740045,0.798040390415908,0.16345822977363333,9,4.637661629066227,0.2829411788353655,124.8348078007342,4.697400379751999,0.28801627954604614,125.43943688777641,0.05973875068577161,0.0050751007106806245,0.6046290870422126,T5.5f3b_extension
rough_seed_40,29,wm020_ws040_we040,12,0.2,0.4,0.4,lm020_ls060_le020,0.26,0.48,0.26,0.2,0.6,0.2,4.667182249839807,0.2853991827495288,124.91333825216788,0.4941620043053728,0.4843261354381365,0.12988202704213597,0.19717561083378646,9,4.637661629066227,0.2829411788353655,124.8348078007342,4.697400379751999,0.28801627954604614,125.43943688777641,0.05973875068577161,0.0050751007106806245,0.6046290870422126,T5.5f3b_extension
rough_seed_40,29,wm020_ws020_we060,13,0.2,0.2,0.6,lm020_ls060_le020,0.26,0.48,0.26,0.2,0.6,0.2,4.667182249839807,0.2853991827495288,124.91333825216788,0.4941620043053728,0.4843261354381365,0.12988202704213597,0.10156866930281441,9,4.637661629066227,0.2829411788353655,124.8348078007342,4.697400379751999,0.28801627954604614,125.43943688777641,0.05973875068577161,0.0050751007106806245,0.6046290870422126,T5.5f3b_extension
rough_seed_40,29,wm020_ws000_we080,14,0.2,0.0,0.8,lm000_ls100_le000,0.15,0.7,0.15,0.0,1.0,0.0,4.639976461886937,0.2876475136881485,124.8348078007342,0.03874926733713521,0.9273382187034118,0.0,0.007827352002101313,9,4.637661629066227,0.2829411788353655,124.8348078007342,4.697400379751999,0.28801627954604614,125.43943688777641,0.05973875068577161,0.0050751007106806245,0.6046290870422126,T5.5f3b_extension
rough_seed_40,29,wm000_ws100_we000,15,0.0,1.0,0.0,lm000_ls040_le060,0.15,0.37,0.48,0.0,0.4,0.6,4.697400379751999,0.2829411788353655,125.19082784124217,1.0,0.0,0.5888238725820932,0.0,9,4.637661629066227,0.2829411788353655,124.8348078007342,4.697400379751999,0.28801627954604614,125.43943688777641,0.05973875068577161,0.0050751007106806245,0.6046290870422126,T5.5f3b_extension
rough_seed_40,29,wm000_ws080_we020,16,0.0,0.8,0.2,lm000_ls040_le060,0.15,0.37,0.48,0.0,0.4,0.6,4.697400379751999,0.2829411788353655,125.19082784124217,1.0,0.0,0.5888238725820932,0.11894242226158283,9,4.637661629066227,0.2829411788353655,124.8348078007342,4.697400379751999,0.28801627954604614,125.43943688777641,0.05973875068577161,0.0050751007106806245,0.6046290870422126,T5.5f3b_extension
rough_seed_40,29,wm000_ws060_we040,17,0.0,0.6,0.4,lm000_ls040_le060,0.15,0.37,0.48,0.0,0.4,0.6,4.697400379751999,0.2829411788353655,125.19082784124217,1.0,0.0,0.5888238725820932,0.23788484452316566,9,4.637661629066227,0.2829411788353655,124.8348078007342,4.697400379751999,0.28801627954604614,125.43943688777641,0.05973875068577161,0.0050751007106806245,0.6046290870422126,T5.5f3b_extension
rough_seed_40,29,wm000_ws040_we060,18,0.0,0.4,0.6,lm020_ls060_le020,0.26,0.48,0.26,0.2,0.6,0.2,4.667182249839807,0.2853991827495288,124.91333825216788,0.4941620043053728,0.4843261354381365,0.12988202704213597,0.19644705087925998,9,4.637661629066227,0.2829411788353655,124.8348078007342,4.697400379751999,0.28801627954604614,125.43943688777641,0.05973875068577161,0.0050751007106806245,0.6046290870422126,T5.5f3b_extension
rough_seed_40,29,wm000_ws020_we080,19,0.0,0.2,0.8,lm020_ls060_le020,0.26,0.48,0.26,0.2,0.6,0.2,4.667182249839807,0.2853991827495288,124.91333825216788,0.4941620043053728,0.4843261354381365,0.12988202704213597,0.10591333012092215,9,4.637661629066227,0.2829411788353655,124.8348078007342,4.697400379751999,0.28801627954604614,125.43943688777641,0.05973875068577161,0.0050751007106806245,0.6046290870422126,T5.5f3b_extension
rough_seed_40,29,wm000_ws000_we100,20,0.0,0.0,1.0,lm000_ls100_le000,0.15,0.7,0.15,0.0,1.0,0.0,4.639976461886937,0.2876475136881485,124.8348078007342,0.03874926733713521,0.9273382187034118,0.0,0.0,9,4.637661629066227,0.2829411788353655,124.8348078007342,4.697400379751999,0.28801627954604614,125.43943688777641,0.05973875068577161,0.0050751007106806245,0.6046290870422126,T5.5f3b_extension
rough_seed_40,29,balanced,21,0.3333333333333333,0.3333333333333333,0.3333333333333333,lm020_ls060_le020,0.26,0.48,0.26,0.2,0.6,0.2,4.667182249839807,0.2853991827495288,124.91333825216788,0.4941620043053728,0.4843261354381365,0.12988202704213597,0.16841523532440975,9,4.637661629066227,0.2829411788353655,124.8348078007342,4.697400379751999,0.28801627954604614,125.43943688777641,0.05973875068577161,0.0050751007106806245,0.6046290870422126,T5.5f3b_extension
rough_seed_40,29,motion,22,0.7,0.15,0.15,lm000_ls100_le000,0.15,0.7,0.15,0.0,1.0,0.0,4.639976461886937,0.2876475136881485,124.8348078007342,0.03874926733713521,0.9273382187034118,0.0,0.14076298500492684,9,4.637661629066227,0.2829411788353655,124.8348078007342,4.697400379751999,0.28801627954604614,125.43943688777641,0.05973875068577161,0.0050751007106806245,0.6046290870422126,T5.5f3b_extension
rough_seed_40,29,stability,23,0.15,0.7,0.15,lm000_ls060_le040,0.15,0.48,0.37,0.0,0.6,0.4,4.683704645934971,0.2835439247289062,125.31732623341418,0.7707395340577514,0.11876530691740045,0.798040390415908,0.12289058559751849,9,4.637661629066227,0.2829411788353655,124.8348078007342,4.697400379751999,0.28801627954604614,125.43943688777641,0.05973875068577161,0.0050751007106806245,0.6046290870422126,T5.5f3b_extension
rough_seed_40,29,energy,24,0.15,0.15,0.7,lm020_ls060_le020,0.26,0.48,0.26,0.2,0.6,0.2,4.667182249839807,0.2853991827495288,124.91333825216788,0.4941620043053728,0.4843261354381365,0.12988202704213597,0.0932943253284054,9,4.637661629066227,0.2829411788353655,124.8348078007342,4.697400379751999,0.28801627954604614,125.43943688777641,0.05973875068577161,0.0050751007106806245,0.6046290870422126,T5.5f3b_extension
rough_seed_41,30,wm100_ws000_we000,0,1.0,0.0,0.0,lm080_ls020_le000,0.59,0.26,0.15,0.8,0.2,0.0,4.598584403338096,0.24519564265164653,124.38591318636293,0.0,1.0,1.0,0.0,9,4.598584403338096,0.2412559702519466,123.64558455658562,4.689919967308359,0.24519564265164653,124.38591318636293,0.09133556397026332,0.003939672399699945,0.7403286297773093,T5.5f3b_extension
rough_seed_41,30,wm080_ws020_we000,1,0.8,0.2,0.0,lm020_ls080_le000,0.26,0.59,0.15,0.2,0.8,0.0,4.607562037191148,0.24351864930790032,123.65100834377236,0.0982928605551121,0.5743317784813942,0.007326188625684152,0.11680136213768252,9,4.598584403338096,0.2412559702519466,123.64558455658562,4.689919967308359,0.24519564265164653,124.38591318636293,0.09133556397026332,0.003939672399699945,0.7403286297773093,T5.5f3b_extension
rough_seed_41,30,wm080_ws000_we020,2,0.8,0.0,0.2,lm020_ls080_le000,0.26,0.59,0.15,0.2,0.8,0.0,4.607562037191148,0.24351864930790032,123.65100834377236,0.0982928605551121,0.5743317784813942,0.007326188625684152,0.07943528370578196,9,4.598584403338096,0.2412559702519466,123.64558455658562,4.689919967308359,0.24519564265164653,124.38591318636293,0.09133556397026332,0.003939672399699945,0.7403286297773093,T5.5f3b_extension
rough_seed_41,30,wm060_ws040_we000,3,0.6,0.4,0.0,lm000_ls100_le000,0.15,0.7,0.15,0.0,1.0,0.0,4.6308139923984,0.2419571332022812,123.9345217410075,0.35287009418146137,0.17797493781158658,0.3902823324674005,0.21455117682521194,9,4.598584403338096,0.2412559702519466,123.64558455658562,4.689919967308359,0.24519564265164653,124.38591318636293,0.09133556397026332,0.003939672399699945,0.7403286297773093,T5.5f3b_extension
rough_seed_41,30,wm060_ws020_we020,4,0.6,0.2,0.2,lm020_ls080_le000,0.26,0.59,0.15,0.2,0.8,0.0,4.607562037191148,0.24351864930790032,123.65100834377236,0.0982928605551121,0.5743317784813942,0.007326188625684152,0.11661942879382367,9,4.598584403338096,0.2412559702519466,123.64558455658562,4.689919967308359,0.24519564265164653,124.38591318636293,0.09133556397026332,0.003939672399699945,0.7403286297773093,T5.5f3b_extension
rough_seed_41,30,wm060_ws000_we040,5,0.6,0.0,0.4,lm020_ls080_le000,0.26,0.59,0.15,0.2,0.8,0.0,4.607562037191148,0.24351864930790032,123.65100834377236,0.0982928605551121,0.5743317784813942,0.007326188625684152,0.05959477825090067,9,4.598584403338096,0.2412559702519466,123.64558455658562,4.689919967308359,0.24519564265164653,124.38591318636293,0.09133556397026332,0.003939672399699945,0.7403286297773093,T5.5f3b_extension
rough_seed_41,30,wm040_ws060_we000,6,0.4,0.6,0.0,lm000_ls100_le000,0.15,0.7,0.15,0.0,1.0,0.0,4.6308139923984,0.2419571332022812,123.9345217410075,0.35287009418146137,0.17797493781158658,0.3902823324674005,0.14362736767617992,9,4.598584403338096,0.2412559702519466,123.64558455658562,4.689919967308359,0.24519564265164653,124.38591318636293,0.09133556397026332,0.003939672399699945,0.7403286297773093,T5.5f3b_extension
rough_seed_41,30,wm040_ws040_we020,7,0.4,0.4,0.2,lm000_ls100_le000,0.15,0.7,0.15,0.0,1.0,0.0,4.6308139923984,0.2419571332022812,123.9345217410075,0.35287009418146137,0.17797493781158658,0.3902823324674005,0.14405198246549153,9,4.598584403338096,0.2412559702519466,123.64558455658562,4.689919967308359,0.24519564265164653,124.38591318636293,0.09133556397026332,0.003939672399699945,0.7403286297773093,T5.5f3b_extension
rough_seed_41,30,wm040_ws020_we040,8,0.4,0.2,0.4,lm020_ls080_le000,0.26,0.59,0.15,0.2,0.8,0.0,4.607562037191148,0.24351864930790032,123.65100834377236,0.0982928605551121,0.5743317784813942,0.007326188625684152,0.11643749544996482,9,4.598584403338096,0.2412559702519466,123.64558455658562,4.689919967308359,0.24519564265164653,124.38591318636293,0.09133556397026332,0.003939672399699945,0.7403286297773093,T5.5f3b_extension
rough_seed_41,30,wm040_ws000_we060,9,0.4,0.0,0.6,lm020_ls080_le000,0.26,0.59,0.15,0.2,0.8,0.0,4.607562037191148,0.24351864930790032,123.65100834377236,0.0982928605551121,0.5743317784813942,0.007326188625684152,0.039754272796019396,9,4.598584403338096,0.2412559702519466,123.64558455658562,4.689919967308359,0.24519564265164653,124.38591318636293,0.09133556397026332,0.003939672399699945,0.7403286297773093,T5.5f3b_extension
rough_seed_41,30,wm020_ws080_we000,10,0.2,0.8,0.0,lm040_ls040_le020,0.37,0.37,0.26,0.4,0.4,0.2,4.643572495313709,0.24194556647335896,123.99637280078571,0.492558320330293,0.17503897569373955,0.473827743640829,0.14241660900120215,9,4.598584403338096,0.2412559702519466,123.64558455658562,4.689919967308359,0.24519564265164653,124.38591318636293,0.09133556397026332,0.003939672399699945,0.7403286297773093,T5.5f3b_extension
rough_seed_41,30,wm020_ws060_we020,11,0.2,0.6,0.2,lm040_ls040_le020,0.37,0.37,0.26,0.4,0.4,0.2,4.643572495313709,0.24194556647335896,123.99637280078571,0.492558320330293,0.17503897569373955,0.473827743640829,0.10800639139834842,9,4.598584403338096,0.2412559702519466,123.64558455658562,4.689919967308359,0.24519564265164653,124.38591318636293,0.09133556397026332,0.003939672399699945,0.7403286297773093,T5.5f3b_extension
rough_seed_41,30,wm020_ws040_we040,12,0.2,0.4,0.4,lm060_ls020_le020,0.48,0.26,0.26,0.6,0.2,0.2,4.642344128828868,0.24207114977697847,123.72626744257202,0.47910938071197684,0.20691556107405387,0.10898252848964506,0.09804368726207412,9,4.598584403338096,0.2412559702519466,123.64558455658562,4.689919967308359,0.24519564265164653,124.38591318636293,0.09133556397026332,0.003939672399699945,0.7403286297773093,T5.5f3b_extension
rough_seed_41,30,wm020_ws020_we060,13,0.2,0.2,0.6,lm000_ls080_le020,0.15,0.59,0.26,0.0,0.8,0.2,4.642312692886378,0.24226607539521752,123.64558455658562,0.47876519996656386,0.25639318217115364,0.0,0.09722335675758821,9,4.598584403338096,0.2412559702519466,123.64558455658562,4.689919967308359,0.24519564265164653,124.38591318636293,0.09133556397026332,0.003939672399699945,0.7403286297773093,T5.5f3b_extension
rough_seed_41,30,wm020_ws000_we080,14,0.2,0.0,0.8,lm020_ls080_le000,0.26,0.59,0.15,0.2,0.8,0.0,4.607562037191148,0.24351864930790032,123.65100834377236,0.0982928605551121,0.5743317784813942,0.007326188625684152,0.01991376734113812,9,4.598584403338096,0.2412559702519466,123.64558455658562,4.689919967308359,0.24519564265164653,124.38591318636293,0.09133556397026332,0.003939672399699945,0.7403286297773093,T5.5f3b_extension
rough_seed_41,30,wm000_ws100_we000,15,0.0,1.0,0.0,lm000_ls040_le060,0.15,0.37,0.48,0.0,0.4,0.6,4.689919967308359,0.2412559702519466,124.12765406674781,1.0,0.0,0.651156109290542,0.0,9,4.598584403338096,0.2412559702519466,123.64558455658562,4.689919967308359,0.24519564265164653,124.38591318636293,0.09133556397026332,0.003939672399699945,0.7403286297773093,T5.5f3b_extension
rough_seed_41,30,wm000_ws080_we020,16,0.0,0.8,0.2,lm000_ls040_le060,0.15,0.37,0.48,0.0,0.4,0.6,4.689919967308359,0.2412559702519466,124.12765406674781,1.0,0.0,0.651156109290542,0.1315335340766895,9,4.598584403338096,0.2412559702519466,123.64558455658562,4.689919967308359,0.24519564265164653,124.38591318636293,0.09133556397026332,0.003939672399699945,0.7403286297773093,T5.5f3b_extension
rough_seed_41,30,wm000_ws060_we040,17,0.0,0.6,0.4,lm060_ls020_le020,0.48,0.26,0.26,0.6,0.2,0.2,4.642344128828868,0.24207114977697847,123.72626744257202,0.47910938071197684,0.20691556107405387,0.10898252848964506,0.1258267601248352,9,4.598584403338096,0.2412559702519466,123.64558455658562,4.689919967308359,0.24519564265164653,124.38591318636293,0.09133556397026332,0.003939672399699945,0.7403286297773093,T5.5f3b_extension
rough_seed_41,30,wm000_ws040_we060,18,0.0,0.4,0.6,lm060_ls020_le020,0.48,0.26,0.26,0.6,0.2,0.2,4.642344128828868,0.24207114977697847,123.72626744257202,0.47910938071197684,0.20691556107405387,0.10898252848964506,0.08424778184485565,9,4.598584403338096,0.2412559702519466,123.64558455658562,4.689919967308359,0.24519564265164653,124.38591318636293,0.09133556397026332,0.003939672399699945,0.7403286297773093,T5.5f3b_extension
rough_seed_41,30,wm000_ws020_we080,19,0.0,0.2,0.8,lm000_ls080_le020,0.15,0.59,0.26,0.0,0.8,0.2,4.642312692886378,0.24226607539521752,123.64558455658562,0.47876519996656386,0.25639318217115364,0.0,0.05179142279857304,9,4.598584403338096,0.2412559702519466,123.64558455658562,4.689919967308359,0.24519564265164653,124.38591318636293,0.09133556397026332,0.003939672399699945,0.7403286297773093,T5.5f3b_extension
rough_seed_41,30,wm000_ws000_we100,20,0.0,0.0,1.0,lm000_ls080_le020,0.15,0.59,0.26,0.0,0.8,0.2,4.642312692886378,0.24226607539521752,123.64558455658562,0.47876519996656386,0.25639318217115364,0.0,0.0,9,4.598584403338096,0.2412559702519466,123.64558455658562,4.689919967308359,0.24519564265164653,124.38591318636293,0.09133556397026332,0.003939672399699945,0.7403286297773093,T5.5f3b_extension
rough_seed_41,30,balanced,21,0.3333333333333333,0.3333333333333333,0.3333333333333333,lm000_ls100_le000,0.15,0.7,0.15,0.0,1.0,0.0,4.6308139923984,0.2419571332022812,123.9345217410075,0.35287009418146137,0.17797493781158658,0.3902823324674005,0.13316453537066833,9,4.598584403338096,0.2412559702519466,123.64558455658562,4.689919967308359,0.24519564265164653,124.38591318636293,0.09133556397026332,0.003939672399699945,0.7403286297773093,T5.5f3b_extension
rough_seed_41,30,motion,22,0.7,0.15,0.15,lm020_ls080_le000,0.26,0.59,0.15,0.2,0.8,0.0,4.607562037191148,0.24351864930790032,123.65100834377236,0.0982928605551121,0.5743317784813942,0.007326188625684152,0.08771030374675552,9,4.598584403338096,0.2412559702519466,123.64558455658562,4.689919967308359,0.24519564265164653,124.38591318636293,0.09133556397026332,0.003939672399699945,0.7403286297773093,T5.5f3b_extension
rough_seed_41,30,stability,23,0.15,0.7,0.15,lm040_ls040_le020,0.37,0.37,0.26,0.4,0.4,0.2,4.643572495313709,0.24194556647335896,123.99637280078571,0.492558320330293,0.17503897569373955,0.473827743640829,0.12520213491143053,9,4.598584403338096,0.2412559702519466,123.64558455658562,4.689919967308359,0.24519564265164653,124.38591318636293,0.09133556397026332,0.003939672399699945,0.7403286297773093,T5.5f3b_extension
rough_seed_41,30,energy,24,0.15,0.15,0.7,lm000_ls080_le020,0.15,0.59,0.26,0.0,0.8,0.2,4.642312692886378,0.24226607539521752,123.64558455658562,0.47876519996656386,0.25639318217115364,0.0,0.07291751756819115,9,4.598584403338096,0.2412559702519466,123.64558455658562,4.689919967308359,0.24519564265164653,124.38591318636293,0.09133556397026332,0.003939672399699945,0.7403286297773093,T5.5f3b_extension
rough_seed_42,31,wm100_ws000_we000,0,1.0,0.0,0.0,lm040_ls000_le060,0.37,0.15,0.48,0.4,0.0,0.6,4.610595990508616,0.29863453958881875,122.75588063004922,0.0,0.8427021611958051,0.21083647111750667,0.0,9,4.610595990508616,0.29705203187691115,122.33955223289519,4.634220736826859,0.2989299287006976,124.31420298922471,0.023624746318243517,0.0018778968237864735,1.974650756329524,T5.5f3b_extension
rough_seed_42,31,wm080_ws020_we000,1,0.8,0.2,0.0,lm040_ls000_le060,0.37,0.15,0.48,0.4,0.0,0.6,4.610595990508616,0.29863453958881875,122.75588063004922,0.0,0.8427021611958051,0.21083647111750667,0.17022583656155266,9,4.610595990508616,0.29705203187691115,122.33955223289519,4.634220736826859,0.2989299287006976,124.31420298922471,0.023624746318243517,0.0018778968237864735,1.974650756329524,T5.5f3b_extension
rough_seed_42,31,wm080_ws000_we020,2,0.8,0.0,0.2,lm040_ls000_le060,0.37,0.15,0.48,0.4,0.0,0.6,4.610595990508616,0.29863453958881875,122.75588063004922,0.0,0.8427021611958051,0.21083647111750667,0.04258896716573635,9,4.610595990508616,0.29705203187691115,122.33955223289519,4.634220736826859,0.2989299287006976,124.31420298922471,0.023624746318243517,0.0018778968237864735,1.974650756329524,T5.5f3b_extension
rough_seed_42,31,wm060_ws040_we000,3,0.6,0.4,0.0,lm060_ls000_le040,0.48,0.15,0.37,0.6,0.0,0.4,4.615757969897227,0.29777956561889063,123.83505367640575,0.21849882826572856,0.38741944326447436,0.7573498446329805,0.15782844804844204,9,4.610595990508616,0.29705203187691115,122.33955223289519,4.634220736826859,0.2989299287006976,124.31420298922471,0.023624746318243517,0.0018778968237864735,1.974650756329524,T5.5f3b_extension
rough_seed_42,31,wm060_ws020_we020,4,0.6,0.2,0.2,lm020_ls040_le040,0.26,0.36999999999999994,0.37,0.2,0.4,0.4,4.615895157051297,0.2979190906501939,122.33955223289519,0.22430575428400196,0.4617180040458582,0.0,0.13685272310419688,9,4.610595990508616,0.29705203187691115,122.33955223289519,4.634220736826859,0.2989299287006976,124.31420298922471,0.023624746318243517,0.0018778968237864735,1.974650756329524,T5.5f3b_extension
rough_seed_42,31,wm060_ws000_we040,5,0.6,0.0,0.4,lm020_ls020_le060,0.26,0.26,0.48,0.2,0.2,0.6,4.613491830296981,0.2989299287006976,122.40215306911541,0.1225765453459866,1.0,0.03170223191091742,0.07440819540731154,9,4.610595990508616,0.29705203187691115,122.33955223289519,4.634220736826859,0.2989299287006976,124.31420298922471,0.023624746318243517,0.0018778968237864735,1.974650756329524,T5.5f3b_extension
rough_seed_42,31,wm040_ws060_we000,6,0.4,0.6,0.0,lm100_ls000_le000,0.7,0.15,0.15,1.0,0.0,0.0,4.6216059638764095,0.29705203187691115,124.31420298922471,0.4660356229642068,0.0,1.0,0.18827839167753954,9,4.610595990508616,0.29705203187691115,122.33955223289519,4.634220736826859,0.2989299287006976,124.31420298922471,0.023624746318243517,0.0018778968237864735,1.974650756329524,T5.5f3b_extension
rough_seed_42,31,wm040_ws040_we020,7,0.4,0.4,0.2,lm060_ls000_le040,0.48,0.15,0.37,0.6,0.0,0.4,4.615757969897227,0.29777956561889063,123.83505367640575,0.21849882826572856,0.38741944326447436,0.7573498446329805,0.15890615008117653,9,4.610595990508616,0.29705203187691115,122.33955223289519,4.634220736826859,0.2989299287006976,124.31420298922471,0.023624746318243517,0.0018778968237864735,1.974650756329524,T5.5f3b_extension
rough_seed_42,31,wm040_ws020_we040,8,0.4,0.2,0.4,lm020_ls040_le040,0.26,0.36999999999999994,0.37,0.2,0.4,0.4,4.615895157051297,0.2979190906501939,122.33955223289519,0.22430575428400196,0.4617180040458582,0.0,0.09416425983439937,9,4.610595990508616,0.29705203187691115,122.33955223289519,4.634220736826859,0.2989299287006976,124.31420298922471,0.023624746318243517,0.0018778968237864735,1.974650756329524,T5.5f3b_extension
rough_seed_42,31,wm040_ws000_we060,9,0.4,0.0,0.6,lm020_ls020_le060,0.26,0.26,0.48,0.2,0.2,0.6,4.613491830296981,0.2989299287006976,122.40215306911541,0.1225765453459866,1.0,0.03170223191091742,0.049711137711244094,9,4.610595990508616,0.29705203187691115,122.33955223289519,4.634220736826859,0.2989299287006976,124.31420298922471,0.023624746318243517,0.0018778968237864735,1.974650756329524,T5.5f3b_extension
rough_seed_42,31,wm020_ws080_we000,10,0.2,0.8,0.0,lm100_ls000_le000,0.7,0.15,0.15,1.0,0.0,0.0,4.6216059638764095,0.29705203187691115,124.31420298922471,0.4660356229642068,0.0,1.0,0.09413919583876977,9,4.610595990508616,0.29705203187691115,122.33955223289519,4.634220736826859,0.2989299287006976,124.31420298922471,0.023624746318243517,0.0018778968237864735,1.974650756329524,T5.5f3b_extension
rough_seed_42,31,wm020_ws060_we020,11,0.2,0.6,0.2,lm020_ls000_le080,0.26,0.15,0.59,0.2,0.0,0.8,4.6308363070591705,0.2976054566062947,123.65679514019983,0.8567421752556523,0.2947045451984349,0.6670763946902357,0.18163859153014333,9,4.610595990508616,0.29705203187691115,122.33955223289519,4.634220736826859,0.2989299287006976,124.31420298922471,0.023624746318243517,0.0018778968237864735,1.974650756329524,T5.5f3b_extension
rough_seed_42,31,wm020_ws040_we040,12,0.2,0.4,0.4,lm020_ls040_le040,0.26,0.36999999999999994,0.37,0.2,0.4,0.4,4.615895157051297,0.2979190906501939,122.33955223289519,0.22430575428400196,0.4617180040458582,0.0,0.1869826851430947,9,4.610595990508616,0.29705203187691115,122.33955223289519,4.634220736826859,0.2989299287006976,124.31420298922471,0.023624746318243517,0.0018778968237864735,1.974650756329524,T5.5f3b_extension
rough_seed_42,31,wm020_ws020_we060,13,0.2,0.2,0.6,lm020_ls040_le040,0.26,0.36999999999999994,0.37,0.2,0.4,0.4,4.615895157051297,0.2979190906501939,122.33955223289519,0.22430575428400196,0.4617180040458582,0.0,0.09371564832583136,9,4.610595990508616,0.29705203187691115,122.33955223289519,4.634220736826859,0.2989299287006976,124.31420298922471,0.023624746318243517,0.0018778968237864735,1.974650756329524,T5.5f3b_extension
rough_seed_42,31,wm020_ws000_we080,14,0.2,0.0,0.8,lm020_ls020_le060,0.26,0.26,0.48,0.2,0.2,0.6,4.613491830296981,0.2989299287006976,122.40215306911541,0.1225765453459866,1.0,0.03170223191091742,0.02586055647471325,9,4.610595990508616,0.29705203187691115,122.33955223289519,4.634220736826859,0.2989299287006976,124.31420298922471,0.023624746318243517,0.0018778968237864735,1.974650756329524,T5.5f3b_extension
rough_seed_42,31,wm000_ws100_we000,15,0.0,1.0,0.0,lm100_ls000_le000,0.7,0.15,0.15,1.0,0.0,0.0,4.6216059638764095,0.29705203187691115,124.31420298922471,0.4660356229642068,0.0,1.0,0.0,9,4.610595990508616,0.29705203187691115,122.33955223289519,4.634220736826859,0.2989299287006976,124.31420298922471,0.023624746318243517,0.0018778968237864735,1.974650756329524,T5.5f3b_extension
rough_seed_42,31,wm000_ws080_we020,16,0.0,0.8,0.2,lm100_ls000_le000,0.7,0.15,0.15,1.0,0.0,0.0,4.6216059638764095,0.29705203187691115,124.31420298922471,0.4660356229642068,0.0,1.0,0.202,9,4.610595990508616,0.29705203187691115,122.33955223289519,4.634220736826859,0.2989299287006976,124.31420298922471,0.023624746318243517,0.0018778968237864735,1.974650756329524,T5.5f3b_extension
rough_seed_42,31,wm000_ws060_we040,17,0.0,0.6,0.4,lm000_ls020_le080,0.15,0.26,0.59,0.0,0.2,0.8,4.634220736826859,0.2975709656437964,123.44091954662203,1.0,0.276337741409526,0.5577529647693543,0.22699022421527631,9,4.610595990508616,0.29705203187691115,122.33955223289519,4.634220736826859,0.2989299287006976,124.31420298922471,0.023624746318243517,0.0018778968237864735,1.974650756329524,T5.5f3b_extension
rough_seed_42,31,wm000_ws040_we060,18,0.0,0.4,0.6,lm020_ls040_le040,0.26,0.36999999999999994,0.37,0.2,0.4,0.4,4.615895157051297,0.2979190906501939,122.33955223289519,0.22430575428400196,0.4617180040458582,0.0,0.18653407363452673,9,4.610595990508616,0.29705203187691115,122.33955223289519,4.634220736826859,0.2989299287006976,124.31420298922471,0.023624746318243517,0.0018778968237864735,1.974650756329524,T5.5f3b_extension
rough_seed_42,31,wm000_ws020_we080,19,0.0,0.2,0.8,lm020_ls040_le040,0.26,0.36999999999999994,0.37,0.2,0.4,0.4,4.615895157051297,0.2979190906501939,122.33955223289519,0.22430575428400196,0.4617180040458582,0.0,0.09326703681726337,9,4.610595990508616,0.29705203187691115,122.33955223289519,4.634220736826859,0.2989299287006976,124.31420298922471,0.023624746318243517,0.0018778968237864735,1.974650756329524,T5.5f3b_extension
rough_seed_42,31,wm000_ws000_we100,20,0.0,0.0,1.0,lm020_ls040_le040,0.26,0.36999999999999994,0.37,0.2,0.4,0.4,4.615895157051297,0.2979190906501939,122.33955223289519,0.22430575428400196,0.4617180040458582,0.0,0.0,9,4.610595990508616,0.29705203187691115,122.33955223289519,4.634220736826859,0.2989299287006976,124.31420298922471,0.023624746318243517,0.0018778968237864735,1.974650756329524,T5.5f3b_extension
rough_seed_42,31,balanced,21,0.3333333333333333,0.3333333333333333,0.3333333333333333,lm020_ls040_le040,0.26,0.36999999999999994,0.37,0.2,0.4,0.4,4.615895157051297,0.2979190906501939,122.33955223289519,0.22430575428400196,0.4617180040458582,0.0,0.15619274720971893,9,4.610595990508616,0.29705203187691115,122.33955223289519,4.634220736826859,0.2989299287006976,124.31420298922471,0.023624746318243517,0.0018778968237864735,1.974650756329524,T5.5f3b_extension
rough_seed_42,31,motion,22,0.7,0.15,0.15,lm040_ls000_le060,0.37,0.15,0.48,0.4,0.0,0.6,4.610595990508616,0.29863453958881875,122.75588063004922,0.0,0.8427021611958051,0.21083647111750667,0.12798563212784073,9,4.610595990508616,0.29705203187691115,122.33955223289519,4.634220736826859,0.2989299287006976,124.31420298922471,0.023624746318243517,0.0018778968237864735,1.974650756329524,T5.5f3b_extension
rough_seed_42,31,stability,23,0.15,0.7,0.15,lm100_ls000_le000,0.7,0.15,0.15,1.0,0.0,0.0,4.6216059638764095,0.29705203187691115,124.31420298922471,0.4660356229642068,0.0,1.0,0.1521990534344463,9,4.610595990508616,0.29705203187691115,122.33955223289519,4.634220736826859,0.2989299287006976,124.31420298922471,0.023624746318243517,0.0018778968237864735,1.974650756329524,T5.5f3b_extension
rough_seed_42,31,energy,24,0.15,0.15,0.7,lm020_ls040_le040,0.26,0.36999999999999994,0.37,0.2,0.4,0.4,4.615895157051297,0.2979190906501939,122.33955223289519,0.22430575428400196,0.4617180040458582,0.0,0.07028673624437352,9,4.610595990508616,0.29705203187691115,122.33955223289519,4.634220736826859,0.2989299287006976,124.31420298922471,0.023624746318243517,0.0018778968237864735,1.974650756329524,T5.5f3b_extension
rough_seed_44,32,wm100_ws000_we000,0,1.0,0.0,0.0,lm100_ls000_le000,0.7,0.15,0.15,1.0,0.0,0.0,4.478336149343636,0.31523035125964544,128.43516958501624,0.0,0.02644893422592923,1.0,0.0,14,4.478336149343636,0.314975969492968,127.06085600166116,4.529319142520982,0.3245938151310743,128.43516958501624,0.050982993177346,0.009617845638106304,1.3743135833550753,T5.5f3b_extension
rough_seed_44,32,wm080_ws020_we000,1,0.8,0.2,0.0,lm100_ls000_le000,0.7,0.15,0.15,1.0,0.0,0.0,4.478336149343636,0.31523035125964544,128.43516958501624,0.0,0.02644893422592923,1.0,0.005342684713637705,14,4.478336149343636,0.314975969492968,127.06085600166116,4.529319142520982,0.3245938151310743,128.43516958501624,0.050982993177346,0.009617845638106304,1.3743135833550753,T5.5f3b_extension
rough_seed_44,32,wm080_ws000_we020,2,0.8,0.0,0.2,lm080_ls020_le000,0.59,0.26,0.15,0.8,0.2,0.0,4.482441950062939,0.3236667111979456,127.49597589202678,0.08053275148089423,0.9036058626834785,0.3166088843445511,0.06570368096525164,14,4.478336149343636,0.314975969492968,127.06085600166116,4.529319142520982,0.3245938151310743,128.43516958501624,0.050982993177346,0.009617845638106304,1.3743135833550753,T5.5f3b_extension
rough_seed_44,32,wm060_ws040_we000,3,0.6,0.4,0.0,lm100_ls000_le000,0.7,0.15,0.15,1.0,0.0,0.0,4.478336149343636,0.31523035125964544,128.43516958501624,0.0,0.02644893422592923,1.0,0.01068536942727541,14,4.478336149343636,0.314975969492968,127.06085600166116,4.529319142520982,0.3245938151310743,128.43516958501624,0.050982993177346,0.009617845638106304,1.3743135833550753,T5.5f3b_extension
rough_seed_44,32,wm060_ws020_we020,4,0.6,0.2,0.2,lm060_ls000_le040,0.48,0.15,0.37,0.6,0.0,0.4,4.49244345723482,0.3211048817807216,128.28285208813563,0.27670615262057896,0.6372437776990909,0.8891683101110268,0.18254672311354908,14,4.478336149343636,0.314975969492968,127.06085600166116,4.529319142520982,0.3245938151310743,128.43516958501624,0.050982993177346,0.009617845638106304,1.3743135833550753,T5.5f3b_extension
rough_seed_44,32,wm060_ws000_we040,5,0.6,0.0,0.4,lm080_ls020_le000,0.59,0.26,0.15,0.8,0.2,0.0,4.482441950062939,0.3236667111979456,127.49597589202678,0.08053275148089423,0.9036058626834785,0.3166088843445511,0.128393185784084,14,4.478336149343636,0.314975969492968,127.06085600166116,4.529319142520982,0.3245938151310743,128.43516958501624,0.050982993177346,0.009617845638106304,1.3743135833550753,T5.5f3b_extension
rough_seed_44,32,wm040_ws060_we000,6,0.4,0.6,0.0,lm100_ls000_le000,0.7,0.15,0.15,1.0,0.0,0.0,4.478336149343636,0.31523035125964544,128.43516958501624,0.0,0.02644893422592923,1.0,0.016028054140913114,14,4.478336149343636,0.314975969492968,127.06085600166116,4.529319142520982,0.3245938151310743,128.43516958501624,0.050982993177346,0.009617845638106304,1.3743135833550753,T5.5f3b_extension
rough_seed_44,32,wm040_ws040_we020,7,0.4,0.4,0.2,lm100_ls000_le000,0.7,0.15,0.15,1.0,0.0,0.0,4.478336149343636,0.31523035125964544,128.43516958501624,0.0,0.02644893422592923,1.0,0.20210579573690374,14,4.478336149343636,0.314975969492968,127.06085600166116,4.529319142520982,0.3245938151310743,128.43516958501624,0.050982993177346,0.009617845638106304,1.3743135833550753,T5.5f3b_extension
rough_seed_44,32,wm040_ws020_we040,8,0.4,0.2,0.4,lm080_ls020_le000,0.59,0.26,0.15,0.8,0.2,0.0,4.482441950062939,0.3236667111979456,127.49597589202678,0.08053275148089423,0.9036058626834785,0.3166088843445511,0.18411695080536447,14,4.478336149343636,0.314975969492968,127.06085600166116,4.529319142520982,0.3245938151310743,128.43516958501624,0.050982993177346,0.009617845638106304,1.3743135833550753,T5.5f3b_extension
rough_seed_44,32,wm040_ws000_we060,9,0.4,0.0,0.6,lm020_ls080_le000,0.26,0.59,0.15,0.2,0.8,0.0,4.495672933286385,0.3245675351681389,127.1435706311374,0.34005033565688486,0.9972675832068573,0.06018613981410242,0.1377414524442661,14,4.478336149343636,0.314975969492968,127.06085600166116,4.529319142520982,0.3245938151310743,128.43516958501624,0.050982993177346,0.009617845638106304,1.3743135833550753,T5.5f3b_extension
rough_seed_44,32,wm020_ws080_we000,10,0.2,0.8,0.0,lm100_ls000_le000,0.7,0.15,0.15,1.0,0.0,0.0,4.478336149343636,0.31523035125964544,128.43516958501624,0.0,0.02644893422592923,1.0,0.02137073885455082,14,4.478336149343636,0.314975969492968,127.06085600166116,4.529319142520982,0.3245938151310743,128.43516958501624,0.050982993177346,0.009617845638106304,1.3743135833550753,T5.5f3b_extension
rough_seed_44,32,wm020_ws060_we020,11,0.2,0.6,0.2,lm020_ls000_le080,0.26,0.15,0.59,0.2,0.0,0.8,4.520132578193281,0.3157840244036614,127.58870394892402,0.8198112006538152,0.08401620706947192,0.3840811541527771,0.16687412208279306,14,4.478336149343636,0.314975969492968,127.06085600166116,4.529319142520982,0.3245938151310743,128.43516958501624,0.050982993177346,0.009617845638106304,1.3743135833550753,T5.5f3b_extension
rough_seed_44,32,wm020_ws040_we040,12,0.2,0.4,0.4,lm020_ls000_le080,0.26,0.15,0.59,0.2,0.0,0.8,4.520132578193281,0.3157840244036614,127.58870394892402,0.8198112006538152,0.08401620706947192,0.3840811541527771,0.16747425197695967,14,4.478336149343636,0.314975969492968,127.06085600166116,4.529319142520982,0.3245938151310743,128.43516958501624,0.050982993177346,0.009617845638106304,1.3743135833550753,T5.5f3b_extension
rough_seed_44,32,wm020_ws020_we060,13,0.2,0.2,0.6,lm080_ls020_le000,0.59,0.26,0.15,0.8,0.2,0.0,4.482441950062939,0.3236667111979456,127.49597589202678,0.08053275148089423,0.9036058626834785,0.3166088843445511,0.1938332611411267,14,4.478336149343636,0.314975969492968,127.06085600166116,4.529319142520982,0.3245938151310743,128.43516958501624,0.050982993177346,0.009617845638106304,1.3743135833550753,T5.5f3b_extension
rough_seed_44,32,wm020_ws000_we080,14,0.2,0.0,0.8,lm020_ls080_le000,0.26,0.59,0.15,0.2,0.8,0.0,4.495672933286385,0.3245675351681389,127.1435706311374,0.34005033565688486,0.9972675832068573,0.06018613981410242,0.06917165692120356,14,4.478336149343636,0.314975969492968,127.06085600166116,4.529319142520982,0.3245938151310743,128.43516958501624,0.050982993177346,0.009617845638106304,1.3743135833550753,T5.5f3b_extension
rough_seed_44,32,wm000_ws100_we000,15,0.0,1.0,0.0,lm000_ls000_le100,0.15,0.15,0.7,0.0,0.0,1.0,4.529319142520982,0.314975969492968,127.88254708507513,1.0,0.0,0.5978919901293518,0.0,14,4.478336149343636,0.314975969492968,127.06085600166116,4.529319142520982,0.3245938151310743,128.43516958501624,0.050982993177346,0.009617845638106304,1.3743135833550753,T5.5f3b_extension
rough_seed_44,32,wm000_ws080_we020,16,0.0,0.8,0.2,lm020_ls000_le080,0.26,0.15,0.59,0.2,0.0,0.8,4.520132578193281,0.3157840244036614,127.58870394892402,0.8198112006538152,0.08401620706947192,0.3840811541527771,0.07825652279541676,14,4.478336149343636,0.314975969492968,127.06085600166116,4.529319142520982,0.3245938151310743,128.43516958501624,0.050982993177346,0.009617845638106304,1.3743135833550753,T5.5f3b_extension
rough_seed_44,32,wm000_ws060_we040,17,0.0,0.6,0.4,lm020_ls000_le080,0.26,0.15,0.59,0.2,0.0,0.8,4.520132578193281,0.3157840244036614,127.58870394892402,0.8198112006538152,0.08401620706947192,0.3840811541527771,0.1556728835201388,14,4.478336149343636,0.314975969492968,127.06085600166116,4.529319142520982,0.3245938151310743,128.43516958501624,0.050982993177346,0.009617845638106304,1.3743135833550753,T5.5f3b_extension
rough_seed_44,32,wm000_ws040_we060,18,0.0,0.4,0.6,lm020_ls000_le080,0.26,0.15,0.59,0.2,0.0,0.8,4.520132578193281,0.3157840244036614,127.58870394892402,0.8198112006538152,0.08401620706947192,0.3840811541527771,0.2330892442448608,14,4.478336149343636,0.314975969492968,127.06085600166116,4.529319142520982,0.3245938151310743,128.43516958501624,0.050982993177346,0.009617845638106304,1.3743135833550753,T5.5f3b_extension
rough_seed_44,32,wm000_ws020_we080,19,0.0,0.2,0.8,lm020_ls080_le000,0.26,0.59,0.15,0.2,0.8,0.0,4.495672933286385,0.3245675351681389,127.1435706311374,0.34005033565688486,0.9972675832068573,0.06018613981410242,0.201929540926298,14,4.478336149343636,0.314975969492968,127.06085600166116,4.529319142520982,0.3245938151310743,128.43516958501624,0.050982993177346,0.009617845638106304,1.3743135833550753,T5.5f3b_extension
rough_seed_44,32,wm000_ws000_we100,20,0.0,0.0,1.0,lm000_ls100_le000,0.15,0.7,0.15,0.0,1.0,0.0,4.49747443484903,0.3245938151310743,127.06085600166116,0.3753856788835674,1.0,0.0,0.0,14,4.478336149343636,0.314975969492968,127.06085600166116,4.529319142520982,0.3245938151310743,128.43516958501624,0.050982993177346,0.009617845638106304,1.3743135833550753,T5.5f3b_extension
rough_seed_44,32,balanced,21,0.3333333333333333,0.3333333333333333,0.3333333333333333,lm020_ls020_le060,0.26,0.26,0.48,0.2,0.2,0.6,4.506663625117441,0.31929949582624306,127.89983883423041,0.5556259844389125,0.4495316826613488,0.6104740888328098,0.20887680213071352,14,4.478336149343636,0.314975969492968,127.06085600166116,4.529319142520982,0.3245938151310743,128.43516958501624,0.050982993177346,0.009617845638106304,1.3743135833550753,T5.5f3b_extension
rough_seed_44,32,motion,22,0.7,0.15,0.15,lm080_ls020_le000,0.59,0.26,0.15,0.8,0.2,0.0,4.482441950062939,0.3236667111979456,127.49597589202678,0.08053275148089423,0.9036058626834785,0.3166088843445511,0.13793493078343008,14,4.478336149343636,0.314975969492968,127.06085600166116,4.529319142520982,0.3245938151310743,128.43516958501624,0.050982993177346,0.009617845638106304,1.3743135833550753,T5.5f3b_extension
rough_seed_44,32,stability,23,0.15,0.7,0.15,lm020_ls000_le080,0.26,0.15,0.59,0.2,0.0,0.8,4.520132578193281,0.3157840244036614,127.58870394892402,0.8198112006538152,0.08401620706947192,0.3840811541527771,0.12536563207976847,14,4.478336149343636,0.314975969492968,127.06085600166116,4.529319142520982,0.3245938151310743,128.43516958501624,0.050982993177346,0.009617845638106304,1.3743135833550753,T5.5f3b_extension
rough_seed_44,32,energy,24,0.15,0.15,0.7,lm020_ls080_le000,0.26,0.59,0.15,0.2,0.8,0.0,4.495672933286385,0.3245675351681389,127.1435706311374,0.34005033565688486,0.9972675832068573,0.06018613981410242,0.15201741733802293,14,4.478336149343636,0.314975969492968,127.06085600166116,4.529319142520982,0.3245938151310743,128.43516958501624,0.050982993177346,0.009617845638106304,1.3743135833550753,T5.5f3b_extension
rough_seed_45,33,wm100_ws000_we000,0,1.0,0.0,0.0,lm060_ls040_le000,0.48,0.37,0.15,0.6,0.4,0.0,4.618674085339248,0.2201357930907638,124.0656216674422,0.0,1.0,0.8693826863292072,0.0,14,4.618674085339248,0.20992774186953608,123.24384971143371,4.695260426347765,0.2201357930907638,124.1890858760487,0.07658634100851724,0.010208051221227726,0.9452361646149825,T5.5f3b_extension
rough_seed_45,33,wm080_ws020_we000,1,0.8,0.2,0.0,lm000_ls100_le000,0.15,0.7,0.15,0.0,1.0,0.0,4.622053954793822,0.21836203259706416,123.73005628918747,0.04413149146527362,0.8262390680396372,0.5143757676176154,0.16725334367572892,14,4.618674085339248,0.20992774186953608,123.24384971143371,4.695260426347765,0.2201357930907638,124.1890858760487,0.07658634100851724,0.010208051221227726,0.9452361646149825,T5.5f3b_extension
rough_seed_45,33,wm080_ws000_we020,2,0.8,0.0,0.2,lm040_ls060_le000,0.37,0.48,0.15,0.4,0.6,0.0,4.620953737498591,0.21886815642122517,123.5432991616953,0.029765779763386173,0.875819914882228,0.3167985541301879,0.06423143417240505,14,4.618674085339248,0.20992774186953608,123.24384971143371,4.695260426347765,0.2201357930907638,124.1890858760487,0.07658634100851724,0.010208051221227726,0.9452361646149825,T5.5f3b_extension
rough_seed_45,33,wm060_ws040_we000,3,0.6,0.4,0.0,lm000_ls080_le020,0.15,0.59,0.26,0.0,0.8,0.2,4.6407072361495025,0.21618892133468798,123.35032922412933,0.28769034425869944,0.6133569796487425,0.11264858104427887,0.24952236184364418,14,4.618674085339248,0.20992774186953608,123.24384971143371,4.695260426347765,0.2201357930907638,124.1890858760487,0.07658634100851724,0.010208051221227726,0.9452361646149825,T5.5f3b_extension
rough_seed_45,33,wm060_ws020_we020,4,0.6,0.2,0.2,lm060_ls020_le020,0.48,0.26,0.26,0.6,0.2,0.2,4.638132015500378,0.21666934227530574,123.24384971143371,0.25406527985147603,0.660419923417943,0.0,0.15528439943683034,14,4.618674085339248,0.20992774186953608,123.24384971143371,4.695260426347765,0.2201357930907638,124.1890858760487,0.07658634100851724,0.010208051221227726,0.9452361646149825,T5.5f3b_extension
rough_seed_45,33,wm060_ws000_we040,5,0.6,0.0,0.4,lm040_ls060_le000,0.37,0.48,0.15,0.4,0.6,0.0,4.620953737498591,0.21886815642122517,123.5432991616953,0.029765779763386173,0.875819914882228,0.3167985541301879,0.12816521054717625,14,4.618674085339248,0.20992774186953608,123.24384971143371,4.695260426347765,0.2201357930907638,124.1890858760487,0.07658634100851724,0.010208051221227726,0.9452361646149825,T5.5f3b_extension
rough_seed_45,33,wm040_ws060_we000,6,0.4,0.6,0.0,lm000_ls060_le040,0.15,0.48,0.37,0.0,0.6,0.4,4.655513474519761,0.21215680880076232,123.83879862410528,0.481017746707814,0.21836361151782563,0.6294182712675895,0.19564135133906382,14,4.618674085339248,0.20992774186953608,123.24384971143371,4.695260426347765,0.2201357930907638,124.1890858760487,0.07658634100851724,0.010208051221227726,0.9452361646149825,T5.5f3b_extension
rough_seed_45,33,wm040_ws040_we020,7,0.4,0.4,0.2,lm000_ls060_le040,0.15,0.48,0.37,0.0,0.6,0.4,4.655513474519761,0.21215680880076232,123.83879862410528,0.481017746707814,0.21836361151782563,0.6294182712675895,0.19646346065856335,14,4.618674085339248,0.20992774186953608,123.24384971143371,4.695260426347765,0.2201357930907638,124.1890858760487,0.07658634100851724,0.010208051221227726,0.9452361646149825,T5.5f3b_extension
rough_seed_45,33,wm040_ws020_we040,8,0.4,0.2,0.4,lm000_ls080_le020,0.15,0.59,0.26,0.0,0.8,0.2,4.6407072361495025,0.21618892133468798,123.35032922412933,0.28769034425869944,0.6133569796487425,0.11264858104427887,0.1254994655902579,14,4.618674085339248,0.20992774186953608,123.24384971143371,4.695260426347765,0.2201357930907638,124.1890858760487,0.07658634100851724,0.010208051221227726,0.9452361646149825,T5.5f3b_extension
rough_seed_45,33,wm040_ws000_we060,9,0.4,0.0,0.6,lm060_ls020_le020,0.48,0.26,0.26,0.6,0.2,0.2,4.638132015500378,0.21666934227530574,123.24384971143371,0.25406527985147603,0.660419923417943,0.0,0.10264237305999632,14,4.618674085339248,0.20992774186953608,123.24384971143371,4.695260426347765,0.2201357930907638,124.1890858760487,0.07658634100851724,0.010208051221227726,0.9452361646149825,T5.5f3b_extension
rough_seed_45,33,wm020_ws080_we000,10,0.2,0.8,0.0,lm060_ls000_le040,0.48,0.15,0.37,0.6,0.0,0.4,4.663240514802848,0.21151039926485948,124.1890858760487,0.5819109370774622,0.15504011108724172,1.0,0.12643623163264625,14,4.618674085339248,0.20992774186953608,123.24384971143371,4.695260426347765,0.2201357930907638,124.1890858760487,0.07658634100851724,0.010208051221227726,0.9452361646149825,T5.5f3b_extension
rough_seed_45,33,wm020_ws060_we020,11,0.2,0.6,0.2,lm020_ls040_le040,0.26,0.36999999999999994,0.37,0.2,0.4,0.4,4.657943528205064,0.2118695394803596,123.67807499050507,0.5127473430470953,0.19022216569461775,0.4593828456068715,0.11721889278824628,14,4.618674085339248,0.20992774186953608,123.24384971143371,4.695260426347765,0.2201357930907638,124.1890858760487,0.07658634100851724,0.010208051221227726,0.9452361646149825,T5.5f3b_extension
rough_seed_45,33,wm020_ws040_we040,12,0.2,0.4,0.4,lm040_ls000_le060,0.37,0.15,0.48,0.4,0.0,0.6,4.687305118369313,0.2102803453043527,123.641218573689,0.8961262821321136,0.034541699211242644,0.42039109074624675,0.18283724015051692,14,4.618674085339248,0.20992774186953608,123.24384971143371,4.695260426347765,0.2201357930907638,124.1890858760487,0.07658634100851724,0.010208051221227726,0.9452361646149825,T5.5f3b_extension
rough_seed_45,33,wm020_ws020_we060,13,0.2,0.2,0.6,lm000_ls080_le020,0.15,0.59,0.26,0.0,0.8,0.2,4.6407072361495025,0.21618892133468798,123.35032922412933,0.28769034425869944,0.6133569796487425,0.11264858104427887,0.12514938206382906,14,4.618674085339248,0.20992774186953608,123.24384971143371,4.695260426347765,0.2201357930907638,124.1890858760487,0.07658634100851724,0.010208051221227726,0.9452361646149825,T5.5f3b_extension
rough_seed_45,33,wm020_ws000_we080,14,0.2,0.0,0.8,lm060_ls020_le020,0.48,0.26,0.26,0.6,0.2,0.2,4.638132015500378,0.21666934227530574,123.24384971143371,0.25406527985147603,0.660419923417943,0.0,0.05132118652999816,14,4.618674085339248,0.20992774186953608,123.24384971143371,4.695260426347765,0.2201357930907638,124.1890858760487,0.07658634100851724,0.010208051221227726,0.9452361646149825,T5.5f3b_extension
rough_seed_45,33,wm000_ws100_we000,15,0.0,1.0,0.0,lm020_ls020_le060,0.26,0.26,0.48,0.2,0.2,0.6,4.695260426347765,0.20992774186953608,123.73486023144427,1.0,0.0,0.5194580342898352,0.0,14,4.618674085339248,0.20992774186953608,123.24384971143371,4.695260426347765,0.2201357930907638,124.1890858760487,0.07658634100851724,0.010208051221227726,0.9452361646149825,T5.5f3b_extension
rough_seed_45,33,wm000_ws080_we020,16,0.0,0.8,0.2,lm000_ls040_le060,0.15,0.37,0.48,0.0,0.4,0.6,4.689867975094483,0.209932475586625,123.47060118263518,0.9295899088235243,0.00046372387700004683,0.23988869627499776,0.04846122643856555,14,4.618674085339248,0.20992774186953608,123.24384971143371,4.695260426347765,0.2201357930907638,124.1890858760487,0.07658634100851724,0.010208051221227726,0.9452361646149825,T5.5f3b_extension
rough_seed_45,33,wm000_ws060_we040,17,0.0,0.6,0.4,lm000_ls040_le060,0.15,0.37,0.48,0.0,0.4,0.6,4.689867975094483,0.209932475586625,123.47060118263518,0.9295899088235243,0.00046372387700004683,0.23988869627499776,0.0969178156383611,14,4.618674085339248,0.20992774186953608,123.24384971143371,4.695260426347765,0.2201357930907638,124.1890858760487,0.07658634100851724,0.010208051221227726,0.9452361646149825,T5.5f3b_extension
rough_seed_45,33,wm000_ws040_we060,18,0.0,0.4,0.6,lm000_ls040_le060,0.15,0.37,0.48,0.0,0.4,0.6,4.689867975094483,0.209932475586625,123.47060118263518,0.9295899088235243,0.00046372387700004683,0.23988869627499776,0.14537440483815664,14,4.618674085339248,0.20992774186953608,123.24384971143371,4.695260426347765,0.2201357930907638,124.1890858760487,0.07658634100851724,0.010208051221227726,0.9452361646149825,T5.5f3b_extension
rough_seed_45,33,wm000_ws020_we080,19,0.0,0.2,0.8,lm000_ls080_le020,0.15,0.59,0.26,0.0,0.8,0.2,4.6407072361495025,0.21618892133468798,123.35032922412933,0.28769034425869944,0.6133569796487425,0.11264858104427887,0.12479929853740022,14,4.618674085339248,0.20992774186953608,123.24384971143371,4.695260426347765,0.2201357930907638,124.1890858760487,0.07658634100851724,0.010208051221227726,0.9452361646149825,T5.5f3b_extension
rough_seed_45,33,wm000_ws000_we100,20,0.0,0.0,1.0,lm060_ls020_le020,0.48,0.26,0.26,0.6,0.2,0.2,4.638132015500378,0.21666934227530574,123.24384971143371,0.25406527985147603,0.660419923417943,0.0,0.0,14,4.618674085339248,0.20992774186953608,123.24384971143371,4.695260426347765,0.2201357930907638,124.1890858760487,0.07658634100851724,0.010208051221227726,0.9452361646149825,T5.5f3b_extension
rough_seed_45,33,balanced,21,0.3333333333333333,0.3333333333333333,0.3333333333333333,lm020_ls040_le040,0.26,0.36999999999999994,0.37,0.2,0.4,0.4,4.657943528205064,0.2118695394803596,123.67807499050507,0.5127473430470953,0.19022216569461775,0.4593828456068715,0.17479028886352704,14,4.618674085339248,0.20992774186953608,123.24384971143371,4.695260426347765,0.2201357930907638,124.1890858760487,0.07658634100851724,0.010208051221227726,0.9452361646149825,T5.5f3b_extension
rough_seed_45,33,motion,22,0.7,0.15,0.15,lm000_ls100_le000,0.15,0.7,0.15,0.0,1.0,0.0,4.622053954793822,0.21836203259706416,123.73005628918747,0.04413149146527362,0.8262390680396372,0.5143757676176154,0.12625570289968838,14,4.618674085339248,0.20992774186953608,123.24384971143371,4.695260426347765,0.2201357930907638,124.1890858760487,0.07658634100851724,0.010208051221227726,0.9452361646149825,T5.5f3b_extension
rough_seed_45,33,stability,23,0.15,0.7,0.15,lm040_ls020_le040,0.36999999999999994,0.26,0.37,0.4,0.2,0.4,4.6625872894527465,0.21173758596581838,124.00880674473392,0.5733816700893803,0.17729574989971708,0.8092760962143164,0.12742208182855552,14,4.618674085339248,0.20992774186953608,123.24384971143371,4.695260426347765,0.2201357930907638,124.1890858760487,0.07658634100851724,0.010208051221227726,0.9452361646149825,T5.5f3b_extension
rough_seed_45,33,energy,24,0.15,0.15,0.7,lm000_ls080_le020,0.15,0.59,0.26,0.0,0.8,0.2,4.6407072361495025,0.21618892133468798,123.35032922412933,0.28769034425869944,0.6133569796487425,0.11264858104427887,0.0941436580004825,14,4.618674085339248,0.20992774186953608,123.24384971143371,4.695260426347765,0.2201357930907638,124.1890858760487,0.07658634100851724,0.010208051221227726,0.9452361646149825,T5.5f3b_extension
rough_seed_47,34,wm100_ws000_we000,0,1.0,0.0,0.0,lm100_ls000_le000,0.7,0.15,0.15,1.0,0.0,0.0,4.5406781684509046,0.30436447774594866,135.2264695151811,0.0,1.0,0.8693585001254748,0.0,8,4.5406781684509046,0.30007330376042823,134.0661336511846,4.596580680249805,0.30436447774594866,135.40083718698602,0.05590251179890071,0.0042911739855204245,1.3347035358014239,T5.5f3b_extension
rough_seed_47,34,wm080_ws020_we000,1,0.8,0.2,0.0,lm100_ls000_le000,0.7,0.15,0.15,1.0,0.0,0.0,4.5406781684509046,0.30436447774594866,135.2264695151811,0.0,1.0,0.8693585001254748,0.202,8,4.5406781684509046,0.30007330376042823,134.0661336511846,4.596580680249805,0.30436447774594866,135.40083718698602,0.05590251179890071,0.0042911739855204245,1.3347035358014239,T5.5f3b_extension
rough_seed_47,34,wm080_ws000_we020,2,0.8,0.0,0.2,lm100_ls000_le000,0.7,0.15,0.15,1.0,0.0,0.0,4.5406781684509046,0.30436447774594866,135.2264695151811,0.0,1.0,0.8693585001254748,0.1756104170253459,8,4.5406781684509046,0.30007330376042823,134.0661336511846,4.596580680249805,0.30436447774594866,135.40083718698602,0.05590251179890071,0.0042911739855204245,1.3347035358014239,T5.5f3b_extension
rough_seed_47,34,wm060_ws040_we000,3,0.6,0.4,0.0,lm080_ls000_le020,0.59,0.15,0.26,0.8,0.0,0.2,4.555127045731161,0.3001065278593378,135.10357090126504,0.25846561836494014,0.007742426436600481,0.7772791651874317,0.15666113443490012,8,4.5406781684509046,0.30007330376042823,134.0661336511846,4.596580680249805,0.30436447774594866,135.40083718698602,0.05590251179890071,0.0042911739855204245,1.3347035358014239,T5.5f3b_extension
rough_seed_47,34,wm060_ws020_we020,4,0.6,0.2,0.2,lm080_ls000_le020,0.59,0.15,0.26,0.8,0.0,0.2,4.555127045731161,0.3001065278593378,135.10357090126504,0.25846561836494014,0.007742426436600481,0.7772791651874317,0.15857666993092404,8,4.5406781684509046,0.30007330376042823,134.0661336511846,4.596580680249805,0.30436447774594866,135.40083718698602,0.05590251179890071,0.0042911739855204245,1.3347035358014239,T5.5f3b_extension
rough_seed_47,34,wm060_ws000_we040,5,0.6,0.0,0.4,lm040_ls040_le020,0.37,0.37,0.26,0.4,0.4,0.2,4.561684774221579,0.3013039126648952,134.59072300161498,0.37577212713163727,0.2867767442241618,0.3930381064851117,0.22929006146771264,8,4.5406781684509046,0.30007330376042823,134.0661336511846,4.596580680249805,0.30436447774594866,135.40083718698602,0.05590251179890071,0.0042911739855204245,1.3347035358014239,T5.5f3b_extension
rough_seed_47,34,wm040_ws060_we000,6,0.4,0.6,0.0,lm080_ls000_le020,0.59,0.15,0.26,0.8,0.0,0.2,4.555127045731161,0.3001065278593378,135.10357090126504,0.25846561836494014,0.007742426436600481,0.7772791651874317,0.10446656437805543,8,4.5406781684509046,0.30007330376042823,134.0661336511846,4.596580680249805,0.30436447774594866,135.40083718698602,0.05590251179890071,0.0042911739855204245,1.3347035358014239,T5.5f3b_extension
rough_seed_47,34,wm040_ws040_we020,7,0.4,0.4,0.2,lm060_ls020_le020,0.48,0.26,0.26,0.6,0.2,0.2,4.555468584560866,0.30106467035330636,135.03632631906814,0.26457516190269076,0.2310245625610303,0.7268975033478013,0.14881569457411076,8,4.5406781684509046,0.30007330376042823,134.0661336511846,4.596580680249805,0.30436447774594866,135.40083718698602,0.05590251179890071,0.0042911739855204245,1.3347035358014239,T5.5f3b_extension
rough_seed_47,34,wm040_ws020_we040,8,0.4,0.2,0.4,lm040_ls040_le020,0.37,0.37,0.26,0.4,0.4,0.2,4.561684774221579,0.3013039126648952,134.59072300161498,0.37577212713163727,0.2867767442241618,0.3930381064851117,0.16086403701696003,8,4.5406781684509046,0.30007330376042823,134.0661336511846,4.596580680249805,0.30436447774594866,135.40083718698602,0.05590251179890071,0.0042911739855204245,1.3347035358014239,T5.5f3b_extension
rough_seed_47,34,wm040_ws000_we060,9,0.4,0.0,0.6,lm040_ls040_le020,0.37,0.37,0.26,0.4,0.4,0.2,4.561684774221579,0.3013039126648952,134.59072300161498,0.37577212713163727,0.2867767442241618,0.3930381064851117,0.23968418103850425,8,4.5406781684509046,0.30007330376042823,134.0661336511846,4.596580680249805,0.30436447774594866,135.40083718698602,0.05590251179890071,0.0042911739855204245,1.3347035358014239,T5.5f3b_extension
rough_seed_47,34,wm020_ws080_we000,10,0.2,0.8,0.0,lm080_ls000_le020,0.59,0.15,0.26,0.8,0.0,0.2,4.555127045731161,0.3001065278593378,135.10357090126504,0.25846561836494014,0.007742426436600481,0.7772791651874317,0.05227199432121072,8,4.5406781684509046,0.30007330376042823,134.0661336511846,4.596580680249805,0.30436447774594866,135.40083718698602,0.05590251179890071,0.0042911739855204245,1.3347035358014239,T5.5f3b_extension
rough_seed_47,34,wm020_ws060_we020,11,0.2,0.6,0.2,lm060_ls020_le020,0.48,0.26,0.26,0.6,0.2,0.2,4.555468584560866,0.30106467035330636,135.03632631906814,0.26457516190269076,0.2310245625610303,0.7268975033478013,0.14874859337542742,8,4.5406781684509046,0.30007330376042823,134.0661336511846,4.596580680249805,0.30436447774594866,135.40083718698602,0.05590251179890071,0.0042911739855204245,1.3347035358014239,T5.5f3b_extension
rough_seed_47,34,wm020_ws040_we040,12,0.2,0.4,0.4,lm040_ls040_le020,0.37,0.37,0.26,0.4,0.4,0.2,4.561684774221579,0.3013039126648952,134.59072300161498,0.37577212713163727,0.2867767442241618,0.3930381064851117,0.16068604625114508,8,4.5406781684509046,0.30007330376042823,134.0661336511846,4.596580680249805,0.30436447774594866,135.40083718698602,0.05590251179890071,0.0042911739855204245,1.3347035358014239,T5.5f3b_extension
rough_seed_47,34,wm020_ws020_we060,13,0.2,0.2,0.6,lm060_ls000_le040,0.48,0.15,0.37,0.6,0.0,0.4,4.592320266485564,0.30350939318637005,134.0661336511846,0.9237885091895853,0.800734120204891,0.0,0.188206747096706,8,4.5406781684509046,0.30007330376042823,134.0661336511846,4.596580680249805,0.30436447774594866,135.40083718698602,0.05590251179890071,0.0042911739855204245,1.3347035358014239,T5.5f3b_extension
rough_seed_47,34,wm020_ws000_we080,14,0.2,0.0,0.8,lm060_ls000_le040,0.48,0.15,0.37,0.6,0.0,0.4,4.592320266485564,0.30350939318637005,134.0661336511846,0.9237885091895853,0.800734120204891,0.0,0.18660527885629624,8,4.5406781684509046,0.30007330376042823,134.0661336511846,4.596580680249805,0.30436447774594866,135.40083718698602,0.05590251179890071,0.0042911739855204245,1.3347035358014239,T5.5f3b_extension
rough_seed_47,34,wm000_ws100_we000,15,0.0,1.0,0.0,lm000_ls080_le020,0.15,0.59,0.26,0.0,0.8,0.2,4.567390676814191,0.30007330376042823,135.40083718698602,0.4778409324321579,0.0,1.0,0.0,8,4.5406781684509046,0.30007330376042823,134.0661336511846,4.596580680249805,0.30436447774594866,135.40083718698602,0.05590251179890071,0.0042911739855204245,1.3347035358014239,T5.5f3b_extension
rough_seed_47,34,wm000_ws080_we020,16,0.0,0.8,0.2,lm080_ls000_le020,0.59,0.15,0.26,0.8,0.0,0.2,4.555127045731161,0.3001065278593378,135.10357090126504,0.25846561836494014,0.007742426436600481,0.7772791651874317,0.157072330779354,8,4.5406781684509046,0.30007330376042823,134.0661336511846,4.596580680249805,0.30436447774594866,135.40083718698602,0.05590251179890071,0.0042911739855204245,1.3347035358014239,T5.5f3b_extension
rough_seed_47,34,wm000_ws060_we040,17,0.0,0.6,0.4,lm040_ls040_le020,0.37,0.37,0.26,0.4,0.4,0.2,4.561684774221579,0.3013039126648952,134.59072300161498,0.37577212713163727,0.2867767442241618,0.3930381064851117,0.17535885942578247,8,4.5406781684509046,0.30007330376042823,134.0661336511846,4.596580680249805,0.30436447774594866,135.40083718698602,0.05590251179890071,0.0042911739855204245,1.3347035358014239,T5.5f3b_extension
rough_seed_47,34,wm000_ws040_we060,18,0.0,0.4,0.6,lm040_ls040_le020,0.37,0.37,0.26,0.4,0.4,0.2,4.561684774221579,0.3013039126648952,134.59072300161498,0.37577212713163727,0.2867767442241618,0.3930381064851117,0.23932819950687434,8,4.5406781684509046,0.30007330376042823,134.0661336511846,4.596580680249805,0.30436447774594866,135.40083718698602,0.05590251179890071,0.0042911739855204245,1.3347035358014239,T5.5f3b_extension
rough_seed_47,34,wm000_ws020_we080,19,0.0,0.2,0.8,lm040_ls020_le040,0.36999999999999994,0.26,0.37,0.4,0.2,0.4,4.596580680249805,0.3028534908007941,134.1989937199444,1.0,0.6478849493744523,0.09954275627211492,0.1316691018238163,8,4.5406781684509046,0.30007330376042823,134.0661336511846,4.596580680249805,0.30436447774594866,135.40083718698602,0.05590251179890071,0.0042911739855204245,1.3347035358014239,T5.5f3b_extension
rough_seed_47,34,wm000_ws000_we100,20,0.0,0.0,1.0,lm060_ls000_le040,0.48,0.15,0.37,0.6,0.0,0.4,4.592320266485564,0.30350939318637005,134.0661336511846,0.9237885091895853,0.800734120204891,0.0,0.0,8,4.5406781684509046,0.30007330376042823,134.0661336511846,4.596580680249805,0.30436447774594866,135.40083718698602,0.05590251179890071,0.0042911739855204245,1.3347035358014239,T5.5f3b_extension
rough_seed_47,34,balanced,21,0.3333333333333333,0.3333333333333333,0.3333333333333333,lm040_ls040_le020,0.37,0.37,0.26,0.4,0.4,0.2,4.561684774221579,0.3013039126648952,134.59072300161498,0.37577212713163727,0.2867767442241618,0.3930381064851117,0.1345313254211736,8,4.5406781684509046,0.30007330376042823,134.0661336511846,4.596580680249805,0.30436447774594866,135.40083718698602,0.05590251179890071,0.0042911739855204245,1.3347035358014239,T5.5f3b_extension
rough_seed_47,34,motion,22,0.7,0.15,0.15,lm100_ls000_le000,0.7,0.15,0.15,1.0,0.0,0.0,4.5406781684509046,0.30436447774594866,135.2264695151811,0.0,1.0,0.8693585001254748,0.1528040377501882,8,4.5406781684509046,0.30007330376042823,134.0661336511846,4.596580680249805,0.30436447774594866,135.40083718698602,0.05590251179890071,0.0042911739855204245,1.3347035358014239,T5.5f3b_extension
rough_seed_47,34,stability,23,0.15,0.7,0.15,lm080_ls000_le020,0.59,0.15,0.26,0.8,0.0,0.2,4.555127045731161,0.3001065278593378,135.10357090126504,0.25846561836494014,0.007742426436600481,0.7772791651874317,0.11819968893849951,8,4.5406781684509046,0.30007330376042823,134.0661336511846,4.596580680249805,0.30436447774594866,135.40083718698602,0.05590251179890071,0.0042911739855204245,1.3347035358014239,T5.5f3b_extension
rough_seed_47,34,energy,24,0.15,0.15,0.7,lm060_ls000_le040,0.48,0.15,0.37,0.6,0.0,0.4,4.592320266485564,0.30350939318637005,134.0661336511846,0.9237885091895853,0.800734120204891,0.0,0.1411550603225295,8,4.5406781684509046,0.30007330376042823,134.0661336511846,4.596580680249805,0.30436447774594866,135.40083718698602,0.05590251179890071,0.0042911739855204245,1.3347035358014239,T5.5f3b_extension
