idx,split,trial,context,x,y,target_vx,pred_target_vx,err_target_vx,target_yaw_rate,pred_target_yaw_rate,err_target_yaw_rate,target_body_h,pred_target_body_h,err_target_body_h,target_clearance,pred_target_clearance,err_target_clearance,target_enable,pred_target_enable,err_target_enable
0,train,1,flat,0.047234213409874805,0.03834620873020612,0.20999999344348907,0.209895521402359,-0.00010447204113006592,-0.0009662676020525396,-0.0009587523527443409,7.51524930819869e-06,0.3199999928474426,0.31861168146133423,-0.0013883113861083984,0.04500000178813934,0.045000575482845306,5.736947059631348e-07,1.0,0.9993016719818115,-0.0006983280181884766
1,train,1,flat,0.0907544262452242,0.041499790818479466,0.20999999344348907,0.2098851352930069,-0.00011485815048217773,-0.0010528163984417915,-0.0010375138372182846,1.5302561223506927e-05,0.3199999928474426,0.31891101598739624,-0.0010889768600463867,0.04500000178813934,0.044999994337558746,-7.450580596923828e-09,1.0,0.999403715133667,-0.0005962848663330078
2,train,1,flat,0.13627343527026722,0.032122378403099144,0.20999999344348907,0.20996463298797607,-3.536045551300049e-05,-0.0008056690567173064,-0.0008048322051763535,8.368515409529209e-07,0.3199999928474426,0.31837737560272217,-0.001622617244720459,0.04500000178813934,0.04500172659754753,1.7248094081878662e-06,1.0,0.9993335604667664,-0.0006664395332336426
3,test,1,flat,0.18118149934185346,0.029424285066844975,0.20999999344348907,0.20999273657798767,-7.256865501403809e-06,-0.0007607207517139614,-0.0007379271555691957,2.2793596144765615e-05,0.3199999928474426,0.31830155849456787,-0.0016984343528747559,0.04500000178813934,0.04500216618180275,2.164393663406372e-06,1.0,0.999354362487793,-0.0006456375122070312
4,train,1,flat,0.22440162547862,0.02574326686262953,0.20999999344348907,0.21002155542373657,2.156198024749756e-05,-0.0006307639996521175,-0.0006462156306952238,-1.5451631043106318e-05,0.3199999928474426,0.3181820809841156,-0.0018179118633270264,0.04500000178813934,0.04500268027186394,2.678483724594116e-06,1.0,0.9993619322776794,-0.0006380677223205566
5,train,1,flat,0.2696913595176745,0.01856322343073455,0.20999999344348907,0.21005327999591827,5.328655242919922e-05,-0.000496975495480001,-0.0004662454593926668,3.0730036087334156e-05,0.3199999928474426,0.3179386258125305,-0.0020613670349121094,0.04500000178813934,0.04500340670347214,3.4049153327941895e-06,1.0,0.9993407130241394,-0.0006592869758605957
6,test,1,flat,0.31322001109070596,0.018696946779253057,0.20999999344348907,0.21006637811660767,6.638467311859131e-05,-0.0004953354364261031,-0.00047010136768221855,2.5234068743884563e-05,0.3199999928474426,0.3180149495601654,-0.0019850432872772217,0.04500000178813934,0.04500345513224602,3.4533441066741943e-06,1.0,0.999384880065918,-0.0006151199340820312
7,train,1,flat,0.3620621318895443,0.004490262107313443,0.20999999344348907,0.21006853878498077,6.854534149169922e-05,-0.0001225196901941672,-0.00011170655488967896,1.0813135304488242e-05,0.3199999928474426,0.3176950216293335,-0.002304971218109131,0.04500000178813934,0.045003924518823624,3.9227306842803955e-06,1.0,0.999335527420044,-0.0006644725799560547
8,train,1,flat,0.4067601888265097,0.0008486655044413621,0.20999999344348907,0.21006833016872406,6.833672523498535e-05,-4.2044786823680624e-05,-1.992611214518547e-05,2.2118674678495154e-05,0.3199999928474426,0.3177138566970825,-0.0022861361503601074,0.04500000178813934,0.045003894716501236,3.8929283618927e-06,1.0,0.9993568062782288,-0.0006431937217712402
9,train,1,flat,0.45121993255225085,0.0041150061877798004,0.20999999344348907,0.21009406447410583,9.407103061676025e-05,-6.85709310346283e-05,-0.00010318215936422348,-3.461122832959518e-05,0.3199999928474426,0.3178246021270752,-0.0021753907203674316,0.04500000178813934,0.04500405490398407,4.0531158447265625e-06,1.0,0.9994037747383118,-0.0005962252616882324
10,train,1,flat,0.5004863943331329,-0.00024673382888402897,0.20999999344348907,0.21009096503257751,9.097158908843994e-05,3.5896465533369337e-07,6.8265944719314575e-06,6.467629816597764e-06,0.3199999928474426,0.3178434371948242,-0.002156555652618408,0.04500000178813934,0.045003995299339294,3.993511199951172e-06,1.0,0.9994206428527832,-0.0005793571472167969
11,test,1,flat,0.5465414054510227,0.003194247420145748,0.20999999344348907,0.2101173996925354,0.00011740624904632568,-0.00010162627586396411,-8.083973079919815e-05,2.078654506476596e-05,0.3199999928474426,0.3179556131362915,-0.002044379711151123,0.04500000178813934,0.045004162937402725,4.161149263381958e-06,1.0,0.9994696378707886,-0.0005303621292114258
12,train,1,flat,0.5946179719815164,-0.004064174734953229,0.20999999344348907,0.21009685099124908,9.685754776000977e-05,0.00010800948075484484,0.00010265992023050785,-5.349560524336994e-06,0.3199999928474426,0.31795990467071533,-0.002040088176727295,0.04500000178813934,0.04500391334295273,3.91155481338501e-06,1.0,0.9994689226150513,-0.0005310773849487305
13,train,1,flat,0.6459344007156681,-0.0049889453625799034,0.20999999344348907,0.21010465919971466,0.00010466575622558594,0.0001125706039601937,0.00012560677714645863,1.3036173186264932e-05,0.3199999928474426,0.31803351640701294,-0.0019664764404296875,0.04500000178813934,0.04500391706824303,3.915280103683472e-06,1.0,0.9994966983795166,-0.0005033016204833984
14,train,1,flat,0.6996874217837638,0.0020825070909208446,0.20999999344348907,0.21015115082263947,0.00015115737915039062,-2.1349696908146143e-05,-5.411100573837757e-05,-3.276130883023143e-05,0.3199999928474426,0.31817400455474854,-0.0018259882926940918,0.04500000178813934,0.045004285871982574,4.284083843231201e-06,1.0,0.9995675683021545,-0.000432431697845459
15,train,1,flat,0.755119816151434,0.002391652109923463,0.20999999344348907,0.21016427874565125,0.0001642853021621704,-3.406100222491659e-05,-6.241141818463802e-05,-2.835041595972143e-05,0.3199999928474426,0.3182644248008728,-0.0017355680465698242,0.04500000178813934,0.04500432312488556,4.32133674621582e-06,1.0,0.9996054768562317,-0.00039452314376831055
16,train,1,flat,0.8050682873438114,0.010647046749965274,0.20999999344348907,0.21018925309181213,0.00018925964832305908,-0.0002717536117415875,-0.0002715098671615124,2.4374458007514477e-07,0.3199999928474426,0.31853359937667847,-0.0014663934707641602,0.04500000178813934,0.0450042262673378,4.2244791984558105e-06,1.0,0.999718189239502,-0.0002818107604980469
17,train,1,flat,0.8521624680495906,0.013190328241416345,0.20999999344348907,0.21019724011421204,0.00019724667072296143,-0.0003011152148246765,-0.0003359834663569927,-3.486825153231621e-05,0.3199999928474426,0.3186934292316437,-0.0013065636157989502,0.04500000178813934,0.045004092156887054,4.090368747711182e-06,1.0,0.9997829794883728,-0.00021702051162719727
18,train,1,flat,0.9008746193424334,0.011103406805575084,0.20999999344348907,0.21020548045635223,0.00020548701286315918,-0.0003046123019885272,-0.00028366525657474995,2.0947045413777232e-05,0.3199999928474426,0.31870365142822266,-0.0012963414192199707,0.04500000178813934,0.04500419273972511,4.190951585769653e-06,1.0,0.9997904896736145,-0.00020951032638549805
19,train,1,flat,0.9487154474641345,0.0115651680612378,0.20999999344348907,0.21021251380443573,0.00021252036094665527,-0.0003015034890267998,-0.00029559829272329807,5.905196303501725e-06,0.3199999928474426,0.31879711151123047,-0.0012028813362121582,0.04500000178813934,0.04500414803624153,4.14624810218811e-06,1.0,0.9998290538787842,-0.0001709461212158203
20,train,1,flat,0.9959568635538164,0.0023683301283892334,0.20999999344348907,0.2102067917585373,0.00020679831504821777,-4.7228695621015504e-05,-6.359652616083622e-05,-1.6367830539820716e-05,0.3199999928474426,0.31864112615585327,-0.0013588666915893555,0.04500000178813934,0.04500435292720795,4.351139068603516e-06,1.0,0.9997482299804688,-0.00025177001953125
21,train,1,flat,1.0417305488063395,0.004098529837630154,0.20999999344348907,0.21021735668182373,0.00021736323833465576,-0.00011725771764758974,-0.0001076271291822195,9.630588465370238e-06,0.3199999928474426,0.3187469244003296,-0.0012530684471130371,0.04500000178813934,0.045004334300756454,4.332512617111206e-06,1.0,0.999792754650116,-0.0002072453498840332
22,train,1,flat,1.0847591908929772,0.006551458991449845,0.20999999344348907,0.21022677421569824,0.00022678077220916748,-0.0001364924100926146,-0.00016983691602945328,-3.3344505936838686e-05,0.3199999928474426,0.31887292861938477,-0.0011270642280578613,0.04500000178813934,0.045004263520240784,4.26173210144043e-06,1.0,0.9998473525047302,-0.0001526474952697754
23,train,1,flat,1.1274559112478377,0.0005651984611588267,0.20999999344348907,0.2102179080247879,0.00021791458129882812,-2.931351264123805e-05,-1.8795253708958626e-05,1.0518258932279423e-05,0.3199999928474426,0.3188197612762451,-0.0011802315711975098,0.04500000178813934,0.04500427842140198,4.276633262634277e-06,1.0,0.9997974634170532,-0.00020253658294677734
24,train,1,flat,1.1689327512570442,0.0031277064085729915,0.20999999344348907,0.21022920310497284,0.00022920966148376465,-9.24858613871038e-05,-8.37966799736023e-05,8.689181413501501e-06,0.3199999928474426,0.31893110275268555,-0.00106889009475708,0.04500000178813934,0.04500425234436989,4.250556230545044e-06,1.0,0.9998487234115601,-0.0001512765884399414
25,test,1,flat,1.2070486753755614,-0.003004068410635735,0.20999999344348907,0.21021248400211334,0.00021249055862426758,9.254118776880205e-05,7.103406824171543e-05,-2.1507119527086616e-05,0.3199999928474426,0.3189012408256531,-0.0010987520217895508,0.04500000178813934,0.045004136860370636,4.135072231292725e-06,1.0,0.9997947216033936,-0.0002052783966064453
26,train,1,flat,1.2433347550911082,-0.010675618037617388,0.20999999344348907,0.2101728767156601,0.0001728832721710205,0.0002137473929906264,0.00026496988721191883,5.1222494221292436e-05,0.3199999928474426,0.318936824798584,-0.0010631680488586426,0.04500000178813934,0.04500366374850273,3.6619603633880615e-06,1.0,0.9997357130050659,-0.00026428699493408203
27,test,1,flat,1.2824359763008182,-0.014694198596523834,0.20999999344348907,0.21014615893363953,0.00014616549015045166,0.0003805511223617941,0.0003664344549179077,-1.41166674438864e-05,0.3199999928474426,0.3190267086029053,-0.0009732842445373535,0.04500000178813934,0.0450032539665699,3.252178430557251e-06,1.0,0.9997168183326721,-0.00028318166732788086
28,train,1,flat,1.3274892912115661,-0.028460496595258053,0.20999999344348907,0.21000438928604126,4.395842552185059e-06,0.0007271921494975686,0.0007141942624002695,-1.2997887097299099e-05,0.3199999928474426,0.31941819190979004,-0.0005818009376525879,0.04500000178813934,0.045001111924648285,1.1101365089416504e-06,1.0,0.9996610283851624,-0.0003389716148376465
29,train,1,flat,1.3726298391945724,-0.028981767851837564,0.20999999344348907,0.21000215411186218,2.16066837310791e-06,0.0007033250294625759,0.0007269916823133826,2.3666652850806713e-05,0.3199999928474426,0.31950199604034424,-0.0004979968070983887,0.04500000178813934,0.04500099644064903,9.94652509689331e-07,1.0,0.9996639490127563,-0.00033605098724365234
30,test,1,flat,1.4186800216342659,-0.03255324651162915,0.20999999344348907,0.20995746552944183,-4.252791404724121e-05,0.0008321886998601258,0.0008167024934664369,-1.5486206393688917e-05,0.3199999928474426,0.3197110593318939,-0.00028893351554870605,0.04500000178813934,0.04500022530555725,2.2351741790771484e-07,1.0,0.9996589422225952,-0.00034105777740478516
31,train,1,flat,1.461734874391224,-0.036003947116014075,0.20999999344348907,0.20990988612174988,-9.010732173919678e-05,0.0008714229334145784,0.0009032535599544644,3.1830626539886e-05,0.3199999928474426,0.3199320435523987,-6.794929504394531e-05,0.04500000178813934,0.04499940946698189,-5.923211574554443e-07,1.0,0.9996547102928162,-0.0003452897071838379
32,test,1,flat,1.503919804556579,-0.02715580685522239,0.20999999344348907,0.21003510057926178,3.510713577270508e-05,0.0006706170970574021,0.0006799125112593174,9.295414201915264e-06,0.3199999928474426,0.3196293115615845,-0.0003706812858581543,0.04500000178813934,0.04500127211213112,1.2703239917755127e-06,1.0,0.9996803998947144,-0.00031960010528564453
33,train,1,flat,1.5447185578819442,-0.028186909601566973,0.20999999344348907,0.2100243717432022,2.4378299713134766e-05,0.0007428086828440428,0.0007056319154798985,-3.7176767364144325e-05,0.3199999928474426,0.3197239637374878,-0.000276029109954834,0.04500000178813934,0.045001041144132614,1.039355993270874e-06,1.0,0.9996776580810547,-0.0003223419189453125
34,train,1,flat,1.5882643241638992,-0.014650700119313407,0.20999999344348907,0.21016161143779755,0.00016161799430847168,0.0003610227140597999,0.00036353361792862415,2.5109038688242435e-06,0.3199999928474426,0.31949377059936523,-0.0005062222480773926,0.04500000178813934,0.04500291496515274,2.913177013397217e-06,1.0,0.9997869729995728,-0.0002130270004272461
35,train,1,flat,1.6416155583542034,-0.008547184942249425,0.20999999344348907,0.2102009654045105,0.00020097196102142334,0.00024393911007791758,0.0002090991474688053,-3.483996260911226e-05,0.3199999928474426,0.31955617666244507,-0.0004438161849975586,0.04500000178813934,0.045003268867731094,3.2670795917510986e-06,1.0,0.9998722672462463,-0.0001277327537536621
36,train,1,flat,1.6944418754304131,-0.002646633401003814,0.20999999344348907,0.21022479236125946,0.00022479891777038574,7.367880607489496e-05,5.999067798256874e-05,-1.3688128092326224e-05,0.3199999928474426,0.3196871876716614,-0.00031280517578125,0.04500000178813934,0.045003339648246765,3.337860107421875e-06,1.0,0.9999752044677734,-2.47955322265625e-05
37,train,1,flat,1.7431002071557737,0.008641783788687173,0.20999999344348907,0.21023698151111603,0.00023698806762695312,-0.00023300483007915318,-0.00022432487457990646,8.679955499246716e-06,0.3199999928474426,0.3200336694717407,3.36766242980957e-05,0.04500000178813934,0.045002903789281845,2.902001142501831e-06,1.0,1.0002063512802124,0.00020635128021240234
38,train,1,flat,1.7938539676453769,0.009138528927021553,0.20999999344348907,0.2102319896221161,0.00023199617862701416,-0.00021131605899427086,-0.00023680785670876503,-2.549179771449417e-05,0.3199999928474426,0.32013800740242004,0.000138014554977417,0.04500000178813934,0.04500270634889603,2.7045607566833496e-06,1.0,1.0002381801605225,0.00023818016052246094
39,train,1,flat,1.8440488383845128,0.007590250678352796,0.20999999344348907,0.21022756397724152,0.0002275705337524414,-0.0002275177394039929,-0.0001979190856218338,2.959865378215909e-05,0.3199999928474426,0.3201724886894226,0.00017249584197998047,0.04500000178813934,0.045002639293670654,2.637505531311035e-06,1.0,1.0002237558364868,0.0002237558364868164
40,train,1,flat,1.8971203877596912,0.006138443135992005,0.20999999344348907,0.21022151410579681,0.00022152066230773926,-0.00013477889297064394,-0.00016144383698701859,-2.6664944016374648e-05,0.3199999928474426,0.32021838426589966,0.00021839141845703125,0.04500000178813934,0.045002531260252,2.5294721126556396e-06,1.0,1.0002110004425049,0.0002110004425048828
41,train,1,flat,1.9477772049117583,-0.002898036776433818,0.20999999344348907,0.21020197868347168,0.00020198523998260498,5.9648038586601615e-05,6.581330671906471e-05,6.1652681324630976e-06,0.3199999928474426,0.32010287046432495,0.00010287761688232422,0.04500000178813934,0.04500257596373558,2.5741755962371826e-06,1.0,1.000038743019104,3.8743019104003906e-05
42,train,1,flat,1.9982946609784868,-0.00047543759522784097,0.20999999344348907,0.2102011740207672,0.0002011805772781372,-2.9243426524772076e-06,4.795379936695099e-06,7.719722589172306e-06,0.3199999928474426,0.3202281594276428,0.0002281665802001953,0.04500000178813934,0.04500238224864006,2.380460500717163e-06,1.0,1.000099778175354,9.97781753540039e-05
43,train,1,upslope,2.0506785898651363,-0.004248000672694805,0.20999999344348907,0.20965620875358582,-0.0003437846899032593,0.00011351611465215683,0.00013182265684008598,1.8306542187929153e-05,0.3199999928474426,0.3197503685951233,-0.00024962425231933594,0.04500000178813934,0.045026909559965134,2.6907771825790405e-05,1.0,1.0024787187576294,0.0024787187576293945
44,test,1,upslope,2.1001219434868,-0.006330138843055241,0.20999999344348907,0.2096727043390274,-0.0003272891044616699,0.00014049294986762106,0.00017937901429831982,3.888606443069875e-05,0.3199999928474426,0.319853812456131,-0.0001461803913116455,0.04500000178813934,0.04502511024475098,2.51084566116333e-05,1.0,1.0023518800735474,0.0023518800735473633
45,train,1,upslope,2.1494961852994465,-0.012424659134091756,0.20999999344348907,0.2097511738538742,-0.00024881958961486816,0.000309439143165946,0.0003208303824067116,1.1391239240765572e-05,0.3199999928474426,0.3198850154876709,-0.00011497735977172852,0.04500000178813934,0.045021429657936096,2.142786979675293e-05,1.0,1.001929759979248,0.0019297599792480469
46,test,1,upslope,2.198529819272167,-0.02698582795222236,0.20999999344348907,0.20994015038013458,-5.984306335449219e-05,0.0006486439961008728,0.0006653221789747477,1.6678182873874903e-05,0.3199999928474426,0.3197704255580902,-0.000229567289352417,0.04500000178813934,0.04501437395811081,1.4372169971466064e-05,1.0,1.0010061264038086,0.0010061264038085938
47,train,1,upslope,2.2475662486643415,-0.029796628099133776,0.20999999344348907,0.20995791256427765,-4.208087921142578e-05,0.0007303180755116045,0.0007322941673919559,1.976091880351305e-06,0.3199999928474426,0.3198363184928894,-0.00016367435455322266,0.04500000178813934,0.045012474060058594,1.2472271919250488e-05,1.0,1.0008690357208252,0.0008690357208251953
48,test,1,upslope,2.2915404577148766,-0.031980417248323165,0.20999999344348907,0.2099684327840805,-3.1560659408569336e-05,0.0008133978117257357,0.0007844842039048672,-2.8913607820868492e-05,0.3199999928474426,0.31989654898643494,-0.00010344386100769043,0.04500000178813934,0.045010942965745926,1.0941177606582642e-05,1.0,1.0007681846618652,0.0007681846618652344
49,train,1,upslope,2.333540278444285,-0.03905857877269855,0.20999999344348907,0.21003618836402893,3.619492053985596e-05,0.0009392198990099132,0.0009557210141792893,1.6501115169376135e-05,0.3199999928474426,0.31986719369888306,-0.0001327991485595703,0.04500000178813934,0.04500773176550865,7.729977369308472e-06,1.0,1.0004220008850098,0.0004220008850097656
50,train,1,upslope,2.3774786912600336,-0.040601776314975566,0.20999999344348907,0.21003632247447968,3.6329030990600586e-05,0.0009993582498282194,0.0009929891675710678,-6.369082257151604e-06,0.3199999928474426,0.3199286162853241,-7.137656211853027e-05,0.04500000178813934,0.04500651732087135,6.515532732009888e-06,1.0,1.0003641843795776,0.0003641843795776367
51,train,1,upslope,2.415229604481571,-0.04402201758139409,0.20999999344348907,0.21005870401859283,5.8710575103759766e-05,0.0011165302712470293,0.0010763625614345074,-4.0167709812521935e-05,0.3199999928474426,0.3199431300163269,-5.6862831115722656e-05,0.04500000178813934,0.045004814863204956,4.813075065612793e-06,1.0,1.000220775604248,0.00022077560424804688
52,train,1,upslope,2.4501528605066554,-0.041584027339631874,0.20999999344348907,0.21001802384853363,1.8030405044555664e-05,0.0010265641612932086,0.0010164413833990693,-1.012277789413929e-05,0.3199999928474426,0.3200514316558838,5.143880844116211e-05,0.04500000178813934,0.04500511288642883,5.111098289489746e-06,1.0,1.000341534614563,0.0003415346145629883
53,train,1,upslope,2.4864685433699063,-0.03566705625086698,0.20999999344348907,0.20993468165397644,-6.531178951263428e-05,0.0009309133165515959,0.000872134231030941,-5.877908552065492e-05,0.3199999928474426,0.32023149728775024,0.0002315044403076172,0.04500000178813934,0.045006778091192245,6.776303052902222e-06,1.0,1.0006462335586548,0.0006462335586547852
54,train,1,upslope,2.527942990493724,-0.03377234309012049,0.20999999344348907,0.209894061088562,-0.00010593235492706299,0.0008343299268744886,0.000825979863293469,-8.35006358101964e-06,0.3199999928474426,0.3203507661819458,0.00035077333450317383,0.04500000178813934,0.045007020235061646,7.018446922302246e-06,1.0,1.0007615089416504,0.0007615089416503906
55,train,1,upslope,2.564017586566898,-0.033987713949855614,0.20999999344348907,0.20988109707832336,-0.00011889636516571045,0.0008188160718418658,0.0008309836266562343,1.2167554814368486e-05,0.3199999928474426,0.3204170763492584,0.0004170835018157959,0.04500000178813934,0.04500652477145195,6.5229833126068115e-06,1.0,1.0007612705230713,0.0007612705230712891
56,train,1,upslope,2.6030457528199573,-0.04933298850451561,0.20999999344348907,0.21003615856170654,3.616511821746826e-05,0.0012164873769506812,0.0012058340944349766,-1.0653282515704632e-05,0.3199999928474426,0.32018202543258667,0.00018203258514404297,0.04500000178813934,0.04500053450465202,5.327165126800537e-07,1.0,1.0000416040420532,4.1604042053222656e-05
57,test,1,upslope,2.6415668564304733,-0.06239136544303496,0.20999999344348907,0.21014058589935303,0.00014059245586395264,0.0015118236187845469,0.0015301333041861653,1.830968540161848e-05,0.3199999928474426,0.32000479102134705,4.798173904418945e-06,0.04500000178813934,0.044996440410614014,-3.56137752532959e-06,1.0,0.9995976090431213,-0.0004023909568786621
58,train,1,upslope,2.68061161434304,-0.06990633654613554,0.20999999344348907,0.21018365025520325,0.00018365681171417236,0.001746978028677404,0.0017186349723488092,-2.8343056328594685e-05,0.3199999928474426,0.31993213295936584,-6.785988807678223e-05,0.04500000178813934,0.04499431326985359,-5.688518285751343e-06,1.0,0.9994107484817505,-0.0005892515182495117
59,train,1,upslope,2.7207735286997856,-0.07874353985978629,0.20999999344348907,0.21022799611091614,0.000228002667427063,0.0019644720014184713,0.001941906986758113,-2.256501466035843e-05,0.3199999928474426,0.3198418617248535,-0.00015813112258911133,0.04500000178813934,0.044992320239543915,-7.681548595428467e-06,1.0,0.9992512464523315,-0.000748753547668457
60,train,1,upslope,2.761933646301072,-0.07746137844375138,0.20999999344348907,0.21020254492759705,0.0002025514841079712,0.0019225371070206165,0.0019092890433967113,-1.3248063623905182e-05,0.3199999928474426,0.3199126124382019,-8.738040924072266e-05,0.04500000178813934,0.04499194398522377,-8.05780291557312e-06,1.0,0.9992650151252747,-0.0007349848747253418
61,train,1,upslope,2.803704114787184,-0.07744611474489276,0.20999999344348907,0.21018469333648682,0.0001846998929977417,0.0019594912882894278,0.0019088072003796697,-5.068408790975809e-05,0.3199999928474426,0.31996339559555054,-3.6597251892089844e-05,0.04500000178813934,0.04499141871929169,-8.58306884765625e-06,1.0,0.9992600083351135,-0.0007399916648864746
62,train,1,upslope,2.8477037509041048,-0.08134891078594483,0.20999999344348907,0.21019098162651062,0.0001909881830215454,0.001999654108658433,0.0020077840890735388,8.12998041510582e-06,0.3199999928474426,0.31994977593421936,-5.02169132232666e-05,0.04500000178813934,0.04499032348394394,-9.678304195404053e-06,1.0,0.9991973638534546,-0.0008026361465454102
63,train,1,upslope,2.8935357813982243,-0.08248517221980362,0.20999999344348907,0.2101781666278839,0.00017817318439483643,0.0020554724615067244,0.002036614343523979,-1.885811798274517e-05,0.3199999928474426,0.31998196244239807,-1.8030405044555664e-05,0.04500000178813934,0.04498964175581932,-1.0360032320022583e-05,1.0,0.9991742968559265,-0.0008257031440734863
64,train,1,upslope,2.9381420743306625,-0.09196199935022764,0.20999999344348907,0.21021246910095215,0.00021247565746307373,0.0023119046818464994,0.0022783682215958834,-3.3536460250616074e-05,0.3199999928474426,0.3198760151863098,-0.0001239776611328125,0.04500000178813934,0.04498818889260292,-1.181289553642273e-05,1.0,0.9990850687026978,-0.0009149312973022461
65,test,1,upslope,2.988127188852297,-0.08678374205699177,0.20999999344348907,0.21016216278076172,0.00016216933727264404,0.002153936307877302,0.0021460552234202623,-7.881084457039833e-06,0.3199999928474426,0.3200088441371918,8.851289749145508e-06,0.04500000178813934,0.04498811811208725,-1.1883676052093506e-05,1.0,0.9991055130958557,-0.0008944869041442871
66,train,1,upslope,3.0379622311368966,-0.08802603248580264,0.20999999344348907,0.21014690399169922,0.00014691054821014404,0.0022178427316248417,0.0021777586080133915,-4.0084123611450195e-05,0.3199999928474426,0.3200368881225586,3.68952751159668e-05,0.04500000178813934,0.044987499713897705,-1.2502074241638184e-05,1.0,0.9990800023078918,-0.0009199976921081543
67,test,1,upslope,3.087052058134244,-0.08948879536486894,0.20999999344348907,0.21013283729553223,0.00013284385204315186,0.002221338450908661,0.002215140964835882,-6.197486072778702e-06,0.3199999928474426,0.32005828619003296,5.829334259033203e-05,0.04500000178813934,0.04498691111803055,-1.3090670108795166e-05,1.0,0.9990525841712952,-0.000947415828704834
68,train,1,upslope,3.138031939608837,-0.08083982673269725,0.20999999344348907,0.21005451679229736,5.4523348808288574e-05,0.0020245404448360205,0.001994773279875517,-2.9767164960503578e-05,0.3199999928474426,0.32026800513267517,0.00026801228523254395,0.04500000178813934,0.04498770833015442,-1.2293457984924316e-05,1.0,0.9991403818130493,-0.0008596181869506836
69,train,1,upslope,3.1866283229558174,-0.07476648907182827,0.20999999344348907,0.209986612200737,-1.3381242752075195e-05,0.0019088045228272676,0.0018408573232591152,-6.794719956815243e-05,0.3199999928474426,0.3204435706138611,0.00044357776641845703,0.04500000178813934,0.044988613575696945,-1.1388212442398071e-05,1.0,0.9992427825927734,-0.0007572174072265625
70,train,1,upslope,3.2352403548472557,-0.0671788810348633,0.20999999344348907,0.20990008115768433,-9.991228580474854e-05,0.0016763536259531975,0.0016496478347107768,-2.6705791242420673e-05,0.3199999928474426,0.3206690549850464,0.0006690621376037598,0.04500000178813934,0.04499031603336334,-9.685754776000977e-06,1.0,0.9994248747825623,-0.0005751252174377441
71,test,1,upslope,3.2782380167760046,-0.06207375887320645,0.20999999344348907,0.20983156561851501,-0.00016842782497406006,0.0015792023623362184,0.001521789119578898,-5.7413242757320404e-05,0.3199999928474426,0.3208440840244293,0.0008440911769866943,0.04500000178813934,0.04499175399541855,-8.247792720794678e-06,1.0,0.9995777010917664,-0.0004222989082336426
72,train,1,upslope,3.3256971788463745,-0.06648699005817107,0.20999999344348907,0.2098456472158432,-0.00015434622764587402,0.0016550790751352906,0.001632516272366047,-2.2562802769243717e-05,0.3199999928474426,0.32078397274017334,0.0007839798927307129,0.04500000178813934,0.04499032348394394,-9.678304195404053e-06,1.0,0.9994286894798279,-0.0005713105201721191
73,test,1,upslope,3.3705004107981815,-0.06632400587046894,0.20999999344348907,0.20981962978839874,-0.00018036365509033203,0.0016503571532666683,0.001628579688258469,-2.1777465008199215e-05,0.3199999928474426,0.3208354115486145,0.000835418701171875,0.04500000178813934,0.04499033838510513,-9.663403034210205e-06,1.0,0.9994246363639832,-0.0005753636360168457
74,train,1,upslope,3.4130568522739972,-0.06869608590489162,0.20999999344348907,0.20981678366661072,-0.00018320977687835693,0.0017417618073523045,0.0016883545322343707,-5.340727511793375e-05,0.3199999928474426,0.320817768573761,0.0008177757263183594,0.04500000178813934,0.04498962312936783,-1.0378658771514893e-05,1.0,0.9993448853492737,-0.0006551146507263184
75,train,1,upslope,3.4570472955826435,-0.06386916628640824,0.20999999344348907,0.20974864065647125,-0.00025135278701782227,0.0015945450868457556,0.00156739866361022,-2.714642323553562e-05,0.3199999928474426,0.32099035382270813,0.000990360975265503,0.04500000178813934,0.04499117285013199,-8.828938007354736e-06,1.0,0.9994851350784302,-0.0005148649215698242
76,train,1,upslope,3.4941504184216505,-0.061646972058230026,0.20999999344348907,0.20970626175403595,-0.000293731689453125,0.0015489548677578568,0.0015120048774406314,-3.6949990317225456e-05,0.3199999928474426,0.32109060883522034,0.00109061598777771,0.04500000178813934,0.04499201849102974,-7.983297109603882e-06,1.0,0.999553918838501,-0.00044608116149902344
77,train,1,upslope,3.5378517246240957,-0.07889503236924998,0.20999999344348907,0.20983004570007324,-0.00016994774341583252,0.001948268967680633,0.0019465640652924776,-1.7049023881554604e-06,0.3199999928474426,0.3206760287284851,0.0006760358810424805,0.04500000178813934,0.044987015426158905,-1.2986361980438232e-05,1.0,0.9990553855895996,-0.0009446144104003906
78,train,1,upslope,3.582100182656542,-0.08949972504005368,0.20999999344348907,0.2098812758922577,-0.00011871755123138428,0.0021814615465700626,0.002216745400801301,3.5283854231238365e-05,0.3199999928474426,0.3204645812511444,0.0004645884037017822,0.04500000178813934,0.044984955340623856,-1.5046447515487671e-05,1.0,0.9988617897033691,-0.0011382102966308594
79,train,1,upslope,3.626368958799004,-0.10968405079996135,0.20999999344348907,0.20997104048728943,-2.8952956199645996e-05,0.0027115079574286938,0.002735084155574441,2.3576198145747185e-05,0.3199999928474426,0.3201027810573578,0.00010278820991516113,0.04500000178813934,0.044983163475990295,-1.683831214904785e-05,1.0,0.9987450838088989,-0.0012549161911010742
80,test,1,upslope,3.6661319697085677,-0.1232867898555388,0.20999999344348907,0.21000492572784424,4.932284355163574e-06,0.003032390493899584,0.003086268901824951,5.3878407925367355e-05,0.3199999928474426,0.3199213743209839,-7.861852645874023e-05,0.04500000178813934,0.044983554631471634,-1.644715666770935e-05,1.0,0.9988183975219727,-0.0011816024780273438
81,test,1,upslope,3.705639549389924,-0.1273293607984518,0.20999999344348907,0.20999819040298462,-1.8030405044555664e-06,0.003154922742396593,0.0031908522360026836,3.5929493606090546e-05,0.3199999928474426,0.31988832354545593,-0.00011166930198669434,0.04500000178813934,0.0449838787317276,-1.6123056411743164e-05,1.0,0.9988386034965515,-0.0011613965034484863
82,train,1,upslope,3.738436914748396,-0.13477746598324247,0.20999999344348907,0.210002139210701,2.1457672119140625e-06,0.0033861880656331778,0.003383332397788763,-2.855667844414711e-06,0.3199999928474426,0.3198201656341553,-0.00017982721328735352,0.04500000178813934,0.044984813779592514,-1.5188008546829224e-05,1.0,0.9989287853240967,-0.0010712146759033203
83,train,1,upslope,3.773037647712338,-0.13438812701286296,0.20999999344348907,0.20998449623584747,-1.5497207641601562e-05,0.0033284735400229692,0.003373434068635106,4.496052861213684e-05,0.3199999928474426,0.31983691453933716,-0.00016307830810546875,0.04500000178813934,0.04498472437262535,-1.527741551399231e-05,1.0,0.9988899827003479,-0.0011100172996520996
84,train,1,upslope,3.8087641976351603,-0.14107170994469648,0.20999999344348907,0.2099817842245102,-1.8209218978881836e-05,0.003526586340740323,0.0035460370127111673,1.945067197084427e-05,0.3199999928474426,0.3197883367538452,-0.0002116560935974121,0.04500000178813934,0.04498585686087608,-1.4144927263259888e-05,1.0,0.9989818930625916,-0.0010181069374084473
85,train,1,upslope,3.8497538386964307,-0.15120360257934468,0.20999999344348907,0.20997683703899384,-2.3156404495239258e-05,0.0037614209577441216,0.0038070599548518658,4.563899710774422e-05,0.3199999928474426,0.3197336196899414,-0.0002663731575012207,0.04500000178813934,0.044988133013248444,-1.1868774890899658e-05,1.0,0.9991669654846191,-0.0008330345153808594
86,train,1,upslope,3.8899132214410574,-0.15352969298378175,0.20999999344348907,0.20996056497097015,-3.94284725189209e-05,0.0038032648153603077,0.0038669868372380733,6.372202187776566e-05,0.3199999928474426,0.31973379850387573,-0.00026619434356689453,0.04500000178813934,0.04498874396085739,-1.1257827281951904e-05,1.0,0.9991783499717712,-0.0008216500282287598
87,train,1,upslope,3.9321729984632943,-0.16999848356886468,0.20999999344348907,0.20994094014167786,-5.905330181121826e-05,0.00423457520082593,0.004288049880415201,5.3474679589271545e-05,0.3199999928474426,0.3197137117385864,-0.00028628110885620117,0.04500000178813934,0.04499407112598419,-5.930662155151367e-06,1.0,0.9995772838592529,-0.0004227161407470703
88,train,1,upslope,3.9746847780626307,-0.1806747087860996,0.20999999344348907,0.2099076509475708,-9.234249591827393e-05,0.004480401054024696,0.004558466840535402,7.806578651070595e-05,0.3199999928474426,0.31975018978118896,-0.0002498030662536621,0.04500000178813934,0.044998373836278915,-1.6279518604278564e-06,1.0,0.9998379945755005,-0.00016200542449951172
89,test,1,rough,4.02073717114319,-0.18675471021972925,0.20499999821186066,0.2050483077764511,4.83095645904541e-05,0.0046675922349095345,0.004591288976371288,-7.630325853824615e-05,0.3199999928474426,0.3206310272216797,0.0006310343742370605,0.054999999701976776,0.05501532554626465,1.5325844287872314e-05,1.0,0.9985077977180481,-0.0014922022819519043
90,train,1,rough,4.067665641732298,-0.1978527589335404,0.20499999821186066,0.20501533150672913,1.5333294868469238e-05,0.004935773555189371,0.004869638476520777,-6.613507866859436e-05,0.3199999928474426,0.3201446533203125,0.00014466047286987305,0.054999999701976776,0.055020883679389954,2.088397741317749e-05,1.0,0.9980255365371704,-0.00197446346282959
91,train,1,rough,4.110182914942372,-0.1972999698422428,0.20499999821186066,0.20501135289669037,1.1354684829711914e-05,0.004906837362796068,0.004856139421463013,-5.0697941333055496e-05,0.3199999928474426,0.32001280784606934,1.2814998626708984e-05,0.054999999701976776,0.05502261221408844,2.261251211166382e-05,1.0,0.9979479312896729,-0.0020520687103271484
92,train,1,rough,4.1562608653199336,-0.2053046600639875,0.20499999821186066,0.20498572289943695,-1.4275312423706055e-05,0.005128853488713503,0.00505894934758544,-6.99041411280632e-05,0.3199999928474426,0.31966710090637207,-0.00033289194107055664,0.054999999701976776,0.05502649024128914,2.649053931236267e-05,1.0,0.9976280331611633,-0.00237196683883667
93,test,1,rough,4.204249944910009,-0.21645049114064668,0.20499999821186066,0.2049529254436493,-4.7072768211364746e-05,0.0053696343675255775,0.005343613680452108,-2.6020687073469162e-05,0.3199999928474426,0.31930968165397644,-0.0006903111934661865,0.054999999701976776,0.05503027141094208,3.0271708965301514e-05,1.0,0.9972960948944092,-0.0027039051055908203
94,test,1,rough,4.2544688145657155,-0.22180173780789061,0.20499999821186066,0.2049344778060913,-6.552040576934814e-05,0.005529284942895174,0.005481496453285217,-4.778848960995674e-05,0.3199999928474426,0.3190750479698181,-0.0009249448776245117,0.054999999701976776,0.05503285303711891,3.285333514213562e-05,1.0,0.997113823890686,-0.002886176109313965
95,test,1,rough,4.300670110803874,-0.23159279452000234,0.20499999821186066,0.2049085795879364,-9.141862392425537e-05,0.00577763793990016,0.005734483245760202,-4.315469413995743e-05,0.3199999928474426,0.3188466429710388,-0.0011533498764038086,0.054999999701976776,0.0550350621342659,3.5062432289123535e-05,1.0,0.9969288110733032,-0.0030711889266967773
96,train,1,rough,4.346795597712618,-0.23788083831658657,0.20499999821186066,0.20489154756069183,-0.00010845065116882324,0.005912266671657562,0.005897889845073223,-1.4376826584339142e-05,0.3199999928474426,0.31867843866348267,-0.001321554183959961,0.054999999701976776,0.055036742240190506,3.674253821372986e-05,1.0,0.99681556224823,-0.0031844377517700195
97,train,1,rough,4.3902683189254486,-0.24619131309507955,0.20499999821186066,0.20487385988235474,-0.0001261383295059204,0.006148628890514374,0.006114283576607704,-3.434531390666962e-05,0.3199999928474426,0.31855034828186035,-0.0014496445655822754,0.054999999701976776,0.05503779277205467,3.779307007789612e-05,1.0,0.9967439770698547,-0.0032560229301452637
98,train,1,rough,4.43649524745113,-0.26124676832479055,0.20499999821186066,0.2048548310995102,-0.00014516711235046387,0.006484497804194689,0.006507006473839283,2.2508669644594193e-05,0.3199999928474426,0.3185175061225891,-0.0014824867248535156,0.054999999701976776,0.05503716692328453,3.7167221307754517e-05,1.0,0.996794581413269,-0.003205418586730957
99,test,1,rough,4.486782253535107,-0.2661095516876641,0.20499999821186066,0.20484673976898193,-0.00015325844287872314,0.006635251455008984,0.006634529680013657,-7.217749953269958e-07,0.3199999928474426,0.31843072175979614,-0.0015692710876464844,0.054999999701976776,0.05503794923424721,3.794953227043152e-05,1.0,0.9967840313911438,-0.003215968608856201
100,train,1,rough,4.5348696900964764,-0.2778925343745066,0.20499999821186066,0.2048427313566208,-0.00015726685523986816,0.006929473951458931,0.006942203268408775,1.272931694984436e-05,0.3199999928474426,0.3184845447540283,-0.0015154480934143066,0.054999999701976776,0.055036403238773346,3.6403536796569824e-05,1.0,0.9969474077224731,-0.0030525922775268555
101,train,1,rough,4.579197204608519,-0.2901960350571598,0.20499999821186066,0.20484858751296997,-0.00015141069889068604,0.007212912663817406,0.007262436207383871,4.952354356646538e-05,0.3199999928474426,0.3186230957508087,-0.0013768970966339111,0.054999999701976776,0.05503359064459801,3.359094262123108e-05,1.0,0.9972184896469116,-0.002781510353088379
102,train,1,rough,4.629109179816708,-0.29941921530899795,0.20499999821186066,0.20485709607601166,-0.00014290213584899902,0.0074790846556425095,0.007501664105802774,2.257945016026497e-05,0.3199999928474426,0.31872856616973877,-0.0012714266777038574,0.054999999701976776,0.055031388998031616,3.138929605484009e-05,1.0,0.9974551796913147,-0.0025448203086853027
103,test,1,rough,4.678957616955125,-0.30904007770252634,0.20499999821186066,0.20487181842327118,-0.00012817978858947754,0.007696433458477259,0.007749719079583883,5.32856211066246e-05,0.3199999928474426,0.318881094455719,-0.0011188983917236328,0.054999999701976776,0.055028386414051056,2.8386712074279785e-05,1.0,0.997755765914917,-0.002244234085083008
104,test,1,rough,4.715467660495148,-0.31800963671605853,0.20499999821186066,0.20489159226417542,-0.0001084059476852417,0.007907936349511147,0.007979113608598709,7.117725908756256e-05,0.3199999928474426,0.3190726637840271,-0.0009273290634155273,0.054999999701976776,0.05502468720078468,2.4687498807907104e-05,1.0,0.9980912804603577,-0.001908719539642334
105,train,1,rough,4.7470186692033876,-0.3356310457084368,0.20499999821186066,0.20494675636291504,-5.3241848945617676e-05,0.008362798020243645,0.008422944694757462,6.0146674513816833e-05,0.3199999928474426,0.3195686936378479,-0.00043129920959472656,0.054999999701976776,0.05501458793878555,1.4588236808776855e-05,1.0,0.9988996386528015,-0.0011003613471984863
106,train,1,rough,4.780043913219509,-0.3566945696703848,0.20499999821186066,0.20502696931362152,2.6971101760864258e-05,0.008850447833538055,0.00893985666334629,8.940882980823517e-05,0.3199999928474426,0.32019704580307007,0.0001970529556274414,0.054999999701976776,0.05499953404068947,-4.6566128730773926e-07,1.0,1.0000088214874268,8.821487426757812e-06
107,train,1,rough,4.827634174301837,-0.3639583456259283,0.20499999821186066,0.20505233108997345,5.233287811279297e-05,0.009083976037800312,0.009114837273955345,3.086123615503311e-05,0.3199999928474426,0.32038614153862,0.00038614869117736816,0.054999999701976776,0.0549946129322052,-5.386769771575928e-06,1.0,1.000378131866455,0.0003781318664550781
108,train,1,rough,4.870404229810888,-0.37720025066716134,0.20499999821186066,0.20510351657867432,0.00010351836681365967,0.009431304410099983,0.009426761418581009,-4.542991518974304e-06,0.3199999928474426,0.3207729458808899,0.0007729530334472656,0.054999999701976776,0.05498326197266579,-1.673772931098938e-05,1.0,1.0011273622512817,0.0011273622512817383
109,train,1,rough,4.918562460157765,-0.3753567085626532,0.20499999821186066,0.20509088039398193,9.088218212127686e-05,0.009372847154736519,0.009385010227560997,1.216307282447815e-05,0.3199999928474426,0.32069510221481323,0.0006951093673706055,0.054999999701976776,0.05498635768890381,-1.364201307296753e-05,1.0,1.0009660720825195,0.0009660720825195312
110,train,1,rough,4.965006047314148,-0.37656593715302167,0.20499999821186066,0.20509125292301178,9.125471115112305e-05,0.009429069235920906,0.009414063766598701,-1.500546932220459e-05,0.3199999928474426,0.32071417570114136,0.0007141828536987305,0.054999999701976776,0.05498632416129112,-1.3675540685653687e-05,1.0,1.0009945631027222,0.000994563102722168
111,train,1,rough,5.012291716177583,-0.38316199693740505,0.20499999821186066,0.20511378347873688,0.0001137852668762207,0.009549054317176342,0.009567035362124443,1.7981044948101044e-05,0.3199999928474426,0.3209153413772583,0.0009153485298156738,0.054999999701976776,0.05498071014881134,-1.928955316543579e-05,1.0,1.0013545751571655,0.0013545751571655273
112,test,1,rough,5.066527204821033,-0.3867966507825452,0.20499999821186066,0.20512324571609497,0.00012324750423431396,0.00968079548329115,0.009650914929807186,-2.9880553483963013e-05,0.3199999928474426,0.3210245370864868,0.0010245442390441895,0.054999999701976776,0.054978061467409134,-2.1938234567642212e-05,1.0,1.0015311241149902,0.0015311241149902344
113,train,1,rough,5.110277015931076,-0.38634484320623275,0.20499999821186066,0.20511746406555176,0.00011746585369110107,0.009686644189059734,0.009641438722610474,-4.520546644926071e-05,0.3199999928474426,0.3210017681121826,0.0010017752647399902,0.054999999701976776,0.054979484528303146,-2.051517367362976e-05,1.0,1.001467227935791,0.0014672279357910156
114,test,1,rough,5.156968467351172,-0.3790233242313562,0.20499999821186066,0.20508340001106262,8.340179920196533e-05,0.009467977099120617,0.00947436410933733,6.387010216712952e-06,0.3199999928474426,0.3207245171070099,0.0007245242595672607,0.054999999701976776,0.05498810485005379,-1.1894851922988892e-05,1.0,1.0009831190109253,0.000983119010925293
115,train,1,rough,5.20416124022441,-0.3795257102371853,0.20499999821186066,0.20508131384849548,8.131563663482666e-05,0.00949406623840332,0.009486660361289978,-7.405877113342285e-06,0.3199999928474426,0.3207263648509979,0.0007263720035552979,0.054999999701976776,0.054988499730825424,-1.1499971151351929e-05,1.0,1.000980257987976,0.0009802579879760742
116,train,1,rough,5.253413568736688,-0.38595470548846444,0.20499999821186066,0.20510351657867432,0.00010351836681365967,0.009626436978578568,0.009634764865040779,8.327886462211609e-06,0.3199999928474426,0.320961058139801,0.0009610652923583984,0.054999999701976776,0.054982639849185944,-1.735985279083252e-05,1.0,1.0013399124145508,0.0013399124145507812
117,test,1,rough,5.307697267290225,-0.37815907914306807,0.20499999821186066,0.2050667703151703,6.677210330963135e-05,0.009464077651500702,0.009456342086195946,-7.735565304756165e-06,0.3199999928474426,0.32063186168670654,0.000631868839263916,0.054999999701976776,0.05499168485403061,-8.314847946166992e-06,1.0,1.0008327960968018,0.0008327960968017578
118,train,1,rough,5.356762043633352,-0.37546987418030314,0.20499999821186066,0.20505130290985107,5.130469799041748e-05,0.009413248859345913,0.009394338354468346,-1.891050487756729e-05,0.3199999928474426,0.32049548625946045,0.0004954934120178223,0.054999999701976776,0.054995134472846985,-4.86522912979126e-06,1.0,1.0006444454193115,0.0006444454193115234
119,train,1,rough,5.40383168504535,-0.3727473935269954,0.20499999821186066,0.2050357460975647,3.574788570404053e-05,0.009303752332925797,0.009331094101071358,2.7341768145561218e-05,0.3199999928474426,0.3203502297401428,0.0003502368927001953,0.054999999701976776,0.054998476058244705,-1.5236437320709229e-06,1.0,1.0004591941833496,0.0004591941833496094
120,train,1,rough,5.44971531331626,-0.36826573947741154,0.20499999821186066,0.20501254498958588,1.2546777725219727e-05,0.009231772273778915,0.009225841611623764,-5.930662155151367e-06,0.3199999928474426,0.3201141357421875,0.00011414289474487305,0.054999999701976776,0.055003345012664795,3.345310688018799e-06,1.0,1.0001741647720337,0.0001741647720336914
121,train,1,rough,5.494022590186605,-0.37057343081865446,0.20499999821186066,0.20501920580863953,1.920759677886963e-05,0.009297938086092472,0.00928059034049511,-1.734774559736252e-05,0.3199999928474426,0.3201957643032074,0.0001957714557647705,0.054999999701976776,0.05500170588493347,1.7061829566955566e-06,1.0,1.0002943277359009,0.0002943277359008789
122,train,1,rough,5.534196537813571,-0.3566793606804922,0.20499999821186066,0.20495501160621643,-4.4986605644226074e-05,0.008936013095080853,0.00894899945706129,1.2986361980438232e-05,0.3199999928474426,0.31947237253189087,-0.0005276203155517578,0.054999999701976776,0.055014632642269135,1.4632940292358398e-05,1.0,0.999473512172699,-0.0005264878273010254
123,train,1,rough,5.574263574113731,-0.34448290590598757,0.20499999821186066,0.20489971339702606,-0.00010028481483459473,0.008659526705741882,0.008651167154312134,-8.359551429748535e-06,0.3199999928474426,0.31879040598869324,-0.0012095868587493896,0.054999999701976776,0.055024806410074234,2.4806708097457886e-05,1.0,0.9987832307815552,-0.0012167692184448242
124,train,1,rough,5.617192154705352,-0.3442036472664557,0.20499999821186066,0.20489513874053955,-0.00010485947132110596,0.008576534688472748,0.008644305169582367,6.777048110961914e-05,0.3199999928474426,0.31871819496154785,-0.0012817978858947754,0.054999999701976776,0.05502541363239288,2.5413930416107178e-05,1.0,0.9987592101097107,-0.0012407898902893066
125,train,1,rough,5.664136698978263,-0.3396087699871264,0.20499999821186066,0.20487266778945923,-0.00012733042240142822,0.008476614952087402,0.008530518040060997,5.3903087973594666e-05,0.3199999928474426,0.3184007406234741,-0.0015992522239685059,0.054999999701976776,0.055029187351465225,2.9187649488449097e-05,1.0,0.9985049962997437,-0.0014950037002563477
126,train,1,rough,5.708208206969508,-0.34702855215100803,0.20499999821186066,0.20490002632141113,-9.997189044952393e-05,0.008685749024152756,0.008713779971003532,2.8030946850776672e-05,0.3199999928474426,0.318755567073822,-0.0012444257736206055,0.054999999701976776,0.055023930966854095,2.3931264877319336e-05,1.0,0.9989018440246582,-0.0010981559753417969
127,test,1,rough,5.748764053465132,-0.34905452000434317,0.20499999821186066,0.2049056887626648,-9.430944919586182e-05,0.008690384216606617,0.008763393387198448,7.300917059183121e-05,0.3199999928474426,0.31882062554359436,-0.0011793673038482666,0.054999999701976776,0.05502258241176605,2.2582709789276123e-05,1.0,0.9990113973617554,-0.000988602638244629
128,train,1,rough,5.7896321673403905,-0.3503531602210646,0.20499999821186066,0.2049083709716797,-9.162724018096924e-05,0.008781621232628822,0.008795040659606457,1.341942697763443e-05,0.3199999928474426,0.31884700059890747,-0.0011529922485351562,0.054999999701976776,0.0550217442214489,2.1744519472122192e-05,1.0,0.9990831613540649,-0.0009168386459350586
129,train,1,rough,5.834419481301699,-0.3538150009362757,0.20499999821186066,0.20492039620876312,-7.960200309753418e-05,0.008837282657623291,0.008879267610609531,4.198495298624039e-05,0.3199999928474426,0.31900060176849365,-0.0009993910789489746,0.054999999701976776,0.05501909181475639,1.909211277961731e-05,1.0,0.9992786049842834,-0.0007213950157165527
130,train,1,rough,5.8785905937333025,-0.34820703167166234,0.20499999821186066,0.20489291846752167,-0.00010707974433898926,0.008702561259269714,0.008742015808820724,3.945454955101013e-05,0.3199999928474426,0.31861042976379395,-0.0013895630836486816,0.054999999701976776,0.05502372607588768,2.372637391090393e-05,1.0,0.9989701509475708,-0.0010298490524291992
131,train,1,rough,5.922624718103664,-0.3486456097074774,0.20499999821186066,0.20489183068275452,-0.00010816752910614014,0.00874102022498846,0.00875247735530138,1.1457130312919617e-05,0.3199999928474426,0.3185829520225525,-0.0014170408248901367,0.054999999701976776,0.055023442953825,2.3443251848220825e-05,1.0,0.9990006685256958,-0.0009993314743041992
132,train,1,rough,5.965810456791903,-0.34407388056551713,0.20499999821186066,0.2048693299293518,-0.0001306682825088501,0.008591937832534313,0.008639616891741753,4.767905920743942e-05,0.3199999928474426,0.3182390332221985,-0.0017609596252441406,0.054999999701976776,0.05502699315547943,2.699345350265503e-05,1.0,0.9987589120864868,-0.0012410879135131836
133,train,1,downslope,6.011821466961167,-0.3321678253497911,0.20250000059604645,0.20236775279045105,-0.00013224780559539795,0.008359989151358604,0.008287697099149227,-7.229205220937729e-05,0.3199999928474426,0.31896764039993286,-0.0010323524475097656,0.04500000178813934,0.04501129686832428,1.1295080184936523e-05,1.0,0.9986139535903931,-0.0013860464096069336
134,train,1,downslope,6.0613484782908325,-0.3335335663717764,0.20250000059604645,0.20235249400138855,-0.00014750659465789795,0.00835209246724844,0.008314772509038448,-3.7319958209991455e-05,0.3199999928474426,0.31907087564468384,-0.0009291172027587891,0.04500000178813934,0.045011717826128006,1.171603798866272e-05,1.0,0.9986163377761841,-0.001383662223815918
135,train,1,downslope,6.101138864224974,-0.3341299541119507,0.20250000059604645,0.20234470069408417,-0.00015529990196228027,0.008329055272042751,0.008325828239321709,-3.227032721042633e-06,0.3199999928474426,0.3191584348678589,-0.0008415579795837402,0.04500000178813934,0.04501185938715935,1.1857599020004272e-05,1.0,0.9986320734024048,-0.0013679265975952148
136,train,1,downslope,6.137692066129402,-0.3367920922695496,0.20250000059604645,0.20231884717941284,-0.00018115341663360596,0.008447019383311272,0.008380532264709473,-6.648711860179901e-05,0.3199999928474426,0.31922590732574463,-0.000774085521697998,0.04500000178813934,0.04501297324895859,1.2971460819244385e-05,1.0,0.9985748529434204,-0.0014251470565795898
137,train,1,downslope,6.171085248879081,-0.33699759580688066,0.20250000059604645,0.2023150622844696,-0.00018493831157684326,0.008401686325669289,0.008383499458432198,-1.8186867237091064e-05,0.3199999928474426,0.31930309534072876,-0.0006968975067138672,0.04500000178813934,0.04501299932599068,1.2997537851333618e-05,1.0,0.9985948204994202,-0.001405179500579834
138,train,1,downslope,6.20706757030354,-0.3224126763629983,0.20250000059604645,0.20243287086486816,-6.712973117828369e-05,0.008060711435973644,0.008068917319178581,8.205883204936981e-06,0.3199999928474426,0.3194480240345001,-0.0005519688129425049,0.04500000178813934,0.04500650614500046,6.504356861114502e-06,1.0,0.9990828037261963,-0.0009171962738037109
139,train,1,downslope,6.242790509070099,-0.31910469713783296,0.20250000059604645,0.20245444774627686,-4.5552849769592285e-05,0.008006666786968708,0.007994523271918297,-1.2143515050411224e-05,0.3199999928474426,0.3195286989212036,-0.00047129392623901367,0.04500000178813934,0.04500506445765495,5.062669515609741e-06,1.0,0.9992085695266724,-0.0007914304733276367
140,train,1,downslope,6.278725015438397,-0.31064619123497583,0.20250000059604645,0.20250925421714783,9.253621101379395e-06,0.0077539305202662945,0.007803892716765404,4.996219649910927e-05,0.3199999928474426,0.3196071982383728,-0.0003927946090698242,0.04500000178813934,0.04500163346529007,1.6316771507263184e-06,1.0,0.99946129322052,-0.0005387067794799805
141,test,1,downslope,6.316470528940553,-0.3077691207117223,0.20250000059604645,0.2025238573551178,2.3856759071350098e-05,0.007716155610978603,0.007736858446151018,2.070283517241478e-05,0.3199999928474426,0.3196735680103302,-0.00032642483711242676,0.04500000178813934,0.04500047117471695,4.6938657760620117e-07,1.0,0.9995670914649963,-0.0004329085350036621
142,test,1,downslope,6.35326247594397,-0.3143191440219892,0.20250000059604645,0.20247825980186462,-2.174079418182373e-05,0.007829608395695686,0.007882803678512573,5.31952828168869e-05,0.3199999928474426,0.3197437524795532,-0.0002562403678894043,0.04500000178813934,0.045002978295087814,2.9765069484710693e-06,1.0,0.9994405508041382,-0.0005594491958618164
143,train,1,downslope,6.397637801379507,-0.3004563979163302,0.20250000059604645,0.20255836844444275,5.836784839630127e-05,0.007516244892030954,0.007565004751086235,4.8759859055280685e-05,0.3199999928474426,0.3197944164276123,-0.00020557641983032227,0.04500000178813934,0.0449976921081543,-2.3096799850463867e-06,1.0,0.9998095631599426,-0.00019043684005737305
144,train,1,downslope,6.440466069219922,-0.29724860647828266,0.20250000059604645,0.20257091522216797,7.0914626121521e-05,0.007455204147845507,0.007488273084163666,3.3068936318159103e-05,0.3199999928474426,0.31984883546829224,-0.00015115737915039062,0.04500000178813934,0.044996533542871475,-3.468245267868042e-06,1.0,0.9999173283576965,-8.26716423034668e-05
145,train,1,downslope,6.48304518351582,-0.29619766648384255,0.20250000059604645,0.20257151126861572,7.15106725692749e-05,0.007379583083093166,0.007461455650627613,8.187256753444672e-05,0.3199999928474426,0.3199068307876587,-9.316205978393555e-05,0.04500000178813934,0.04499616473913193,-3.8370490074157715e-06,1.0,0.999980092048645,-1.990795135498047e-05
146,test,1,downslope,6.52450569505033,-0.29581776364344387,0.20250000059604645,0.20256869494915009,6.86943531036377e-05,0.007415756117552519,0.007450298871845007,3.45427542924881e-05,0.3199999928474426,0.31996482610702515,-3.516674041748047e-05,0.04500000178813934,0.044996049255132675,-3.952533006668091e-06,1.0,1.0000277757644653,2.777576446533203e-05
147,train,1,downslope,6.566946047413139,-0.3040842738288815,0.20250000059604645,0.20252054929733276,2.0548701286315918e-05,0.007616504095494747,0.007639509160071611,2.3005064576864243e-05,0.3199999928474426,0.3200782537460327,7.826089859008789e-05,0.04500000178813934,0.04499908909201622,-9.126961231231689e-07,1.0,0.9998904466629028,-0.00010955333709716797
148,train,1,downslope,6.608773585029752,-0.3005026908474053,0.20250000059604645,0.2025355100631714,3.5509467124938965e-05,0.00750531442463398,0.007554586976766586,4.9272552132606506e-05,0.3199999928474426,0.32011982798576355,0.00011983513832092285,0.04500000178813934,0.04499783739447594,-2.164393663406372e-06,1.0,1.0000089406967163,8.940696716308594e-06
149,train,1,downslope,6.650999184365245,-0.3034449881354514,0.20250000059604645,0.2025156170129776,1.5616416931152344e-05,0.007604039739817381,0.00762011157348752,1.6071833670139313e-05,0.3199999928474426,0.3202069401741028,0.00020694732666015625,0.04500000178813934,0.044999029487371445,-9.723007678985596e-07,1.0,0.9999794960021973,-2.0503997802734375e-05
150,train,1,downslope,6.692006660268373,-0.3057042680480844,0.20250000059604645,0.2024993896484375,-6.109476089477539e-07,0.007615844253450632,0.007669635117053986,5.37908636033535e-05,0.3199999928474426,0.3202902674674988,0.00029027462005615234,0.04500000178813934,0.04500000923871994,7.450580596923828e-09,1.0,0.99996018409729,-3.981590270996094e-05
151,train,1,downslope,6.733963341661299,-0.30056665062439897,0.20250000059604645,0.20252209901809692,2.2098422050476074e-05,0.0075409929268062115,0.007548871915787458,7.878988981246948e-06,0.3199999928474426,0.32030877470970154,0.00030878186225891113,0.04500000178813934,0.04499821737408638,-1.7844140529632568e-06,1.0,1.0001163482666016,0.0001163482666015625
152,train,1,downslope,6.778109816736541,-0.3053755477835983,0.20250000059604645,0.20249295234680176,-7.048249244689941e-06,0.0076490663923323154,0.007657107897102833,8.04150477051735e-06,0.3199999928474426,0.3204244375228882,0.00042444467544555664,0.04500000178813934,0.045000214129686356,2.123415470123291e-07,1.0,1.0000386238098145,3.8623809814453125e-05
153,train,1,downslope,6.820009468615194,-0.303440676277369,0.20250000059604645,0.20249895751476288,-1.043081283569336e-06,0.007558185141533613,0.007610160391777754,5.1975250244140625e-05,0.3199999928474426,0.32046905159950256,0.0004690587520599365,0.04500000178813934,0.04499966651201248,-3.3527612686157227e-07,1.0,1.0001194477081299,0.00011944770812988281
154,train,1,downslope,6.865008047930696,-0.3097007657877727,0.20250000059604645,0.20246173441410065,-3.826618194580078e-05,0.007750981952995062,0.007750647142529488,-3.348104655742645e-07,0.3199999928474426,0.32061201333999634,0.0006120204925537109,0.04500000178813934,0.04500236362218857,2.3618340492248535e-06,1.0,0.9999924302101135,-7.569789886474609e-06
155,train,1,downslope,6.906341355981526,-0.31570459451715516,0.20250000059604645,0.20242413878440857,-7.586181163787842e-05,0.007859785109758377,0.0078835878521204,2.38027423620224e-05,0.3199999928474426,0.3207526206970215,0.0007526278495788574,0.04500000178813934,0.04500510171055794,5.09992241859436e-06,1.0,0.9998480081558228,-0.0001519918441772461
156,test,1,downslope,6.950496580938216,-0.3099961860534041,0.20250000059604645,0.20245277881622314,-4.722177982330322e-05,0.007734273560345173,0.007752167526632547,1.7893966287374496e-05,0.3199999928474426,0.32075685262680054,0.0007568597793579102,0.04500000178813934,0.0450030155479908,3.0137598514556885e-06,1.0,1.0000460147857666,4.601478576660156e-05
157,train,1,downslope,6.991925886723182,-0.31403775673693635,0.20250000059604645,0.20242716372013092,-7.283687591552734e-05,0.007845469750463963,0.007840966805815697,-4.502944648265839e-06,0.3199999928474426,0.3208810091018677,0.0008810162544250488,0.04500000178813934,0.045004986226558685,4.984438419342041e-06,1.0,0.9999567270278931,-4.3272972106933594e-05
158,train,1,downslope,7.026723683078977,-0.3194011487293475,0.20250000059604645,0.2023933380842209,-0.00010666251182556152,0.00794798694550991,0.007958715781569481,1.0728836059570312e-05,0.3199999928474426,0.3210163414478302,0.0010163486003875732,0.04500000178813934,0.04500756785273552,7.5660645961761475e-06,1.0,0.9998089075088501,-0.00019109249114990234
159,test,1,downslope,7.06155628391816,-0.3235251413578403,0.20250000059604645,0.20236560702323914,-0.000134393572807312,0.0080973906442523,0.008047699928283691,-4.9690715968608856e-05,0.3199999928474426,0.321138471364975,0.0011384785175323486,0.04500000178813934,0.04500970244407654,9.700655937194824e-06,1.0,0.9996877908706665,-0.0003122091293334961
160,train,1,downslope,7.095104640272286,-0.33268382383530365,0.20250000059604645,0.20230229198932648,-0.0001977086067199707,0.008326826617121696,0.008244641125202179,-8.218549191951752e-05,0.3199999928474426,0.3213304877281189,0.0013304948806762695,0.04500000178813934,0.04501430690288544,1.430511474609375e-05,1.0,0.9993557929992676,-0.0006442070007324219
161,test,1,downslope,7.1279946251552495,-0.32352035853996747,0.20250000059604645,0.2023615539073944,-0.00013844668865203857,0.008076482452452183,0.008043447509407997,-3.303494304418564e-05,0.3199999928474426,0.3212648630142212,0.0012648701667785645,0.04500000178813934,0.04501029849052429,1.029670238494873e-05,1.0,0.9997259378433228,-0.0002740621566772461
162,train,1,downslope,7.161284608270321,-0.3290757151909961,0.20250000059604645,0.20232388377189636,-0.00017611682415008545,0.008236401714384556,0.008162688463926315,-7.371325045824051e-05,0.3199999928474426,0.32141464948654175,0.001414656639099121,0.04500000178813934,0.04501321166753769,1.3209879398345947e-05,1.0,0.9995343685150146,-0.00046563148498535156
163,test,1,downslope,7.19562916026016,-0.336429766360414,0.20250000059604645,0.2022709846496582,-0.00022901594638824463,0.008365628309547901,0.008318471722304821,-4.715658724308014e-05,0.3199999928474426,0.32159653306007385,0.0015965402126312256,0.04500000178813934,0.04501715302467346,1.7151236534118652e-05,1.0,0.9992454051971436,-0.0007545948028564453
164,train,1,downslope,7.235646526574774,-0.3338306251420815,0.20250000059604645,0.20228791236877441,-0.0002120882272720337,0.008377031423151493,0.008260475471615791,-0.00011655595153570175,0.3199999928474426,0.32164156436920166,0.0016415715217590332,0.04500000178813934,0.04501629248261452,1.629069447517395e-05,1.0,0.9993756413459778,-0.0006243586540222168
165,train,1,downslope,7.281355850831128,-0.3312968485447881,0.20250000059604645,0.20230317115783691,-0.0001968294382095337,0.008300887420773506,0.008203059434890747,-9.78279858827591e-05,0.3199999928474426,0.3216938376426697,0.0016938447952270508,0.04500000178813934,0.045015569776296616,1.556798815727234e-05,1.0,0.9995030760765076,-0.0004969239234924316
166,test,1,downslope,7.321778503565993,-0.3227869598946507,0.20250000059604645,0.2023542821407318,-0.00014571845531463623,0.008067305199801922,0.008014695718884468,-5.2609480917453766e-05,0.3199999928474426,0.32161635160446167,0.001616358757019043,0.04500000178813934,0.04501203075051308,1.202896237373352e-05,1.0,0.9998561143875122,-0.00014388561248779297
167,test,1,downslope,7.361641127860427,-0.31597079048143223,0.20250000059604645,0.20238927006721497,-0.00011073052883148193,0.007948161102831364,0.007860329933464527,-8.783116936683655e-05,0.3199999928474426,0.3215499520301819,0.0015499591827392578,0.04500000178813934,0.04500947147607803,9.469687938690186e-06,1.0,1.0001155138015747,0.00011551380157470703
168,train,1,downslope,7.400056142628691,-0.3053854209944404,0.20250000059604645,0.20243625342845917,-6.374716758728027e-05,0.007639568764716387,0.007617234718054533,-2.233404666185379e-05,0.3199999928474426,0.3213790953159332,0.0013791024684906006,0.04500000178813934,0.04500552639365196,5.5246055126190186e-06,1.0,1.0004569292068481,0.00045692920684814453
169,train,1,downslope,7.43704602328777,-0.28974188541674917,0.20250000059604645,0.2024899274110794,-1.0073184967041016e-05,0.007252595387399197,0.007249199785292149,-3.3956021070480347e-06,0.3199999928474426,0.32105550169944763,0.0010555088520050049,0.04500000178813934,0.04500015452504158,1.5273690223693848e-07,1.0,1.000838279724121,0.0008382797241210938
170,train,1,downslope,7.481640467651299,-0.2914210958653013,0.20250000059604645,0.20247967541217804,-2.0325183868408203e-05,0.0072928741574287415,0.007285774685442448,-7.099471986293793e-06,0.3199999928474426,0.32115066051483154,0.001150667667388916,0.04500000178813934,0.04500133916735649,1.3373792171478271e-06,1.0,1.000830888748169,0.0008308887481689453
171,train,1,downslope,7.52242258383255,-0.2887807029451587,0.20250000059604645,0.20248298346996307,-1.7017126083374023e-05,0.007198302540928125,0.007220243103802204,2.194056287407875e-05,0.3199999928474426,0.32113003730773926,0.0011300444602966309,0.04500000178813934,0.045000988990068436,9.872019290924072e-07,1.0,1.0009032487869263,0.0009032487869262695
172,train,1,downslope,7.563142915582019,-0.2852996584703098,0.20250000059604645,0.20248767733573914,-1.2323260307312012e-05,0.007167861796915531,0.007134305313229561,-3.3556483685970306e-05,0.3199999928474426,0.32108157873153687,0.0010815858840942383,0.04500000178813934,0.04500040411949158,4.023313522338867e-07,1.0,1.000984787940979,0.000984787940979004
173,train,1,downslope,7.605564552113909,-0.2825259842727443,0.20250000059604645,0.2024892270565033,-1.0773539543151855e-05,0.007055878639221191,0.007064718287438154,8.839648216962814e-06,0.3199999928474426,0.32104867696762085,0.0010486841201782227,0.04500000178813934,0.04500013589859009,1.341104507446289e-07,1.0,1.001049518585205,0.0010495185852050781
174,train,1,downslope,7.645312538390567,-0.27322854692247744,0.20250000059604645,0.20250274240970612,2.7418136596679688e-06,0.006833451334387064,0.006836764980107546,3.3136457204818726e-06,0.3199999928474426,0.320817768573761,0.0008177757263183594,0.04500000178813934,0.04499790817499161,-2.0936131477355957e-06,1.0,1.0011818408966064,0.0011818408966064453
175,test,1,downslope,7.678697154396223,-0.26877614092209606,0.20250000059604645,0.20250485837459564,4.857778549194336e-06,0.006769499741494656,0.006725413724780083,-4.4086016714572906e-05,0.3199999928474426,0.320712685585022,0.0007126927375793457,0.04500000178813934,0.044997189193964005,-2.812594175338745e-06,1.0,1.0012339353561401,0.0012339353561401367
176,train,1,downslope,7.71197192035302,-0.2580475053863688,0.20250000059604645,0.20251160860061646,1.1608004570007324e-05,0.006449206732213497,0.006457896903157234,8.69017094373703e-06,0.3199999928474426,0.3204127252101898,0.0004127323627471924,0.04500000178813934,0.04499500244855881,-4.999339580535889e-06,1.0,1.0012933015823364,0.0012933015823364258
177,train,1,downslope,7.748503101231451,-0.24591163676635572,0.20250000059604645,0.20251157879829407,1.1578202247619629e-05,0.006200861185789108,0.006151401903480291,-4.945928230881691e-05,0.3199999928474426,0.3200649619102478,6.496906280517578e-05,0.04500000178813934,0.044993024319410324,-6.977468729019165e-06,1.0,1.0012860298156738,0.0012860298156738281
178,train,1,downslope,7.790802031644001,-0.24663947286633062,0.20250000059604645,0.20250320434570312,3.203749656677246e-06,0.006198872812092304,0.006166678853332996,-3.219395875930786e-05,0.3199999928474426,0.32009994983673096,9.995698928833008e-05,0.04500000178813934,0.04499392956495285,-6.07222318649292e-06,1.0,1.00130033493042,0.0013003349304199219
179,train,1,downslope,7.833728623555355,-0.2389956255199559,0.20250000059604645,0.2024947702884674,-5.230307579040527e-06,0.005970864091068506,0.005970599129796028,-2.6496127247810364e-07,0.3199999928474426,0.3198767900466919,-0.00012320280075073242,0.04500000178813934,0.04499334096908569,-6.660819053649902e-06,1.0,1.0012600421905518,0.0012600421905517578
180,train,1,downslope,7.88220741232238,-0.24028150916872162,0.20250000059604645,0.20248493552207947,-1.506507396697998e-05,0.006026240531355143,0.005999668035656214,-2.6572495698928833e-05,0.3199999928474426,0.31992578506469727,-7.420778274536133e-05,0.04500000178813934,0.044994503259658813,-5.498528480529785e-06,1.0,1.0012785196304321,0.001278519630432129
181,train,1,downslope,7.929728496570676,-0.2377509860588627,0.20250000059604645,0.20247423648834229,-2.5764107704162598e-05,0.005937620066106319,0.005932199768722057,-5.420297384262085e-06,0.3199999928474426,0.31985360383987427,-0.00014638900756835938,0.04500000178813934,0.04499504342675209,-4.958361387252808e-06,1.0,1.0012619495391846,0.0012619495391845703
182,test,1,downslope,7.975981210251893,-0.22707357068751424,0.20250000059604645,0.20245730876922607,-4.2691826820373535e-05,0.00570596382021904,0.005657510831952095,-4.8452988266944885e-05,0.3199999928474426,0.31951794028282166,-0.0004820525646209717,0.04500000178813934,0.044994499534368515,-5.502253770828247e-06,1.0,1.0011316537857056,0.0011316537857055664
183,train,1,goal_flat,8.022916192123828,-0.22507343008869413,0.20250000059604645,0.03574556112289429,-0.16675443947315216,0.005677615758031607,0.00038251280784606934,-0.005295102950185537,0.3199999928474426,0.32082849740982056,0.0008285045623779297,0.04500000178813934,0.04503398388624191,3.398209810256958e-05,1.0,1.0049211978912354,0.0049211978912353516
184,train,1,goal_flat,8.060152690296322,-0.1997489358898761,0.02500000037252903,0.03287544846534729,0.00787544809281826,0.0,0.0002583309542387724,0.0002583309542387724,0.3199999928474426,0.32033103704452515,0.00033104419708251953,0.04500000178813934,0.04501316696405411,1.3165175914764404e-05,1.0,1.0020415782928467,0.0020415782928466797
185,train,1,goal_flat,8.06724993397507,-0.18605062394874136,0.02500000037252903,0.031492725014686584,0.006492724642157555,0.0,0.0002020099200308323,0.0002020099200308323,0.3199999928474426,0.3200802206993103,8.022785186767578e-05,0.04500000178813934,0.04500480741262436,4.805624485015869e-06,1.0,1.000895619392395,0.0008956193923950195
186,train,1,goal_flat,8.06810130173832,-0.18069932496099092,0.02500000037252903,0.030983999371528625,0.005983998998999596,0.0,0.0001819077879190445,0.0001819077879190445,0.3199999928474426,0.3199881315231323,-1.1861324310302734e-05,0.04500000178813934,0.045002054423093796,2.0526349544525146e-06,1.0,1.000522255897522,0.0005222558975219727
187,train,1,goal_flat,8.068753692665954,-0.17285886261292208,0.02500000037252903,0.030269145965576172,0.005269145593047142,0.0,0.0001542852260172367,0.0001542852260172367,0.3199999928474426,0.31986379623413086,-0.00013619661331176758,0.04500000178813934,0.044998522847890854,-1.4789402484893799e-06,1.0,1.0000460147857666,4.601478576660156e-05
188,train,1,goal_flat,8.072390439596719,-0.17166602368972267,0.02500000037252903,0.030160531401634216,0.0051605310291051865,0.0,0.0001502600498497486,0.0001502600498497486,0.3199999928474426,0.31985849142074585,-0.00014150142669677734,0.04500000178813934,0.04499802365899086,-1.9781291484832764e-06,1.0,0.9999744296073914,-2.5570392608642578e-05
189,train,1,goal_flat,8.077672268600004,-0.16911337115907008,0.02500000037252903,0.02993297576904297,0.004932975396513939,0.0,0.0001418236643075943,0.0001418236643075943,0.3199999928474426,0.319839745759964,-0.0001602470874786377,0.04500000178813934,0.04499701410531998,-2.987682819366455e-06,1.0,0.9998317360877991,-0.00016826391220092773
190,train,1,goal_flat,8.084407628035354,-0.16923892094179177,0.02500000037252903,0.02993825078010559,0.004938250407576561,0.0,0.000142223434522748,0.000142223434522748,0.3199999928474426,0.3198649287223816,-0.00013506412506103516,0.04500000178813934,0.044997043907642365,-2.9578804969787598e-06,1.0,0.9998262524604797,-0.00017374753952026367
191,train,1,goal_flat,8.087137081692784,-0.17278026248211728,0.02500000037252903,0.030246809124946594,0.005246808752417564,0.0,0.00015396857634186745,0.00015396857634186745,0.3199999928474426,0.3199261426925659,-7.385015487670898e-05,0.04500000178813934,0.04499842971563339,-1.5720725059509277e-06,1.0,1.0000094175338745,9.417533874511719e-06
192,train,1,goal_flat,8.09691316834279,-0.16613003995151668,0.02500000037252903,0.029661014676094055,0.004661014303565025,0.0,0.00013225199654698372,0.00013225199654698372,0.3199999928474426,0.3198656439781189,-0.00013434886932373047,0.04500000178813934,0.04499589279294014,-4.108995199203491e-06,1.0,0.9996522665023804,-0.0003477334976196289
193,train,1,goal_flat,8.099166980133763,-0.16197945851919984,0.02500000037252903,0.029311463236808777,0.004311462864279747,0.0,0.00011946144513785839,0.00011946144513785839,0.3199999928474426,0.31982046365737915,-0.00017952919006347656,0.04500000178813934,0.0449945293366909,-5.472451448440552e-06,1.0,0.9994645118713379,-0.0005354881286621094
194,train,1,goal_flat,8.099282671551153,-0.1573686022682039,0.02500000037252903,0.028936579823493958,0.003936579450964928,0.0,0.00010590697638690472,0.00010590697638690472,0.3199999928474426,0.3197672963142395,-0.000232696533203125,0.04500000178813934,0.04499320313334465,-6.798654794692993e-06,1.0,0.9992852210998535,-0.0007147789001464844
195,train,1,goal_flat,8.099857010768316,-0.15176142543261925,0.02500000037252903,0.028496593236923218,0.003496592864394188,0.0,9.033293463289738e-05,9.033293463289738e-05,0.3199999928474426,0.3197116255760193,-0.00028836727142333984,0.04500000178813934,0.04499184340238571,-8.158385753631592e-06,1.0,0.9991010427474976,-0.0008989572525024414
196,test,1,goal_flat,8.10455901360707,-0.15227353247563655,0.02500000037252903,0.02853219211101532,0.00353219173848629,0.0,9.173736907541752e-05,9.173736907541752e-05,0.3199999928474426,0.3197333812713623,-0.00026661157608032227,0.04500000178813934,0.044991955161094666,-8.046627044677734e-06,1.0,0.9991075992584229,-0.0008924007415771484
197,train,1,goal_flat,8.105744912039867,-0.1493906373910411,0.02500000037252903,0.02831132709980011,0.00331132672727108,0.0,8.407444693148136e-05,8.407444693148136e-05,0.3199999928474426,0.319710910320282,-0.00028908252716064453,0.04500000178813934,0.04499135538935661,-8.646398782730103e-06,1.0,0.999023973941803,-0.0009760260581970215
198,train,1,goal_flat,8.102997564119379,-0.14456744019328155,0.02500000037252903,0.027956053614616394,0.002956053242087364,0.0,7.178843952715397e-05,7.178843952715397e-05,0.3199999928474426,0.31966158747673035,-0.0003384053707122803,0.04500000178813934,0.04499050974845886,-9.492039680480957e-06,1.0,0.9989142417907715,-0.0010857582092285156
199,train,1,goal_flat,8.102639720124365,-0.13939128592913116,0.02500000037252903,0.027587130665779114,0.002587130293250084,0.0,5.93867152929306e-05,5.93867152929306e-05,0.3199999928474426,0.31962502002716064,-0.0003749728202819824,0.04500000178813934,0.044989824295043945,-1.017749309539795e-05,1.0,0.9988210797309875,-0.0011789202690124512
200,train,1,goal_flat,8.105013262157195,-0.13765254089985943,0.02500000037252903,0.02746453881263733,0.0024645384401082993,0.0,5.5419979616999626e-05,5.5419979616999626e-05,0.3199999928474426,0.3196234107017517,-0.00037658214569091797,0.04500000178813934,0.044989652931690216,-1.0348856449127197e-05,1.0,0.9987916946411133,-0.0012083053588867188
201,train,1,goal_flat,8.107954410332548,-0.140107038083271,0.02500000037252903,0.027633056044578552,0.0026330556720495224,0.0,6.110221147537231e-05,6.110221147537231e-05,0.3199999928474426,0.31964850425720215,-0.0003514885902404785,0.04500000178813934,0.04498991742730141,-1.0084360837936401e-05,1.0,0.9988222122192383,-0.0011777877807617188
202,train,1,goal_flat,8.110421855857735,-0.13934682249522057,0.02500000037252903,0.02757778763771057,0.0025777872651815414,0.0,5.935528315603733e-05,5.935528315603733e-05,0.3199999928474426,0.319652795791626,-0.0003471970558166504,0.04500000178813934,0.04498983547091484,-1.0166317224502563e-05,1.0,0.9988057017326355,-0.001194298267364502
203,test,1,goal_flat,8.11177851034835,-0.13939196984093874,0.02500000037252903,0.027579858899116516,0.0025798585265874863,0.0,5.947262980043888e-05,5.947262980043888e-05,0.3199999928474426,0.3196578621864319,-0.0003421306610107422,0.04500000178813934,0.04498984292149544,-1.015886664390564e-05,1.0,0.9988037943840027,-0.0011962056159973145
204,train,1,goal_flat,8.11549054742227,-0.14288672166281915,0.02500000037252903,0.0278245210647583,0.002824520692229271,0.0,6.777816452085972e-05,6.777816452085972e-05,0.3199999928474426,0.31969404220581055,-0.0003059506416320801,0.04500000178813934,0.044990282505750656,-9.719282388687134e-06,1.0,0.9988570809364319,-0.0011429190635681152
205,train,1,goal_flat,8.121094976470692,-0.14415257696991476,0.02500000037252903,0.02791137993335724,0.002911379560828209,0.0,7.090508006513119e-05,7.090508006513119e-05,0.3199999928474426,0.3197232782840729,-0.000276714563369751,0.04500000178813934,0.04499047249555588,-9.529292583465576e-06,1.0,0.9988718032836914,-0.0011281967163085938
206,train,1,goal_flat,8.120814102872837,-0.14332031476657225,0.02500000037252903,0.027851447463035583,0.0028514470905065536,0.0,6.887177005410194e-05,6.887177005410194e-05,0.3199999928474426,0.319716215133667,-0.00028377771377563477,0.04500000178813934,0.04499035328626633,-9.648501873016357e-06,1.0,0.9988555312156677,-0.0011444687843322754
207,train,1,goal_flat,8.119266650991683,-0.13666113929213233,0.02500000037252903,0.027385130524635315,0.002385130152106285,0.0,5.332892760634422e-05,5.332892760634422e-05,0.3199999928474426,0.31966936588287354,-0.0003306269645690918,0.04500000178813934,0.04498959705233574,-1.0404735803604126e-05,1.0,0.9987518787384033,-0.0012481212615966797
208,train,1,goal_flat,8.117559048521242,-0.12521395865083976,0.02500000037252903,0.026639878749847412,0.0016398783773183823,0.0,2.953922376036644e-05,2.953922376036644e-05,0.3199999928474426,0.31962162256240845,-0.0003783702850341797,0.04500000178813934,0.04498916119337082,-1.084059476852417e-05,1.0,0.9986826777458191,-0.0013173222541809082
209,train,1,goal_flat,8.121574160012067,-0.11993313720830376,0.02500000037252903,0.02631644904613495,0.0013164486736059189,0.0,1.9831582903862e-05,1.9831582903862e-05,0.3199999928474426,0.3196299076080322,-0.0003700852394104004,0.04500000178813934,0.044989343732595444,-1.0658055543899536e-05,1.0,0.9986863732337952,-0.001313626766204834
210,train,1,goal_flat,8.124466971795085,-0.11381076118723986,0.02500000037252903,0.025961771607398987,0.000961771234869957,0.0,9.469222277402878e-06,9.469222277402878e-06,0.3199999928474426,0.3196435570716858,-0.00035643577575683594,0.04500000178813934,0.044989824295043945,-1.017749309539795e-05,1.0,0.9987277984619141,-0.0012722015380859375
211,train,1,goal_flat,8.129007295898385,-0.10992992979130956,0.02500000037252903,0.025745272636413574,0.0007452722638845444,0.0,3.4444965422153473e-06,3.4444965422153473e-06,0.3199999928474426,0.31966811418533325,-0.000331878662109375,0.04500000178813934,0.04499030113220215,-9.700655937194824e-06,1.0,0.9987664818763733,-0.001233518123626709
212,train,1,goal_flat,8.129911522893066,-0.10701173408225167,0.02500000037252903,0.025589749217033386,0.0005897488445043564,0.0,-8.819624781608582e-07,-8.819624781608582e-07,0.3199999928474426,0.3196803331375122,-0.0003196597099304199,0.04500000178813934,0.044990722090005875,-9.279698133468628e-06,1.0,0.9988095760345459,-0.0011904239654541016
213,train,1,goal_flat,8.129715114884615,-0.10540458865472012,0.02500000037252903,0.025506556034088135,0.0005065556615591049,0.0,-3.191176801919937e-06,-3.191176801919937e-06,0.3199999928474426,0.3196856379508972,-0.00031435489654541016,0.04500000178813934,0.04499097913503647,-9.022653102874756e-06,1.0,0.9988380670547485,-0.0011619329452514648
214,test,1,goal_flat,8.13277050175357,-0.1096851698758637,0.02500000037252903,0.025729194283485413,0.0007291939109563828,0.0,3.1406525522470474e-06,3.1406525522470474e-06,0.3199999928474426,0.3196828365325928,-0.0003171563148498535,0.04500000178813934,0.044990357011556625,-9.644776582717896e-06,1.0,0.9987622499465942,-0.0012377500534057617
215,train,1,goal_flat,8.132454168270923,-0.107810730362772,0.02500000037252903,0.025629714131355286,0.0006297137588262558,0.0,3.341119736433029e-07,3.341119736433029e-07,0.3199999928474426,0.31968721747398376,-0.0003127753734588623,0.04500000178813934,0.04499061778187752,-9.384006261825562e-06,1.0,0.9987913370132446,-0.001208662986755371
216,test,1,goal_flat,8.130255239948884,-0.10744737432964849,0.02500000037252903,0.025612294673919678,0.0006122943013906479,0.0,-2.4051405489444733e-07,-2.4051405489444733e-07,0.3199999928474426,0.3196801543235779,-0.0003198385238647461,0.04500000178813934,0.0449906587600708,-9.34302806854248e-06,1.0,0.9988017082214355,-0.0011982917785644531
217,test,1,goal_flat,8.12925465527226,-0.10759728935171703,0.02500000037252903,0.025620952248573303,0.0006209518760442734,0.0,-3.934837877750397e-08,-3.934837877750397e-08,0.3199999928474426,0.3196759819984436,-0.00032401084899902344,0.04500000178813934,0.04499062895774841,-9.372830390930176e-06,1.0,0.9988014101982117,-0.00119858980178833
218,train,1,goal_flat,8.129406729861811,-0.1049270636826028,0.02500000037252903,0.02548229694366455,0.00048229657113552094,0.0,-3.869645297527313e-06,-3.869645297527313e-06,0.3199999928474426,0.3196863532066345,-0.00031363964080810547,0.04500000178813934,0.04499105364084244,-8.948147296905518e-06,1.0,0.9988474249839783,-0.0011525750160217285
219,train,1,goal_flat,8.132447006883192,-0.10779546149810466,0.02500000037252903,0.02562892436981201,0.0006289239972829819,0.0,3.1082890927791595e-07,3.1082890927791595e-07,0.3199999928474426,0.319687157869339,-0.0003128349781036377,0.04500000178813934,0.044990621507167816,-9.3802809715271e-06,1.0,0.9987915754318237,-0.0012084245681762695
220,test,1,goal_flat,8.134703285024548,-0.1058211091630488,0.02500000037252903,0.02552415430545807,0.000524153932929039,0.0,-2.503860741853714e-06,-2.503860741853714e-06,0.3199999928474426,0.3197025954723358,-0.0002973973751068115,0.04500000178813934,0.044990941882133484,-9.059906005859375e-06,1.0,0.9988203048706055,-0.0011796951293945312
221,train,1,goal_flat,8.137115719505196,-0.10811162046668747,0.02500000037252903,0.025641977787017822,0.0006419774144887924,0.0,8.647330105304718e-07,8.647330105304718e-07,0.3199999928474426,0.3197035789489746,-0.0002964138984680176,0.04500000178813934,0.04499060660600662,-9.395182132720947e-06,1.0,0.9987771511077881,-0.001222848892211914
222,train,1,goal_flat,8.139951312315306,-0.11127364309681739,0.02500000037252903,0.02580961585044861,0.0008096154779195786,0.0,5.710171535611153e-06,5.710171535611153e-06,0.3199999928474426,0.3197057247161865,-0.0002942681312561035,0.04500000178813934,0.04499020054936409,-9.801238775253296e-06,1.0,0.9987261891365051,-0.001273810863494873
223,test,1,goal_flat,8.140569311435504,-0.10656757028249239,0.02500000037252903,0.025558337569236755,0.0005583371967077255,0.0,-1.3222452253103256e-06,-1.3222452253103256e-06,0.3199999928474426,0.31972184777259827,-0.00027814507484436035,0.04500000178813934,0.044990863651037216,-9.138137102127075e-06,1.0,0.9987953901290894,-0.0012046098709106445
224,test,1,goal_flat,8.145245230757236,-0.10746654744849388,0.02500000037252903,0.025601699948310852,0.0006016995757818222,0.0,6.961636245250702e-08,6.961636245250702e-08,0.3199999928474426,0.319736123085022,-0.0002638697624206543,0.04500000178813934,0.04499075561761856,-9.24617052078247e-06,1.0,0.9987708330154419,-0.0012291669845581055
225,test,1,goal_flat,8.147209504436978,-0.10765315600378765,0.02500000037252903,0.025609999895095825,0.0006099995225667953,0.0,3.8067810237407684e-07,3.8067810237407684e-07,0.3199999928474426,0.3197428286075592,-0.00025716423988342285,0.04500000178813934,0.04499074071645737,-9.261071681976318e-06,1.0,0.9987637996673584,-0.0012362003326416016
226,train,1,goal_flat,8.147998402938786,-0.10607524849933504,0.02500000037252903,0.025527045130729675,0.0005270447582006454,0.0,-1.884298399090767e-06,-1.884298399090767e-06,0.3199999928474426,0.31975144147872925,-0.0002485513687133789,0.04500000178813934,0.04499099403619766,-9.007751941680908e-06,1.0,0.9987886548042297,-0.0012113451957702637
227,train,1,goal_flat,8.150445801816296,-0.10351430136013168,0.02500000037252903,0.025394320487976074,0.00039432011544704437,0.0,-5.408423021435738e-06,-5.408423021435738e-06,0.3199999928474426,0.3197714686393738,-0.00022852420806884766,0.04500000178813934,0.04499145597219467,-8.545815944671631e-06,1.0,0.9988311529159546,-0.0011688470840454102
228,test,1,goal_flat,8.15070184634733,-0.098380834767852,0.02500000037252903,0.025142282247543335,0.00014228187501430511,0.0,-1.209811307489872e-05,-1.209811307489872e-05,0.3199999928474426,0.31980013847351074,-0.00019985437393188477,0.04500000178813934,0.044992491602897644,-7.510185241699219e-06,1.0,0.9989427328109741,-0.001057267189025879
229,train,1,goal_flat,8.151490001591041,-0.09571687435469234,0.02500000037252903,0.025016456842422485,1.6456469893455505e-05,0.0,-1.5315832570195198e-05,-1.5315832570195198e-05,0.3199999928474426,0.31982070207595825,-0.000179290771484375,0.04500000178813934,0.04499311000108719,-6.891787052154541e-06,1.0,0.999008059501648,-0.0009919404983520508
230,train,1,goal_flat,8.15369154327976,-0.09284818623518266,0.02500000037252903,0.02488410472869873,-0.00011589564383029938,0.0,-1.8571270629763603e-05,-1.8571270629763603e-05,0.3199999928474426,0.3198505640029907,-0.0001494288444519043,0.04500000178813934,0.04499385133385658,-6.15045428276062e-06,1.0,0.9990817308425903,-0.000918269157409668
231,train,1,goal_flat,8.157133050095965,-0.0842665999842356,0.02500000037252903,0.024516120553016663,-0.00048387981951236725,0.0,-2.7297530323266983e-05,-2.7297530323266983e-05,0.3199999928474426,0.31994324922561646,-5.6743621826171875e-05,0.04500000178813934,0.044996388256549835,-3.6135315895080566e-06,1.0,0.9993470907211304,-0.0006529092788696289
232,train,1,goal_flat,8.163585932031793,-0.08441930332400369,0.02500000037252903,0.024517416954040527,-0.0004825834184885025,0.0,-2.6993686333298683e-05,-2.6993686333298683e-05,0.3199999928474426,0.3199664354324341,-3.355741500854492e-05,0.04500000178813934,0.04499640315771103,-3.598630428314209e-06,1.0,0.9993277192115784,-0.0006722807884216309
233,test,1,goal_flat,8.166407250144449,-0.08261999451111925,0.02500000037252903,0.024443358182907104,-0.0005566421896219254,0.0,-2.8573209419846535e-05,-2.8573209419846535e-05,0.3199999928474426,0.31999698281288147,-3.0100345611572266e-06,0.04500000178813934,0.04499702528119087,-2.9765069484710693e-06,1.0,0.9993856549263,-0.0006143450736999512
234,test,1,goal_flat,8.170287881017417,-0.07966661588167856,0.02500000037252903,0.024326011538505554,-0.0006739888340234756,0.0,-3.103632479906082e-05,-3.103632479906082e-05,0.3199999928474426,0.3200465440750122,4.655122756958008e-05,0.04500000178813934,0.044998086988925934,-1.914799213409424e-06,1.0,0.9994871020317078,-0.0005128979682922363
235,train,1,goal_flat,8.174980149528421,-0.07636835169811432,0.02500000037252903,0.024199992418289185,-0.0008000079542398453,0.0,-3.3562071621418e-05,-3.3562071621418e-05,0.3199999928474426,0.32010650634765625,0.00010651350021362305,0.04500000178813934,0.04499934986233711,-6.51925802230835e-07,1.0,0.999606728553772,-0.00039327144622802734
236,train,1,goal_flat,8.180199550370368,-0.07458261552360253,0.02500000037252903,0.02413208782672882,-0.000867912545800209,0.0,-3.476301208138466e-05,-3.476301208138466e-05,0.3199999928474426,0.3201509714126587,0.00015097856521606445,0.04500000178813934,0.045000094920396805,9.313225746154785e-08,1.0,0.9996687769889832,-0.0003312230110168457
237,train,1,goal_flat,8.18443037161141,-0.07389347715546349,0.02500000037252903,0.02410466969013214,-0.0008953306823968887,0.0,-3.514834679663181e-05,-3.514834679663181e-05,0.3199999928474426,0.3201770782470703,0.00017708539962768555,0.04500000178813934,0.04500041529536247,4.1350722312927246e-07,1.0,0.9996882677078247,-0.00031173229217529297
238,test,1,goal_flat,8.187547629061072,-0.07008830251703235,0.02500000037252903,0.023972705006599426,-0.0010272953659296036,0.0,-3.765826113522053e-05,-3.765826113522053e-05,0.3199999928474426,0.3202451765537262,0.00024518370628356934,0.04500000178813934,0.04500201344490051,2.0116567611694336e-06,1.0,0.9998465180397034,-0.00015348196029663086
239,train,1,goal_flat,8.190208083660929,-0.06389294399118661,0.02500000037252903,0.02377532422542572,-0.0012246761471033096,0.0,-4.122522659599781e-05,-4.122522659599781e-05,0.3199999928474426,0.32035672664642334,0.0003567337989807129,0.04500000178813934,0.045004792511463165,4.7907233238220215e-06,1.0,1.000129222869873,0.00012922286987304688
240,train,1,goal_flat,8.196159606458535,-0.05957850513211101,0.02500000037252903,0.023646220564842224,-0.0013537798076868057,0.0,-4.31679654866457e-05,-4.31679654866457e-05,0.3199999928474426,0.32045814394950867,0.00045815110206604004,0.04500000178813934,0.04500693082809448,6.92903995513916e-06,1.0,1.0003305673599243,0.0003305673599243164
241,train,1,goal_flat,8.197464022663961,-0.05902398223240697,0.02500000037252903,0.023629918694496155,-0.001370081678032875,0.0,-4.337611608207226e-05,-4.337611608207226e-05,0.3199999928474426,0.3204737603664398,0.0004737675189971924,0.04500000178813934,0.04500722512602806,7.223337888717651e-06,1.0,1.0003559589385986,0.0003559589385986328
242,train,1,goal_flat,8.199728043965637,-0.06102199811983137,0.02500000037252903,0.02368427813053131,-0.0013157222419977188,0.0,-4.2386120185256004e-05,-4.2386120185256004e-05,0.3199999928474426,0.3204454779624939,0.00044548511505126953,0.04500000178813934,0.04500627517700195,6.273388862609863e-06,1.0,1.0002492666244507,0.0002492666244506836
243,train,1,goal_flat,8.202454420794949,-0.06197499681001234,0.02500000037252903,0.02370968461036682,-0.0012903157621622086,0.0,-4.184083081781864e-05,-4.184083081781864e-05,0.3199999928474426,0.32043904066085815,0.00043904781341552734,0.04500000178813934,0.04500585049390793,5.848705768585205e-06,1.0,1.0001955032348633,0.00019550323486328125
244,train,1,goal_flat,8.206406454514228,-0.06491180544268334,0.02500000037252903,0.023794159293174744,-0.0012058410793542862,0.0,-4.0194252505898476e-05,-4.0194252505898476e-05,0.3199999928474426,0.32040321826934814,0.0004032254219055176,0.04500000178813934,0.045004524290561676,4.522502422332764e-06,1.0,1.0000433921813965,4.3392181396484375e-05
245,train,1,goal_flat,8.208243193932535,-0.07343692834802613,0.02500000037252903,0.024071022868156433,-0.0009289775043725967,0.0,-3.4814001992344856e-05,-3.4814001992344856e-05,0.3199999928474426,0.32027679681777954,0.00027680397033691406,0.04500000178813934,0.045000869780778885,8.67992639541626e-07,1.0,0.9996548295021057,-0.0003451704978942871
246,train,1,goal_flat,8.21057484750259,-0.08198625641583089,0.02500000037252903,0.024385392665863037,-0.0006146077066659927,0.0,-2.8003240004181862e-05,-2.8003240004181862e-05,0.3199999928474426,0.3201752305030823,0.00017523765563964844,0.04500000178813934,0.0449976921081543,-2.3096799850463867e-06,1.0,0.9993130564689636,-0.000686943531036377
247,train,1,goal_flat,8.21267329373536,-0.08762482799064134,0.02500000037252903,0.02461281418800354,-0.0003871861845254898,0.0,-2.2688880562782288e-05,-2.2688880562782288e-05,0.3199999928474426,0.32012301683425903,0.00012302398681640625,0.04500000178813934,0.04499587416648865,-4.127621650695801e-06,1.0,0.9991151094436646,-0.0008848905563354492
248,train,1,goal_flat,8.217330772644758,-0.09261715737622352,0.02500000037252903,0.0248258113861084,-0.0001741889864206314,0.0,-1.735799014568329e-05,-1.735799014568329e-05,0.3199999928474426,0.32009586691856384,9.587407112121582e-05,0.04500000178813934,0.044994477182626724,-5.5246055126190186e-06,1.0,0.9989540576934814,-0.0010459423065185547
249,train,1,goal_flat,8.219364973965087,-0.09467168509420318,0.02500000037252903,0.024917155504226685,-8.284486830234528e-05,0.0,-1.5007564797997475e-05,-1.5007564797997475e-05,0.3199999928474426,0.32008737325668335,8.738040924072266e-05,0.04500000178813934,0.04499395191669464,-6.0498714447021484e-06,1.0,0.9988932609558105,-0.0011067390441894531
250,test,1,goal_flat,8.22076394219082,-0.10356298020415304,0.02500000037252903,0.025343462824821472,0.0003434624522924423,0.0,-3.91155481338501e-06,-3.91155481338501e-06,0.3199999928474426,0.32003700733184814,3.701448440551758e-05,0.04500000178813934,0.04499197006225586,-8.031725883483887e-06,1.0,0.9986856579780579,-0.0013143420219421387
251,train,1,goal_flat,8.220152386180825,-0.10657147677904205,0.02500000037252903,0.02549794316291809,0.000497942790389061,0.0,2.3492611944675446e-07,2.3492611944675446e-07,0.3199999928474426,0.3200213313102722,2.1338462829589844e-05,0.04500000178813934,0.044991422444581985,-8.579343557357788e-06,1.0,0.9986327886581421,-0.0013672113418579102
252,test,2,flat,0.035235026983974994,0.04252415801876692,0.20999999344348907,0.20985838770866394,-0.00014160573482513428,-0.0010691885836422443,-0.0010621913243085146,6.997259333729744e-06,0.3199999928474426,0.3188829720020294,-0.001117020845413208,0.04500000178813934,0.044999729841947556,-2.7194619178771973e-07,1.0,0.9993448853492737,-0.0006551146507263184
253,train,2,flat,0.08034417391026934,0.05079295679430006,0.20999999344348907,0.20979148149490356,-0.00020851194858551025,-0.001273820293135941,-0.0012664543464779854,7.3659466579556465e-06,0.3199999928474426,0.3196234107017517,-0.00037658214569091797,0.04500000178813934,0.04499781131744385,-2.1904706954956055e-06,1.0,0.9995450973510742,-0.00045490264892578125
254,train,2,flat,0.12515708765165467,0.04823509744638661,0.20999999344348907,0.20983265340328217,-0.00016734004020690918,-0.0011994976084679365,-0.001204140717163682,-4.643108695745468e-06,0.3199999928474426,0.31949591636657715,-0.0005040764808654785,0.04500000178813934,0.04499848186969757,-1.519918441772461e-06,1.0,0.999561607837677,-0.00043839216232299805
255,train,2,flat,0.17105808200267247,0.05237154096353888,0.20999999344348907,0.2098003327846527,-0.00019966065883636475,-0.0013129053404554725,-0.0013061007484793663,6.804591976106167e-06,0.3199999928474426,0.3199377655982971,-6.222724914550781e-05,0.04500000178813934,0.04499742016196251,-2.5816261768341064e-06,1.0,0.999704122543335,-0.00029587745666503906
256,train,2,flat,0.21630993600722062,0.052655503558840314,0.20999999344348907,0.2098095417022705,-0.0001904517412185669,-0.001308055012486875,-0.0013134893961250782,-5.434383638203144e-06,0.3199999928474426,0.3200521171092987,5.21242618560791e-05,0.04500000178813934,0.04499734565615654,-2.6561319828033447e-06,1.0,0.9997734427452087,-0.00022655725479125977
257,test,2,flat,0.2644271881538879,0.05167245108506117,0.20999999344348907,0.20983387529850006,-0.00016611814498901367,-0.0013002320192754269,-0.0012898743152618408,1.0357704013586044e-05,0.3199999928474426,0.3200594186782837,5.942583084106445e-05,0.04500000178813934,0.04499761387705803,-2.387911081314087e-06,1.0,0.9998196363449097,-0.00018036365509033203
258,train,2,flat,0.30979134983016166,0.05245359294212072,0.20999999344348907,0.2098362296819687,-0.00016376376152038574,-0.0013151520397514105,-0.0013093766756355762,5.775364115834236e-06,0.3199999928474426,0.3202185034751892,0.00021851062774658203,0.04500000178813934,0.04499739408493042,-2.60770320892334e-06,1.0,0.9998980164527893,-0.00010198354721069336
259,train,2,flat,0.3557175514640119,0.046645737869595305,0.20999999344348907,0.2099120020866394,-8.799135684967041e-05,-0.0011595126707106829,-0.001167253591120243,-7.740920409560204e-06,0.3199999928474426,0.31980687379837036,-0.00019311904907226562,0.04500000178813934,0.04499891772866249,-1.084059476852417e-06,1.0,0.99983811378479,-0.00016188621520996094
260,train,2,flat,0.4015136820260927,0.04790857150749085,0.20999999344348907,0.20990964770317078,-9.034574031829834e-05,-0.0012061464367434382,-0.0011986731551587582,7.47328158468008e-06,0.3199999928474426,0.32000046968460083,4.76837158203125e-07,0.04500000178813934,0.044998593628406525,-1.4081597328186035e-06,1.0,0.9999223947525024,-7.76052474975586e-05
261,train,2,flat,0.4447835218889381,0.051710680868353544,0.20999999344348907,0.20987628400325775,-0.00012370944023132324,-0.0012765551218762994,-0.0012922040186822414,-1.564889680594206e-05,0.3199999928474426,0.32041794061660767,0.00041794776916503906,0.04500000178813934,0.044997554272413254,-2.4475157260894775e-06,1.0,1.000061273574829,6.127357482910156e-05
262,train,2,flat,0.49033188407243455,0.0484295649306633,0.20999999344348907,0.20992343127727509,-7.656216621398926e-05,-0.001213320530951023,-0.0012120860628783703,1.2344680726528168e-06,0.3199999928474426,0.32021698355674744,0.00021699070930480957,0.04500000178813934,0.044998422265052795,-1.5795230865478516e-06,1.0,1.0000457763671875,4.57763671875e-05
263,train,2,flat,0.5380821320530539,0.05559472366380172,0.20999999344348907,0.20984633266925812,-0.00015366077423095703,-0.0013922643847763538,-0.001387511845678091,4.752539098262787e-06,0.3199999928474426,0.32096773386001587,0.0009677410125732422,0.04500000178813934,0.04499634727835655,-3.6545097827911377e-06,1.0,1.0002765655517578,0.0002765655517578125
264,train,2,flat,0.5869540639598732,0.053163322917705265,0.20999999344348907,0.20988628268241882,-0.00011371076107025146,-0.001320914481766522,-0.001328489277511835,-7.5747957453131676e-06,0.3199999928474426,0.32083404064178467,0.000834047794342041,0.04500000178813934,0.04499702900648117,-2.9727816581726074e-06,1.0,1.0002787113189697,0.00027871131896972656
265,train,2,flat,0.636899719593509,0.053019335816738455,0.20999999344348907,0.2098964899778366,-0.00010350346565246582,-0.0013363026082515717,-0.0013251886703073978,1.1113937944173813e-05,0.3199999928474426,0.3209201693534851,0.0009201765060424805,0.04500000178813934,0.044997021555900574,-2.9802322387695312e-06,1.0,1.0003379583358765,0.00033795833587646484
266,train,2,flat,0.6872632774329306,0.05718801090630794,0.20999999344348907,0.20984943211078644,-0.00015056133270263672,-0.0014185801846906543,-0.001426801085472107,-8.220900781452656e-06,0.3199999928474426,0.32142776250839233,0.001427769660949707,0.04500000178813934,0.044995684176683426,-4.317611455917358e-06,1.0,1.0005117654800415,0.0005117654800415039
267,train,2,flat,0.7402879258240951,0.05117262616079134,0.20999999344348907,0.20993472635746002,-6.526708602905273e-05,-0.0012794694630429149,-0.0012804418802261353,-9.724171832203865e-07,0.3199999928474426,0.32095304131507874,0.0009530484676361084,0.04500000178813934,0.0449974350631237,-2.566725015640259e-06,1.0,1.000416874885559,0.00041687488555908203
268,train,2,flat,0.7895191660051385,0.05407633011390525,0.20999999344348907,0.20990455150604248,-9.544193744659424e-05,-0.0013566904235631227,-0.0013513965532183647,5.293870344758034e-06,0.3199999928474426,0.32132744789123535,0.0013274550437927246,0.04500000178813934,0.04499650374054909,-3.4980475902557373e-06,1.0,1.0005534887313843,0.0005534887313842773
269,test,2,flat,0.8385023569571516,0.05224206605569614,0.20999999344348907,0.20993363857269287,-6.635487079620361e-05,-0.0013004654319956899,-0.0013067745603621006,-6.309128366410732e-06,0.3199999928474426,0.3212490975856781,0.0012491047382354736,0.04500000178813934,0.04499697685241699,-3.0249357223510742e-06,1.0,1.0005614757537842,0.0005614757537841797
270,test,2,flat,0.8875763348853163,0.049168094113807126,0.20999999344348907,0.20997612178325653,-2.3871660232543945e-05,-0.001243098289705813,-0.0012317262589931488,1.1372030712664127e-05,0.3199999928474426,0.3210594952106476,0.001059502363204956,0.04500000178813934,0.04499778524041176,-2.216547727584839e-06,1.0,1.0005344152450562,0.0005344152450561523
271,test,2,flat,0.9450494554276773,0.050074031310452745,0.20999999344348907,0.2099705934524536,-2.9399991035461426e-05,-0.001257441472262144,-0.0012539410963654518,3.500375896692276e-06,0.3199999928474426,0.32125675678253174,0.0012567639350891113,0.04500000178813934,0.04499742388725281,-2.5779008865356445e-06,1.0,1.0006234645843506,0.0006234645843505859
272,train,2,flat,1.0018368272999276,0.049113427915306755,0.20999999344348907,0.20998643338680267,-1.3560056686401367e-05,-0.0012198546901345253,-0.0012304694391787052,-1.0614749044179916e-05,0.3199999928474426,0.3212798535823822,0.0012798607349395752,0.04500000178813934,0.04499759152531624,-2.4102628231048584e-06,1.0,1.0006588697433472,0.000658869743347168
273,test,2,flat,1.051207079394613,0.05399411483474977,0.20999999344348907,0.20992787182331085,-7.212162017822266e-05,-0.001355005893856287,-0.0013494603335857391,5.545560270547867e-06,0.3199999928474426,0.3218478560447693,0.0018478631973266602,0.04500000178813934,0.044996026903390884,-3.974884748458862e-06,1.0,1.0008561611175537,0.0008561611175537109
274,test,2,flat,1.0967905222537944,0.05442661839271533,0.20999999344348907,0.20992404222488403,-7.59512186050415e-05,-0.0013514772290363908,-0.0013598925434052944,-8.415314368903637e-06,0.3199999928474426,0.3219837248325348,0.001983731985092163,0.04500000178813934,0.044995784759521484,-4.217028617858887e-06,1.0,1.0009201765060425,0.0009201765060424805
275,train,2,flat,1.1437639336013392,0.04943811747043,0.20999999344348907,0.2099895030260086,-1.049041748046875e-05,-0.0012448147172108293,-0.0012382897548377514,6.524962373077869e-06,0.3199999928474426,0.321591317653656,0.001591324806213379,0.04500000178813934,0.044997185468673706,-2.816319465637207e-06,1.0,1.0008190870285034,0.000819087028503418
276,test,2,flat,1.1904965952372157,0.0534772389142247,0.20999999344348907,0.20993903279304504,-6.096065044403076e-05,-0.0013446412049233913,-0.0013365941122174263,8.047092705965042e-06,0.3199999928474426,0.32207828760147095,0.0020782947540283203,0.04500000178813934,0.04499584808945656,-4.153698682785034e-06,1.0,1.000992774963379,0.0009927749633789062
277,train,2,flat,1.234211233914921,0.048087758447604385,0.20999999344348907,0.21000730991363525,7.316470146179199e-06,-0.0011914689093828201,-0.0012050976511090994,-1.3628741726279259e-05,0.3199999928474426,0.32164400815963745,0.0016440153121948242,0.04500000178813934,0.04499734565615654,-2.6561319828033447e-06,1.0,1.0008708238601685,0.000870823860168457
278,train,2,flat,1.2773485078145732,0.04963259661910026,0.20999999344348907,0.2099885642528534,-1.1429190635681152e-05,-0.0012515297858044505,-0.001242706086486578,8.823699317872524e-06,0.3199999928474426,0.3218756914138794,0.0018756985664367676,0.04500000178813934,0.044996779412031174,-3.2223761081695557e-06,1.0,1.0009615421295166,0.0009615421295166016
279,train,2,flat,1.3238305987526322,0.05585379494126391,0.20999999344348907,0.20990534126758575,-9.465217590332031e-05,-0.0013770508812740445,-0.0013936958275735378,-1.6644946299493313e-05,0.3199999928474426,0.3225943148136139,0.0025943219661712646,0.04500000178813934,0.04499470070004463,-5.301088094711304e-06,1.0,1.0012127161026,0.0012127161026000977
280,train,2,flat,1.3744569719099826,0.05142642865845232,0.20999999344348907,0.20996364951133728,-3.6343932151794434e-05,-0.001283355406485498,-0.001286020502448082,-2.6650959625840187e-06,0.3199999928474426,0.322245329618454,0.0022453367710113525,0.04500000178813934,0.044995952397584915,-4.049390554428101e-06,1.0,1.0011162757873535,0.0011162757873535156
281,test,2,flat,1.420742031945507,0.05434690734523761,0.20999999344348907,0.2099224328994751,-7.756054401397705e-05,-0.00136660342104733,-0.0013566771522164345,9.926268830895424e-06,0.3199999928474426,0.3226357698440552,0.002635776996612549,0.04500000178813934,0.04499487951397896,-5.122274160385132e-06,1.0,1.0012612342834473,0.0012612342834472656
282,train,2,flat,1.464767644985557,0.051883242463036904,0.20999999344348907,0.20995312929153442,-4.686415195465088e-05,-0.0012877379776909947,-0.0012966464273631573,-8.908449672162533e-06,0.3199999928474426,0.3224734663963318,0.00247347354888916,0.04500000178813934,0.0449955128133297,-4.4889748096466064e-06,1.0,1.0012202262878418,0.0012202262878417969
283,train,2,flat,1.506648425789318,0.046791141881473826,0.20999999344348907,0.21001404523849487,1.405179500579834e-05,-0.0011879100929945707,-0.001172344433143735,1.55656598508358e-05,0.3199999928474426,0.3220624327659607,0.0020624399185180664,0.04500000178813934,0.04499689117074013,-3.1106173992156982e-06,1.0,1.0010888576507568,0.001088857650756836
284,test,2,flat,1.5498214854411458,0.04666956385995437,0.20999999344348907,0.21001222729682922,1.2233853340148926e-05,-0.0011673722183331847,-0.0011691369581967592,-1.7647398635745049e-06,0.3199999928474426,0.32213667035102844,0.0021366775035858154,0.04500000178813934,0.044996775686740875,-3.2261013984680176e-06,1.0,1.0011235475540161,0.0011235475540161133
285,train,2,flat,1.598205806798562,0.03548173074251214,0.20999999344348907,0.21012328565120697,0.0001232922077178955,-0.0008816931513138115,-0.0008940219413489103,-1.2328790035098791e-05,0.3199999928474426,0.3212721645832062,0.0012721717357635498,0.04500000178813934,0.044999465346336365,-5.364418029785156e-07,1.0,1.0008100271224976,0.0008100271224975586
286,train,2,flat,1.6471918099973786,0.037095621756572494,0.20999999344348907,0.21010440587997437,0.00010441243648529053,-0.0009387745521962643,-0.0009336418006569147,5.132751539349556e-06,0.3199999928474426,0.3214924931526184,0.0014925003051757812,0.04500000178813934,0.04499892145395279,-1.080334186553955e-06,1.0,1.0008962154388428,0.0008962154388427734
287,train,2,flat,1.6938336882291185,0.03242149154688545,0.20999999344348907,0.21013972163200378,0.00013972818851470947,-0.0008071714546531439,-0.0008179687429219484,-1.079728826880455e-05,0.3199999928474426,0.3212224245071411,0.0012224316596984863,0.04500000178813934,0.04499978944659233,-2.123415470123291e-07,1.0,1.0007880926132202,0.0007880926132202148
288,train,2,flat,1.73876585946323,0.022597445335972008,0.20999999344348907,0.21019846200942993,0.00019846856594085693,-0.0005846051499247551,-0.0005737373139709234,1.0867835953831673e-05,0.3199999928474426,0.3206630051136017,0.0006630122661590576,0.04500000178813934,0.04500140622258186,1.4044344425201416e-06,1.0,1.0005394220352173,0.0005394220352172852
289,train,2,flat,1.7849949470693542,0.026876201766029527,0.20999999344348907,0.21016882359981537,0.00016883015632629395,-0.000671017391141504,-0.0006800924893468618,-9.07509820535779e-06,0.3199999928474426,0.32100939750671387,0.0010094046592712402,0.04500000178813934,0.045000527054071426,5.252659320831299e-07,1.0,1.0006853342056274,0.0006853342056274414
290,train,2,flat,1.82729967451194,0.026424998916912648,0.20999999344348907,0.21016615629196167,0.00016616284847259521,-0.0006434347596950829,-0.0006687205750495195,-2.5285815354436636e-05,0.3199999928474426,0.32105833292007446,0.001058340072631836,0.04500000178813934,0.04500044137239456,4.3958425521850586e-07,1.0,1.0006978511810303,0.0006978511810302734
291,train,2,flat,1.8710106497498753,0.030969477930425322,0.20999999344348907,0.21012790501117706,0.00012791156768798828,-0.0007859940524213016,-0.0007811954710632563,4.79858135804534e-06,0.3199999928474426,0.321450412273407,0.0014504194259643555,0.04500000178813934,0.044999394565820694,-6.07222318649292e-07,1.0,1.0008615255355835,0.0008615255355834961
292,train,2,flat,1.9185605858074004,0.03187667596624948,0.20999999344348907,0.21011298894882202,0.00011299550533294678,-0.0007864024955779314,-0.0008033593185245991,-1.695682294666767e-05,0.3199999928474426,0.32160651683807373,0.0016065239906311035,0.04500000178813934,0.04499899968504906,-1.0021030902862549e-06,1.0,1.0009205341339111,0.0009205341339111328
293,train,2,flat,1.96639646871007,0.02821193269892451,0.20999999344348907,0.2101321965456009,0.0001322031021118164,-0.0007045427337288857,-0.0007123984396457672,-7.855705916881561e-06,0.3199999928474426,0.321435809135437,0.0014358162879943848,0.04500000178813934,0.04499952867627144,-4.731118679046631e-07,1.0,1.000833511352539,0.0008335113525390625
294,train,2,upslope,2.0164559749562483,0.037256623416037825,0.20999999344348907,0.2088353931903839,-0.0011646002531051636,-0.0009285519481636584,-0.000789751997217536,0.0001387999509461224,0.3199999928474426,0.32036733627319336,0.0003673434257507324,0.04500000178813934,0.04505176842212677,5.176663398742676e-05,1.0,1.0064661502838135,0.0064661502838134766
295,train,2,upslope,2.0730810776005657,0.03483387572983647,0.20999999344348907,0.20887179672718048,-0.0011281967163085938,-0.0008721203776076436,-0.0007387951482087374,0.00013332522939890623,0.3199999928474426,0.3205225169658661,0.0005225241184234619,0.04500000178813934,0.04504959285259247,4.9591064453125e-05,1.0,1.006245732307434,0.006245732307434082
296,test,2,upslope,2.1277687000107286,0.03154528304511856,0.20999999344348907,0.20892685651779175,-0.0010731369256973267,-0.0007993184262886643,-0.0006688577122986317,0.00013046071399003267,0.3199999928474426,0.3206457793712616,0.0006457865238189697,0.04500000178813934,0.04504689201712608,4.689022898674011e-05,1.0,1.0059303045272827,0.005930304527282715
297,train,2,upslope,2.1797905362084644,0.017754795750780365,0.20999999344348907,0.20920205116271973,-0.0007979422807693481,-0.0004581763641908765,-0.0003680249210447073,9.015144314616919e-05,0.3199999928474426,0.32053038477897644,0.0005303919315338135,0.04500000178813934,0.04503750428557396,3.750249743461609e-05,1.0,1.0045372247695923,0.004537224769592285
298,train,2,upslope,2.228114031819385,-0.003044860076621792,0.20999999344348907,0.2095697969198227,-0.00043019652366638184,5.877858347957954e-05,0.00010194419883191586,4.316561535233632e-05,0.3199999928474426,0.3202595114707947,0.0002595186233520508,0.04500000178813934,0.04502499848604202,2.4996697902679443e-05,1.0,1.0026997327804565,0.002699732780456543
299,train,2,upslope,2.2777014692477797,-0.013731584812154297,0.20999999344348907,0.20972198247909546,-0.0002780109643936157,0.00033200066536664963,0.00035010953433811665,1.8108868971467018e-05,0.3199999928474426,0.3201863765716553,0.00018638372421264648,0.04500000178813934,0.04501897841691971,1.897662878036499e-05,1.0,1.0019140243530273,0.0019140243530273438
300,test,2,upslope,2.32217085695702,-0.022427504997824074,0.20999999344348907,0.2098308652639389,-0.0001691281795501709,0.0005585679318755865,0.0005552598740905523,-3.3080577850341797e-06,0.3199999928474426,0.32013148069381714,0.00013148784637451172,0.04500000178813934,0.045014388859272,1.4387071132659912e-05,1.0,1.0013484954833984,0.0013484954833984375
301,train,2,upslope,2.3659247372029335,-0.02814074776056492,0.20999999344348907,0.2098901867866516,-0.00010980665683746338,0.0006920523010194302,0.0006914297118782997,-6.225891411304474e-07,0.3199999928474426,0.32012414932250977,0.00012415647506713867,0.04500000178813934,0.04501136392354965,1.1362135410308838e-05,1.0,1.0010185241699219,0.001018524169921875
302,train,2,upslope,2.4063899293943782,-0.02696243844028448,0.20999999344348907,0.209858238697052,-0.00014175474643707275,0.0006689632427878678,0.0006628502160310745,-6.1130267567932606e-06,0.3199999928474426,0.32023388147354126,0.0002338886260986328,0.04500000178813934,0.04501131549477577,1.1313706636428833e-05,1.0,1.0011061429977417,0.0011061429977416992
303,train,2,upslope,2.4511268848051455,-0.035847778758784754,0.20999999344348907,0.20995156466960907,-4.842877388000488e-05,0.0008946253219619393,0.0008767573162913322,-1.786800567060709e-05,0.3199999928474426,0.3201581835746765,0.00015819072723388672,0.04500000178813934,0.045007169246673584,7.167458534240723e-06,1.0,1.0006248950958252,0.0006248950958251953
304,train,2,upslope,2.4947568324741933,-0.037176650529575285,0.20999999344348907,0.20994913578033447,-5.085766315460205e-05,0.0009193521691486239,0.0009087303187698126,-1.062185037881136e-05,0.3199999928474426,0.32021868228912354,0.0002186894416809082,0.04500000178813934,0.045006100088357925,6.098300218582153e-06,1.0,1.0005707740783691,0.0005707740783691406
305,train,2,upslope,2.5348137971468394,-0.04313415780896443,0.20999999344348907,0.2099999040365219,-8.940696716308594e-08,0.00107891159132123,0.001053825719282031,-2.5085872039198875e-05,0.3199999928474426,0.32018017768859863,0.00018018484115600586,0.04500000178813934,0.045003440231084824,3.4384429454803467e-06,1.0,1.0002936124801636,0.0002936124801635742
306,train,2,upslope,2.5717772646807355,-0.05098996103347542,0.20999999344348907,0.2100660353899002,6.604194641113281e-05,0.0012624136870726943,0.001246908912435174,-1.5504774637520313e-05,0.3199999928474426,0.32009848952293396,9.849667549133301e-05,0.04500000178813934,0.04500042647123337,4.246830940246582e-07,1.0,0.999970555305481,-2.944469451904297e-05
307,train,2,upslope,2.6134536403754853,-0.04509240247695588,0.20999999344348907,0.20998740196228027,-1.259148120880127e-05,0.0011267822701483965,0.001101423054933548,-2.535921521484852e-05,0.3199999928474426,0.3202822804450989,0.00028228759765625,0.04500000178813934,0.0450018085539341,1.8067657947540283e-06,1.0,1.0002236366271973,0.00022363662719726562
308,train,2,upslope,2.6547868115428144,-0.047050996094441536,0.20999999344348907,0.20999008417129517,-9.909272193908691e-06,0.0011851807357743382,0.0011493732454255223,-3.580749034881592e-05,0.3199999928474426,0.32031404972076416,0.0003140568733215332,0.04500000178813934,0.045000672340393066,6.705522537231445e-07,1.0,1.0001460313796997,0.00014603137969970703
309,train,2,upslope,2.6964796020797133,-0.04418227837227167,0.20999999344348907,0.20994070172309875,-5.9291720390319824e-05,0.0010959046194329858,0.001078740693628788,-1.7163925804197788e-05,0.3199999928474426,0.3204443156719208,0.0004443228244781494,0.04500000178813934,0.045001231133937836,1.2293457984924316e-06,1.0,1.0002812147140503,0.00028121471405029297
310,train,2,upslope,2.7377438555158458,-0.046849812795734726,0.20999999344348907,0.20995071530342102,-4.92781400680542e-05,0.0011740331538021564,0.001144114532507956,-2.991862129420042e-05,0.3199999928474426,0.32045650482177734,0.0004565119743347168,0.04500000178813934,0.04499988257884979,-1.1920928955078125e-07,1.0,1.0001684427261353,0.0001684427261352539
311,train,2,upslope,2.7790901245162374,-0.0563482132625502,0.20999999344348907,0.21002674102783203,2.6747584342956543e-05,0.0014060770627111197,0.0013789372751489282,-2.7139787562191486e-05,0.3199999928474426,0.32032257318496704,0.00032258033752441406,0.04500000178813934,0.04499642178416252,-3.5800039768218994e-06,1.0,0.9997978210449219,-0.000202178955078125
312,train,2,upslope,2.8217362064391374,-0.05674338781903199,0.20999999344348907,0.21001091599464417,1.0922551155090332e-05,0.0014077714877203107,0.0013886617962270975,-1.9109691493213177e-05,0.3199999928474426,0.3203771412372589,0.0003771483898162842,0.04500000178813934,0.04499588906764984,-4.112720489501953e-06,1.0,0.9997860789299011,-0.00021392107009887695
313,train,2,upslope,2.867102124884651,-0.05898272363262701,0.20999999344348907,0.21001052856445312,1.0535120964050293e-05,0.001479143975302577,0.0014443452237173915,-3.479875158518553e-05,0.3199999928474426,0.3203948438167572,0.0003948509693145752,0.04500000178813934,0.04499482363462448,-5.1781535148620605e-06,1.0,0.9997105002403259,-0.00028949975967407227
314,train,2,upslope,2.9137500845609066,-0.06475167492936049,0.20999999344348907,0.21003936231136322,3.936886787414551e-05,0.001601893687620759,0.00158853514585644,-1.3358541764318943e-05,0.3199999928474426,0.32033753395080566,0.0003375411033630371,0.04500000178813934,0.044992852956056595,-7.148832082748413e-06,1.0,0.9995309114456177,-0.0004690885543823242
315,train,2,upslope,2.9657419910831093,-0.06855648283730632,0.20999999344348907,0.2100462019443512,4.620850086212158e-05,0.0017154727829620242,0.0016840653261169791,-3.140745684504509e-05,0.3199999928474426,0.3203250467777252,0.0003250539302825928,0.04500000178813934,0.04499147832393646,-8.52346420288086e-06,1.0,0.9994245171546936,-0.0005754828453063965
316,train,2,upslope,3.0194997497012346,-0.07430321292089292,0.20999999344348907,0.2100650668144226,6.507337093353271e-05,0.0018556809518486261,0.0018290113657712936,-2.6669586077332497e-05,0.3199999928474426,0.32027217745780945,0.0002721846103668213,0.04500000178813934,0.04498978704214096,-1.0214745998382568e-05,1.0,0.9992849230766296,-0.0007150769233703613
317,train,2,upslope,3.0725137231288318,-0.07773285721680868,0.20999999344348907,0.2100645899772644,6.459653377532959e-05,0.0019299627747386694,0.0019158606883138418,-1.4102086424827576e-05,0.3199999928474426,0.3202621042728424,0.0002621114253997803,0.04500000178813934,0.0449887178838253,-1.1283904314041138e-05,1.0,0.9992085099220276,-0.0007914900779724121
318,train,2,upslope,3.128280049168469,-0.08579019173037616,0.20999999344348907,0.2100914567708969,9.146332740783691e-05,0.002147071762010455,0.0021207695826888084,-2.630217932164669e-05,0.3199999928474426,0.3201634883880615,0.00016349554061889648,0.04500000178813934,0.0449870228767395,-1.2978911399841309e-05,1.0,0.9990754127502441,-0.0009245872497558594
319,train,2,upslope,3.1813201658556878,-0.0914364131767135,0.20999999344348907,0.21009975671768188,9.976327419281006e-05,0.00227510672993958,0.0022650337778031826,-1.0072952136397362e-05,0.3199999928474426,0.32010892033576965,0.00010892748832702637,0.04500000178813934,0.04498597979545593,-1.4021992683410645e-05,1.0,0.9990051984786987,-0.0009948015213012695
320,train,2,upslope,3.233355285827775,-0.09302696945109198,0.20999999344348907,0.21008378267288208,8.378922939300537e-05,0.00232226331718266,0.002305824076756835,-1.643924042582512e-05,0.3199999928474426,0.3201248347759247,0.00012484192848205566,0.04500000178813934,0.04498548060655594,-1.4521181583404541e-05,1.0,0.998974621295929,-0.001025378704071045
321,train,2,upslope,3.2843861132241026,-0.10055139570047127,0.20999999344348907,0.21009854972362518,9.85562801361084e-05,0.0025092146825045347,0.002498926827684045,-1.0287854820489883e-05,0.3199999928474426,0.3200354278087616,3.5434961318969727e-05,0.04500000178813934,0.04498463496565819,-1.5366822481155396e-05,1.0,0.9989261031150818,-0.0010738968849182129
322,test,2,upslope,3.334135250456028,-0.10364233234655305,0.20999999344348907,0.21008940041065216,8.940696716308594e-05,0.0025826652999967337,0.002578509273007512,-4.156026989221573e-06,0.3199999928474426,0.3200208246707916,2.0831823348999023e-05,0.04500000178813934,0.044984228909015656,-1.5772879123687744e-05,1.0,0.9989021420478821,-0.00109785795211792
323,test,2,upslope,3.3865529233087215,-0.11038674083635294,0.20999999344348907,0.21009346842765808,9.347498416900635e-05,0.0027551737148314714,0.002752333879470825,-2.839835360646248e-06,0.3199999928474426,0.31995129585266113,-4.869699478149414e-05,0.04500000178813934,0.044983893632888794,-1.6108155250549316e-05,1.0,0.9988968968391418,-0.0011031031608581543
324,train,2,upslope,3.4379169095968876,-0.118729524719099,0.20999999344348907,0.21009953320026398,9.953975677490234e-05,0.0029546592850238085,0.0029677338898181915,1.3074604794383049e-05,0.3199999928474426,0.3198660612106323,-0.00013393163681030273,0.04500000178813934,0.04498397186398506,-1.6029924154281616e-05,1.0,0.9989354014396667,-0.001064598560333252
325,train,2,upslope,3.491089372067235,-0.11514422967222342,0.20999999344348907,0.21006184816360474,6.185472011566162e-05,0.0028743960428982973,0.0028753685764968395,9.725335985422134e-07,0.3199999928474426,0.3199440836906433,-5.5909156799316406e-05,0.04500000178813934,0.04498353973031044,-1.6462057828903198e-05,1.0,0.9988638758659363,-0.0011361241340637207
326,train,2,upslope,3.541298803523143,-0.12236602320076924,0.20999999344348907,0.21006253361701965,6.254017353057861e-05,0.0030599634628742933,0.0030619942117482424,2.030748873949051e-06,0.3199999928474426,0.31987398862838745,-0.00012600421905517578,0.04500000178813934,0.044983796775341034,-1.6205012798309326e-05,1.0,0.9989035129547119,-0.001096487045288086
327,train,2,upslope,3.587652845471135,-0.12267199461992644,0.20999999344348907,0.21004131436347961,4.132091999053955e-05,0.0030597690492868423,0.003070071805268526,1.0302755981683731e-05,0.3199999928474426,0.3198927342891693,-0.00010725855827331543,0.04500000178813934,0.044983670115470886,-1.633167266845703e-05,1.0,0.998871922492981,-0.001128077507019043
328,train,2,upslope,3.6318100973815564,-0.12134097472128694,0.20999999344348907,0.21001532673835754,1.5333294868469238e-05,0.0030457722023129463,0.003035873407498002,-9.898794814944267e-06,0.3199999928474426,0.3199310600757599,-6.893277168273926e-05,0.04500000178813934,0.04498346522450447,-1.6536563634872437e-05,1.0,0.9988227486610413,-0.0011772513389587402
329,train,2,upslope,3.6867667315596147,-0.11526431347820135,0.20999999344348907,0.20996423065662384,-3.5762786865234375e-05,0.0028920858167111874,0.002879244973883033,-1.2840842828154564e-05,0.3199999928474426,0.32004469633102417,4.470348358154297e-05,0.04500000178813934,0.044983137398958206,-1.6864389181137085e-05,1.0,0.9987303018569946,-0.001269698143005371
330,train,2,upslope,3.736676840565062,-0.10462300599485964,0.20999999344348907,0.2098863422870636,-0.00011365115642547607,0.0026128063909709454,0.0026052938774228096,-7.5125135481357574e-06,0.3199999928474426,0.3202521800994873,0.00025218725204467773,0.04500000178813934,0.04498342052102089,-1.658126711845398e-05,1.0,0.9986742734909058,-0.0013257265090942383
331,train,2,upslope,3.7858417766541383,-0.10416636438208064,0.20999999344348907,0.20985636115074158,-0.00014363229274749756,0.0026115465443581343,0.0025938106700778008,-1.773587428033352e-05,0.3199999928474426,0.32028692960739136,0.00028693675994873047,0.04500000178813934,0.04498356580734253,-1.6435980796813965e-05,1.0,0.998645544052124,-0.0013544559478759766
332,test,2,upslope,3.8351823241265754,-0.10653673740331258,0.20999999344348907,0.20984143018722534,-0.0001585632562637329,0.002648760797455907,0.0026550686452537775,6.307847797870636e-06,0.3199999928474426,0.3202667236328125,0.00026673078536987305,0.04500000178813934,0.044983554631471634,-1.644715666770935e-05,1.0,0.9986099600791931,-0.0013900399208068848
333,train,2,upslope,3.891476420594727,-0.10829829318375793,0.20999999344348907,0.2098187357187271,-0.0001812577247619629,0.002706187078729272,0.002700741635635495,-5.445443093776703e-06,0.3199999928474426,0.3202604353427887,0.00026044249534606934,0.04500000178813934,0.044983670115470886,-1.633167266845703e-05,1.0,0.998571515083313,-0.0014284849166870117
334,train,2,upslope,3.9391085283111407,-0.11357273176592801,0.20999999344348907,0.20981870591640472,-0.00018128752708435059,0.002847485477104783,0.0028369235806167126,-1.0561896488070488e-05,0.3199999928474426,0.3201863765716553,0.00018638372421264648,0.04500000178813934,0.04498368129134178,-1.6320496797561646e-05,1.0,0.9985436797142029,-0.0014563202857971191
335,train,2,upslope,3.9903662917331015,-0.11052084270117338,0.20999999344348907,0.20977313816547394,-0.00022685527801513672,0.0027605192735791206,0.002758587012067437,-1.932261511683464e-06,0.3199999928474426,0.3202623128890991,0.00026232004165649414,0.04500000178813934,0.04498405382037163,-1.5947967767715454e-05,1.0,0.9985036849975586,-0.0014963150024414062
336,train,2,rough,4.045838904682035,-0.10463878033794098,0.20499999821186066,0.20509269833564758,9.270012378692627e-05,0.0026309166569262743,0.0026646314654499292,3.371480852365494e-05,0.3199999928474426,0.3254687190055847,0.00546872615814209,0.054999999701976776,0.05494960397481918,-5.0395727157592773e-05,1.0,1.0039544105529785,0.003954410552978516
337,train,2,rough,4.100037043494539,-0.10333437137233936,0.20499999821186066,0.20508374273777008,8.374452590942383e-05,0.002570357406511903,0.0026361653581261635,6.580795161426067e-05,0.3199999928474426,0.32540827989578247,0.005408287048339844,0.054999999701976776,0.05494973063468933,-5.026906728744507e-05,1.0,1.0039650201797485,0.003965020179748535
338,train,2,rough,4.158481753125565,-0.10412863949313889,0.20499999821186066,0.20507942140102386,7.942318916320801e-05,0.0026093509513884783,0.0026533922646194696,4.4041313230991364e-05,0.3199999928474426,0.32514524459838867,0.005145251750946045,0.054999999701976776,0.0549527183175087,-4.728138446807861e-05,1.0,1.0037651062011719,0.003765106201171875
339,train,2,rough,4.21106453304471,-0.09963553829305653,0.20499999821186066,0.20506183803081512,6.183981895446777e-05,0.0025022048503160477,0.0025558879133313894,5.368306301534176e-05,0.3199999928474426,0.32538026571273804,0.00538027286529541,0.054999999701976776,0.054948169738054276,-5.182996392250061e-05,1.0,1.0041005611419678,0.0041005611419677734
340,train,2,rough,4.259286961578671,-0.09433072451984037,0.20499999821186066,0.20504000782966614,4.000961780548096e-05,0.002355239586904645,0.0024419447872787714,8.670520037412643e-05,0.3199999928474426,0.3257242441177368,0.0057242512702941895,0.054999999701976776,0.054941870272159576,-5.812942981719971e-05,1.0,1.0045469999313354,0.004546999931335449
341,train,2,rough,4.3005633672589605,-0.09235578670325315,0.20499999821186066,0.20502862334251404,2.8625130653381348e-05,0.002319714520126581,0.0023998161777853966,8.010165765881538e-05,0.3199999928474426,0.32578128576278687,0.005781292915344238,0.054999999701976776,0.05494002252817154,-5.9977173805236816e-05,1.0,1.0046734809875488,0.004673480987548828
342,train,2,rough,4.342496468547916,-0.10158255106344558,0.20499999821186066,0.20505277812480927,5.27799129486084e-05,0.002537584165111184,0.002597878221422434,6.029405631124973e-05,0.3199999928474426,0.32475781440734863,0.004757821559906006,0.054999999701976776,0.05495467782020569,-4.5321881771087646e-05,1.0,1.0036442279815674,0.003644227981567383
343,train,2,rough,4.3822151002303915,-0.10601754349687494,0.20499999821186066,0.20505917072296143,5.917251110076904e-05,0.0026307725347578526,0.0026944715064018965,6.369897164404392e-05,0.3199999928474426,0.32421642541885376,0.004216432571411133,0.054999999701976776,0.05496186017990112,-3.8139522075653076e-05,1.0,1.0031332969665527,0.0031332969665527344
344,test,2,rough,4.420955088864385,-0.12047320589038905,0.20499999821186066,0.2050774097442627,7.741153240203857e-05,0.0030041495338082314,0.003015534719452262,1.1385185644030571e-05,0.3199999928474426,0.3228546679019928,0.002854675054550171,0.054999999701976776,0.05498107522726059,-1.8924474716186523e-05,1.0,1.0017427206039429,0.001742720603942871
345,train,2,rough,4.4588762787107,-0.13476814216834979,0.20499999821186066,0.20507806539535522,7.806718349456787e-05,0.0033465710002928972,0.003341962117701769,-4.608882591128349e-06,0.3199999928474426,0.32165277004241943,0.0016527771949768066,0.054999999701976776,0.05499747395515442,-2.5257468223571777e-06,1.0,1.0005184412002563,0.0005184412002563477
346,train,2,rough,4.502405641872536,-0.13702705458618922,0.20499999821186066,0.20507237315177917,7.237493991851807e-05,0.0034211233723908663,0.0033943806774914265,-2.6742694899439812e-05,0.3199999928474426,0.321336030960083,0.0013360381126403809,0.054999999701976776,0.0550009049475193,9.052455425262451e-07,1.0,1.000267505645752,0.0002675056457519531
347,train,2,rough,4.544065410893083,-0.14629897046521678,0.20499999821186066,0.20506125688552856,6.125867366790771e-05,0.0036575011909008026,0.0036115290131419897,-4.5972177758812904e-05,0.3199999928474426,0.32058364152908325,0.000583648681640625,0.054999999701976776,0.05501046031713486,1.0460615158081055e-05,1.0,0.9995381832122803,-0.00046181678771972656
348,test,2,rough,4.587980207557822,-0.15023281375355343,0.20499999821186066,0.20505180954933167,5.18113374710083e-05,0.0037342046853154898,0.0037047439254820347,-2.9460759833455086e-05,0.3199999928474426,0.3201828598976135,0.00018286705017089844,0.054999999701976776,0.05501493811607361,1.4938414096832275e-05,1.0,0.999200701713562,-0.0007992982864379883
349,train,2,rough,4.635363225769722,-0.16256959504831917,0.20499999821186066,0.20502741634845734,2.7418136596679688e-05,0.004063138738274574,0.004000665154308081,-6.24735839664936e-05,0.3199999928474426,0.31934499740600586,-0.0006549954414367676,0.054999999701976776,0.055025339126586914,2.533942461013794e-05,1.0,0.9983838796615601,-0.0016161203384399414
350,train,2,rough,4.674177699492054,-0.18453804209186803,0.20499999821186066,0.20497466623783112,-2.5331974029541016e-05,0.004583640955388546,0.004540415480732918,-4.3225474655628204e-05,0.3199999928474426,0.31831565499305725,-0.001684337854385376,0.054999999701976776,0.05503849685192108,3.849714994430542e-05,1.0,0.9972919225692749,-0.0027080774307250977
351,train,2,rough,4.722117384901526,-0.18895171744839362,0.20499999821186066,0.20495788753032684,-4.2110681533813477e-05,0.004714043810963631,0.004650835879147053,-6.320793181657791e-05,0.3199999928474426,0.31799864768981934,-0.002001345157623291,0.054999999701976776,0.05504166707396507,4.166737198829651e-05,1.0,0.9970496296882629,-0.0029503703117370605
352,test,2,rough,4.773119831655157,-0.1983146098141271,0.20499999821186066,0.20492778718471527,-7.221102714538574e-05,0.004958150442689657,0.004886634647846222,-7.151579484343529e-05,0.3199999928474426,0.31757161021232605,-0.002428382635116577,0.054999999701976776,0.05504631996154785,4.632025957107544e-05,1.0,0.9966710805892944,-0.0033289194107055664
353,train,2,rough,4.823221647407456,-0.19762548266063995,0.20499999821186066,0.2049235850572586,-7.641315460205078e-05,0.00493892515078187,0.004869451746344566,-6.947340443730354e-05,0.3199999928474426,0.3173939287662506,-0.0026060640811920166,0.054999999701976776,0.055047426372766495,4.742667078971863e-05,1.0,0.9966139197349548,-0.003386080265045166
354,train,2,rough,4.878102090855234,-0.19252583740615026,0.20499999821186066,0.2049301415681839,-6.985664367675781e-05,0.004826956428587437,0.004741140175610781,-8.581625297665596e-05,0.3199999928474426,0.3172982335090637,-0.0027017593383789062,0.054999999701976776,0.05504704266786575,4.704296588897705e-05,1.0,0.9966872930526733,-0.00331270694732666
355,train,2,rough,4.929751735796415,-0.19392162829033918,0.20499999821186066,0.2049204409122467,-7.955729961395264e-05,0.004847713280469179,0.004776439629495144,-7.127365097403526e-05,0.3199999928474426,0.3170621991157532,-0.002937793731689453,0.054999999701976776,0.05504874885082245,4.874914884567261e-05,1.0,0.9965686798095703,-0.0034313201904296875
356,train,2,rough,4.983580391983359,-0.17377693691697382,0.20499999821186066,0.20496293902397156,-3.705918788909912e-05,0.004361757542937994,0.004275012761354446,-8.674478158354759e-05,0.3199999928474426,0.31747424602508545,-0.0025257468223571777,0.054999999701976776,0.055040497332811356,4.049763083457947e-05,1.0,0.9972653985023499,-0.0027346014976501465
357,train,2,rough,5.035242460976386,-0.1576043554221647,0.20499999821186066,0.20498766005039215,-1.233816146850586e-05,0.003964902833104134,0.0038816703017801046,-8.323253132402897e-05,0.3199999928474426,0.3180027902126312,-0.0019972026348114014,0.054999999701976776,0.05503055453300476,3.055483102798462e-05,1.0,0.9980297684669495,-0.001970231533050537
358,train,2,rough,5.082640080346414,-0.14431699753795005,0.20499999821186066,0.2049979567527771,-2.041459083557129e-06,0.0036158969160169363,0.0035654937382787466,-5.04031777381897e-05,0.3199999928474426,0.3185795843601227,-0.0014204084873199463,0.054999999701976776,0.055019915103912354,1.9915401935577393e-05,1.0,0.9987976551055908,-0.0012023448944091797
359,train,2,rough,5.12671628085057,-0.1322956238981775,0.20499999821186066,0.20499750971794128,-2.4884939193725586e-06,0.0033033150248229504,0.003285366576164961,-1.7948448657989502e-05,0.3199999928474426,0.3192266523838043,-0.0007733404636383057,0.054999999701976776,0.0550081804394722,8.180737495422363e-06,1.0,0.9996060729026794,-0.00039392709732055664
360,train,2,rough,5.170808028761905,-0.13471578557330674,0.20499999821186066,0.20499169826507568,-8.299946784973145e-06,0.0033698570914566517,0.003341301344335079,-2.8555747121572495e-05,0.3199999928474426,0.31886976957321167,-0.001130223274230957,0.054999999701976776,0.05501127988100052,1.1280179023742676e-05,1.0,0.9993624687194824,-0.0006375312805175781
361,train,2,rough,5.21070085499346,-0.13077058937821132,0.20499999821186066,0.20498666167259216,-1.3336539268493652e-05,0.0032647678162902594,0.0032502601388841867,-1.4507677406072617e-05,0.3199999928474426,0.31899750232696533,-0.001002490520477295,0.054999999701976776,0.05500728636980057,7.286667823791504e-06,1.0,0.9996111989021301,-0.00038880109786987305
362,train,2,rough,5.251834529027381,-0.12563804467758527,0.20499999821186066,0.20497965812683105,-2.034008502960205e-05,0.003159823827445507,0.0031327931210398674,-2.703070640563965e-05,0.3199999928474426,0.31922850012779236,-0.0007714927196502686,0.054999999701976776,0.05500158295035362,1.5832483768463135e-06,1.0,0.9999675154685974,-3.248453140258789e-05
363,test,2,rough,5.2958321532428405,-0.12585550721746783,0.20499999821186066,0.2049739956855774,-2.600252628326416e-05,0.003141044406220317,0.0031377451959997416,-3.2992102205753326e-06,0.3199999928474426,0.3190303146839142,-0.0009696781635284424,0.054999999701976776,0.055002111941576004,2.1122395992279053e-06,1.0,0.999893844127655,-0.0001061558723449707
364,train,2,rough,5.333787379692638,-0.11489236540437812,0.20499999821186066,0.20495834946632385,-4.16487455368042e-05,0.0028669280000030994,0.0028905440121889114,2.3616012185811996e-05,0.3199999928474426,0.3198067247867584,-0.0001932680606842041,0.054999999701976776,0.05498811602592468,-1.1883676052093506e-05,1.0,1.000786304473877,0.0007863044738769531
365,train,2,rough,5.3767912615260105,-0.11552731479637936,0.20499999821186066,0.20495344698429108,-4.655122756958008e-05,0.0029010409489274025,0.002904716646298766,3.67569737136364e-06,0.3199999928474426,0.3195739984512329,-0.0004259943962097168,0.054999999701976776,0.05498908460140228,-1.0915100574493408e-05,1.0,1.0006767511367798,0.0006767511367797852
366,train,2,rough,5.4216150232463765,-0.10962539763309646,0.20499999821186066,0.2049376219511032,-6.237626075744629e-05,0.0027378483209758997,0.002773687243461609,3.583892248570919e-05,0.3199999928474426,0.3199346661567688,-6.532669067382812e-05,0.054999999701976776,0.05498078092932701,-1.9218772649765015e-05,1.0,1.0011637210845947,0.0011637210845947266
367,test,2,rough,5.464234239555823,-0.10135792101914329,0.20499999821186066,0.20491273701190948,-8.726119995117188e-05,0.002552702324464917,0.0025928188115358353,4.011648707091808e-05,0.3199999928474426,0.3205752372741699,0.0005752444267272949,0.054999999701976776,0.05496814474463463,-3.185495734214783e-05,1.0,1.0019155740737915,0.001915574073791504
368,train,2,rough,5.508726487168863,-0.10318317140451558,0.20499999821186066,0.2049112617969513,-8.873641490936279e-05,0.002598375082015991,0.0026324940845370293,3.4119002521038055e-05,0.3199999928474426,0.3202098608016968,0.0002098679542541504,0.054999999701976776,0.0549708716571331,-2.9128044843673706e-05,1.0,1.001683235168457,0.0016832351684570312
369,train,2,rough,5.549649609245358,-0.09722234994506122,0.20499999821186066,0.20488876104354858,-0.00011123716831207275,0.0024200654588639736,0.0025035736616700888,8.350820280611515e-05,0.3199999928474426,0.3206605613231659,0.0006605684757232666,0.054999999701976776,0.054961081594228745,-3.8918107748031616e-05,1.0,1.0022389888763428,0.0022389888763427734
370,test,2,rough,5.59227098309554,-0.10234244183081394,0.20499999821186066,0.20489725470542908,-0.00010274350643157959,0.0025616874918341637,0.002614237368106842,5.2549876272678375e-05,0.3199999928474426,0.31995388865470886,-4.610419273376465e-05,0.054999999701976776,0.05496913567185402,-3.086403012275696e-05,1.0,1.0016745328903198,0.0016745328903198242
371,train,2,rough,5.639329014470419,-0.1109220185798385,0.20499999821186066,0.2049095183610916,-9.047985076904297e-05,0.0027449307963252068,0.0028023486956954002,5.741789937019348e-05,0.3199999928474426,0.31891244649887085,-0.0010875463485717773,0.054999999701976776,0.05498197674751282,-1.802295446395874e-05,1.0,1.00080406665802,0.0008040666580200195
372,train,2,rough,5.699144750085311,-0.1235448638671078,0.20499999821186066,0.2049172818660736,-8.271634578704834e-05,0.0030810765456408262,0.0030850826296955347,4.006084054708481e-06,0.3199999928474426,0.3175268769264221,-0.002473115921020508,0.054999999701976776,0.05499911680817604,-8.828938007354736e-07,1.0,0.9996432065963745,-0.0003567934036254883
373,test,2,rough,5.750534566706324,-0.13087159099468917,0.20499999821186066,0.20491361618041992,-8.638203144073486e-05,0.0032670162618160248,0.003252333030104637,-1.4683231711387634e-05,0.3199999928474426,0.31671255826950073,-0.0032874345779418945,0.054999999701976776,0.055007994174957275,7.994472980499268e-06,1.0,0.9990156888961792,-0.0009843111038208008
374,train,2,rough,5.798295676305331,-0.13200841266335558,0.20499999821186066,0.20490701496601105,-9.298324584960938e-05,0.0032874750904738903,0.0032784391660243273,-9.035924449563026e-06,0.3199999928474426,0.3164178133010864,-0.003582179546356201,0.054999999701976776,0.05500902980566025,9.03010368347168e-06,1.0,0.998889148235321,-0.001110851764678955
375,train,2,rough,5.845275959814738,-0.13819964745617408,0.20499999821186066,0.20489996671676636,-0.00010003149509429932,0.0034589855931699276,0.0034217664506286383,-3.721914254128933e-05,0.3199999928474426,0.31575506925582886,-0.0042449235916137695,0.054999999701976776,0.055015843361616135,1.584365963935852e-05,1.0,0.9984015822410583,-0.0015984177589416504
376,train,2,rough,5.888803718233356,-0.14044412448693702,0.20499999821186066,0.20489302277565002,-0.00010697543621063232,0.003502685809507966,0.0034740562550723553,-2.862955443561077e-05,0.3199999928474426,0.3154068887233734,-0.004593104124069214,0.054999999701976776,0.05501796305179596,1.796334981918335e-05,1.0,0.9982144236564636,-0.001785576343536377
377,train,2,rough,5.93362652136422,-0.13063582006654353,0.20499999821186066,0.2048870176076889,-0.00011298060417175293,0.0032613121438771486,0.0032466899137943983,-1.462223008275032e-05,0.3199999928474426,0.3159342408180237,-0.004065752029418945,0.054999999701976776,0.05500608682632446,6.087124347686768e-06,1.0,0.9988893866539001,-0.0011106133460998535
378,train,2,rough,5.97391792716694,-0.13174137686473433,0.20499999821186066,0.20488135516643524,-0.00011864304542541504,0.0033022963907569647,0.0032720454037189484,-3.025098703801632e-05,0.3199999928474426,0.31567099690437317,-0.004328995943069458,0.054999999701976776,0.0550069659948349,6.966292858123779e-06,1.0,0.9987782835960388,-0.0012217164039611816
379,test,2,downslope,6.012010328486205,-0.12754211682257158,0.20250000059604645,0.20308053493499756,0.0005805343389511108,0.003181193955242634,0.003194875083863735,1.368112862110138e-05,0.3199999928474426,0.32092249393463135,0.0009225010871887207,0.04500000178813934,0.04498917609453201,-1.0825693607330322e-05,1.0,1.0006587505340576,0.0006587505340576172
380,train,2,downslope,6.048023775286043,-0.12189917409033933,0.20250000059604645,0.2030676007270813,0.0005676001310348511,0.0030670175328850746,0.003050819505006075,-1.619802787899971e-05,0.3199999928474426,0.32103729248046875,0.001037299633026123,0.04500000178813934,0.0449901707470417,-9.831041097640991e-06,1.0,1.0007439851760864,0.0007439851760864258
381,train,2,downslope,6.086021362427658,-0.12219390708415664,0.20250000059604645,0.20305213332176208,0.0005521327257156372,0.003056196728721261,0.0030568246729671955,6.279442459344864e-07,0.3199999928474426,0.3209725022315979,0.0009725093841552734,0.04500000178813934,0.044989701360464096,-1.0300427675247192e-05,1.0,1.0007272958755493,0.0007272958755493164
382,train,2,downslope,6.125796549385247,-0.1127583303838893,0.20250000059604645,0.20303434133529663,0.0005343407392501831,0.0028221970424056053,0.002818963024765253,-3.234017640352249e-06,0.3199999928474426,0.3212049603462219,0.0012049674987792969,0.04500000178813934,0.04499189928174019,-8.102506399154663e-06,1.0,1.0008776187896729,0.0008776187896728516
383,train,2,downslope,6.1612136941279765,-0.10765994888488481,0.20250000059604645,0.20301666855812073,0.0005166679620742798,0.002710733562707901,0.002691220259293914,-1.951330341398716e-05,0.3199999928474426,0.321317195892334,0.0013172030448913574,0.04500000178813934,0.04499311372637749,-6.888061761856079e-06,1.0,1.0009576082229614,0.0009576082229614258
384,train,2,downslope,6.199844781024041,-0.09773866054116703,0.20250000059604645,0.20299078524112701,0.0004907846450805664,0.002442937111482024,0.0024464053567498922,3.468245267868042e-06,0.3199999928474426,0.3216051757335663,0.0016051828861236572,0.04500000178813934,0.044996075332164764,-3.926455974578857e-06,1.0,1.001150369644165,0.001150369644165039
385,train,2,downslope,6.237631753183832,-0.08936848792751143,0.20250000059604645,0.20296190679073334,0.00046190619468688965,0.0022511619608849287,0.002242716494947672,-8.445465937256813e-06,0.3199999928474426,0.32186073064804077,0.0018607378005981445,0.04500000178813934,0.04499886929988861,-1.1324882507324219e-06,1.0,1.0013306140899658,0.0013306140899658203
386,train,2,downslope,6.278524815260811,-0.09543909869466136,0.20250000059604645,0.20295241475105286,0.0004524141550064087,0.0023885422851890326,0.00238816742785275,-3.748573362827301e-07,0.3199999928474426,0.3215494155883789,0.0015494227409362793,0.04500000178813934,0.04499633237719536,-3.6694109439849854e-06,1.0,1.0011283159255981,0.0011283159255981445
387,test,2,downslope,6.31071266072873,-0.10138730613551053,0.20250000059604645,0.2029455304145813,0.0004455298185348511,0.002512577921152115,0.002532138954848051,1.9561033695936203e-05,0.3199999928474426,0.3212762475013733,0.001276254653930664,0.04500000178813934,0.044994056224823,-5.945563316345215e-06,1.0,1.0009633302688599,0.0009633302688598633
388,test,2,downslope,6.34737688799055,-0.11592563921972801,0.20250000059604645,0.2029421627521515,0.0004421621561050415,0.0028986071702092886,0.00289022084325552,-8.38632695376873e-06,0.3199999928474426,0.32075035572052,0.0007503628730773926,0.04500000178813934,0.04498935490846634,-1.064687967300415e-05,1.0,1.0006859302520752,0.0006859302520751953
389,test,2,downslope,6.387791644034251,-0.1271043887042403,0.20250000059604645,0.20292989909648895,0.0004298985004425049,0.003156244056299329,0.003169394563883543,1.315050758421421e-05,0.3199999928474426,0.32039129734039307,0.00039130449295043945,0.04500000178813934,0.04498624429106712,-1.3757497072219849e-05,1.0,1.000536322593689,0.0005363225936889648
390,test,2,downslope,6.434854464838092,-0.1298735982370686,0.20250000059604645,0.20291148126125336,0.0004114806652069092,0.003234177129343152,0.003237632103264332,3.4549739211797714e-06,0.3199999928474426,0.32025694847106934,0.000256955623626709,0.04500000178813934,0.044985391199588776,-1.4610588550567627e-05,1.0,1.0004898309707642,0.0004898309707641602
391,train,2,downslope,6.477895340327024,-0.13394170718986276,0.20250000059604645,0.20289501547813416,0.0003950148820877075,0.0033513465896248817,0.003339138813316822,-1.2207776308059692e-05,0.3199999928474426,0.320107638835907,0.00010764598846435547,0.04500000178813934,0.04498433694243431,-1.566484570503235e-05,1.0,1.0004440546035767,0.00044405460357666016
392,train,2,downslope,6.5202574374141165,-0.13064836837465382,0.20250000059604645,0.2028772532939911,0.0003772526979446411,0.0032549076713621616,0.003253975883126259,-9.317882359027863e-07,0.3199999928474426,0.3201143741607666,0.00011438131332397461,0.04500000178813934,0.044984932988882065,-1.5068799257278442e-05,1.0,1.0004380941390991,0.0004380941390991211
393,train,2,downslope,6.5567802235498505,-0.13169644462569105,0.20250000059604645,0.2028629183769226,0.00036291778087615967,0.0032986837904900312,0.003279112745076418,-1.957104541361332e-05,0.3199999928474426,0.32003897428512573,3.898143768310547e-05,0.04500000178813934,0.044984616339206696,-1.5385448932647705e-05,1.0,1.0004117488861084,0.00041174888610839844
394,test,2,downslope,6.592905741334841,-0.1431858555384165,0.20250000059604645,0.20285117626190186,0.0003511756658554077,0.003562837140634656,0.0035701896995306015,7.352558895945549e-06,0.3199999928474426,0.31978440284729004,-0.0002155900001525879,0.04500000178813934,0.04498226195573807,-1.7739832401275635e-05,1.0,1.0003689527511597,0.00036895275115966797
395,train,2,downslope,6.63098635753866,-0.14049218607399658,0.20250000059604645,0.20283609628677368,0.0003360956907272339,0.003505181521177292,0.003499794052913785,-5.387468263506889e-06,0.3199999928474426,0.31977522373199463,-0.00022476911544799805,0.04500000178813934,0.04498271644115448,-1.728534698486328e-05,1.0,1.0003526210784912,0.00035262107849121094
396,train,2,downslope,6.662977053030651,-0.13802776422238325,0.20250000059604645,0.20282287895679474,0.000322878360748291,0.0034787366166710854,0.003435698803514242,-4.3037813156843185e-05,0.3199999928474426,0.3197706937789917,-0.00022929906845092773,0.04500000178813934,0.04498318210244179,-1.6819685697555542e-05,1.0,1.0003364086151123,0.0003364086151123047
397,train,2,downslope,6.700847981932981,-0.12280041567075156,0.20250000059604645,0.20279772579669952,0.00029772520065307617,0.003069882979616523,0.0030497342813760042,-2.014869824051857e-05,0.3199999928474426,0.32000473141670227,4.738569259643555e-06,0.04500000178813934,0.04498666152358055,-1.3340264558792114e-05,1.0,1.0003396272659302,0.0003396272659301758
398,train,2,downslope,6.741793364665824,-0.1153078429854004,0.20250000059604645,0.20277182757854462,0.00027182698249816895,0.0029019524808973074,0.0028616164345294237,-4.033604636788368e-05,0.3199999928474426,0.3201112747192383,0.0001112818717956543,0.04500000178813934,0.04498875513672829,-1.1246651411056519e-05,1.0,1.0003355741500854,0.0003355741500854492
399,train,2,downslope,6.787090500737582,-0.11543115112654552,0.20250000059604645,0.20275215804576874,0.00025215744972229004,0.002901205327361822,0.002863208530470729,-3.7996796891093254e-05,0.3199999928474426,0.32003140449523926,3.141164779663086e-05,0.04500000178813934,0.044988811016082764,-1.119077205657959e-05,1.0,1.0002845525741577,0.00028455257415771484
400,train,2,downslope,6.828812315386702,-0.11002408198843655,0.20250000059604645,0.20272549986839294,0.00022549927234649658,0.0027460346464067698,0.002728384919464588,-1.7649726942181587e-05,0.3199999928474426,0.3200938105583191,9.381771087646484e-05,0.04500000178813934,0.044990554451942444,-9.447336196899414e-06,1.0,1.0002639293670654,0.0002639293670654297
401,train,2,downslope,6.869771936180218,-0.11262570799492005,0.20250000059604645,0.20271140336990356,0.0002114027738571167,0.0028234166093170643,0.002791224280372262,-3.2192328944802284e-05,0.3199999928474426,0.31995683908462524,-4.315376281738281e-05,0.04500000178813934,0.04498990252614021,-1.0099261999130249e-05,1.0,1.000198483467102,0.00019848346710205078
402,train,2,downslope,6.9099473725582286,-0.11276261449866819,0.20250000059604645,0.20269367098808289,0.000193670392036438,0.0028082055505365133,0.002793366787955165,-1.483876258134842e-05,0.3199999928474426,0.31988364458084106,-0.0001163482666015625,0.04500000178813934,0.04499003291130066,-9.968876838684082e-06,1.0,1.000146508216858,0.00014650821685791016
403,train,2,downslope,6.949477082783093,-0.10821333033507997,0.20250000059604645,0.20266751945018768,0.00016751885414123535,0.002713578986003995,0.002680389443412423,-3.318954259157181e-05,0.3199999928474426,0.3199253976345062,-7.459521293640137e-05,0.04500000178813934,0.04499165713787079,-8.344650268554688e-06,1.0,1.000110387802124,0.00011038780212402344
404,train,2,downslope,6.9934463996640055,-0.11313732143484434,0.20250000059604645,0.20265686511993408,0.00015686452388763428,0.0028339074924588203,0.00280006043612957,-3.3847056329250336e-05,0.3199999928474426,0.3197295069694519,-0.00027048587799072266,0.04500000178813934,0.04499037563800812,-9.626150131225586e-06,1.0,1.0000348091125488,3.4809112548828125e-05
405,test,2,downslope,7.034802061633068,-0.10774815096212759,0.20250000059604645,0.20262740552425385,0.00012740492820739746,0.00268746679648757,0.00266658840700984,-2.0878389477729797e-05,0.3199999928474426,0.319783478975296,-0.00021651387214660645,0.04500000178813934,0.0449923500418663,-7.651746273040771e-06,1.0,0.9999869465827942,-1.3053417205810547e-05
406,train,2,downslope,7.076029377493614,-0.1028006928724337,0.20250000059604645,0.2025970071554184,9.700655937194824e-05,0.002586738206446171,0.0025450114626437426,-4.1726743802428246e-05,0.3199999928474426,0.31983426213264465,-0.00016573071479797363,0.04500000178813934,0.04499433562159538,-5.666166543960571e-06,1.0,0.9999387264251709,-6.127357482910156e-05
407,train,2,downslope,7.119305183351397,-0.10082756985288063,0.20250000059604645,0.2025715708732605,7.157027721405029e-05,0.0025141085498034954,0.0024961507879197598,-1.7957761883735657e-05,0.3199999928474426,0.31980594992637634,-0.00019404292106628418,0.04500000178813934,0.04499540105462074,-4.600733518600464e-06,1.0,0.9998736381530762,-0.00012636184692382812
408,test,2,downslope,7.163207522655267,-0.09058997795730414,0.20250000059604645,0.20252126455307007,2.1263957023620605e-05,0.002254679100587964,0.0022498394828289747,-4.839617758989334e-06,0.3199999928474426,0.3200179934501648,1.800060272216797e-05,0.04500000178813934,0.04499974101781845,-2.60770320892334e-07,1.0,0.9998533129692078,-0.00014668703079223633
409,train,2,downslope,7.205434450401358,-0.09078791005933023,0.20250000059604645,0.2025008201599121,8.195638656616211e-07,0.002281367080286145,0.0022536912001669407,-2.767588011920452e-05,0.3199999928474426,0.31992846727371216,-7.152557373046875e-05,0.04500000178813934,0.0450001023709774,1.0058283805847168e-07,1.0,0.999767541885376,-0.00023245811462402344
410,test,2,downslope,7.246224445254391,-0.08513213068272521,0.20250000059604645,0.20246142148971558,-3.857910633087158e-05,0.00212346063926816,0.0021193139255046844,-4.146713763475418e-06,0.3199999928474426,0.3200263977050781,2.6404857635498047e-05,0.04500000178813934,0.045002952218055725,2.950429916381836e-06,1.0,0.9997279644012451,-0.0002720355987548828
411,train,2,downslope,7.287094154158317,-0.07780154703614711,0.20250000059604645,0.20241309702396393,-8.690357208251953e-05,0.00196213461458683,0.001947582233697176,-1.455238088965416e-05,0.3199999928474426,0.3201941251754761,0.00019413232803344727,0.04500000178813934,0.045006778091192245,6.776303052902222e-06,1.0,0.9997144341468811,-0.0002855658531188965
412,train,2,downslope,7.331204604108779,-0.08003137989820504,0.20250000059604645,0.20239859819412231,-0.0001014024019241333,0.0020110844634473324,0.001998725812882185,-1.23586505651474e-05,0.3199999928474426,0.3200242817401886,2.428889274597168e-05,0.04500000178813934,0.04500632733106613,6.32554292678833e-06,1.0,0.9995856285095215,-0.0004143714904785156
413,train,2,downslope,7.3722189817915185,-0.07292782769487251,0.20250000059604645,0.20234772562980652,-0.0001522749662399292,0.0018172505078837276,0.001834177877753973,1.6927369870245457e-05,0.3199999928474426,0.3201935291290283,0.00019353628158569336,0.04500000178813934,0.04501032829284668,1.0326504707336426e-05,1.0,0.9995697736740112,-0.00043022632598876953
414,train,2,downslope,7.412914516821347,-0.07375062507860712,0.20250000059604645,0.20232932269573212,-0.00017067790031433105,0.001856789574958384,0.0018526087515056133,-4.18082345277071e-06,0.3199999928474426,0.3200770914554596,7.709860801696777e-05,0.04500000178813934,0.04501054063439369,1.0538846254348755e-05,1.0,0.9994560480117798,-0.0005439519882202148
415,train,2,downslope,7.453811213089746,-0.07291389060307414,0.20250000059604645,0.20230349898338318,-0.00019650161266326904,0.001812904141843319,0.0018330041784793139,2.010003663599491e-05,0.3199999928474426,0.32002151012420654,2.1517276763916016e-05,0.04500000178813934,0.04501161351799965,1.1611729860305786e-05,1.0,0.9993610978126526,-0.0006389021873474121
416,train,2,downslope,7.496902377058922,-0.06773597132433601,0.20250000059604645,0.2022559642791748,-0.00024403631687164307,0.0017082060221582651,0.0017147405305877328,6.534508429467678e-06,0.3199999928474426,0.3201252222061157,0.0001252293586730957,0.04500000178813934,0.04501501843333244,1.5016645193099976e-05,1.0,0.9993132948875427,-0.0006867051124572754
417,train,2,downslope,7.540515674290803,-0.07172440363940044,0.20250000059604645,0.20225068926811218,-0.00024931132793426514,0.0018038613488897681,0.001805017702281475,1.1563533917069435e-06,0.3199999928474426,0.31988200545310974,-0.00011798739433288574,0.04500000178813934,0.04501372203230858,1.372024416923523e-05,1.0,0.9991456866264343,-0.0008543133735656738
418,train,2,downslope,7.581464547178771,-0.0670160608867555,0.20250000059604645,0.20220528542995453,-0.00029471516609191895,0.0016692627687007189,0.0016978972125798464,2.8634443879127502e-05,0.3199999928474426,0.3199716806411743,-2.8312206268310547e-05,0.04500000178813934,0.04501695930957794,1.6957521438598633e-05,1.0,0.9990882277488708,-0.0009117722511291504
419,train,2,downslope,7.625094249943757,-0.06713473526491409,0.20250000059604645,0.2021813690662384,-0.00031863152980804443,0.0016896412707865238,0.0017003180691972375,1.0676798410713673e-05,0.3199999928474426,0.3198738694190979,-0.00012612342834472656,0.04500000178813934,0.04501775652170181,1.7754733562469482e-05,1.0,0.9989631772041321,-0.00103682279586792
420,train,2,downslope,7.669310754041923,-0.06781391685323342,0.20250000059604645,0.20215991139411926,-0.00034008920192718506,0.0016849336680024862,0.0017153951339423656,3.0461465939879417e-05,0.3199999928474426,0.319754034280777,-0.0002459585666656494,0.04500000178813934,0.04501829668879509,1.829490065574646e-05,1.0,0.9988293051719666,-0.0011706948280334473
421,train,2,downslope,7.712396466789289,-0.062452813557244254,0.20250000059604645,0.20210719108581543,-0.00039280951023101807,0.0015469701029360294,0.0015949324006214738,4.7962297685444355e-05,0.3199999928474426,0.3198685646057129,-0.00013142824172973633,0.04500000178813934,0.045022185891866684,2.2184103727340698e-05,1.0,0.9987655282020569,-0.0012344717979431152
422,train,2,downslope,7.752587011538873,-0.06565456848448417,0.20250000059604645,0.20210134983062744,-0.00039865076541900635,0.001649431767873466,0.001666426658630371,1.699489075690508e-05,0.3199999928474426,0.3196583390235901,-0.00034165382385253906,0.04500000178813934,0.04502129182219505,2.129003405570984e-05,1.0,0.9986084699630737,-0.0013915300369262695
423,train,2,downslope,7.7938626827252,-0.06108162680077234,0.20250000059604645,0.20205239951610565,-0.0004476010799407959,0.0015176613815128803,0.0015642675571143627,4.660617560148239e-05,0.3199999928474426,0.31974756717681885,-0.0002524256706237793,0.04500000178813934,0.04502484202384949,2.4840235710144043e-05,1.0,0.9985340237617493,-0.0014659762382507324
424,train,2,downslope,7.834510719923448,-0.06007378861063426,0.20250000059604645,0.20202286541461945,-0.00047713518142700195,0.0015125200152397156,0.0015418981201946735,2.9378104954957962e-05,0.3199999928474426,0.3197002410888672,-0.00029975175857543945,0.04500000178813934,0.04502641409635544,2.641230821609497e-05,1.0,0.9984192848205566,-0.0015807151794433594
425,train,2,downslope,7.872773907731463,-0.06498144134427436,0.20250000059604645,0.20202839374542236,-0.00047160685062408447,0.0016120896907523274,0.0016510178102180362,3.892811946570873e-05,0.3199999928474426,0.3194291591644287,-0.000570833683013916,0.04500000178813934,0.04502454400062561,2.454221248626709e-05,1.0,0.9982515573501587,-0.0017484426498413086
426,train,2,downslope,7.915445264043836,-0.0579147094731763,0.20250000059604645,0.20196230709552765,-0.0005376935005187988,0.0014466684078797698,0.0014943152200430632,4.764681216329336e-05,0.3199999928474426,0.31961309909820557,-0.00038689374923706055,0.04500000178813934,0.04502975940704346,2.975761890411377e-05,1.0,0.9981861710548401,-0.0018138289451599121
427,train,2,downslope,7.956081554576537,-0.05802076550136826,0.20250000059604645,0.2019387185573578,-0.0005612820386886597,0.001462198793888092,0.0014967290917411447,3.4530297853052616e-05,0.3199999928474426,0.31952178478240967,-0.000478208065032959,0.04500000178813934,0.045030783861875534,3.0782073736190796e-05,1.0,0.9980524778366089,-0.0019475221633911133
428,train,2,downslope,7.995524762528005,-0.05213278666614715,0.20250000059604645,0.20187801122665405,-0.000621989369392395,0.0012993474956601858,0.0013682990102097392,6.89515145495534e-05,0.3199999928474426,0.31968003511428833,-0.0003199577331542969,0.04500000178813934,0.045035526156425476,3.552436828613281e-05,1.0,0.9979942440986633,-0.00200575590133667
429,test,2,goal_flat,8.033528508232548,-0.0417201832765273,0.20250000059604645,0.02335105836391449,-0.17914894223213196,0.0010660989210009575,-5.413149483501911e-05,-0.0011202304158359766,0.3199999928474426,0.3201959431171417,0.00019595026969909668,0.04500000178813934,0.045014288276433945,1.428648829460144e-05,1.0,1.0017200708389282,0.0017200708389282227
430,train,2,goal_flat,8.058071442290187,-0.0376395351734271,0.02500000037252903,0.023258313536643982,-0.001741686835885048,0.0,-5.395524203777313e-05,-5.395524203777313e-05,0.3199999928474426,0.320394903421402,0.0003949105739593506,0.04500000178813934,0.045017093420028687,1.7091631889343262e-05,1.0,1.0019155740737915,0.001915574073791504
431,train,2,goal_flat,8.06018337790015,-0.03831603533963199,0.02500000037252903,0.023268356919288635,-0.0017316434532403946,0.0,-5.379249341785908e-05,-5.379249341785908e-05,0.3199999928474426,0.32038605213165283,0.0003860592842102051,0.04500000178813934,0.04501671344041824,1.6711652278900146e-05,1.0,1.0018677711486816,0.0018677711486816406
432,test,2,goal_flat,8.056454816610625,-0.035383367244556,0.02500000037252903,0.023222222924232483,-0.001777777448296547,0.0,-5.4265838116407394e-05,-5.4265838116407394e-05,0.3199999928474426,0.32044702768325806,0.0004470348358154297,0.04500000178813934,0.04501846060156822,1.8458813428878784e-05,1.0,1.002063512802124,0.0020635128021240234
433,train,2,goal_flat,8.057308977836792,-0.031716634599413276,0.02500000037252903,0.02316620945930481,-0.0018337909132242203,0.0,-5.449308082461357e-05,-5.449308082461357e-05,0.3199999928474426,0.32054945826530457,0.0005494654178619385,0.04500000178813934,0.04502079635858536,2.0794570446014404e-05,1.0,1.0023002624511719,0.002300262451171875
434,train,2,goal_flat,8.058007467661577,-0.03287322219821681,0.02500000037252903,0.023182421922683716,-0.001817578449845314,0.0,-5.4408563300967216e-05,-5.4408563300967216e-05,0.3199999928474426,0.32052046060562134,0.0005204677581787109,0.04500000178813934,0.04502006620168686,2.006441354751587e-05,1.0,1.0022226572036743,0.0022226572036743164
435,train,2,goal_flat,8.059077961647022,-0.03627257967111764,0.02500000037252903,0.023234665393829346,-0.0017653349786996841,0.0,-5.408329889178276e-05,-5.408329889178276e-05,0.3199999928474426,0.3204341530799866,0.0004341602325439453,0.04500000178813934,0.045017946511507034,1.794472336769104e-05,1.0,1.002000093460083,0.002000093460083008
436,train,2,goal_flat,8.058925603130298,-0.03283585307204334,0.02500000037252903,0.02318115532398224,-0.001818845048546791,0.0,-5.437689833343029e-05,-5.437689833343029e-05,0.3199999928474426,0.3205251693725586,0.0005251765251159668,0.04500000178813934,0.04502010717988014,2.010539174079895e-05,1.0,1.0022227764129639,0.002222776412963867
437,train,2,goal_flat,8.05998004357896,-0.03106568832764688,0.02500000037252903,0.02315497398376465,-0.0018450263887643814,0.0,-5.442253313958645e-05,-5.442253313958645e-05,0.3199999928474426,0.32057809829711914,0.0005781054496765137,0.04500000178813934,0.045021262019872665,2.1260231733322144e-05,1.0,1.0023367404937744,0.002336740493774414
438,test,2,goal_flat,8.061586580741762,-0.030549930863402287,0.02500000037252903,0.023146629333496094,-0.001853371039032936,0.0,-5.438155494630337e-05,-5.438155494630337e-05,0.3199999928474426,0.3205990195274353,0.0005990266799926758,0.04500000178813934,0.045021623373031616,2.162158489227295e-05,1.0,1.0023669004440308,0.0023669004440307617
439,train,2,goal_flat,8.066058690892667,-0.030657982187108062,0.02500000037252903,0.0231446772813797,-0.0018553230911493301,0.0,-5.4217642173171043e-05,-5.4217642173171043e-05,0.3199999928474426,0.32061395049095154,0.0006139576435089111,0.04500000178813934,0.045021623373031616,2.162158489227295e-05,1.0,1.00234854221344,0.0023485422134399414
440,train,2,goal_flat,8.071426267521622,-0.03423991149048423,0.02500000037252903,0.02319277822971344,-0.00180722214281559,0.0,-5.383905954658985e-05,-5.383905954658985e-05,0.3199999928474426,0.32053735852241516,0.0005373656749725342,0.04500000178813934,0.04501941055059433,1.9408762454986572e-05,1.0,1.0021007061004639,0.002100706100463867
441,train,2,goal_flat,8.073016817319921,-0.035814275221973835,0.02500000037252903,0.02321648597717285,-0.0017835143953561783,0.0,-5.364394746720791e-05,-5.364394746720791e-05,0.3199999928474426,0.32050180435180664,0.0005018115043640137,0.04500000178813934,0.04501844570040703,1.8443912267684937e-05,1.0,1.001995325088501,0.0019953250885009766
442,train,2,goal_flat,8.073209779183653,-0.04281131937025109,0.02500000037252903,0.023341521620750427,-0.0016584787517786026,0.0,-5.258084274828434e-05,-5.258084274828434e-05,0.3199999928474426,0.32032716274261475,0.00032716989517211914,0.04500000178813934,0.045014236122369766,1.4234334230422974e-05,1.0,1.0015580654144287,0.001558065414428711
443,train,2,goal_flat,8.074472898144561,-0.05391367501103776,0.02500000037252903,0.023588255047798157,-0.001411745324730873,0.0,-4.930398426949978e-05,-4.930398426949978e-05,0.3199999928474426,0.32008764147758484,8.764863014221191e-05,0.04500000178813934,0.04500817507505417,8.17328691482544e-06,1.0,1.000911831855774,0.0009118318557739258
444,train,2,goal_flat,8.078744400361106,-0.05961681210180095,0.02500000037252903,0.02373586595058441,-0.0012641344219446182,0.0,-4.6719564124941826e-05,-4.6719564124941826e-05,0.3199999928474426,0.3199946880340576,-5.304813385009766e-06,0.04500000178813934,0.04500540345907211,5.401670932769775e-06,1.0,1.000597596168518,0.0005975961685180664
445,test,2,goal_flat,8.079441763734726,-0.06203786155625149,0.02500000037252903,0.02380429208278656,-0.0011957082897424698,0.0,-4.54876571893692e-05,-4.54876571893692e-05,0.3199999928474426,0.3199540972709656,-4.589557647705078e-05,0.04500000178813934,0.04500427097082138,4.2691826820373535e-06,1.0,1.0004725456237793,0.0004725456237792969
446,train,2,goal_flat,8.075929670626563,-0.0627225489924061,0.02500000037252903,0.023827046155929565,-0.0011729542165994644,0.0,-4.52287495136261e-05,-4.52287495136261e-05,0.3199999928474426,0.31992852687835693,-7.146596908569336e-05,0.04500000178813934,0.04500391334295273,3.91155481338501e-06,1.0,1.0004462003707886,0.0004462003707885742
447,train,2,goal_flat,8.068338247262426,-0.05906258943706486,0.02500000037252903,0.02372850477695465,-0.001271495595574379,0.0,-4.729605279862881e-05,-4.729605279862881e-05,0.3199999928474426,0.3199641704559326,-3.5822391510009766e-05,0.04500000178813934,0.04500553384423256,5.532056093215942e-06,1.0,1.0006502866744995,0.0006502866744995117
448,train,2,goal_flat,8.067061615294445,-0.06509405959376219,0.02500000037252903,0.02390509843826294,-0.0010949019342660904,0.0,-4.41637821495533e-05,-4.41637821495533e-05,0.3199999928474426,0.31985414028167725,-0.00014585256576538086,0.04500000178813934,0.04500273987650871,2.738088369369507e-06,1.0,1.0003496408462524,0.0003496408462524414
449,train,2,goal_flat,8.065349283836248,-0.06543882415003544,0.02500000037252903,0.023917004466056824,-0.0010829959064722061,0.0,-4.401220940053463e-05,-4.401220940053463e-05,0.3199999928474426,0.31984174251556396,-0.0001582503318786621,0.04500000178813934,0.045002568513154984,2.566725015640259e-06,1.0,1.0003368854522705,0.0003368854522705078
450,train,2,goal_flat,8.065495348560495,-0.070454038206357,0.02500000037252903,0.02407766878604889,-0.0009223315864801407,0.0,-4.0830811485648155e-05,-4.0830811485648155e-05,0.3199999928474426,0.31976455450057983,-0.00023543834686279297,0.04500000178813934,0.04500045254826546,4.507601261138916e-07,1.0,1.0001022815704346,0.00010228157043457031
451,train,2,goal_flat,8.066321288624868,-0.07657335487918022,0.02500000037252903,0.024290472269058228,-0.0007095281034708023,0.0,-3.628293052315712e-05,-3.628293052315712e-05,0.3199999928474426,0.3196840286254883,-0.0003159642219543457,0.04500000178813934,0.044998105615377426,-1.8961727619171143e-06,1.0,0.9998370409011841,-0.00016295909881591797
452,train,2,goal_flat,8.06739850283032,-0.0793401639386599,0.02500000037252903,0.024392426013946533,-0.0006075743585824966,0.0,-3.3965567126870155e-05,-3.3965567126870155e-05,0.3199999928474426,0.3196541965007782,-0.0003457963466644287,0.04500000178813934,0.044997137039899826,-2.864748239517212e-06,1.0,0.9997239112854004,-0.0002760887145996094
453,train,2,goal_flat,8.069691727144393,-0.08760031992500744,0.02500000037252903,0.02472086250782013,-0.00027913786470890045,0.0,-2.614501863718033e-05,-2.614501863718033e-05,0.3199999928474426,0.31957611441612244,-0.00042387843132019043,0.04500000178813934,0.0449945405125618,-5.461275577545166e-06,1.0,0.9994212985038757,-0.0005787014961242676
454,train,2,goal_flat,8.068499763565772,-0.0966654752026692,0.02500000037252903,0.025124937295913696,0.00012493692338466644,0.0,-1.5964964404702187e-05,-1.5964964404702187e-05,0.3199999928474426,0.31950104236602783,-0.0004989504814147949,0.04500000178813934,0.04499221593141556,-7.7858567237854e-06,1.0,0.9991569519042969,-0.000843048095703125
455,train,2,goal_flat,8.068587709152785,-0.10685059068917921,0.02500000037252903,0.025629296898841858,0.0006292965263128281,0.0,-2.2621825337409973e-06,-2.2621825337409973e-06,0.3199999928474426,0.3194524645805359,-0.0005475282669067383,0.04500000178813934,0.04499033838510513,-9.663403034210205e-06,1.0,0.9989374279975891,-0.0010625720024108887
456,train,2,goal_flat,8.067378700760512,-0.11673698247816275,0.02500000037252903,0.0261726975440979,0.0011726971715688705,0.0,1.3416633009910583e-05,1.3416633009910583e-05,0.3199999928474426,0.31943053007125854,-0.000569462776184082,0.04500000178813934,0.04498926177620888,-1.0740011930465698e-05,1.0,0.998814582824707,-0.0011854171752929688
457,train,2,goal_flat,8.069263759106844,-0.11837068813963775,0.02500000037252903,0.02626587450504303,0.001265874132514,0.0,1.6276491805911064e-05,1.6276491805911064e-05,0.3199999928474426,0.3194373548030853,-0.0005626380443572998,0.04500000178813934,0.044989168643951416,-1.0833144187927246e-05,1.0,0.9987989664077759,-0.001201033592224121
458,train,2,goal_flat,8.070336433087332,-0.12059788552853969,0.02500000037252903,0.02639642357826233,0.0013964232057332993,0.0,2.026231959462166e-05,2.026231959462166e-05,0.3199999928474426,0.3194424510002136,-0.0005575418472290039,0.04500000178813934,0.04498906806111336,-1.0933727025985718e-05,1.0,0.9987846612930298,-0.0012153387069702148
459,test,2,goal_flat,8.075368704673641,-0.11681927045997932,0.02500000037252903,0.02617107331752777,0.0011710729449987411,0.0,1.3682292774319649e-05,1.3682292774319649e-05,0.3199999928474426,0.31945979595184326,-0.0005401968955993652,0.04500000178813934,0.04498929902911186,-1.0702759027481079e-05,1.0,0.9987980127334595,-0.0012019872665405273
460,train,2,goal_flat,8.077578155979143,-0.11561417176877335,0.02500000037252903,0.02610035240650177,0.0011003520339727402,0.0,1.1672964319586754e-05,1.1672964319586754e-05,0.3199999928474426,0.31946849822998047,-0.0005314946174621582,0.04500000178813934,0.04498939961194992,-1.0602176189422607e-05,1.0,0.9988038539886475,-0.001196146011352539
461,train,2,goal_flat,8.081902957266209,-0.11987612504519565,0.02500000037252903,0.026344358921051025,0.0013443585485219955,0.0,1.9133323803544044e-05,1.9133323803544044e-05,0.3199999928474426,0.3194842040538788,-0.0005157887935638428,0.04500000178813934,0.04498915374279022,-1.0848045349121094e-05,1.0,0.998765230178833,-0.0012347698211669922
462,train,2,goal_flat,8.082147066033665,-0.1261144503951466,0.02500000037252903,0.02672410011291504,0.0017240997403860092,0.0,3.081164322793484e-05,3.081164322793484e-05,0.3199999928474426,0.31949442625045776,-0.0005055665969848633,0.04500000178813934,0.04498901590704918,-1.0985881090164185e-05,1.0,0.9987525343894958,-0.0012474656105041504
463,train,2,goal_flat,8.082661568649891,-0.1369630619129156,0.02500000037252903,0.0274350643157959,0.0024350639432668686,0.0,5.364301614463329e-05,5.364301614463329e-05,0.3199999928474426,0.3195391595363617,-0.0004608333110809326,0.04500000178813934,0.044989533722400665,-1.0468065738677979e-05,1.0,0.9988252520561218,-0.0011747479438781738
464,test,2,goal_flat,8.083384978212134,-0.14379013335546864,0.02500000037252903,0.027915477752685547,0.002915477380156517,0.0,6.972742266952991e-05,6.972742266952991e-05,0.3199999928474426,0.3195858597755432,-0.00041413307189941406,0.04500000178813934,0.04499036446213722,-9.637326002120972e-06,1.0,0.9989351034164429,-0.001064896583557129
465,train,2,goal_flat,8.085041509151303,-0.14866913008376648,0.02500000037252903,0.028273791074752808,0.0032737907022237778,0.0,8.207024075090885e-05,8.207024075090885e-05,0.3199999928474426,0.31963104009628296,-0.00036895275115966797,0.04500000178813934,0.044991202652454376,-8.799135684967041e-06,1.0,0.9990434050559998,-0.0009565949440002441
466,train,2,goal_flat,8.08799918136741,-0.1542825452036966,0.02500000037252903,0.028701677918434143,0.0037016775459051132,0.0,9.716534987092018e-05,9.716534987092018e-05,0.3199999928474426,0.31969475746154785,-0.0003052353858947754,0.04500000178813934,0.04499242082238197,-7.580965757369995e-06,1.0,0.9992003440856934,-0.0007996559143066406
467,train,2,goal_flat,8.08870213381854,-0.16535836441516066,0.02500000037252903,0.029602378606796265,0.004602378234267235,0.0,0.00012982869520783424,0.00012982869520783424,0.3199999928474426,0.31982681155204773,-0.00017318129539489746,0.04500000178813934,0.04499564319849014,-4.3585896492004395e-06,1.0,0.9996311068534851,-0.0003688931465148926
468,train,2,goal_flat,8.09260734712358,-0.17957353042102267,0.02500000037252903,0.03085862100124359,0.0058586206287145615,0.0,0.00017768028192222118,0.00017768028192222118,0.3199999928474426,0.3200530707836151,5.307793617248535e-05,0.04500000178813934,0.04500140994787216,1.4081597328186035e-06,1.0,1.0004068613052368,0.0004068613052368164
469,test,2,goal_flat,8.092158398604301,-0.1863985115721285,0.02500000037252903,0.03150518238544464,0.006505182012915611,0.0,0.00020315428264439106,0.00020315428264439106,0.3199999928474426,0.320171594619751,0.0001716017723083496,0.04500000178813934,0.045004863291978836,4.861503839492798e-06,1.0,1.0008790493011475,0.0008790493011474609
470,test,2,goal_flat,8.093750120118004,-0.18709101774646048,0.02500000037252903,0.0315709114074707,0.006570911034941673,0.0,0.0002058185636997223,0.0002058185636997223,0.3199999928474426,0.320189893245697,0.00018990039825439453,0.04500000178813934,0.045005228370428085,5.2265822887420654e-06,1.0,1.0009278059005737,0.0009278059005737305
471,train,2,goal_flat,8.092258454695765,-0.18900302863377727,0.02500000037252903,0.03175884485244751,0.00675884447991848,0.0,0.00021331477910280228,0.00021331477910280228,0.3199999928474426,0.3202207684516907,0.00022077560424804688,0.04500000178813934,0.045006297528743744,6.295740604400635e-06,1.0,1.0010756254196167,0.0010756254196166992
472,train,2,goal_flat,8.08993542110866,-0.18648187779485456,0.02500000037252903,0.031515151262283325,0.006515150889754295,0.0,0.00020349281840026379,0.00020349281840026379,0.3199999928474426,0.3201655447483063,0.00016555190086364746,0.04500000178813934,0.04500491917133331,4.9173831939697266e-06,1.0,1.0008889436721802,0.0008889436721801758
473,test,2,goal_flat,8.085263394467686,-0.1911059542744741,0.02500000037252903,0.03197255730628967,0.006972556933760643,0.0,0.00022176885977387428,0.00022176885977387428,0.3199999928474426,0.32023757696151733,0.00023758411407470703,0.04500000178813934,0.04500754550099373,7.543712854385376e-06,1.0,1.0012531280517578,0.0012531280517578125
474,train,2,goal_flat,8.080495936132566,-0.1997494750508945,0.02500000037252903,0.03285786509513855,0.00785786472260952,0.0,0.00025805598124861717,0.00025805598124861717,0.3199999928474426,0.32039958238601685,0.00039958953857421875,0.04500000178813934,0.04501301050186157,1.3008713722229004e-05,1.0,1.002008318901062,0.0020083189010620117
475,train,2,goal_flat,8.080326111712447,-0.19498271411551046,0.02500000037252903,0.032366588711738586,0.007366588339209557,0.0,0.00023772474378347397,0.00023772474378347397,0.3199999928474426,0.32029858231544495,0.00029858946800231934,0.04500000178813934,0.04500992223620415,9.920448064804077e-06,1.0,1.0015833377838135,0.0015833377838134766
476,train,2,goal_flat,8.081392381047666,-0.19341435447761152,0.02500000037252903,0.03220692276954651,0.007206922397017479,0.0,0.00023121084086596966,0.00023121084086596966,0.3199999928474426,0.320270299911499,0.0002703070640563965,0.04500000178813934,0.04500894993543625,8.948147296905518e-06,1.0,1.0014487504959106,0.0014487504959106445
477,train,2,goal_flat,8.083146416754609,-0.18504910703851385,0.02500000037252903,0.03138290345668793,0.006382903084158897,0.0,0.0001980517990887165,0.0001980517990887165,0.3199999928474426,0.3201161324977875,0.00011613965034484863,0.04500000178813934,0.045004189014434814,4.187226295471191e-06,1.0,1.0007960796356201,0.0007960796356201172
478,train,2,goal_flat,8.080085178318551,-0.1774229595427009,0.02500000037252903,0.030671119689941406,0.005671119317412376,0.0,0.00017005065456032753,0.00017005065456032753,0.3199999928474426,0.31997454166412354,-2.5451183319091797e-05,0.04500000178813934,0.04500046372413635,4.6193599700927734e-07,1.0,1.0002931356430054,0.0002931356430053711
479,test,2,goal_flat,8.080983193990368,-0.1745700929929101,0.02500000037252903,0.030411764979362488,0.005411764606833458,0.0,0.00016008899547159672,0.00016008899547159672,0.3199999928474426,0.31993231177330017,-6.768107414245605e-05,0.04500000178813934,0.044999200850725174,-8.009374141693115e-07,1.0,1.0001214742660522,0.0001214742660522461
480,train,2,goal_flat,8.081273922435011,-0.16799461864017812,0.02500000037252903,0.029833361506462097,0.004833361133933067,0.0,0.00013819732703268528,0.00013819732703268528,0.3199999928474426,0.3198366165161133,-0.0001633763313293457,0.04500000178813934,0.04499658942222595,-3.4123659133911133e-06,1.0,0.9997696280479431,-0.00023037195205688477
481,train,2,goal_flat,8.083773499870537,-0.167843039635386,0.02500000037252903,0.029818251729011536,0.004818251356482506,0.0,0.00013770791701972485,0.00013770791701972485,0.3199999928474426,0.3198431730270386,-0.00015681982040405273,0.04500000178813934,0.04499652981758118,-3.471970558166504e-06,1.0,0.999757707118988,-0.0002422928810119629
482,train,2,goal_flat,8.085559651337384,-0.16965456167588858,0.02500000037252903,0.029973402619361877,0.004973402246832848,0.0,0.00014357920736074448,0.00014357920736074448,0.3199999928474426,0.31987476348876953,-0.0001252293586730957,0.04500000178813934,0.0449972003698349,-2.8014183044433594e-06,1.0,0.9998455047607422,-0.0001544952392578125
483,train,2,goal_flat,8.088397046763971,-0.17059949623694398,0.02500000037252903,0.03005349636077881,0.005053495988249779,0.0,0.00014668097719550133,0.00014668097719550133,0.3199999928474426,0.31989818811416626,-0.00010180473327636719,0.04500000178813934,0.04499755799770355,-2.4437904357910156e-06,1.0,0.9998895525932312,-0.00011044740676879883
484,train,2,goal_flat,8.090379769275659,-0.1727743572968589,0.02500000037252903,0.03024357557296753,0.0052435752004384995,0.0,0.00015394040383398533,0.00015394040383398533,0.3199999928474426,0.31993722915649414,-6.276369094848633e-05,0.04500000178813934,0.0449984185397625,-1.5832483768463135e-06,1.0,1.0000035762786865,3.5762786865234375e-06
485,train,2,goal_flat,8.092100446179952,-0.1707926992909098,0.02500000037252903,0.030067339539527893,0.005067339166998863,0.0,0.0001473135780543089,0.0001473135780543089,0.3199999928474426,0.3199138641357422,-8.612871170043945e-05,0.04500000178813934,0.044997621327638626,-2.380460500717163e-06,1.0,0.9998932480812073,-0.00010675191879272461
486,train,2,goal_flat,8.093284732682852,-0.1736027252811978,0.02500000037252903,0.03031487762928009,0.0053148772567510605,0.0,0.00015674089081585407,0.00015674089081585407,0.3199999928474426,0.319959819316864,-4.017353057861328e-05,0.04500000178813934,0.04499875009059906,-1.2516975402832031e-06,1.0,1.000044822692871,4.482269287109375e-05
487,train,2,goal_flat,8.094341763241504,-0.18265364458182412,0.02500000037252903,0.031145453453063965,0.006145453080534935,0.0,0.00018895766697824,0.00018895766697824,0.3199999928474426,0.32011184096336365,0.00011184811592102051,0.04500000178813934,0.045002903789281845,2.902001142501831e-06,1.0,1.0006086826324463,0.0006086826324462891
488,train,2,goal_flat,8.09979211370021,-0.18443173859160802,0.02500000037252903,0.03130978345870972,0.006309783086180687,0.0,0.00019558938220143318,0.00019558938220143318,0.3199999928474426,0.32016199827194214,0.00016200542449951172,0.04500000178813934,0.04500378295779228,3.7811696529388428e-06,1.0,1.0007237195968628,0.000723719596862793
489,train,2,goal_flat,8.104717666918932,-0.18991444270151203,0.02500000037252903,0.03183799982070923,0.006837999448180199,0.0,0.00021681585349142551,0.00021681585349142551,0.3199999928474426,0.32028064131736755,0.00028064846992492676,0.04500000178813934,0.04500674083828926,6.7390501499176025e-06,1.0,1.0011258125305176,0.0011258125305175781
490,train,2,goal_flat,8.106394079684335,-0.19196856013756253,0.02500000037252903,0.0320405513048172,0.00704055093228817,0.0,0.0002250464167445898,0.0002250464167445898,0.3199999928474426,0.32032638788223267,0.00032639503479003906,0.04500000178813934,0.04500792548060417,7.923692464828491e-06,1.0,1.001287579536438,0.0012875795364379883
491,train,2,goal_flat,8.10598855695185,-0.18715335912541126,0.02500000037252903,0.03156663477420807,0.006566634401679039,0.0,0.00020596315152943134,0.00020596315152943134,0.3199999928474426,0.3202328085899353,0.00023281574249267578,0.04500000178813934,0.0450051985681057,5.19677996635437e-06,1.0,1.0009117126464844,0.000911712646484375
492,train,2,goal_flat,8.11105671581225,-0.18801438099305887,0.02500000037252903,0.031646162271499634,0.006646161898970604,0.0,0.00020927214063704014,0.00020927214063704014,0.3199999928474426,0.3202661871910095,0.00026619434356689453,0.04500000178813934,0.045005641877651215,5.640089511871338e-06,1.0,1.000968098640442,0.0009680986404418945
493,train,2,goal_flat,8.113615755918964,-0.18729833821615594,0.02500000037252903,0.03157429397106171,0.006574293598532677,0.0,0.00020646490156650543,0.00020646490156650543,0.3199999928474426,0.3202615976333618,0.00026160478591918945,0.04500000178813934,0.04500523582100868,5.234032869338989e-06,1.0,1.000909686088562,0.0009096860885620117
494,train,3,flat,0.04430138767550966,0.04019630648921932,0.20999999344348907,0.2098805159330368,-0.00011947751045227051,-0.0010025335941463709,-0.0010046383831650019,-2.1047890186309814e-06,0.3199999928474426,0.3187331557273865,-0.0012668371200561523,0.04500000178813934,0.045000214129686356,2.123415470123291e-07,1.0,0.9993232488632202,-0.0006767511367797852
495,train,3,flat,0.08700134946803188,0.0516539264199259,0.20999999344348907,0.20978383719921112,-0.0002161562442779541,-0.0012808036990463734,-0.0012876330874860287,-6.829388439655304e-06,0.3199999928474426,0.3197101950645447,-0.0002897977828979492,0.04500000178813934,0.04499758780002594,-2.4139881134033203e-06,1.0,0.9995706677436829,-0.00042933225631713867
496,train,3,flat,0.13242370726217803,0.05085695753702331,0.20999999344348907,0.20980647206306458,-0.0001935213804244995,-0.0012656183680519462,-0.0012685991823673248,-2.980814315378666e-06,0.3199999928474426,0.3197301924228668,-0.00026980042457580566,0.04500000178813934,0.044997815042734146,-2.1867454051971436e-06,1.0,0.9996201992034912,-0.00037980079650878906
497,train,3,flat,0.17317331690338014,0.05734778859517104,0.20999999344348907,0.20973914861679077,-0.0002608448266983032,-0.0014359167544171214,-0.0014275293797254562,8.387374691665173e-06,0.3199999928474426,0.3203982710838318,0.00039827823638916016,0.04500000178813934,0.0449959933757782,-4.0084123611450195e-06,1.0,0.9998111128807068,-0.0001888871192932129
498,train,3,flat,0.2148000511851043,0.06304014646147482,0.20999999344348907,0.20967085659503937,-0.00032913684844970703,-0.0015514889964833856,-0.001565827988088131,-1.4338991604745388e-05,0.3199999928474426,0.3210468888282776,0.001046895980834961,0.04500000178813934,0.044994182884693146,-5.81890344619751e-06,1.0,1.0000041723251343,4.172325134277344e-06
499,train,3,flat,0.25796572233100656,0.0629735089063371,0.20999999344348907,0.20968274772167206,-0.0003172457218170166,-0.0015918920980766416,-0.0015645711682736874,2.7320929802954197e-05,0.3199999928474426,0.32113027572631836,0.0011302828788757324,0.04500000178813934,0.044994186609983444,-5.815178155899048e-06,1.0,1.0000674724578857,6.747245788574219e-05
500,train,3,flat,0.30116272926545457,0.0660665089026965,0.20999999344348907,0.20964591205120087,-0.000354081392288208,-0.0016589512815698981,-0.0016393600963056087,1.959118526428938e-05,0.3199999928474426,0.32154738903045654,0.001547396183013916,0.04500000178813934,0.04499310627579689,-6.895512342453003e-06,1.0,1.0002113580703735,0.00021135807037353516
501,train,3,flat,0.3449093463446269,0.05774597115797081,0.20999999344348907,0.20977747440338135,-0.00022251904010772705,-0.0014348921831697226,-0.0014386512339115143,-3.759050741791725e-06,0.3199999928474426,0.3207850456237793,0.0007850527763366699,0.04500000178813934,0.04499582573771477,-4.176050424575806e-06,1.0,1.0000667572021484,6.67572021484375e-05
502,train,3,flat,0.38546720667968504,0.05331665169943293,0.20999999344348907,0.20984378457069397,-0.00015620887279510498,-0.0013587791472673416,-0.001331052277237177,2.772687003016472e-05,0.3199999928474426,0.3204469084739685,0.0004469156265258789,0.04500000178813934,0.04499712586402893,-2.8759241104125977e-06,1.0,1.0000193119049072,1.9311904907226562e-05
503,train,3,flat,0.4268121147652975,0.049597440040643585,0.20999999344348907,0.20989681780338287,-0.00010317564010620117,-0.0012283067917451262,-0.0012403191067278385,-1.2012314982712269e-05,0.3199999928474426,0.3201948404312134,0.00019484758377075195,0.04500000178813934,0.04499813914299011,-1.862645149230957e-06,1.0,0.9999908804893494,-9.119510650634766e-06
504,train,3,flat,0.4703429380831941,0.040251378922907775,0.20999999344348907,0.20999902486801147,-9.685754776000977e-07,-0.0010116620687767863,-0.001010274514555931,1.387554220855236e-06,0.3199999928474426,0.31952130794525146,-0.0004786849021911621,0.04500000178813934,0.04500038921833038,3.8743019104003906e-07,1.0,0.9998539686203003,-0.00014603137969970703
505,test,3,flat,0.5123276521105191,0.04208940884413739,0.20999999344348907,0.20999190211296082,-8.091330528259277e-06,-0.001059967209585011,-0.0010560457594692707,3.921450115740299e-06,0.3199999928474426,0.3197392225265503,-0.000260770320892334,0.04500000178813934,0.04499996826052666,-3.3527612686157227e-08,1.0,0.9999387860298157,-6.121397018432617e-05
506,train,3,flat,0.553771777328738,0.03778181688299995,0.20999999344348907,0.2100372463464737,3.725290298461914e-05,-0.0009282960672862828,-0.0009496510028839111,-2.1354935597628355e-05,0.3199999928474426,0.3194950819015503,-0.000504910945892334,0.04500000178813934,0.04500088840723038,8.866190910339355e-07,1.0,0.9999021291732788,-9.78708267211914e-05
507,train,3,flat,0.600801111801058,0.03971980679698781,0.20999999344348907,0.21003060042858124,3.0606985092163086e-05,-0.0010041550267487764,-0.0009979906026273966,6.164424121379852e-06,0.3199999928474426,0.3197239637374878,-0.000276029109954834,0.04500000178813934,0.045000459998846054,4.5821070671081543e-07,1.0,0.9999921321868896,-7.867813110351562e-06
508,train,3,flat,0.6468719693468801,0.0432445787901712,0.20999999344348907,0.21000680327415466,6.809830665588379e-06,-0.001067231292836368,-0.0010853672865778208,-1.8135993741452694e-05,0.3199999928474426,0.32008451223373413,8.45193862915039e-05,0.04500000178813934,0.0449996255338192,-3.762543201446533e-07,1.0,1.0001182556152344,0.000118255615234375
509,train,3,flat,0.6947706316643035,0.03295676939552984,0.20999999344348907,0.21009919047355652,9.919703006744385e-05,-0.0008259141468442976,-0.0008305851370096207,-4.670990165323019e-06,0.3199999928474426,0.3194207549095154,-0.0005792379379272461,0.04500000178813934,0.04500175639986992,1.7546117305755615e-06,1.0,0.9999601244926453,-3.987550735473633e-05
510,train,3,flat,0.739722431530448,0.03174260763994605,0.20999999344348907,0.21011470258235931,0.00011470913887023926,-0.0008103760192170739,-0.0008005874697118998,9.78854950517416e-06,0.3199999928474426,0.31942281126976013,-0.0005771815776824951,0.04500000178813934,0.04500194638967514,1.944601535797119e-06,1.0,0.9999818801879883,-1.811981201171875e-05
511,test,3,flat,0.7856575017304408,0.02438093637779609,0.20999999344348907,0.2101605236530304,0.0001605302095413208,-0.0006057677092030644,-0.0006168701220303774,-1.1102412827312946e-05,0.3199999928474426,0.3190730810165405,-0.0009269118309020996,0.04500000178813934,0.04500304535031319,3.043562173843384e-06,1.0,0.9998945593833923,-0.00010544061660766602
512,test,3,flat,0.8290298505586089,0.018439245728236332,0.20999999344348907,0.21018627285957336,0.00018627941608428955,-0.0004801460599992424,-0.00046798912808299065,1.2156931916251779e-05,0.3199999928474426,0.3188609480857849,-0.0011390447616577148,0.04500000178813934,0.04500369355082512,3.691762685775757e-06,1.0,0.9998380541801453,-0.00016194581985473633
513,train,3,flat,0.8777479271467674,0.02380434107391127,0.20999999344348907,0.21017685532569885,0.00017686188220977783,-0.0005978935514576733,-0.0006029186770319939,-5.025125574320555e-06,0.3199999928474426,0.3192024827003479,-0.0007975101470947266,0.04500000178813934,0.04500306397676468,3.0621886253356934e-06,1.0,0.999963641166687,-3.635883331298828e-05
514,train,3,flat,0.9282664515895414,0.020036326395043387,0.20999999344348907,0.21019676327705383,0.0001967698335647583,-0.0004919407656416297,-0.0005086630117148161,-1.6722246073186398e-05,0.3199999928474426,0.31910163164138794,-0.0008983612060546875,0.04500000178813934,0.04500347375869751,3.471970558166504e-06,1.0,0.999940812587738,-5.918741226196289e-05
515,train,3,flat,0.9790176570397883,0.018727858815410392,0.20999999344348907,0.21020673215389252,0.00020673871040344238,-0.0004977569333277643,-0.00047604506835341454,2.1711864974349737e-05,0.3199999928474426,0.31912797689437866,-0.0008720159530639648,0.04500000178813934,0.04500357061624527,3.5688281059265137e-06,1.0,0.999957799911499,-4.220008850097656e-05
516,train,3,flat,1.0283030130147346,0.0118746925423839,0.20999999344348907,0.21022270619869232,0.00022271275520324707,-0.00028639179072342813,-0.000303835142403841,-1.744335168041289e-05,0.3199999928474426,0.3189387917518616,-0.0010612010955810547,0.04500000178813934,0.04500408098101616,4.079192876815796e-06,1.0,0.9998860359191895,-0.00011396408081054688
517,test,3,flat,1.0769026936558697,0.006114387031473991,0.20999999344348907,0.21022528409957886,0.00022529065608978271,-0.00016923117800615728,-0.0001587576698511839,1.0473508154973388e-05,0.3199999928474426,0.31884920597076416,-0.0011507868766784668,0.04500000178813934,0.045004282146692276,4.280358552932739e-06,1.0,0.9998372197151184,-0.0001627802848815918
518,train,3,flat,1.1256457532444148,0.012502877471983923,0.20999999344348907,0.21023240685462952,0.0002324134111404419,-0.00032642579753883183,-0.00032011489383876324,6.310903700068593e-06,0.3199999928474426,0.3191227316856384,-0.0008772611618041992,0.04500000178813934,0.04500395059585571,3.948807716369629e-06,1.0,0.9999579191207886,-4.208087921142578e-05
519,test,3,flat,1.1738035721012015,0.008033049457845862,0.20999999344348907,0.2102368324995041,0.00023683905601501465,-0.00018965774506796151,-0.00020766304805874825,-1.800530299078673e-05,0.3199999928474426,0.31905829906463623,-0.0009416937828063965,0.04500000178813934,0.04500413313508034,4.131346940994263e-06,1.0,0.9999184608459473,-8.153915405273438e-05
520,train,3,flat,1.2215871782415555,0.007387948170846305,0.20999999344348907,0.21024006605148315,0.0002400726079940796,-0.00019979225180577487,-0.00019159703515470028,8.195216651074588e-06,0.3199999928474426,0.3191186785697937,-0.0008813142776489258,0.04500000178813934,0.04500410333275795,4.101544618606567e-06,1.0,0.9999353289604187,-6.467103958129883e-05
521,test,3,flat,1.268528040927028,0.005705440024638018,0.20999999344348907,0.2102414220571518,0.00024142861366271973,-0.00013396955910138786,-0.00014934316277503967,-1.5373603673651814e-05,0.3199999928474426,0.3191510736942291,-0.000848919153213501,0.04500000178813934,0.04500409588217735,4.0940940380096436e-06,1.0,0.9999349117279053,-6.508827209472656e-05
522,train,3,flat,1.315511580003518,-0.006342695821849832,0.20999999344348907,0.21020522713661194,0.00020523369312286377,0.00016041188791859895,0.00015489384531974792,-5.518042598851025e-06,0.3199999928474426,0.3190484046936035,-0.0009515881538391113,0.04500000178813934,0.045003898441791534,3.896653652191162e-06,1.0,0.9998013973236084,-0.00019860267639160156
523,train,3,flat,1.359860550707995,-0.010854469286198636,0.20999999344348907,0.21018105745315552,0.00018106400966644287,0.00024774327175691724,0.0002687897067517042,2.1046434994786978e-05,0.3199999928474426,0.31911611557006836,-0.0008838772773742676,0.04500000178813934,0.045003555715084076,3.553926944732666e-06,1.0,0.9997703433036804,-0.00022965669631958008
524,train,3,flat,1.4046341918404879,-0.02364581963363215,0.20999999344348907,0.2100696712732315,6.967782974243164e-05,0.0005817874916829169,0.0005919924005866051,1.0204908903688192e-05,0.3199999928474426,0.3193786144256592,-0.0006213784217834473,0.04500000178813934,0.045001957565546036,1.955777406692505e-06,1.0,0.9996874928474426,-0.00031250715255737305
525,train,3,flat,1.4426412313538837,-0.04089882744887743,0.20999999344348907,0.2098282128572464,-0.00017178058624267578,0.0009812421631067991,0.001026482437737286,4.5240274630486965e-05,0.3199999928474426,0.3201692998409271,0.00016930699348449707,0.04500000178813934,0.04499814286828041,-1.8589198589324951e-06,1.0,0.9996566772460938,-0.00034332275390625
526,train,3,flat,1.4837917864162864,-0.04433017031740147,0.20999999344348907,0.20977114140987396,-0.0002288520336151123,0.0011090837651863694,0.0011121912393718958,3.107474185526371e-06,0.3199999928474426,0.32043755054473877,0.0004375576972961426,0.04500000178813934,0.04499715939164162,-2.8423964977264404e-06,1.0,0.999658465385437,-0.0003415346145629883
527,train,3,flat,1.525467183631396,-0.05327588474452587,0.20999999344348907,0.2095971554517746,-0.00040283799171447754,0.00134600093588233,0.001335370121523738,-1.0630814358592033e-05,0.3199999928474426,0.32114505767822266,0.0011450648307800293,0.04500000178813934,0.044994283467531204,-5.718320608139038e-06,1.0,0.9996834993362427,-0.0003165006637573242
528,train,3,flat,1.5689241347800669,-0.045820824202680396,0.20999999344348907,0.20975062251091003,-0.00024937093257904053,0.0011321919737383723,0.0011487342417240143,1.6542267985641956e-05,0.3199999928474426,0.3206535577774048,0.0006535649299621582,0.04500000178813934,0.04499669745564461,-3.3043324947357178e-06,1.0,0.9996492266654968,-0.00035077333450317383
529,train,3,flat,1.6133034938390862,-0.0452650080860252,0.20999999344348907,0.20976385474205017,-0.0002361387014389038,0.001147919218055904,0.0011344088707119226,-1.3510347343981266e-05,0.3199999928474426,0.3206785023212433,0.0006785094738006592,0.04500000178813934,0.044996846467256546,-3.155320882797241e-06,1.0,0.9996411800384521,-0.00035881996154785156
530,train,3,flat,1.6593916378410094,-0.04835672800884609,0.20999999344348907,0.20970788598060608,-0.0002921074628829956,0.0011892716865986586,0.0012113024713471532,2.2030784748494625e-05,0.3199999928474426,0.32095465064048767,0.0009546577930450439,0.04500000178813934,0.044995877891778946,-4.123896360397339e-06,1.0,0.9996365904808044,-0.00036340951919555664
531,train,3,flat,1.7073885734595604,-0.045041962779345746,0.20999999344348907,0.20977216958999634,-0.00022782385349273682,0.0011142278090119362,0.0011279700556769967,1.374224666506052e-05,0.3199999928474426,0.32079631090164185,0.0007963180541992188,0.04500000178813934,0.04499684274196625,-3.159046173095703e-06,1.0,0.9996242523193359,-0.0003757476806640625
532,train,3,flat,1.760319359094956,-0.04985374127923231,0.20999999344348907,0.20968247950077057,-0.00031751394271850586,0.0012563270283862948,0.0012477178825065494,-8.609145879745483e-06,0.3199999928474426,0.32120415568351746,0.001204162836074829,0.04500000178813934,0.04499533399939537,-4.667788743972778e-06,1.0,0.9996148943901062,-0.00038510560989379883
533,train,3,flat,1.8135603745582398,-0.04921423232317591,0.20999999344348907,0.2096959352493286,-0.0003040581941604614,0.001222101622261107,0.001231257920153439,9.156297892332077e-06,0.3199999928474426,0.3212326169013977,0.0012326240539550781,0.04500000178813934,0.04499547928571701,-4.522502422332764e-06,1.0,0.9996007084846497,-0.0003992915153503418
534,train,3,flat,1.8633639794968044,-0.04501392316831057,0.20999999344348907,0.209773987531662,-0.0002260059118270874,0.0011462707770988345,0.0011258830782026052,-2.0387698896229267e-05,0.3199999928474426,0.321017324924469,0.0010173320770263672,0.04500000178813934,0.04499666765332222,-3.334134817123413e-06,1.0,0.9995920658111572,-0.00040793418884277344
535,train,3,flat,1.9104359941189313,-0.05075637413190271,0.20999999344348907,0.20966537296772003,-0.00033462047576904297,0.0012656720355153084,0.0012687906855717301,3.1186500564217567e-06,0.3199999928474426,0.3214833736419678,0.0014833807945251465,0.04500000178813934,0.04499487206339836,-5.129724740982056e-06,1.0,0.9995734691619873,-0.0004265308380126953
536,train,3,flat,1.9575977992339648,-0.04715950794534037,0.20999999344348907,0.20973269641399384,-0.00026729702949523926,0.0011666285572573543,0.0011786535615101457,1.2025004252791405e-05,0.3199999928474426,0.32129502296447754,0.0012950301170349121,0.04500000178813934,0.04499589651823044,-4.105269908905029e-06,1.0,0.9995644092559814,-0.0004355907440185547
537,train,3,upslope,2.002350170779604,-0.054441431321245785,0.20999999344348907,0.2103070169687271,0.0003070235252380371,0.0013607247965410352,0.0013371944660320878,-2.3530330508947372e-05,0.3199999928474426,0.319014310836792,-0.0009856820106506348,0.04500000178813934,0.04501011595129967,1.0114163160324097e-05,1.0,0.9996972680091858,-0.000302731990814209
538,train,3,upslope,2.047418188403936,-0.06184651409794667,0.20999999344348907,0.21035358309745789,0.00035358965396881104,0.0015218828339129686,0.0015209090197458863,-9.738141670823097e-07,0.3199999928474426,0.31903231143951416,-0.0009676814079284668,0.04500000178813934,0.04500766471028328,7.662922143936157e-06,1.0,0.9995143413543701,-0.0004856586456298828
539,train,3,upslope,2.0942623340168365,-0.0698616059432812,0.20999999344348907,0.21039614081382751,0.00039614737033843994,0.0017380767967551947,0.0017213188111782074,-1.6757985576987267e-05,0.3199999928474426,0.31904342770576477,-0.0009565651416778564,0.04500000178813934,0.04500538855791092,5.386769771575928e-06,1.0,0.9993681907653809,-0.0006318092346191406
540,train,3,upslope,2.1440224148489935,-0.08944316371489022,0.20999999344348907,0.21048420667648315,0.0004842132329940796,0.0022141323424875736,0.0022170268930494785,2.8945505619049072e-06,0.3199999928474426,0.3189685642719269,-0.001031428575515747,0.04500000178813934,0.04500292241573334,2.9206275939941406e-06,1.0,0.9992376565933228,-0.0007623434066772461
541,test,3,upslope,2.1989591288303143,-0.09862181259965232,0.20999999344348907,0.21049992740154266,0.0004999339580535889,0.0024436877574771643,0.002451252192258835,7.56443478167057e-06,0.3199999928474426,0.3189828395843506,-0.001017153263092041,0.04500000178813934,0.045001737773418427,1.735985279083252e-06,1.0,0.999285101890564,-0.0007148981094360352
542,train,3,upslope,2.2497964463203273,-0.11064613422649576,0.20999999344348907,0.21051175892353058,0.0005117654800415039,0.002758180955424905,0.0027596165891736746,1.4356337487697601e-06,0.3199999928474426,0.31897884607315063,-0.0010211467742919922,0.04500000178813934,0.045001450926065445,1.4491379261016846e-06,1.0,0.9994456171989441,-0.0005543828010559082
543,train,3,upslope,2.2978686709484375,-0.11874153355415257,0.20999999344348907,0.2105071246623993,0.0005071312189102173,0.0029505896382033825,0.0029677448328584433,1.7155194655060768e-05,0.3199999928474426,0.31899571418762207,-0.0010042786598205566,0.04500000178813934,0.045001376420259476,1.3746321201324463e-06,1.0,0.999605119228363,-0.0003948807716369629
544,train,3,upslope,2.3435925249649445,-0.11998550265540595,0.20999999344348907,0.21049603819847107,0.0004960447549819946,0.0029804983641952276,0.00299965962767601,1.916126348078251e-05,0.3199999928474426,0.3190355896949768,-0.0009644031524658203,0.04500000178813934,0.04500045254826546,4.507601261138916e-07,1.0,0.9996150732040405,-0.00038492679595947266
545,train,3,upslope,2.3855378721652967,-0.1267087299653759,0.20999999344348907,0.21048599481582642,0.0004860013723373413,0.0031667121220380068,0.003172745695337653,6.0335732996463776e-06,0.3199999928474426,0.3190514147281647,-0.0009485781192779541,0.04500000178813934,0.04500068724155426,6.854534149169922e-07,1.0,0.9997773766517639,-0.00022262334823608398
546,test,3,upslope,2.422163670981829,-0.12936638582500234,0.20999999344348907,0.21047581732273102,0.00047582387924194336,0.0032160549890249968,0.003241158090531826,2.5103101506829262e-05,0.3199999928474426,0.31907543540000916,-0.0009245574474334717,0.04500000178813934,0.04500037431716919,3.725290298461914e-07,1.0,0.9998359680175781,-0.000164031982421875
547,train,3,upslope,2.458405243109276,-0.13233250398315974,0.20999999344348907,0.21046486496925354,0.00046487152576446533,0.0033185454085469246,0.0033175256103277206,-1.019798219203949e-06,0.3199999928474426,0.319097638130188,-0.0009023547172546387,0.04500000178813934,0.04500019550323486,1.9371509552001953e-07,1.0,0.9999066591262817,-9.334087371826172e-05
548,train,3,upslope,2.493006986890112,-0.1377884931823267,0.20999999344348907,0.21045055985450745,0.0004505664110183716,0.003425182309001684,0.0034579657949507236,3.278348594903946e-05,0.3199999928474426,0.3191138505935669,-0.0008861422538757324,0.04500000178813934,0.045000750571489334,7.487833499908447e-07,1.0,1.0000675916671753,6.759166717529297e-05
549,test,3,upslope,2.5382857717615206,-0.1285451257479987,0.20999999344348907,0.21044574677944183,0.0004457533359527588,0.0032147783786058426,0.0032199271954596043,5.148816853761673e-06,0.3199999928474426,0.31917351484298706,-0.0008264780044555664,0.04500000178813934,0.04499756172299385,-2.4400651454925537e-06,1.0,0.9997384548187256,-0.00026154518127441406
550,train,3,upslope,2.5863880988615278,-0.12058748059421905,0.20999999344348907,0.2104286253452301,0.00042863190174102783,0.0030417439993470907,0.0030147642828524113,-2.697971649467945e-05,0.3199999928474426,0.3192523717880249,-0.0007476210594177246,0.04500000178813934,0.04499511420726776,-4.887580871582031e-06,1.0,0.9995045065879822,-0.0004954934120178223
551,test,3,upslope,2.6320188781099896,-0.10876267188216635,0.20999999344348907,0.2103937566280365,0.0003937631845474243,0.0027221348136663437,0.0027100590523332357,-1.2075761333107948e-05,0.3199999928474426,0.31938064098358154,-0.000619351863861084,0.04500000178813934,0.04499287158250809,-7.1302056312561035e-06,1.0,0.9992705583572388,-0.0007294416427612305
552,train,3,upslope,2.6787609191253803,-0.09677547069274302,0.20999999344348907,0.21033814549446106,0.00033815205097198486,0.0024474875535815954,0.002402012934908271,-4.5474618673324585e-05,0.3199999928474426,0.31954941153526306,-0.00045058131217956543,0.04500000178813934,0.04499165713787079,-8.344650268554688e-06,1.0,0.9991596937179565,-0.000840306282043457
553,train,3,upslope,2.7279454433954466,-0.0939265111954467,0.20999999344348907,0.21030741930007935,0.000307425856590271,0.0023437943309545517,0.0023289211094379425,-1.4873221516609192e-05,0.3199999928474426,0.31963562965393066,-0.0003643631935119629,0.04500000178813934,0.04499092698097229,-9.074807167053223e-06,1.0,0.9991425275802612,-0.0008574724197387695
554,train,3,upslope,2.768152346296202,-0.09356766622407567,0.20999999344348907,0.21029014885425568,0.00029015541076660156,0.0023238530848175287,0.0023196563124656677,-4.196772351861e-06,0.3199999928474426,0.31968221068382263,-0.0003177821636199951,0.04500000178813934,0.044990334659814835,-9.667128324508667e-06,1.0,0.999131441116333,-0.0008685588836669922
555,train,3,upslope,2.8118054520360665,-0.10240728368080407,0.20999999344348907,0.21030959486961365,0.00030960142612457275,0.002559464192017913,0.0025463439524173737,-1.3120239600539207e-05,0.3199999928474426,0.31961435079574585,-0.00038564205169677734,0.04500000178813934,0.04498957842588425,-1.0423362255096436e-05,1.0,0.9991377592086792,-0.0008622407913208008
556,train,3,upslope,2.8555918786011376,-0.11145899372925092,0.20999999344348907,0.2103215456008911,0.0003215521574020386,0.002760757226496935,0.0027792719192802906,1.8514692783355713e-05,0.3199999928474426,0.31955254077911377,-0.0004474520683288574,0.04500000178813934,0.04498932138085365,-1.0680407285690308e-05,1.0,0.9992018342018127,-0.0007981657981872559
557,train,3,upslope,2.8970058911922654,-0.11451132831766839,0.20999999344348907,0.2103138566017151,0.0003138631582260132,0.0028560380451381207,0.002857950981706381,1.912936568260193e-06,0.3199999928474426,0.31955498456954956,-0.0004450082778930664,0.04500000178813934,0.0449889600276947,-1.1041760444641113e-05,1.0,0.99922114610672,-0.0007788538932800293
558,test,3,upslope,2.9400335051120523,-0.13380709432417887,0.20999999344348907,0.21032460033893585,0.00032460689544677734,0.003322392934933305,0.0033558595459908247,3.346661105751991e-05,0.3199999928474426,0.31943318247795105,-0.0005668103694915771,0.04500000178813934,0.044991228729486465,-8.773058652877808e-06,1.0,0.99959796667099,-0.00040203332901000977
559,train,3,upslope,2.9805009757590577,-0.14359485566945476,0.20999999344348907,0.21030929684638977,0.0003093034029006958,0.0035707338247448206,0.0036081462167203426,3.741239197552204e-05,0.3199999928474426,0.31941163539886475,-0.0005883574485778809,0.04500000178813934,0.04499296844005585,-7.033348083496094e-06,1.0,0.999855101108551,-0.0001448988914489746
560,train,3,upslope,3.0183616078248483,-0.14848300773104023,0.20999999344348907,0.21029280126094818,0.00029280781745910645,0.0037250949535518885,0.003733948804438114,8.8538508862257e-06,0.3199999928474426,0.3194170296192169,-0.000582963228225708,0.04500000178813934,0.04499378800392151,-6.213784217834473e-06,1.0,0.9999815821647644,-1.8417835235595703e-05
561,train,3,upslope,3.0577549228040466,-0.15485335874602918,0.20999999344348907,0.2102712094783783,0.0002712160348892212,0.003845331259071827,0.00389753095805645,5.2199698984622955e-05,0.3199999928474426,0.31942540407180786,-0.0005745887756347656,0.04500000178813934,0.04499521479010582,-4.7869980335235596e-06,1.0,1.000166893005371,0.00016689300537109375
562,train,3,upslope,3.1007198212128797,-0.15443516944460842,0.20999999344348907,0.21025905013084412,0.0002590566873550415,0.003852750640362501,0.0038869702257215977,3.421958535909653e-05,0.3199999928474426,0.31944552063941956,-0.0005544722080230713,0.04500000178813934,0.04499446973204613,-5.532056093215942e-06,1.0,1.0001046657562256,0.00010466575622558594
563,train,3,upslope,3.1410044421195873,-0.16091660308187,0.20999999344348907,0.21023406088352203,0.00023406744003295898,0.004028574097901583,0.004052963573485613,2.438947558403015e-05,0.3199999928474426,0.3194601535797119,-0.0005398392677307129,0.04500000178813934,0.04499616101384163,-3.840774297714233e-06,1.0,1.0002985000610352,0.00029850006103515625
564,train,3,upslope,3.1811307535266224,-0.1611987987268761,0.20999999344348907,0.210221529006958,0.0002215355634689331,0.004013377707451582,0.004060340579599142,4.696287214756012e-05,0.3199999928474426,0.3194766044616699,-0.0005233883857727051,0.04500000178813934,0.044995736330747604,-4.265457391738892e-06,1.0,1.0002611875534058,0.0002611875534057617
565,test,3,upslope,3.2205592223246318,-0.16217600799046913,0.20999999344348907,0.21020746231079102,0.00020746886730194092,0.004065000452101231,0.004085461609065533,2.0461156964302063e-05,0.3199999928474426,0.31949251890182495,-0.0005074739456176758,0.04500000178813934,0.04499560222029686,-4.3995678424835205e-06,1.0,1.000249981880188,0.0002499818801879883
566,test,3,upslope,3.267060131017678,-0.1684169802968842,0.20999999344348907,0.2101776897907257,0.0001776963472366333,0.0041914465837180614,0.004244656767696142,5.321018397808075e-05,0.3199999928474426,0.31951746344566345,-0.0004825294017791748,0.04500000178813934,0.044997438788414,-2.562999725341797e-06,1.0,1.0004284381866455,0.0004284381866455078
567,train,3,upslope,3.3166975709996436,-0.16823673051547927,0.20999999344348907,0.210163414478302,0.00016342103481292725,0.004194985143840313,0.0042403144761919975,4.532933235168457e-05,0.3199999928474426,0.3195344805717468,-0.0004655122756958008,0.04500000178813934,0.04499681293964386,-3.1888484954833984e-06,1.0,1.0003560781478882,0.0003560781478881836
568,train,3,upslope,3.364693217454324,-0.1766391740136998,0.20999999344348907,0.21012304723262787,0.00012305378913879395,0.004414575640112162,0.004453507252037525,3.893161192536354e-05,0.3199999928474426,0.31957563757896423,-0.00042435526847839355,0.04500000178813934,0.04499981552362442,-1.862645149230957e-07,1.0,1.0006141662597656,0.000614166259765625
569,train,3,upslope,3.4131531645507693,-0.18296542499514254,0.20999999344348907,0.21008481085300446,8.481740951538086e-05,0.004554520361125469,0.004613095428794622,5.8575067669153214e-05,0.3199999928474426,0.31962257623672485,-0.00037741661071777344,0.04500000178813934,0.045002203434705734,2.201646566390991e-06,1.0,1.0007908344268799,0.0007908344268798828
570,test,3,upslope,3.4609319143830017,-0.18533877548600416,0.20999999344348907,0.21006149053573608,6.149709224700928e-05,0.004645275883376598,0.004672900773584843,2.7624890208244324e-05,0.3199999928474426,0.3196510672569275,-0.0003489255905151367,0.04500000178813934,0.045002881437540054,2.8796494007110596e-06,1.0,1.0008090734481812,0.0008090734481811523
571,train,3,upslope,3.5056974829119767,-0.18959157813036198,0.20999999344348907,0.21002978086471558,2.9787421226501465e-05,0.004737740848213434,0.004779471550136805,4.173070192337036e-05,0.3199999928474426,0.3196941018104553,-0.0003058910369873047,0.04500000178813934,0.045004572719335556,4.5709311962127686e-06,1.0,1.000901699066162,0.0009016990661621094
572,train,3,upslope,3.542501672001903,-0.19064537006804452,0.20999999344348907,0.21001474559307098,1.475214958190918e-05,0.004742220509797335,0.004805966280400753,6.374577060341835e-05,0.3199999928474426,0.31971192359924316,-0.0002880692481994629,0.04500000178813934,0.04500479996204376,4.798173904418945e-06,1.0,1.0008807182312012,0.0008807182312011719
573,train,3,upslope,3.5779394146431853,-0.19906064423980652,0.20999999344348907,0.20996055006980896,-3.9443373680114746e-05,0.0049772742204368114,0.005014791153371334,3.751693293452263e-05,0.3199999928474426,0.31980156898498535,-0.0001984238624572754,0.04500000178813934,0.04500892013311386,8.918344974517822e-06,1.0,1.0011378526687622,0.001137852668762207
574,test,3,upslope,3.6152266530802977,-0.21068983849282413,0.20999999344348907,0.20987476408481598,-0.0001252293586730957,0.0052344053983688354,0.005299573298543692,6.516790017485619e-05,0.3199999928474426,0.31996041536331177,-3.9577484130859375e-05,0.04500000178813934,0.04501521587371826,1.5214085578918457e-05,1.0,1.0014927387237549,0.0014927387237548828
575,train,3,upslope,3.6566664551464405,-0.2143837429545497,0.20999999344348907,0.20983768999576569,-0.00016230344772338867,0.005352365784347057,0.00538927037268877,3.690458834171295e-05,0.3199999928474426,0.3200262188911438,2.6226043701171875e-05,0.04500000178813934,0.04501713067293167,1.712888479232788e-05,1.0,1.0015369653701782,0.0015369653701782227
576,train,3,upslope,3.6970897624047616,-0.22412337990221948,0.20999999344348907,0.20974689722061157,-0.00025309622287750244,0.005595315247774124,0.005622752942144871,2.7437694370746613e-05,0.3199999928474426,0.32020771503448486,0.00020772218704223633,0.04500000178813934,0.04502290114760399,2.2899359464645386e-05,1.0,1.001766562461853,0.0017665624618530273
577,train,3,upslope,3.7336444980181573,-0.23316987608406986,0.20999999344348907,0.20965157449245453,-0.0003484189510345459,0.00580039294436574,0.005836133845150471,3.574090078473091e-05,0.3199999928474426,0.32040536403656006,0.00040537118911743164,0.04500000178813934,0.04502856731414795,2.8565526008605957e-05,1.0,1.0019428730010986,0.0019428730010986328
578,train,3,upslope,3.774757637085888,-0.24346008736897662,0.20999999344348907,0.20952947437763214,-0.0004705190658569336,0.006083244923502207,0.006074436008930206,-8.808914572000504e-06,0.3199999928474426,0.3206648826599121,0.0006648898124694824,0.04500000178813934,0.04503532126545906,3.531947731971741e-05,1.0,1.002089262008667,0.002089262008666992
579,train,3,upslope,3.8182059448025885,-0.25721142213084813,0.20999999344348907,0.2093435823917389,-0.0006564110517501831,0.006398660130798817,0.006384860724210739,-1.3799406588077545e-05,0.3199999928474426,0.32106825709342957,0.0010682642459869385,0.04500000178813934,0.04504483938217163,4.48375940322876e-05,1.0,1.002209186553955,0.002209186553955078
580,test,3,upslope,3.8701206117392575,-0.2717063718305655,0.20999999344348907,0.20911556482315063,-0.0008844286203384399,0.006765429396182299,0.0067015825770795345,-6.384681910276413e-05,0.3199999928474426,0.32156699895858765,0.0015670061111450195,0.04500000178813934,0.04505528509616852,5.5283308029174805e-05,1.0,1.00216805934906,0.0021680593490600586
581,train,3,upslope,3.9176109402745127,-0.2866693022713704,0.20999999344348907,0.20884567499160767,-0.0011543184518814087,0.007170747499912977,0.007016324438154697,-0.0001544230617582798,0.3199999928474426,0.3221578896045685,0.0021578967571258545,0.04500000178813934,0.04506644979119301,6.644800305366516e-05,1.0,1.0019630193710327,0.001963019371032715
582,train,3,upslope,3.9674364467174636,-0.2923702237496095,0.20999999344348907,0.20873290300369263,-0.0012670904397964478,0.0072939288802444935,0.0071333120577037334,-0.00016061682254076004,0.3199999928474426,0.3224083483219147,0.002408355474472046,0.04500000178813934,0.04507074132561684,7.073953747749329e-05,1.0,1.0017234086990356,0.0017234086990356445
583,train,3,rough,4.016600966462301,-0.2916453880440489,0.20499999821186066,0.2049299031496048,-7.009506225585938e-05,0.007301784586161375,0.007287300191819668,-1.448439434170723e-05,0.3199999928474426,0.319940447807312,-5.9545040130615234e-05,0.054999999701976776,0.05500967055559158,9.670853614807129e-06,1.0,0.9982653260231018,-0.0017346739768981934
584,train,3,rough,4.065980428607902,-0.29316940010946796,0.20499999821186066,0.20492468774318695,-7.531046867370605e-05,0.007327075116336346,0.007327940780669451,8.656643331050873e-07,0.3199999928474426,0.31985223293304443,-0.00014775991439819336,0.054999999701976776,0.05501139909029007,1.1399388313293457e-05,1.0,0.9982103705406189,-0.0017896294593811035
585,train,3,rough,4.111711795688837,-0.29316375640379433,0.20499999821186066,0.2049178034067154,-8.219480514526367e-05,0.00730883190408349,0.007329006679356098,2.0174775272607803e-05,0.3199999928474426,0.31975311040878296,-0.00024688243865966797,0.054999999701976776,0.05501352995634079,1.3530254364013672e-05,1.0,0.99811851978302,-0.0018814802169799805
586,train,3,rough,4.160180125416207,-0.3045524367789589,0.20499999821186066,0.20493203401565552,-6.796419620513916e-05,0.007609779015183449,0.0076230354607105255,1.3256445527076721e-05,0.3199999928474426,0.31982421875,-0.00017577409744262695,0.054999999701976776,0.05501063913106918,1.0639429092407227e-05,1.0,0.9984148740768433,-0.0015851259231567383
587,train,3,rough,4.2077393104153185,-0.3172695030940988,0.20499999821186066,0.204957515001297,-4.248321056365967e-05,0.007901976816356182,0.0079483762383461,4.6399421989917755e-05,0.3199999928474426,0.3199596405029297,-4.035234451293945e-05,0.054999999701976776,0.055006109178066254,6.109476089477539e-06,1.0,0.9988390207290649,-0.0011609792709350586
588,train,3,rough,4.25635600947367,-0.32396026650577936,0.20499999821186066,0.2049708068370819,-2.919137477874756e-05,0.008079045452177525,0.008118739351630211,3.969389945268631e-05,0.3199999928474426,0.3200087547302246,8.761882781982422e-06,0.054999999701976776,0.0550042986869812,4.298985004425049e-06,1.0,0.9990513920783997,-0.0009486079216003418
589,train,3,rough,4.303142130849876,-0.3398107190617335,0.20499999821186066,0.2050197422504425,1.9744038581848145e-05,0.008487291634082794,0.008515285328030586,2.7993693947792053e-05,0.3199999928474426,0.3202682435512543,0.0002682507038116455,0.054999999701976776,0.0549958273768425,-4.172325134277344e-06,1.0,0.9997522234916687,-0.00024777650833129883
590,train,3,rough,4.347180798275069,-0.34644828923538856,0.20499999821186066,0.20503932237625122,3.9324164390563965e-05,0.008635198697447777,0.008679652586579323,4.445388913154602e-05,0.3199999928474426,0.3203584551811218,0.0003584623336791992,0.054999999701976776,0.054992735385894775,-7.264316082000732e-06,1.0,1.0000332593917847,3.325939178466797e-05
591,test,3,rough,4.389527226601378,-0.3526132476568991,0.20499999821186066,0.20505832135677338,5.8323144912719727e-05,0.008823241107165813,0.008830921724438667,7.680617272853851e-06,0.3199999928474426,0.3204500377178192,0.0004500448703765869,0.054999999701976776,0.054989591240882874,-1.0408461093902588e-05,1.0,1.000306248664856,0.00030624866485595703
592,train,3,rough,4.433312814958849,-0.36211594716509454,0.20499999821186066,0.2050916999578476,9.170174598693848e-05,0.009027648717164993,0.009060464799404144,3.2816082239151e-05,0.3199999928474426,0.32062268257141113,0.0006226897239685059,0.054999999701976776,0.05498329550027847,-1.6704201698303223e-05,1.0,1.0007840394973755,0.0007840394973754883
593,train,3,rough,4.481173448851074,-0.35926382345312613,0.20499999821186066,0.20507368445396423,7.368624210357666e-05,0.008974919095635414,0.008993826806545258,1.8907710909843445e-05,0.3199999928474426,0.3205219507217407,0.0005219578742980957,0.054999999701976776,0.05498753488063812,-1.2464821338653564e-05,1.0,1.0005463361740112,0.0005463361740112305
594,train,3,rough,4.534144398588215,-0.3635741077657892,0.20499999821186066,0.20508494973182678,8.495151996612549e-05,0.009081410244107246,0.009098208509385586,1.6798265278339386e-05,0.3199999928474426,0.3205852508544922,0.0005852580070495605,0.054999999701976776,0.05498567968606949,-1.4320015907287598e-05,1.0,1.00072181224823,0.0007218122482299805
595,train,3,rough,4.5825496821981595,-0.3730210624256987,0.20499999821186066,0.20511838793754578,0.00011838972568511963,0.00929513294249773,0.00932210125029087,2.696830779314041e-05,0.3199999928474426,0.32078421115875244,0.0007842183113098145,0.054999999701976776,0.0549786239862442,-2.1375715732574463e-05,1.0,1.0012198686599731,0.0012198686599731445
596,train,3,rough,4.632774124153838,-0.38471334673407453,0.20499999821186066,0.20515966415405273,0.00015966594219207764,0.009611797519028187,0.009593034163117409,-1.8763355910778046e-05,0.3199999928474426,0.32104066014289856,0.0010406672954559326,0.054999999701976776,0.05496847629547119,-3.152340650558472e-05,1.0,1.0018725395202637,0.0018725395202636719
597,test,3,rough,4.679399853521792,-0.3961285569132705,0.20499999821186066,0.20519690215587616,0.00019690394401550293,0.009884592145681381,0.009850682690739632,-3.390945494174957e-05,0.3199999928474426,0.3212897777557373,0.0012897849082946777,0.054999999701976776,0.054957304149866104,-4.2695552110672e-05,1.0,1.0025298595428467,0.0025298595428466797
598,test,3,rough,4.731131744336741,-0.39738316552967934,0.20499999821186066,0.20519571006298065,0.00019571185111999512,0.009926877915859222,0.00987995881587267,-4.691909998655319e-05,0.3199999928474426,0.32132312655448914,0.0013231337070465088,0.054999999701976776,0.05495742708444595,-4.2572617530822754e-05,1.0,1.0025438070297241,0.002543807029724121
599,train,3,rough,4.777192897630258,-0.40739370996925256,0.20499999821186066,0.20522306859493256,0.00022307038307189941,0.010189345106482506,0.010099461302161217,-8.988380432128906e-05,0.3199999928474426,0.32154884934425354,0.001548856496810913,0.054999999701976776,0.05494659021496773,-5.340948700904846e-05,1.0,1.00312340259552,0.0031234025955200195
600,train,3,rough,4.824594940392314,-0.40419840754976655,0.20499999821186066,0.20520861446857452,0.0002086162567138672,0.01010562852025032,0.010031785815954208,-7.384270429611206e-05,0.3199999928474426,0.32149606943130493,0.0014960765838623047,0.054999999701976776,0.05495192110538483,-4.807859659194946e-05,1.0,1.0028640031814575,0.0028640031814575195
601,train,3,rough,4.873280816591283,-0.39283314744478065,0.20499999821186066,0.205164834856987,0.00016483664512634277,0.009848702698946,0.009782715700566769,-6.59869983792305e-05,0.3199999928474426,0.3212215304374695,0.0012215375900268555,0.054999999701976776,0.05496668815612793,-3.3311545848846436e-05,1.0,1.002092719078064,0.002092719078063965
602,train,3,rough,4.92805308774284,-0.38744123259564794,0.20499999821186066,0.2051389366388321,0.00013893842697143555,0.009691955521702766,0.00966268964111805,-2.9265880584716797e-05,0.3199999928474426,0.32106542587280273,0.0010654330253601074,0.054999999701976776,0.054974090307950974,-2.5909394025802612e-05,1.0,1.0016993284225464,0.0016993284225463867
603,test,3,rough,4.975438730817787,-0.3818964180583129,0.20499999821186066,0.20511218905448914,0.000112190842628479,0.009536298923194408,0.00953729823231697,9.993091225624084e-07,0.3199999928474426,0.320884108543396,0.0008841156959533691,0.054999999701976776,0.054981157183647156,-1.884251832962036e-05,1.0,1.0013105869293213,0.001310586929321289
604,test,3,rough,5.025060422392714,-0.38410929894455925,0.20499999821186066,0.2051163911819458,0.00011639297008514404,0.009615958668291569,0.009588940069079399,-2.7018599212169647e-05,0.3199999928474426,0.3209434151649475,0.0009434223175048828,0.054999999701976776,0.05498000606894493,-1.9993633031845093e-05,1.0,1.001401424407959,0.0014014244079589844
605,train,3,rough,5.080968881768476,-0.3856874216145938,0.20499999821186066,0.20511752367019653,0.00011752545833587646,0.009630910120904446,0.009625965729355812,-4.9443915486335754e-06,0.3199999928474426,0.3209845721721649,0.00098457932472229,0.054999999701976776,0.05497957020998001,-2.0429491996765137e-05,1.0,1.001450538635254,0.0014505386352539062
606,train,3,rough,5.1374457232634345,-0.38560275724277754,0.20499999821186066,0.20511208474636078,0.00011208653450012207,0.00963731948286295,0.009625013917684555,-1.2305565178394318e-05,0.3199999928474426,0.3209705948829651,0.0009706020355224609,0.054999999701976776,0.054980840533971786,-1.9159168004989624e-05,1.0,1.001400113105774,0.0014001131057739258
607,train,3,rough,5.184255894814361,-0.38445975463962456,0.20499999821186066,0.20510336756706238,0.00010336935520172119,0.00963178277015686,0.009599688462913036,-3.2094307243824005e-05,0.3199999928474426,0.3209191560745239,0.0009191632270812988,0.054999999701976776,0.054982978850603104,-1.7020851373672485e-05,1.0,1.0012953281402588,0.001295328140258789
608,train,3,rough,5.236030067678739,-0.3830704703406028,0.20499999821186066,0.20509326457977295,9.326636791229248e-05,0.009566523134708405,0.009568647481501102,2.1243467926979065e-06,0.3199999928474426,0.320853590965271,0.0008535981178283691,0.054999999701976776,0.0549854040145874,-1.459568738937378e-05,1.0,1.001174807548523,0.0011748075485229492
609,train,3,rough,5.284577601256242,-0.3813789558123445,0.20499999821186066,0.20508220791816711,8.220970630645752e-05,0.009550551883876324,0.009530426934361458,-2.0124949514865875e-05,0.3199999928474426,0.32077234983444214,0.0007723569869995117,0.054999999701976776,0.05498800426721573,-1.1995434761047363e-05,1.0,1.0010414123535156,0.001041412353515625
610,test,3,rough,5.336315040229649,-0.38247295269684206,0.20499999821186066,0.205082505941391,8.250772953033447e-05,0.00955282524228096,0.009556162171065807,3.3369287848472595e-06,0.3199999928474426,0.32080167531967163,0.0008016824722290039,0.054999999701976776,0.05498769134283066,-1.2308359146118164e-05,1.0,1.0010783672332764,0.0010783672332763672
611,train,3,rough,5.38637598626946,-0.3857729166093104,0.20499999821186066,0.20509210228919983,9.210407733917236e-05,0.009634394198656082,0.009632163681089878,-2.230517566204071e-06,0.3199999928474426,0.32092756032943726,0.0009275674819946289,0.054999999701976776,0.0549849197268486,-1.5079975128173828e-05,1.0,1.0012531280517578,0.0012531280517578125
612,train,3,rough,5.430941793906729,-0.39453515299521746,0.20499999821186066,0.20512312650680542,0.00012312829494476318,0.00986598338931799,0.009830272756516933,-3.571063280105591e-05,0.3199999928474426,0.32128918170928955,0.0012891888618469238,0.054999999701976776,0.054975759238004684,-2.4240463972091675e-05,1.0,1.0017668008804321,0.001766800880432129
613,train,3,rough,5.47144267743166,-0.4005409159609754,0.20499999821186066,0.2051420509815216,0.0001420527696609497,0.009990844875574112,0.009963727556169033,-2.7117319405078888e-05,0.3199999928474426,0.32153958082199097,0.0015395879745483398,0.054999999701976776,0.0549691766500473,-3.082305192947388e-05,1.0,1.0021156072616577,0.002115607261657715
614,train,3,rough,5.510809762381302,-0.3961423870089149,0.20499999821186066,0.2051234394311905,0.00012344121932983398,0.00991873536258936,0.009866764768958092,-5.197059363126755e-05,0.3199999928474426,0.32136139273643494,0.0013613998889923096,0.054999999701976776,0.05497484281659126,-2.5156885385513306e-05,1.0,1.0018304586410522,0.001830458641052246
615,train,3,rough,5.549594693673678,-0.39952791057356485,0.20499999821186066,0.2051331251859665,0.00013312697410583496,0.01000921055674553,0.009942030534148216,-6.718002259731293e-05,0.3199999928474426,0.32151150703430176,0.0015115141868591309,0.054999999701976776,0.05497124418616295,-2.8755515813827515e-05,1.0,1.0020220279693604,0.0020220279693603516
616,test,3,rough,5.590307797355078,-0.383963043801455,0.20499999821186066,0.20506970584392548,6.970763206481934e-05,0.009603189304471016,0.0095922090113163,-1.0980293154716492e-05,0.3199999928474426,0.3207995295524597,0.0007995367050170898,0.054999999701976776,0.05498921126127243,-1.0788440704345703e-05,1.0,1.0010658502578735,0.0010658502578735352
617,train,3,rough,5.635435906796979,-0.37804585375074756,0.20499999821186066,0.20504143834114075,4.144012928009033e-05,0.009469229727983475,0.009455891326069832,-1.3338401913642883e-05,0.3199999928474426,0.320492148399353,0.0004921555519104004,0.054999999701976776,0.054995737969875336,-4.26173210144043e-06,1.0,1.0007004737854004,0.0007004737854003906
618,test,3,rough,5.678996844861371,-0.3734606238473894,0.20499999821186066,0.20501843094825745,1.843273639678955e-05,0.009335349313914776,0.009348994120955467,1.3644807040691376e-05,0.3199999928474426,0.32023417949676514,0.00023418664932250977,0.054999999701976776,0.05500062182545662,6.221234798431396e-07,1.0,1.0004205703735352,0.00042057037353515625
619,train,3,rough,5.724673419229287,-0.3590225590146547,0.20499999821186066,0.20495109260082245,-4.890561103820801e-05,0.008978637866675854,0.009005697444081306,2.7059577405452728e-05,0.3199999928474426,0.31941330432891846,-0.0005866885185241699,0.054999999701976776,0.055014196783304214,1.4197081327438354e-05,1.0,0.9995742440223694,-0.00042575597763061523
620,train,3,rough,5.768568682536107,-0.3591806766380542,0.20499999821186066,0.20494872331619263,-5.1274895668029785e-05,0.008992381393909454,0.00900940876454115,1.7027370631694794e-05,0.3199999928474426,0.3193809688091278,-0.0006190240383148193,0.054999999701976776,0.055014293640851974,1.4293938875198364e-05,1.0,0.9995813965797424,-0.00041860342025756836
621,train,3,rough,5.809498938628654,-0.3536327528236551,0.20499999821186066,0.20492130517959595,-7.869303226470947e-05,0.00882656779140234,0.008874948136508465,4.838034510612488e-05,0.3199999928474426,0.3190169930458069,-0.0009829998016357422,0.054999999701976776,0.05501915514469147,1.9155442714691162e-05,1.0,0.9992671012878418,-0.0007328987121582031
622,train,3,rough,5.85345965349168,-0.35771935861949866,0.20499999821186066,0.2049364447593689,-6.355345249176025e-05,0.008949226699769497,0.008973815478384495,2.4588778614997864e-05,0.3199999928474426,0.3192139267921448,-0.0007860660552978516,0.054999999701976776,0.05501586198806763,1.586228609085083e-05,1.0,0.9995008111000061,-0.0004991888999938965
623,test,3,rough,5.898774864237892,-0.3676165910457429,0.20499999821186066,0.20497804880142212,-2.1949410438537598e-05,0.009162157773971558,0.00921059399843216,4.843622446060181e-05,0.3199999928474426,0.3197680115699768,-0.0002319812774658203,0.054999999701976776,0.05500711128115654,7.111579179763794e-06,1.0,1.0000747442245483,7.474422454833984e-05
624,train,3,rough,5.94866004827527,-0.36451360726824983,0.20499999821186066,0.20496097207069397,-3.902614116668701e-05,0.009099631570279598,0.009136416018009186,3.6784447729587555e-05,0.3199999928474426,0.3195421099662781,-0.0004578828811645508,0.054999999701976776,0.055010005831718445,1.0006129741668701e-05,1.0,0.9999024271965027,-9.757280349731445e-05
625,train,3,rough,5.990842915011844,-0.36534535273955915,0.20499999821186066,0.20496219396591187,-3.7804245948791504e-05,0.009150004014372826,0.009155930951237679,5.926936864852905e-06,0.3199999928474426,0.3195608854293823,-0.00043910741806030273,0.054999999701976776,0.055009230971336365,9.231269359588623e-06,1.0,0.999958872795105,-4.112720489501953e-05
626,test,3,downslope,6.030669535407258,-0.3609055426693806,0.20250000059604645,0.2020767331123352,-0.0004232674837112427,0.009015170857310295,0.008872754871845245,-0.00014241598546504974,0.3199999928474426,0.31872135400772095,-0.0012786388397216797,0.04500000178813934,0.045025087893009186,2.508610486984253e-05,1.0,0.9975758790969849,-0.0024241209030151367
627,train,3,downslope,6.068308882470098,-0.3519667254449174,0.20250000059604645,0.20217417180538177,-0.00032582879066467285,0.00883083138614893,0.00869487039744854,-0.00013596098870038986,0.3199999928474426,0.31892573833465576,-0.0010742545127868652,0.04500000178813934,0.04502042010426521,2.041831612586975e-05,1.0,0.9979671239852905,-0.0020328760147094727
628,train,3,downslope,6.106574873211223,-0.35150351110997385,0.20250000059604645,0.20217759907245636,-0.0003224015235900879,0.008817551657557487,0.008684216067194939,-0.00013333559036254883,0.3199999928474426,0.3190317749977112,-0.0009682178497314453,0.04500000178813934,0.04502011090517044,2.0109117031097412e-05,1.0,0.9980107545852661,-0.0019892454147338867
629,train,3,downslope,6.141108212249222,-0.3368870279876166,0.20250000059604645,0.20231780409812927,-0.0001821964979171753,0.008420602418482304,0.008382391184568405,-3.821123391389847e-05,0.3199999928474426,0.31923335790634155,-0.0007666349411010742,0.04500000178813934,0.04501301050186157,1.3008713722229004e-05,1.0,0.998574435710907,-0.0014255642890930176
630,train,3,downslope,6.17803118535425,-0.33324599356034973,0.20250000059604645,0.2023475021123886,-0.00015249848365783691,0.00835302285850048,0.008303921669721603,-4.910118877887726e-05,0.3199999928474426,0.31933993101119995,-0.0006600618362426758,0.04500000178813934,0.04501127451658249,1.1272728443145752e-05,1.0,0.9987261891365051,-0.001273810863494873
631,train,3,downslope,6.214182770292811,-0.32617038867710574,0.20250000059604645,0.20240329205989838,-9.670853614807129e-05,0.008147485554218292,0.008150476962327957,2.991408109664917e-06,0.3199999928474426,0.3194502294063568,-0.0005497634410858154,0.04500000178813934,0.045008085668087006,8.083879947662354e-06,1.0,0.9989795088768005,-0.0010204911231994629
632,train,3,downslope,6.254904602664993,-0.316181725075978,0.20250000059604645,0.2024741768836975,-2.5823712348937988e-05,0.007923307828605175,0.007929129526019096,5.821697413921356e-06,0.3199999928474426,0.3195575773715973,-0.0004424154758453369,0.04500000178813934,0.04500385373830795,3.851950168609619e-06,1.0,0.9992984533309937,-0.0007015466690063477
633,test,3,downslope,6.29561217971999,-0.3121888524201857,0.20250000059604645,0.20249757170677185,-2.428889274597168e-06,0.007823451422154903,0.007837831974029541,1.4380551874637604e-05,0.3199999928474426,0.3196372389793396,-0.00036275386810302734,0.04500000178813934,0.045002203434705734,2.201646566390991e-06,1.0,0.9994401335716248,-0.0005598664283752441
634,train,3,downslope,6.335791243901137,-0.30126249576443137,0.20250000059604645,0.20256057381629944,6.057322025299072e-05,0.007525718305259943,0.007586834952235222,6.111664697527885e-05,0.3199999928474426,0.31969863176345825,-0.000301361083984375,0.04500000178813934,0.04499804973602295,-1.952052116394043e-06,1.0,0.9997300505638123,-0.00026994943618774414
635,train,3,downslope,6.377296423567095,-0.298549130563218,0.20250000059604645,0.2025710940361023,7.109344005584717e-05,0.007481793873012066,0.007521872408688068,4.00785356760025e-05,0.3199999928474426,0.31975775957107544,-0.0002422332763671875,0.04500000178813934,0.04499703273177147,-2.9690563678741455e-06,1.0,0.9998278617858887,-0.00017213821411132812
636,train,3,downslope,6.418889936477244,-0.3009252023439817,0.20250000059604645,0.20255348086357117,5.348026752471924e-05,0.007502786815166473,0.0075747231021523476,7.193628698587418e-05,0.3199999928474426,0.3198292851448059,-0.00017070770263671875,0.04500000178813934,0.044997844845056534,-2.1569430828094482e-06,1.0,0.9998207688331604,-0.0001792311668395996
637,train,3,downslope,6.465009139995146,-0.29447453265963064,0.20250000059604645,0.20258234441280365,8.234381675720215e-05,0.007345326244831085,0.007422131020575762,7.680477574467659e-05,0.3199999928474426,0.31987255811691284,-0.00012743473052978516,0.04500000178813934,0.04499557241797447,-4.429370164871216e-06,1.0,0.9999953508377075,-4.649162292480469e-06
638,train,3,downslope,6.507327267369331,-0.2964754149482927,0.20250000059604645,0.20256733894348145,6.733834743499756e-05,0.007425064221024513,0.007466609124094248,4.154490306973457e-05,0.3199999928474426,0.31994369626045227,-5.6296586990356445e-05,0.04500000178813934,0.044996269047260284,-3.732740879058838e-06,1.0,0.9999982118606567,-1.7881393432617188e-06
639,train,3,downslope,6.548754183940369,-0.29289612803348636,0.20250000059604645,0.20258019864559174,8.019804954528809e-05,0.007315985858440399,0.0073804403655231,6.445450708270073e-05,0.3199999928474426,0.31998106837272644,-1.8924474716186523e-05,0.04500000178813934,0.04499506950378418,-4.932284355163574e-06,1.0,1.0001065731048584,0.00010657310485839844
640,train,3,downslope,6.588331965127518,-0.2847468558206732,0.20250000059604645,0.20261186361312866,0.00011186301708221436,0.007148907519876957,0.007184957154095173,3.604963421821594e-05,0.3199999928474426,0.31997382640838623,-2.6166439056396484e-05,0.04500000178813934,0.04499245434999466,-7.547438144683838e-06,1.0,1.000282645225525,0.00028264522552490234
641,train,3,downslope,6.631379107442786,-0.28444504104667984,0.20250000059604645,0.20260748267173767,0.00010748207569122314,0.0071268752217292786,0.007175244856625795,4.83696348965168e-05,0.3199999928474426,0.3200227618217468,2.276897430419922e-05,0.04500000178813934,0.04499242454767227,-7.577240467071533e-06,1.0,1.0003281831741333,0.0003281831741333008
642,train,3,downslope,6.675350911456168,-0.27614833138725,0.20250000059604645,0.2026333063840866,0.00013330578804016113,0.0069009349681437016,0.006972729694098234,7.179472595453262e-05,0.3199999928474426,0.31999456882476807,-5.424022674560547e-06,0.04500000178813934,0.044990018010139465,-9.98377799987793e-06,1.0,1.0004838705062866,0.0004838705062866211
643,test,3,downslope,6.721687396867667,-0.27805212681354596,0.20250000059604645,0.20261988043785095,0.0001198798418045044,0.006963694002479315,0.007016089744865894,5.2395742386579514e-05,0.3199999928474426,0.32006150484085083,6.151199340820312e-05,0.04500000178813934,0.04499068856239319,-9.313225746154785e-06,1.0,1.0005022287368774,0.0005022287368774414
644,train,3,downslope,6.7647466071906255,-0.28068534393529765,0.20250000059604645,0.20260435342788696,0.00010435283184051514,0.006996931508183479,0.007077053189277649,8.012168109416962e-05,0.3199999928474426,0.32013648748397827,0.00013649463653564453,0.04500000178813934,0.044991616159677505,-8.385628461837769e-06,1.0,1.0005048513412476,0.0005048513412475586
645,train,3,downslope,6.807270080465367,-0.27772542982777215,0.20250000059604645,0.20260903239250183,0.0001090317964553833,0.006962826941162348,0.007002967409789562,4.014046862721443e-05,0.3199999928474426,0.32014575600624084,0.00014576315879821777,0.04500000178813934,0.04499088600277901,-9.115785360336304e-06,1.0,1.0005817413330078,0.0005817413330078125
646,train,3,downslope,6.852709599733092,-0.2813592421739182,0.20250000059604645,0.20259007811546326,9.007751941680908e-05,0.007038242183625698,0.007087870966643095,4.962878301739693e-05,0.3199999928474426,0.32023996114730835,0.00023996829986572266,0.04500000178813934,0.04499218612909317,-7.815659046173096e-06,1.0,1.00057053565979,0.0005705356597900391
647,train,3,downslope,6.894388144836894,-0.27814347395493993,0.20250000059604645,0.20259550213813782,9.550154209136963e-05,0.006940176244825125,0.007007661275565624,6.74850307404995e-05,0.3199999928474426,0.32023945450782776,0.00023946166038513184,0.04500000178813934,0.04499141499400139,-8.586794137954712e-06,1.0,1.0006489753723145,0.0006489753723144531
648,test,3,downslope,6.935236683419227,-0.2780195743653763,0.20250000059604645,0.20259025692939758,9.025633335113525e-05,0.006966959219425917,0.007002077531069517,3.5118311643600464e-05,0.3199999928474426,0.32027876377105713,0.00027877092361450195,0.04500000178813934,0.04499160498380661,-8.396804332733154e-06,1.0,1.0006834268569946,0.0006834268569946289
649,train,3,downslope,6.976264260389829,-0.2786696088598354,0.20250000059604645,0.20258250832557678,8.250772953033447e-05,0.006951375864446163,0.007015181705355644,6.380584090948105e-05,0.3199999928474426,0.3203299045562744,0.0003299117088317871,0.04500000178813934,0.044992052018642426,-7.949769496917725e-06,1.0,1.0007070302963257,0.0007070302963256836
650,test,3,downslope,7.021292372408893,-0.2707501989865431,0.20250000059604645,0.2025994211435318,9.942054748535156e-05,0.006758046802133322,0.006819532718509436,6.148591637611389e-05,0.3199999928474426,0.32024240493774414,0.00024241209030151367,0.04500000178813934,0.04499005526304245,-9.94652509689331e-06,1.0,1.0008329153060913,0.0008329153060913086
651,train,3,downslope,7.065544457163824,-0.27268254035069495,0.20250000059604645,0.20258763432502747,8.763372898101807e-05,0.0068285600282251835,0.006863897200673819,3.53371724486351e-05,0.3199999928474426,0.32031357288360596,0.0003135800361633301,0.04500000178813934,0.04499091953039169,-9.082257747650146e-06,1.0,1.0008455514907837,0.0008455514907836914
652,train,3,downslope,7.107376575095226,-0.2658688931614657,0.20250000059604645,0.20259840786457062,9.840726852416992e-05,0.00664013484492898,0.006693909876048565,5.377503111958504e-05,0.3199999928474426,0.320223867893219,0.0002238750457763672,0.04500000178813934,0.044989388436079025,-1.0613352060317993e-05,1.0,1.0009374618530273,0.0009374618530273438
653,train,3,downslope,7.150119295805657,-0.2609291651914192,0.20250000059604645,0.20260211825370789,0.00010211765766143799,0.006542340386658907,0.006568817421793938,2.6477035135030746e-05,0.3199999928474426,0.3201598823070526,0.00015988945960998535,0.04500000178813934,0.044988494366407394,-1.1507421731948853e-05,1.0,1.000998616218567,0.0009986162185668945
654,test,3,downslope,7.187865161750619,-0.25882464901505114,0.20250000059604645,0.20259983837604523,9.98377799987793e-05,0.006468703038990498,0.006513972766697407,4.526972770690918e-05,0.3199999928474426,0.3201417326927185,0.0001417398452758789,0.04500000178813934,0.044988323003053665,-1.16787850856781e-05,1.0,1.0010331869125366,0.001033186912536621
655,train,3,downslope,7.225098047664988,-0.2415389707732261,0.20250000059604645,0.20261815190315247,0.00011815130710601807,0.006041134241968393,0.00607683788985014,3.570364788174629e-05,0.3199999928474426,0.3198160231113434,-0.00018396973609924316,0.04500000178813934,0.04498506709933281,-1.4934688806533813e-05,1.0,1.0010721683502197,0.0010721683502197266
656,train,3,downslope,7.2679650841106955,-0.24210810853079703,0.20250000059604645,0.20260892808437347,0.00010892748832702637,0.006067468784749508,0.006088444031774998,2.0975247025489807e-05,0.3199999928474426,0.3198379874229431,-0.00016200542449951172,0.04500000178813934,0.04498559236526489,-1.4409422874450684e-05,1.0,1.0010945796966553,0.0010945796966552734
657,train,3,downslope,7.310649060419467,-0.23868748772207726,0.20250000059604645,0.20260345935821533,0.00010345876216888428,0.005957841407507658,0.005998771172016859,4.092976450920105e-05,0.3199999928474426,0.3197770118713379,-0.00022298097610473633,0.04500000178813934,0.04498544707894325,-1.4554709196090698e-05,1.0,1.001103401184082,0.0011034011840820312
658,train,3,downslope,7.349558689674098,-0.23329562940051285,0.20250000059604645,0.20259910821914673,9.910762310028076e-05,0.00585373817011714,0.005858832970261574,5.094800144433975e-06,0.3199999928474426,0.31967005133628845,-0.0003299415111541748,0.04500000178813934,0.04498502239584923,-1.4979392290115356e-05,1.0,1.0010918378829956,0.0010918378829956055
659,train,3,downslope,7.392494229452006,-0.23906159841040003,0.20250000059604645,0.20258626341819763,8.626282215118408e-05,0.005998965352773666,0.006002822425216436,3.857072442770004e-06,0.3199999928474426,0.3198002576828003,-0.00019973516464233398,0.04500000178813934,0.044986456632614136,-1.354515552520752e-05,1.0,1.0011385679244995,0.0011385679244995117
660,test,3,downslope,7.435461426979053,-0.2297714374878149,0.20250000059604645,0.20258177816867828,8.177757263183594e-05,0.005740665830671787,0.005763116292655468,2.2450461983680725e-05,0.3199999928474426,0.31959858536720276,-0.00040140748023986816,0.04500000178813934,0.044985562562942505,-1.4439225196838379e-05,1.0,1.0010948181152344,0.001094818115234375
661,train,3,downslope,7.478423868072799,-0.2269631209692832,0.20250000059604645,0.20257270336151123,7.270276546478271e-05,0.005697195418179035,0.005688403733074665,-8.791685104370117e-06,0.3199999928474426,0.3195357918739319,-0.0004642009735107422,0.04500000178813934,0.044985756278038025,-1.424551010131836e-05,1.0,1.0010812282562256,0.001081228256225586
662,train,3,downslope,7.518931394414519,-0.223210304276375,0.20250000059604645,0.20256349444389343,6.349384784698486e-05,0.005571342073380947,0.0055895294062793255,1.8187332898378372e-05,0.3199999928474426,0.3194487988948822,-0.0005511939525604248,0.04500000178813934,0.04498586431145668,-1.4137476682662964e-05,1.0,1.0010508298873901,0.0010508298873901367
663,train,3,downslope,7.559974297506744,-0.21161604990729033,0.20250000059604645,0.2025507092475891,5.0708651542663574e-05,0.0053111291490495205,0.005288626067340374,-2.25030817091465e-05,0.3199999928474426,0.31918865442276,-0.0008113384246826172,0.04500000178813934,0.04498538374900818,-1.461803913116455e-05,1.0,1.0009033679962158,0.0009033679962158203
664,train,3,downslope,7.604765260285797,-0.20734104060330757,0.20250000059604645,0.20253664255142212,3.664195537567139e-05,0.00520295137539506,0.005175585858523846,-2.7365516871213913e-05,0.3199999928474426,0.31908392906188965,-0.0009160637855529785,0.04500000178813934,0.04498579725623131,-1.4204531908035278e-05,1.0,1.000834345817566,0.000834345817565918
665,test,3,downslope,7.64573412297773,-0.19789530311997414,0.20250000059604645,0.2025180160999298,1.8015503883361816e-05,0.004943222738802433,0.004929297138005495,-1.3925600796937943e-05,0.3199999928474426,0.3188774883747101,-0.001122504472732544,0.04500000178813934,0.04498609900474548,-1.3902783393859863e-05,1.0,1.0006585121154785,0.0006585121154785156
666,test,3,downslope,7.685038352668379,-0.19143238589550882,0.20250000059604645,0.20249971747398376,-2.8312206268310547e-07,0.004810449201613665,0.0047601754777133465,-5.0273723900318146e-05,0.3199999928474426,0.31873536109924316,-0.0012646317481994629,0.04500000178813934,0.04498670995235443,-1.329183578491211e-05,1.0,1.0005165338516235,0.0005165338516235352
667,test,3,downslope,7.726693036271018,-0.19014813561449767,0.20250000059604645,0.20248539745807648,-1.4603137969970703e-05,0.004742422141134739,0.004724657163023949,-1.7764978110790253e-05,0.3199999928474426,0.3186848759651184,-0.0013151168823242188,0.04500000178813934,0.044987455010414124,-1.2546777725219727e-05,1.0,1.0004727840423584,0.00047278404235839844
668,train,3,downslope,7.769206603804485,-0.17993716316324898,0.20250000059604645,0.20245742797851562,-4.2572617530822754e-05,0.004498835187405348,0.00445928331464529,-3.955187276005745e-05,0.3199999928474426,0.3184824585914612,-0.0015175342559814453,0.04500000178813934,0.044988539069890976,-1.146271824836731e-05,1.0,1.000217080116272,0.00021708011627197266
669,train,3,downslope,7.811953001186934,-0.1796076149411136,0.20250000059604645,0.20244267582893372,-5.7324767112731934e-05,0.0045154704712331295,0.004448512103408575,-6.695836782455444e-05,0.3199999928474426,0.3184419274330139,-0.001558065414428711,0.04500000178813934,0.04498938098549843,-1.0620802640914917e-05,1.0,1.0001822710037231,0.00018227100372314453
670,train,3,downslope,7.854881457444739,-0.17064618325926054,0.20250000059604645,0.2024116814136505,-8.831918239593506e-05,0.0042638517916202545,0.0042163776233792305,-4.747416824102402e-05,0.3199999928474426,0.31827300786972046,-0.001726984977722168,0.04500000178813934,0.044990867376327515,-9.134411811828613e-06,1.0,0.9999228715896606,-7.712841033935547e-05
671,train,3,downslope,7.893978178321214,-0.16107198393254907,0.20250000059604645,0.20237717032432556,-0.00012283027172088623,0.004054698161780834,0.003970056306570768,-8.464185521006584e-05,0.3199999928474426,0.3181217610836029,-0.0018782317638397217,0.04500000178813934,0.04499271512031555,-7.286667823791504e-06,1.0,0.999631941318512,-0.0003680586814880371
672,train,3,downslope,7.937744274470534,-0.16459028922932967,0.20250000059604645,0.2023688554763794,-0.00013114511966705322,0.004133027046918869,0.004057608544826508,-7.541850209236145e-05,0.3199999928474426,0.3181138336658478,-0.0018861591815948486,0.04500000178813934,0.04499325528740883,-6.746500730514526e-06,1.0,0.9996840953826904,-0.0003159046173095703
673,train,3,downslope,7.982179096014518,-0.15776736924949475,0.20250000059604645,0.20233558118343353,-0.00016441941261291504,0.00393656175583601,0.0038820691406726837,-5.4492615163326263e-05,0.3199999928474426,0.3179914951324463,-0.002008497714996338,0.04500000178813934,0.04499514028429985,-4.861503839492798e-06,1.0,0.9994437098503113,-0.0005562901496887207
674,train,3,goal_flat,8.028320253523106,-0.1626607150983891,0.20250000059604645,0.02942657470703125,-0.1730734258890152,0.0040701949037611485,0.0001214656513184309,-0.0039487292524427176,0.3199999928474426,0.31958192586898804,-0.00041806697845458984,0.04500000178813934,0.04499485716223717,-5.144625902175903e-06,1.0,0.9996201395988464,-0.00037986040115356445
675,train,3,goal_flat,8.064597704889117,-0.16601493960693486,0.02500000037252903,0.02967800199985504,0.004678001627326012,0.0,0.0001318957656621933,0.0001318957656621933,0.3199999928474426,0.31975167989730835,-0.00024831295013427734,0.04500000178813934,0.04499591886997223,-4.082918167114258e-06,1.0,0.9997043013572693,-0.0002956986427307129
676,train,3,goal_flat,8.076499211121893,-0.1830632845568135,0.02500000037252903,0.03119926154613495,0.006199261173605919,0.0,0.00019060191698372364,0.00019060191698372364,0.3199999928474426,0.3200578987598419,5.790591239929199e-05,0.04500000178813934,0.045003194361925125,3.1925737857818604e-06,1.0,1.0006674528121948,0.0006674528121948242
677,train,3,goal_flat,8.079235630088709,-0.1965423195385774,0.02500000037252903,0.03252686560153961,0.007526865229010582,0.0,0.0002442961558699608,0.0002442961558699608,0.3199999928474426,0.32032713294029236,0.00032714009284973145,0.04500000178813934,0.04501091688871384,1.0915100574493408e-05,1.0,1.001720666885376,0.0017206668853759766
678,train,3,goal_flat,8.085092375091472,-0.2016009690377054,0.02500000037252903,0.0330483615398407,0.008048361167311668,0.0,0.00026612216606736183,0.00026612216606736183,0.3199999928474426,0.3204554319381714,0.00045543909072875977,0.04500000178813934,0.045014236122369766,1.4234334230422974e-05,1.0,1.0021748542785645,0.002174854278564453
679,test,3,goal_flat,8.089445346169098,-0.20429831130624526,0.02500000037252903,0.03333151340484619,0.008331513032317162,0.0,0.00027813296765089035,0.00027813296765089035,0.3199999928474426,0.32053035497665405,0.0005303621292114258,0.04500000178813934,0.045016098767519,1.609697937965393e-05,1.0,1.0024304389953613,0.002430438995361328
680,train,3,goal_flat,8.093956697261659,-0.20923588985785868,0.02500000037252903,0.03386387228965759,0.008863871917128563,0.0,0.00030088983476161957,0.00030088983476161957,0.3199999928474426,0.32065990567207336,0.0006599128246307373,0.04500000178813934,0.045019716024398804,1.971423625946045e-05,1.0,1.002931833267212,0.002931833267211914
681,train,3,goal_flat,8.098799949313753,-0.21245481245299627,0.02500000037252903,0.0342169851064682,0.00921698473393917,0.0,0.00031619914807379246,0.00031619914807379246,0.3199999928474426,0.3207537531852722,0.0007537603378295898,0.04500000178813934,0.045022185891866684,2.2184103727340698e-05,1.0,1.0032755136489868,0.0032755136489868164
682,test,3,goal_flat,8.100529621083707,-0.21637637465862006,0.02500000037252903,0.03465910255908966,0.00965910218656063,0.0,0.0003354803193360567,0.0003354803193360567,0.3199999928474426,0.3208569884300232,0.0008569955825805664,0.04500000178813934,0.04502537474036217,2.5372952222824097e-05,1.0,1.003722071647644,0.003722071647644043
683,train,3,goal_flat,8.099933308663108,-0.21448985858340502,0.02500000037252903,0.03444507718086243,0.009445076808333397,0.0,0.000326123321428895,0.000326123321428895,0.3199999928474426,0.32080769538879395,0.0008077025413513184,0.04500000178813934,0.04502382129430771,2.381950616836548e-05,1.0,1.0035037994384766,0.0035037994384765625
684,train,3,goal_flat,8.098586491966735,-0.21001041478420956,0.02500000037252903,0.033945247530937195,0.008945247158408165,0.0,0.0003044756595045328,0.0003044756595045328,0.3199999928474426,0.3206939101219177,0.0006939172744750977,0.04500000178813934,0.045020267367362976,2.0265579223632812e-05,1.0,1.0030075311660767,0.00300753116607666
685,train,3,goal_flat,8.094578797509813,-0.2033590542033159,0.02500000037252903,0.03322668373584747,0.008226683363318443,0.0,0.00027382164262235165,0.00027382164262235165,0.3199999928474426,0.32052648067474365,0.0005264878273010254,0.04500000178813934,0.04501538723707199,1.5385448932647705e-05,1.0,1.0023293495178223,0.0023293495178222656
686,train,3,goal_flat,8.08960754287761,-0.1881544158403706,0.02500000037252903,0.03167799115180969,0.0066779907792806625,0.0,0.00020999927073717117,0.00020999927073717117,0.3199999928474426,0.32019564509391785,0.00019565224647521973,0.04500000178813934,0.045005835592746735,5.833804607391357e-06,1.0,1.0010149478912354,0.0010149478912353516
687,test,3,goal_flat,8.087738434645493,-0.18333883313374652,0.02500000037252903,0.031215891242027283,0.006215890869498253,0.0,0.00019155838526785374,0.00019155838526785374,0.3199999928474426,0.320101261138916,0.00010126829147338867,0.04500000178813934,0.04500328004360199,3.2782554626464844e-06,1.0,1.0006673336029053,0.0006673336029052734
688,train,3,goal_flat,8.08613546242904,-0.17814061245001298,0.02500000037252903,0.030731812119483948,0.005731811746954918,0.0,0.0001725724432617426,0.0001725724432617426,0.3199999928474426,0.3200070858001709,7.092952728271484e-06,0.04500000178813934,0.04500076547265053,7.636845111846924e-07,1.0,1.0003271102905273,0.00032711029052734375
689,train,3,goal_flat,8.0863895062868,-0.17916925742979087,0.02500000037252903,0.030826419591903687,0.005826419219374657,0.0,0.00017625465989112854,0.00017625465989112854,0.3199999928474426,0.3200249671936035,2.4974346160888672e-05,0.04500000178813934,0.04500124603509903,1.2442469596862793e-06,1.0,1.0003916025161743,0.0003916025161743164
690,train,3,goal_flat,8.090798730966192,-0.18209362516217312,0.02500000037252903,0.031095609068870544,0.006095608696341515,0.0,0.0001869024708867073,0.0001869024708867073,0.3199999928474426,0.32008981704711914,8.982419967651367e-05,0.04500000178813934,0.045002639293670654,2.637505531311035e-06,1.0,1.0005766153335571,0.0005766153335571289
691,train,3,goal_flat,8.09316124440647,-0.18057880748239646,0.02500000037252903,0.030951648950576782,0.005951648578047752,0.0,0.00018132501281797886,0.00018132501281797886,0.3199999928474426,0.3200719356536865,7.194280624389648e-05,0.04500000178813934,0.045001886785030365,1.8849968910217285e-06,1.0,1.0004713535308838,0.00047135353088378906
692,test,3,goal_flat,8.096145151047423,-0.17851787680139614,0.02500000037252903,0.030758142471313477,0.005758142098784447,0.0,0.00017387163825333118,0.00017387163825333118,0.3199999928474426,0.3200477659702301,4.7773122787475586e-05,0.04500000178813934,0.04500089958310127,8.977949619293213e-07,1.0,1.0003334283828735,0.00033342838287353516
693,train,3,goal_flat,8.101481302858472,-0.17456780277496994,0.02500000037252903,0.030394479632377625,0.005394479259848595,0.0,0.00016001472249627113,0.00016001472249627113,0.3199999928474426,0.3200029730796814,2.9802322387695312e-06,0.04500000178813934,0.0449991300702095,-8.717179298400879e-07,1.0,1.000085473060608,8.547306060791016e-05
694,train,3,goal_flat,8.113083736150418,-0.17577731077636335,0.02500000037252903,0.03049387037754059,0.0054938700050115585,0.0,0.000164153054356575,0.000164153054356575,0.3199999928474426,0.3200620710849762,6.207823753356934e-05,0.04500000178813934,0.044999610632658005,-3.91155481338501e-07,1.0,1.000136375427246,0.00013637542724609375
695,test,3,goal_flat,8.116527333782745,-0.1694445768835369,0.02500000037252903,0.02992957830429077,0.004929577931761742,0.0,0.00014285603538155556,0.00014285603538155556,0.3199999928474426,0.3199794888496399,-2.0503997802734375e-05,0.04500000178813934,0.044997043907642365,-2.9578804969787598e-06,1.0,0.999779999256134,-0.0002200007438659668
696,train,3,goal_flat,8.123669511727755,-0.15784154254714783,0.02500000037252903,0.028954625129699707,0.003954624757170677,0.0,0.00010734214447438717,0.00010734214447438717,0.3199999928474426,0.31985846161842346,-0.00014153122901916504,0.04500000178813934,0.044993311166763306,-6.690621376037598e-06,1.0,0.9992582201957703,-0.0007417798042297363
697,train,3,goal_flat,8.12554507979217,-0.14659549129595753,0.02500000037252903,0.028086677193641663,0.0030866768211126328,0.0,7.70192127674818e-05,7.70192127674818e-05,0.3199999928474426,0.319757878780365,-0.00024211406707763672,0.04500000178813934,0.044990863651037216,-9.138137102127075e-06,1.0,0.9989173412322998,-0.0010826587677001953
698,train,3,goal_flat,8.127860157051844,-0.13484458058525609,0.02500000037252903,0.02725502848625183,0.002255028113722801,0.0,4.940642975270748e-05,4.940642975270748e-05,0.3199999928474426,0.3196914792060852,-0.0003085136413574219,0.04500000178813934,0.04498948156833649,-1.0520219802856445e-05,1.0,0.998714804649353,-0.0012851953506469727
699,train,3,goal_flat,8.130805037990832,-0.12688011543986788,0.02500000037252903,0.02673366665840149,0.0017336662858724594,0.0,3.2950425520539284e-05,3.2950425520539284e-05,0.3199999928474426,0.31967368721961975,-0.000326305627822876,0.04500000178813934,0.0449892096221447,-1.0792165994644165e-05,1.0,0.9986591339111328,-0.0013408660888671875
700,train,3,goal_flat,8.136185329254735,-0.12737175182707575,0.02500000037252903,0.026760488748550415,0.0017604883760213852,0.0,3.398931585252285e-05,3.398931585252285e-05,0.3199999928474426,0.3196945786476135,-0.00030541419982910156,0.04500000178813934,0.04498923569917679,-1.0766088962554932e-05,1.0,0.9986497759819031,-0.0013502240180969238
701,test,3,goal_flat,8.140259844987744,-0.12579759055135678,0.02500000037252903,0.026658400893211365,0.001658400520682335,0.0,3.097322769463062e-05,3.097322769463062e-05,0.3199999928474426,0.31970593333244324,-0.00029405951499938965,0.04500000178813934,0.04498925060033798,-1.0751187801361084e-05,1.0,0.9986388683319092,-0.0013611316680908203
702,test,3,goal_flat,8.144900578077227,-0.12706191884871293,0.02500000037252903,0.026734083890914917,0.0017340835183858871,0.0,3.349524922668934e-05,3.349524922668934e-05,0.3199999928474426,0.3197256922721863,-0.00027430057525634766,0.04500000178813934,0.044989269226789474,-1.0732561349868774e-05,1.0,0.9986320734024048,-0.0013679265975952148
703,test,3,goal_flat,8.149181259433055,-0.12901811323409215,0.02500000037252903,0.02685515582561493,0.0018551554530858994,0.0,3.744009882211685e-05,3.744009882211685e-05,0.3199999928474426,0.3197466731071472,-0.00025331974029541016,0.04500000178813934,0.04498930275440216,-1.0699033737182617e-05,1.0,0.9986304044723511,-0.0013695955276489258
704,test,3,goal_flat,8.152456520140012,-0.12986665396134947,0.02500000037252903,0.026907235383987427,0.001907235011458397,0.0,3.919866867363453e-05,3.919866867363453e-05,0.3199999928474426,0.31976115703582764,-0.00023883581161499023,0.04500000178813934,0.04498933255672455,-1.0669231414794922e-05,1.0,0.9986282587051392,-0.0013717412948608398
705,train,3,goal_flat,8.152944171106645,-0.13126342989729073,0.02500000037252903,0.0269976407289505,0.0019976403564214706,0.0,4.207529127597809e-05,4.207529127597809e-05,0.3199999928474426,0.31976771354675293,-0.00023227930068969727,0.04500000178813934,0.04498937353491783,-1.062825322151184e-05,1.0,0.9986357092857361,-0.001364290714263916
706,test,3,goal_flat,8.152525159975307,-0.13039930643838346,0.02500000037252903,0.02694167196750641,0.0019416715949773788,0.0,4.0289247408509254e-05,4.0289247408509254e-05,0.3199999928474426,0.3197631239891052,-0.00023686885833740234,0.04500000178813934,0.04498934745788574,-1.0654330253601074e-05,1.0,0.9986310601234436,-0.0013689398765563965
707,train,3,goal_flat,8.1523924673713,-0.12648106832879286,0.02500000037252903,0.02669169008731842,0.0016916897147893906,0.0,3.246217966079712e-05,3.246217966079712e-05,0.3199999928474426,0.3197518587112427,-0.00024813413619995117,0.04500000178813934,0.04498929902911186,-1.0702759027481079e-05,1.0,0.9986162185668945,-0.0013837814331054688
708,train,3,goal_flat,8.1545753914651,-0.12352209014635487,0.02500000037252903,0.026506677269935608,0.001506676897406578,0.0,2.6860274374485016e-05,2.6860274374485016e-05,0.3199999928474426,0.31975460052490234,-0.0002453923225402832,0.04500000178813934,0.04498935490846634,-1.064687967300415e-05,1.0,0.9986108541488647,-0.001389145851135254
709,train,3,goal_flat,8.155917593237632,-0.11547789350036015,0.02500000037252903,0.026031315326690674,0.001031314954161644,0.0,1.2733740732073784e-05,1.2733740732073784e-05,0.3199999928474426,0.31975823640823364,-0.00024175643920898438,0.04500000178813934,0.044989846646785736,-1.0155141353607178e-05,1.0,0.9986485242843628,-0.001351475715637207
710,train,3,goal_flat,8.16548797592958,-0.1171608925610313,0.02500000037252903,0.026120275259017944,0.0011202748864889145,0.0,1.5712343156337738e-05,1.5712343156337738e-05,0.3199999928474426,0.3197924494743347,-0.00020754337310791016,0.04500000178813934,0.044989753514528275,-1.0248273611068726e-05,1.0,0.9986158609390259,-0.001384139060974121
711,train,3,goal_flat,8.17233803722264,-0.11571495486809309,0.02500000037252903,0.02603214979171753,0.0010321494191884995,0.0,1.3402896001935005e-05,1.3402896001935005e-05,0.3199999928474426,0.31981903314590454,-0.00018095970153808594,0.04500000178813934,0.04498991742730141,-1.0084360837936401e-05,1.0,0.9986135959625244,-0.001386404037475586
712,train,3,goal_flat,8.175377347389896,-0.11190182434798761,0.02500000037252903,0.02581670880317688,0.00081670843064785,0.0,7.3229894042015076e-06,7.3229894042015076e-06,0.3199999928474426,0.3198365867137909,-0.0001634061336517334,0.04500000178813934,0.04499034583568573,-9.655952453613281e-06,1.0,0.9986468553543091,-0.001353144645690918
713,train,3,goal_flat,8.179368253998115,-0.11116174393296127,0.02500000037252903,0.02577321231365204,0.0007732119411230087,0.0,6.2480103224515915e-06,6.2480103224515915e-06,0.3199999928474426,0.31985315680503845,-0.0001468360424041748,0.04500000178813934,0.04499046131968498,-9.540468454360962e-06,1.0,0.9986480474472046,-0.0013519525527954102
714,test,3,goal_flat,8.181113926674564,-0.10732149410881538,0.02500000037252903,0.025566622614860535,0.0005666222423315048,0.0,5.452893674373627e-07,5.452893674373627e-07,0.3199999928474426,0.3198712468147278,-0.00012874603271484375,0.04500000178813934,0.04499102383852005,-8.977949619293213e-06,1.0,0.9987001419067383,-0.0012998580932617188
715,train,3,goal_flat,8.18195630561228,-0.10286833065592495,0.02500000037252903,0.025337830185890198,0.0003378298133611679,0.0,-5.6438148021698e-06,-5.6438148021698e-06,0.3199999928474426,0.31989338994026184,-0.00010660290718078613,0.04500000178813934,0.044991809874773026,-8.191913366317749e-06,1.0,0.9987791776657104,-0.0012208223342895508
716,train,3,goal_flat,8.184979141724474,-0.10071958516925186,0.02500000037252903,0.025229185819625854,0.00022918544709682465,0.0,-8.406583219766617e-06,-8.406583219766617e-06,0.3199999928474426,0.3199161887168884,-8.380413055419922e-05,0.04500000178813934,0.04499226063489914,-7.741153240203857e-06,1.0,0.998818039894104,-0.001181960105895996
717,train,3,goal_flat,8.1859491782641,-0.09812175995312454,0.02500000037252903,0.02510315179824829,0.00010315142571926117,0.0,-1.1658994480967522e-05,-1.1658994480967522e-05,0.3199999928474426,0.31993556022644043,-6.443262100219727e-05,0.04500000178813934,0.0449928343296051,-7.167458534240723e-06,1.0,0.9988756775856018,-0.0011243224143981934
718,test,3,goal_flat,8.18673495059735,-0.09656781363086124,0.02500000037252903,0.025029301643371582,2.9301270842552185e-05,0.0,-1.3525132089853287e-05,-1.3525132089853287e-05,0.3199999928474426,0.31994888186454773,-5.111098289489746e-05,0.04500000178813934,0.04499320313334465,-6.798654794692993e-06,1.0,0.9989123344421387,-0.0010876655578613281
719,train,3,goal_flat,8.183099004244161,-0.09149403310856608,0.02500000037252903,0.024801626801490784,-0.00019837357103824615,0.0,-1.9384082406759262e-05,-1.9384082406759262e-05,0.3199999928474426,0.3199739456176758,-2.6047229766845703e-05,0.04500000178813934,0.044994473457336426,-5.5283308029174805e-06,1.0,0.999058723449707,-0.0009412765502929688
720,train,3,goal_flat,8.177661600501548,-0.0825371826475037,0.02500000037252903,0.024431616067886353,-0.0005683843046426773,0.0,-2.8360867872834206e-05,-2.8360867872834206e-05,0.3199999928474426,0.32004135847091675,4.1365623474121094e-05,0.04500000178813934,0.044997166842222214,-2.8349459171295166e-06,1.0,0.9993643164634705,-0.000635683536529541
721,train,3,goal_flat,8.174230258146848,-0.07730635219748691,0.02500000037252903,0.024234801530838013,-0.0007651988416910172,0.0,-3.2850541174411774e-05,-3.2850541174411774e-05,0.3199999928474426,0.3200913071632385,9.131431579589844e-05,0.04500000178813934,0.04499898850917816,-1.0132789611816406e-06,1.0,0.9995707869529724,-0.0004292130470275879
722,test,3,goal_flat,8.168998921383672,-0.07113495293637936,0.02500000037252903,0.024021491408348083,-0.0009785089641809464,0.0,-3.749364987015724e-05,-3.749364987015724e-05,0.3199999928474426,0.3201567232608795,0.00015673041343688965,0.04500000178813934,0.04500135779380798,1.3560056686401367e-06,1.0,0.9998413920402527,-0.00015860795974731445
723,test,3,goal_flat,8.165280710266089,-0.07028566307812258,0.02500000037252903,0.023995891213417053,-0.0010041091591119766,0.0,-3.8161175325512886e-05,-3.8161175325512886e-05,0.3199999928474426,0.32015496492385864,0.00015497207641601562,0.04500000178813934,0.045001666992902756,1.6652047634124756e-06,1.0,0.9998874068260193,-0.00011259317398071289
724,train,3,goal_flat,8.164531425813445,-0.06935340140552994,0.02500000037252903,0.02396571636199951,-0.0010342840105295181,0.0,-3.8784462958574295e-05,-3.8784462958574295e-05,0.3199999928474426,0.32016631960868835,0.00016632676124572754,0.04500000178813934,0.045002054423093796,2.0526349544525146e-06,1.0,0.9999309182167053,-6.908178329467773e-05
725,train,3,goal_flat,8.167981456054655,-0.06652468371450118,0.02500000037252903,0.023872539401054382,-0.0011274609714746475,0.0,-4.0412647649645805e-05,-4.0412647649645805e-05,0.3199999928474426,0.3202248811721802,0.00022488832473754883,0.04500000178813934,0.04500332474708557,3.3229589462280273e-06,1.0,1.0000537633895874,5.3763389587402344e-05
726,test,3,goal_flat,8.168366079375945,-0.06620831410291317,0.02500000037252903,0.023862361907958984,-0.0011376384645700455,0.0,-4.0584709495306015e-05,-4.0584709495306015e-05,0.3199999928474426,0.320231556892395,0.00023156404495239258,0.04500000178813934,0.04500347003340721,3.468245267868042e-06,1.0,1.0000678300857544,6.783008575439453e-05
727,train,3,goal_flat,8.167667757492216,-0.06174495793703571,0.02500000037252903,0.023728862404823303,-0.0012711379677057266,0.0,-4.300498403608799e-05,-4.300498403608799e-05,0.3199999928474426,0.3203056752681732,0.0003056824207305908,0.04500000178813934,0.04500551521778107,5.513429641723633e-06,1.0,1.0002862215042114,0.0002862215042114258
728,test,3,goal_flat,8.170501162237139,-0.06371661949593516,0.02500000037252903,0.02378469705581665,-0.0012153033167123795,0.0,-4.190509207546711e-05,-4.190509207546711e-05,0.3199999928474426,0.3202820420265198,0.00028204917907714844,0.04500000178813934,0.04500462859869003,4.626810550689697e-06,1.0,1.0001823902130127,0.0001823902130126953
729,test,3,goal_flat,8.17400362119187,-0.06644960358814875,0.02500000037252903,0.023865699768066406,-0.0011343006044626236,0.0,-4.0280865505337715e-05,-4.0280865505337715e-05,0.3199999928474426,0.32024967670440674,0.00024968385696411133,0.04500000178813934,0.04500342905521393,3.427267074584961e-06,1.0,1.0000436305999756,4.363059997558594e-05
730,train,3,goal_flat,8.18237944038618,-0.06354419922967866,0.02500000037252903,0.023770704865455627,-0.0012292955070734024,0.0,-4.1643157601356506e-05,-4.1643157601356506e-05,0.3199999928474426,0.3203318417072296,0.0003318488597869873,0.04500000178813934,0.04500485584139824,4.854053258895874e-06,1.0,1.0001639127731323,0.00016391277313232422
731,test,3,goal_flat,8.188029464778834,-0.05723811967776741,0.02500000037252903,0.023588478565216064,-0.0014115218073129654,0.0,-4.443456418812275e-05,-4.443456418812275e-05,0.3199999928474426,0.3204706013202667,0.0004706084728240967,0.04500000178813934,0.045007992535829544,7.990747690200806e-06,1.0,1.0004703998565674,0.0004703998565673828
732,train,3,goal_flat,8.191605038498071,-0.04862464469208009,0.02500000037252903,0.023374542593955994,-0.0016254577785730362,0.0,-4.726438783109188e-05,-4.726438783109188e-05,0.3199999928474426,0.3206654191017151,0.0006654262542724609,0.04500000178813934,0.045012637972831726,1.2636184692382812e-05,1.0,1.0009340047836304,0.0009340047836303711
733,train,3,goal_flat,8.190471361017709,-0.04005859690265697,0.02500000037252903,0.02320137619972229,-0.0017986241728067398,0.0,-4.904996603727341e-05,-4.904996603727341e-05,0.3199999928474426,0.3208649754524231,0.0008649826049804688,0.04500000178813934,0.04501764103770256,1.7639249563217163e-05,1.0,1.0014443397521973,0.0014443397521972656
734,test,3,goal_flat,8.198850784652283,-0.038533223917872034,0.02500000037252903,0.023167982697486877,-0.0018320176750421524,0.0,-4.8950547352433205e-05,-4.8950547352433205e-05,0.3199999928474426,0.3209378123283386,0.0009378194808959961,0.04500000178813934,0.04501871019601822,1.8708407878875732e-05,1.0,1.0015181303024292,0.0015181303024291992
735,train,3,goal_flat,8.20439879573488,-0.035973677236305256,0.02500000037252903,0.023120760917663574,-0.0018792394548654556,0.0,-4.899944178760052e-05,-4.899944178760052e-05,0.3199999928474426,0.3210274577140808,0.0010274648666381836,0.04500000178813934,0.04502040892839432,2.0407140254974365e-05,1.0,1.0016647577285767,0.0016647577285766602
