descriptor,variant,test_context,nearest_context,preference_name,transferred_beta,shadow_oracle_beta,exact,shadow_oracle_score,transferred_score,score_excess
v1,baseline,rough_seed_13,rough_seed_10,wm100_ws000_we000,lm060_ls040_le000,lm100_ls000_le000,0,0.0,0.10320821431513875,0.10320821431513875
v1,baseline,rough_seed_13,rough_seed_10,wm080_ws020_we000,lm080_ls020_le000,lm080_ls020_le000,1,0.1072576846278984,0.1072576846278984,0.0
v1,baseline,rough_seed_13,rough_seed_10,wm080_ws000_we020,lm100_ls000_le000,lm080_ls020_le000,0,0.1438770625572425,0.202,0.05812293744275751
v1,baseline,rough_seed_13,rough_seed_10,wm060_ws040_we000,lm080_ls000_le020,lm040_ls060_le000,0,0.12927293943228274,0.325639990414361,0.19636705098207824
v1,baseline,rough_seed_13,rough_seed_10,wm060_ws020_we020,lm080_ls020_le000,lm080_ls020_le000,1,0.1447740629231317,0.1447740629231317,0.0
v1,baseline,rough_seed_13,rough_seed_10,wm060_ws000_we040,lm080_ls020_le000,lm020_ls060_le020,0,0.2618352378713939,0.286960760939576,0.02512552306818211
v1,baseline,rough_seed_13,rough_seed_10,wm040_ws060_we000,lm020_ls040_le040,lm040_ls060_le000,0,0.08618195962152184,0.49333831462346306,0.40715635500194125
v1,baseline,rough_seed_13,rough_seed_10,wm040_ws040_we020,lm060_ls020_le020,lm040_ls060_le000,0,0.15610220709746428,0.5003952120185606,0.3442930049210964
v1,baseline,rough_seed_13,rough_seed_10,wm040_ws020_we040,lm080_ls020_le000,lm040_ls020_le040,0,0.21776439638815032,0.2878577613054652,0.07009336491731488
v1,baseline,rough_seed_13,rough_seed_10,wm040_ws000_we060,lm080_ls020_le000,lm060_ls000_le040,0,0.2248266004422157,0.4300444593219094,0.20521785887969368
v1,baseline,rough_seed_13,rough_seed_10,wm020_ws080_we000,lm040_ls000_le060,lm040_ls060_le000,0,0.04309097981076092,0.5870447360057295,0.5439537561949686
v1,baseline,rough_seed_13,rough_seed_10,wm020_ws060_we020,lm040_ls000_le060,lm040_ls060_le000,0,0.1556755637330013,0.4406185072263705,0.28494294349336924
v1,baseline,rough_seed_13,rough_seed_10,wm020_ws040_we040,lm060_ls020_le020,lm020_ls000_le080,0,0.20263637541512522,0.5019893742314758,0.2993529988163506
v1,baseline,rough_seed_13,rough_seed_10,wm020_ws020_we060,lm060_ls020_le020,lm040_ls000_le060,0,0.14776604966765258,0.616616648925048,0.46885059925739536
v1,baseline,rough_seed_13,rough_seed_10,wm020_ws000_we080,lm080_ls020_le000,lm040_ls000_le060,0,0.13532190971765484,0.573128157704243,0.4378062479865881
v1,baseline,rough_seed_13,rough_seed_10,wm000_ws100_we000,lm000_ls000_le100,lm040_ls060_le000,0,0.0,0.2893479338263014,0.2893479338263014
v1,baseline,rough_seed_13,rough_seed_10,wm000_ws080_we020,lm040_ls000_le060,lm020_ls000_le080,0,0.12608753011067786,0.5857049151174359,0.4596173850067581
v1,baseline,rough_seed_13,rough_seed_10,wm000_ws060_we040,lm020_ls040_le040,lm020_ls000_le080,0,0.09457327879809715,0.4927174954221533,0.3981442166240562
v1,baseline,rough_seed_13,rough_seed_10,wm000_ws040_we060,lm060_ls020_le020,lm020_ls000_le080,0,0.06305902748551644,0.6186482309300364,0.55558920344452
v1,baseline,rough_seed_13,rough_seed_10,wm000_ws020_we080,lm080_ls020_le000,lm020_ls000_le080,0,0.03154477617293572,0.5740251580701322,0.5424803818971965
v1,baseline,rough_seed_13,rough_seed_10,wm000_ws000_we100,lm080_ls020_le000,lm040_ls000_le060,0,0.0,0.7162118560865763,0.7162118560865763
v1,baseline,rough_seed_13,rough_seed_10,balanced,lm060_ls020_le020,lm080_ls020_le000,0,0.2407611954219468,0.41868391545630296,0.17792272003435616
v1,baseline,rough_seed_13,rough_seed_10,motion,lm080_ls020_le000,lm080_ls020_le000,1,0.10877888823607601,0.10877888823607601,0.0
v1,baseline,rough_seed_13,rough_seed_10,stability,lm040_ls000_le060,lm040_ls060_le000,0,0.11675667279975097,0.5134966663939765,0.3967399935942255
v1,baseline,rough_seed_13,rough_seed_10,energy,lm080_ls020_le000,lm040_ls000_le060,0,0.11082453725073943,0.502259058787493,0.39143452153675357
v1,baseline,rough_seed_7,rough_seed_28,wm100_ws000_we000,lm100_ls000_le000,lm100_ls000_le000,1,0.0,0.0,0.0
v1,baseline,rough_seed_7,rough_seed_28,wm080_ws020_we000,lm060_ls040_le000,lm080_ls020_le000,0,0.0800047950810735,0.08160660015883817,0.0016018050777646675
v1,baseline,rough_seed_7,rough_seed_28,wm080_ws000_we020,lm040_ls060_le000,lm000_ls100_le000,0,0.13792513460456318,0.23345822096273613,0.09553308635817295
v1,baseline,rough_seed_7,rough_seed_28,wm060_ws040_we000,lm000_ls100_le000,lm080_ls020_le000,0,0.15957924677669388,0.19106427002211954,0.03148502324542565
v1,baseline,rough_seed_7,rough_seed_28,wm060_ws020_we020,lm040_ls060_le000,lm000_ls100_le000,0,0.13855825830360913,0.23413597434570402,0.09557771604209489
v1,baseline,rough_seed_7,rough_seed_28,wm060_ws000_we040,lm000_ls100_le000,lm040_ls040_le020,0,0.19151342886230452,0.2743094574331547,0.0827960285708502
v1,baseline,rough_seed_7,rough_seed_28,wm040_ws060_we000,lm000_ls100_le000,lm080_ls020_le000,0,0.23915369847231424,0.2858259991451935,0.04667230067287928
v1,baseline,rough_seed_7,rough_seed_28,wm040_ws040_we020,lm000_ls100_le000,lm020_ls080_le000,0,0.18407690973964297,0.19210949860933896,0.008032588869695989
v1,baseline,rough_seed_7,rough_seed_28,wm040_ws020_we040,lm000_ls100_le000,lm040_ls020_le040,0,0.18335006280574745,0.2749425811322007,0.09159251832645326
v1,baseline,rough_seed_7,rough_seed_28,wm040_ws000_we060,lm000_ls100_le000,lm040_ls020_le040,0,0.18218737676117047,0.4106937802617463,0.22850640350057583
v1,baseline,rough_seed_7,rough_seed_28,wm020_ws080_we000,lm000_ls100_le000,lm000_ls060_le040,0,0.193752997998557,0.3805877282682675,0.18683473026971048
v1,baseline,rough_seed_7,rough_seed_28,wm020_ws060_we020,lm000_ls100_le000,lm000_ls060_le040,0,0.14662411497341107,0.2868712277324129,0.14024711275900184
v1,baseline,rough_seed_7,rough_seed_28,wm020_ws040_we040,lm000_ls100_le000,lm000_ls040_le060,0,0.193157007511989,0.27557570483124666,0.08241869731925766
v1,baseline,rough_seed_7,rough_seed_28,wm020_ws020_we060,lm000_ls100_le000,lm040_ls020_le040,0,0.17038578739111646,0.41132690396079225,0.2409411165696758
v1,baseline,rough_seed_7,rough_seed_28,wm020_ws000_we080,lm000_ls100_le000,lm020_ls020_le060,0,0.202,0.5470781030903379,0.3450781030903379
v1,baseline,rough_seed_7,rough_seed_28,wm000_ws100_we000,lm000_ls100_le000,lm020_ls020_le060,0,0.0,0.47534945739134143,0.47534945739134143
v1,baseline,rough_seed_7,rough_seed_28,wm000_ws080_we020,lm000_ls100_le000,lm020_ls020_le060,0,0.0,0.38163295685548687,0.38163295685548687
v1,baseline,rough_seed_7,rough_seed_28,wm000_ws060_we040,lm000_ls100_le000,lm020_ls020_le060,0,0.0,0.2879164563196323,0.2879164563196323
v1,baseline,rough_seed_7,rough_seed_28,wm000_ws040_we060,lm000_ls100_le000,lm020_ls020_le060,0,0.0,0.4119600276598382,0.4119600276598382
v1,baseline,rough_seed_7,rough_seed_28,wm000_ws020_we080,lm000_ls080_le020,lm020_ls020_le060,0,0.0,0.42713498713112646,0.42713498713112646
v1,baseline,rough_seed_7,rough_seed_28,wm000_ws000_we100,lm000_ls080_le020,lm020_ls020_le060,0,0.0,0.5319926571699986,0.5319926571699986
v1,baseline,rough_seed_7,rough_seed_28,balanced,lm000_ls100_le000,lm000_ls060_le040,0,0.22386239429317928,0.22990322265536745,0.0060408283621881664
v1,baseline,rough_seed_7,rough_seed_28,motion,lm060_ls040_le000,lm000_ls100_le000,0,0.11065640030868305,0.1594310772336032,0.04877467692492014
v1,baseline,rough_seed_7,rough_seed_28,stability,lm000_ls100_le000,lm020_ls020_le060,0,0.1515,0.33399078514714503,0.18249078514714503
v1,baseline,rough_seed_7,rough_seed_28,energy,lm000_ls100_le000,lm020_ls020_le060,0,0.1515,0.47936078445032654,0.3278607844503265
v1,baseline,rough_seed_15,rough_seed_28,wm100_ws000_we000,lm100_ls000_le000,lm040_ls060_le000,0,0.0,0.14916620621221902,0.14916620621221902
v1,baseline,rough_seed_15,rough_seed_28,wm080_ws020_we000,lm060_ls040_le000,lm080_ls020_le000,0,0.0962897550200626,0.1184209177887457,0.0221311627686831
v1,baseline,rough_seed_15,rough_seed_28,wm080_ws000_we020,lm040_ls060_le000,lm020_ls060_le020,0,0.05259529022903838,0.097101400218543,0.04450610998950461
v1,baseline,rough_seed_15,rough_seed_28,wm060_ws040_we000,lm000_ls100_le000,lm060_ls040_le000,0,0.13357670966840973,0.3930286152356917,0.259451905567282
v1,baseline,rough_seed_15,rough_seed_28,wm060_ws020_we020,lm040_ls060_le000,lm060_ls040_le000,0,0.0989941531530156,0.10779458300918354,0.00880042985616794
v1,baseline,rough_seed_15,rough_seed_28,wm060_ws000_we040,lm000_ls100_le000,lm000_ls080_le020,0,0.10375638555318287,0.34205622700826066,0.2382998414550778
v1,baseline,rough_seed_15,rough_seed_28,wm040_ws060_we000,lm000_ls100_le000,lm060_ls040_le000,0,0.19963632702685763,0.5893283339582712,0.3896920069314136
v1,baseline,rough_seed_15,rough_seed_28,wm040_ws040_we020,lm000_ls100_le000,lm060_ls040_le000,0,0.13425019216796522,0.3946348525505255,0.26038466038256025
v1,baseline,rough_seed_15,rough_seed_28,wm040_ws020_we040,lm000_ls100_le000,lm000_ls080_le020,0,0.11883651661357011,0.3439148028786758,0.2250782862651057
v1,baseline,rough_seed_15,rough_seed_28,wm040_ws000_we060,lm000_ls100_le000,lm000_ls080_le020,0,0.06917092370212191,0.5128697516171247,0.44369882791500276
v1,baseline,rough_seed_15,rough_seed_28,wm020_ws080_we000,lm000_ls100_le000,lm000_ls060_le040,0,0.16906897526761827,0.7856280526808509,0.6165590774132326
v1,baseline,rough_seed_15,rough_seed_28,wm020_ws060_we020,lm000_ls100_le000,lm020_ls040_le040,0,0.13665082942840379,0.5909345712731051,0.4542837418447013
v1,baseline,rough_seed_15,rough_seed_28,wm020_ws040_we040,lm000_ls100_le000,lm060_ls040_le000,0,0.19653083135451732,0.39624108986535933,0.199710258510842
v1,baseline,rough_seed_15,rough_seed_28,wm020_ws020_we060,lm000_ls100_le000,lm000_ls080_le020,0,0.11849408629821308,0.5147283274875398,0.39623424118932676
v1,baseline,rough_seed_15,rough_seed_28,wm020_ws000_we080,lm000_ls100_le000,lm000_ls080_le020,0,0.034585461851060956,0.6836832762259888,0.6490978143749279
v1,baseline,rough_seed_15,rough_seed_28,wm000_ws100_we000,lm000_ls100_le000,lm000_ls040_le060,0,0.0,0.9819277714034305,0.9819277714034305
v1,baseline,rough_seed_15,rough_seed_28,wm000_ws080_we020,lm000_ls100_le000,lm000_ls040_le060,0,0.0837719963357539,0.7872342899956847,0.7034622936599307
v1,baseline,rough_seed_15,rough_seed_28,wm000_ws060_we040,lm000_ls100_le000,lm000_ls040_le060,0,0.1675439926715078,0.5925408085879389,0.4249968159164311
v1,baseline,rough_seed_15,rough_seed_28,wm000_ws040_we060,lm000_ls100_le000,lm000_ls080_le020,0,0.23630331196571208,0.516586903357955,0.2802835913922429
v1,baseline,rough_seed_15,rough_seed_28,wm000_ws020_we080,lm000_ls080_le020,lm000_ls080_le020,1,0.11815165598285604,0.11815165598285604,0.0
v1,baseline,rough_seed_15,rough_seed_28,wm000_ws000_we100,lm000_ls080_le020,lm000_ls080_le020,1,0.0,0.0,0.0
v1,baseline,rough_seed_15,rough_seed_28,balanced,lm000_ls100_le000,lm060_ls040_le000,0,0.16401860528735004,0.3302724378528881,0.16625383256553808
v1,baseline,rough_seed_15,rough_seed_28,motion,lm060_ls040_le000,lm040_ls060_le000,0,0.08084593725688764,0.10425991846924325,0.023413981212355606
v1,baseline,rough_seed_15,rough_seed_28,stability,lm000_ls100_le000,lm000_ls040_le060,0,0.15212206927972094,0.6886828713056864,0.5365608020259655
v1,baseline,rough_seed_15,rough_seed_28,energy,lm000_ls100_le000,lm000_ls080_le020,0,0.08887056472365981,0.5996704458243681,0.5107998811007083
v1,baseline,rough_seed_0,rough_seed_20,wm100_ws000_we000,lm100_ls000_le000,lm080_ls020_le000,0,0.0,0.10619701109911484,0.10619701109911484
v1,baseline,rough_seed_0,rough_seed_20,wm080_ws020_we000,lm080_ls000_le020,lm100_ls000_le000,0,0.1321155908798785,0.24271117982921991,0.1105955889493414
v1,baseline,rough_seed_0,rough_seed_20,wm080_ws000_we020,lm060_ls020_le020,lm060_ls040_le000,0,0.07240453062202368,0.18352336060504706,0.11111882998302339
v1,baseline,rough_seed_0,rough_seed_20,wm060_ws040_we000,lm000_ls060_le040,lm100_ls000_le000,0,0.26317972620432023,0.4386916723807043,0.17551194617638405
v1,baseline,rough_seed_0,rough_seed_20,wm060_ws020_we020,lm080_ls000_le020,lm100_ls000_le000,0,0.13190529976879115,0.24384552246622015,0.11194022269742901
v1,baseline,rough_seed_0,rough_seed_20,wm060_ws000_we040,lm060_ls020_le020,lm060_ls040_le000,0,0.0545652943321587,0.13846995083375396,0.08390465650159526
v1,baseline,rough_seed_0,rough_seed_20,wm040_ws060_we000,lm060_ls000_le040,lm060_ls000_le040,1,0.2718203446830262,0.2718203446830262,0.0
v1,baseline,rough_seed_0,rough_seed_20,wm040_ws040_we020,lm040_ls020_le040,lm100_ls000_le000,0,0.26296943509323284,0.28126674966425325,0.018297314571020407
v1,baseline,rough_seed_0,rough_seed_20,wm040_ws020_we040,lm060_ls020_le020,lm100_ls000_le000,0,0.13169500865770378,0.16470981306037352,0.03301480440266974
v1,baseline,rough_seed_0,rough_seed_20,wm040_ws000_we060,lm060_ls020_le020,lm100_ls000_le000,0,0.04247880443964593,0.20147437864055162,0.15899557420090568
v1,baseline,rough_seed_0,rough_seed_20,wm020_ws080_we000,lm020_ls020_le060,lm060_ls000_le040,0,0.1364945676812423,0.2810911202354776,0.1445965525542353
v1,baseline,rough_seed_0,rough_seed_20,wm020_ws060_we020,lm000_ls040_le060,lm000_ls060_le040,0,0.14786028400704418,0.20295013725491012,0.055089853247865944
v1,baseline,rough_seed_0,rough_seed_20,wm020_ws040_we040,lm000_ls060_le040,lm000_ls040_le060,0,0.2039002745098202,0.2821195723939319,0.07821929788411167
v1,baseline,rough_seed_0,rough_seed_20,wm020_ws020_we060,lm060_ls020_le020,lm100_ls000_le000,0,0.13148471754661642,0.20263047087660122,0.0711457533299848
v1,baseline,rough_seed_0,rough_seed_20,wm020_ws000_we080,lm060_ls020_le020,lm100_ls000_le000,0,0.021239402219822966,0.2678781260739489,0.24663872385412594
v1,baseline,rough_seed_0,rough_seed_20,wm000_ws100_we000,lm000_ls000_le100,lm000_ls040_le060,0,0.0,1.0077251938548986,1.0077251938548986
v1,baseline,rough_seed_0,rough_seed_20,wm000_ws080_we020,lm000_ls040_le060,lm000_ls040_le060,1,0.09596386274592054,0.09596386274592054,0.0
v1,baseline,rough_seed_0,rough_seed_20,wm000_ws060_we040,lm000_ls040_le060,lm000_ls040_le060,1,0.1919277254918411,0.1919277254918411,0.0
v1,baseline,rough_seed_0,rough_seed_20,wm000_ws040_we060,lm080_ls000_le020,lm100_ls000_le000,0,0.26254885287105817,0.4874634161028164,0.22491456323175824
v1,baseline,rough_seed_0,rough_seed_20,wm000_ws020_we080,lm060_ls020_le020,lm100_ls000_le000,0,0.13127442643552908,0.2690342183099985,0.13775979187446943
v1,baseline,rough_seed_0,rough_seed_20,wm000_ws000_we100,lm060_ls020_le020,lm100_ls000_le000,0,0.0,0.33428187350734617,0.33428187350734617
v1,baseline,rough_seed_0,rough_seed_20,balanced,lm000_ls060_le040,lm100_ls000_le000,0,0.21914119591102738,0.24608911680050252,0.026947920889475147
v1,baseline,rough_seed_0,rough_seed_20,motion,lm080_ls000_le020,lm100_ls000_le000,0,0.09919183871545255,0.18322463471632114,0.08403279600086859
v1,baseline,rough_seed_0,rough_seed_20,stability,lm000_ls040_le060,lm000_ls060_le040,0,0.11102447170949731,0.15221260294118258,0.04118813123168527
v1,baseline,rough_seed_0,rough_seed_20,energy,lm060_ls020_le020,lm100_ls000_le000,0,0.09861353815996232,0.23554332153428742,0.1369297833743251
v1,baseline,rough_seed_5,rough_seed_17,wm100_ws000_we000,lm060_ls040_le000,lm000_ls100_le000,0,0.0,0.02165912241770377,0.02165912241770377
v1,baseline,rough_seed_5,rough_seed_17,wm080_ws020_we000,lm100_ls000_le000,lm020_ls060_le020,0,0.1417892183131797,0.14277574632460413,0.0009865280114244313
v1,baseline,rough_seed_5,rough_seed_17,wm080_ws000_we020,lm100_ls000_le000,lm060_ls040_le000,0,0.02538358769848591,0.06443914666791985,0.03905555896943394
v1,baseline,rough_seed_5,rough_seed_17,wm060_ws040_we000,lm100_ls000_le000,lm060_ls020_le020,0,0.24392489939300094,0.2847600729537938,0.04083517356079286
v1,baseline,rough_seed_5,rough_seed_17,wm060_ws020_we020,lm100_ls000_le000,lm020_ls060_le020,0,0.14147579821119285,0.1431098976639537,0.0016340994527608566
v1,baseline,rough_seed_5,rough_seed_17,wm060_ws000_we040,lm100_ls000_le000,lm080_ls020_le000,0,0.04674099175401099,0.09994677806061128,0.05320578630660029
v1,baseline,rough_seed_5,rough_seed_17,wm040_ws060_we000,lm100_ls000_le000,lm060_ls020_le020,0,0.3645046502644354,0.4267443995829834,0.06223974931854798
v1,baseline,rough_seed_5,rough_seed_17,wm040_ws040_we020,lm100_ls000_le000,lm060_ls020_le020,0,0.2436028312879478,0.2850942242931434,0.04149139300519561
v1,baseline,rough_seed_5,rough_seed_17,wm040_ws020_we040,lm100_ls000_le000,lm060_ls020_le020,0,0.12270101231146018,0.14344404900330332,0.020743036691843145
v1,baseline,rough_seed_5,rough_seed_17,wm040_ws000_we060,lm100_ls000_le000,lm000_ls080_le020,0,0.04853432683236005,0.14952445724320967,0.10099013041084962
v1,baseline,rough_seed_5,rough_seed_17,wm020_ws080_we000,lm100_ls000_le000,lm020_ls040_le040,0,0.18563973238387022,0.5687287262121732,0.38308899382830297
v1,baseline,rough_seed_5,rough_seed_17,wm020_ws060_we020,lm100_ls000_le000,lm020_ls040_le040,0,0.1868755992148271,0.427078550922333,0.24020295170750589
v1,baseline,rough_seed_5,rough_seed_17,wm020_ws040_we040,lm100_ls000_le000,lm000_ls040_le060,0,0.20388455696645139,0.285428375632493,0.08154381866604163
v1,baseline,rough_seed_5,rough_seed_17,wm020_ws020_we060,lm100_ls000_le000,lm060_ls020_le020,0,0.12237894420640703,0.1507735258840107,0.028394581677603656
v1,baseline,rough_seed_5,rough_seed_17,wm020_ws000_we080,lm020_ls060_le020,lm020_ls060_le020,1,0.031655430300672395,0.031655430300672395,0.0
v1,baseline,rough_seed_5,rough_seed_17,wm000_ws100_we000,lm060_ls000_le040,lm000_ls040_le060,0,0.0,0.11919280869751918,0.11919280869751918
v1,baseline,rough_seed_5,rough_seed_17,wm000_ws080_we020,lm100_ls000_le000,lm000_ls040_le060,0,0.0951701268057946,0.5690628775515227,0.4738927507457281
v1,baseline,rough_seed_5,rough_seed_17,wm000_ws060_we040,lm100_ls000_le000,lm000_ls040_le060,0,0.1903402536115892,0.4274127022616826,0.2370724486500934
v1,baseline,rough_seed_5,rough_seed_17,wm000_ws040_we060,lm100_ls000_le000,lm060_ls020_le020,0,0.2429586950778415,0.2857625269718426,0.04280383189400111
v1,baseline,rough_seed_5,rough_seed_17,wm000_ws020_we080,lm020_ls060_le020,lm060_ls020_le020,0,0.12205687610135389,0.14053553790523227,0.018478661803878374
v1,baseline,rough_seed_5,rough_seed_17,wm000_ws000_we100,lm020_ls060_le020,lm020_ls060_le020,1,0.0,0.0,0.0
v1,baseline,rough_seed_5,rough_seed_17,balanced,lm100_ls000_le000,lm060_ls020_le020,0,0.2031948689274342,0.2379888829763132,0.034794014048878996
v1,baseline,rough_seed_5,rough_seed_17,motion,lm100_ls000_le000,lm100_ls000_le000,1,0.10753027817181889,0.10753027817181889,0.0
v1,baseline,rough_seed_5,rough_seed_17,stability,lm100_ls000_le000,lm020_ls040_le040,0,0.14056170513887578,0.49798717640209045,0.35742547126321467
v1,baseline,rough_seed_5,rough_seed_17,energy,lm020_ls060_le020,lm060_ls020_le020,0,0.09207297243602183,0.10563671850541434,0.013563746069392507
v1,baseline,rough_seed_11,rough_seed_4,wm100_ws000_we000,lm080_ls020_le000,lm100_ls000_le000,0,0.0,0.1055186360505593,0.1055186360505593
v1,baseline,rough_seed_11,rough_seed_4,wm080_ws020_we000,lm020_ls080_le000,lm080_ls020_le000,0,0.19936358426270173,0.7283839396067534,0.5290203553440517
v1,baseline,rough_seed_11,rough_seed_4,wm080_ws000_we020,lm020_ls080_le000,lm100_ls000_le000,0,0.19931779513940673,0.7289988036554621,0.5296810085160554
v1,baseline,rough_seed_11,rough_seed_4,wm060_ws040_we000,lm020_ls080_le000,lm080_ls020_le000,0,0.3976824295546058,0.546287954705065,0.14860552515045916
v1,baseline,rough_seed_11,rough_seed_4,wm060_ws020_we020,lm020_ls080_le000,lm100_ls000_le000,0,0.20397344351623176,0.5469028187537736,0.3429293752375418
v1,baseline,rough_seed_11,rough_seed_4,wm060_ws000_we040,lm020_ls080_le000,lm100_ls000_le000,0,0.39863559027881346,0.5475176828024823,0.1488820925236688
v1,baseline,rough_seed_11,rough_seed_4,wm040_ws060_we000,lm020_ls080_le000,lm020_ls080_le000,1,0.3641919698033767,0.3641919698033767,0.0
v1,baseline,rough_seed_11,rough_seed_4,wm040_ws040_we020,lm020_ls080_le000,lm020_ls080_le000,1,0.36480683385208534,0.36480683385208534,0.0
v1,baseline,rough_seed_11,rough_seed_4,wm040_ws020_we040,lm020_ls080_le000,lm020_ls080_le000,1,0.36542169790079404,0.36542169790079404,0.0
v1,baseline,rough_seed_11,rough_seed_4,wm040_ws000_we060,lm060_ls040_le000,lm020_ls080_le000,0,0.36603656194950274,0.655530479426856,0.2894939174773533
v1,baseline,rough_seed_11,rough_seed_4,wm020_ws080_we000,lm000_ls100_le000,lm020_ls080_le000,0,0.18209598490168835,0.20211183563441315,0.0200158507327248
v1,baseline,rough_seed_11,rough_seed_4,wm020_ws060_we020,lm000_ls100_le000,lm020_ls080_le000,0,0.18271084895039702,0.20208387672580985,0.019373027775412832
v1,baseline,rough_seed_11,rough_seed_4,wm020_ws040_we040,lm000_ls100_le000,lm020_ls080_le000,0,0.1833257129991057,0.20205591781720658,0.018730204818100893
v1,baseline,rough_seed_11,rough_seed_4,wm020_ws020_we060,lm020_ls080_le000,lm020_ls080_le000,1,0.1881067373023103,0.1881067373023103,0.0
v1,baseline,rough_seed_11,rough_seed_4,wm020_ws000_we080,lm060_ls040_le000,lm000_ls100_le000,0,0.202,0.8730664906016244,0.6710664906016244
v1,baseline,rough_seed_11,rough_seed_4,wm000_ws100_we000,lm000_ls100_le000,lm020_ls080_le000,0,0.0,0.01411924884465801,0.01411924884465801
v1,baseline,rough_seed_11,rough_seed_4,wm000_ws080_we020,lm000_ls100_le000,lm000_ls100_le000,1,0.011295399075726409,0.011295399075726409,0.0
v1,baseline,rough_seed_11,rough_seed_4,wm000_ws060_we040,lm000_ls100_le000,lm000_ls100_le000,1,0.008471549306794807,0.008471549306794807,0.0
v1,baseline,rough_seed_11,rough_seed_4,wm000_ws040_we060,lm000_ls100_le000,lm000_ls100_le000,1,0.0056476995378632044,0.0056476995378632044,0.0
v1,baseline,rough_seed_11,rough_seed_4,wm000_ws020_we080,lm000_ls100_le000,lm000_ls100_le000,1,0.0028238497689316022,0.0028238497689316022,0.0
v1,baseline,rough_seed_11,rough_seed_4,wm000_ws000_we100,lm000_ls100_le000,lm000_ls100_le000,1,0.0,0.0,0.0
v1,baseline,rough_seed_11,rough_seed_4,balanced,lm020_ls080_le000,lm020_ls080_le000,1,0.30451808158399496,0.30451808158399496,0.0
v1,baseline,rough_seed_11,rough_seed_4,motion,lm020_ls080_le000,lm100_ls000_le000,0,0.1529800826371738,0.6377970951924405,0.48481701255526677
v1,baseline,rough_seed_11,rough_seed_4,stability,lm000_ls100_le000,lm020_ls080_le000,0,0.13703313671279774,0.15159785618011148,0.014564719467313747
v1,baseline,rough_seed_11,rough_seed_4,energy,lm020_ls080_le000,lm000_ls100_le000,0,0.15152096918145247,0.21870663912620325,0.06718566994475078
v1,baseline,rough_seed_4,rough_seed_12,wm100_ws000_we000,lm100_ls000_le000,lm080_ls020_le000,0,0.0,4.754650046730866,4.754650046730866
v1,baseline,rough_seed_4,rough_seed_12,wm080_ws020_we000,lm100_ls000_le000,lm020_ls080_le000,0,0.10360034889211242,3.805734311330335,3.702133962438223
v1,baseline,rough_seed_4,rough_seed_12,wm080_ws000_we020,lm100_ls000_le000,lm020_ls080_le000,0,0.048722039426145156,3.8053961673795125,3.7566741279533673
v1,baseline,rough_seed_4,rough_seed_12,wm060_ws040_we000,lm100_ls000_le000,lm020_ls080_le000,0,0.20660147188439923,2.8568185759298035,2.6502171040454043
v1,baseline,rough_seed_4,rough_seed_12,wm060_ws020_we020,lm100_ls000_le000,lm020_ls080_le000,0,0.10378509043238345,2.856480431978981,2.7526953415465973
v1,baseline,rough_seed_4,rough_seed_12,wm060_ws000_we040,lm100_ls000_le000,lm020_ls080_le000,0,0.06188605302759792,2.8561422880281584,2.7942562350005606
v1,baseline,rough_seed_4,rough_seed_12,wm040_ws060_we000,lm040_ls040_le020,lm020_ls080_le000,0,0.309602594876686,11.44049003090503,11.130887436028344
v1,baseline,rough_seed_4,rough_seed_12,wm040_ws040_we020,lm080_ls000_le020,lm020_ls080_le000,0,0.20678621342467027,11.186168981169686,10.979382767745015
v1,baseline,rough_seed_4,rough_seed_12,wm040_ws020_we040,lm100_ls000_le000,lm020_ls080_le000,0,0.10396983197265448,1.9072265526276275,1.803256720654973
v1,baseline,rough_seed_4,rough_seed_12,wm040_ws000_we060,lm100_ls000_le000,lm060_ls040_le000,0,0.07715621077958547,1.9068884086768052,1.8297321978972196
v1,baseline,rough_seed_4,rough_seed_12,wm020_ws080_we000,lm040_ls040_le020,lm000_ls100_le000,0,0.202,5.723895632180316,5.521895632180316
v1,baseline,rough_seed_4,rough_seed_12,wm020_ws060_we020,lm040_ls040_le020,lm000_ls100_le000,0,0.202,5.726194999521602,5.524194999521602
v1,baseline,rough_seed_4,rough_seed_12,wm020_ws040_we040,lm040_ls040_le020,lm000_ls100_le000,0,0.202,5.728494366862888,5.526494366862888
v1,baseline,rough_seed_4,rough_seed_12,wm020_ws020_we060,lm100_ls000_le000,lm020_ls080_le000,0,0.10415457351292551,0.9579726732762738,0.8538180997633482
v1,baseline,rough_seed_4,rough_seed_12,wm020_ws000_we080,lm100_ls000_le000,lm060_ls040_le000,0,0.09965119434704378,0.9576345293254513,0.8579833349784076
v1,baseline,rough_seed_4,rough_seed_12,wm000_ws100_we000,lm040_ls040_le020,lm000_ls100_le000,0,0.0,0.7374245790157009,0.7374245790157009
v1,baseline,rough_seed_4,rough_seed_12,wm000_ws080_we020,lm040_ls040_le020,lm000_ls100_le000,0,0.0,0.5936992772449672,0.5936992772449672
v1,baseline,rough_seed_4,rough_seed_12,wm000_ws060_we040,lm040_ls040_le020,lm000_ls100_le000,0,0.0,0.7638227746194468,0.7638227746194468
v1,baseline,rough_seed_4,rough_seed_12,wm000_ws040_we060,lm100_ls000_le000,lm000_ls100_le000,0,0.0,0.5118959363215952,0.5118959363215952
v1,baseline,rough_seed_4,rough_seed_12,wm000_ws020_we080,lm100_ls000_le000,lm000_ls100_le000,0,0.0,0.6791707918527239,0.6791707918527239
v1,baseline,rough_seed_4,rough_seed_12,wm000_ws000_we100,lm100_ls000_le000,lm000_ls100_le000,0,0.0,0.8464456473838523,0.8464456473838523
v1,baseline,rough_seed_4,rough_seed_12,balanced,lm100_ls000_le000,lm020_ls080_le000,0,0.17257566678742198,1.5910340221443913,1.4184583553569694
v1,baseline,rough_seed_4,rough_seed_12,motion,lm100_ls000_le000,lm020_ls080_le000,0,0.07798862429924398,3.3310228356669525,3.2530342113677087
v1,baseline,rough_seed_4,rough_seed_12,stability,lm040_ls040_le020,lm000_ls100_le000,0,0.1515,4.296471558005101,4.144971558005101
v1,baseline,rough_seed_4,rough_seed_12,energy,lm100_ls000_le000,lm020_ls080_le000,0,0.10852703925210863,0.7205746674507296,0.612047628198621
v1,baseline,rough_seed_25,rough_seed_6,wm100_ws000_we000,lm080_ls020_le000,lm100_ls000_le000,0,0.0,0.033274517716205085,0.033274517716205085
v1,baseline,rough_seed_25,rough_seed_6,wm080_ws020_we000,lm020_ls080_le000,lm080_ls000_le020,0,0.12533871318045423,0.1824377803008253,0.05709906712037108
v1,baseline,rough_seed_25,rough_seed_6,wm080_ws000_we020,lm100_ls000_le000,lm100_ls000_le000,1,0.015800089386051264,0.015800089386051264,0.0
v1,baseline,rough_seed_25,rough_seed_6,wm060_ws040_we000,lm000_ls080_le020,lm040_ls040_le020,0,0.14365801486556262,0.2281934281715864,0.08453541330602377
v1,baseline,rough_seed_25,rough_seed_6,wm060_ws020_we020,lm020_ls080_le000,lm080_ls000_le020,0,0.09463197959606273,0.18416272954009344,0.08953074994403071
v1,baseline,rough_seed_25,rough_seed_6,wm060_ws000_we040,lm100_ls000_le000,lm100_ls000_le000,1,0.03160017877210253,0.03160017877210253,0.0
v1,baseline,rough_seed_25,rough_seed_6,wm040_ws060_we000,lm040_ls020_le040,lm040_ls020_le040,1,0.14300978688508584,0.14300978688508584,0.0
v1,baseline,rough_seed_25,rough_seed_6,wm040_ws040_we020,lm000_ls080_le020,lm040_ls040_le020,0,0.10179164621421029,0.33179944201335765,0.23000779579914737
v1,baseline,rough_seed_25,rough_seed_6,wm040_ws020_we040,lm020_ls080_le000,lm080_ls000_le020,0,0.0901187931790877,0.3655110829477507,0.275392289768663
v1,baseline,rough_seed_25,rough_seed_6,wm040_ws000_we060,lm100_ls000_le000,lm100_ls000_le000,1,0.04740026815815378,0.04740026815815378,0.0
v1,baseline,rough_seed_25,rough_seed_6,wm020_ws080_we000,lm020_ls040_le040,lm060_ls000_le040,0,0.07853022180055476,0.30220588244620145,0.2236756606456467
v1,baseline,rough_seed_25,rough_seed_6,wm020_ws060_we020,lm000_ls060_le040,lm040_ls040_le020,0,0.15166508730912093,0.2475799712160032,0.09591488390688227
v1,baseline,rough_seed_25,rough_seed_6,wm020_ws040_we040,lm000_ls080_le020,lm040_ls040_le020,0,0.10148226669681978,0.659603791255677,0.5581215245588572
v1,baseline,rough_seed_25,rough_seed_6,wm020_ws020_we060,lm020_ls080_le000,lm040_ls040_le020,0,0.05129944608451861,0.5468594363554078,0.49555999027088915
v1,baseline,rough_seed_25,rough_seed_6,wm020_ws000_we080,lm100_ls000_le000,lm100_ls000_le000,1,0.06320035754420505,0.06320035754420505,0.0
v1,baseline,rough_seed_25,rough_seed_6,wm000_ws100_we000,lm040_ls000_le060,lm060_ls000_le040,0,0.0,1.6971490464358463,1.6971490464358463
v1,baseline,rough_seed_25,rough_seed_6,wm000_ws080_we020,lm040_ls000_le060,lm060_ls000_le040,0,0.15795342125440343,1.359411975878127,1.2014585546237235
v1,baseline,rough_seed_25,rough_seed_6,wm000_ws060_we040,lm040_ls000_le060,lm040_ls040_le020,0,0.15135570779173044,1.0216749053204073,0.8703191975286768
v1,baseline,rough_seed_25,rough_seed_6,wm000_ws040_we060,lm000_ls080_le020,lm040_ls040_le020,0,0.1011728871794293,0.9874081404979962,0.8862352533185669
v1,baseline,rough_seed_25,rough_seed_6,wm000_ws020_we080,lm020_ls080_le000,lm040_ls040_le020,0,0.06572393126688088,0.7282077897630652,0.6624838584961843
v1,baseline,rough_seed_25,rough_seed_6,wm000_ws000_we100,lm100_ls000_le000,lm020_ls000_le080,0,0.0,0.0790004469302563,0.0790004469302563
v1,baseline,rough_seed_25,rough_seed_6,balanced,lm000_ls080_le020,lm040_ls040_le020,0,0.08496091283764638,0.5501568008844621,0.46519588804681566
v1,baseline,rough_seed_25,rough_seed_6,motion,lm020_ls080_le000,lm080_ls000_le020,0,0.10990658261383564,0.13844021655843017,0.02853363394459453
v1,baseline,rough_seed_25,rough_seed_6,stability,lm000_ls060_le040,lm060_ls000_le040,0,0.11904821115219281,0.2875508313190515,0.16850262016685869
v1,baseline,rough_seed_25,rough_seed_6,energy,lm040_ls060_le000,lm040_ls040_le020,0,0.05779925412517968,0.418528845520666,0.3607295913954863
v1,baseline,rough_seed_12,rough_seed_4,wm100_ws000_we000,lm080_ls020_le000,lm100_ls000_le000,0,0.0,0.04025001642554341,0.04025001642554341
v1,baseline,rough_seed_12,rough_seed_4,wm080_ws020_we000,lm020_ls080_le000,lm100_ls000_le000,0,0.202,0.46661040157976363,0.2646104015797636
v1,baseline,rough_seed_12,rough_seed_4,wm080_ws000_we020,lm020_ls080_le000,lm100_ls000_le000,0,0.0,0.46720999338503577,0.46720999338503577
v1,baseline,rough_seed_12,rough_seed_4,wm060_ws040_we000,lm020_ls080_le000,lm100_ls000_le000,0,0.404,0.5343575020822832,0.13035750208228314
v1,baseline,rough_seed_12,rough_seed_4,wm060_ws020_we020,lm020_ls080_le000,lm100_ls000_le000,0,0.202,0.35384274008335664,0.15184274008335663
v1,baseline,rough_seed_12,rough_seed_4,wm060_ws000_we040,lm020_ls080_le000,lm100_ls000_le000,0,0.0,0.6554750467472544,0.6554750467472544
v1,baseline,rough_seed_12,rough_seed_4,wm040_ws060_we000,lm020_ls080_le000,lm040_ls040_le020,0,0.404,0.7986650766141106,0.39466507661411054
v1,baseline,rough_seed_12,rough_seed_4,wm040_ws040_we020,lm020_ls080_le000,lm080_ls000_le020,0,0.3697303579644351,0.5364369009584391,0.166706542994004
v1,baseline,rough_seed_12,rough_seed_4,wm040_ws020_we040,lm020_ls080_le000,lm100_ls000_le000,0,0.202,0.6569548538181382,0.4549548538181382
v1,baseline,rough_seed_12,rough_seed_4,wm040_ws000_we060,lm060_ls040_le000,lm100_ls000_le000,0,0.0,0.7380245928602397,0.7380245928602397
v1,baseline,rough_seed_12,rough_seed_4,wm020_ws080_we000,lm000_ls100_le000,lm040_ls040_le020,0,0.202,1.4291355920613915,1.2271355920613916
v1,baseline,rough_seed_12,rough_seed_4,wm020_ws060_we020,lm000_ls100_le000,lm040_ls040_le020,0,0.20341142477832982,1.0763059790679481,0.8728945542896183
v1,baseline,rough_seed_12,rough_seed_4,wm020_ws040_we040,lm000_ls100_le000,lm040_ls040_le020,0,0.2871078052226233,0.8487077846345906,0.5615999794119673
v1,baseline,rough_seed_12,rough_seed_4,wm020_ws020_we060,lm020_ls080_le000,lm100_ls000_le000,0,0.202,0.9818212006824513,0.7798212006824512
v1,baseline,rough_seed_12,rough_seed_4,wm020_ws000_we080,lm060_ls040_le000,lm100_ls000_le000,0,0.0,0.9830400820728059,0.9830400820728059
v1,baseline,rough_seed_12,rough_seed_4,wm000_ws100_we000,lm000_ls100_le000,lm040_ls040_le020,0,0.0,1.78495163893553,1.78495163893553
v1,baseline,rough_seed_12,rough_seed_4,wm000_ws080_we020,lm000_ls100_le000,lm040_ls040_le020,0,0.14255390261131165,1.4321220259420868,1.2895681233307752
v1,baseline,rough_seed_12,rough_seed_4,wm000_ws060_we040,lm000_ls100_le000,lm040_ls040_le020,0,0.2851078052226233,1.0792924129486436,0.7941846077260204
v1,baseline,rough_seed_12,rough_seed_4,wm000_ws040_we060,lm000_ls100_le000,lm100_ls000_le000,0,0.404,1.2677656978815723,0.8637656978815723
v1,baseline,rough_seed_12,rough_seed_4,wm000_ws020_we080,lm000_ls100_le000,lm100_ls000_le000,0,0.202,1.6844633343406592,1.4824633343406592
v1,baseline,rough_seed_12,rough_seed_4,wm000_ws000_we100,lm000_ls100_le000,lm100_ls000_le000,0,0.0,2.1011609707997456,2.1011609707997456
v1,baseline,rough_seed_12,rough_seed_4,balanced,lm020_ls080_le000,lm100_ls000_le000,0,0.33666666666666667,0.5496526095772897,0.212985942910623
v1,baseline,rough_seed_12,rough_seed_4,motion,lm020_ls080_le000,lm100_ls000_le000,0,0.1515,0.4103764687828781,0.25887646878287807
v1,baseline,rough_seed_12,rough_seed_4,stability,lm000_ls100_le000,lm040_ls040_le020,0,0.15255856858374736,1.2534673940348435,1.1009088254510961
v1,baseline,rough_seed_12,rough_seed_4,energy,lm020_ls080_le000,lm100_ls000_le000,0,0.1515,1.143884422346887,0.992384422346887
v1,baseline,rough_seed_6,rough_seed_12,wm100_ws000_we000,lm100_ls000_le000,lm080_ls020_le000,0,0.0,0.019444788457276867,0.019444788457276867
v1,baseline,rough_seed_6,rough_seed_12,wm080_ws020_we000,lm100_ls000_le000,lm020_ls080_le000,0,0.11766906181740024,0.17037765631515675,0.052708594497756514
v1,baseline,rough_seed_6,rough_seed_12,wm080_ws000_we020,lm100_ls000_le000,lm100_ls000_le000,1,0.015555830765821493,0.015555830765821493,0.0
v1,baseline,rough_seed_6,rough_seed_12,wm060_ws040_we000,lm100_ls000_le000,lm000_ls080_le020,0,0.19513767175767274,0.34056278997232065,0.1454251182146479
v1,baseline,rough_seed_6,rough_seed_12,wm060_ws020_we020,lm100_ls000_le000,lm020_ls080_le000,0,0.11797135871125086,0.17033915178355818,0.05236779307230732
v1,baseline,rough_seed_6,rough_seed_12,wm060_ws000_we040,lm100_ls000_le000,lm100_ls000_le000,1,0.011666873074366119,0.011666873074366119,0.0
v1,baseline,rough_seed_6,rough_seed_12,wm040_ws060_we000,lm040_ls040_le020,lm040_ls020_le040,0,0.2293649881458,0.30935008907204603,0.07998510092624603
v1,baseline,rough_seed_6,rough_seed_12,wm040_ws040_we020,lm080_ls000_le020,lm000_ls080_le020,0,0.17012522035353672,0.3416185438068079,0.17149332345327117
v1,baseline,rough_seed_6,rough_seed_12,wm040_ws020_we040,lm100_ls000_le000,lm020_ls080_le000,0,0.11827365560510147,0.17030064725195962,0.052026991646858145
v1,baseline,rough_seed_6,rough_seed_12,wm040_ws000_we060,lm100_ls000_le000,lm100_ls000_le000,1,0.007777915382910746,0.007777915382910746,0.0
v1,baseline,rough_seed_6,rough_seed_12,wm020_ws080_we000,lm040_ls040_le020,lm020_ls040_le040,0,0.1209861865983622,0.4113471433554212,0.29036095675705903
v1,baseline,rough_seed_6,rough_seed_12,wm020_ws060_we020,lm040_ls040_le020,lm000_ls060_le040,0,0.12434206404501243,0.31016904684215274,0.18582698279714033
v1,baseline,rough_seed_6,rough_seed_12,wm020_ws040_we040,lm040_ls040_le020,lm000_ls080_le020,0,0.16995024233665781,0.3038349204988112,0.1338846781621534
v1,baseline,rough_seed_6,rough_seed_12,wm020_ws020_we060,lm100_ls000_le000,lm020_ls080_le000,0,0.12027080222910068,0.17026214272036105,0.049991340491260375
v1,baseline,rough_seed_6,rough_seed_12,wm020_ws000_we080,lm100_ls000_le000,lm100_ls000_le000,1,0.003888957691455373,0.003888957691455373,0.0
v1,baseline,rough_seed_6,rough_seed_12,wm000_ws100_we000,lm040_ls040_le020,lm040_ls000_le060,0,0.0,0.5133441976387964,0.5133441976387964
v1,baseline,rough_seed_6,rough_seed_12,wm000_ws080_we020,lm040_ls040_le020,lm040_ls000_le060,0,0.09912048199041387,0.4121661011255279,0.313045619135114
v1,baseline,rough_seed_6,rough_seed_12,wm000_ws060_we040,lm040_ls040_le020,lm040_ls000_le060,0,0.19824096398082774,0.31098800461225945,0.1127470406314317
v1,baseline,rough_seed_6,rough_seed_12,wm000_ws040_we060,lm100_ls000_le000,lm000_ls080_le020,0,0.1697752643197789,0.340447276377525,0.17067201205774607
v1,baseline,rough_seed_6,rough_seed_12,wm000_ws020_we080,lm100_ls000_le000,lm020_ls080_le000,0,0.15985324492759392,0.1702236381887625,0.010370393261168565
v1,baseline,rough_seed_6,rough_seed_12,wm000_ws000_we100,lm100_ls000_le000,lm100_ls000_le000,1,0.0,0.0,0.0
v1,baseline,rough_seed_6,rough_seed_12,balanced,lm100_ls000_le000,lm000_ls080_le020,0,0.14215729902371685,0.2837702378672684,0.14161293884355156
v1,baseline,rough_seed_6,rough_seed_12,motion,lm100_ls000_le000,lm020_ls080_le000,0,0.08859164973868289,0.12780249450216682,0.03921084476348394
v1,baseline,rough_seed_6,rough_seed_12,stability,lm040_ls040_le020,lm000_ls060_le040,0,0.09338578569369428,0.36096283454131367,0.2675770488476194
v1,baseline,rough_seed_6,rough_seed_12,energy,lm100_ls000_le000,lm040_ls060_le000,0,0.12272412383380095,0.12769660704027078,0.004972483206469827
v1,baseline,rough_seed_29,rough_seed_18,wm100_ws000_we000,lm000_ls100_le000,lm100_ls000_le000,0,0.0,0.5188786915160138,0.5188786915160138
v1,baseline,rough_seed_29,rough_seed_18,wm080_ws020_we000,lm000_ls100_le000,lm100_ls000_le000,0,0.14138735532087288,0.41587935652571684,0.27449200120484396
v1,baseline,rough_seed_29,rough_seed_18,wm080_ws000_we020,lm000_ls100_le000,lm060_ls040_le000,0,0.14965890669506476,0.4163201407354142,0.2666612340403494
v1,baseline,rough_seed_29,rough_seed_18,wm060_ws040_we000,lm000_ls100_le000,lm060_ls040_le000,0,0.11272705211836323,0.3128800215354198,0.2001529694170566
v1,baseline,rough_seed_29,rough_seed_18,wm060_ws020_we020,lm000_ls100_le000,lm060_ls040_le000,0,0.11292156873340709,0.31332080574511717,0.20039923701171009
v1,baseline,rough_seed_29,rough_seed_18,wm060_ws000_we040,lm000_ls100_le000,lm060_ls040_le000,0,0.14200604974727948,0.3137615899548145,0.17175554020753503
v1,baseline,rough_seed_29,rough_seed_18,wm040_ws060_we000,lm040_ls040_le020,lm040_ls060_le000,0,0.13756749512136274,0.5293684282623878,0.3918009331410251
v1,baseline,rough_seed_29,rough_seed_18,wm040_ws040_we020,lm000_ls100_le000,lm040_ls060_le000,0,0.0931073823940256,0.2103214707548202,0.11721408836079458
v1,baseline,rough_seed_29,rough_seed_18,wm040_ws020_we040,lm000_ls100_le000,lm060_ls040_le000,0,0.1421403411008057,0.24870324799365065,0.10656290689284495
v1,baseline,rough_seed_29,rough_seed_18,wm040_ws000_we060,lm000_ls100_le000,lm080_ls020_le000,0,0.16486487709146663,0.37086278446365983,0.2059979073721932
v1,baseline,rough_seed_29,rough_seed_18,wm020_ws080_we000,lm040_ls040_le020,lm080_ls020_le000,0,0.08163235807027222,0.7024912376831838,0.6208588796129115
v1,baseline,rough_seed_29,rough_seed_18,wm020_ws060_we020,lm040_ls040_le020,lm080_ls020_le000,0,0.08216574505391296,0.5276268949297022,0.4454611498757892
v1,baseline,rough_seed_29,rough_seed_18,wm020_ws040_we040,lm000_ls100_le000,lm080_ls020_le000,0,0.1085524118644407,0.24845216874909898,0.13989975688465828
v1,baseline,rough_seed_29,rough_seed_18,wm020_ws020_we060,lm000_ls100_le000,lm080_ls020_le000,0,0.1624244972121547,0.37061170521910813,0.20818720800695342
v1,baseline,rough_seed_29,rough_seed_18,wm020_ws000_we080,lm000_ls100_le000,lm080_ls000_le020,0,0.09221328900858783,0.4927712416891174,0.40055795268052957
v1,baseline,rough_seed_29,rough_seed_18,wm000_ws100_we000,lm040_ls040_le020,lm080_ls020_le000,0,0.0,0.8756140471039797,0.8756140471039797
v1,baseline,rough_seed_29,rough_seed_18,wm000_ws080_we020,lm040_ls040_le020,lm080_ls020_le000,0,0.05387208534771405,0.7007497043504981,0.6468776190027841
v1,baseline,rough_seed_29,rough_seed_18,wm000_ws060_we040,lm040_ls040_le020,lm080_ls020_le000,0,0.1077441706954281,0.5258853615970164,0.4181411909015883
v1,baseline,rough_seed_29,rough_seed_18,wm000_ws040_we060,lm000_ls100_le000,lm080_ls020_le000,0,0.16161625604314211,0.37036062597455643,0.20874436993141432
v1,baseline,rough_seed_29,rough_seed_18,wm000_ws020_we080,lm000_ls100_le000,lm040_ls040_le020,0,0.17615667609005298,0.4925201624445657,0.3163634863545127
v1,baseline,rough_seed_29,rough_seed_18,wm000_ws000_we100,lm000_ls100_le000,lm080_ls000_le020,0,0.0,0.6146796989145749,0.6146796989145749
v1,baseline,rough_seed_29,rough_seed_18,balanced,lm000_ls100_le000,lm060_ls040_le000,0,0.11886945728956978,0.20789970942213032,0.08903025213256054
v1,baseline,rough_seed_29,rough_seed_18,motion,lm000_ls100_le000,lm060_ls040_le000,0,0.13124160856047495,0.3647102771878413,0.23346866862736637
v1,baseline,rough_seed_29,rough_seed_18,stability,lm040_ls040_le020,lm080_ls020_le000,0,0.06162430879043471,0.6146236829732715,0.5529993741828368
v1,baseline,rough_seed_29,rough_seed_18,energy,lm000_ls100_le000,lm080_ls000_le020,0,0.15218475214610336,0.4316287036429748,0.2794439514968714
v1,baseline,rough_seed_18,rough_seed_29,wm100_ws000_we000,lm100_ls000_le000,lm000_ls100_le000,0,0.0,0.6623184343415022,0.6623184343415022
v1,baseline,rough_seed_18,rough_seed_29,wm080_ws020_we000,lm100_ls000_le000,lm000_ls100_le000,0,0.202,3.682226257741588,3.480226257741588
v1,baseline,rough_seed_18,rough_seed_29,wm080_ws000_we020,lm060_ls040_le000,lm000_ls100_le000,0,0.0,0.40498147258668077,0.40498147258668077
v1,baseline,rough_seed_18,rough_seed_29,wm060_ws040_we000,lm060_ls040_le000,lm000_ls100_le000,0,0.404,5.268087742158606,4.864087742158606
v1,baseline,rough_seed_18,rough_seed_29,wm060_ws020_we020,lm060_ls040_le000,lm000_ls100_le000,0,0.202,2.639488525282955,2.437488525282955
v1,baseline,rough_seed_18,rough_seed_29,wm060_ws000_we040,lm060_ls040_le000,lm000_ls100_le000,0,0.0,0.8050501112078652,0.8050501112078652
v1,baseline,rough_seed_18,rough_seed_29,wm040_ws060_we000,lm040_ls060_le000,lm040_ls040_le020,0,0.404,3.0340297617741787,2.630029761774179
v1,baseline,rough_seed_18,rough_seed_29,wm040_ws040_we020,lm040_ls060_le000,lm000_ls100_le000,0,0.404,2.0259398089103247,1.6219398089103247
v1,baseline,rough_seed_18,rough_seed_29,wm040_ws020_we040,lm060_ls040_le000,lm000_ls100_le000,0,0.202,2.6424767625038585,2.4404767625038586
v1,baseline,rough_seed_18,rough_seed_29,wm040_ws000_we060,lm080_ls020_le000,lm000_ls100_le000,0,0.0,1.4157761915572329,1.4157761915572329
v1,baseline,rough_seed_18,rough_seed_29,wm020_ws080_we000,lm080_ls020_le000,lm040_ls040_le020,0,0.202,4.7520134679686965,4.5500134679686965
v1,baseline,rough_seed_18,rough_seed_29,wm020_ws060_we020,lm080_ls020_le000,lm040_ls040_le020,0,0.20400000000000001,3.5690684440120815,3.3650684440120813
v1,baseline,rough_seed_18,rough_seed_29,wm020_ws040_we040,lm080_ls020_le000,lm000_ls100_le000,0,0.404,2.386123420055466,1.982123420055466
v1,baseline,rough_seed_18,rough_seed_29,wm020_ws020_we060,lm080_ls020_le000,lm000_ls100_le000,0,0.202,1.4259495691452426,1.2239495691452427
v1,baseline,rough_seed_18,rough_seed_29,wm020_ws000_we080,lm080_ls000_le020,lm000_ls100_le000,0,0.0,1.2250104232829329,1.2250104232829329
v1,baseline,rough_seed_18,rough_seed_29,wm000_ws100_we000,lm080_ls020_le000,lm040_ls040_le020,0,0.0,5.938035449397868,5.938035449397868
v1,baseline,rough_seed_18,rough_seed_29,wm000_ws080_we020,lm080_ls020_le000,lm040_ls040_le020,0,0.202,4.755090425441253,4.553090425441253
v1,baseline,rough_seed_18,rough_seed_29,wm000_ws060_we040,lm080_ls020_le000,lm040_ls040_le020,0,0.404,3.572145401484638,3.168145401484638
v1,baseline,rough_seed_18,rough_seed_29,wm000_ws040_we060,lm080_ls020_le000,lm000_ls100_le000,0,0.404,2.389200377528023,1.985200377528023
v1,baseline,rough_seed_18,rough_seed_29,wm000_ws020_we080,lm040_ls040_le020,lm000_ls100_le000,0,0.202,0.808,0.6060000000000001
v1,baseline,rough_seed_18,rough_seed_29,wm000_ws000_we100,lm080_ls000_le020,lm000_ls100_le000,0,0.0,1.5265755479918859,1.5265755479918859
v1,baseline,rough_seed_18,rough_seed_29,balanced,lm060_ls040_le000,lm000_ls100_le000,0,0.33666666666666667,4.395872319494594,4.059205652827927
v1,baseline,rough_seed_18,rough_seed_29,motion,lm060_ls040_le000,lm000_ls100_le000,0,0.1515,1.9808446024535902,1.8293446024535902
v1,baseline,rough_seed_18,rough_seed_29,stability,lm080_ls020_le000,lm040_ls040_le020,0,0.153,4.161310195358528,4.008310195358528
v1,baseline,rough_seed_18,rough_seed_29,energy,lm080_ls000_le020,lm000_ls100_le000,0,0.1515,1.52272697106622,1.37122697106622
v1,baseline,rough_seed_10,rough_seed_13,wm100_ws000_we000,lm100_ls000_le000,lm060_ls040_le000,0,0.0,0.010046092519815277,0.010046092519815277
v1,baseline,rough_seed_10,rough_seed_13,wm080_ws020_we000,lm080_ls020_le000,lm080_ls020_le000,1,0.08934336145439944,0.08934336145439944,0.0
v1,baseline,rough_seed_10,rough_seed_13,wm080_ws000_we020,lm080_ls020_le000,lm100_ls000_le000,0,0.027364594489203167,0.04630420744490725,0.018939612955704083
v1,baseline,rough_seed_10,rough_seed_13,wm060_ws040_we000,lm040_ls060_le000,lm080_ls000_le020,0,0.14676191603588556,0.4072064206575386,0.26044450462165303
v1,baseline,rough_seed_10,rough_seed_13,wm060_ws020_we020,lm080_ls020_le000,lm080_ls020_le000,1,0.0892287470795358,0.0892287470795358,0.0
v1,baseline,rough_seed_10,rough_seed_13,wm060_ws000_we040,lm020_ls060_le020,lm080_ls020_le000,0,0.034728155583680434,0.3206758484701108,0.2859476928864304
v1,baseline,rough_seed_10,rough_seed_13,wm040_ws060_we000,lm040_ls060_le000,lm020_ls040_le040,0,0.16231085368994616,0.6107545898611525,0.44844373617120636
v1,baseline,rough_seed_10,rough_seed_13,wm040_ws040_we020,lm040_ls060_le000,lm060_ls020_le020,0,0.12180717067211369,0.40867023721189827,0.28686306653978455
v1,baseline,rough_seed_10,rough_seed_13,wm040_ws020_we040,lm040_ls020_le040,lm080_ls020_le000,0,0.08911413270467218,0.23756562555475022,0.14845149285007803
v1,baseline,rough_seed_10,rough_seed_13,wm040_ws000_we060,lm060_ls000_le040,lm080_ls020_le000,0,0.023152103722453625,0.4083612419044743,0.3852091381820207
v1,baseline,rough_seed_10,rough_seed_13,wm020_ws080_we000,lm040_ls060_le000,lm040_ls000_le060,0,0.1536555874161028,0.8143027590647665,0.6606471716486637
v1,baseline,rough_seed_10,rough_seed_13,wm020_ws060_we020,lm040_ls060_le000,lm040_ls000_le060,0,0.11657912054015335,0.6122184064155122,0.4956392858753588
v1,baseline,rough_seed_10,rough_seed_13,wm020_ws040_we040,lm020_ls000_le080,lm060_ls020_le020,0,0.12152862557147921,0.5547830782455876,0.4332544526741084
v1,baseline,rough_seed_10,rough_seed_13,wm020_ws020_we060,lm040_ls000_le060,lm060_ls020_le020,0,0.08034740809800486,0.33609242512933946,0.25574501703133456
v1,baseline,rough_seed_10,rough_seed_13,wm020_ws000_we080,lm040_ls000_le060,lm080_ls020_le000,0,0.011576051861226812,0.447309147197663,0.4357330953364362
v1,baseline,rough_seed_10,rough_seed_13,wm000_ws100_we000,lm040_ls060_le000,lm000_ls000_le100,0,0.0,1.0178509282683803,1.0178509282683803
v1,baseline,rough_seed_10,rough_seed_13,wm000_ws080_we020,lm020_ls000_le080,lm040_ls000_le060,0,0.15383036034486472,0.27781853232811565,0.12398817198325093
v1,baseline,rough_seed_10,rough_seed_13,wm000_ws060_we040,lm020_ls000_le080,lm020_ls040_le040,0,0.16205962348791028,0.5536210011814907,0.39156137769358046
v1,baseline,rough_seed_10,rough_seed_13,wm000_ws040_we060,lm020_ls000_le080,lm060_ls020_le020,0,0.12125008047084473,0.8294234700348656,0.7081733895640209
v1,baseline,rough_seed_10,rough_seed_13,wm000_ws020_we080,lm020_ls000_le080,lm080_ls020_le000,0,0.08888490395494492,1.1052259388882408,1.016341034933296
v1,baseline,rough_seed_10,rough_seed_13,wm000_ws000_we100,lm040_ls000_le060,lm080_ls020_le000,0,0.0,0.5579737769477644,0.5579737769477644
v1,baseline,rough_seed_10,rough_seed_13,balanced,lm080_ls020_le000,lm060_ls020_le020,0,0.10172382780129385,0.14833253054968087,0.04660870274838702
v1,baseline,rough_seed_10,rough_seed_13,motion,lm080_ls020_le000,lm080_ls020_le000,1,0.06706482827823138,0.06706482827823138,0.0
v1,baseline,rough_seed_10,rough_seed_13,stability,lm040_ls060_le000,lm040_ls000_le060,0,0.13516104721031855,0.7136265368787292,0.5784654896684107
v1,baseline,rough_seed_10,rough_seed_13,energy,lm040_ls000_le060,lm080_ls020_le000,0,0.0667496387473564,0.3915627630839457,0.3248131243365893
v1,baseline,rough_seed_8,rough_seed_0,wm100_ws000_we000,lm080_ls020_le000,lm080_ls020_le000,1,0.0,0.0,0.0
v1,baseline,rough_seed_8,rough_seed_0,wm080_ws020_we000,lm100_ls000_le000,lm080_ls020_le000,0,0.0,0.2039111502677661,0.2039111502677661
v1,baseline,rough_seed_8,rough_seed_0,wm080_ws000_we020,lm060_ls040_le000,lm100_ls000_le000,0,0.19353713450553464,0.5216056991290668,0.3280685646235322
v1,baseline,rough_seed_8,rough_seed_0,wm060_ws040_we000,lm100_ls000_le000,lm080_ls020_le000,0,0.0,0.4054333627008246,0.4054333627008246
v1,baseline,rough_seed_8,rough_seed_0,wm060_ws020_we020,lm100_ls000_le000,lm080_ls020_le000,0,0.202,0.2039443201619839,0.001944320161983898
v1,baseline,rough_seed_8,rough_seed_0,wm060_ws000_we040,lm060_ls040_le000,lm100_ls000_le000,0,0.14579154770560013,0.4615254784630977,0.31573393075749756
v1,baseline,rough_seed_8,rough_seed_0,wm040_ws060_we000,lm060_ls000_le040,lm080_ls020_le000,0,0.0,1.3747282520869373,1.3747282520869373
v1,baseline,rough_seed_8,rough_seed_0,wm040_ws040_we020,lm100_ls000_le000,lm080_ls020_le000,0,0.202,0.4054665325950424,0.20346653259504238
v1,baseline,rough_seed_8,rough_seed_0,wm040_ws020_we040,lm100_ls000_le000,lm100_ls000_le000,1,0.2039774900562017,0.2039774900562017,0.0
v1,baseline,rough_seed_8,rough_seed_0,wm040_ws000_we060,lm100_ls000_le000,lm100_ls000_le000,1,0.155775685865156,0.155775685865156,0.0
v1,baseline,rough_seed_8,rough_seed_0,wm020_ws080_we000,lm060_ls000_le040,lm080_ls020_le000,0,0.0,0.6900630924942879,0.6900630924942879
v1,baseline,rough_seed_8,rough_seed_0,wm020_ws060_we020,lm000_ls060_le040,lm080_ls020_le000,0,0.202,0.8510454745598804,0.6490454745598804
v1,baseline,rough_seed_8,rough_seed_0,wm020_ws040_we040,lm000_ls040_le060,lm040_ls060_le000,0,0.2822873187860389,1.9089289999252463,1.6266416811392075
v1,baseline,rough_seed_8,rough_seed_0,wm020_ws020_we060,lm100_ls000_le000,lm040_ls060_le000,0,0.2033875609840893,0.20401065995041948,0.0006230989663301711
v1,baseline,rough_seed_8,rough_seed_0,wm020_ws000_we080,lm100_ls000_le000,lm040_ls060_le000,0,0.202,0.20690460187530552,0.004904601875305503
v1,baseline,rough_seed_8,rough_seed_0,wm000_ws100_we000,lm000_ls040_le060,lm080_ls020_le000,0,0.0,0.828670407235132,0.828670407235132
v1,baseline,rough_seed_8,rough_seed_0,wm000_ws080_we020,lm000_ls040_le060,lm080_ls020_le000,0,0.202,0.9540787886002021,0.752078788600202
v1,baseline,rough_seed_8,rough_seed_0,wm000_ws060_we040,lm000_ls040_le060,lm080_ls020_le000,0,0.404,1.8999529197030267,1.4959529197030266
v1,baseline,rough_seed_8,rough_seed_0,wm000_ws040_we060,lm100_ls000_le000,lm040_ls060_le000,0,0.2802873187860389,0.40553287238347796,0.12524555359743905
v1,baseline,rough_seed_8,rough_seed_0,wm000_ws020_we080,lm100_ls000_le000,lm040_ls060_le000,0,0.14014365939301945,0.208426814308364,0.06828315491534453
v1,baseline,rough_seed_8,rough_seed_0,wm000_ws000_we100,lm100_ls000_le000,lm040_ls060_le000,0,0.0,0.2580335178854549,0.2580335178854549
v1,baseline,rough_seed_8,rough_seed_0,balanced,lm100_ls000_le000,lm080_ls020_le000,0,0.33666666666666667,0.3383145750468347,0.0016479083801680394
v1,baseline,rough_seed_8,rough_seed_0,motion,lm100_ls000_le000,lm080_ls020_le000,0,0.1515,0.1707811230096979,0.019281123009697893
v1,baseline,rough_seed_8,rough_seed_0,stability,lm000_ls060_le040,lm080_ls020_le000,0,0.1515,0.6399262850148221,0.4884262850148221
v1,baseline,rough_seed_8,rough_seed_0,energy,lm100_ls000_le000,lm040_ls060_le000,0,0.15254067073806696,0.18248180319502458,0.02994113245695762
v1,baseline,rough_seed_22,rough_seed_20,wm100_ws000_we000,lm100_ls000_le000,lm100_ls000_le000,1,0.0,0.0,0.0
v1,baseline,rough_seed_22,rough_seed_20,wm080_ws020_we000,lm080_ls000_le020,lm080_ls020_le000,0,0.20006500496469343,0.2470702201791855,0.04700521521449208
v1,baseline,rough_seed_22,rough_seed_20,wm080_ws000_we020,lm060_ls020_le020,lm080_ls020_le000,0,0.20101420328297948,0.26979701925848315,0.06878281597550367
v1,baseline,rough_seed_22,rough_seed_20,wm060_ws040_we000,lm000_ls060_le040,lm080_ls000_le020,0,0.2735163768252158,0.6932267691062576,0.4197103922810418
v1,baseline,rough_seed_22,rough_seed_20,wm060_ws020_we020,lm080_ls000_le020,lm080_ls000_le020,1,0.1937066002379729,0.1937066002379729,0.0
v1,baseline,rough_seed_22,rough_seed_20,wm060_ws000_we040,lm060_ls020_le020,lm040_ls040_le020,0,0.31479697927604194,0.4065204043551879,0.09172342507914594
v1,baseline,rough_seed_22,rough_seed_20,wm040_ws060_we000,lm060_ls000_le040,lm040_ls040_le020,0,0.28199113945944504,0.5089785403597464,0.2269874009003014
v1,baseline,rough_seed_22,rough_seed_20,wm040_ws040_we020,lm040_ls020_le040,lm040_ls040_le020,0,0.21132834276331575,0.404,0.19267165723668428
v1,baseline,rough_seed_22,rough_seed_20,wm040_ws020_we040,lm060_ls020_le020,lm040_ls040_le020,0,0.2357043500852413,0.40724863904297587,0.17154428895773458
v1,baseline,rough_seed_22,rough_seed_20,wm040_ws000_we060,lm060_ls020_le020,lm040_ls040_le020,0,0.3511394110587184,0.6081234630524234,0.256984051993705
v1,baseline,rough_seed_22,rough_seed_20,wm020_ws080_we000,lm020_ls020_le060,lm040_ls020_le040,0,0.202,0.3236708468231667,0.1216708468231667
v1,baseline,rough_seed_22,rough_seed_20,wm020_ws060_we020,lm000_ls040_le060,lm040_ls020_le040,0,0.202,0.3343276396584846,0.1323276396584846
v1,baseline,rough_seed_22,rough_seed_20,wm020_ws040_we040,lm000_ls060_le040,lm040_ls020_le040,0,0.202,0.2329979987527633,0.030997998752763295
v1,baseline,rough_seed_22,rough_seed_20,wm020_ws020_we060,lm060_ls020_le020,lm040_ls020_le040,0,0.202,0.6088516977402114,0.4068516977402114
v1,baseline,rough_seed_22,rough_seed_20,wm020_ws000_we080,lm060_ls020_le020,lm040_ls020_le040,0,0.202,0.809726521749659,0.607726521749659
v1,baseline,rough_seed_22,rough_seed_20,wm000_ws100_we000,lm000_ls000_le100,lm040_ls020_le040,0,0.0,0.29575601260210443,0.29575601260210443
v1,baseline,rough_seed_22,rough_seed_20,wm000_ws080_we020,lm000_ls040_le060,lm040_ls020_le040,0,0.0,0.23157034899308748,0.23157034899308748
v1,baseline,rough_seed_22,rough_seed_20,wm000_ws060_we040,lm000_ls040_le060,lm040_ls020_le040,0,0.0,0.46085473905892016,0.46085473905892016
v1,baseline,rough_seed_22,rough_seed_20,wm000_ws040_we060,lm080_ls000_le020,lm040_ls020_le040,0,0.0,0.5743007158726567,0.5743007158726567
v1,baseline,rough_seed_22,rough_seed_20,wm000_ws020_we080,lm060_ls020_le020,lm040_ls020_le040,0,0.0,0.810454756437447,0.810454756437447
v1,baseline,rough_seed_22,rough_seed_20,wm000_ws000_we100,lm060_ls020_le020,lm040_ls020_le040,0,0.0,1.0113295804468945,1.0113295804468945
v1,baseline,rough_seed_22,rough_seed_20,balanced,lm000_ls060_le040,lm040_ls040_le020,0,0.1971901720469265,0.3866176269576322,0.1894274549107057
v1,baseline,rough_seed_22,rough_seed_20,motion,lm080_ls000_le020,lm080_ls020_le000,0,0.15225662001664353,0.21743319458260005,0.06517657456595652
v1,baseline,rough_seed_22,rough_seed_20,stability,lm000_ls040_le060,lm040_ls020_le040,0,0.1515,0.25131721947567714,0.09981721947567715
v1,baseline,rough_seed_22,rough_seed_20,energy,lm060_ls020_le020,lm040_ls020_le040,0,0.1515,0.7094711684168822,0.5579711684168822
v1,baseline,rough_seed_20,rough_seed_0,wm100_ws000_we000,lm080_ls020_le000,lm100_ls000_le000,0,0.0,0.002892784357040733,0.002892784357040733
v1,baseline,rough_seed_20,rough_seed_0,wm080_ws020_we000,lm100_ls000_le000,lm080_ls000_le020,0,0.13983830255512691,0.1964288625420484,0.056590559986921474
v1,baseline,rough_seed_20,rough_seed_0,wm080_ws000_we020,lm060_ls040_le000,lm060_ls020_le020,0,0.11704548225463766,0.24595398083640357,0.1289084985817659
v1,baseline,rough_seed_20,rough_seed_0,wm060_ws040_we000,lm100_ls000_le000,lm000_ls060_le040,0,0.24433196216768818,0.3928577250840968,0.1485257629164086
v1,baseline,rough_seed_20,rough_seed_0,wm060_ws020_we020,lm100_ls000_le000,lm080_ls000_le020,0,0.1403382198920136,0.20394484022318862,0.06360662033117503
v1,baseline,rough_seed_20,rough_seed_0,wm060_ws000_we040,lm060_ls040_le000,lm060_ls020_le020,0,0.08778411169097824,0.49159654048185714,0.40381242879087886
v1,baseline,rough_seed_20,rough_seed_0,wm040_ws060_we000,lm060_ls000_le040,lm060_ls000_le040,1,0.17869299841877725,0.17869299841877725,0.0
v1,baseline,rough_seed_20,rough_seed_0,wm040_ws040_we020,lm100_ls000_le000,lm040_ls020_le040,0,0.17907722385018984,0.3948577250840968,0.21578050123390694
v1,baseline,rough_seed_20,rough_seed_0,wm040_ws020_we040,lm100_ls000_le000,lm060_ls020_le020,0,0.14740178057620767,0.4059448402231886,0.25854305964698093
v1,baseline,rough_seed_20,rough_seed_0,wm040_ws000_we060,lm100_ls000_le000,lm060_ls020_le020,0,0.05852274112731883,0.606,0.5474772588726812
v1,baseline,rough_seed_20,rough_seed_0,wm020_ws080_we000,lm060_ls000_le040,lm020_ls020_le060,0,0.11310902285421955,0.22472239549490103,0.11161337264068148
v1,baseline,rough_seed_20,rough_seed_0,wm020_ws060_we020,lm000_ls060_le040,lm000_ls040_le060,0,0.13288250138278854,0.3277093344606898,0.19482683307790125
v1,baseline,rough_seed_20,rough_seed_0,wm020_ws040_we040,lm000_ls040_le060,lm000_ls060_le040,0,0.23106394800204005,0.26415196604097385,0.0330880180389338
v1,baseline,rough_seed_20,rough_seed_0,wm020_ws020_we060,lm100_ls000_le000,lm060_ls020_le020,0,0.14711206403597343,0.6079448402231886,0.4608327761872152
v1,baseline,rough_seed_20,rough_seed_0,wm020_ws000_we080,lm100_ls000_le000,lm060_ls020_le020,0,0.029261370563659416,0.808,0.7787386294363406
v1,baseline,rough_seed_20,rough_seed_0,wm000_ws100_we000,lm000_ls040_le060,lm000_ls000_le100,0,0.0,0.060253460087195745,0.060253460087195745
v1,baseline,rough_seed_20,rough_seed_0,wm000_ws080_we020,lm000_ls040_le060,lm000_ls040_le060,1,0.13186603356993973,0.13186603356993973,0.0
v1,baseline,rough_seed_20,rough_seed_0,wm000_ws060_we040,lm000_ls040_le060,lm000_ls040_le060,1,0.26313549822812504,0.26313549822812504,0.0
v1,baseline,rough_seed_20,rough_seed_0,wm000_ws040_we060,lm100_ls000_le000,lm080_ls000_le020,0,0.27968677928139446,0.6098896804463771,0.3302029011649827
v1,baseline,rough_seed_20,rough_seed_0,wm000_ws020_we080,lm100_ls000_le000,lm060_ls020_le020,0,0.1468223474957392,0.8099448402231887,0.6631224927274495
v1,baseline,rough_seed_20,rough_seed_0,wm000_ws000_we100,lm100_ls000_le000,lm060_ls020_le020,0,0.0,1.01,1.01
v1,baseline,rough_seed_20,rough_seed_0,balanced,lm100_ls000_le000,lm000_ls060_le040,0,0.19321935599181445,0.3399080670386476,0.14668871104683318
v1,baseline,rough_seed_20,rough_seed_0,motion,lm100_ls000_le000,lm080_ls000_le020,0,0.10694108219214375,0.15295863016739145,0.046017547975247694
v1,baseline,rough_seed_20,rough_seed_0,stability,lm000_ls060_le040,lm000_ls040_le060,0,0.09981101826503001,0.3815239910773733,0.28171297281234325
v1,baseline,rough_seed_20,rough_seed_0,energy,lm100_ls000_le000,lm060_ls020_le020,0,0.11033404802698005,0.7084586301673914,0.5981245821404113
v1,baseline,rough_seed_28,rough_seed_18,wm100_ws000_we000,lm000_ls100_le000,lm100_ls000_le000,0,0.0,0.23824568704173466,0.23824568704173466
v1,baseline,rough_seed_28,rough_seed_18,wm080_ws020_we000,lm000_ls100_le000,lm060_ls040_le000,0,0.1146957681023558,0.1905965496333877,0.07590078153103191
v1,baseline,rough_seed_28,rough_seed_18,wm080_ws000_we020,lm000_ls100_le000,lm040_ls060_le000,0,0.1381960569614601,0.19080314900442769,0.052607092042967596
v1,baseline,rough_seed_28,rough_seed_18,wm060_ws040_we000,lm000_ls100_le000,lm000_ls100_le000,1,0.1429474122250408,0.1429474122250408,0.0
v1,baseline,rough_seed_28,rough_seed_18,wm060_ws020_we020,lm000_ls100_le000,lm040_ls060_le000,0,0.13900721162283114,0.14315401159608074,0.004146799973249599
v1,baseline,rough_seed_28,rough_seed_18,wm060_ws000_we040,lm000_ls100_le000,lm000_ls100_le000,1,0.1433606109671207,0.1433606109671207,0.0
v1,baseline,rough_seed_28,rough_seed_18,wm040_ws060_we000,lm040_ls040_le020,lm000_ls100_le000,0,0.09529827481669385,1.0562018754093816,0.9609036005926878
v1,baseline,rough_seed_28,rough_seed_18,wm040_ws040_we020,lm000_ls100_le000,lm000_ls100_le000,1,0.09550487418773382,0.09550487418773382,0.0
v1,baseline,rough_seed_28,rough_seed_18,wm040_ws020_we040,lm000_ls100_le000,lm000_ls100_le000,1,0.09571147355877377,0.09571147355877377,0.0
v1,baseline,rough_seed_28,rough_seed_18,wm040_ws000_we060,lm000_ls100_le000,lm000_ls100_le000,1,0.09591807292981373,0.09591807292981373,0.0
v1,baseline,rough_seed_28,rough_seed_18,wm020_ws080_we000,lm040_ls040_le020,lm000_ls100_le000,0,0.04764913740834693,1.4058308973217781,1.3581817599134312
v1,baseline,rough_seed_28,rough_seed_18,wm020_ws060_we020,lm040_ls040_le020,lm000_ls100_le000,0,0.047855736779386884,1.0588349130271404,1.0109791762477536
v1,baseline,rough_seed_28,rough_seed_18,wm020_ws040_we040,lm000_ls100_le000,lm000_ls100_le000,1,0.04806233615042684,0.04806233615042684,0.0
v1,baseline,rough_seed_28,rough_seed_18,wm020_ws020_we060,lm000_ls100_le000,lm000_ls100_le000,1,0.06307138306281337,0.06307138306281337,0.0
v1,baseline,rough_seed_28,rough_seed_18,wm020_ws000_we080,lm000_ls100_le000,lm000_ls100_le000,1,0.08393791953784904,0.08393791953784904,0.0
v1,baseline,rough_seed_28,rough_seed_18,wm000_ws100_we000,lm040_ls040_le020,lm000_ls100_le000,0,0.0,1.7554599192341744,1.7554599192341744
v1,baseline,rough_seed_28,rough_seed_18,wm000_ws080_we020,lm040_ls040_le020,lm000_ls100_le000,0,0.020866536475035658,1.408463934939537,1.3875973984645014
v1,baseline,rough_seed_28,rough_seed_18,wm000_ws060_we040,lm040_ls040_le020,lm000_ls100_le000,0,0.041733072950071316,1.0614679506448992,1.0197348776948278
v1,baseline,rough_seed_28,rough_seed_18,wm000_ws040_we060,lm000_ls100_le000,lm000_ls100_le000,1,0.06259960942510696,0.06259960942510696,0.0
v1,baseline,rough_seed_28,rough_seed_18,wm000_ws020_we080,lm000_ls100_le000,lm000_ls080_le020,0,0.05578563466491871,0.08346614590014263,0.02768051123522392
v1,baseline,rough_seed_28,rough_seed_18,wm000_ws000_we100,lm000_ls100_le000,lm000_ls080_le020,0,0.0,0.10433268237517827,0.10433268237517827
v1,baseline,rough_seed_28,rough_seed_18,balanced,lm000_ls100_le000,lm000_ls100_le000,1,0.07975956129897814,0.07975956129897814,0.0
v1,baseline,rough_seed_28,rough_seed_18,motion,lm000_ls100_le000,lm060_ls040_le000,0,0.11129953241408336,0.1669269304574942,0.05562739804341085
v1,baseline,rough_seed_28,rough_seed_18,stability,lm040_ls040_le020,lm000_ls100_le000,0,0.03589180258454017,1.232991164578899,1.1970993619943586
v1,baseline,rough_seed_28,rough_seed_18,energy,lm000_ls100_le000,lm000_ls100_le000,1,0.0733867078909046,0.0733867078909046,0.0
v1,baseline,rough_seed_17,rough_seed_18,wm100_ws000_we000,lm000_ls100_le000,lm060_ls040_le000,0,0.0,0.16620916889500173,0.16620916889500173
v1,baseline,rough_seed_17,rough_seed_18,wm080_ws020_we000,lm000_ls100_le000,lm100_ls000_le000,0,0.019121629258464168,0.21483045940405876,0.1957088301455946
v1,baseline,rough_seed_17,rough_seed_18,wm080_ws000_we020,lm000_ls100_le000,lm100_ls000_le000,0,0.054388377686413254,0.13414830721630563,0.07975992952989239
v1,baseline,rough_seed_17,rough_seed_18,wm060_ws040_we000,lm000_ls100_le000,lm100_ls000_le000,0,0.03823813499831846,0.42801528347252343,0.38977714847420497
v1,baseline,rough_seed_17,rough_seed_18,wm060_ws020_we020,lm000_ls100_le000,lm100_ls000_le000,0,0.05457663546233065,0.21568230443724418,0.16110566897491352
v1,baseline,rough_seed_17,rough_seed_18,wm060_ws000_we040,lm000_ls100_le000,lm100_ls000_le000,0,0.10877163185421664,0.23954374546281063,0.13077211360859398
v1,baseline,rough_seed_17,rough_seed_18,wm040_ws060_we000,lm040_ls040_le020,lm100_ls000_le000,0,0.05735464073817274,0.5054860024283188,0.448131361690146
v1,baseline,rough_seed_17,rough_seed_18,wm040_ws040_we020,lm000_ls100_le000,lm100_ls000_le000,0,0.05476489323824804,0.42886712850570885,0.3741022352674608
v1,baseline,rough_seed_17,rough_seed_18,wm040_ws020_we040,lm000_ls100_le000,lm100_ls000_le000,0,0.10895988963013403,0.24132861791188573,0.1323687282817517
v1,baseline,rough_seed_17,rough_seed_18,wm040_ws000_we060,lm000_ls100_le000,lm100_ls000_le000,0,0.16315488602202,0.3584928005264189,0.1953379145043989
v1,baseline,rough_seed_17,rough_seed_18,wm020_ws080_we000,lm040_ls040_le020,lm100_ls000_le000,0,0.07647114647802704,0.6722014708454851,0.5957303243674581
v1,baseline,rough_seed_17,rough_seed_18,wm020_ws060_we020,lm040_ls040_le020,lm100_ls000_le000,0,0.05789207424109953,0.505243840140522,0.4473517658994225
v1,baseline,rough_seed_17,rough_seed_18,wm020_ws040_we040,lm000_ls100_le000,lm100_ls000_le000,0,0.10914814740605142,0.42971897353889427,0.3205708261328428
v1,baseline,rough_seed_17,rough_seed_18,wm020_ws020_we060,lm000_ls100_le000,lm100_ls000_le000,0,0.1633431437979374,0.36027767297549396,0.19693452917755655
v1,baseline,rough_seed_17,rough_seed_18,wm020_ws000_we080,lm000_ls100_le000,lm020_ls060_le020,0,0.11820231650351962,0.4774418555900272,0.35923953908650763
v1,baseline,rough_seed_17,rough_seed_18,wm000_ws100_we000,lm040_ls040_le020,lm060_ls000_le040,0,0.0,0.8389169392626512,0.8389169392626512
v1,baseline,rough_seed_17,rough_seed_18,wm000_ws080_we020,lm040_ls040_le020,lm100_ls000_le000,0,0.07700857998095384,0.6719593085576884,0.5949507285767346
v1,baseline,rough_seed_17,rough_seed_18,wm000_ws060_we040,lm040_ls040_le020,lm100_ls000_le000,0,0.10933640518196881,0.5050016778527253,0.3956652726707565
v1,baseline,rough_seed_17,rough_seed_18,wm000_ws040_we060,lm000_ls100_le000,lm100_ls000_le000,0,0.1635314015738548,0.4305708185720797,0.26703941699822487
v1,baseline,rough_seed_17,rough_seed_18,wm000_ws020_we080,lm000_ls100_le000,lm020_ls060_le020,0,0.202,0.47922672803910227,0.27722672803910225
v1,baseline,rough_seed_17,rough_seed_18,wm000_ws000_we100,lm000_ls100_le000,lm020_ls060_le020,0,0.0,0.5963909106536355,0.5963909106536355
v1,baseline,rough_seed_17,rough_seed_18,balanced,lm000_ls100_le000,lm100_ls000_le000,0,0.09095764342481116,0.35837341717167753,0.26741577374686637
v1,baseline,rough_seed_17,rough_seed_18,motion,lm000_ls100_le000,lm100_ls000_le000,0,0.040933757476400455,0.16217313716183163,0.12123937968543116
v1,baseline,rough_seed_17,rough_seed_18,stability,lm040_ls040_le020,lm100_ls000_le000,0,0.06731596873529497,0.5886621149210544,0.5213461461857594
v1,baseline,rough_seed_17,rough_seed_18,energy,lm000_ls100_le000,lm020_ls060_le020,0,0.15237773997403603,0.4193059823950293,0.2669282424209933
v1,q10,rough_seed_13,rough_seed_10,wm100_ws000_we000,lm060_ls040_le000,lm100_ls000_le000,0,0.0,0.10320821431513875,0.10320821431513875
v1,q10,rough_seed_13,rough_seed_10,wm080_ws020_we000,lm080_ls020_le000,lm080_ls020_le000,1,0.1072576846278984,0.1072576846278984,0.0
v1,q10,rough_seed_13,rough_seed_10,wm080_ws000_we020,lm100_ls000_le000,lm080_ls020_le000,0,0.1438770625572425,0.202,0.05812293744275751
v1,q10,rough_seed_13,rough_seed_10,wm060_ws040_we000,lm080_ls000_le020,lm040_ls060_le000,0,0.12927293943228274,0.325639990414361,0.19636705098207824
v1,q10,rough_seed_13,rough_seed_10,wm060_ws020_we020,lm080_ls020_le000,lm080_ls020_le000,1,0.1447740629231317,0.1447740629231317,0.0
v1,q10,rough_seed_13,rough_seed_10,wm060_ws000_we040,lm080_ls020_le000,lm020_ls060_le020,0,0.2618352378713939,0.286960760939576,0.02512552306818211
v1,q10,rough_seed_13,rough_seed_10,wm040_ws060_we000,lm020_ls040_le040,lm040_ls060_le000,0,0.08618195962152184,0.49333831462346306,0.40715635500194125
v1,q10,rough_seed_13,rough_seed_10,wm040_ws040_we020,lm060_ls020_le020,lm040_ls060_le000,0,0.15610220709746428,0.5003952120185606,0.3442930049210964
v1,q10,rough_seed_13,rough_seed_10,wm040_ws020_we040,lm080_ls020_le000,lm040_ls020_le040,0,0.21776439638815032,0.2878577613054652,0.07009336491731488
v1,q10,rough_seed_13,rough_seed_10,wm040_ws000_we060,lm080_ls020_le000,lm060_ls000_le040,0,0.2248266004422157,0.4300444593219094,0.20521785887969368
v1,q10,rough_seed_13,rough_seed_10,wm020_ws080_we000,lm040_ls000_le060,lm040_ls060_le000,0,0.04309097981076092,0.5870447360057295,0.5439537561949686
v1,q10,rough_seed_13,rough_seed_10,wm020_ws060_we020,lm040_ls000_le060,lm040_ls060_le000,0,0.1556755637330013,0.4406185072263705,0.28494294349336924
v1,q10,rough_seed_13,rough_seed_10,wm020_ws040_we040,lm060_ls020_le020,lm020_ls000_le080,0,0.20263637541512522,0.5019893742314758,0.2993529988163506
v1,q10,rough_seed_13,rough_seed_10,wm020_ws020_we060,lm060_ls020_le020,lm040_ls000_le060,0,0.14776604966765258,0.616616648925048,0.46885059925739536
v1,q10,rough_seed_13,rough_seed_10,wm020_ws000_we080,lm080_ls020_le000,lm040_ls000_le060,0,0.13532190971765484,0.573128157704243,0.4378062479865881
v1,q10,rough_seed_13,rough_seed_10,wm000_ws100_we000,lm000_ls000_le100,lm040_ls060_le000,0,0.0,0.2893479338263014,0.2893479338263014
v1,q10,rough_seed_13,rough_seed_10,wm000_ws080_we020,lm040_ls000_le060,lm020_ls000_le080,0,0.12608753011067786,0.5857049151174359,0.4596173850067581
v1,q10,rough_seed_13,rough_seed_10,wm000_ws060_we040,lm020_ls040_le040,lm020_ls000_le080,0,0.09457327879809715,0.4927174954221533,0.3981442166240562
v1,q10,rough_seed_13,rough_seed_10,wm000_ws040_we060,lm060_ls020_le020,lm020_ls000_le080,0,0.06305902748551644,0.6186482309300364,0.55558920344452
v1,q10,rough_seed_13,rough_seed_10,wm000_ws020_we080,lm080_ls020_le000,lm020_ls000_le080,0,0.03154477617293572,0.5740251580701322,0.5424803818971965
v1,q10,rough_seed_13,rough_seed_10,wm000_ws000_we100,lm080_ls020_le000,lm040_ls000_le060,0,0.0,0.7162118560865763,0.7162118560865763
v1,q10,rough_seed_13,rough_seed_10,balanced,lm060_ls020_le020,lm080_ls020_le000,0,0.2407611954219468,0.41868391545630296,0.17792272003435616
v1,q10,rough_seed_13,rough_seed_10,motion,lm080_ls020_le000,lm080_ls020_le000,1,0.10877888823607601,0.10877888823607601,0.0
v1,q10,rough_seed_13,rough_seed_10,stability,lm040_ls000_le060,lm040_ls060_le000,0,0.11675667279975097,0.5134966663939765,0.3967399935942255
v1,q10,rough_seed_13,rough_seed_10,energy,lm080_ls020_le000,lm040_ls000_le060,0,0.11082453725073943,0.502259058787493,0.39143452153675357
v1,q10,rough_seed_7,rough_seed_28,wm100_ws000_we000,lm100_ls000_le000,lm100_ls000_le000,1,0.0,0.0,0.0
v1,q10,rough_seed_7,rough_seed_28,wm080_ws020_we000,lm060_ls040_le000,lm080_ls020_le000,0,0.0800047950810735,0.08160660015883817,0.0016018050777646675
v1,q10,rough_seed_7,rough_seed_28,wm080_ws000_we020,lm060_ls040_le000,lm000_ls100_le000,0,0.13792513460456318,0.21169970999384993,0.07377457538928675
v1,q10,rough_seed_7,rough_seed_28,wm060_ws040_we000,lm060_ls040_le000,lm080_ls020_le000,0,0.15957924677669388,0.1626783773239224,0.003099130547228518
v1,q10,rough_seed_7,rough_seed_28,wm060_ws020_we020,lm040_ls060_le000,lm000_ls100_le000,0,0.13855825830360913,0.23413597434570402,0.09557771604209489
v1,q10,rough_seed_7,rough_seed_28,wm060_ws000_we040,lm000_ls100_le000,lm040_ls040_le020,0,0.19151342886230452,0.2743094574331547,0.0827960285708502
v1,q10,rough_seed_7,rough_seed_28,wm040_ws060_we000,lm060_ls040_le000,lm080_ls020_le000,0,0.23915369847231424,0.24375015448900658,0.004596456016692341
v1,q10,rough_seed_7,rough_seed_28,wm040_ws040_we020,lm000_ls100_le000,lm020_ls080_le000,0,0.18407690973964297,0.19210949860933896,0.008032588869695989
v1,q10,rough_seed_7,rough_seed_28,wm040_ws020_we040,lm000_ls100_le000,lm040_ls020_le040,0,0.18335006280574745,0.2749425811322007,0.09159251832645326
v1,q10,rough_seed_7,rough_seed_28,wm040_ws000_we060,lm000_ls100_le000,lm040_ls020_le040,0,0.18218737676117047,0.4106937802617463,0.22850640350057583
v1,q10,rough_seed_7,rough_seed_28,wm020_ws080_we000,lm000_ls100_le000,lm000_ls060_le040,0,0.193752997998557,0.3805877282682675,0.18683473026971048
v1,q10,rough_seed_7,rough_seed_28,wm020_ws060_we020,lm000_ls100_le000,lm000_ls060_le040,0,0.14662411497341107,0.2868712277324129,0.14024711275900184
v1,q10,rough_seed_7,rough_seed_28,wm020_ws040_we040,lm000_ls100_le000,lm000_ls040_le060,0,0.193157007511989,0.27557570483124666,0.08241869731925766
v1,q10,rough_seed_7,rough_seed_28,wm020_ws020_we060,lm000_ls100_le000,lm040_ls020_le040,0,0.17038578739111646,0.41132690396079225,0.2409411165696758
v1,q10,rough_seed_7,rough_seed_28,wm020_ws000_we080,lm000_ls100_le000,lm020_ls020_le060,0,0.202,0.5470781030903379,0.3450781030903379
v1,q10,rough_seed_7,rough_seed_28,wm000_ws100_we000,lm000_ls100_le000,lm020_ls020_le060,0,0.0,0.47534945739134143,0.47534945739134143
v1,q10,rough_seed_7,rough_seed_28,wm000_ws080_we020,lm000_ls100_le000,lm020_ls020_le060,0,0.0,0.38163295685548687,0.38163295685548687
v1,q10,rough_seed_7,rough_seed_28,wm000_ws060_we040,lm000_ls100_le000,lm020_ls020_le060,0,0.0,0.2879164563196323,0.2879164563196323
v1,q10,rough_seed_7,rough_seed_28,wm000_ws040_we060,lm000_ls080_le020,lm020_ls020_le060,0,0.0,0.3222773170922544,0.3222773170922544
v1,q10,rough_seed_7,rough_seed_28,wm000_ws020_we080,lm000_ls080_le020,lm020_ls020_le060,0,0.0,0.42713498713112646,0.42713498713112646
v1,q10,rough_seed_7,rough_seed_28,wm000_ws000_we100,lm000_ls080_le020,lm020_ls020_le060,0,0.0,0.5319926571699986,0.5319926571699986
v1,q10,rough_seed_7,rough_seed_28,balanced,lm000_ls100_le000,lm000_ls060_le040,0,0.22386239429317928,0.22990322265536745,0.0060408283621881664
v1,q10,rough_seed_7,rough_seed_28,motion,lm060_ls040_le000,lm000_ls100_le000,0,0.11065640030868305,0.1594310772336032,0.04877467692492014
v1,q10,rough_seed_7,rough_seed_28,stability,lm000_ls100_le000,lm020_ls020_le060,0,0.1515,0.33399078514714503,0.18249078514714503
v1,q10,rough_seed_7,rough_seed_28,energy,lm000_ls100_le000,lm020_ls020_le060,0,0.1515,0.47936078445032654,0.3278607844503265
v1,q10,rough_seed_15,rough_seed_28,wm100_ws000_we000,lm100_ls000_le000,lm040_ls060_le000,0,0.0,0.14916620621221902,0.14916620621221902
v1,q10,rough_seed_15,rough_seed_28,wm080_ws020_we000,lm060_ls040_le000,lm080_ls020_le000,0,0.0962897550200626,0.1184209177887457,0.0221311627686831
v1,q10,rough_seed_15,rough_seed_28,wm080_ws000_we020,lm060_ls040_le000,lm020_ls060_le020,0,0.05259529022903838,0.11872895357218068,0.0661336633431423
v1,q10,rough_seed_15,rough_seed_28,wm060_ws040_we000,lm060_ls040_le000,lm060_ls040_le000,1,0.13357670966840973,0.13357670966840973,0.0
v1,q10,rough_seed_15,rough_seed_28,wm060_ws020_we020,lm040_ls060_le000,lm060_ls040_le000,0,0.0989941531530156,0.10779458300918354,0.00880042985616794
v1,q10,rough_seed_15,rough_seed_28,wm060_ws000_we040,lm000_ls100_le000,lm000_ls080_le020,0,0.10375638555318287,0.34205622700826066,0.2382998414550778
v1,q10,rough_seed_15,rough_seed_28,wm040_ws060_we000,lm060_ls040_le000,lm060_ls040_le000,1,0.19963632702685763,0.19963632702685763,0.0
v1,q10,rough_seed_15,rough_seed_28,wm040_ws040_we020,lm000_ls100_le000,lm060_ls040_le000,0,0.13425019216796522,0.3946348525505255,0.26038466038256025
v1,q10,rough_seed_15,rough_seed_28,wm040_ws020_we040,lm000_ls100_le000,lm000_ls080_le020,0,0.11883651661357011,0.3439148028786758,0.2250782862651057
v1,q10,rough_seed_15,rough_seed_28,wm040_ws000_we060,lm000_ls100_le000,lm000_ls080_le020,0,0.06917092370212191,0.5128697516171247,0.44369882791500276
v1,q10,rough_seed_15,rough_seed_28,wm020_ws080_we000,lm000_ls100_le000,lm000_ls060_le040,0,0.16906897526761827,0.7856280526808509,0.6165590774132326
v1,q10,rough_seed_15,rough_seed_28,wm020_ws060_we020,lm000_ls100_le000,lm020_ls040_le040,0,0.13665082942840379,0.5909345712731051,0.4542837418447013
v1,q10,rough_seed_15,rough_seed_28,wm020_ws040_we040,lm000_ls100_le000,lm060_ls040_le000,0,0.19653083135451732,0.39624108986535933,0.199710258510842
v1,q10,rough_seed_15,rough_seed_28,wm020_ws020_we060,lm000_ls100_le000,lm000_ls080_le020,0,0.11849408629821308,0.5147283274875398,0.39623424118932676
v1,q10,rough_seed_15,rough_seed_28,wm020_ws000_we080,lm000_ls100_le000,lm000_ls080_le020,0,0.034585461851060956,0.6836832762259888,0.6490978143749279
v1,q10,rough_seed_15,rough_seed_28,wm000_ws100_we000,lm000_ls100_le000,lm000_ls040_le060,0,0.0,0.9819277714034305,0.9819277714034305
v1,q10,rough_seed_15,rough_seed_28,wm000_ws080_we020,lm000_ls100_le000,lm000_ls040_le060,0,0.0837719963357539,0.7872342899956847,0.7034622936599307
v1,q10,rough_seed_15,rough_seed_28,wm000_ws060_we040,lm000_ls100_le000,lm000_ls040_le060,0,0.1675439926715078,0.5925408085879389,0.4249968159164311
v1,q10,rough_seed_15,rough_seed_28,wm000_ws040_we060,lm000_ls080_le020,lm000_ls080_le020,1,0.23630331196571208,0.23630331196571208,0.0
v1,q10,rough_seed_15,rough_seed_28,wm000_ws020_we080,lm000_ls080_le020,lm000_ls080_le020,1,0.11815165598285604,0.11815165598285604,0.0
v1,q10,rough_seed_15,rough_seed_28,wm000_ws000_we100,lm000_ls080_le020,lm000_ls080_le020,1,0.0,0.0,0.0
v1,q10,rough_seed_15,rough_seed_28,balanced,lm000_ls100_le000,lm060_ls040_le000,0,0.16401860528735004,0.3302724378528881,0.16625383256553808
v1,q10,rough_seed_15,rough_seed_28,motion,lm060_ls040_le000,lm040_ls060_le000,0,0.08084593725688764,0.10425991846924325,0.023413981212355606
v1,q10,rough_seed_15,rough_seed_28,stability,lm000_ls100_le000,lm000_ls040_le060,0,0.15212206927972094,0.6886828713056864,0.5365608020259655
v1,q10,rough_seed_15,rough_seed_28,energy,lm000_ls100_le000,lm000_ls080_le020,0,0.08887056472365981,0.5996704458243681,0.5107998811007083
v1,q10,rough_seed_0,rough_seed_20,wm100_ws000_we000,lm100_ls000_le000,lm080_ls020_le000,0,0.0,0.10619701109911484,0.10619701109911484
v1,q10,rough_seed_0,rough_seed_20,wm080_ws020_we000,lm080_ls000_le020,lm100_ls000_le000,0,0.1321155908798785,0.24271117982921991,0.1105955889493414
v1,q10,rough_seed_0,rough_seed_20,wm080_ws000_we020,lm060_ls020_le020,lm060_ls040_le000,0,0.07240453062202368,0.18352336060504706,0.11111882998302339
v1,q10,rough_seed_0,rough_seed_20,wm060_ws040_we000,lm000_ls060_le040,lm100_ls000_le000,0,0.26317972620432023,0.4386916723807043,0.17551194617638405
v1,q10,rough_seed_0,rough_seed_20,wm060_ws020_we020,lm080_ls000_le020,lm100_ls000_le000,0,0.13190529976879115,0.24384552246622015,0.11194022269742901
v1,q10,rough_seed_0,rough_seed_20,wm060_ws000_we040,lm060_ls020_le020,lm060_ls040_le000,0,0.0545652943321587,0.13846995083375396,0.08390465650159526
v1,q10,rough_seed_0,rough_seed_20,wm040_ws060_we000,lm060_ls000_le040,lm060_ls000_le040,1,0.2718203446830262,0.2718203446830262,0.0
v1,q10,rough_seed_0,rough_seed_20,wm040_ws040_we020,lm040_ls020_le040,lm100_ls000_le000,0,0.26296943509323284,0.28126674966425325,0.018297314571020407
v1,q10,rough_seed_0,rough_seed_20,wm040_ws020_we040,lm060_ls020_le020,lm100_ls000_le000,0,0.13169500865770378,0.16470981306037352,0.03301480440266974
v1,q10,rough_seed_0,rough_seed_20,wm040_ws000_we060,lm060_ls020_le020,lm100_ls000_le000,0,0.04247880443964593,0.20147437864055162,0.15899557420090568
v1,q10,rough_seed_0,rough_seed_20,wm020_ws080_we000,lm020_ls020_le060,lm060_ls000_le040,0,0.1364945676812423,0.2810911202354776,0.1445965525542353
v1,q10,rough_seed_0,rough_seed_20,wm020_ws060_we020,lm000_ls040_le060,lm000_ls060_le040,0,0.14786028400704418,0.20295013725491012,0.055089853247865944
v1,q10,rough_seed_0,rough_seed_20,wm020_ws040_we040,lm000_ls060_le040,lm000_ls040_le060,0,0.2039002745098202,0.2821195723939319,0.07821929788411167
v1,q10,rough_seed_0,rough_seed_20,wm020_ws020_we060,lm060_ls020_le020,lm100_ls000_le000,0,0.13148471754661642,0.20263047087660122,0.0711457533299848
v1,q10,rough_seed_0,rough_seed_20,wm020_ws000_we080,lm060_ls020_le020,lm100_ls000_le000,0,0.021239402219822966,0.2678781260739489,0.24663872385412594
v1,q10,rough_seed_0,rough_seed_20,wm000_ws100_we000,lm000_ls000_le100,lm000_ls040_le060,0,0.0,1.0077251938548986,1.0077251938548986
v1,q10,rough_seed_0,rough_seed_20,wm000_ws080_we020,lm000_ls040_le060,lm000_ls040_le060,1,0.09596386274592054,0.09596386274592054,0.0
v1,q10,rough_seed_0,rough_seed_20,wm000_ws060_we040,lm000_ls040_le060,lm000_ls040_le060,1,0.1919277254918411,0.1919277254918411,0.0
v1,q10,rough_seed_0,rough_seed_20,wm000_ws040_we060,lm080_ls000_le020,lm100_ls000_le000,0,0.26254885287105817,0.4874634161028164,0.22491456323175824
v1,q10,rough_seed_0,rough_seed_20,wm000_ws020_we080,lm060_ls020_le020,lm100_ls000_le000,0,0.13127442643552908,0.2690342183099985,0.13775979187446943
v1,q10,rough_seed_0,rough_seed_20,wm000_ws000_we100,lm060_ls020_le020,lm100_ls000_le000,0,0.0,0.33428187350734617,0.33428187350734617
v1,q10,rough_seed_0,rough_seed_20,balanced,lm000_ls060_le040,lm100_ls000_le000,0,0.21914119591102738,0.24608911680050252,0.026947920889475147
v1,q10,rough_seed_0,rough_seed_20,motion,lm080_ls000_le020,lm100_ls000_le000,0,0.09919183871545255,0.18322463471632114,0.08403279600086859
v1,q10,rough_seed_0,rough_seed_20,stability,lm000_ls040_le060,lm000_ls060_le040,0,0.11102447170949731,0.15221260294118258,0.04118813123168527
v1,q10,rough_seed_0,rough_seed_20,energy,lm060_ls020_le020,lm100_ls000_le000,0,0.09861353815996232,0.23554332153428742,0.1369297833743251
v1,q10,rough_seed_5,rough_seed_17,wm100_ws000_we000,lm060_ls040_le000,lm000_ls100_le000,0,0.0,0.02165912241770377,0.02165912241770377
v1,q10,rough_seed_5,rough_seed_17,wm080_ws020_we000,lm100_ls000_le000,lm020_ls060_le020,0,0.1417892183131797,0.14277574632460413,0.0009865280114244313
v1,q10,rough_seed_5,rough_seed_17,wm080_ws000_we020,lm100_ls000_le000,lm060_ls040_le000,0,0.02538358769848591,0.06443914666791985,0.03905555896943394
v1,q10,rough_seed_5,rough_seed_17,wm060_ws040_we000,lm100_ls000_le000,lm060_ls020_le020,0,0.24392489939300094,0.2847600729537938,0.04083517356079286
v1,q10,rough_seed_5,rough_seed_17,wm060_ws020_we020,lm100_ls000_le000,lm020_ls060_le020,0,0.14147579821119285,0.1431098976639537,0.0016340994527608566
v1,q10,rough_seed_5,rough_seed_17,wm060_ws000_we040,lm100_ls000_le000,lm080_ls020_le000,0,0.04674099175401099,0.09994677806061128,0.05320578630660029
v1,q10,rough_seed_5,rough_seed_17,wm040_ws060_we000,lm100_ls000_le000,lm060_ls020_le020,0,0.3645046502644354,0.4267443995829834,0.06223974931854798
v1,q10,rough_seed_5,rough_seed_17,wm040_ws040_we020,lm100_ls000_le000,lm060_ls020_le020,0,0.2436028312879478,0.2850942242931434,0.04149139300519561
v1,q10,rough_seed_5,rough_seed_17,wm040_ws020_we040,lm100_ls000_le000,lm060_ls020_le020,0,0.12270101231146018,0.14344404900330332,0.020743036691843145
v1,q10,rough_seed_5,rough_seed_17,wm040_ws000_we060,lm100_ls000_le000,lm000_ls080_le020,0,0.04853432683236005,0.14952445724320967,0.10099013041084962
v1,q10,rough_seed_5,rough_seed_17,wm020_ws080_we000,lm100_ls000_le000,lm020_ls040_le040,0,0.18563973238387022,0.5687287262121732,0.38308899382830297
v1,q10,rough_seed_5,rough_seed_17,wm020_ws060_we020,lm100_ls000_le000,lm020_ls040_le040,0,0.1868755992148271,0.427078550922333,0.24020295170750589
v1,q10,rough_seed_5,rough_seed_17,wm020_ws040_we040,lm100_ls000_le000,lm000_ls040_le060,0,0.20388455696645139,0.285428375632493,0.08154381866604163
v1,q10,rough_seed_5,rough_seed_17,wm020_ws020_we060,lm100_ls000_le000,lm060_ls020_le020,0,0.12237894420640703,0.1507735258840107,0.028394581677603656
v1,q10,rough_seed_5,rough_seed_17,wm020_ws000_we080,lm020_ls060_le020,lm020_ls060_le020,1,0.031655430300672395,0.031655430300672395,0.0
v1,q10,rough_seed_5,rough_seed_17,wm000_ws100_we000,lm060_ls000_le040,lm000_ls040_le060,0,0.0,0.11919280869751918,0.11919280869751918
v1,q10,rough_seed_5,rough_seed_17,wm000_ws080_we020,lm100_ls000_le000,lm000_ls040_le060,0,0.0951701268057946,0.5690628775515227,0.4738927507457281
v1,q10,rough_seed_5,rough_seed_17,wm000_ws060_we040,lm100_ls000_le000,lm000_ls040_le060,0,0.1903402536115892,0.4274127022616826,0.2370724486500934
v1,q10,rough_seed_5,rough_seed_17,wm000_ws040_we060,lm100_ls000_le000,lm060_ls020_le020,0,0.2429586950778415,0.2857625269718426,0.04280383189400111
v1,q10,rough_seed_5,rough_seed_17,wm000_ws020_we080,lm020_ls060_le020,lm060_ls020_le020,0,0.12205687610135389,0.14053553790523227,0.018478661803878374
v1,q10,rough_seed_5,rough_seed_17,wm000_ws000_we100,lm020_ls060_le020,lm020_ls060_le020,1,0.0,0.0,0.0
v1,q10,rough_seed_5,rough_seed_17,balanced,lm100_ls000_le000,lm060_ls020_le020,0,0.2031948689274342,0.2379888829763132,0.034794014048878996
v1,q10,rough_seed_5,rough_seed_17,motion,lm100_ls000_le000,lm100_ls000_le000,1,0.10753027817181889,0.10753027817181889,0.0
v1,q10,rough_seed_5,rough_seed_17,stability,lm100_ls000_le000,lm020_ls040_le040,0,0.14056170513887578,0.49798717640209045,0.35742547126321467
v1,q10,rough_seed_5,rough_seed_17,energy,lm020_ls060_le020,lm060_ls020_le020,0,0.09207297243602183,0.10563671850541434,0.013563746069392507
v1,q10,rough_seed_11,rough_seed_4,wm100_ws000_we000,lm080_ls020_le000,lm100_ls000_le000,0,0.0,0.1055186360505593,0.1055186360505593
v1,q10,rough_seed_11,rough_seed_4,wm080_ws020_we000,lm000_ls100_le000,lm080_ls020_le000,0,0.19936358426270173,0.8080279589086033,0.6086643746459016
v1,q10,rough_seed_11,rough_seed_4,wm080_ws000_we020,lm060_ls040_le000,lm100_ls000_le000,0,0.19931779513940673,0.23829323784053913,0.0389754427011324
v1,q10,rough_seed_11,rough_seed_4,wm060_ws040_we000,lm000_ls100_le000,lm080_ls020_le000,0,0.3976824295546058,0.6060559178172066,0.20837348826260077
v1,q10,rough_seed_11,rough_seed_4,wm060_ws020_we020,lm000_ls100_le000,lm100_ls000_le000,0,0.20397344351623176,0.6060279589086033,0.4020545153923715
v1,q10,rough_seed_11,rough_seed_4,wm060_ws000_we040,lm060_ls040_le000,lm100_ls000_le000,0,0.39863559027881346,0.43799446825208777,0.03935887797327431
v1,q10,rough_seed_11,rough_seed_4,wm040_ws060_we000,lm000_ls100_le000,lm020_ls080_le000,0,0.3641919698033767,0.40408387672580987,0.03989190692243316
v1,q10,rough_seed_11,rough_seed_4,wm040_ws040_we020,lm000_ls100_le000,lm020_ls080_le000,0,0.36480683385208534,0.40405591781720657,0.03924908396512122
v1,q10,rough_seed_11,rough_seed_4,wm040_ws020_we040,lm000_ls100_le000,lm020_ls080_le000,0,0.36542169790079404,0.4040279589086033,0.038606261007809284
v1,q10,rough_seed_11,rough_seed_4,wm040_ws000_we060,lm000_ls100_le000,lm020_ls080_le000,0,0.36603656194950274,0.404,0.03796343805049729
v1,q10,rough_seed_11,rough_seed_4,wm020_ws080_we000,lm000_ls100_le000,lm020_ls080_le000,0,0.18209598490168835,0.20211183563441315,0.0200158507327248
v1,q10,rough_seed_11,rough_seed_4,wm020_ws060_we020,lm000_ls100_le000,lm020_ls080_le000,0,0.18271084895039702,0.20208387672580985,0.019373027775412832
v1,q10,rough_seed_11,rough_seed_4,wm020_ws040_we040,lm000_ls100_le000,lm020_ls080_le000,0,0.1833257129991057,0.20205591781720658,0.018730204818100893
v1,q10,rough_seed_11,rough_seed_4,wm020_ws020_we060,lm000_ls100_le000,lm020_ls080_le000,0,0.1881067373023103,0.20202795890860328,0.013921221606292972
v1,q10,rough_seed_11,rough_seed_4,wm020_ws000_we080,lm000_ls100_le000,lm000_ls100_le000,1,0.202,0.202,0.0
v1,q10,rough_seed_11,rough_seed_4,wm000_ws100_we000,lm000_ls100_le000,lm020_ls080_le000,0,0.0,0.01411924884465801,0.01411924884465801
v1,q10,rough_seed_11,rough_seed_4,wm000_ws080_we020,lm000_ls100_le000,lm000_ls100_le000,1,0.011295399075726409,0.011295399075726409,0.0
v1,q10,rough_seed_11,rough_seed_4,wm000_ws060_we040,lm000_ls100_le000,lm000_ls100_le000,1,0.008471549306794807,0.008471549306794807,0.0
v1,q10,rough_seed_11,rough_seed_4,wm000_ws040_we060,lm000_ls100_le000,lm000_ls100_le000,1,0.0056476995378632044,0.0056476995378632044,0.0
v1,q10,rough_seed_11,rough_seed_4,wm000_ws020_we080,lm000_ls100_le000,lm000_ls100_le000,1,0.0028238497689316022,0.0028238497689316022,0.0
v1,q10,rough_seed_11,rough_seed_4,wm000_ws000_we100,lm000_ls100_le000,lm000_ls100_le000,1,0.0,0.0,0.0
v1,q10,rough_seed_11,rough_seed_4,balanced,lm000_ls100_le000,lm020_ls080_le000,0,0.30451808158399496,0.3367132648476721,0.03219518326367715
v1,q10,rough_seed_11,rough_seed_4,motion,lm000_ls100_le000,lm100_ls000_le000,0,0.1529800826371738,0.7070209691814524,0.5540408865442786
v1,q10,rough_seed_11,rough_seed_4,stability,lm000_ls100_le000,lm020_ls080_le000,0,0.13703313671279774,0.15159785618011148,0.014564719467313747
v1,q10,rough_seed_11,rough_seed_4,energy,lm000_ls100_le000,lm000_ls100_le000,1,0.15152096918145247,0.15152096918145247,0.0
v1,q10,rough_seed_4,rough_seed_12,wm100_ws000_we000,lm100_ls000_le000,lm080_ls020_le000,0,0.0,0.4201095186630188,0.4201095186630188
v1,q10,rough_seed_4,rough_seed_12,wm080_ws020_we000,lm100_ls000_le000,lm000_ls100_le000,0,0.07139294958482009,0.3381018888760571,0.26670893929123696
v1,q10,rough_seed_4,rough_seed_12,wm080_ws000_we020,lm100_ls000_le000,lm060_ls040_le000,0,0.024951927570797103,0.3377637449252346,0.31281181735443747
v1,q10,rough_seed_4,rough_seed_12,wm060_ws040_we000,lm100_ls000_le000,lm000_ls100_le000,0,0.05354471218861507,0.40937903713054963,0.35583432494193457
v1,q10,rough_seed_4,rough_seed_12,wm060_ws020_we020,lm100_ls000_le000,lm000_ls100_le000,0,0.05354471218861507,0.2557561151382728,0.20221140294965773
v1,q10,rough_seed_4,rough_seed_12,wm060_ws000_we040,lm100_ls000_le000,lm060_ls040_le000,0,0.04973672139312217,0.34107395906441035,0.29133723767128816
v1,q10,rough_seed_4,rough_seed_12,wm040_ws060_we000,lm040_ls040_le020,lm000_ls100_le000,0,0.035696474792410046,1.0148480346857838,0.9791515598933738
v1,q10,rough_seed_4,rough_seed_12,wm040_ws040_we020,lm080_ls000_le020,lm000_ls100_le000,0,0.035696474792410046,0.9953198320365615,0.9596233572441515
v1,q10,rough_seed_4,rough_seed_12,wm040_ws020_we040,lm100_ls000_le000,lm000_ls100_le000,0,0.035696474792410046,0.3422563329730959,0.3065598581806858
v1,q10,rough_seed_4,rough_seed_12,wm040_ws000_we060,lm100_ls000_le000,lm000_ls100_le000,0,0.035696474792410046,0.5095311885042243,0.47383471371181424
v1,q10,rough_seed_4,rough_seed_12,wm020_ws080_we000,lm040_ls040_le020,lm000_ls100_le000,0,0.017848237396205023,0.5949419765522262,0.5770937391560212
v1,q10,rough_seed_4,rough_seed_12,wm020_ws060_we020,lm040_ls040_le020,lm000_ls100_le000,0,0.017848237396205023,0.5133740014119786,0.49552576401577364
v1,q10,rough_seed_4,rough_seed_12,wm020_ws040_we040,lm040_ls040_le020,lm000_ls100_le000,0,0.017848237396205023,0.7673648412679921,0.7495166038717871
v1,q10,rough_seed_4,rough_seed_12,wm020_ws020_we060,lm100_ls000_le000,lm000_ls100_le000,0,0.017848237396205023,0.5107135624129098,0.49286532501670477
v1,q10,rough_seed_4,rough_seed_12,wm020_ws000_we080,lm100_ls000_le000,lm000_ls100_le000,0,0.017848237396205023,0.6779884179440384,0.6601401805478334
v1,q10,rough_seed_4,rough_seed_12,wm000_ws100_we000,lm040_ls040_le020,lm000_ls100_le000,0,0.0,0.7374245790157009,0.7374245790157009
v1,q10,rough_seed_4,rough_seed_12,wm000_ws080_we020,lm040_ls040_le020,lm000_ls100_le000,0,0.0,0.5936992772449672,0.5936992772449672
v1,q10,rough_seed_4,rough_seed_12,wm000_ws060_we040,lm040_ls040_le020,lm000_ls100_le000,0,0.0,0.7638227746194468,0.7638227746194468
v1,q10,rough_seed_4,rough_seed_12,wm000_ws040_we060,lm100_ls000_le000,lm000_ls100_le000,0,0.0,0.5118959363215952,0.5118959363215952
v1,q10,rough_seed_4,rough_seed_12,wm000_ws020_we080,lm100_ls000_le000,lm000_ls100_le000,0,0.0,0.6791707918527239,0.6791707918527239
v1,q10,rough_seed_4,rough_seed_12,wm000_ws000_we100,lm100_ls000_le000,lm000_ls100_le000,0,0.0,0.8464456473838523,0.8464456473838523
v1,q10,rough_seed_4,rough_seed_12,balanced,lm100_ls000_le000,lm000_ls100_le000,0,0.02974706232700837,0.3432494975693601,0.3135024352423517
v1,q10,rough_seed_4,rough_seed_12,motion,lm100_ls000_le000,lm000_ls100_le000,0,0.06246883088671758,0.2968444660194593,0.23437563513274173
v1,q10,rough_seed_4,rough_seed_12,stability,lm040_ls040_le020,lm000_ls100_le000,0,0.013386178047153767,0.5227686508400445,0.5093824727928907
v1,q10,rough_seed_4,rough_seed_12,energy,lm100_ls000_le000,lm000_ls100_le000,0,0.013386178047153767,0.5946465836556454,0.5812604056084916
v1,q10,rough_seed_25,rough_seed_6,wm100_ws000_we000,lm080_ls020_le000,lm100_ls000_le000,0,0.0,0.033274517716205085,0.033274517716205085
v1,q10,rough_seed_25,rough_seed_6,wm080_ws020_we000,lm020_ls080_le000,lm080_ls000_le020,0,0.12533871318045423,0.1824377803008253,0.05709906712037108
v1,q10,rough_seed_25,rough_seed_6,wm080_ws000_we020,lm100_ls000_le000,lm100_ls000_le000,1,0.015800089386051264,0.015800089386051264,0.0
v1,q10,rough_seed_25,rough_seed_6,wm060_ws040_we000,lm000_ls080_le020,lm040_ls040_le020,0,0.14365801486556262,0.2281934281715864,0.08453541330602377
v1,q10,rough_seed_25,rough_seed_6,wm060_ws020_we020,lm020_ls080_le000,lm080_ls000_le020,0,0.09463197959606273,0.18416272954009344,0.08953074994403071
v1,q10,rough_seed_25,rough_seed_6,wm060_ws000_we040,lm100_ls000_le000,lm100_ls000_le000,1,0.03160017877210253,0.03160017877210253,0.0
v1,q10,rough_seed_25,rough_seed_6,wm040_ws060_we000,lm040_ls020_le040,lm040_ls020_le040,1,0.14300978688508584,0.14300978688508584,0.0
v1,q10,rough_seed_25,rough_seed_6,wm040_ws040_we020,lm000_ls080_le020,lm040_ls040_le020,0,0.10179164621421029,0.33179944201335765,0.23000779579914737
v1,q10,rough_seed_25,rough_seed_6,wm040_ws020_we040,lm020_ls080_le000,lm080_ls000_le020,0,0.0901187931790877,0.3655110829477507,0.275392289768663
v1,q10,rough_seed_25,rough_seed_6,wm040_ws000_we060,lm100_ls000_le000,lm100_ls000_le000,1,0.04740026815815378,0.04740026815815378,0.0
v1,q10,rough_seed_25,rough_seed_6,wm020_ws080_we000,lm020_ls040_le040,lm060_ls000_le040,0,0.07853022180055476,0.30220588244620145,0.2236756606456467
v1,q10,rough_seed_25,rough_seed_6,wm020_ws060_we020,lm000_ls060_le040,lm040_ls040_le020,0,0.15166508730912093,0.2475799712160032,0.09591488390688227
v1,q10,rough_seed_25,rough_seed_6,wm020_ws040_we040,lm000_ls080_le020,lm040_ls040_le020,0,0.10148226669681978,0.659603791255677,0.5581215245588572
v1,q10,rough_seed_25,rough_seed_6,wm020_ws020_we060,lm020_ls080_le000,lm040_ls040_le020,0,0.05129944608451861,0.5468594363554078,0.49555999027088915
v1,q10,rough_seed_25,rough_seed_6,wm020_ws000_we080,lm100_ls000_le000,lm100_ls000_le000,1,0.06320035754420505,0.06320035754420505,0.0
v1,q10,rough_seed_25,rough_seed_6,wm000_ws100_we000,lm040_ls000_le060,lm060_ls000_le040,0,0.0,1.6971490464358463,1.6971490464358463
v1,q10,rough_seed_25,rough_seed_6,wm000_ws080_we020,lm040_ls000_le060,lm060_ls000_le040,0,0.15795342125440343,1.359411975878127,1.2014585546237235
v1,q10,rough_seed_25,rough_seed_6,wm000_ws060_we040,lm040_ls000_le060,lm040_ls040_le020,0,0.15135570779173044,1.0216749053204073,0.8703191975286768
v1,q10,rough_seed_25,rough_seed_6,wm000_ws040_we060,lm000_ls080_le020,lm040_ls040_le020,0,0.1011728871794293,0.9874081404979962,0.8862352533185669
v1,q10,rough_seed_25,rough_seed_6,wm000_ws020_we080,lm020_ls080_le000,lm040_ls040_le020,0,0.06572393126688088,0.7282077897630652,0.6624838584961843
v1,q10,rough_seed_25,rough_seed_6,wm000_ws000_we100,lm100_ls000_le000,lm020_ls000_le080,0,0.0,0.0790004469302563,0.0790004469302563
v1,q10,rough_seed_25,rough_seed_6,balanced,lm000_ls080_le020,lm040_ls040_le020,0,0.08496091283764638,0.5501568008844621,0.46519588804681566
v1,q10,rough_seed_25,rough_seed_6,motion,lm020_ls080_le000,lm080_ls000_le020,0,0.10990658261383564,0.13844021655843017,0.02853363394459453
v1,q10,rough_seed_25,rough_seed_6,stability,lm000_ls060_le040,lm060_ls000_le040,0,0.11904821115219281,0.2875508313190515,0.16850262016685869
v1,q10,rough_seed_25,rough_seed_6,energy,lm040_ls060_le000,lm040_ls040_le020,0,0.05779925412517968,0.418528845520666,0.3607295913954863
v1,q10,rough_seed_12,rough_seed_4,wm100_ws000_we000,lm080_ls020_le000,lm100_ls000_le000,0,0.0,0.04025001642554341,0.04025001642554341
v1,q10,rough_seed_12,rough_seed_4,wm080_ws020_we000,lm000_ls100_le000,lm100_ls000_le000,0,0.202,0.4779440465396955,0.2759440465396955
v1,q10,rough_seed_12,rough_seed_4,wm080_ws000_we020,lm060_ls040_le000,lm100_ls000_le000,0,0.0,0.24799361443510756,0.24799361443510756
v1,q10,rough_seed_12,rough_seed_4,wm060_ws040_we000,lm000_ls100_le000,lm100_ls000_le000,0,0.404,0.7175034983131142,0.3135034983131142
v1,q10,rough_seed_12,rough_seed_4,wm060_ws020_we020,lm000_ls100_le000,lm100_ls000_le000,0,0.202,0.42728959459971383,0.22528959459971382
v1,q10,rough_seed_12,rough_seed_4,wm060_ws000_we040,lm060_ls040_le000,lm100_ls000_le000,0,0.0,0.4930091036476737,0.4930091036476737
v1,q10,rough_seed_12,rough_seed_4,wm040_ws060_we000,lm000_ls100_le000,lm040_ls040_le020,0,0.404,1.0733195451872526,0.6693195451872526
v1,q10,rough_seed_12,rough_seed_4,wm040_ws040_we020,lm000_ls100_le000,lm080_ls000_le020,0,0.3697303579644351,0.7204899321938097,0.35075957422937465
v1,q10,rough_seed_12,rough_seed_4,wm040_ws020_we040,lm000_ls100_le000,lm100_ls000_le000,0,0.202,0.8463475078466955,0.6443475078466956
v1,q10,rough_seed_12,rough_seed_4,wm040_ws000_we060,lm000_ls100_le000,lm100_ls000_le000,0,0.0,1.2630451443057824,1.2630451443057824
v1,q10,rough_seed_12,rough_seed_4,wm020_ws080_we000,lm000_ls100_le000,lm040_ls040_le020,0,0.202,1.4291355920613915,1.2271355920613916
v1,q10,rough_seed_12,rough_seed_4,wm020_ws060_we020,lm000_ls100_le000,lm040_ls040_le020,0,0.20341142477832982,1.0763059790679481,0.8728945542896183
v1,q10,rough_seed_12,rough_seed_4,wm020_ws040_we040,lm000_ls100_le000,lm040_ls040_le020,0,0.2871078052226233,0.8487077846345906,0.5615999794119673
v1,q10,rough_seed_12,rough_seed_4,wm020_ws020_we060,lm000_ls100_le000,lm100_ls000_le000,0,0.202,1.2654054210936774,1.0634054210936774
v1,q10,rough_seed_12,rough_seed_4,wm020_ws000_we080,lm000_ls100_le000,lm100_ls000_le000,0,0.0,1.682103057552764,1.682103057552764
v1,q10,rough_seed_12,rough_seed_4,wm000_ws100_we000,lm000_ls100_le000,lm040_ls040_le020,0,0.0,1.78495163893553,1.78495163893553
v1,q10,rough_seed_12,rough_seed_4,wm000_ws080_we020,lm000_ls100_le000,lm040_ls040_le020,0,0.14255390261131165,1.4321220259420868,1.2895681233307752
v1,q10,rough_seed_12,rough_seed_4,wm000_ws060_we040,lm000_ls100_le000,lm040_ls040_le020,0,0.2851078052226233,1.0792924129486436,0.7941846077260204
v1,q10,rough_seed_12,rough_seed_4,wm000_ws040_we060,lm000_ls100_le000,lm100_ls000_le000,0,0.404,1.2677656978815723,0.8637656978815723
v1,q10,rough_seed_12,rough_seed_4,wm000_ws020_we080,lm000_ls100_le000,lm100_ls000_le000,0,0.202,1.6844633343406592,1.4824633343406592
v1,q10,rough_seed_12,rough_seed_4,wm000_ws000_we100,lm000_ls100_le000,lm100_ls000_le000,0,0.0,2.1011609707997456,2.1011609707997456
v1,q10,rough_seed_12,rough_seed_4,balanced,lm000_ls100_le000,lm100_ls000_le000,0,0.33666666666666667,0.708235054622965,0.3715683879562983
v1,q10,rough_seed_12,rough_seed_4,motion,lm000_ls100_le000,lm100_ls000_le000,0,0.1515,0.42087975710487285,0.26937975710487283
v1,q10,rough_seed_12,rough_seed_4,stability,lm000_ls100_le000,lm040_ls040_le020,0,0.15255856858374736,1.2534673940348435,1.1009088254510961
v1,q10,rough_seed_12,rough_seed_4,energy,lm000_ls100_le000,lm100_ls000_le000,0,0.1515,1.4743443085201944,1.3228443085201944
v1,q10,rough_seed_6,rough_seed_12,wm100_ws000_we000,lm100_ls000_le000,lm080_ls020_le000,0,0.0,0.019444788457276867,0.019444788457276867
v1,q10,rough_seed_6,rough_seed_12,wm080_ws020_we000,lm100_ls000_le000,lm020_ls080_le000,0,0.11766906181740024,0.17037765631515675,0.052708594497756514
v1,q10,rough_seed_6,rough_seed_12,wm080_ws000_we020,lm100_ls000_le000,lm100_ls000_le000,1,0.015555830765821493,0.015555830765821493,0.0
v1,q10,rough_seed_6,rough_seed_12,wm060_ws040_we000,lm100_ls000_le000,lm000_ls080_le020,0,0.19513767175767274,0.34056278997232065,0.1454251182146479
v1,q10,rough_seed_6,rough_seed_12,wm060_ws020_we020,lm100_ls000_le000,lm020_ls080_le000,0,0.11797135871125086,0.17033915178355818,0.05236779307230732
v1,q10,rough_seed_6,rough_seed_12,wm060_ws000_we040,lm100_ls000_le000,lm100_ls000_le000,1,0.011666873074366119,0.011666873074366119,0.0
v1,q10,rough_seed_6,rough_seed_12,wm040_ws060_we000,lm040_ls040_le020,lm040_ls020_le040,0,0.2293649881458,0.30935008907204603,0.07998510092624603
v1,q10,rough_seed_6,rough_seed_12,wm040_ws040_we020,lm080_ls000_le020,lm000_ls080_le020,0,0.17012522035353672,0.3416185438068079,0.17149332345327117
v1,q10,rough_seed_6,rough_seed_12,wm040_ws020_we040,lm100_ls000_le000,lm020_ls080_le000,0,0.11827365560510147,0.17030064725195962,0.052026991646858145
v1,q10,rough_seed_6,rough_seed_12,wm040_ws000_we060,lm100_ls000_le000,lm100_ls000_le000,1,0.007777915382910746,0.007777915382910746,0.0
v1,q10,rough_seed_6,rough_seed_12,wm020_ws080_we000,lm040_ls040_le020,lm020_ls040_le040,0,0.1209861865983622,0.4113471433554212,0.29036095675705903
v1,q10,rough_seed_6,rough_seed_12,wm020_ws060_we020,lm040_ls040_le020,lm000_ls060_le040,0,0.12434206404501243,0.31016904684215274,0.18582698279714033
v1,q10,rough_seed_6,rough_seed_12,wm020_ws040_we040,lm040_ls040_le020,lm000_ls080_le020,0,0.16995024233665781,0.3038349204988112,0.1338846781621534
v1,q10,rough_seed_6,rough_seed_12,wm020_ws020_we060,lm100_ls000_le000,lm020_ls080_le000,0,0.12027080222910068,0.17026214272036105,0.049991340491260375
v1,q10,rough_seed_6,rough_seed_12,wm020_ws000_we080,lm100_ls000_le000,lm100_ls000_le000,1,0.003888957691455373,0.003888957691455373,0.0
v1,q10,rough_seed_6,rough_seed_12,wm000_ws100_we000,lm040_ls040_le020,lm040_ls000_le060,0,0.0,0.5133441976387964,0.5133441976387964
v1,q10,rough_seed_6,rough_seed_12,wm000_ws080_we020,lm040_ls040_le020,lm040_ls000_le060,0,0.09912048199041387,0.4121661011255279,0.313045619135114
v1,q10,rough_seed_6,rough_seed_12,wm000_ws060_we040,lm040_ls040_le020,lm040_ls000_le060,0,0.19824096398082774,0.31098800461225945,0.1127470406314317
v1,q10,rough_seed_6,rough_seed_12,wm000_ws040_we060,lm100_ls000_le000,lm000_ls080_le020,0,0.1697752643197789,0.340447276377525,0.17067201205774607
v1,q10,rough_seed_6,rough_seed_12,wm000_ws020_we080,lm100_ls000_le000,lm020_ls080_le000,0,0.15985324492759392,0.1702236381887625,0.010370393261168565
v1,q10,rough_seed_6,rough_seed_12,wm000_ws000_we100,lm100_ls000_le000,lm100_ls000_le000,1,0.0,0.0,0.0
v1,q10,rough_seed_6,rough_seed_12,balanced,lm100_ls000_le000,lm000_ls080_le020,0,0.14215729902371685,0.2837702378672684,0.14161293884355156
v1,q10,rough_seed_6,rough_seed_12,motion,lm100_ls000_le000,lm020_ls080_le000,0,0.08859164973868289,0.12780249450216682,0.03921084476348394
v1,q10,rough_seed_6,rough_seed_12,stability,lm040_ls040_le020,lm000_ls060_le040,0,0.09338578569369428,0.36096283454131367,0.2675770488476194
v1,q10,rough_seed_6,rough_seed_12,energy,lm100_ls000_le000,lm040_ls060_le000,0,0.12272412383380095,0.12769660704027078,0.004972483206469827
v1,q10,rough_seed_29,rough_seed_18,wm100_ws000_we000,lm000_ls100_le000,lm100_ls000_le000,0,0.0,0.5188786915160138,0.5188786915160138
v1,q10,rough_seed_29,rough_seed_18,wm080_ws020_we000,lm000_ls100_le000,lm100_ls000_le000,0,0.14138735532087288,0.41587935652571684,0.27449200120484396
v1,q10,rough_seed_29,rough_seed_18,wm080_ws000_we020,lm000_ls100_le000,lm060_ls040_le000,0,0.14965890669506476,0.4163201407354142,0.2666612340403494
v1,q10,rough_seed_29,rough_seed_18,wm060_ws040_we000,lm000_ls100_le000,lm060_ls040_le000,0,0.11272705211836323,0.3128800215354198,0.2001529694170566
v1,q10,rough_seed_29,rough_seed_18,wm060_ws020_we020,lm000_ls100_le000,lm060_ls040_le000,0,0.11292156873340709,0.31332080574511717,0.20039923701171009
v1,q10,rough_seed_29,rough_seed_18,wm060_ws000_we040,lm000_ls100_le000,lm060_ls040_le000,0,0.14200604974727948,0.3137615899548145,0.17175554020753503
v1,q10,rough_seed_29,rough_seed_18,wm040_ws060_we000,lm000_ls100_le000,lm040_ls060_le000,0,0.13756749512136274,0.23730516892536516,0.09973767380400242
v1,q10,rough_seed_29,rough_seed_18,wm040_ws040_we020,lm000_ls100_le000,lm040_ls060_le000,0,0.0931073823940256,0.2103214707548202,0.11721408836079458
v1,q10,rough_seed_29,rough_seed_18,wm040_ws020_we040,lm000_ls100_le000,lm060_ls040_le000,0,0.1421403411008057,0.24870324799365065,0.10656290689284495
v1,q10,rough_seed_29,rough_seed_18,wm040_ws000_we060,lm000_ls100_le000,lm080_ls020_le000,0,0.16486487709146663,0.37086278446365983,0.2059979073721932
v1,q10,rough_seed_29,rough_seed_18,wm020_ws080_we000,lm000_ls100_le000,lm080_ls020_le000,0,0.08163235807027222,0.31469442097139116,0.23306206290111894
v1,q10,rough_seed_29,rough_seed_18,wm020_ws060_we020,lm000_ls100_le000,lm080_ls020_le000,0,0.08216574505391296,0.23749487389051083,0.15532912883659789
v1,q10,rough_seed_29,rough_seed_18,wm020_ws040_we040,lm000_ls100_le000,lm080_ls020_le000,0,0.1085524118644407,0.24845216874909898,0.13989975688465828
v1,q10,rough_seed_29,rough_seed_18,wm020_ws020_we060,lm000_ls100_le000,lm080_ls020_le000,0,0.1624244972121547,0.37061170521910813,0.20818720800695342
v1,q10,rough_seed_29,rough_seed_18,wm020_ws000_we080,lm000_ls100_le000,lm080_ls000_le020,0,0.09221328900858783,0.4927712416891174,0.40055795268052957
v1,q10,rough_seed_29,rough_seed_18,wm000_ws100_we000,lm040_ls040_le020,lm080_ls020_le000,0,0.0,0.8756140471039797,0.8756140471039797
v1,q10,rough_seed_29,rough_seed_18,wm000_ws080_we020,lm000_ls100_le000,lm080_ls020_le000,0,0.05387208534771405,0.3148841259365368,0.26101204058882277
v1,q10,rough_seed_29,rough_seed_18,wm000_ws060_we040,lm000_ls100_le000,lm080_ls020_le000,0,0.1077441706954281,0.2482010895045473,0.1404569188091192
v1,q10,rough_seed_29,rough_seed_18,wm000_ws040_we060,lm000_ls100_le000,lm080_ls020_le000,0,0.16161625604314211,0.37036062597455643,0.20874436993141432
v1,q10,rough_seed_29,rough_seed_18,wm000_ws020_we080,lm000_ls100_le000,lm040_ls040_le020,0,0.17615667609005298,0.4925201624445657,0.3163634863545127
v1,q10,rough_seed_29,rough_seed_18,wm000_ws000_we100,lm000_ls100_le000,lm080_ls000_le020,0,0.0,0.6146796989145749,0.6146796989145749
v1,q10,rough_seed_29,rough_seed_18,balanced,lm000_ls100_le000,lm060_ls040_le000,0,0.11886945728956978,0.20789970942213032,0.08903025213256054
v1,q10,rough_seed_29,rough_seed_18,motion,lm000_ls100_le000,lm060_ls040_le000,0,0.13124160856047495,0.3647102771878413,0.23346866862736637
v1,q10,rough_seed_29,rough_seed_18,stability,lm000_ls100_le000,lm080_ls020_le000,0,0.06162430879043471,0.2761420736722374,0.2145177648818027
v1,q10,rough_seed_29,rough_seed_18,energy,lm000_ls100_le000,lm080_ls000_le020,0,0.15218475214610336,0.4316287036429748,0.2794439514968714
v1,q10,rough_seed_18,rough_seed_29,wm100_ws000_we000,lm100_ls000_le000,lm000_ls100_le000,0,0.0,0.645192882821298,0.645192882821298
v1,q10,rough_seed_18,rough_seed_29,wm080_ws020_we000,lm100_ls000_le000,lm000_ls100_le000,0,0.020757964208738197,0.5198954405962511,0.49913747638751294
v1,q10,rough_seed_18,rough_seed_29,wm080_ws000_we020,lm060_ls040_le000,lm000_ls100_le000,0,0.0,0.40487984776475355,0.40487984776475355
v1,q10,rough_seed_18,rough_seed_29,wm060_ws040_we000,lm060_ls040_le000,lm000_ls100_le000,0,0.041515928417476394,0.5439288507789377,0.5024129223614613
v1,q10,rough_seed_18,rough_seed_29,wm060_ws020_we020,lm060_ls040_le000,lm000_ls100_le000,0,0.020757964208738197,0.4066011890039484,0.3858432247952102
v1,q10,rough_seed_18,rough_seed_29,wm060_ws000_we040,lm060_ls040_le000,lm000_ls100_le000,0,0.0,0.8049738925914198,0.8049738925914198
v1,q10,rough_seed_18,rough_seed_29,wm040_ws060_we000,lm040_ls060_le000,lm000_ls100_le000,0,0.06227389262621459,0.3128537123744272,0.25057981974821264
v1,q10,rough_seed_18,rough_seed_29,wm040_ws040_we020,lm040_ls060_le000,lm000_ls100_le000,0,0.041515928417476394,0.2904908905944024,0.24897496217692602
v1,q10,rough_seed_18,rough_seed_29,wm040_ws020_we040,lm060_ls040_le000,lm000_ls100_le000,0,0.020757964208738197,0.8066952338306146,0.7859372696218764
v1,q10,rough_seed_18,rough_seed_29,wm040_ws000_we060,lm080_ls020_le000,lm000_ls100_le000,0,0.0,1.4156942193365458,1.4156942193365458
v1,q10,rough_seed_18,rough_seed_29,wm020_ws080_we000,lm080_ls020_le000,lm000_ls100_le000,0,0.08303185683495279,0.48970858700865066,0.4066767301736979
v1,q10,rough_seed_18,rough_seed_29,wm020_ws060_we020,lm080_ls020_le000,lm000_ls100_le000,0,0.06227389262621459,0.4760377642073972,0.4137638715811826
v1,q10,rough_seed_18,rough_seed_29,wm020_ws040_we040,lm080_ls020_le000,lm000_ls100_le000,0,0.041515928417476394,0.945698094543364,0.9041821661258875
v1,q10,rough_seed_18,rough_seed_29,wm020_ws020_we060,lm080_ls020_le000,lm000_ls100_le000,0,0.020757964208738197,1.4153584248793305,1.3946004606705924
v1,q10,rough_seed_18,rough_seed_29,wm020_ws000_we080,lm080_ls000_le020,lm000_ls100_le000,0,0.0,1.2249134600155769,1.2249134600155769
v1,q10,rough_seed_18,rough_seed_29,wm000_ws100_we000,lm080_ls020_le000,lm040_ls040_le020,0,0.0,0.6102055808357404,0.6102055808357404
v1,q10,rough_seed_18,rough_seed_29,wm000_ws080_we020,lm080_ls020_le000,lm000_ls100_le000,0,0.08303185683495279,0.4928265305915509,0.4097946737565981
v1,q10,rough_seed_18,rough_seed_29,wm000_ws060_we040,lm080_ls020_le000,lm000_ls100_le000,0,0.06227389262621459,0.9453623000861487,0.8830884074599341
v1,q10,rough_seed_18,rough_seed_29,wm000_ws040_we060,lm080_ls020_le000,lm000_ls100_le000,0,0.041515928417476394,1.4150226304221154,1.373506702004639
v1,q10,rough_seed_18,rough_seed_29,wm000_ws020_we080,lm040_ls040_le020,lm000_ls100_le000,0,0.020757964208738197,0.808,0.7872420357912618
v1,q10,rough_seed_18,rough_seed_29,wm000_ws000_we100,lm080_ls000_le020,lm000_ls100_le000,0,0.0,1.5265755479918859,1.5265755479918859
v1,q10,rough_seed_18,rough_seed_29,balanced,lm060_ls040_le000,lm000_ls100_le000,0,0.034596607014563664,0.6744781130478557,0.639881506033292
v1,q10,rough_seed_18,rough_seed_29,motion,lm060_ls040_le000,lm000_ls100_le000,0,0.015568473156553648,0.3433432471033857,0.3277747739468321
v1,q10,rough_seed_18,rough_seed_29,stability,lm080_ls020_le000,lm000_ls100_le000,0,0.07265287473058368,0.43179854778228083,0.35914567305169715
v1,q10,rough_seed_18,rough_seed_29,energy,lm080_ls000_le020,lm000_ls100_le000,0,0.015568473156553648,1.0728783181993389,1.0573098450427851
v1,q10,rough_seed_10,rough_seed_13,wm100_ws000_we000,lm100_ls000_le000,lm060_ls040_le000,0,0.0,0.010046092519815277,0.010046092519815277
v1,q10,rough_seed_10,rough_seed_13,wm080_ws020_we000,lm080_ls020_le000,lm080_ls020_le000,1,0.08934336145439944,0.08934336145439944,0.0
v1,q10,rough_seed_10,rough_seed_13,wm080_ws000_we020,lm080_ls020_le000,lm100_ls000_le000,0,0.027364594489203167,0.04630420744490725,0.018939612955704083
v1,q10,rough_seed_10,rough_seed_13,wm060_ws040_we000,lm040_ls060_le000,lm080_ls000_le020,0,0.14676191603588556,0.4072064206575386,0.26044450462165303
v1,q10,rough_seed_10,rough_seed_13,wm060_ws020_we020,lm080_ls020_le000,lm080_ls020_le000,1,0.0892287470795358,0.0892287470795358,0.0
v1,q10,rough_seed_10,rough_seed_13,wm060_ws000_we040,lm020_ls060_le020,lm080_ls020_le000,0,0.034728155583680434,0.3206758484701108,0.2859476928864304
v1,q10,rough_seed_10,rough_seed_13,wm040_ws060_we000,lm040_ls060_le000,lm020_ls040_le040,0,0.16231085368994616,0.6107545898611525,0.44844373617120636
v1,q10,rough_seed_10,rough_seed_13,wm040_ws040_we020,lm040_ls060_le000,lm060_ls020_le020,0,0.12180717067211369,0.40867023721189827,0.28686306653978455
v1,q10,rough_seed_10,rough_seed_13,wm040_ws020_we040,lm040_ls020_le040,lm080_ls020_le000,0,0.08911413270467218,0.23756562555475022,0.14845149285007803
v1,q10,rough_seed_10,rough_seed_13,wm040_ws000_we060,lm060_ls000_le040,lm080_ls020_le000,0,0.023152103722453625,0.4083612419044743,0.3852091381820207
v1,q10,rough_seed_10,rough_seed_13,wm020_ws080_we000,lm040_ls060_le000,lm040_ls000_le060,0,0.1536555874161028,0.8143027590647665,0.6606471716486637
v1,q10,rough_seed_10,rough_seed_13,wm020_ws060_we020,lm040_ls060_le000,lm040_ls000_le060,0,0.11657912054015335,0.6122184064155122,0.4956392858753588
v1,q10,rough_seed_10,rough_seed_13,wm020_ws040_we040,lm020_ls000_le080,lm060_ls020_le020,0,0.12152862557147921,0.5547830782455876,0.4332544526741084
v1,q10,rough_seed_10,rough_seed_13,wm020_ws020_we060,lm040_ls000_le060,lm060_ls020_le020,0,0.08034740809800486,0.33609242512933946,0.25574501703133456
v1,q10,rough_seed_10,rough_seed_13,wm020_ws000_we080,lm040_ls000_le060,lm080_ls020_le000,0,0.011576051861226812,0.447309147197663,0.4357330953364362
v1,q10,rough_seed_10,rough_seed_13,wm000_ws100_we000,lm040_ls060_le000,lm000_ls000_le100,0,0.0,1.0178509282683803,1.0178509282683803
v1,q10,rough_seed_10,rough_seed_13,wm000_ws080_we020,lm020_ls000_le080,lm040_ls000_le060,0,0.15383036034486472,0.27781853232811565,0.12398817198325093
v1,q10,rough_seed_10,rough_seed_13,wm000_ws060_we040,lm020_ls000_le080,lm020_ls040_le040,0,0.16205962348791028,0.5536210011814907,0.39156137769358046
v1,q10,rough_seed_10,rough_seed_13,wm000_ws040_we060,lm020_ls000_le080,lm060_ls020_le020,0,0.12125008047084473,0.8294234700348656,0.7081733895640209
v1,q10,rough_seed_10,rough_seed_13,wm000_ws020_we080,lm020_ls000_le080,lm080_ls020_le000,0,0.08888490395494492,1.1052259388882408,1.016341034933296
v1,q10,rough_seed_10,rough_seed_13,wm000_ws000_we100,lm040_ls000_le060,lm080_ls020_le000,0,0.0,0.5579737769477644,0.5579737769477644
v1,q10,rough_seed_10,rough_seed_13,balanced,lm080_ls020_le000,lm060_ls020_le020,0,0.10172382780129385,0.14833253054968087,0.04660870274838702
v1,q10,rough_seed_10,rough_seed_13,motion,lm080_ls020_le000,lm080_ls020_le000,1,0.06706482827823138,0.06706482827823138,0.0
v1,q10,rough_seed_10,rough_seed_13,stability,lm040_ls060_le000,lm040_ls000_le060,0,0.13516104721031855,0.7136265368787292,0.5784654896684107
v1,q10,rough_seed_10,rough_seed_13,energy,lm040_ls000_le060,lm080_ls020_le000,0,0.0667496387473564,0.3915627630839457,0.3248131243365893
v1,q10,rough_seed_8,rough_seed_0,wm100_ws000_we000,lm080_ls020_le000,lm080_ls020_le000,1,0.0,0.0,0.0
v1,q10,rough_seed_8,rough_seed_0,wm080_ws020_we000,lm100_ls000_le000,lm080_ls020_le000,0,0.0,0.2039111502677661,0.2039111502677661
v1,q10,rough_seed_8,rough_seed_0,wm080_ws000_we020,lm060_ls040_le000,lm100_ls000_le000,0,0.19353713450553464,0.5216056991290668,0.3280685646235322
v1,q10,rough_seed_8,rough_seed_0,wm060_ws040_we000,lm100_ls000_le000,lm080_ls020_le000,0,0.0,0.4054333627008246,0.4054333627008246
v1,q10,rough_seed_8,rough_seed_0,wm060_ws020_we020,lm100_ls000_le000,lm080_ls020_le000,0,0.202,0.2039443201619839,0.001944320161983898
v1,q10,rough_seed_8,rough_seed_0,wm060_ws000_we040,lm060_ls040_le000,lm100_ls000_le000,0,0.14579154770560013,0.4615254784630977,0.31573393075749756
v1,q10,rough_seed_8,rough_seed_0,wm040_ws060_we000,lm060_ls000_le040,lm080_ls020_le000,0,0.0,1.3747282520869373,1.3747282520869373
v1,q10,rough_seed_8,rough_seed_0,wm040_ws040_we020,lm100_ls000_le000,lm080_ls020_le000,0,0.202,0.4054665325950424,0.20346653259504238
v1,q10,rough_seed_8,rough_seed_0,wm040_ws020_we040,lm100_ls000_le000,lm100_ls000_le000,1,0.2039774900562017,0.2039774900562017,0.0
v1,q10,rough_seed_8,rough_seed_0,wm040_ws000_we060,lm100_ls000_le000,lm100_ls000_le000,1,0.155775685865156,0.155775685865156,0.0
v1,q10,rough_seed_8,rough_seed_0,wm020_ws080_we000,lm060_ls000_le040,lm080_ls020_le000,0,0.0,0.6900630924942879,0.6900630924942879
v1,q10,rough_seed_8,rough_seed_0,wm020_ws060_we020,lm000_ls060_le040,lm080_ls020_le000,0,0.202,0.8510454745598804,0.6490454745598804
v1,q10,rough_seed_8,rough_seed_0,wm020_ws040_we040,lm000_ls040_le060,lm040_ls060_le000,0,0.2822873187860389,1.9089289999252463,1.6266416811392075
v1,q10,rough_seed_8,rough_seed_0,wm020_ws020_we060,lm100_ls000_le000,lm040_ls060_le000,0,0.2033875609840893,0.20401065995041948,0.0006230989663301711
v1,q10,rough_seed_8,rough_seed_0,wm020_ws000_we080,lm100_ls000_le000,lm040_ls060_le000,0,0.202,0.20690460187530552,0.004904601875305503
v1,q10,rough_seed_8,rough_seed_0,wm000_ws100_we000,lm000_ls040_le060,lm080_ls020_le000,0,0.0,0.828670407235132,0.828670407235132
v1,q10,rough_seed_8,rough_seed_0,wm000_ws080_we020,lm000_ls040_le060,lm080_ls020_le000,0,0.202,0.9540787886002021,0.752078788600202
v1,q10,rough_seed_8,rough_seed_0,wm000_ws060_we040,lm000_ls040_le060,lm080_ls020_le000,0,0.404,1.8999529197030267,1.4959529197030266
v1,q10,rough_seed_8,rough_seed_0,wm000_ws040_we060,lm100_ls000_le000,lm040_ls060_le000,0,0.2802873187860389,0.40553287238347796,0.12524555359743905
v1,q10,rough_seed_8,rough_seed_0,wm000_ws020_we080,lm100_ls000_le000,lm040_ls060_le000,0,0.14014365939301945,0.208426814308364,0.06828315491534453
v1,q10,rough_seed_8,rough_seed_0,wm000_ws000_we100,lm100_ls000_le000,lm040_ls060_le000,0,0.0,0.2580335178854549,0.2580335178854549
v1,q10,rough_seed_8,rough_seed_0,balanced,lm100_ls000_le000,lm080_ls020_le000,0,0.33666666666666667,0.3383145750468347,0.0016479083801680394
v1,q10,rough_seed_8,rough_seed_0,motion,lm100_ls000_le000,lm080_ls020_le000,0,0.1515,0.1707811230096979,0.019281123009697893
v1,q10,rough_seed_8,rough_seed_0,stability,lm000_ls060_le040,lm080_ls020_le000,0,0.1515,0.6399262850148221,0.4884262850148221
v1,q10,rough_seed_8,rough_seed_0,energy,lm100_ls000_le000,lm040_ls060_le000,0,0.15254067073806696,0.18248180319502458,0.02994113245695762
v1,q10,rough_seed_22,rough_seed_20,wm100_ws000_we000,lm100_ls000_le000,lm100_ls000_le000,1,0.0,0.0,0.0
v1,q10,rough_seed_22,rough_seed_20,wm080_ws020_we000,lm080_ls000_le020,lm080_ls020_le000,0,0.20006500496469343,0.2470702201791855,0.04700521521449208
v1,q10,rough_seed_22,rough_seed_20,wm080_ws000_we020,lm060_ls020_le020,lm080_ls020_le000,0,0.20101420328297948,0.26979701925848315,0.06878281597550367
v1,q10,rough_seed_22,rough_seed_20,wm060_ws040_we000,lm000_ls060_le040,lm080_ls000_le020,0,0.2735163768252158,0.6932267691062576,0.4197103922810418
v1,q10,rough_seed_22,rough_seed_20,wm060_ws020_we020,lm080_ls000_le020,lm080_ls000_le020,1,0.1937066002379729,0.1937066002379729,0.0
v1,q10,rough_seed_22,rough_seed_20,wm060_ws000_we040,lm060_ls020_le020,lm040_ls040_le020,0,0.31479697927604194,0.4065204043551879,0.09172342507914594
v1,q10,rough_seed_22,rough_seed_20,wm040_ws060_we000,lm060_ls000_le040,lm040_ls040_le020,0,0.28199113945944504,0.5089785403597464,0.2269874009003014
v1,q10,rough_seed_22,rough_seed_20,wm040_ws040_we020,lm040_ls020_le040,lm040_ls040_le020,0,0.21132834276331575,0.404,0.19267165723668428
v1,q10,rough_seed_22,rough_seed_20,wm040_ws020_we040,lm060_ls020_le020,lm040_ls040_le020,0,0.2357043500852413,0.40724863904297587,0.17154428895773458
v1,q10,rough_seed_22,rough_seed_20,wm040_ws000_we060,lm060_ls020_le020,lm040_ls040_le020,0,0.3511394110587184,0.6081234630524234,0.256984051993705
v1,q10,rough_seed_22,rough_seed_20,wm020_ws080_we000,lm020_ls020_le060,lm040_ls020_le040,0,0.202,0.3236708468231667,0.1216708468231667
v1,q10,rough_seed_22,rough_seed_20,wm020_ws060_we020,lm000_ls040_le060,lm040_ls020_le040,0,0.202,0.3343276396584846,0.1323276396584846
v1,q10,rough_seed_22,rough_seed_20,wm020_ws040_we040,lm000_ls060_le040,lm040_ls020_le040,0,0.202,0.2329979987527633,0.030997998752763295
v1,q10,rough_seed_22,rough_seed_20,wm020_ws020_we060,lm060_ls020_le020,lm040_ls020_le040,0,0.202,0.6088516977402114,0.4068516977402114
v1,q10,rough_seed_22,rough_seed_20,wm020_ws000_we080,lm060_ls020_le020,lm040_ls020_le040,0,0.202,0.809726521749659,0.607726521749659
v1,q10,rough_seed_22,rough_seed_20,wm000_ws100_we000,lm000_ls000_le100,lm040_ls020_le040,0,0.0,0.29575601260210443,0.29575601260210443
v1,q10,rough_seed_22,rough_seed_20,wm000_ws080_we020,lm000_ls040_le060,lm040_ls020_le040,0,0.0,0.23157034899308748,0.23157034899308748
v1,q10,rough_seed_22,rough_seed_20,wm000_ws060_we040,lm000_ls040_le060,lm040_ls020_le040,0,0.0,0.46085473905892016,0.46085473905892016
v1,q10,rough_seed_22,rough_seed_20,wm000_ws040_we060,lm080_ls000_le020,lm040_ls020_le040,0,0.0,0.5743007158726567,0.5743007158726567
v1,q10,rough_seed_22,rough_seed_20,wm000_ws020_we080,lm060_ls020_le020,lm040_ls020_le040,0,0.0,0.810454756437447,0.810454756437447
v1,q10,rough_seed_22,rough_seed_20,wm000_ws000_we100,lm060_ls020_le020,lm040_ls020_le040,0,0.0,1.0113295804468945,1.0113295804468945
v1,q10,rough_seed_22,rough_seed_20,balanced,lm000_ls060_le040,lm040_ls040_le020,0,0.1971901720469265,0.3866176269576322,0.1894274549107057
v1,q10,rough_seed_22,rough_seed_20,motion,lm080_ls000_le020,lm080_ls020_le000,0,0.15225662001664353,0.21743319458260005,0.06517657456595652
v1,q10,rough_seed_22,rough_seed_20,stability,lm000_ls040_le060,lm040_ls020_le040,0,0.1515,0.25131721947567714,0.09981721947567715
v1,q10,rough_seed_22,rough_seed_20,energy,lm060_ls020_le020,lm040_ls020_le040,0,0.1515,0.7094711684168822,0.5579711684168822
v1,q10,rough_seed_20,rough_seed_0,wm100_ws000_we000,lm080_ls020_le000,lm100_ls000_le000,0,0.0,0.002892784357040733,0.002892784357040733
v1,q10,rough_seed_20,rough_seed_0,wm080_ws020_we000,lm100_ls000_le000,lm080_ls000_le020,0,0.13983830255512691,0.1964288625420484,0.056590559986921474
v1,q10,rough_seed_20,rough_seed_0,wm080_ws000_we020,lm060_ls040_le000,lm060_ls020_le020,0,0.11704548225463766,0.24595398083640357,0.1289084985817659
v1,q10,rough_seed_20,rough_seed_0,wm060_ws040_we000,lm100_ls000_le000,lm000_ls060_le040,0,0.24433196216768818,0.3928577250840968,0.1485257629164086
v1,q10,rough_seed_20,rough_seed_0,wm060_ws020_we020,lm100_ls000_le000,lm080_ls000_le020,0,0.1403382198920136,0.20394484022318862,0.06360662033117503
v1,q10,rough_seed_20,rough_seed_0,wm060_ws000_we040,lm060_ls040_le000,lm060_ls020_le020,0,0.08778411169097824,0.49159654048185714,0.40381242879087886
v1,q10,rough_seed_20,rough_seed_0,wm040_ws060_we000,lm060_ls000_le040,lm060_ls000_le040,1,0.17869299841877725,0.17869299841877725,0.0
v1,q10,rough_seed_20,rough_seed_0,wm040_ws040_we020,lm100_ls000_le000,lm040_ls020_le040,0,0.17907722385018984,0.3948577250840968,0.21578050123390694
v1,q10,rough_seed_20,rough_seed_0,wm040_ws020_we040,lm100_ls000_le000,lm060_ls020_le020,0,0.14740178057620767,0.4059448402231886,0.25854305964698093
v1,q10,rough_seed_20,rough_seed_0,wm040_ws000_we060,lm100_ls000_le000,lm060_ls020_le020,0,0.05852274112731883,0.606,0.5474772588726812
v1,q10,rough_seed_20,rough_seed_0,wm020_ws080_we000,lm060_ls000_le040,lm020_ls020_le060,0,0.11310902285421955,0.22472239549490103,0.11161337264068148
v1,q10,rough_seed_20,rough_seed_0,wm020_ws060_we020,lm000_ls060_le040,lm000_ls040_le060,0,0.13288250138278854,0.3277093344606898,0.19482683307790125
v1,q10,rough_seed_20,rough_seed_0,wm020_ws040_we040,lm000_ls040_le060,lm000_ls060_le040,0,0.23106394800204005,0.26415196604097385,0.0330880180389338
v1,q10,rough_seed_20,rough_seed_0,wm020_ws020_we060,lm100_ls000_le000,lm060_ls020_le020,0,0.14711206403597343,0.6079448402231886,0.4608327761872152
v1,q10,rough_seed_20,rough_seed_0,wm020_ws000_we080,lm100_ls000_le000,lm060_ls020_le020,0,0.029261370563659416,0.808,0.7787386294363406
v1,q10,rough_seed_20,rough_seed_0,wm000_ws100_we000,lm000_ls040_le060,lm000_ls000_le100,0,0.0,0.060253460087195745,0.060253460087195745
v1,q10,rough_seed_20,rough_seed_0,wm000_ws080_we020,lm000_ls040_le060,lm000_ls040_le060,1,0.13186603356993973,0.13186603356993973,0.0
v1,q10,rough_seed_20,rough_seed_0,wm000_ws060_we040,lm000_ls040_le060,lm000_ls040_le060,1,0.26313549822812504,0.26313549822812504,0.0
v1,q10,rough_seed_20,rough_seed_0,wm000_ws040_we060,lm100_ls000_le000,lm080_ls000_le020,0,0.27968677928139446,0.6098896804463771,0.3302029011649827
v1,q10,rough_seed_20,rough_seed_0,wm000_ws020_we080,lm100_ls000_le000,lm060_ls020_le020,0,0.1468223474957392,0.8099448402231887,0.6631224927274495
v1,q10,rough_seed_20,rough_seed_0,wm000_ws000_we100,lm100_ls000_le000,lm060_ls020_le020,0,0.0,1.01,1.01
v1,q10,rough_seed_20,rough_seed_0,balanced,lm100_ls000_le000,lm000_ls060_le040,0,0.19321935599181445,0.3399080670386476,0.14668871104683318
v1,q10,rough_seed_20,rough_seed_0,motion,lm100_ls000_le000,lm080_ls000_le020,0,0.10694108219214375,0.15295863016739145,0.046017547975247694
v1,q10,rough_seed_20,rough_seed_0,stability,lm000_ls060_le040,lm000_ls040_le060,0,0.09981101826503001,0.3815239910773733,0.28171297281234325
v1,q10,rough_seed_20,rough_seed_0,energy,lm100_ls000_le000,lm060_ls020_le020,0,0.11033404802698005,0.7084586301673914,0.5981245821404113
v1,q10,rough_seed_28,rough_seed_18,wm100_ws000_we000,lm000_ls100_le000,lm100_ls000_le000,0,0.0,0.23824568704173466,0.23824568704173466
v1,q10,rough_seed_28,rough_seed_18,wm080_ws020_we000,lm000_ls100_le000,lm060_ls040_le000,0,0.029825768049298387,0.1905965496333877,0.1607707815840893
v1,q10,rough_seed_28,rough_seed_18,wm080_ws000_we020,lm000_ls100_le000,lm060_ls040_le000,0,0.1297071870083916,0.1907785221705962,0.061071335162204615
v1,q10,rough_seed_28,rough_seed_18,wm060_ws040_we000,lm000_ls100_le000,lm060_ls040_le000,0,0.05947862894722585,0.1429474122250408,0.08346878327781493
v1,q10,rough_seed_28,rough_seed_18,wm060_ws020_we020,lm000_ls100_le000,lm040_ls060_le000,0,0.12184647023490529,0.1431293847622493,0.021282914527344002
v1,q10,rough_seed_28,rough_seed_18,wm060_ws000_we040,lm000_ls100_le000,lm000_ls100_le000,1,0.14331135729945776,0.14331135729945776,0.0
v1,q10,rough_seed_28,rough_seed_18,wm040_ws060_we000,lm000_ls100_le000,lm060_ls040_le000,0,0.0891314898451533,0.09529827481669385,0.006166784971540551
v1,q10,rough_seed_28,rough_seed_18,wm040_ws040_we020,lm000_ls100_le000,lm000_ls100_le000,1,0.09548024735390236,0.09548024735390236,0.0
v1,q10,rough_seed_28,rough_seed_18,wm040_ws020_we040,lm000_ls100_le000,lm000_ls100_le000,1,0.09566221989111084,0.09566221989111084,0.0
v1,q10,rough_seed_28,rough_seed_18,wm040_ws000_we060,lm000_ls100_le000,lm000_ls100_le000,1,0.09584419242831933,0.09584419242831933,0.0
v1,q10,rough_seed_28,rough_seed_18,wm020_ws080_we000,lm000_ls100_le000,lm000_ls100_le000,1,0.04764913740834693,0.04764913740834693,0.0
v1,q10,rough_seed_28,rough_seed_18,wm020_ws060_we020,lm000_ls100_le000,lm000_ls100_le000,1,0.04783110994555542,0.04783110994555542,0.0
v1,q10,rough_seed_28,rough_seed_18,wm020_ws040_we040,lm000_ls100_le000,lm000_ls100_le000,1,0.04801308248276392,0.04801308248276392,0.0
v1,q10,rough_seed_28,rough_seed_18,wm020_ws020_we060,lm000_ls100_le000,lm000_ls100_le000,1,0.05560945241187999,0.05560945241187999,0.0
v1,q10,rough_seed_28,rough_seed_18,wm020_ws000_we080,lm000_ls100_le000,lm000_ls100_le000,1,0.07398867866993786,0.07398867866993786,0.0
v1,q10,rough_seed_28,rough_seed_18,wm000_ws100_we000,lm040_ls040_le020,lm000_ls100_le000,0,0.0,0.4549256166028007,0.4549256166028007
v1,q10,rough_seed_28,rough_seed_18,wm000_ws080_we020,lm000_ls100_le000,lm000_ls100_le000,1,0.018379226258057865,0.018379226258057865,0.0
v1,q10,rough_seed_28,rough_seed_18,wm000_ws060_we040,lm000_ls100_le000,lm000_ls100_le000,1,0.03675845251611573,0.03675845251611573,0.0
v1,q10,rough_seed_28,rough_seed_18,wm000_ws040_we060,lm000_ls100_le000,lm000_ls080_le020,0,0.028913578680381483,0.05513767877417358,0.0262241000937921
v1,q10,rough_seed_28,rough_seed_18,wm000_ws020_we080,lm000_ls100_le000,lm000_ls080_le020,0,0.014456789340190741,0.07351690503223146,0.05906011569204072
v1,q10,rough_seed_28,rough_seed_18,wm000_ws000_we100,lm000_ls100_le000,lm000_ls080_le020,0,0.0,0.09189613129028931,0.09189613129028931
v1,q10,rough_seed_28,rough_seed_18,balanced,lm000_ls100_le000,lm000_ls100_le000,1,0.0797185165759257,0.0797185165759257,0.0
v1,q10,rough_seed_28,rough_seed_18,motion,lm000_ls100_le000,lm060_ls040_le000,0,0.09751813227584813,0.16690846033212062,0.06939032805627249
v1,q10,rough_seed_28,rough_seed_18,stability,lm000_ls100_le000,lm000_ls100_le000,1,0.03587333245916657,0.03587333245916657,0.0
v1,q10,rough_seed_28,rough_seed_18,energy,lm000_ls100_le000,lm000_ls100_le000,1,0.06468112213148232,0.06468112213148232,0.0
v1,q10,rough_seed_17,rough_seed_18,wm100_ws000_we000,lm000_ls100_le000,lm060_ls040_le000,0,0.0,0.16620916889500173,0.16620916889500173
v1,q10,rough_seed_17,rough_seed_18,wm080_ws020_we000,lm000_ls100_le000,lm100_ls000_le000,0,0.019121629258464168,0.21483045940405876,0.1957088301455946
v1,q10,rough_seed_17,rough_seed_18,wm080_ws000_we020,lm000_ls100_le000,lm100_ls000_le000,0,0.054388377686413254,0.13414830721630563,0.07975992952989239
v1,q10,rough_seed_17,rough_seed_18,wm060_ws040_we000,lm000_ls100_le000,lm100_ls000_le000,0,0.03823813499831846,0.42801528347252343,0.38977714847420497
v1,q10,rough_seed_17,rough_seed_18,wm060_ws020_we020,lm000_ls100_le000,lm100_ls000_le000,0,0.05457663546233065,0.21568230443724418,0.16110566897491352
v1,q10,rough_seed_17,rough_seed_18,wm060_ws000_we040,lm000_ls100_le000,lm100_ls000_le000,0,0.10877163185421664,0.23954374546281063,0.13077211360859398
v1,q10,rough_seed_17,rough_seed_18,wm040_ws060_we000,lm000_ls100_le000,lm100_ls000_le000,0,0.05735464073817274,0.6412001075409881,0.5838454668028153
v1,q10,rough_seed_17,rough_seed_18,wm040_ws040_we020,lm000_ls100_le000,lm100_ls000_le000,0,0.05476489323824804,0.42886712850570885,0.3741022352674608
v1,q10,rough_seed_17,rough_seed_18,wm040_ws020_we040,lm000_ls100_le000,lm100_ls000_le000,0,0.10895988963013403,0.24132861791188573,0.1323687282817517
v1,q10,rough_seed_17,rough_seed_18,wm040_ws000_we060,lm000_ls100_le000,lm100_ls000_le000,0,0.16315488602202,0.3584928005264189,0.1953379145043989
v1,q10,rough_seed_17,rough_seed_18,wm020_ws080_we000,lm000_ls100_le000,lm100_ls000_le000,0,0.07647114647802704,0.8543849316094528,0.7779137851314258
v1,q10,rough_seed_17,rough_seed_18,wm020_ws060_we020,lm000_ls100_le000,lm100_ls000_le000,0,0.05789207424109953,0.6420519525741735,0.5841598783330739
v1,q10,rough_seed_17,rough_seed_18,wm020_ws040_we040,lm000_ls100_le000,lm100_ls000_le000,0,0.10914814740605142,0.42971897353889427,0.3205708261328428
v1,q10,rough_seed_17,rough_seed_18,wm020_ws020_we060,lm000_ls100_le000,lm100_ls000_le000,0,0.1633431437979374,0.36027767297549396,0.19693452917755655
v1,q10,rough_seed_17,rough_seed_18,wm020_ws000_we080,lm000_ls100_le000,lm020_ls060_le020,0,0.11820231650351962,0.4774418555900272,0.35923953908650763
v1,q10,rough_seed_17,rough_seed_18,wm000_ws100_we000,lm040_ls040_le020,lm060_ls000_le040,0,0.0,0.8389169392626512,0.8389169392626512
v1,q10,rough_seed_17,rough_seed_18,wm000_ws080_we020,lm000_ls100_le000,lm100_ls000_le000,0,0.07700857998095384,0.8552367766426382,0.7782281966616844
v1,q10,rough_seed_17,rough_seed_18,wm000_ws060_we040,lm000_ls100_le000,lm100_ls000_le000,0,0.10933640518196881,0.6429037976073589,0.5335673924253901
v1,q10,rough_seed_17,rough_seed_18,wm000_ws040_we060,lm000_ls100_le000,lm100_ls000_le000,0,0.1635314015738548,0.4305708185720797,0.26703941699822487
v1,q10,rough_seed_17,rough_seed_18,wm000_ws020_we080,lm000_ls100_le000,lm020_ls060_le020,0,0.202,0.47922672803910227,0.27722672803910225
v1,q10,rough_seed_17,rough_seed_18,wm000_ws000_we100,lm000_ls100_le000,lm020_ls060_le020,0,0.0,0.5963909106536355,0.5963909106536355
v1,q10,rough_seed_17,rough_seed_18,balanced,lm000_ls100_le000,lm100_ls000_le000,0,0.09095764342481116,0.35837341717167753,0.26741577374686637
v1,q10,rough_seed_17,rough_seed_18,motion,lm000_ls100_le000,lm100_ls000_le000,0,0.040933757476400455,0.16217313716183163,0.12123937968543116
v1,q10,rough_seed_17,rough_seed_18,stability,lm000_ls100_le000,lm100_ls000_le000,0,0.06731596873529497,0.7484314033501094,0.6811154346148144
v1,q10,rough_seed_17,rough_seed_18,energy,lm000_ls100_le000,lm020_ls060_le020,0,0.15237773997403603,0.4193059823950293,0.2669282424209933
v1,q25,rough_seed_13,rough_seed_10,wm100_ws000_we000,lm060_ls040_le000,lm100_ls000_le000,0,0.0,0.10320821431513875,0.10320821431513875
v1,q25,rough_seed_13,rough_seed_10,wm080_ws020_we000,lm080_ls020_le000,lm080_ls020_le000,1,0.1072576846278984,0.1072576846278984,0.0
v1,q25,rough_seed_13,rough_seed_10,wm080_ws000_we020,lm100_ls000_le000,lm080_ls020_le000,0,0.1438770625572425,0.202,0.05812293744275751
v1,q25,rough_seed_13,rough_seed_10,wm060_ws040_we000,lm080_ls000_le020,lm040_ls060_le000,0,0.12927293943228274,0.325639990414361,0.19636705098207824
v1,q25,rough_seed_13,rough_seed_10,wm060_ws020_we020,lm080_ls020_le000,lm080_ls020_le000,1,0.1447740629231317,0.1447740629231317,0.0
v1,q25,rough_seed_13,rough_seed_10,wm060_ws000_we040,lm080_ls020_le000,lm020_ls060_le020,0,0.2618352378713939,0.286960760939576,0.02512552306818211
v1,q25,rough_seed_13,rough_seed_10,wm040_ws060_we000,lm020_ls040_le040,lm040_ls060_le000,0,0.08618195962152184,0.49333831462346306,0.40715635500194125
v1,q25,rough_seed_13,rough_seed_10,wm040_ws040_we020,lm060_ls020_le020,lm040_ls060_le000,0,0.15610220709746428,0.5003952120185606,0.3442930049210964
v1,q25,rough_seed_13,rough_seed_10,wm040_ws020_we040,lm080_ls020_le000,lm040_ls020_le040,0,0.21776439638815032,0.2878577613054652,0.07009336491731488
v1,q25,rough_seed_13,rough_seed_10,wm040_ws000_we060,lm080_ls020_le000,lm060_ls000_le040,0,0.2248266004422157,0.4300444593219094,0.20521785887969368
v1,q25,rough_seed_13,rough_seed_10,wm020_ws080_we000,lm040_ls000_le060,lm040_ls060_le000,0,0.04309097981076092,0.5870447360057295,0.5439537561949686
v1,q25,rough_seed_13,rough_seed_10,wm020_ws060_we020,lm040_ls000_le060,lm040_ls060_le000,0,0.1556755637330013,0.4406185072263705,0.28494294349336924
v1,q25,rough_seed_13,rough_seed_10,wm020_ws040_we040,lm060_ls020_le020,lm020_ls000_le080,0,0.20263637541512522,0.5019893742314758,0.2993529988163506
v1,q25,rough_seed_13,rough_seed_10,wm020_ws020_we060,lm060_ls020_le020,lm040_ls000_le060,0,0.14776604966765258,0.616616648925048,0.46885059925739536
v1,q25,rough_seed_13,rough_seed_10,wm020_ws000_we080,lm080_ls020_le000,lm040_ls000_le060,0,0.13532190971765484,0.573128157704243,0.4378062479865881
v1,q25,rough_seed_13,rough_seed_10,wm000_ws100_we000,lm000_ls000_le100,lm040_ls060_le000,0,0.0,0.2893479338263014,0.2893479338263014
v1,q25,rough_seed_13,rough_seed_10,wm000_ws080_we020,lm040_ls000_le060,lm020_ls000_le080,0,0.12608753011067786,0.5857049151174359,0.4596173850067581
v1,q25,rough_seed_13,rough_seed_10,wm000_ws060_we040,lm020_ls040_le040,lm020_ls000_le080,0,0.09457327879809715,0.4927174954221533,0.3981442166240562
v1,q25,rough_seed_13,rough_seed_10,wm000_ws040_we060,lm060_ls020_le020,lm020_ls000_le080,0,0.06305902748551644,0.6186482309300364,0.55558920344452
v1,q25,rough_seed_13,rough_seed_10,wm000_ws020_we080,lm080_ls020_le000,lm020_ls000_le080,0,0.03154477617293572,0.5740251580701322,0.5424803818971965
v1,q25,rough_seed_13,rough_seed_10,wm000_ws000_we100,lm080_ls020_le000,lm040_ls000_le060,0,0.0,0.7162118560865763,0.7162118560865763
v1,q25,rough_seed_13,rough_seed_10,balanced,lm060_ls020_le020,lm080_ls020_le000,0,0.2407611954219468,0.41868391545630296,0.17792272003435616
v1,q25,rough_seed_13,rough_seed_10,motion,lm080_ls020_le000,lm080_ls020_le000,1,0.10877888823607601,0.10877888823607601,0.0
v1,q25,rough_seed_13,rough_seed_10,stability,lm040_ls000_le060,lm040_ls060_le000,0,0.11675667279975097,0.5134966663939765,0.3967399935942255
v1,q25,rough_seed_13,rough_seed_10,energy,lm080_ls020_le000,lm040_ls000_le060,0,0.11082453725073943,0.502259058787493,0.39143452153675357
v1,q25,rough_seed_7,rough_seed_28,wm100_ws000_we000,lm100_ls000_le000,lm100_ls000_le000,1,0.0,0.0,0.0
v1,q25,rough_seed_7,rough_seed_28,wm080_ws020_we000,lm060_ls040_le000,lm080_ls020_le000,0,0.0800047950810735,0.08160660015883817,0.0016018050777646675
v1,q25,rough_seed_7,rough_seed_28,wm080_ws000_we020,lm060_ls040_le000,lm000_ls100_le000,0,0.13792513460456318,0.21169970999384993,0.07377457538928675
v1,q25,rough_seed_7,rough_seed_28,wm060_ws040_we000,lm060_ls040_le000,lm080_ls020_le000,0,0.15957924677669388,0.1626783773239224,0.003099130547228518
v1,q25,rough_seed_7,rough_seed_28,wm060_ws020_we020,lm040_ls060_le000,lm000_ls100_le000,0,0.13855825830360913,0.23413597434570402,0.09557771604209489
v1,q25,rough_seed_7,rough_seed_28,wm060_ws000_we040,lm000_ls100_le000,lm040_ls040_le020,0,0.19151342886230452,0.2743094574331547,0.0827960285708502
v1,q25,rough_seed_7,rough_seed_28,wm040_ws060_we000,lm060_ls040_le000,lm080_ls020_le000,0,0.23915369847231424,0.24375015448900658,0.004596456016692341
v1,q25,rough_seed_7,rough_seed_28,wm040_ws040_we020,lm000_ls100_le000,lm020_ls080_le000,0,0.18407690973964297,0.19210949860933896,0.008032588869695989
v1,q25,rough_seed_7,rough_seed_28,wm040_ws020_we040,lm000_ls100_le000,lm040_ls020_le040,0,0.18335006280574745,0.2749425811322007,0.09159251832645326
v1,q25,rough_seed_7,rough_seed_28,wm040_ws000_we060,lm000_ls100_le000,lm040_ls020_le040,0,0.18218737676117047,0.4106937802617463,0.22850640350057583
v1,q25,rough_seed_7,rough_seed_28,wm020_ws080_we000,lm000_ls100_le000,lm000_ls060_le040,0,0.193752997998557,0.3805877282682675,0.18683473026971048
v1,q25,rough_seed_7,rough_seed_28,wm020_ws060_we020,lm000_ls100_le000,lm000_ls060_le040,0,0.14662411497341107,0.2868712277324129,0.14024711275900184
v1,q25,rough_seed_7,rough_seed_28,wm020_ws040_we040,lm000_ls100_le000,lm000_ls040_le060,0,0.193157007511989,0.27557570483124666,0.08241869731925766
v1,q25,rough_seed_7,rough_seed_28,wm020_ws020_we060,lm000_ls100_le000,lm040_ls020_le040,0,0.17038578739111646,0.41132690396079225,0.2409411165696758
v1,q25,rough_seed_7,rough_seed_28,wm020_ws000_we080,lm000_ls100_le000,lm020_ls020_le060,0,0.202,0.5470781030903379,0.3450781030903379
v1,q25,rough_seed_7,rough_seed_28,wm000_ws100_we000,lm000_ls100_le000,lm020_ls020_le060,0,0.0,0.47534945739134143,0.47534945739134143
v1,q25,rough_seed_7,rough_seed_28,wm000_ws080_we020,lm000_ls100_le000,lm020_ls020_le060,0,0.0,0.38163295685548687,0.38163295685548687
v1,q25,rough_seed_7,rough_seed_28,wm000_ws060_we040,lm000_ls080_le020,lm020_ls020_le060,0,0.0,0.46898790433623777,0.46898790433623777
v1,q25,rough_seed_7,rough_seed_28,wm000_ws040_we060,lm000_ls080_le020,lm020_ls020_le060,0,0.0,0.3222773170922544,0.3222773170922544
v1,q25,rough_seed_7,rough_seed_28,wm000_ws020_we080,lm000_ls080_le020,lm020_ls020_le060,0,0.0,0.42713498713112646,0.42713498713112646
v1,q25,rough_seed_7,rough_seed_28,wm000_ws000_we100,lm000_ls080_le020,lm020_ls020_le060,0,0.0,0.5319926571699986,0.5319926571699986
v1,q25,rough_seed_7,rough_seed_28,balanced,lm000_ls100_le000,lm000_ls060_le040,0,0.22386239429317928,0.22990322265536745,0.0060408283621881664
v1,q25,rough_seed_7,rough_seed_28,motion,lm060_ls040_le000,lm000_ls100_le000,0,0.11065640030868305,0.1594310772336032,0.04877467692492014
v1,q25,rough_seed_7,rough_seed_28,stability,lm000_ls100_le000,lm020_ls020_le060,0,0.1515,0.33399078514714503,0.18249078514714503
v1,q25,rough_seed_7,rough_seed_28,energy,lm000_ls100_le000,lm020_ls020_le060,0,0.1515,0.47936078445032654,0.3278607844503265
v1,q25,rough_seed_15,rough_seed_28,wm100_ws000_we000,lm100_ls000_le000,lm040_ls060_le000,0,0.0,0.14916620621221902,0.14916620621221902
v1,q25,rough_seed_15,rough_seed_28,wm080_ws020_we000,lm060_ls040_le000,lm080_ls020_le000,0,0.0962897550200626,0.1184209177887457,0.0221311627686831
v1,q25,rough_seed_15,rough_seed_28,wm080_ws000_we020,lm060_ls040_le000,lm020_ls060_le020,0,0.05259529022903838,0.11872895357218068,0.0661336633431423
v1,q25,rough_seed_15,rough_seed_28,wm060_ws040_we000,lm060_ls040_le000,lm060_ls040_le000,1,0.13357670966840973,0.13357670966840973,0.0
v1,q25,rough_seed_15,rough_seed_28,wm060_ws020_we020,lm040_ls060_le000,lm060_ls040_le000,0,0.0989941531530156,0.10779458300918354,0.00880042985616794
v1,q25,rough_seed_15,rough_seed_28,wm060_ws000_we040,lm000_ls100_le000,lm000_ls080_le020,0,0.10375638555318287,0.34205622700826066,0.2382998414550778
v1,q25,rough_seed_15,rough_seed_28,wm040_ws060_we000,lm060_ls040_le000,lm060_ls040_le000,1,0.19963632702685763,0.19963632702685763,0.0
v1,q25,rough_seed_15,rough_seed_28,wm040_ws040_we020,lm000_ls100_le000,lm060_ls040_le000,0,0.13425019216796522,0.3946348525505255,0.26038466038256025
v1,q25,rough_seed_15,rough_seed_28,wm040_ws020_we040,lm000_ls100_le000,lm000_ls080_le020,0,0.11883651661357011,0.3439148028786758,0.2250782862651057
v1,q25,rough_seed_15,rough_seed_28,wm040_ws000_we060,lm000_ls100_le000,lm000_ls080_le020,0,0.06917092370212191,0.5128697516171247,0.44369882791500276
v1,q25,rough_seed_15,rough_seed_28,wm020_ws080_we000,lm000_ls100_le000,lm000_ls060_le040,0,0.16906897526761827,0.7856280526808509,0.6165590774132326
v1,q25,rough_seed_15,rough_seed_28,wm020_ws060_we020,lm000_ls100_le000,lm020_ls040_le040,0,0.13665082942840379,0.5909345712731051,0.4542837418447013
v1,q25,rough_seed_15,rough_seed_28,wm020_ws040_we040,lm000_ls100_le000,lm060_ls040_le000,0,0.19653083135451732,0.39624108986535933,0.199710258510842
v1,q25,rough_seed_15,rough_seed_28,wm020_ws020_we060,lm000_ls100_le000,lm000_ls080_le020,0,0.11849408629821308,0.5147283274875398,0.39623424118932676
v1,q25,rough_seed_15,rough_seed_28,wm020_ws000_we080,lm000_ls100_le000,lm000_ls080_le020,0,0.034585461851060956,0.6836832762259888,0.6490978143749279
v1,q25,rough_seed_15,rough_seed_28,wm000_ws100_we000,lm000_ls100_le000,lm000_ls040_le060,0,0.0,0.9819277714034305,0.9819277714034305
v1,q25,rough_seed_15,rough_seed_28,wm000_ws080_we020,lm000_ls100_le000,lm000_ls040_le060,0,0.0837719963357539,0.7872342899956847,0.7034622936599307
v1,q25,rough_seed_15,rough_seed_28,wm000_ws060_we040,lm000_ls080_le020,lm000_ls040_le060,0,0.1675439926715078,0.3544549679485681,0.18691097527706033
v1,q25,rough_seed_15,rough_seed_28,wm000_ws040_we060,lm000_ls080_le020,lm000_ls080_le020,1,0.23630331196571208,0.23630331196571208,0.0
v1,q25,rough_seed_15,rough_seed_28,wm000_ws020_we080,lm000_ls080_le020,lm000_ls080_le020,1,0.11815165598285604,0.11815165598285604,0.0
v1,q25,rough_seed_15,rough_seed_28,wm000_ws000_we100,lm000_ls080_le020,lm000_ls080_le020,1,0.0,0.0,0.0
v1,q25,rough_seed_15,rough_seed_28,balanced,lm000_ls100_le000,lm060_ls040_le000,0,0.16401860528735004,0.3302724378528881,0.16625383256553808
v1,q25,rough_seed_15,rough_seed_28,motion,lm060_ls040_le000,lm040_ls060_le000,0,0.08084593725688764,0.10425991846924325,0.023413981212355606
v1,q25,rough_seed_15,rough_seed_28,stability,lm000_ls100_le000,lm000_ls040_le060,0,0.15212206927972094,0.6886828713056864,0.5365608020259655
v1,q25,rough_seed_15,rough_seed_28,energy,lm000_ls100_le000,lm000_ls080_le020,0,0.08887056472365981,0.5996704458243681,0.5107998811007083
v1,q25,rough_seed_0,rough_seed_20,wm100_ws000_we000,lm100_ls000_le000,lm080_ls020_le000,0,0.0,0.10619701109911484,0.10619701109911484
v1,q25,rough_seed_0,rough_seed_20,wm080_ws020_we000,lm080_ls000_le020,lm100_ls000_le000,0,0.1321155908798785,0.24271117982921991,0.1105955889493414
v1,q25,rough_seed_0,rough_seed_20,wm080_ws000_we020,lm060_ls020_le020,lm060_ls040_le000,0,0.07240453062202368,0.18352336060504706,0.11111882998302339
v1,q25,rough_seed_0,rough_seed_20,wm060_ws040_we000,lm000_ls060_le040,lm100_ls000_le000,0,0.26317972620432023,0.4386916723807043,0.17551194617638405
v1,q25,rough_seed_0,rough_seed_20,wm060_ws020_we020,lm080_ls000_le020,lm100_ls000_le000,0,0.13190529976879115,0.24384552246622015,0.11194022269742901
v1,q25,rough_seed_0,rough_seed_20,wm060_ws000_we040,lm060_ls020_le020,lm060_ls040_le000,0,0.0545652943321587,0.13846995083375396,0.08390465650159526
v1,q25,rough_seed_0,rough_seed_20,wm040_ws060_we000,lm060_ls000_le040,lm060_ls000_le040,1,0.2718203446830262,0.2718203446830262,0.0
v1,q25,rough_seed_0,rough_seed_20,wm040_ws040_we020,lm040_ls020_le040,lm100_ls000_le000,0,0.26296943509323284,0.28126674966425325,0.018297314571020407
v1,q25,rough_seed_0,rough_seed_20,wm040_ws020_we040,lm060_ls020_le020,lm100_ls000_le000,0,0.13169500865770378,0.16470981306037352,0.03301480440266974
v1,q25,rough_seed_0,rough_seed_20,wm040_ws000_we060,lm060_ls020_le020,lm100_ls000_le000,0,0.04247880443964593,0.20147437864055162,0.15899557420090568
v1,q25,rough_seed_0,rough_seed_20,wm020_ws080_we000,lm020_ls020_le060,lm060_ls000_le040,0,0.1364945676812423,0.2810911202354776,0.1445965525542353
v1,q25,rough_seed_0,rough_seed_20,wm020_ws060_we020,lm000_ls040_le060,lm000_ls060_le040,0,0.14786028400704418,0.20295013725491012,0.055089853247865944
v1,q25,rough_seed_0,rough_seed_20,wm020_ws040_we040,lm000_ls060_le040,lm000_ls040_le060,0,0.2039002745098202,0.2821195723939319,0.07821929788411167
v1,q25,rough_seed_0,rough_seed_20,wm020_ws020_we060,lm060_ls020_le020,lm100_ls000_le000,0,0.13148471754661642,0.20263047087660122,0.0711457533299848
v1,q25,rough_seed_0,rough_seed_20,wm020_ws000_we080,lm060_ls020_le020,lm100_ls000_le000,0,0.021239402219822966,0.2678781260739489,0.24663872385412594
v1,q25,rough_seed_0,rough_seed_20,wm000_ws100_we000,lm000_ls000_le100,lm000_ls040_le060,0,0.0,1.0077251938548986,1.0077251938548986
v1,q25,rough_seed_0,rough_seed_20,wm000_ws080_we020,lm000_ls040_le060,lm000_ls040_le060,1,0.09596386274592054,0.09596386274592054,0.0
v1,q25,rough_seed_0,rough_seed_20,wm000_ws060_we040,lm000_ls040_le060,lm000_ls040_le060,1,0.1919277254918411,0.1919277254918411,0.0
v1,q25,rough_seed_0,rough_seed_20,wm000_ws040_we060,lm080_ls000_le020,lm100_ls000_le000,0,0.26254885287105817,0.4874634161028164,0.22491456323175824
v1,q25,rough_seed_0,rough_seed_20,wm000_ws020_we080,lm060_ls020_le020,lm100_ls000_le000,0,0.13127442643552908,0.2690342183099985,0.13775979187446943
v1,q25,rough_seed_0,rough_seed_20,wm000_ws000_we100,lm060_ls020_le020,lm100_ls000_le000,0,0.0,0.33428187350734617,0.33428187350734617
v1,q25,rough_seed_0,rough_seed_20,balanced,lm000_ls060_le040,lm100_ls000_le000,0,0.21914119591102738,0.24608911680050252,0.026947920889475147
v1,q25,rough_seed_0,rough_seed_20,motion,lm080_ls000_le020,lm100_ls000_le000,0,0.09919183871545255,0.18322463471632114,0.08403279600086859
v1,q25,rough_seed_0,rough_seed_20,stability,lm000_ls040_le060,lm000_ls060_le040,0,0.11102447170949731,0.15221260294118258,0.04118813123168527
v1,q25,rough_seed_0,rough_seed_20,energy,lm060_ls020_le020,lm100_ls000_le000,0,0.09861353815996232,0.23554332153428742,0.1369297833743251
v1,q25,rough_seed_5,rough_seed_17,wm100_ws000_we000,lm060_ls040_le000,lm000_ls100_le000,0,0.0,0.02165912241770377,0.02165912241770377
v1,q25,rough_seed_5,rough_seed_17,wm080_ws020_we000,lm100_ls000_le000,lm020_ls060_le020,0,0.1417892183131797,0.14277574632460413,0.0009865280114244313
v1,q25,rough_seed_5,rough_seed_17,wm080_ws000_we020,lm100_ls000_le000,lm060_ls040_le000,0,0.02538358769848591,0.06443914666791985,0.03905555896943394
v1,q25,rough_seed_5,rough_seed_17,wm060_ws040_we000,lm100_ls000_le000,lm060_ls020_le020,0,0.24392489939300094,0.2847600729537938,0.04083517356079286
v1,q25,rough_seed_5,rough_seed_17,wm060_ws020_we020,lm100_ls000_le000,lm020_ls060_le020,0,0.14147579821119285,0.1431098976639537,0.0016340994527608566
v1,q25,rough_seed_5,rough_seed_17,wm060_ws000_we040,lm100_ls000_le000,lm080_ls020_le000,0,0.04674099175401099,0.09994677806061128,0.05320578630660029
v1,q25,rough_seed_5,rough_seed_17,wm040_ws060_we000,lm100_ls000_le000,lm060_ls020_le020,0,0.3645046502644354,0.4267443995829834,0.06223974931854798
v1,q25,rough_seed_5,rough_seed_17,wm040_ws040_we020,lm100_ls000_le000,lm060_ls020_le020,0,0.2436028312879478,0.2850942242931434,0.04149139300519561
v1,q25,rough_seed_5,rough_seed_17,wm040_ws020_we040,lm100_ls000_le000,lm060_ls020_le020,0,0.12270101231146018,0.14344404900330332,0.020743036691843145
v1,q25,rough_seed_5,rough_seed_17,wm040_ws000_we060,lm100_ls000_le000,lm000_ls080_le020,0,0.04853432683236005,0.14952445724320967,0.10099013041084962
v1,q25,rough_seed_5,rough_seed_17,wm020_ws080_we000,lm100_ls000_le000,lm020_ls040_le040,0,0.18563973238387022,0.5687287262121732,0.38308899382830297
v1,q25,rough_seed_5,rough_seed_17,wm020_ws060_we020,lm100_ls000_le000,lm020_ls040_le040,0,0.1868755992148271,0.427078550922333,0.24020295170750589
v1,q25,rough_seed_5,rough_seed_17,wm020_ws040_we040,lm100_ls000_le000,lm000_ls040_le060,0,0.20388455696645139,0.285428375632493,0.08154381866604163
v1,q25,rough_seed_5,rough_seed_17,wm020_ws020_we060,lm100_ls000_le000,lm060_ls020_le020,0,0.12237894420640703,0.1507735258840107,0.028394581677603656
v1,q25,rough_seed_5,rough_seed_17,wm020_ws000_we080,lm020_ls060_le020,lm020_ls060_le020,1,0.031655430300672395,0.031655430300672395,0.0
v1,q25,rough_seed_5,rough_seed_17,wm000_ws100_we000,lm060_ls000_le040,lm000_ls040_le060,0,0.0,0.11919280869751918,0.11919280869751918
v1,q25,rough_seed_5,rough_seed_17,wm000_ws080_we020,lm100_ls000_le000,lm000_ls040_le060,0,0.0951701268057946,0.5690628775515227,0.4738927507457281
v1,q25,rough_seed_5,rough_seed_17,wm000_ws060_we040,lm100_ls000_le000,lm000_ls040_le060,0,0.1903402536115892,0.4274127022616826,0.2370724486500934
v1,q25,rough_seed_5,rough_seed_17,wm000_ws040_we060,lm100_ls000_le000,lm060_ls020_le020,0,0.2429586950778415,0.2857625269718426,0.04280383189400111
v1,q25,rough_seed_5,rough_seed_17,wm000_ws020_we080,lm020_ls060_le020,lm060_ls020_le020,0,0.12205687610135389,0.14053553790523227,0.018478661803878374
v1,q25,rough_seed_5,rough_seed_17,wm000_ws000_we100,lm020_ls060_le020,lm020_ls060_le020,1,0.0,0.0,0.0
v1,q25,rough_seed_5,rough_seed_17,balanced,lm100_ls000_le000,lm060_ls020_le020,0,0.2031948689274342,0.2379888829763132,0.034794014048878996
v1,q25,rough_seed_5,rough_seed_17,motion,lm100_ls000_le000,lm100_ls000_le000,1,0.10753027817181889,0.10753027817181889,0.0
v1,q25,rough_seed_5,rough_seed_17,stability,lm100_ls000_le000,lm020_ls040_le040,0,0.14056170513887578,0.49798717640209045,0.35742547126321467
v1,q25,rough_seed_5,rough_seed_17,energy,lm020_ls060_le020,lm060_ls020_le020,0,0.09207297243602183,0.10563671850541434,0.013563746069392507
v1,q25,rough_seed_11,rough_seed_4,wm100_ws000_we000,lm080_ls020_le000,lm100_ls000_le000,0,0.0,0.07843691473384914,0.07843691473384914
v1,q25,rough_seed_11,rough_seed_4,wm080_ws020_we000,lm000_ls100_le000,lm080_ls020_le000,0,0.199149075579005,0.6006519764004801,0.4015029008214751
v1,q25,rough_seed_11,rough_seed_4,wm080_ws000_we020,lm060_ls040_le000,lm100_ls000_le000,0,0.16078718640880146,0.17769300693392184,0.01690582052512038
v1,q25,rough_seed_11,rough_seed_4,wm060_ws040_we000,lm000_ls100_le000,lm080_ls020_le000,0,0.39752154804183326,0.45052393093611415,0.053002382894280886
v1,q25,rough_seed_11,rough_seed_4,wm060_ws020_we020,lm000_ls100_le000,lm080_ls020_le000,0,0.20060713008162176,0.45049597202751085,0.2498888419458891
v1,q25,rough_seed_11,rough_seed_4,wm060_ws000_we040,lm000_ls100_le000,lm100_ls000_le000,0,0.3215743728176029,0.45046801311890755,0.12889364030130462
v1,q25,rough_seed_11,rough_seed_4,wm040_ws060_we000,lm000_ls100_le000,lm020_ls080_le000,0,0.2707208465861193,0.3003958854717482,0.029675038885628946
v1,q25,rough_seed_11,rough_seed_4,wm040_ws040_we020,lm000_ls100_le000,lm020_ls080_le000,0,0.2712168497671029,0.3003679265631449,0.029151076796042008
v1,q25,rough_seed_11,rough_seed_4,wm040_ws020_we040,lm000_ls100_le000,lm020_ls080_le000,0,0.27171285294808656,0.3003399676545417,0.028627114706455126
v1,q25,rough_seed_11,rough_seed_4,wm040_ws000_we060,lm000_ls100_le000,lm020_ls080_le000,0,0.2722088561290702,0.3003120087459384,0.028103152616868188
v1,q25,rough_seed_11,rough_seed_4,wm020_ws080_we000,lm000_ls100_le000,lm020_ls080_le000,0,0.13536042329305964,0.15026784000738233,0.014907416714322691
v1,q25,rough_seed_11,rough_seed_4,wm020_ws060_we020,lm000_ls100_le000,lm020_ls080_le000,0,0.13585642647404328,0.15023988109877903,0.014383454624735753
v1,q25,rough_seed_11,rough_seed_4,wm020_ws040_we040,lm000_ls100_le000,lm020_ls080_le000,0,0.13635242965502692,0.15021192219017576,0.013859492535148843
v1,q25,rough_seed_11,rough_seed_4,wm020_ws020_we060,lm000_ls100_le000,lm000_ls100_le000,1,0.15018396328157246,0.15018396328157246,0.0
v1,q25,rough_seed_11,rough_seed_4,wm020_ws000_we080,lm000_ls100_le000,lm000_ls100_le000,1,0.1501560043729692,0.1501560043729692,0.0
v1,q25,rough_seed_11,rough_seed_4,wm000_ws100_we000,lm000_ls100_le000,lm020_ls080_le000,0,0.0,0.01411924884465801,0.01411924884465801
v1,q25,rough_seed_11,rough_seed_4,wm000_ws080_we020,lm000_ls100_le000,lm000_ls100_le000,1,0.011295399075726409,0.011295399075726409,0.0
v1,q25,rough_seed_11,rough_seed_4,wm000_ws060_we040,lm000_ls100_le000,lm000_ls100_le000,1,0.008471549306794807,0.008471549306794807,0.0
v1,q25,rough_seed_11,rough_seed_4,wm000_ws040_we060,lm000_ls100_le000,lm000_ls100_le000,1,0.0056476995378632044,0.0056476995378632044,0.0
v1,q25,rough_seed_11,rough_seed_4,wm000_ws020_we080,lm000_ls100_le000,lm000_ls100_le000,1,0.0028238497689316022,0.0028238497689316022,0.0
v1,q25,rough_seed_11,rough_seed_4,wm000_ws000_we100,lm000_ls100_le000,lm000_ls100_le000,1,0.0,0.0,0.0
v1,q25,rough_seed_11,rough_seed_4,balanced,lm000_ls100_le000,lm020_ls080_le000,0,0.22642737745673877,0.25030660546928746,0.023879228012548687
v1,q25,rough_seed_11,rough_seed_4,motion,lm000_ls100_le000,lm080_ls020_le000,0,0.1506494983402605,0.5255669844868446,0.37491748614658404
v1,q25,rough_seed_11,rough_seed_4,stability,lm000_ls100_le000,lm020_ls080_le000,0,0.10189231985553245,0.11271485945983838,0.01082253960430593
v1,q25,rough_seed_11,rough_seed_4,energy,lm000_ls100_le000,lm000_ls100_le000,1,0.11263797246117935,0.11263797246117935,0.0
v1,q25,rough_seed_4,rough_seed_12,wm100_ws000_we000,lm100_ls000_le000,lm080_ls020_le000,0,0.0,0.22795131556142584,0.22795131556142584
v1,q25,rough_seed_4,rough_seed_12,wm080_ws020_we000,lm100_ls000_le000,lm000_ls100_le000,0,0.03873779587632767,0.1837821780063702,0.14504438213004253
v1,q25,rough_seed_4,rough_seed_12,wm080_ws000_we020,lm100_ls000_le000,lm060_ls040_le000,0,0.021592336616301878,0.1838144185661675,0.16222208194986562
v1,q25,rough_seed_4,rough_seed_12,wm060_ws040_we000,lm100_ls000_le000,lm000_ls100_le000,0,0.029053346907245745,0.2884215287914266,0.2593681818841808
v1,q25,rough_seed_4,rough_seed_12,wm060_ws020_we020,lm100_ls000_le000,lm000_ls100_le000,0,0.029053346907245745,0.14956526960799754,0.1205119227007518
v1,q25,rough_seed_4,rough_seed_12,wm060_ws000_we040,lm100_ls000_le000,lm000_ls100_le000,0,0.029053346907245745,0.294934121870478,0.26588077496323226
v1,q25,rough_seed_4,rough_seed_12,wm040_ws060_we000,lm040_ls040_le020,lm000_ls100_le000,0,0.019368897938163834,0.5513700236130669,0.532001125674903
v1,q25,rough_seed_4,rough_seed_12,wm040_ws040_we020,lm080_ls000_le020,lm000_ls100_le000,0,0.019368897938163834,0.5420814794401163,0.5227125815019524
v1,q25,rough_seed_4,rough_seed_12,wm040_ws020_we040,lm100_ls000_le000,lm000_ls100_le000,0,0.019368897938163834,0.2959038586840216,0.27653496074585776
v1,q25,rough_seed_4,rough_seed_12,wm040_ws000_we060,lm100_ls000_le000,lm000_ls100_le000,0,0.019368897938163834,0.44127271094650206,0.42190381300833824
v1,q25,rough_seed_4,rough_seed_12,wm020_ws080_we000,lm040_ls040_le020,lm000_ls100_le000,0,0.009684448969081917,0.4189328792081529,0.409248430239071
v1,q25,rough_seed_4,rough_seed_12,wm020_ws060_we020,lm040_ls040_le020,lm000_ls100_le000,0,0.009684448969081917,0.3350596754380468,0.3253752264689649
v1,q25,rough_seed_4,rough_seed_12,wm020_ws040_we040,lm040_ls040_le020,lm000_ls100_le000,0,0.009684448969081917,0.6632841204709985,0.6535996715019166
v1,q25,rough_seed_4,rough_seed_12,wm020_ws020_we060,lm100_ls000_le000,lm000_ls100_le000,0,0.009684448969081917,0.4422424477600456,0.4325579987909637
v1,q25,rough_seed_4,rough_seed_12,wm020_ws000_we080,lm100_ls000_le000,lm000_ls100_le000,0,0.009684448969081917,0.587611300022526,0.5779268510534441
v1,q25,rough_seed_4,rough_seed_12,wm000_ws100_we000,lm040_ls040_le020,lm000_ls100_le000,0,0.0,0.5202732816138604,0.5202732816138604
v1,q25,rough_seed_4,rough_seed_12,wm000_ws080_we020,lm040_ls040_le020,lm000_ls100_le000,0,0.0,0.41947857270846417,0.41947857270846417
v1,q25,rough_seed_4,rough_seed_12,wm000_ws060_we040,lm040_ls040_le020,lm000_ls100_le000,0,0.0,0.6616001106759415,0.6616001106759415
v1,q25,rough_seed_4,rough_seed_12,wm000_ws040_we060,lm100_ls000_le000,lm000_ls100_le000,0,0.0,0.4432121845735892,0.4432121845735892
v1,q25,rough_seed_4,rough_seed_12,wm000_ws020_we080,lm100_ls000_le000,lm000_ls100_le000,0,0.0,0.5885810368360697,0.5885810368360697
v1,q25,rough_seed_4,rough_seed_12,wm000_ws000_we100,lm100_ls000_le000,lm000_ls100_le000,0,0.0,0.7339498890985501,0.7339498890985501
v1,q25,rough_seed_4,rough_seed_12,balanced,lm100_ls000_le000,lm000_ls100_le000,0,0.016140748281803192,0.2477708202010426,0.2316300719192394
v1,q25,rough_seed_4,rough_seed_12,motion,lm100_ls000_le000,lm000_ls100_le000,0,0.03389557139178671,0.16172178964869036,0.12782621825690366
v1,q25,rough_seed_4,rough_seed_12,stability,lm040_ls040_le020,lm000_ls100_le000,0,0.007263336726811436,0.36867194813053256,0.3614086114037211
v1,q25,rough_seed_4,rough_seed_12,energy,lm100_ls000_le000,lm000_ls100_le000,0,0.007263336726811436,0.5151693080946717,0.5079059713678602
v1,q25,rough_seed_25,rough_seed_6,wm100_ws000_we000,lm080_ls020_le000,lm100_ls000_le000,0,0.0,0.033274517716205085,0.033274517716205085
v1,q25,rough_seed_25,rough_seed_6,wm080_ws020_we000,lm020_ls080_le000,lm080_ls000_le020,0,0.12533871318045423,0.1824377803008253,0.05709906712037108
v1,q25,rough_seed_25,rough_seed_6,wm080_ws000_we020,lm100_ls000_le000,lm100_ls000_le000,1,0.015800089386051264,0.015800089386051264,0.0
v1,q25,rough_seed_25,rough_seed_6,wm060_ws040_we000,lm000_ls080_le020,lm040_ls040_le020,0,0.14365801486556262,0.2281934281715864,0.08453541330602377
v1,q25,rough_seed_25,rough_seed_6,wm060_ws020_we020,lm020_ls080_le000,lm080_ls000_le020,0,0.09463197959606273,0.18416272954009344,0.08953074994403071
v1,q25,rough_seed_25,rough_seed_6,wm060_ws000_we040,lm100_ls000_le000,lm100_ls000_le000,1,0.03160017877210253,0.03160017877210253,0.0
v1,q25,rough_seed_25,rough_seed_6,wm040_ws060_we000,lm040_ls020_le040,lm040_ls020_le040,1,0.14300978688508584,0.14300978688508584,0.0
v1,q25,rough_seed_25,rough_seed_6,wm040_ws040_we020,lm000_ls080_le020,lm040_ls040_le020,0,0.10179164621421029,0.33179944201335765,0.23000779579914737
v1,q25,rough_seed_25,rough_seed_6,wm040_ws020_we040,lm020_ls080_le000,lm080_ls000_le020,0,0.0901187931790877,0.3655110829477507,0.275392289768663
v1,q25,rough_seed_25,rough_seed_6,wm040_ws000_we060,lm100_ls000_le000,lm100_ls000_le000,1,0.04740026815815378,0.04740026815815378,0.0
v1,q25,rough_seed_25,rough_seed_6,wm020_ws080_we000,lm020_ls040_le040,lm060_ls000_le040,0,0.07853022180055476,0.30220588244620145,0.2236756606456467
v1,q25,rough_seed_25,rough_seed_6,wm020_ws060_we020,lm000_ls060_le040,lm040_ls040_le020,0,0.15166508730912093,0.2475799712160032,0.09591488390688227
v1,q25,rough_seed_25,rough_seed_6,wm020_ws040_we040,lm000_ls080_le020,lm040_ls040_le020,0,0.10148226669681978,0.659603791255677,0.5581215245588572
v1,q25,rough_seed_25,rough_seed_6,wm020_ws020_we060,lm020_ls080_le000,lm040_ls040_le020,0,0.05129944608451861,0.5468594363554078,0.49555999027088915
v1,q25,rough_seed_25,rough_seed_6,wm020_ws000_we080,lm100_ls000_le000,lm100_ls000_le000,1,0.06320035754420505,0.06320035754420505,0.0
v1,q25,rough_seed_25,rough_seed_6,wm000_ws100_we000,lm040_ls000_le060,lm060_ls000_le040,0,0.0,1.6971490464358463,1.6971490464358463
v1,q25,rough_seed_25,rough_seed_6,wm000_ws080_we020,lm040_ls000_le060,lm060_ls000_le040,0,0.15795342125440343,1.359411975878127,1.2014585546237235
v1,q25,rough_seed_25,rough_seed_6,wm000_ws060_we040,lm040_ls000_le060,lm040_ls040_le020,0,0.15135570779173044,1.0216749053204073,0.8703191975286768
v1,q25,rough_seed_25,rough_seed_6,wm000_ws040_we060,lm000_ls080_le020,lm040_ls040_le020,0,0.1011728871794293,0.9874081404979962,0.8862352533185669
v1,q25,rough_seed_25,rough_seed_6,wm000_ws020_we080,lm020_ls080_le000,lm040_ls040_le020,0,0.06572393126688088,0.7282077897630652,0.6624838584961843
v1,q25,rough_seed_25,rough_seed_6,wm000_ws000_we100,lm100_ls000_le000,lm020_ls000_le080,0,0.0,0.0790004469302563,0.0790004469302563
v1,q25,rough_seed_25,rough_seed_6,balanced,lm000_ls080_le020,lm040_ls040_le020,0,0.08496091283764638,0.5501568008844621,0.46519588804681566
v1,q25,rough_seed_25,rough_seed_6,motion,lm020_ls080_le000,lm080_ls000_le020,0,0.10990658261383564,0.13844021655843017,0.02853363394459453
v1,q25,rough_seed_25,rough_seed_6,stability,lm000_ls060_le040,lm060_ls000_le040,0,0.11904821115219281,0.2875508313190515,0.16850262016685869
v1,q25,rough_seed_25,rough_seed_6,energy,lm040_ls060_le000,lm040_ls040_le020,0,0.05779925412517968,0.418528845520666,0.3607295913954863
v1,q25,rough_seed_12,rough_seed_4,wm100_ws000_we000,lm080_ls020_le000,lm100_ls000_le000,0,0.0,0.04025001642554341,0.04025001642554341
v1,q25,rough_seed_12,rough_seed_4,wm080_ws020_we000,lm000_ls100_le000,lm100_ls000_le000,0,0.202,0.4779440465396955,0.2759440465396955
v1,q25,rough_seed_12,rough_seed_4,wm080_ws000_we020,lm060_ls040_le000,lm100_ls000_le000,0,0.0,0.24799361443510756,0.24799361443510756
v1,q25,rough_seed_12,rough_seed_4,wm060_ws040_we000,lm000_ls100_le000,lm100_ls000_le000,0,0.404,0.7175034983131142,0.3135034983131142
v1,q25,rough_seed_12,rough_seed_4,wm060_ws020_we020,lm000_ls100_le000,lm100_ls000_le000,0,0.202,0.42728959459971383,0.22528959459971382
v1,q25,rough_seed_12,rough_seed_4,wm060_ws000_we040,lm000_ls100_le000,lm100_ls000_le000,0,0.0,0.8439872310588006,0.8439872310588006
v1,q25,rough_seed_12,rough_seed_4,wm040_ws060_we000,lm000_ls100_le000,lm040_ls040_le020,0,0.404,1.0733195451872526,0.6693195451872526
v1,q25,rough_seed_12,rough_seed_4,wm040_ws040_we020,lm000_ls100_le000,lm080_ls000_le020,0,0.3697303579644351,0.7204899321938097,0.35075957422937465
v1,q25,rough_seed_12,rough_seed_4,wm040_ws020_we040,lm000_ls100_le000,lm100_ls000_le000,0,0.202,0.8463475078466955,0.6443475078466956
v1,q25,rough_seed_12,rough_seed_4,wm040_ws000_we060,lm000_ls100_le000,lm100_ls000_le000,0,0.0,1.2630451443057824,1.2630451443057824
v1,q25,rough_seed_12,rough_seed_4,wm020_ws080_we000,lm000_ls100_le000,lm040_ls040_le020,0,0.202,1.4291355920613915,1.2271355920613916
v1,q25,rough_seed_12,rough_seed_4,wm020_ws060_we020,lm000_ls100_le000,lm040_ls040_le020,0,0.20341142477832982,1.0763059790679481,0.8728945542896183
v1,q25,rough_seed_12,rough_seed_4,wm020_ws040_we040,lm000_ls100_le000,lm040_ls040_le020,0,0.2871078052226233,0.8487077846345906,0.5615999794119673
v1,q25,rough_seed_12,rough_seed_4,wm020_ws020_we060,lm000_ls100_le000,lm100_ls000_le000,0,0.202,1.2654054210936774,1.0634054210936774
v1,q25,rough_seed_12,rough_seed_4,wm020_ws000_we080,lm000_ls100_le000,lm100_ls000_le000,0,0.0,1.682103057552764,1.682103057552764
v1,q25,rough_seed_12,rough_seed_4,wm000_ws100_we000,lm000_ls100_le000,lm040_ls040_le020,0,0.0,1.78495163893553,1.78495163893553
v1,q25,rough_seed_12,rough_seed_4,wm000_ws080_we020,lm000_ls100_le000,lm040_ls040_le020,0,0.14255390261131165,1.4321220259420868,1.2895681233307752
v1,q25,rough_seed_12,rough_seed_4,wm000_ws060_we040,lm000_ls100_le000,lm040_ls040_le020,0,0.2851078052226233,1.0792924129486436,0.7941846077260204
v1,q25,rough_seed_12,rough_seed_4,wm000_ws040_we060,lm000_ls100_le000,lm100_ls000_le000,0,0.404,1.2677656978815723,0.8637656978815723
v1,q25,rough_seed_12,rough_seed_4,wm000_ws020_we080,lm000_ls100_le000,lm100_ls000_le000,0,0.202,1.6844633343406592,1.4824633343406592
v1,q25,rough_seed_12,rough_seed_4,wm000_ws000_we100,lm000_ls100_le000,lm100_ls000_le000,0,0.0,2.1011609707997456,2.1011609707997456
v1,q25,rough_seed_12,rough_seed_4,balanced,lm000_ls100_le000,lm100_ls000_le000,0,0.33666666666666667,0.708235054622965,0.3715683879562983
v1,q25,rough_seed_12,rough_seed_4,motion,lm000_ls100_le000,lm100_ls000_le000,0,0.1515,0.42087975710487285,0.26937975710487283
v1,q25,rough_seed_12,rough_seed_4,stability,lm000_ls100_le000,lm040_ls040_le020,0,0.15255856858374736,1.2534673940348435,1.1009088254510961
v1,q25,rough_seed_12,rough_seed_4,energy,lm000_ls100_le000,lm100_ls000_le000,0,0.1515,1.4743443085201944,1.3228443085201944
v1,q25,rough_seed_6,rough_seed_12,wm100_ws000_we000,lm100_ls000_le000,lm080_ls020_le000,0,0.0,0.019444788457276867,0.019444788457276867
v1,q25,rough_seed_6,rough_seed_12,wm080_ws020_we000,lm100_ls000_le000,lm020_ls080_le000,0,0.11766906181740024,0.17037765631515675,0.052708594497756514
v1,q25,rough_seed_6,rough_seed_12,wm080_ws000_we020,lm100_ls000_le000,lm100_ls000_le000,1,0.015555830765821493,0.015555830765821493,0.0
v1,q25,rough_seed_6,rough_seed_12,wm060_ws040_we000,lm100_ls000_le000,lm000_ls080_le020,0,0.19513767175767274,0.34056278997232065,0.1454251182146479
v1,q25,rough_seed_6,rough_seed_12,wm060_ws020_we020,lm100_ls000_le000,lm020_ls080_le000,0,0.11797135871125086,0.17033915178355818,0.05236779307230732
v1,q25,rough_seed_6,rough_seed_12,wm060_ws000_we040,lm100_ls000_le000,lm100_ls000_le000,1,0.011666873074366119,0.011666873074366119,0.0
v1,q25,rough_seed_6,rough_seed_12,wm040_ws060_we000,lm040_ls040_le020,lm040_ls020_le040,0,0.2293649881458,0.30935008907204603,0.07998510092624603
v1,q25,rough_seed_6,rough_seed_12,wm040_ws040_we020,lm080_ls000_le020,lm000_ls080_le020,0,0.17012522035353672,0.3416185438068079,0.17149332345327117
v1,q25,rough_seed_6,rough_seed_12,wm040_ws020_we040,lm100_ls000_le000,lm020_ls080_le000,0,0.11827365560510147,0.17030064725195962,0.052026991646858145
v1,q25,rough_seed_6,rough_seed_12,wm040_ws000_we060,lm100_ls000_le000,lm100_ls000_le000,1,0.007777915382910746,0.007777915382910746,0.0
v1,q25,rough_seed_6,rough_seed_12,wm020_ws080_we000,lm040_ls040_le020,lm020_ls040_le040,0,0.1209861865983622,0.4113471433554212,0.29036095675705903
v1,q25,rough_seed_6,rough_seed_12,wm020_ws060_we020,lm040_ls040_le020,lm000_ls060_le040,0,0.12434206404501243,0.31016904684215274,0.18582698279714033
v1,q25,rough_seed_6,rough_seed_12,wm020_ws040_we040,lm040_ls040_le020,lm000_ls080_le020,0,0.16995024233665781,0.3038349204988112,0.1338846781621534
v1,q25,rough_seed_6,rough_seed_12,wm020_ws020_we060,lm100_ls000_le000,lm020_ls080_le000,0,0.12027080222910068,0.17026214272036105,0.049991340491260375
v1,q25,rough_seed_6,rough_seed_12,wm020_ws000_we080,lm100_ls000_le000,lm100_ls000_le000,1,0.003888957691455373,0.003888957691455373,0.0
v1,q25,rough_seed_6,rough_seed_12,wm000_ws100_we000,lm040_ls040_le020,lm040_ls000_le060,0,0.0,0.5133441976387964,0.5133441976387964
v1,q25,rough_seed_6,rough_seed_12,wm000_ws080_we020,lm040_ls040_le020,lm040_ls000_le060,0,0.09912048199041387,0.4121661011255279,0.313045619135114
v1,q25,rough_seed_6,rough_seed_12,wm000_ws060_we040,lm040_ls040_le020,lm040_ls000_le060,0,0.19824096398082774,0.31098800461225945,0.1127470406314317
v1,q25,rough_seed_6,rough_seed_12,wm000_ws040_we060,lm100_ls000_le000,lm000_ls080_le020,0,0.1697752643197789,0.340447276377525,0.17067201205774607
v1,q25,rough_seed_6,rough_seed_12,wm000_ws020_we080,lm100_ls000_le000,lm020_ls080_le000,0,0.15985324492759392,0.1702236381887625,0.010370393261168565
v1,q25,rough_seed_6,rough_seed_12,wm000_ws000_we100,lm100_ls000_le000,lm100_ls000_le000,1,0.0,0.0,0.0
v1,q25,rough_seed_6,rough_seed_12,balanced,lm100_ls000_le000,lm000_ls080_le020,0,0.14215729902371685,0.2837702378672684,0.14161293884355156
v1,q25,rough_seed_6,rough_seed_12,motion,lm100_ls000_le000,lm020_ls080_le000,0,0.08859164973868289,0.12780249450216682,0.03921084476348394
v1,q25,rough_seed_6,rough_seed_12,stability,lm040_ls040_le020,lm000_ls060_le040,0,0.09338578569369428,0.36096283454131367,0.2675770488476194
v1,q25,rough_seed_6,rough_seed_12,energy,lm100_ls000_le000,lm040_ls060_le000,0,0.12272412383380095,0.12769660704027078,0.004972483206469827
v1,q25,rough_seed_29,rough_seed_18,wm100_ws000_we000,lm000_ls100_le000,lm100_ls000_le000,0,0.0,0.49506627584456103,0.49506627584456103
v1,q25,rough_seed_29,rough_seed_18,wm080_ws020_we000,lm000_ls100_le000,lm100_ls000_le000,0,0.14138735532087288,0.3968294239885546,0.2554420686676817
v1,q25,rough_seed_29,rough_seed_18,wm080_ws000_we020,lm000_ls100_le000,lm060_ls040_le000,0,0.14282276095330512,0.39727020819825193,0.25444744724494683
v1,q25,rough_seed_29,rough_seed_18,wm060_ws040_we000,lm000_ls100_le000,lm060_ls040_le000,0,0.1075999428120435,0.29859257213254814,0.19099262932050465
v1,q25,rough_seed_29,rough_seed_18,wm060_ws020_we020,lm000_ls100_le000,lm060_ls040_le000,0,0.10779445942708736,0.2990333563422455,0.1912388969151581
v1,q25,rough_seed_29,rough_seed_18,wm060_ws000_we040,lm000_ls100_le000,lm060_ls040_le000,0,0.14195528628880108,0.2994741405519428,0.15751885426314174
v1,q25,rough_seed_29,rough_seed_18,wm040_ws060_we000,lm000_ls100_le000,lm040_ls060_le000,0,0.13752592588670157,0.23721086232864655,0.09968493644194498
v1,q25,rough_seed_29,rough_seed_18,wm040_ws040_we020,lm000_ls100_le000,lm040_ls060_le000,0,0.09269111299729751,0.2007965044862391,0.10810539148894158
v1,q25,rough_seed_29,rough_seed_18,wm040_ws020_we040,lm000_ls100_le000,lm060_ls040_le000,0,0.1421064987951534,0.24860894139693204,0.10650244260177863
v1,q25,rough_seed_29,rough_seed_18,wm040_ws000_we060,lm000_ls100_le000,lm080_ls020_le000,0,0.16315855466542029,0.37076847786694117,0.20760992320152089
v1,q25,rough_seed_29,rough_seed_18,wm020_ws080_we000,lm000_ls100_le000,lm080_ls020_le000,0,0.07788608042504694,0.31464726767303186,0.23676118724798492
v1,q25,rough_seed_29,rough_seed_18,wm020_ws060_we020,lm000_ls100_le000,lm080_ls020_le000,0,0.07841946740868766,0.23744772059215152,0.15902825318346386
v1,q25,rough_seed_29,rough_seed_18,wm020_ws040_we040,lm000_ls100_le000,lm080_ls020_le000,0,0.10851532000656718,0.24840501545073967,0.1398896954441725
v1,q25,rough_seed_29,rough_seed_18,wm020_ws020_we060,lm000_ls100_le000,lm080_ls020_le000,0,0.1623874053542812,0.37056455192074883,0.20817714656646763
v1,q25,rough_seed_29,rough_seed_18,wm020_ws000_we080,lm000_ls100_le000,lm080_ls000_le020,0,0.08798143057191017,0.4927240883907581,0.40474265781884794
v1,q25,rough_seed_29,rough_seed_18,wm000_ws100_we000,lm040_ls040_le020,lm080_ls020_le000,0,0.0,0.8756140471039797,0.8756140471039797
v1,q25,rough_seed_29,rough_seed_18,wm000_ws080_we020,lm000_ls100_le000,lm080_ls020_le000,0,0.05387208534771405,0.3148841259365368,0.26101204058882277
v1,q25,rough_seed_29,rough_seed_18,wm000_ws060_we040,lm000_ls100_le000,lm080_ls020_le000,0,0.1077441706954281,0.2482010895045473,0.1404569188091192
v1,q25,rough_seed_29,rough_seed_18,wm000_ws040_we060,lm000_ls100_le000,lm080_ls020_le000,0,0.16161625604314211,0.37036062597455643,0.20874436993141432
v1,q25,rough_seed_29,rough_seed_18,wm000_ws020_we080,lm000_ls100_le000,lm040_ls040_le020,0,0.17615667609005298,0.4925201624445657,0.3163634863545127
v1,q25,rough_seed_29,rough_seed_18,wm000_ws000_we100,lm000_ls100_le000,lm080_ls000_le020,0,0.0,0.6146796989145749,0.6146796989145749
v1,q25,rough_seed_29,rough_seed_18,balanced,lm000_ls100_le000,lm060_ls040_le000,0,0.11884125536819289,0.20782112059153146,0.08897986522333858
v1,q25,rough_seed_29,rough_seed_18,motion,lm000_ls100_le000,lm060_ls040_le000,0,0.12525998103643526,0.34804158621782433,0.22278160518138906
v1,q25,rough_seed_29,rough_seed_18,stability,lm000_ls100_le000,lm080_ls020_le000,0,0.058814600556515745,0.27610670869846793,0.21729210814195218
v1,q25,rough_seed_29,rough_seed_18,energy,lm000_ls100_le000,lm040_ls040_le020,0,0.14675240208804533,0.4315933386692053,0.28484093658115994
v1,q25,rough_seed_18,rough_seed_29,wm100_ws000_we000,lm100_ls000_le000,lm000_ls100_le000,0,0.0,0.3500814904123956,0.3500814904123956
v1,q25,rough_seed_18,rough_seed_29,wm080_ws020_we000,lm100_ls000_le000,lm000_ls100_le000,0,0.012356695796455206,0.2822921958307638,0.2699355000343086
v1,q25,rough_seed_18,rough_seed_29,wm080_ws000_we020,lm060_ls040_le000,lm000_ls100_le000,0,0.0,0.38913461219647316,0.38913461219647316
v1,q25,rough_seed_18,rough_seed_29,wm060_ws040_we000,lm060_ls040_le000,lm000_ls100_le000,0,0.024713391592910413,0.3236359554656205,0.2989225638727101
v1,q25,rough_seed_18,rough_seed_29,wm060_ws020_we020,lm060_ls040_le000,lm000_ls100_le000,0,0.012356695796455206,0.39020970211160655,0.37785300631515134
v1,q25,rough_seed_18,rough_seed_29,wm060_ws000_we040,lm060_ls040_le000,lm000_ls100_le000,0,0.0,0.7756724489634664,0.7756724489634664
v1,q25,rough_seed_18,rough_seed_29,wm040_ws060_we000,lm040_ls060_le000,lm000_ls100_le000,0,0.03707008738936561,0.18617095565287797,0.14910086826351238
v1,q25,rough_seed_18,rough_seed_29,wm040_ws040_we020,lm040_ls060_le000,lm000_ls100_le000,0,0.024713391592910413,0.27908843401898004,0.2543750424260696
v1,q25,rough_seed_18,rough_seed_29,wm040_ws020_we040,lm060_ls040_le000,lm000_ls100_le000,0,0.012356695796455206,0.7767475388785998,0.7643908430821447
v1,q25,rough_seed_18,rough_seed_29,wm040_ws000_we060,lm080_ls020_le000,lm000_ls100_le000,0,0.0,1.3649911236855967,1.3649911236855967
v1,q25,rough_seed_18,rough_seed_29,wm020_ws080_we000,lm080_ls020_le000,lm000_ls100_le000,0,0.049426783185820826,0.2914299103871453,0.24200312720132444
v1,q25,rough_seed_18,rough_seed_29,wm020_ws060_we020,lm080_ls020_le000,lm000_ls100_le000,0,0.03707008738936561,0.45743418326122814,0.4203640958718625
v1,q25,rough_seed_18,rough_seed_29,wm020_ws040_we040,lm080_ls020_le000,lm000_ls100_le000,0,0.024713391592910413,0.9111533769343567,0.8864399853414463
v1,q25,rough_seed_18,rough_seed_29,wm020_ws020_we060,lm080_ls020_le000,lm000_ls100_le000,0,0.012356695796455206,1.3648725706074851,1.35251587481103
v1,q25,rough_seed_18,rough_seed_29,wm020_ws000_we080,lm080_ls000_le020,lm000_ls100_le000,0,0.0,1.180628718902899,1.180628718902899
v1,q25,rough_seed_18,rough_seed_29,wm000_ws100_we000,lm080_ls020_le000,lm040_ls040_le020,0,0.0,0.3632400875087953,0.3632400875087953
v1,q25,rough_seed_18,rough_seed_29,wm000_ws080_we020,lm080_ls020_le000,lm000_ls100_le000,0,0.049426783185820826,0.45731563018311666,0.40788884699729583
v1,q25,rough_seed_18,rough_seed_29,wm000_ws060_we040,lm080_ls020_le000,lm000_ls100_le000,0,0.03707008738936561,0.9110348238562452,0.8739647364668797
v1,q25,rough_seed_18,rough_seed_29,wm000_ws040_we060,lm080_ls020_le000,lm000_ls100_le000,0,0.024713391592910413,1.3647540175293738,1.3400406259364634
v1,q25,rough_seed_18,rough_seed_29,wm000_ws020_we080,lm040_ls040_le020,lm000_ls100_le000,0,0.012356695796455206,0.7798061863299315,0.7674494905334763
v1,q25,rough_seed_18,rough_seed_29,wm000_ws000_we100,lm080_ls000_le020,lm000_ls100_le000,0,0.0,1.4733082379010862,1.4733082379010862
v1,q25,rough_seed_18,rough_seed_29,balanced,lm060_ls040_le000,lm000_ls100_le000,0,0.02059449299409201,0.648618319899691,0.628023826905599
v1,q25,rough_seed_18,rough_seed_29,motion,lm060_ls040_le000,lm000_ls100_le000,0,0.009267521847341403,0.29330647044107483,0.2840389485937334
v1,q25,rough_seed_18,rough_seed_29,stability,lm080_ls020_le000,lm000_ls100_le000,0,0.043248435287593215,0.3439747465734181,0.3007263112858249
v1,q25,rough_seed_18,rough_seed_29,energy,lm040_ls040_le020,lm000_ls100_le000,0,0.009267521847341403,0.6831232676662993,0.6738557458189579
v1,q25,rough_seed_10,rough_seed_13,wm100_ws000_we000,lm100_ls000_le000,lm060_ls040_le000,0,0.0,0.010046092519815277,0.010046092519815277
v1,q25,rough_seed_10,rough_seed_13,wm080_ws020_we000,lm080_ls020_le000,lm080_ls020_le000,1,0.08934336145439944,0.08934336145439944,0.0
v1,q25,rough_seed_10,rough_seed_13,wm080_ws000_we020,lm080_ls020_le000,lm100_ls000_le000,0,0.027364594489203167,0.04630420744490725,0.018939612955704083
v1,q25,rough_seed_10,rough_seed_13,wm060_ws040_we000,lm040_ls060_le000,lm080_ls000_le020,0,0.14676191603588556,0.4072064206575386,0.26044450462165303
v1,q25,rough_seed_10,rough_seed_13,wm060_ws020_we020,lm080_ls020_le000,lm080_ls020_le000,1,0.0892287470795358,0.0892287470795358,0.0
v1,q25,rough_seed_10,rough_seed_13,wm060_ws000_we040,lm020_ls060_le020,lm080_ls020_le000,0,0.034728155583680434,0.3206758484701108,0.2859476928864304
v1,q25,rough_seed_10,rough_seed_13,wm040_ws060_we000,lm040_ls060_le000,lm020_ls040_le040,0,0.16231085368994616,0.6107545898611525,0.44844373617120636
v1,q25,rough_seed_10,rough_seed_13,wm040_ws040_we020,lm040_ls060_le000,lm060_ls020_le020,0,0.12180717067211369,0.40867023721189827,0.28686306653978455
v1,q25,rough_seed_10,rough_seed_13,wm040_ws020_we040,lm040_ls020_le040,lm080_ls020_le000,0,0.08911413270467218,0.23756562555475022,0.14845149285007803
v1,q25,rough_seed_10,rough_seed_13,wm040_ws000_we060,lm060_ls000_le040,lm080_ls020_le000,0,0.023152103722453625,0.4083612419044743,0.3852091381820207
v1,q25,rough_seed_10,rough_seed_13,wm020_ws080_we000,lm040_ls060_le000,lm040_ls000_le060,0,0.1536555874161028,0.8143027590647665,0.6606471716486637
v1,q25,rough_seed_10,rough_seed_13,wm020_ws060_we020,lm040_ls060_le000,lm040_ls000_le060,0,0.11657912054015335,0.6122184064155122,0.4956392858753588
v1,q25,rough_seed_10,rough_seed_13,wm020_ws040_we040,lm020_ls000_le080,lm060_ls020_le020,0,0.12152862557147921,0.5547830782455876,0.4332544526741084
v1,q25,rough_seed_10,rough_seed_13,wm020_ws020_we060,lm040_ls000_le060,lm060_ls020_le020,0,0.08034740809800486,0.33609242512933946,0.25574501703133456
v1,q25,rough_seed_10,rough_seed_13,wm020_ws000_we080,lm040_ls000_le060,lm080_ls020_le000,0,0.011576051861226812,0.447309147197663,0.4357330953364362
v1,q25,rough_seed_10,rough_seed_13,wm000_ws100_we000,lm040_ls060_le000,lm000_ls000_le100,0,0.0,1.0178509282683803,1.0178509282683803
v1,q25,rough_seed_10,rough_seed_13,wm000_ws080_we020,lm020_ls000_le080,lm040_ls000_le060,0,0.15383036034486472,0.27781853232811565,0.12398817198325093
v1,q25,rough_seed_10,rough_seed_13,wm000_ws060_we040,lm020_ls000_le080,lm020_ls040_le040,0,0.16205962348791028,0.5536210011814907,0.39156137769358046
v1,q25,rough_seed_10,rough_seed_13,wm000_ws040_we060,lm020_ls000_le080,lm060_ls020_le020,0,0.12125008047084473,0.8294234700348656,0.7081733895640209
v1,q25,rough_seed_10,rough_seed_13,wm000_ws020_we080,lm020_ls000_le080,lm080_ls020_le000,0,0.08888490395494492,1.1052259388882408,1.016341034933296
v1,q25,rough_seed_10,rough_seed_13,wm000_ws000_we100,lm040_ls000_le060,lm080_ls020_le000,0,0.0,0.5579737769477644,0.5579737769477644
v1,q25,rough_seed_10,rough_seed_13,balanced,lm080_ls020_le000,lm060_ls020_le020,0,0.10172382780129385,0.14833253054968087,0.04660870274838702
v1,q25,rough_seed_10,rough_seed_13,motion,lm080_ls020_le000,lm080_ls020_le000,1,0.06706482827823138,0.06706482827823138,0.0
v1,q25,rough_seed_10,rough_seed_13,stability,lm040_ls060_le000,lm040_ls000_le060,0,0.13516104721031855,0.7136265368787292,0.5784654896684107
v1,q25,rough_seed_10,rough_seed_13,energy,lm040_ls000_le060,lm080_ls020_le000,0,0.0667496387473564,0.3915627630839457,0.3248131243365893
v1,q25,rough_seed_8,rough_seed_0,wm100_ws000_we000,lm080_ls020_le000,lm080_ls020_le000,1,0.0,0.0,0.0
v1,q25,rough_seed_8,rough_seed_0,wm080_ws020_we000,lm100_ls000_le000,lm080_ls020_le000,0,0.0,0.2030436929921376,0.2030436929921376
v1,q25,rough_seed_8,rough_seed_0,wm080_ws000_we020,lm060_ls040_le000,lm100_ls000_le000,0,0.10592394966705458,0.2858810265571462,0.1799570768900916
v1,q25,rough_seed_8,rough_seed_0,wm060_ws040_we000,lm100_ls000_le000,lm080_ls020_le000,0,0.0,0.4047827697441032,0.4047827697441032
v1,q25,rough_seed_8,rough_seed_0,wm060_ws020_we020,lm100_ls000_le000,lm080_ls020_le000,0,0.202,0.2032937272052625,0.001293727205262496
v1,q25,rough_seed_8,rough_seed_0,wm060_ws000_we040,lm060_ls040_le000,lm100_ls000_le000,0,0.10399617689828518,0.4597750477261775,0.35577887082789234
v1,q25,rough_seed_8,rough_seed_0,wm040_ws060_we000,lm060_ls000_le040,lm080_ls020_le000,0,0.0,0.752219096920303,0.752219096920303
v1,q25,rough_seed_8,rough_seed_0,wm040_ws040_we020,lm100_ls000_le000,lm080_ls020_le000,0,0.202,0.4050328039572281,0.20303280395722811
v1,q25,rough_seed_8,rough_seed_0,wm040_ws020_we040,lm100_ls000_le000,lm100_ls000_le000,1,0.20354376141838743,0.20354376141838743,0.0
v1,q25,rough_seed_8,rough_seed_0,wm040_ws000_we060,lm100_ls000_le000,lm100_ls000_le000,1,0.15534195722734176,0.15534195722734176,0.0
v1,q25,rough_seed_8,rough_seed_0,wm020_ws080_we000,lm060_ls000_le040,lm080_ls020_le000,0,0.0,0.43986080190377225,0.43986080190377225
v1,q25,rough_seed_8,rough_seed_0,wm020_ws060_we020,lm000_ls060_le040,lm080_ls020_le000,0,0.202,0.46808260162875104,0.266082601628751
v1,q25,rough_seed_8,rough_seed_0,wm020_ws040_we040,lm000_ls040_le060,lm040_ls060_le000,0,0.2813795332599511,1.9041100151396162,1.622730481879665
v1,q25,rough_seed_8,rough_seed_0,wm020_ws020_we060,lm100_ls000_le000,lm040_ls060_le000,0,0.1412358738669316,0.20379379563151234,0.06255792176458075
v1,q25,rough_seed_8,rough_seed_0,wm020_ws000_we080,lm100_ls000_le000,lm040_ls060_le000,0,0.11031366186512433,0.20668773755639838,0.09637407569127406
v1,q25,rough_seed_8,rough_seed_0,wm000_ws100_we000,lm000_ls040_le060,lm080_ls020_le000,0,0.0,0.828670407235132,0.828670407235132
v1,q25,rough_seed_8,rough_seed_0,wm000_ws080_we020,lm000_ls040_le060,lm080_ls020_le000,0,0.202,0.9540787886002021,0.752078788600202
v1,q25,rough_seed_8,rough_seed_0,wm000_ws060_we040,lm000_ls040_le060,lm080_ls020_le000,0,0.404,1.8999529197030267,1.4959529197030266
v1,q25,rough_seed_8,rough_seed_0,wm000_ws040_we060,lm100_ls000_le000,lm040_ls060_le000,0,0.2802873187860389,0.40553287238347796,0.12524555359743905
v1,q25,rough_seed_8,rough_seed_0,wm000_ws020_we080,lm100_ls000_le000,lm040_ls060_le000,0,0.14014365939301945,0.208426814308364,0.06828315491534453
v1,q25,rough_seed_8,rough_seed_0,wm000_ws000_we100,lm100_ls000_le000,lm040_ls060_le000,0,0.0,0.2580335178854549,0.2580335178854549
v1,q25,rough_seed_8,rough_seed_0,balanced,lm100_ls000_le000,lm040_ls060_le000,0,0.2353931231115526,0.33795313451532283,0.10256001140377022
v1,q25,rough_seed_8,rough_seed_0,motion,lm100_ls000_le000,lm080_ls020_le000,0,0.1515,0.15279644946398988,0.0012964494639898794
v1,q25,rough_seed_8,rough_seed_0,stability,lm000_ls060_le040,lm080_ls020_le000,0,0.1515,0.47036058096350963,0.31886058096350967
v1,q25,rough_seed_8,rough_seed_0,energy,lm100_ls000_le000,lm040_ls060_le000,0,0.10592690540019868,0.18231915495584425,0.07639224955564557
v1,q25,rough_seed_22,rough_seed_20,wm100_ws000_we000,lm100_ls000_le000,lm100_ls000_le000,1,0.0,0.0,0.0
v1,q25,rough_seed_22,rough_seed_20,wm080_ws020_we000,lm080_ls000_le020,lm080_ls020_le000,0,0.20006500496469343,0.2470702201791855,0.04700521521449208
v1,q25,rough_seed_22,rough_seed_20,wm080_ws000_we020,lm060_ls020_le020,lm080_ls020_le000,0,0.20101420328297948,0.26979701925848315,0.06878281597550367
v1,q25,rough_seed_22,rough_seed_20,wm060_ws040_we000,lm000_ls060_le040,lm080_ls000_le020,0,0.2735163768252158,0.6932267691062576,0.4197103922810418
v1,q25,rough_seed_22,rough_seed_20,wm060_ws020_we020,lm080_ls000_le020,lm080_ls000_le020,1,0.1937066002379729,0.1937066002379729,0.0
v1,q25,rough_seed_22,rough_seed_20,wm060_ws000_we040,lm060_ls020_le020,lm040_ls040_le020,0,0.31479697927604194,0.4065204043551879,0.09172342507914594
v1,q25,rough_seed_22,rough_seed_20,wm040_ws060_we000,lm060_ls000_le040,lm040_ls040_le020,0,0.28199113945944504,0.5089785403597464,0.2269874009003014
v1,q25,rough_seed_22,rough_seed_20,wm040_ws040_we020,lm040_ls020_le040,lm040_ls040_le020,0,0.21132834276331575,0.404,0.19267165723668428
v1,q25,rough_seed_22,rough_seed_20,wm040_ws020_we040,lm060_ls020_le020,lm040_ls040_le020,0,0.2357043500852413,0.40724863904297587,0.17154428895773458
v1,q25,rough_seed_22,rough_seed_20,wm040_ws000_we060,lm060_ls020_le020,lm040_ls040_le020,0,0.3511394110587184,0.6081234630524234,0.256984051993705
v1,q25,rough_seed_22,rough_seed_20,wm020_ws080_we000,lm020_ls020_le060,lm040_ls020_le040,0,0.202,0.3236708468231667,0.1216708468231667
v1,q25,rough_seed_22,rough_seed_20,wm020_ws060_we020,lm000_ls040_le060,lm040_ls020_le040,0,0.202,0.3343276396584846,0.1323276396584846
v1,q25,rough_seed_22,rough_seed_20,wm020_ws040_we040,lm000_ls060_le040,lm040_ls020_le040,0,0.202,0.2329979987527633,0.030997998752763295
v1,q25,rough_seed_22,rough_seed_20,wm020_ws020_we060,lm060_ls020_le020,lm040_ls020_le040,0,0.202,0.6088516977402114,0.4068516977402114
v1,q25,rough_seed_22,rough_seed_20,wm020_ws000_we080,lm060_ls020_le020,lm040_ls020_le040,0,0.202,0.809726521749659,0.607726521749659
v1,q25,rough_seed_22,rough_seed_20,wm000_ws100_we000,lm000_ls000_le100,lm040_ls020_le040,0,0.0,0.29575601260210443,0.29575601260210443
v1,q25,rough_seed_22,rough_seed_20,wm000_ws080_we020,lm000_ls040_le060,lm040_ls020_le040,0,0.0,0.23157034899308748,0.23157034899308748
v1,q25,rough_seed_22,rough_seed_20,wm000_ws060_we040,lm000_ls040_le060,lm040_ls020_le040,0,0.0,0.46085473905892016,0.46085473905892016
v1,q25,rough_seed_22,rough_seed_20,wm000_ws040_we060,lm080_ls000_le020,lm040_ls020_le040,0,0.0,0.5743007158726567,0.5743007158726567
v1,q25,rough_seed_22,rough_seed_20,wm000_ws020_we080,lm060_ls020_le020,lm040_ls020_le040,0,0.0,0.810454756437447,0.810454756437447
v1,q25,rough_seed_22,rough_seed_20,wm000_ws000_we100,lm060_ls020_le020,lm040_ls020_le040,0,0.0,1.0113295804468945,1.0113295804468945
v1,q25,rough_seed_22,rough_seed_20,balanced,lm000_ls060_le040,lm040_ls040_le020,0,0.1971901720469265,0.3866176269576322,0.1894274549107057
v1,q25,rough_seed_22,rough_seed_20,motion,lm080_ls000_le020,lm080_ls020_le000,0,0.15225662001664353,0.21743319458260005,0.06517657456595652
v1,q25,rough_seed_22,rough_seed_20,stability,lm000_ls040_le060,lm040_ls020_le040,0,0.1515,0.25131721947567714,0.09981721947567715
v1,q25,rough_seed_22,rough_seed_20,energy,lm060_ls020_le020,lm040_ls020_le040,0,0.1515,0.7094711684168822,0.5579711684168822
v1,q25,rough_seed_20,rough_seed_0,wm100_ws000_we000,lm080_ls020_le000,lm100_ls000_le000,0,0.0,0.002892784357040733,0.002892784357040733
v1,q25,rough_seed_20,rough_seed_0,wm080_ws020_we000,lm100_ls000_le000,lm080_ls000_le020,0,0.13983830255512691,0.1964288625420484,0.056590559986921474
v1,q25,rough_seed_20,rough_seed_0,wm080_ws000_we020,lm060_ls040_le000,lm060_ls020_le020,0,0.11704548225463766,0.24595398083640357,0.1289084985817659
v1,q25,rough_seed_20,rough_seed_0,wm060_ws040_we000,lm100_ls000_le000,lm000_ls060_le040,0,0.24433196216768818,0.3928577250840968,0.1485257629164086
v1,q25,rough_seed_20,rough_seed_0,wm060_ws020_we020,lm100_ls000_le000,lm080_ls000_le020,0,0.1403382198920136,0.20394484022318862,0.06360662033117503
v1,q25,rough_seed_20,rough_seed_0,wm060_ws000_we040,lm060_ls040_le000,lm060_ls020_le020,0,0.08778411169097824,0.49159654048185714,0.40381242879087886
v1,q25,rough_seed_20,rough_seed_0,wm040_ws060_we000,lm060_ls000_le040,lm060_ls000_le040,1,0.17869299841877725,0.17869299841877725,0.0
v1,q25,rough_seed_20,rough_seed_0,wm040_ws040_we020,lm100_ls000_le000,lm040_ls020_le040,0,0.17907722385018984,0.3948577250840968,0.21578050123390694
v1,q25,rough_seed_20,rough_seed_0,wm040_ws020_we040,lm100_ls000_le000,lm060_ls020_le020,0,0.14740178057620767,0.4059448402231886,0.25854305964698093
v1,q25,rough_seed_20,rough_seed_0,wm040_ws000_we060,lm100_ls000_le000,lm060_ls020_le020,0,0.05852274112731883,0.606,0.5474772588726812
v1,q25,rough_seed_20,rough_seed_0,wm020_ws080_we000,lm060_ls000_le040,lm020_ls020_le060,0,0.11310902285421955,0.22472239549490103,0.11161337264068148
v1,q25,rough_seed_20,rough_seed_0,wm020_ws060_we020,lm000_ls060_le040,lm000_ls040_le060,0,0.13288250138278854,0.3277093344606898,0.19482683307790125
v1,q25,rough_seed_20,rough_seed_0,wm020_ws040_we040,lm000_ls040_le060,lm000_ls060_le040,0,0.23106394800204005,0.26415196604097385,0.0330880180389338
v1,q25,rough_seed_20,rough_seed_0,wm020_ws020_we060,lm100_ls000_le000,lm060_ls020_le020,0,0.14711206403597343,0.6079448402231886,0.4608327761872152
v1,q25,rough_seed_20,rough_seed_0,wm020_ws000_we080,lm100_ls000_le000,lm060_ls020_le020,0,0.029261370563659416,0.808,0.7787386294363406
v1,q25,rough_seed_20,rough_seed_0,wm000_ws100_we000,lm000_ls040_le060,lm000_ls000_le100,0,0.0,0.060253460087195745,0.060253460087195745
v1,q25,rough_seed_20,rough_seed_0,wm000_ws080_we020,lm000_ls040_le060,lm000_ls040_le060,1,0.13186603356993973,0.13186603356993973,0.0
v1,q25,rough_seed_20,rough_seed_0,wm000_ws060_we040,lm000_ls040_le060,lm000_ls040_le060,1,0.26313549822812504,0.26313549822812504,0.0
v1,q25,rough_seed_20,rough_seed_0,wm000_ws040_we060,lm100_ls000_le000,lm080_ls000_le020,0,0.27968677928139446,0.6098896804463771,0.3302029011649827
v1,q25,rough_seed_20,rough_seed_0,wm000_ws020_we080,lm100_ls000_le000,lm060_ls020_le020,0,0.1468223474957392,0.8099448402231887,0.6631224927274495
v1,q25,rough_seed_20,rough_seed_0,wm000_ws000_we100,lm100_ls000_le000,lm060_ls020_le020,0,0.0,1.01,1.01
v1,q25,rough_seed_20,rough_seed_0,balanced,lm100_ls000_le000,lm000_ls060_le040,0,0.19321935599181445,0.3399080670386476,0.14668871104683318
v1,q25,rough_seed_20,rough_seed_0,motion,lm100_ls000_le000,lm080_ls000_le020,0,0.10694108219214375,0.15295863016739145,0.046017547975247694
v1,q25,rough_seed_20,rough_seed_0,stability,lm000_ls060_le040,lm000_ls040_le060,0,0.09981101826503001,0.3815239910773733,0.28171297281234325
v1,q25,rough_seed_20,rough_seed_0,energy,lm100_ls000_le000,lm060_ls020_le020,0,0.11033404802698005,0.7084586301673914,0.5981245821404113
v1,q25,rough_seed_28,rough_seed_18,wm100_ws000_we000,lm000_ls100_le000,lm100_ls000_le000,0,0.0,0.23824568704173466,0.23824568704173466
v1,q25,rough_seed_28,rough_seed_18,wm080_ws020_we000,lm000_ls100_le000,lm060_ls040_le000,0,0.01781051602528719,0.1905965496333877,0.17278603360810052
v1,q25,rough_seed_28,rough_seed_18,wm080_ws000_we020,lm000_ls100_le000,lm060_ls040_le000,0,0.10163528217319946,0.19073909668135147,0.08910381450815201
v1,q25,rough_seed_28,rough_seed_18,wm060_ws040_we000,lm000_ls100_le000,lm060_ls040_le000,0,0.035448124899203466,0.1429474122250408,0.10749928732583733
v1,q25,rough_seed_28,rough_seed_18,wm060_ws020_we020,lm000_ls100_le000,lm040_ls060_le000,0,0.10060136270920796,0.14308995927300455,0.042488596563796596
v1,q25,rough_seed_28,rough_seed_18,wm060_ws000_we040,lm000_ls100_le000,lm000_ls100_le000,1,0.1432325063209683,0.1432325063209683,0.0
v1,q25,rough_seed_28,rough_seed_18,wm040_ws060_we000,lm000_ls100_le000,lm060_ls040_le000,0,0.05308573377311973,0.09529827481669385,0.04221254104357412
v1,q25,rough_seed_28,rough_seed_18,wm040_ws040_we020,lm000_ls100_le000,lm000_ls100_le000,1,0.09544082186465762,0.09544082186465762,0.0
v1,q25,rough_seed_28,rough_seed_18,wm040_ws020_we040,lm000_ls100_le000,lm000_ls100_le000,1,0.09558336891262137,0.09558336891262137,0.0
v1,q25,rough_seed_28,rough_seed_18,wm040_ws000_we060,lm000_ls100_le000,lm000_ls100_le000,1,0.09572591596058512,0.09572591596058512,0.0
v1,q25,rough_seed_28,rough_seed_18,wm020_ws080_we000,lm000_ls100_le000,lm000_ls100_le000,1,0.04764913740834693,0.04764913740834693,0.0
v1,q25,rough_seed_28,rough_seed_18,wm020_ws060_we020,lm000_ls100_le000,lm000_ls100_le000,1,0.047791684456310685,0.047791684456310685,0.0
v1,q25,rough_seed_28,rough_seed_18,wm020_ws040_we040,lm000_ls100_le000,lm000_ls100_le000,1,0.047934231504274435,0.047934231504274435,0.0
v1,q25,rough_seed_28,rough_seed_18,wm020_ws020_we060,lm000_ls100_le000,lm000_ls100_le000,1,0.04807677855223819,0.04807677855223819,0.0
v1,q25,rough_seed_28,rough_seed_18,wm020_ws000_we080,lm000_ls100_le000,lm000_ls100_le000,1,0.0580607810150634,0.0580607810150634,0.0
v1,q25,rough_seed_28,rough_seed_18,wm000_ws100_we000,lm040_ls040_le020,lm000_ls100_le000,0,0.0,0.2708058168830094,0.2708058168830094
v1,q25,rough_seed_28,rough_seed_18,wm000_ws080_we020,lm000_ls100_le000,lm000_ls100_le000,1,0.014397251844339248,0.014397251844339248,0.0
v1,q25,rough_seed_28,rough_seed_18,wm000_ws060_we040,lm000_ls100_le000,lm000_ls080_le020,0,0.025817293007226766,0.028794503688678495,0.0029772106814517293
v1,q25,rough_seed_28,rough_seed_18,wm000_ws040_we060,lm000_ls100_le000,lm000_ls080_le020,0,0.01721152867148451,0.04319175553301774,0.02598022686153323
v1,q25,rough_seed_28,rough_seed_18,wm000_ws020_we080,lm000_ls100_le000,lm000_ls080_le020,0,0.008605764335742255,0.05758900737735699,0.048983243041614735
v1,q25,rough_seed_28,rough_seed_18,wm000_ws000_we100,lm000_ls100_le000,lm000_ls080_le020,0,0.0,0.07198625922169623,0.07198625922169623
v1,q25,rough_seed_28,rough_seed_18,balanced,lm000_ls100_le000,lm000_ls100_le000,1,0.07965280742718447,0.07965280742718447,0.0
v1,q25,rough_seed_28,rough_seed_18,motion,lm000_ls100_le000,lm060_ls040_le000,0,0.07637498148095889,0.16687889121518706,0.09050390973422817
v1,q25,rough_seed_28,rough_seed_18,stability,lm000_ls100_le000,lm000_ls100_le000,1,0.03584376334223301,0.03584376334223301,0.0
v1,q25,rough_seed_28,rough_seed_18,energy,lm000_ls100_le000,lm000_ls100_le000,1,0.05074421168346716,0.05074421168346716,0.0
v1,q25,rough_seed_17,rough_seed_18,wm100_ws000_we000,lm000_ls100_le000,lm060_ls040_le000,0,0.0,0.16620916889500173,0.16620916889500173
v1,q25,rough_seed_17,rough_seed_18,wm080_ws020_we000,lm000_ls100_le000,lm100_ls000_le000,0,0.018886310814942554,0.21220230767705275,0.1933159968621102
v1,q25,rough_seed_17,rough_seed_18,wm080_ws000_we020,lm000_ls100_le000,lm100_ls000_le000,0,0.054388377686413254,0.13414830721630563,0.07975992952989239
v1,q25,rough_seed_17,rough_seed_18,wm060_ws040_we000,lm000_ls100_le000,lm100_ls000_le000,0,0.03776749811127523,0.4227589800185115,0.38499148190723625
v1,q25,rough_seed_17,rough_seed_18,wm060_ws020_we020,lm000_ls100_le000,lm100_ls000_le000,0,0.05457430557675123,0.21305415271023817,0.15847984713348695
v1,q25,rough_seed_17,rough_seed_18,wm060_ws000_we040,lm000_ls100_le000,lm100_ls000_le000,0,0.10877163185421664,0.23954374546281063,0.13077211360859398
v1,q25,rough_seed_17,rough_seed_18,wm040_ws060_we000,lm000_ls100_le000,lm100_ls000_le000,0,0.0566486854076079,0.63331565235997,0.5766669669523621
v1,q25,rough_seed_17,rough_seed_18,wm040_ws040_we020,lm000_ls100_le000,lm100_ls000_le000,0,0.0547602334670892,0.42361082505169684,0.36885059158460765
v1,q25,rough_seed_17,rough_seed_18,wm040_ws020_we040,lm000_ls100_le000,lm100_ls000_le000,0,0.10895755974455461,0.24130259660765793,0.13234503686310334
v1,q25,rough_seed_17,rough_seed_18,wm040_ws000_we060,lm000_ls100_le000,lm100_ls000_le000,0,0.16315488602202,0.3584928005264189,0.1953379145043989
v1,q25,rough_seed_17,rough_seed_18,wm020_ws080_we000,lm000_ls100_le000,lm100_ls000_le000,0,0.07552987270394058,0.8438723247014288,0.7683424519974882
v1,q25,rough_seed_17,rough_seed_18,wm020_ws060_we020,lm000_ls100_le000,lm100_ls000_le000,0,0.0571861189105347,0.6341674973931555,0.5769813784826208
v1,q25,rough_seed_17,rough_seed_18,wm020_ws040_we040,lm000_ls100_le000,lm100_ls000_le000,0,0.10914348763489258,0.42446267008488225,0.3153191824499897
v1,q25,rough_seed_17,rough_seed_18,wm020_ws020_we060,lm000_ls100_le000,lm100_ls000_le000,0,0.16334081391235797,0.36025165167126616,0.1969108377589082
v1,q25,rough_seed_17,rough_seed_18,wm020_ws000_we080,lm000_ls100_le000,lm020_ls060_le020,0,0.11820231650351962,0.4774418555900272,0.35923953908650763
v1,q25,rough_seed_17,rough_seed_18,wm000_ws100_we000,lm040_ls040_le020,lm060_ls000_le040,0,0.0,0.8285906772502095,0.8285906772502095
v1,q25,rough_seed_17,rough_seed_18,wm000_ws080_we020,lm000_ls100_le000,lm100_ls000_le000,0,0.07606730620686737,0.8447241697346143,0.7686568635277469
v1,q25,rough_seed_17,rough_seed_18,wm000_ws060_we040,lm000_ls100_le000,lm100_ls000_le000,0,0.10932941552523055,0.6350193424263408,0.5256899269011103
v1,q25,rough_seed_17,rough_seed_18,wm000_ws040_we060,lm000_ls100_le000,lm100_ls000_le000,0,0.16352674180269594,0.42531451511806767,0.26178777331537173
v1,q25,rough_seed_17,rough_seed_18,wm000_ws020_we080,lm000_ls100_le000,lm020_ls060_le020,0,0.19951357395602645,0.47920070673487447,0.27968713277884805
v1,q25,rough_seed_17,rough_seed_18,wm000_ws000_we100,lm000_ls100_le000,lm020_ls060_le020,0,0.0,0.5963909106536355,0.5963909106536355
v1,q25,rough_seed_17,rough_seed_18,balanced,lm000_ls100_le000,lm100_ls000_le000,0,0.09095376028217879,0.35399316429333416,0.2630394040111554
v1,q25,rough_seed_17,rough_seed_18,motion,lm000_ls100_le000,lm100_ls000_le000,0,0.04093201006221589,0.16020202336657713,0.11927001330436124
v1,q25,rough_seed_17,rough_seed_18,stability,lm000_ls100_le000,lm100_ls000_le000,0,0.06649235418296932,0.7392328723055883,0.672740518122619
v1,q25,rough_seed_17,rough_seed_18,energy,lm000_ls100_le000,lm020_ls060_le020,0,0.15051292044105585,0.41928646641685846,0.2687735459758026
v1,q50,rough_seed_13,rough_seed_10,wm100_ws000_we000,lm060_ls040_le000,lm100_ls000_le000,0,0.0,0.10320821431513875,0.10320821431513875
v1,q50,rough_seed_13,rough_seed_10,wm080_ws020_we000,lm080_ls020_le000,lm080_ls020_le000,1,0.1072576846278984,0.1072576846278984,0.0
v1,q50,rough_seed_13,rough_seed_10,wm080_ws000_we020,lm100_ls000_le000,lm080_ls020_le000,0,0.1438770625572425,0.202,0.05812293744275751
v1,q50,rough_seed_13,rough_seed_10,wm060_ws040_we000,lm080_ls000_le020,lm040_ls060_le000,0,0.12927293943228274,0.325639990414361,0.19636705098207824
v1,q50,rough_seed_13,rough_seed_10,wm060_ws020_we020,lm080_ls020_le000,lm080_ls020_le000,1,0.1447740629231317,0.1447740629231317,0.0
v1,q50,rough_seed_13,rough_seed_10,wm060_ws000_we040,lm080_ls020_le000,lm020_ls060_le020,0,0.2618352378713939,0.286960760939576,0.02512552306818211
v1,q50,rough_seed_13,rough_seed_10,wm040_ws060_we000,lm020_ls040_le040,lm040_ls060_le000,0,0.08618195962152184,0.49333831462346306,0.40715635500194125
v1,q50,rough_seed_13,rough_seed_10,wm040_ws040_we020,lm060_ls020_le020,lm040_ls060_le000,0,0.15610220709746428,0.5003952120185606,0.3442930049210964
v1,q50,rough_seed_13,rough_seed_10,wm040_ws020_we040,lm080_ls020_le000,lm040_ls020_le040,0,0.21776439638815032,0.2878577613054652,0.07009336491731488
v1,q50,rough_seed_13,rough_seed_10,wm040_ws000_we060,lm080_ls020_le000,lm060_ls000_le040,0,0.2248266004422157,0.4300444593219094,0.20521785887969368
v1,q50,rough_seed_13,rough_seed_10,wm020_ws080_we000,lm040_ls000_le060,lm040_ls060_le000,0,0.04309097981076092,0.5870447360057295,0.5439537561949686
v1,q50,rough_seed_13,rough_seed_10,wm020_ws060_we020,lm040_ls000_le060,lm040_ls060_le000,0,0.1556755637330013,0.4406185072263705,0.28494294349336924
v1,q50,rough_seed_13,rough_seed_10,wm020_ws040_we040,lm060_ls020_le020,lm020_ls000_le080,0,0.20263637541512522,0.5019893742314758,0.2993529988163506
v1,q50,rough_seed_13,rough_seed_10,wm020_ws020_we060,lm060_ls020_le020,lm040_ls000_le060,0,0.14776604966765258,0.616616648925048,0.46885059925739536
v1,q50,rough_seed_13,rough_seed_10,wm020_ws000_we080,lm080_ls020_le000,lm040_ls000_le060,0,0.13532190971765484,0.573128157704243,0.4378062479865881
v1,q50,rough_seed_13,rough_seed_10,wm000_ws100_we000,lm000_ls000_le100,lm040_ls060_le000,0,0.0,0.2893479338263014,0.2893479338263014
v1,q50,rough_seed_13,rough_seed_10,wm000_ws080_we020,lm040_ls000_le060,lm020_ls000_le080,0,0.12608753011067786,0.5857049151174359,0.4596173850067581
v1,q50,rough_seed_13,rough_seed_10,wm000_ws060_we040,lm020_ls040_le040,lm020_ls000_le080,0,0.09457327879809715,0.4927174954221533,0.3981442166240562
v1,q50,rough_seed_13,rough_seed_10,wm000_ws040_we060,lm060_ls020_le020,lm020_ls000_le080,0,0.06305902748551644,0.6186482309300364,0.55558920344452
v1,q50,rough_seed_13,rough_seed_10,wm000_ws020_we080,lm080_ls020_le000,lm020_ls000_le080,0,0.03154477617293572,0.5740251580701322,0.5424803818971965
v1,q50,rough_seed_13,rough_seed_10,wm000_ws000_we100,lm080_ls020_le000,lm040_ls000_le060,0,0.0,0.7162118560865763,0.7162118560865763
v1,q50,rough_seed_13,rough_seed_10,balanced,lm060_ls020_le020,lm080_ls020_le000,0,0.2407611954219468,0.41868391545630296,0.17792272003435616
v1,q50,rough_seed_13,rough_seed_10,motion,lm080_ls020_le000,lm080_ls020_le000,1,0.10877888823607601,0.10877888823607601,0.0
v1,q50,rough_seed_13,rough_seed_10,stability,lm040_ls000_le060,lm040_ls060_le000,0,0.11675667279975097,0.5134966663939765,0.3967399935942255
v1,q50,rough_seed_13,rough_seed_10,energy,lm080_ls020_le000,lm040_ls000_le060,0,0.11082453725073943,0.502259058787493,0.39143452153675357
v1,q50,rough_seed_7,rough_seed_28,wm100_ws000_we000,lm100_ls000_le000,lm100_ls000_le000,1,0.0,0.0,0.0
v1,q50,rough_seed_7,rough_seed_28,wm080_ws020_we000,lm060_ls040_le000,lm080_ls020_le000,0,0.0800047950810735,0.08160660015883817,0.0016018050777646675
v1,q50,rough_seed_7,rough_seed_28,wm080_ws000_we020,lm060_ls040_le000,lm000_ls100_le000,0,0.13792513460456318,0.21169970999384993,0.07377457538928675
v1,q50,rough_seed_7,rough_seed_28,wm060_ws040_we000,lm060_ls040_le000,lm080_ls020_le000,0,0.15957924677669388,0.1626783773239224,0.003099130547228518
v1,q50,rough_seed_7,rough_seed_28,wm060_ws020_we020,lm060_ls040_le000,lm000_ls100_le000,0,0.13855825830360913,0.21239649531355295,0.07383823700994382
v1,q50,rough_seed_7,rough_seed_28,wm060_ws000_we040,lm000_ls100_le000,lm040_ls040_le020,0,0.19151342886230452,0.2743094574331547,0.0827960285708502
v1,q50,rough_seed_7,rough_seed_28,wm040_ws060_we000,lm060_ls040_le000,lm080_ls020_le000,0,0.23915369847231424,0.24375015448900658,0.004596456016692341
v1,q50,rough_seed_7,rough_seed_28,wm040_ws040_we020,lm040_ls060_le000,lm020_ls080_le000,0,0.18407690973964297,0.2348137277286719,0.05073681798902893
v1,q50,rough_seed_7,rough_seed_28,wm040_ws020_we040,lm000_ls100_le000,lm040_ls020_le040,0,0.18335006280574745,0.2749425811322007,0.09159251832645326
v1,q50,rough_seed_7,rough_seed_28,wm040_ws000_we060,lm000_ls100_le000,lm040_ls020_le040,0,0.18218737676117047,0.4106937802617463,0.22850640350057583
v1,q50,rough_seed_7,rough_seed_28,wm020_ws080_we000,lm060_ls040_le000,lm000_ls060_le040,0,0.193752997998557,0.32482193165409085,0.13106893365553385
v1,q50,rough_seed_7,rough_seed_28,wm020_ws060_we020,lm000_ls100_le000,lm000_ls060_le040,0,0.14662411497341107,0.2868712277324129,0.14024711275900184
v1,q50,rough_seed_7,rough_seed_28,wm020_ws040_we040,lm000_ls100_le000,lm000_ls040_le060,0,0.193157007511989,0.27557570483124666,0.08241869731925766
v1,q50,rough_seed_7,rough_seed_28,wm020_ws020_we060,lm000_ls100_le000,lm040_ls020_le040,0,0.17038578739111646,0.41132690396079225,0.2409411165696758
v1,q50,rough_seed_7,rough_seed_28,wm020_ws000_we080,lm000_ls100_le000,lm020_ls020_le060,0,0.202,0.5470781030903379,0.3450781030903379
v1,q50,rough_seed_7,rough_seed_28,wm000_ws100_we000,lm000_ls100_le000,lm020_ls020_le060,0,0.0,0.47534945739134143,0.47534945739134143
v1,q50,rough_seed_7,rough_seed_28,wm000_ws080_we020,lm000_ls100_le000,lm020_ls020_le060,0,0.0,0.38163295685548687,0.38163295685548687
v1,q50,rough_seed_7,rough_seed_28,wm000_ws060_we040,lm000_ls080_le020,lm020_ls020_le060,0,0.0,0.46898790433623777,0.46898790433623777
v1,q50,rough_seed_7,rough_seed_28,wm000_ws040_we060,lm000_ls080_le020,lm020_ls020_le060,0,0.0,0.3222773170922544,0.3222773170922544
v1,q50,rough_seed_7,rough_seed_28,wm000_ws020_we080,lm000_ls080_le020,lm020_ls020_le060,0,0.0,0.42713498713112646,0.42713498713112646
v1,q50,rough_seed_7,rough_seed_28,wm000_ws000_we100,lm000_ls080_le020,lm020_ls020_le060,0,0.0,0.5319926571699986,0.5319926571699986
v1,q50,rough_seed_7,rough_seed_28,balanced,lm000_ls100_le000,lm000_ls060_le040,0,0.22386239429317928,0.22990322265536745,0.0060408283621881664
v1,q50,rough_seed_7,rough_seed_28,motion,lm060_ls040_le000,lm000_ls100_le000,0,0.11065640030868305,0.1594310772336032,0.04877467692492014
v1,q50,rough_seed_7,rough_seed_28,stability,lm000_ls100_le000,lm020_ls020_le060,0,0.1515,0.33399078514714503,0.18249078514714503
v1,q50,rough_seed_7,rough_seed_28,energy,lm000_ls100_le000,lm020_ls020_le060,0,0.1515,0.47936078445032654,0.3278607844503265
v1,q50,rough_seed_15,rough_seed_28,wm100_ws000_we000,lm100_ls000_le000,lm040_ls060_le000,0,0.0,0.14916620621221902,0.14916620621221902
v1,q50,rough_seed_15,rough_seed_28,wm080_ws020_we000,lm060_ls040_le000,lm080_ls020_le000,0,0.0962897550200626,0.1184209177887457,0.0221311627686831
v1,q50,rough_seed_15,rough_seed_28,wm080_ws000_we020,lm060_ls040_le000,lm020_ls060_le020,0,0.05259529022903838,0.11872895357218068,0.0661336633431423
v1,q50,rough_seed_15,rough_seed_28,wm060_ws040_we000,lm060_ls040_le000,lm060_ls040_le000,1,0.13357670966840973,0.13357670966840973,0.0
v1,q50,rough_seed_15,rough_seed_28,wm060_ws020_we020,lm060_ls040_le000,lm060_ls040_le000,1,0.0989941531530156,0.0989941531530156,0.0
v1,q50,rough_seed_15,rough_seed_28,wm060_ws000_we040,lm000_ls100_le000,lm000_ls080_le020,0,0.10375638555318287,0.34205622700826066,0.2382998414550778
v1,q50,rough_seed_15,rough_seed_28,wm040_ws060_we000,lm060_ls040_le000,lm060_ls040_le000,1,0.19963632702685763,0.19963632702685763,0.0
v1,q50,rough_seed_15,rough_seed_28,wm040_ws040_we020,lm040_ls060_le000,lm060_ls040_le000,0,0.13425019216796522,0.21462776601620331,0.0803775738482381
v1,q50,rough_seed_15,rough_seed_28,wm040_ws020_we040,lm000_ls100_le000,lm000_ls080_le020,0,0.11883651661357011,0.3439148028786758,0.2250782862651057
v1,q50,rough_seed_15,rough_seed_28,wm040_ws000_we060,lm000_ls100_le000,lm000_ls080_le020,0,0.06917092370212191,0.5128697516171247,0.44369882791500276
v1,q50,rough_seed_15,rough_seed_28,wm020_ws080_we000,lm060_ls040_le000,lm000_ls060_le040,0,0.16906897526761827,0.2656959443853056,0.09662696911768731
v1,q50,rough_seed_15,rough_seed_28,wm020_ws060_we020,lm000_ls100_le000,lm020_ls040_le040,0,0.13665082942840379,0.5909345712731051,0.4542837418447013
v1,q50,rough_seed_15,rough_seed_28,wm020_ws040_we040,lm000_ls100_le000,lm060_ls040_le000,0,0.19653083135451732,0.39624108986535933,0.199710258510842
v1,q50,rough_seed_15,rough_seed_28,wm020_ws020_we060,lm000_ls100_le000,lm000_ls080_le020,0,0.11849408629821308,0.5147283274875398,0.39623424118932676
v1,q50,rough_seed_15,rough_seed_28,wm020_ws000_we080,lm000_ls100_le000,lm000_ls080_le020,0,0.034585461851060956,0.6836832762259888,0.6490978143749279
v1,q50,rough_seed_15,rough_seed_28,wm000_ws100_we000,lm000_ls100_le000,lm000_ls040_le060,0,0.0,0.9819277714034305,0.9819277714034305
v1,q50,rough_seed_15,rough_seed_28,wm000_ws080_we020,lm000_ls100_le000,lm000_ls040_le060,0,0.0837719963357539,0.7872342899956847,0.7034622936599307
v1,q50,rough_seed_15,rough_seed_28,wm000_ws060_we040,lm000_ls080_le020,lm000_ls040_le060,0,0.1675439926715078,0.3544549679485681,0.18691097527706033
v1,q50,rough_seed_15,rough_seed_28,wm000_ws040_we060,lm000_ls080_le020,lm000_ls080_le020,1,0.23630331196571208,0.23630331196571208,0.0
v1,q50,rough_seed_15,rough_seed_28,wm000_ws020_we080,lm000_ls080_le020,lm000_ls080_le020,1,0.11815165598285604,0.11815165598285604,0.0
v1,q50,rough_seed_15,rough_seed_28,wm000_ws000_we100,lm000_ls080_le020,lm000_ls080_le020,1,0.0,0.0,0.0
v1,q50,rough_seed_15,rough_seed_28,balanced,lm000_ls100_le000,lm060_ls040_le000,0,0.16401860528735004,0.3302724378528881,0.16625383256553808
v1,q50,rough_seed_15,rough_seed_28,motion,lm060_ls040_le000,lm040_ls060_le000,0,0.08084593725688764,0.10425991846924325,0.023413981212355606
v1,q50,rough_seed_15,rough_seed_28,stability,lm000_ls100_le000,lm000_ls040_le060,0,0.15212206927972094,0.6886828713056864,0.5365608020259655
v1,q50,rough_seed_15,rough_seed_28,energy,lm000_ls100_le000,lm000_ls080_le020,0,0.08887056472365981,0.5996704458243681,0.5107998811007083
v1,q50,rough_seed_0,rough_seed_20,wm100_ws000_we000,lm100_ls000_le000,lm080_ls020_le000,0,0.0,0.10619701109911484,0.10619701109911484
v1,q50,rough_seed_0,rough_seed_20,wm080_ws020_we000,lm080_ls000_le020,lm100_ls000_le000,0,0.1321155908798785,0.24271117982921991,0.1105955889493414
v1,q50,rough_seed_0,rough_seed_20,wm080_ws000_we020,lm060_ls020_le020,lm060_ls040_le000,0,0.07240453062202368,0.18352336060504706,0.11111882998302339
v1,q50,rough_seed_0,rough_seed_20,wm060_ws040_we000,lm000_ls060_le040,lm100_ls000_le000,0,0.26317972620432023,0.4386916723807043,0.17551194617638405
v1,q50,rough_seed_0,rough_seed_20,wm060_ws020_we020,lm080_ls000_le020,lm100_ls000_le000,0,0.13190529976879115,0.24384552246622015,0.11194022269742901
v1,q50,rough_seed_0,rough_seed_20,wm060_ws000_we040,lm060_ls020_le020,lm060_ls040_le000,0,0.0545652943321587,0.13846995083375396,0.08390465650159526
v1,q50,rough_seed_0,rough_seed_20,wm040_ws060_we000,lm060_ls000_le040,lm060_ls000_le040,1,0.2718203446830262,0.2718203446830262,0.0
v1,q50,rough_seed_0,rough_seed_20,wm040_ws040_we020,lm040_ls020_le040,lm100_ls000_le000,0,0.26296943509323284,0.28126674966425325,0.018297314571020407
v1,q50,rough_seed_0,rough_seed_20,wm040_ws020_we040,lm060_ls020_le020,lm100_ls000_le000,0,0.13169500865770378,0.16470981306037352,0.03301480440266974
v1,q50,rough_seed_0,rough_seed_20,wm040_ws000_we060,lm060_ls020_le020,lm100_ls000_le000,0,0.04247880443964593,0.20147437864055162,0.15899557420090568
v1,q50,rough_seed_0,rough_seed_20,wm020_ws080_we000,lm020_ls020_le060,lm060_ls000_le040,0,0.1364945676812423,0.2810911202354776,0.1445965525542353
v1,q50,rough_seed_0,rough_seed_20,wm020_ws060_we020,lm000_ls040_le060,lm000_ls060_le040,0,0.14786028400704418,0.20295013725491012,0.055089853247865944
v1,q50,rough_seed_0,rough_seed_20,wm020_ws040_we040,lm000_ls060_le040,lm000_ls040_le060,0,0.2039002745098202,0.2821195723939319,0.07821929788411167
v1,q50,rough_seed_0,rough_seed_20,wm020_ws020_we060,lm060_ls020_le020,lm100_ls000_le000,0,0.13148471754661642,0.20263047087660122,0.0711457533299848
v1,q50,rough_seed_0,rough_seed_20,wm020_ws000_we080,lm060_ls020_le020,lm100_ls000_le000,0,0.021239402219822966,0.2678781260739489,0.24663872385412594
v1,q50,rough_seed_0,rough_seed_20,wm000_ws100_we000,lm000_ls000_le100,lm000_ls040_le060,0,0.0,1.0077251938548986,1.0077251938548986
v1,q50,rough_seed_0,rough_seed_20,wm000_ws080_we020,lm000_ls040_le060,lm000_ls040_le060,1,0.09596386274592054,0.09596386274592054,0.0
v1,q50,rough_seed_0,rough_seed_20,wm000_ws060_we040,lm000_ls040_le060,lm000_ls040_le060,1,0.1919277254918411,0.1919277254918411,0.0
v1,q50,rough_seed_0,rough_seed_20,wm000_ws040_we060,lm080_ls000_le020,lm100_ls000_le000,0,0.26254885287105817,0.4874634161028164,0.22491456323175824
v1,q50,rough_seed_0,rough_seed_20,wm000_ws020_we080,lm060_ls020_le020,lm100_ls000_le000,0,0.13127442643552908,0.2690342183099985,0.13775979187446943
v1,q50,rough_seed_0,rough_seed_20,wm000_ws000_we100,lm060_ls020_le020,lm100_ls000_le000,0,0.0,0.33428187350734617,0.33428187350734617
v1,q50,rough_seed_0,rough_seed_20,balanced,lm000_ls060_le040,lm100_ls000_le000,0,0.21914119591102738,0.24608911680050252,0.026947920889475147
v1,q50,rough_seed_0,rough_seed_20,motion,lm080_ls000_le020,lm100_ls000_le000,0,0.09919183871545255,0.18322463471632114,0.08403279600086859
v1,q50,rough_seed_0,rough_seed_20,stability,lm000_ls040_le060,lm000_ls060_le040,0,0.11102447170949731,0.15221260294118258,0.04118813123168527
v1,q50,rough_seed_0,rough_seed_20,energy,lm060_ls020_le020,lm100_ls000_le000,0,0.09861353815996232,0.23554332153428742,0.1369297833743251
v1,q50,rough_seed_5,rough_seed_17,wm100_ws000_we000,lm060_ls040_le000,lm000_ls100_le000,0,0.0,0.02165912241770377,0.02165912241770377
v1,q50,rough_seed_5,rough_seed_17,wm080_ws020_we000,lm100_ls000_le000,lm020_ls060_le020,0,0.1417892183131797,0.14277574632460413,0.0009865280114244313
v1,q50,rough_seed_5,rough_seed_17,wm080_ws000_we020,lm100_ls000_le000,lm060_ls040_le000,0,0.02538358769848591,0.06443914666791985,0.03905555896943394
v1,q50,rough_seed_5,rough_seed_17,wm060_ws040_we000,lm100_ls000_le000,lm060_ls020_le020,0,0.24392489939300094,0.2847600729537938,0.04083517356079286
v1,q50,rough_seed_5,rough_seed_17,wm060_ws020_we020,lm100_ls000_le000,lm020_ls060_le020,0,0.14147579821119285,0.1431098976639537,0.0016340994527608566
v1,q50,rough_seed_5,rough_seed_17,wm060_ws000_we040,lm100_ls000_le000,lm080_ls020_le000,0,0.04674099175401099,0.09994677806061128,0.05320578630660029
v1,q50,rough_seed_5,rough_seed_17,wm040_ws060_we000,lm100_ls000_le000,lm060_ls020_le020,0,0.3645046502644354,0.4267443995829834,0.06223974931854798
v1,q50,rough_seed_5,rough_seed_17,wm040_ws040_we020,lm100_ls000_le000,lm060_ls020_le020,0,0.2436028312879478,0.2850942242931434,0.04149139300519561
v1,q50,rough_seed_5,rough_seed_17,wm040_ws020_we040,lm100_ls000_le000,lm060_ls020_le020,0,0.12270101231146018,0.14344404900330332,0.020743036691843145
v1,q50,rough_seed_5,rough_seed_17,wm040_ws000_we060,lm100_ls000_le000,lm000_ls080_le020,0,0.04853432683236005,0.14952445724320967,0.10099013041084962
v1,q50,rough_seed_5,rough_seed_17,wm020_ws080_we000,lm100_ls000_le000,lm020_ls040_le040,0,0.18563973238387022,0.5687287262121732,0.38308899382830297
v1,q50,rough_seed_5,rough_seed_17,wm020_ws060_we020,lm100_ls000_le000,lm020_ls040_le040,0,0.1868755992148271,0.427078550922333,0.24020295170750589
v1,q50,rough_seed_5,rough_seed_17,wm020_ws040_we040,lm100_ls000_le000,lm000_ls040_le060,0,0.20388455696645139,0.285428375632493,0.08154381866604163
v1,q50,rough_seed_5,rough_seed_17,wm020_ws020_we060,lm100_ls000_le000,lm060_ls020_le020,0,0.12237894420640703,0.1507735258840107,0.028394581677603656
v1,q50,rough_seed_5,rough_seed_17,wm020_ws000_we080,lm020_ls060_le020,lm020_ls060_le020,1,0.031655430300672395,0.031655430300672395,0.0
v1,q50,rough_seed_5,rough_seed_17,wm000_ws100_we000,lm060_ls000_le040,lm000_ls040_le060,0,0.0,0.11919280869751918,0.11919280869751918
v1,q50,rough_seed_5,rough_seed_17,wm000_ws080_we020,lm100_ls000_le000,lm000_ls040_le060,0,0.0951701268057946,0.5690628775515227,0.4738927507457281
v1,q50,rough_seed_5,rough_seed_17,wm000_ws060_we040,lm100_ls000_le000,lm000_ls040_le060,0,0.1903402536115892,0.4274127022616826,0.2370724486500934
v1,q50,rough_seed_5,rough_seed_17,wm000_ws040_we060,lm100_ls000_le000,lm060_ls020_le020,0,0.2429586950778415,0.2857625269718426,0.04280383189400111
v1,q50,rough_seed_5,rough_seed_17,wm000_ws020_we080,lm020_ls060_le020,lm060_ls020_le020,0,0.12205687610135389,0.14053553790523227,0.018478661803878374
v1,q50,rough_seed_5,rough_seed_17,wm000_ws000_we100,lm020_ls060_le020,lm020_ls060_le020,1,0.0,0.0,0.0
v1,q50,rough_seed_5,rough_seed_17,balanced,lm100_ls000_le000,lm060_ls020_le020,0,0.2031948689274342,0.2379888829763132,0.034794014048878996
v1,q50,rough_seed_5,rough_seed_17,motion,lm100_ls000_le000,lm100_ls000_le000,1,0.10753027817181889,0.10753027817181889,0.0
v1,q50,rough_seed_5,rough_seed_17,stability,lm100_ls000_le000,lm020_ls040_le040,0,0.14056170513887578,0.49798717640209045,0.35742547126321467
v1,q50,rough_seed_5,rough_seed_17,energy,lm020_ls060_le020,lm060_ls020_le020,0,0.09207297243602183,0.10563671850541434,0.013563746069392507
v1,q50,rough_seed_11,rough_seed_4,wm100_ws000_we000,lm080_ls020_le000,lm100_ls000_le000,0,0.0,0.03687915391544966,0.03687915391544966
v1,q50,rough_seed_11,rough_seed_4,wm080_ws020_we000,lm000_ls100_le000,lm080_ls020_le000,0,0.18317422358298335,0.2824247466155636,0.09925052303258025
v1,q50,rough_seed_11,rough_seed_4,wm080_ws000_we020,lm060_ls040_le000,lm100_ls000_le000,0,0.08105960937663445,0.08952351696876888,0.008463907592134431
v1,q50,rough_seed_11,rough_seed_4,wm060_ws040_we000,lm000_ls100_le000,lm020_ls080_le000,0,0.19092966245385326,0.2118507543471562,0.020921091893302934
v1,q50,rough_seed_11,rough_seed_4,wm060_ws020_we020,lm000_ls100_le000,lm080_ls020_le000,0,0.18391456607580667,0.2118249988387694,0.027910432762962734
v1,q50,rough_seed_11,rough_seed_4,wm060_ws000_we040,lm000_ls100_le000,lm100_ls000_le000,0,0.1621192187532689,0.21179924333038258,0.04968002457711368
v1,q50,rough_seed_11,rough_seed_4,wm040_ws060_we000,lm000_ls100_le000,lm020_ls080_le000,0,0.1272864416359022,0.14127676207874884,0.013990320442846649
v1,q50,rough_seed_11,rough_seed_4,wm040_ws040_we020,lm000_ls100_le000,lm020_ls080_le000,0,0.12753649778153237,0.14125100657036202,0.013714508788829655
v1,q50,rough_seed_11,rough_seed_4,wm040_ws020_we040,lm000_ls100_le000,lm020_ls080_le000,0,0.1277865539271625,0.14122525106197523,0.013438697134812716
v1,q50,rough_seed_11,rough_seed_4,wm040_ws000_we060,lm000_ls100_le000,lm020_ls080_le000,0,0.12803661007279266,0.1411994955535884,0.01316288548079575
v1,q50,rough_seed_11,rough_seed_4,wm020_ws080_we000,lm000_ls100_le000,lm020_ls080_le000,0,0.0636432208179511,0.07070276981034143,0.007059548992390335
v1,q50,rough_seed_11,rough_seed_4,wm020_ws060_we020,lm000_ls100_le000,lm020_ls080_le000,0,0.06389327696358126,0.07067701430195462,0.006783737338373369
v1,q50,rough_seed_11,rough_seed_4,wm020_ws040_we040,lm000_ls100_le000,lm020_ls080_le000,0,0.06414333310921141,0.07065125879356782,0.006507925684356403
v1,q50,rough_seed_11,rough_seed_4,wm020_ws020_we060,lm000_ls100_le000,lm000_ls100_le000,1,0.07062550328518101,0.07062550328518101,0.0
v1,q50,rough_seed_11,rough_seed_4,wm020_ws000_we080,lm000_ls100_le000,lm000_ls100_le000,1,0.0705997477767942,0.0705997477767942,0.0
v1,q50,rough_seed_11,rough_seed_4,wm000_ws100_we000,lm000_ls100_le000,lm020_ls080_le000,0,0.0,0.01300653173533754,0.01300653173533754
v1,q50,rough_seed_11,rough_seed_4,wm000_ws080_we020,lm000_ls100_le000,lm000_ls100_le000,1,0.010405225388270033,0.010405225388270033,0.0
v1,q50,rough_seed_11,rough_seed_4,wm000_ws060_we040,lm000_ls100_le000,lm000_ls100_le000,1,0.0078039190412025235,0.0078039190412025235,0.0
v1,q50,rough_seed_11,rough_seed_4,wm000_ws040_we060,lm000_ls100_le000,lm000_ls100_le000,1,0.0052026126941350165,0.0052026126941350165,0.0
v1,q50,rough_seed_11,rough_seed_4,wm000_ws020_we080,lm000_ls100_le000,lm000_ls100_le000,1,0.0026013063470675083,0.0026013063470675083,0.0
v1,q50,rough_seed_11,rough_seed_4,wm000_ws000_we100,lm000_ls100_le000,lm000_ls100_le000,1,0.0,0.0,0.0
v1,q50,rough_seed_11,rough_seed_4,balanced,lm000_ls100_le000,lm020_ls080_le000,0,0.10648879493930208,0.11770917214196834,0.011220377202666262
v1,q50,rough_seed_11,rough_seed_4,motion,lm000_ls100_le000,lm080_ls020_le000,0,0.13802720959129916,0.2471184338500698,0.10909122425877063
v1,q50,rough_seed_11,rough_seed_4,stability,lm000_ls100_le000,lm020_ls080_le000,0,0.04791995772268593,0.05303995511194947,0.005119997389263539
v1,q50,rough_seed_11,rough_seed_4,energy,lm000_ls100_le000,lm000_ls100_le000,1,0.052969127463885754,0.052969127463885754,0.0
v1,q50,rough_seed_4,rough_seed_12,wm100_ws000_we000,lm100_ls000_le000,lm080_ls020_le000,0,0.0,0.10717723511110004,0.10717723511110004
v1,q50,rough_seed_4,rough_seed_12,wm080_ws020_we000,lm100_ls000_le000,lm000_ls100_le000,0,0.01821358146627668,0.08630190371448986,0.06808832224821318
v1,q50,rough_seed_4,rough_seed_12,wm080_ws000_we020,lm100_ls000_le000,lm060_ls040_le000,0,0.010883144324126908,0.08647449131205792,0.07559134698793102
v1,q50,rough_seed_4,rough_seed_12,wm060_ws040_we000,lm100_ls000_le000,lm000_ls100_le000,0,0.013660186099707507,0.11378005281938541,0.1001198667196779
v1,q50,rough_seed_4,rough_seed_12,wm060_ws020_we020,lm100_ls000_le000,lm000_ls100_le000,0,0.013660186099707507,0.07519983761277996,0.061539651513072446
v1,q50,rough_seed_4,rough_seed_12,wm060_ws000_we040,lm100_ls000_le000,lm000_ls100_le000,0,0.013660186099707507,0.14864274752813575,0.13498256142842824
v1,q50,rough_seed_4,rough_seed_12,wm040_ws060_we000,lm040_ls040_le020,lm000_ls100_le000,0,0.00910679073313834,0.2590059241676837,0.24989913343454537
v1,q50,rough_seed_4,rough_seed_12,wm040_ws040_we020,lm100_ls000_le000,lm000_ls100_le000,0,0.00910679073313834,0.11430052389382844,0.1051937331606901
v1,q50,rough_seed_4,rough_seed_12,wm040_ws020_we040,lm100_ls000_le000,lm000_ls100_le000,0,0.00910679073313834,0.14899063100501073,0.1398838402718724
v1,q50,rough_seed_4,rough_seed_12,wm040_ws000_we060,lm100_ls000_le000,lm000_ls100_le000,0,0.00910679073313834,0.22243354092036646,0.21332675018722813
v1,q50,rough_seed_4,rough_seed_12,wm020_ws080_we000,lm040_ls040_le020,lm000_ls100_le000,0,0.00455339536656917,0.16532259396538163,0.16076919859881245
v1,q50,rough_seed_4,rough_seed_12,wm020_ws060_we020,lm040_ls040_le020,lm000_ls100_le000,0,0.00455339536656917,0.16848553397574453,0.16393213860917535
v1,q50,rough_seed_4,rough_seed_12,wm020_ws040_we040,lm100_ls000_le000,lm000_ls100_le000,0,0.00455339536656917,0.14933851448188568,0.1447851191153165
v1,q50,rough_seed_4,rough_seed_12,wm020_ws020_we060,lm100_ls000_le000,lm000_ls100_le000,0,0.00455339536656917,0.2227814243972414,0.21822802903067223
v1,q50,rough_seed_4,rough_seed_12,wm020_ws000_we080,lm100_ls000_le000,lm000_ls100_le000,0,0.00455339536656917,0.29622433431259726,0.2916709389460281
v1,q50,rough_seed_4,rough_seed_12,wm000_ws100_we000,lm040_ls040_le020,lm000_ls100_le000,0,0.0,0.20505802118379873,0.20505802118379873
v1,q50,rough_seed_4,rough_seed_12,wm000_ws080_we020,lm040_ls040_le020,lm000_ls100_le000,0,0.0,0.1676154124448946,0.1676154124448946
v1,q50,rough_seed_4,rough_seed_12,wm000_ws060_we040,lm100_ls000_le000,lm000_ls100_le000,0,0.0,0.17118044100612703,0.17118044100612703
v1,q50,rough_seed_4,rough_seed_12,wm000_ws040_we060,lm100_ls000_le000,lm000_ls100_le000,0,0.0,0.2231293078741164,0.2231293078741164
v1,q50,rough_seed_4,rough_seed_12,wm000_ws020_we080,lm100_ls000_le000,lm000_ls100_le000,0,0.0,0.29657221778947224,0.29657221778947224
v1,q50,rough_seed_4,rough_seed_12,wm000_ws000_we100,lm100_ls000_le000,lm000_ls100_le000,0,0.0,0.370015127704828,0.370015127704828
v1,q50,rough_seed_4,rough_seed_12,balanced,lm100_ls000_le000,lm000_ls100_le000,0,0.007588992277615282,0.12462562219218376,0.11703662991456848
v1,q50,rough_seed_4,rough_seed_12,motion,lm100_ls000_le000,lm000_ls100_le000,0,0.01593688378299209,0.07599367871436079,0.0600567949313687
v1,q50,rough_seed_4,rough_seed_12,stability,lm040_ls040_le020,lm000_ls100_le000,0,0.003415046524926877,0.1457303554426259,0.142315308917699
v1,q50,rough_seed_4,rough_seed_12,energy,lm100_ls000_le000,lm000_ls100_le000,0,0.003415046524926877,0.25958985022413805,0.2561748036992112
v1,q50,rough_seed_25,rough_seed_6,wm100_ws000_we000,lm080_ls020_le000,lm100_ls000_le000,0,0.0,0.033274517716205085,0.033274517716205085
v1,q50,rough_seed_25,rough_seed_6,wm080_ws020_we000,lm020_ls080_le000,lm080_ls000_le020,0,0.12533871318045423,0.1824377803008253,0.05709906712037108
v1,q50,rough_seed_25,rough_seed_6,wm080_ws000_we020,lm100_ls000_le000,lm100_ls000_le000,1,0.009633288538360828,0.009633288538360828,0.0
v1,q50,rough_seed_25,rough_seed_6,wm060_ws040_we000,lm020_ls080_le000,lm040_ls040_le020,0,0.14365801486556262,0.3636028829882102,0.21994486812264757
v1,q50,rough_seed_25,rough_seed_6,wm060_ws020_we020,lm020_ls080_le000,lm080_ls000_le020,0,0.09446050261864788,0.18327951193653783,0.08881900931788994
v1,q50,rough_seed_25,rough_seed_6,wm060_ws000_we040,lm100_ls000_le000,lm100_ls000_le000,1,0.019266577076721657,0.019266577076721657,0.0
v1,q50,rough_seed_25,rough_seed_6,wm040_ws060_we000,lm000_ls080_le020,lm040_ls020_le040,0,0.14300978688508584,0.3408292177431856,0.19781943085809975
v1,q50,rough_seed_25,rough_seed_6,wm040_ws040_we020,lm000_ls080_le020,lm040_ls040_le020,0,0.10172863232970764,0.22959141541981912,0.12786278309011148
v1,q50,rough_seed_25,rough_seed_6,wm040_ws020_we040,lm020_ls080_le000,lm060_ls020_le020,0,0.07690725157717176,0.22375127108398102,0.14684401950680925
v1,q50,rough_seed_25,rough_seed_6,wm040_ws000_we060,lm100_ls000_le000,lm100_ls000_le000,1,0.02889986561508248,0.02889986561508248,0.0
v1,q50,rough_seed_25,rough_seed_6,wm020_ws080_we000,lm020_ls040_le040,lm060_ls000_le040,0,0.07853022180055476,0.30220588244620145,0.2236756606456467
v1,q50,rough_seed_25,rough_seed_6,wm020_ws060_we020,lm040_ls020_le040,lm060_ls000_le040,0,0.09708146836218363,0.14296873137436553,0.04588726301218189
v1,q50,rough_seed_25,rough_seed_6,wm020_ws040_we040,lm000_ls080_le020,lm040_ls040_le020,0,0.10135623892781448,0.40326247804956533,0.30190623912175085
v1,q50,rough_seed_25,rough_seed_6,wm020_ws020_we060,lm020_ls080_le000,lm040_ls040_le020,0,0.05111040443101064,0.3342197185597534,0.28310931412874274
v1,q50,rough_seed_25,rough_seed_6,wm020_ws000_we080,lm100_ls000_le000,lm100_ls000_le000,1,0.038533154153443314,0.038533154153443314,0.0
v1,q50,rough_seed_25,rough_seed_6,wm000_ws100_we000,lm040_ls000_le060,lm060_ls000_le040,0,0.0,1.6971490464358463,1.6971490464358463
v1,q50,rough_seed_25,rough_seed_6,wm000_ws080_we020,lm040_ls000_le060,lm060_ls000_le040,0,0.09630394141366329,1.3587512971707705,1.2624473557571072
v1,q50,rough_seed_25,rough_seed_6,wm000_ws060_we040,lm040_ls000_le060,lm040_ls040_le020,0,0.1512296800227251,1.0203535479056949,0.8691238678829698
v1,q50,rough_seed_25,rough_seed_6,wm000_ws040_we060,lm000_ls080_le020,lm040_ls040_le020,0,0.10098384552592132,0.6028961706888288,0.5019123251629075
v1,q50,rough_seed_25,rough_seed_6,wm000_ws020_we080,lm020_ls080_le000,lm040_ls040_le020,0,0.050738011029117486,0.4446881660355258,0.3939501550064083
v1,q50,rough_seed_25,rough_seed_6,wm000_ws000_we100,lm100_ls000_le000,lm020_ls000_le080,0,0.0,0.04816644269180413,0.04816644269180413
v1,q50,rough_seed_25,rough_seed_6,balanced,lm000_ls080_le020,lm040_ls040_le020,0,0.08485588969680863,0.33653903987936906,0.25168315018256043
v1,q50,rough_seed_25,rough_seed_6,motion,lm020_ls080_le000,lm080_ls000_le020,0,0.10977797488077451,0.13777780335576345,0.02799982847498894
v1,q50,rough_seed_25,rough_seed_6,stability,lm000_ls060_le040,lm060_ls000_le040,0,0.07281110127163772,0.2868518124732384,0.21404071120160068
v1,q50,rough_seed_25,rough_seed_6,energy,lm020_ls080_le000,lm040_ls040_le020,0,0.038455847456336394,0.3890685176678906,0.3506126702115542
v1,q50,rough_seed_12,rough_seed_4,wm100_ws000_we000,lm080_ls020_le000,lm100_ls000_le000,0,0.0,0.01979307986753394,0.01979307986753394
v1,q50,rough_seed_12,rough_seed_4,wm080_ws020_we000,lm000_ls100_le000,lm100_ls000_le000,0,0.08059530128753654,0.23470269025879253,0.15410738897125598
v1,q50,rough_seed_12,rough_seed_4,wm080_ws000_we020,lm060_ls040_le000,lm100_ls000_le000,0,0.0,0.2467827166686028,0.2467827166686028
v1,q50,rough_seed_12,rough_seed_4,wm060_ws040_we000,lm000_ls100_le000,lm100_ls000_le000,0,0.1611906025750731,0.28660111248966846,0.12541050991459538
v1,q50,rough_seed_12,rough_seed_4,wm060_ws020_we020,lm000_ls100_le000,lm100_ls000_le000,0,0.08059530128753654,0.42337480513151227,0.3427795038439757
v1,q50,rough_seed_12,rough_seed_4,wm060_ws000_we040,lm000_ls100_le000,lm100_ls000_le000,0,0.0,0.8421967579903763,0.8421967579903763
v1,q50,rough_seed_12,rough_seed_4,wm040_ws060_we000,lm000_ls100_le000,lm040_ls040_le020,0,0.19866834790678606,0.42845802734243765,0.2297896794356516
v1,q50,rough_seed_12,rough_seed_4,wm040_ws040_we020,lm000_ls100_le000,lm100_ls000_le000,0,0.1611906025750731,0.4242075898757714,0.26301698730069833
v1,q50,rough_seed_12,rough_seed_4,wm040_ws020_we040,lm000_ls100_le000,lm100_ls000_le000,0,0.08059530128753654,0.8430295427346355,0.7624342414470989
v1,q50,rough_seed_12,rough_seed_4,wm040_ws000_we060,lm000_ls100_le000,lm100_ls000_le000,0,0.0,1.2618514955934994,1.2618514955934994
v1,q50,rough_seed_12,rough_seed_4,wm020_ws080_we000,lm000_ls100_le000,lm040_ls040_le020,0,0.09933417395339303,0.5703149421952068,0.4709807682418138
v1,q50,rough_seed_12,rough_seed_4,wm020_ws060_we020,lm000_ls100_le000,lm040_ls040_le020,0,0.14353740928411754,0.4320412855792745,0.28850387629515695
v1,q50,rough_seed_12,rough_seed_4,wm020_ws040_we040,lm000_ls100_le000,lm100_ls000_le000,0,0.1611906025750731,0.8438623274788946,0.6826717249038214
v1,q50,rough_seed_12,rough_seed_4,wm020_ws020_we060,lm000_ls100_le000,lm100_ls000_le000,0,0.08059530128753654,1.2626842803377587,1.1820889790502223
v1,q50,rough_seed_12,rough_seed_4,wm020_ws000_we080,lm000_ls100_le000,lm100_ls000_le000,0,0.0,1.6815062331966226,1.6815062331966226
v1,q50,rough_seed_12,rough_seed_4,wm000_ws100_we000,lm000_ls100_le000,lm040_ls040_le020,0,0.0,0.712171857047976,0.712171857047976
v1,q50,rough_seed_12,rough_seed_4,wm000_ws080_we020,lm000_ls100_le000,lm040_ls040_le020,0,0.14255390261131165,0.5738982004320438,0.43134429782073214
v1,q50,rough_seed_12,rough_seed_4,wm000_ws060_we040,lm000_ls100_le000,lm100_ls000_le000,0,0.24178590386260962,0.8446951122231536,0.6029092083605441
v1,q50,rough_seed_12,rough_seed_4,wm000_ws040_we060,lm000_ls100_le000,lm100_ls000_le000,0,0.1611906025750731,1.2635170650820178,1.1023264625069447
v1,q50,rough_seed_12,rough_seed_4,wm000_ws020_we080,lm000_ls100_le000,lm100_ls000_le000,0,0.08059530128753654,1.6823390179408817,1.6017437166533453
v1,q50,rough_seed_12,rough_seed_4,wm000_ws000_we100,lm000_ls100_le000,lm100_ls000_le000,0,0.0,2.1011609707997456,2.1011609707997456
v1,q50,rough_seed_12,rough_seed_4,balanced,lm000_ls100_le000,lm100_ls000_le000,0,0.13432550214589423,0.703699820029767,0.5693743178838728
v1,q50,rough_seed_12,rough_seed_4,motion,lm000_ls100_le000,lm100_ls000_le000,0,0.060446475965652405,0.31825292454466675,0.25780644857901436
v1,q50,rough_seed_12,rough_seed_4,stability,lm000_ls100_le000,lm040_ls040_le020,0,0.10765305696308815,0.5020739284464498,0.3944208714833617
v1,q50,rough_seed_12,rough_seed_4,energy,lm000_ls100_le000,lm100_ls000_le000,0,0.060446475965652405,1.4723034529532555,1.411856976987603
v1,q50,rough_seed_6,rough_seed_12,wm100_ws000_we000,lm100_ls000_le000,lm080_ls020_le000,0,0.0,0.019444788457276867,0.019444788457276867
v1,q50,rough_seed_6,rough_seed_12,wm080_ws020_we000,lm100_ls000_le000,lm020_ls080_le000,0,0.0908398414765453,0.13144591481381754,0.040606073337272244
v1,q50,rough_seed_6,rough_seed_12,wm080_ws000_we020,lm100_ls000_le000,lm100_ls000_le000,1,0.015555830765821493,0.015555830765821493,0.0
v1,q50,rough_seed_6,rough_seed_12,wm060_ws040_we000,lm100_ls000_le000,lm020_ls080_le000,0,0.18122716013211151,0.2626993069696422,0.0814721468375307
v1,q50,rough_seed_6,rough_seed_12,wm060_ws020_we020,lm100_ls000_le000,lm020_ls080_le000,0,0.09100297394847139,0.13140741028221897,0.04040443633374759
v1,q50,rough_seed_6,rough_seed_12,wm060_ws000_we040,lm100_ls000_le000,lm100_ls000_le000,1,0.011666873074366119,0.011666873074366119,0.0
v1,q50,rough_seed_6,rough_seed_12,wm040_ws060_we000,lm040_ls040_le020,lm000_ls080_le020,0,0.19608728520565133,0.23890611143296855,0.042818826227317225
v1,q50,rough_seed_6,rough_seed_12,wm040_ws040_we020,lm100_ls000_le000,lm000_ls080_le020,0,0.13144984731755588,0.2626608024380437,0.1312109551204878
v1,q50,rough_seed_6,rough_seed_12,wm040_ws020_we040,lm100_ls000_le000,lm020_ls080_le000,0,0.09116610642039749,0.1313689057506204,0.040202799330222916
v1,q50,rough_seed_6,rough_seed_12,wm040_ws000_we060,lm100_ls000_le000,lm100_ls000_le000,1,0.007777915382910746,0.007777915382910746,0.0
v1,q50,rough_seed_6,rough_seed_12,wm020_ws080_we000,lm040_ls040_le020,lm020_ls040_le040,0,0.12079193910800827,0.31742183983665123,0.19662990072864295
v1,q50,rough_seed_6,rough_seed_12,wm020_ws060_we020,lm040_ls040_le020,lm040_ls020_le040,0,0.12051009251483094,0.23919691843988458,0.11868682592505364
v1,q50,rough_seed_6,rough_seed_12,wm020_ws040_we040,lm100_ls000_le000,lm000_ls080_le020,0,0.1311106436783401,0.2626222979064451,0.13151165422810498
v1,q50,rough_seed_6,rough_seed_12,wm020_ws020_we060,lm100_ls000_le000,lm020_ls080_le000,0,0.09132923889232358,0.13133040121902184,0.04000116232669826
v1,q50,rough_seed_6,rough_seed_12,wm020_ws000_we080,lm100_ls000_le000,lm100_ls000_le000,1,0.003888957691455373,0.003888957691455373,0.0
v1,q50,rough_seed_6,rough_seed_12,wm000_ws100_we000,lm040_ls040_le020,lm040_ls000_le060,0,0.0,0.3959375682403339,0.3959375682403339
v1,q50,rough_seed_6,rough_seed_12,wm000_ws080_we020,lm040_ls040_le020,lm040_ls000_le060,0,0.06400339091422703,0.31771264684356726,0.25370925592934024
v1,q50,rough_seed_6,rough_seed_12,wm000_ws060_we040,lm100_ls000_le000,lm040_ls000_le060,0,0.12800678182845407,0.39387569006226975,0.2658689082338157
v1,q50,rough_seed_6,rough_seed_12,wm000_ws040_we060,lm100_ls000_le000,lm000_ls080_le020,0,0.1307714400391243,0.2625837933748465,0.1318123533357222
v1,q50,rough_seed_6,rough_seed_12,wm000_ws020_we080,lm100_ls000_le000,lm020_ls080_le000,0,0.10336518262513056,0.13129189668742325,0.02792671406229269
v1,q50,rough_seed_6,rough_seed_12,wm000_ws000_we100,lm100_ls000_le000,lm100_ls000_le000,1,0.0,0.0,0.0
v1,q50,rough_seed_6,rough_seed_12,balanced,lm100_ls000_le000,lm000_ls080_le020,0,0.1097909668084521,0.21888400203170305,0.10909303522325095
v1,q50,rough_seed_6,rough_seed_12,motion,lm100_ls000_le000,lm020_ls080_le000,0,0.0683653611665983,0.09860368837616243,0.030238327209564125
v1,q50,rough_seed_6,rough_seed_12,stability,lm040_ls040_le020,lm000_ls060_le040,0,0.09299089752470316,0.2783820808899969,0.18539118336529373
v1,q50,rough_seed_6,rough_seed_12,energy,lm100_ls000_le000,lm020_ls080_le000,0,0.09040043571615122,0.09849780091426637,0.008097365198115145
v1,q50,rough_seed_29,rough_seed_18,wm100_ws000_we000,lm000_ls100_le000,lm100_ls000_le000,0,0.0,0.23276827559028163,0.23276827559028163
v1,q50,rough_seed_29,rough_seed_18,wm080_ws020_we000,lm000_ls100_le000,lm060_ls040_le000,0,0.06723461924233255,0.18684861529363236,0.11961399605129981
v1,q50,rough_seed_29,rough_seed_18,wm080_ws000_we020,lm000_ls100_le000,lm060_ls040_le000,0,0.07111157294524108,0.18743180799482842,0.11632023504958734
v1,q50,rough_seed_29,rough_seed_18,wm060_ws040_we000,lm000_ls100_le000,lm040_ls060_le000,0,0.07500624628201596,0.1409289549969831,0.06592270871496714
v1,q50,rough_seed_29,rough_seed_18,wm060_ws020_we020,lm000_ls100_le000,lm060_ls040_le000,0,0.0713569129155033,0.14151214769817916,0.07015523478267585
v1,q50,rough_seed_29,rough_seed_18,wm060_ws000_we040,lm000_ls100_le000,lm080_ls020_le000,0,0.1109272685168013,0.24725466140101976,0.13632739288421847
v1,q50,rough_seed_29,rough_seed_18,wm040_ws060_we000,lm000_ls100_le000,lm080_ls020_le000,0,0.0732403296996799,0.19302228544313058,0.11978195574345067
v1,q50,rough_seed_29,rough_seed_18,wm040_ws040_we020,lm000_ls100_le000,lm080_ls020_le000,0,0.07377371668332064,0.13020599600362126,0.05643227932030062
v1,q50,rough_seed_29,rough_seed_18,wm040_ws020_we040,lm000_ls100_le000,lm080_ls020_le000,0,0.10846932247463285,0.24742772894403023,0.1389584064693974
v1,q50,rough_seed_29,rough_seed_18,wm040_ws000_we060,lm000_ls100_le000,lm080_ls000_le020,0,0.08273351216765015,0.3697296739055381,0.286996161737888
v1,q50,rough_seed_29,rough_seed_18,wm020_ws080_we000,lm000_ls100_le000,lm080_ls020_le000,0,0.03662016484983995,0.25659483512684644,0.21997467027700648
v1,q50,rough_seed_29,rough_seed_18,wm020_ws060_we020,lm000_ls100_le000,lm080_ls020_le000,0,0.05423466123731643,0.1937785456873371,0.13954388445002067
v1,q50,rough_seed_29,rough_seed_18,wm020_ws040_we040,lm000_ls100_le000,lm080_ls020_le000,0,0.10810674658503047,0.24760079648704067,0.1394940499020102
v1,q50,rough_seed_29,rough_seed_18,wm020_ws020_we060,lm000_ls100_le000,lm040_ls040_le020,0,0.1446742466029124,0.36990274144854857,0.22522849484563617
v1,q50,rough_seed_29,rough_seed_18,wm020_ws000_we080,lm000_ls100_le000,lm080_ls000_le020,0,0.041366756083825076,0.49220468641005655,0.4508379303262315
v1,q50,rough_seed_29,rough_seed_18,wm000_ws100_we000,lm040_ls040_le020,lm080_ls020_le000,0,0.0,0.7150082466000065,0.7150082466000065
v1,q50,rough_seed_29,rough_seed_18,wm000_ws080_we020,lm000_ls100_le000,lm080_ls020_le000,0,0.05387208534771405,0.257351095371053,0.20347901002333896
v1,q50,rough_seed_29,rough_seed_18,wm000_ws060_we040,lm000_ls100_le000,lm080_ls020_le000,0,0.1077441706954281,0.24777386403005114,0.14002969333462303
v1,q50,rough_seed_29,rough_seed_18,wm000_ws040_we060,lm000_ls100_le000,lm080_ls020_le000,0,0.16161625604314211,0.370075808991559,0.2084595529484169
v1,q50,rough_seed_29,rough_seed_18,wm000_ws020_we080,lm000_ls100_le000,lm040_ls040_le020,0,0.14403551598925834,0.492377753953067,0.34834223796380864
v1,q50,rough_seed_29,rough_seed_18,wm000_ws000_we100,lm000_ls100_le000,lm080_ls000_le020,0,0.0,0.6146796989145749,0.6146796989145749
v1,q50,rough_seed_29,rough_seed_18,balanced,lm000_ls100_le000,lm080_ls020_le000,0,0.09039110206219403,0.20671810313786437,0.11632700107567034
v1,q50,rough_seed_29,rough_seed_18,motion,lm000_ls100_le000,lm060_ls040_le000,0,0.05930209183357059,0.16432617967120478,0.10502408783763419
v1,q50,rough_seed_29,rough_seed_18,stability,lm000_ls100_le000,lm080_ls020_le000,0,0.04067599592798731,0.2253757554681434,0.18469975954015608
v1,q50,rough_seed_29,rough_seed_18,energy,lm000_ls100_le000,lm040_ls040_le020,0,0.10882876828632711,0.4310969808150551,0.322268212528728
v1,q50,rough_seed_18,rough_seed_29,wm100_ws000_we000,lm100_ls000_le000,lm000_ls100_le000,0,0.0,0.16459991079043784,0.16459991079043784
v1,q50,rough_seed_18,rough_seed_29,wm080_ws020_we000,lm060_ls040_le000,lm000_ls100_le000,0,0.004870208941984164,0.09928049643086742,0.09441028748888326
v1,q50,rough_seed_18,rough_seed_29,wm080_ws000_we020,lm060_ls040_le000,lm000_ls100_le000,0,0.0,0.19610862578819538,0.19610862578819538
v1,q50,rough_seed_18,rough_seed_29,wm060_ws040_we000,lm040_ls060_le000,lm000_ls100_le000,0,0.009740417883968329,0.04920493366418337,0.03946451578021504
v1,q50,rough_seed_18,rough_seed_29,wm060_ws020_we020,lm060_ls040_le000,lm000_ls100_le000,0,0.004870208941984164,0.19649286441901206,0.1916226554770279
v1,q50,rough_seed_18,rough_seed_29,wm060_ws000_we040,lm080_ls020_le000,lm000_ls100_le000,0,0.0,0.45938504813396486,0.45938504813396486
v1,q50,rough_seed_18,rough_seed_29,wm040_ws060_we000,lm080_ls020_le000,lm000_ls100_le000,0,0.014610626825952494,0.08668729063045374,0.07207666380450126
v1,q50,rough_seed_18,rough_seed_29,wm040_ws040_we020,lm080_ls020_le000,lm000_ls100_le000,0,0.009740417883968329,0.23045648319081108,0.22071606530684276
v1,q50,rough_seed_18,rough_seed_29,wm040_ws020_we040,lm080_ls020_le000,lm000_ls100_le000,0,0.004870208941984164,0.45927461215978455,0.4544044032178004
v1,q50,rough_seed_18,rough_seed_29,wm040_ws000_we060,lm080_ls000_le020,lm000_ls100_le000,0,0.0,0.44751803151102737,0.44751803151102737
v1,q50,rough_seed_18,rough_seed_29,wm020_ws080_we000,lm080_ls020_le000,lm000_ls100_le000,0,0.019480835767936657,0.11492650012581217,0.0954456643578755
v1,q50,rough_seed_18,rough_seed_29,wm020_ws060_we020,lm080_ls020_le000,lm000_ls100_le000,0,0.014610626825952494,0.23034604721663074,0.21573542039067825
v1,q50,rough_seed_18,rough_seed_29,wm020_ws040_we040,lm080_ls020_le000,lm000_ls100_le000,0,0.009740417883968329,0.45916417618560423,0.4494237583016359
v1,q50,rough_seed_18,rough_seed_29,wm020_ws020_we060,lm040_ls040_le020,lm000_ls100_le000,0,0.004870208941984164,0.29534695906338143,0.2904767501213973
v1,q50,rough_seed_18,rough_seed_29,wm020_ws000_we080,lm080_ls000_le020,lm000_ls100_le000,0,0.0,0.5951374599059063,0.5951374599059063
v1,q50,rough_seed_18,rough_seed_29,wm000_ws100_we000,lm080_ls020_le000,lm040_ls040_le020,0,0.0,0.14316570962117056,0.14316570962117056
v1,q50,rough_seed_18,rough_seed_29,wm000_ws080_we020,lm080_ls020_le000,lm000_ls100_le000,0,0.019480835767936657,0.23023561124245043,0.21075477547451377
v1,q50,rough_seed_18,rough_seed_29,wm000_ws060_we040,lm080_ls020_le000,lm000_ls100_le000,0,0.014610626825952494,0.4590537402114239,0.44444311338547143
v1,q50,rough_seed_18,rough_seed_29,wm000_ws040_we060,lm080_ls020_le000,lm000_ls100_le000,0,0.009740417883968329,0.6878718691803973,0.678131451296429
v1,q50,rough_seed_18,rough_seed_29,wm000_ws020_we080,lm040_ls040_le020,lm000_ls100_le000,0,0.004870208941984164,0.39313322326988065,0.3882630143278965
v1,q50,rough_seed_18,rough_seed_29,wm000_ws000_we100,lm080_ls000_le020,lm000_ls100_le000,0,0.0,0.7427568883007852,0.7427568883007852
v1,q50,rough_seed_18,rough_seed_29,balanced,lm080_ls020_le000,lm000_ls100_le000,0,0.00811701490330694,0.38296509051206656,0.3748480756087596
v1,q50,rough_seed_18,rough_seed_29,motion,lm060_ls040_le000,lm000_ls100_le000,0,0.0036526567064881234,0.14767488367783943,0.1440222269713513
v1,q50,rough_seed_18,rough_seed_29,stability,lm080_ls020_le000,lm000_ls100_le000,0,0.017045731296944575,0.17311390598084228,0.15606817468389772
v1,q50,rough_seed_18,rough_seed_29,energy,lm040_ls040_le020,lm000_ls100_le000,0,0.0036526567064881234,0.3443643515693738,0.34071169486288566
v1,q50,rough_seed_10,rough_seed_13,wm100_ws000_we000,lm100_ls000_le000,lm060_ls040_le000,0,0.0,0.010046092519815277,0.010046092519815277
v1,q50,rough_seed_10,rough_seed_13,wm080_ws020_we000,lm080_ls020_le000,lm080_ls020_le000,1,0.08934336145439944,0.08934336145439944,0.0
v1,q50,rough_seed_10,rough_seed_13,wm080_ws000_we020,lm080_ls020_le000,lm100_ls000_le000,0,0.027364594489203167,0.04630420744490725,0.018939612955704083
v1,q50,rough_seed_10,rough_seed_13,wm060_ws040_we000,lm040_ls060_le000,lm080_ls000_le020,0,0.14676191603588556,0.4072064206575386,0.26044450462165303
v1,q50,rough_seed_10,rough_seed_13,wm060_ws020_we020,lm080_ls020_le000,lm080_ls020_le000,1,0.0892287470795358,0.0892287470795358,0.0
v1,q50,rough_seed_10,rough_seed_13,wm060_ws000_we040,lm020_ls060_le020,lm080_ls020_le000,0,0.034728155583680434,0.3206758484701108,0.2859476928864304
v1,q50,rough_seed_10,rough_seed_13,wm040_ws060_we000,lm040_ls060_le000,lm020_ls040_le040,0,0.16231085368994616,0.6107545898611525,0.44844373617120636
v1,q50,rough_seed_10,rough_seed_13,wm040_ws040_we020,lm040_ls060_le000,lm060_ls020_le020,0,0.12180717067211369,0.40867023721189827,0.28686306653978455
v1,q50,rough_seed_10,rough_seed_13,wm040_ws020_we040,lm040_ls020_le040,lm080_ls020_le000,0,0.08911413270467218,0.23756562555475022,0.14845149285007803
v1,q50,rough_seed_10,rough_seed_13,wm040_ws000_we060,lm060_ls000_le040,lm080_ls020_le000,0,0.023152103722453625,0.4083612419044743,0.3852091381820207
v1,q50,rough_seed_10,rough_seed_13,wm020_ws080_we000,lm040_ls060_le000,lm040_ls000_le060,0,0.1536555874161028,0.8143027590647665,0.6606471716486637
v1,q50,rough_seed_10,rough_seed_13,wm020_ws060_we020,lm040_ls060_le000,lm040_ls000_le060,0,0.11657912054015335,0.6122184064155122,0.4956392858753588
v1,q50,rough_seed_10,rough_seed_13,wm020_ws040_we040,lm020_ls000_le080,lm060_ls020_le020,0,0.12152862557147921,0.5547830782455876,0.4332544526741084
v1,q50,rough_seed_10,rough_seed_13,wm020_ws020_we060,lm040_ls000_le060,lm060_ls020_le020,0,0.08034740809800486,0.33609242512933946,0.25574501703133456
v1,q50,rough_seed_10,rough_seed_13,wm020_ws000_we080,lm040_ls000_le060,lm080_ls020_le000,0,0.011576051861226812,0.447309147197663,0.4357330953364362
v1,q50,rough_seed_10,rough_seed_13,wm000_ws100_we000,lm040_ls060_le000,lm000_ls000_le100,0,0.0,1.0178509282683803,1.0178509282683803
v1,q50,rough_seed_10,rough_seed_13,wm000_ws080_we020,lm020_ls000_le080,lm040_ls000_le060,0,0.15383036034486472,0.27781853232811565,0.12398817198325093
v1,q50,rough_seed_10,rough_seed_13,wm000_ws060_we040,lm020_ls000_le080,lm020_ls040_le040,0,0.16205962348791028,0.5536210011814907,0.39156137769358046
v1,q50,rough_seed_10,rough_seed_13,wm000_ws040_we060,lm020_ls000_le080,lm060_ls020_le020,0,0.12125008047084473,0.8294234700348656,0.7081733895640209
v1,q50,rough_seed_10,rough_seed_13,wm000_ws020_we080,lm020_ls000_le080,lm080_ls020_le000,0,0.08888490395494492,1.1052259388882408,1.016341034933296
v1,q50,rough_seed_10,rough_seed_13,wm000_ws000_we100,lm040_ls000_le060,lm080_ls020_le000,0,0.0,0.5579737769477644,0.5579737769477644
v1,q50,rough_seed_10,rough_seed_13,balanced,lm080_ls020_le000,lm060_ls020_le020,0,0.10172382780129385,0.14833253054968087,0.04660870274838702
v1,q50,rough_seed_10,rough_seed_13,motion,lm080_ls020_le000,lm080_ls020_le000,1,0.06706482827823138,0.06706482827823138,0.0
v1,q50,rough_seed_10,rough_seed_13,stability,lm040_ls060_le000,lm040_ls000_le060,0,0.13516104721031855,0.7136265368787292,0.5784654896684107
v1,q50,rough_seed_10,rough_seed_13,energy,lm040_ls000_le060,lm080_ls020_le000,0,0.0667496387473564,0.3915627630839457,0.3248131243365893
v1,q50,rough_seed_8,rough_seed_0,wm100_ws000_we000,lm080_ls020_le000,lm080_ls020_le000,1,0.0,0.0,0.0
v1,q50,rough_seed_8,rough_seed_0,wm080_ws020_we000,lm100_ls000_le000,lm080_ls020_le000,0,0.0,0.2024907193842099,0.2024907193842099
v1,q50,rough_seed_8,rough_seed_0,wm080_ws000_we020,lm060_ls040_le000,lm100_ls000_le000,0,0.049852682101849656,0.13463514813002608,0.08478246602817643
v1,q50,rough_seed_8,rough_seed_0,wm060_ws040_we000,lm100_ls000_le000,lm080_ls020_le000,0,0.0,0.4043680395381574,0.4043680395381574
v1,q50,rough_seed_8,rough_seed_0,wm060_ws020_we020,lm100_ls000_le000,lm080_ls020_le000,0,0.1146571140982781,0.20265806383480847,0.08800094973653037
v1,q50,rough_seed_8,rough_seed_0,wm060_ws000_we040,lm060_ls040_le000,lm100_ls000_le000,0,0.05895294746166769,0.26076747356171787,0.20181452610005018
v1,q50,rough_seed_8,rough_seed_0,wm040_ws060_we000,lm060_ls000_le040,lm080_ls020_le000,0,0.0,0.35539133009905016,0.35539133009905016
v1,q50,rough_seed_8,rough_seed_0,wm040_ws040_we020,lm100_ls000_le000,lm080_ls020_le000,0,0.1146571140982781,0.404535383988756,0.2898782698904779
v1,q50,rough_seed_8,rough_seed_0,wm040_ws020_we040,lm100_ls000_le000,lm040_ls060_le000,0,0.14117072543274742,0.20282540828540704,0.061654682852659626
v1,q50,rough_seed_8,rough_seed_0,wm040_ws000_we060,lm100_ls000_le000,lm100_ls000_le000,1,0.08812272157737035,0.08812272157737035,0.0
v1,q50,rough_seed_8,rough_seed_0,wm020_ws080_we000,lm060_ls000_le040,lm080_ls020_le000,0,0.0,0.43789630800861756,0.43789630800861756
v1,q50,rough_seed_8,rough_seed_0,wm020_ws060_we020,lm000_ls060_le040,lm080_ls020_le000,0,0.1146571140982781,0.4021245169955151,0.287467402897237
v1,q50,rough_seed_8,rough_seed_0,wm020_ws040_we040,lm000_ls040_le060,lm080_ls020_le000,0,0.2293142281965562,1.081645011912252,0.8523307837156958
v1,q50,rough_seed_8,rough_seed_0,wm020_ws020_we060,lm100_ls000_le000,lm040_ls060_le000,0,0.14065719241288344,0.20299275273600562,0.06233556032312218
v1,q50,rough_seed_8,rough_seed_0,wm020_ws000_we080,lm100_ls000_le000,lm040_ls060_le000,0,0.051866835006261935,0.11729249569307303,0.06542566068681109
v1,q50,rough_seed_8,rough_seed_0,wm000_ws100_we000,lm000_ls040_le060,lm080_ls020_le000,0,0.0,0.828670407235132,0.828670407235132
v1,q50,rough_seed_8,rough_seed_0,wm000_ws080_we020,lm000_ls040_le060,lm080_ls020_le000,0,0.1146571140982781,0.6682612617082423,0.5536041476099642
v1,q50,rough_seed_8,rough_seed_0,wm000_ws060_we040,lm000_ls040_le060,lm080_ls020_le000,0,0.2293142281965562,1.080559850366041,0.8512456221694847
v1,q50,rough_seed_8,rough_seed_0,wm000_ws040_we060,lm100_ls000_le000,lm040_ls060_le000,0,0.2802873187860389,0.40487007288995314,0.12458275410391423
v1,q50,rough_seed_8,rough_seed_0,wm000_ws020_we080,lm100_ls000_le000,lm040_ls060_le000,0,0.14014365939301945,0.2031600971866042,0.06301643779358473
v1,q50,rough_seed_8,rough_seed_0,wm000_ws000_we100,lm100_ls000_le000,lm040_ls060_le000,0,0.0,0.1464622698087757,0.1464622698087757
v1,q50,rough_seed_8,rough_seed_0,balanced,lm100_ls000_le000,lm080_ls020_le000,0,0.1910951901637968,0.33735450690450586,0.14625931674070905
v1,q50,rough_seed_8,rough_seed_0,motion,lm100_ls000_le000,lm080_ls020_le000,0,0.08599283557370857,0.15214689768367193,0.06615406210996336
v1,q50,rough_seed_8,rough_seed_0,stability,lm000_ls060_le040,lm080_ls020_le000,0,0.08599283557370857,0.46745347633272566,0.3814606407590171
v1,q50,rough_seed_8,rough_seed_0,energy,lm100_ls000_le000,lm040_ls060_le000,0,0.10549289430966256,0.152607094922818,0.047114200613155424
v1,q50,rough_seed_22,rough_seed_20,wm100_ws000_we000,lm100_ls000_le000,lm100_ls000_le000,1,0.0,0.0,0.0
v1,q50,rough_seed_22,rough_seed_20,wm080_ws020_we000,lm080_ls000_le020,lm080_ls020_le000,0,0.20006500496469343,0.2470702201791855,0.04700521521449208
v1,q50,rough_seed_22,rough_seed_20,wm080_ws000_we020,lm060_ls020_le020,lm080_ls020_le000,0,0.20101420328297948,0.26979701925848315,0.06878281597550367
v1,q50,rough_seed_22,rough_seed_20,wm060_ws040_we000,lm000_ls060_le040,lm080_ls000_le020,0,0.2735163768252158,0.6932267691062576,0.4197103922810418
v1,q50,rough_seed_22,rough_seed_20,wm060_ws020_we020,lm080_ls000_le020,lm080_ls000_le020,1,0.1937066002379729,0.1937066002379729,0.0
v1,q50,rough_seed_22,rough_seed_20,wm060_ws000_we040,lm060_ls020_le020,lm040_ls040_le020,0,0.31479697927604194,0.4065204043551879,0.09172342507914594
v1,q50,rough_seed_22,rough_seed_20,wm040_ws060_we000,lm060_ls000_le040,lm040_ls040_le020,0,0.28199113945944504,0.5089785403597464,0.2269874009003014
v1,q50,rough_seed_22,rough_seed_20,wm040_ws040_we020,lm040_ls020_le040,lm040_ls040_le020,0,0.21132834276331575,0.404,0.19267165723668428
v1,q50,rough_seed_22,rough_seed_20,wm040_ws020_we040,lm060_ls020_le020,lm040_ls040_le020,0,0.2357043500852413,0.40724863904297587,0.17154428895773458
v1,q50,rough_seed_22,rough_seed_20,wm040_ws000_we060,lm060_ls020_le020,lm040_ls040_le020,0,0.3511394110587184,0.6081234630524234,0.256984051993705
v1,q50,rough_seed_22,rough_seed_20,wm020_ws080_we000,lm020_ls020_le060,lm040_ls020_le040,0,0.202,0.3236708468231667,0.1216708468231667
v1,q50,rough_seed_22,rough_seed_20,wm020_ws060_we020,lm000_ls040_le060,lm040_ls020_le040,0,0.202,0.3343276396584846,0.1323276396584846
v1,q50,rough_seed_22,rough_seed_20,wm020_ws040_we040,lm000_ls060_le040,lm040_ls020_le040,0,0.202,0.2329979987527633,0.030997998752763295
v1,q50,rough_seed_22,rough_seed_20,wm020_ws020_we060,lm060_ls020_le020,lm040_ls020_le040,0,0.202,0.6088516977402114,0.4068516977402114
v1,q50,rough_seed_22,rough_seed_20,wm020_ws000_we080,lm060_ls020_le020,lm040_ls020_le040,0,0.202,0.809726521749659,0.607726521749659
v1,q50,rough_seed_22,rough_seed_20,wm000_ws100_we000,lm000_ls000_le100,lm040_ls020_le040,0,0.0,0.29575601260210443,0.29575601260210443
v1,q50,rough_seed_22,rough_seed_20,wm000_ws080_we020,lm000_ls040_le060,lm040_ls020_le040,0,0.0,0.23157034899308748,0.23157034899308748
v1,q50,rough_seed_22,rough_seed_20,wm000_ws060_we040,lm000_ls040_le060,lm040_ls020_le040,0,0.0,0.46085473905892016,0.46085473905892016
v1,q50,rough_seed_22,rough_seed_20,wm000_ws040_we060,lm080_ls000_le020,lm040_ls020_le040,0,0.0,0.5743007158726567,0.5743007158726567
v1,q50,rough_seed_22,rough_seed_20,wm000_ws020_we080,lm060_ls020_le020,lm040_ls020_le040,0,0.0,0.810454756437447,0.810454756437447
v1,q50,rough_seed_22,rough_seed_20,wm000_ws000_we100,lm060_ls020_le020,lm040_ls020_le040,0,0.0,1.0113295804468945,1.0113295804468945
v1,q50,rough_seed_22,rough_seed_20,balanced,lm000_ls060_le040,lm040_ls040_le020,0,0.1971901720469265,0.3866176269576322,0.1894274549107057
v1,q50,rough_seed_22,rough_seed_20,motion,lm080_ls000_le020,lm080_ls020_le000,0,0.15225662001664353,0.21743319458260005,0.06517657456595652
v1,q50,rough_seed_22,rough_seed_20,stability,lm000_ls040_le060,lm040_ls020_le040,0,0.1515,0.25131721947567714,0.09981721947567715
v1,q50,rough_seed_22,rough_seed_20,energy,lm060_ls020_le020,lm040_ls020_le040,0,0.1515,0.7094711684168822,0.5579711684168822
v1,q50,rough_seed_20,rough_seed_0,wm100_ws000_we000,lm080_ls020_le000,lm100_ls000_le000,0,0.0,0.002892784357040733,0.002892784357040733
v1,q50,rough_seed_20,rough_seed_0,wm080_ws020_we000,lm100_ls000_le000,lm080_ls000_le020,0,0.13983830255512691,0.1964288625420484,0.056590559986921474
v1,q50,rough_seed_20,rough_seed_0,wm080_ws000_we020,lm060_ls040_le000,lm060_ls020_le020,0,0.11704548225463766,0.24595398083640357,0.1289084985817659
v1,q50,rough_seed_20,rough_seed_0,wm060_ws040_we000,lm100_ls000_le000,lm000_ls060_le040,0,0.24433196216768818,0.3928577250840968,0.1485257629164086
v1,q50,rough_seed_20,rough_seed_0,wm060_ws020_we020,lm100_ls000_le000,lm080_ls000_le020,0,0.1403382198920136,0.20394484022318862,0.06360662033117503
v1,q50,rough_seed_20,rough_seed_0,wm060_ws000_we040,lm060_ls040_le000,lm060_ls020_le020,0,0.08778411169097824,0.49159654048185714,0.40381242879087886
v1,q50,rough_seed_20,rough_seed_0,wm040_ws060_we000,lm060_ls000_le040,lm060_ls000_le040,1,0.17869299841877725,0.17869299841877725,0.0
v1,q50,rough_seed_20,rough_seed_0,wm040_ws040_we020,lm100_ls000_le000,lm040_ls020_le040,0,0.17907722385018984,0.3948577250840968,0.21578050123390694
v1,q50,rough_seed_20,rough_seed_0,wm040_ws020_we040,lm100_ls000_le000,lm060_ls020_le020,0,0.14740178057620767,0.4059448402231886,0.25854305964698093
v1,q50,rough_seed_20,rough_seed_0,wm040_ws000_we060,lm100_ls000_le000,lm060_ls020_le020,0,0.05852274112731883,0.606,0.5474772588726812
v1,q50,rough_seed_20,rough_seed_0,wm020_ws080_we000,lm060_ls000_le040,lm020_ls020_le060,0,0.11310902285421955,0.22472239549490103,0.11161337264068148
v1,q50,rough_seed_20,rough_seed_0,wm020_ws060_we020,lm000_ls060_le040,lm000_ls040_le060,0,0.13288250138278854,0.3277093344606898,0.19482683307790125
v1,q50,rough_seed_20,rough_seed_0,wm020_ws040_we040,lm000_ls040_le060,lm000_ls060_le040,0,0.23106394800204005,0.26415196604097385,0.0330880180389338
v1,q50,rough_seed_20,rough_seed_0,wm020_ws020_we060,lm100_ls000_le000,lm060_ls020_le020,0,0.14711206403597343,0.6079448402231886,0.4608327761872152
v1,q50,rough_seed_20,rough_seed_0,wm020_ws000_we080,lm100_ls000_le000,lm060_ls020_le020,0,0.029261370563659416,0.808,0.7787386294363406
v1,q50,rough_seed_20,rough_seed_0,wm000_ws100_we000,lm000_ls040_le060,lm000_ls000_le100,0,0.0,0.060253460087195745,0.060253460087195745
v1,q50,rough_seed_20,rough_seed_0,wm000_ws080_we020,lm000_ls040_le060,lm000_ls040_le060,1,0.13186603356993973,0.13186603356993973,0.0
v1,q50,rough_seed_20,rough_seed_0,wm000_ws060_we040,lm000_ls040_le060,lm000_ls040_le060,1,0.26313549822812504,0.26313549822812504,0.0
v1,q50,rough_seed_20,rough_seed_0,wm000_ws040_we060,lm100_ls000_le000,lm080_ls000_le020,0,0.27968677928139446,0.6098896804463771,0.3302029011649827
v1,q50,rough_seed_20,rough_seed_0,wm000_ws020_we080,lm100_ls000_le000,lm060_ls020_le020,0,0.1468223474957392,0.8099448402231887,0.6631224927274495
v1,q50,rough_seed_20,rough_seed_0,wm000_ws000_we100,lm100_ls000_le000,lm060_ls020_le020,0,0.0,1.01,1.01
v1,q50,rough_seed_20,rough_seed_0,balanced,lm100_ls000_le000,lm000_ls060_le040,0,0.19321935599181445,0.3399080670386476,0.14668871104683318
v1,q50,rough_seed_20,rough_seed_0,motion,lm100_ls000_le000,lm080_ls000_le020,0,0.10694108219214375,0.15295863016739145,0.046017547975247694
v1,q50,rough_seed_20,rough_seed_0,stability,lm000_ls060_le040,lm000_ls040_le060,0,0.09981101826503001,0.3815239910773733,0.28171297281234325
v1,q50,rough_seed_20,rough_seed_0,energy,lm100_ls000_le000,lm060_ls020_le020,0,0.11033404802698005,0.7084586301673914,0.5981245821404113
v1,q50,rough_seed_28,rough_seed_18,wm100_ws000_we000,lm000_ls100_le000,lm100_ls000_le000,0,0.0,0.15435431152314533,0.15435431152314533
v1,q50,rough_seed_28,rough_seed_18,wm080_ws020_we000,lm000_ls100_le000,lm060_ls040_le000,0,0.009120410146334494,0.12348344921851626,0.11436303907218176
v1,q50,rough_seed_28,rough_seed_18,wm080_ws000_we020,lm000_ls100_le000,lm060_ls040_le000,0,0.051258519412871316,0.12355531320397313,0.07229679379110182
v1,q50,rough_seed_28,rough_seed_18,wm060_ws040_we000,lm000_ls100_le000,lm060_ls040_le000,0,0.013997678733214725,0.09261258691388718,0.07861490818067246
v1,q50,rough_seed_28,rough_seed_18,wm060_ws020_we020,lm000_ls100_le000,lm060_ls040_le000,0,0.051305077538071404,0.09268445089934406,0.041379373361272655
v1,q50,rough_seed_28,rough_seed_18,wm060_ws000_we040,lm000_ls100_le000,lm000_ls100_le000,1,0.09275631488480095,0.09275631488480095,0.0
v1,q50,rough_seed_28,rough_seed_18,wm040_ws060_we000,lm000_ls100_le000,lm060_ls040_le000,0,0.02094050666759286,0.06174172460925813,0.04080121794166527
v1,q50,rough_seed_28,rough_seed_18,wm040_ws040_we020,lm000_ls100_le000,lm040_ls060_le000,0,0.04817759687293745,0.06181358859471501,0.013635991721777561
v1,q50,rough_seed_28,rough_seed_18,wm040_ws020_we040,lm000_ls100_le000,lm000_ls100_le000,1,0.06188545258017188,0.06188545258017188,0.0
v1,q50,rough_seed_28,rough_seed_18,wm040_ws000_we060,lm000_ls100_le000,lm000_ls100_le000,1,0.06195731656562876,0.06195731656562876,0.0
v1,q50,rough_seed_28,rough_seed_18,wm020_ws080_we000,lm000_ls100_le000,lm060_ls040_le000,0,0.027883334601970997,0.030870862304629064,0.0029875277026580674
v1,q50,rough_seed_28,rough_seed_18,wm020_ws060_we020,lm000_ls100_le000,lm000_ls100_le000,1,0.03094272629008594,0.03094272629008594,0.0
v1,q50,rough_seed_28,rough_seed_18,wm020_ws040_we040,lm000_ls100_le000,lm000_ls100_le000,1,0.03101459027554282,0.03101459027554282,0.0
v1,q50,rough_seed_28,rough_seed_18,wm020_ws020_we060,lm000_ls100_le000,lm000_ls100_le000,1,0.031086454260999697,0.031086454260999697,0.0
v1,q50,rough_seed_28,rough_seed_18,wm020_ws000_we080,lm000_ls100_le000,lm000_ls100_le000,1,0.031158318246456575,0.031158318246456575,0.0
v1,q50,rough_seed_28,rough_seed_18,wm000_ws100_we000,lm040_ls040_le020,lm000_ls100_le000,0,0.0,0.10673410858777549,0.10673410858777549
v1,q50,rough_seed_28,rough_seed_18,wm000_ws080_we020,lm000_ls100_le000,lm000_ls100_le000,1,0.007258262531144621,0.007258262531144621,0.0
v1,q50,rough_seed_28,rough_seed_18,wm000_ws060_we040,lm000_ls100_le000,lm000_ls080_le020,0,0.01017550430412725,0.014516525062289242,0.0043410207581619925
v1,q50,rough_seed_28,rough_seed_18,wm000_ws040_we060,lm000_ls100_le000,lm000_ls080_le020,0,0.006783669536084833,0.02177478759343386,0.01499111805734903
v1,q50,rough_seed_28,rough_seed_18,wm000_ws020_we080,lm000_ls100_le000,lm000_ls080_le020,0,0.0033918347680424164,0.029033050124578484,0.025641215356536066
v1,q50,rough_seed_28,rough_seed_18,wm000_ws000_we100,lm000_ls100_le000,lm000_ls080_le020,0,0.0,0.0362913126557231,0.0362913126557231
v1,q50,rough_seed_28,rough_seed_18,balanced,lm000_ls100_le000,lm000_ls100_le000,1,0.051571210483476564,0.051571210483476564,0.0
v1,q50,rough_seed_28,rough_seed_18,motion,lm000_ls100_le000,lm060_ls040_le000,0,0.038506813869668165,0.10810191605529437,0.0695951021856262
v1,q50,rough_seed_28,rough_seed_18,stability,lm000_ls100_le000,lm000_ls100_le000,1,0.023207044717564455,0.023207044717564455,0.0
v1,q50,rough_seed_28,rough_seed_18,energy,lm000_ls100_le000,lm000_ls100_le000,1,0.025633157935525692,0.025633157935525692,0.0
v1,q50,rough_seed_17,rough_seed_18,wm100_ws000_we000,lm000_ls100_le000,lm060_ls040_le000,0,0.0,0.12413570855344724,0.12413570855344724
v1,q50,rough_seed_17,rough_seed_18,wm080_ws020_we000,lm000_ls100_le000,lm100_ls000_le000,0,0.0074452059261622865,0.10013151258214412,0.09268630665598183
v1,q50,rough_seed_17,rough_seed_18,wm080_ws000_we020,lm000_ls100_le000,lm100_ls000_le000,0,0.028377157313285047,0.09992471946088469,0.07154756214759964
v1,q50,rough_seed_17,rough_seed_18,wm060_ws040_we000,lm000_ls100_le000,lm100_ls000_le000,0,0.014886585278753738,0.16697247920882635,0.1520858939300726
v1,q50,rough_seed_17,rough_seed_18,wm060_ws020_we020,lm000_ls100_le000,lm100_ls000_le000,0,0.028450076599237272,0.08447111214893642,0.056021035549699144
v1,q50,rough_seed_17,rough_seed_18,wm060_ws000_we040,lm000_ls100_le000,lm100_ls000_le000,0,0.05675048805299926,0.12520026871442066,0.0684497806614214
v1,q50,rough_seed_17,rough_seed_18,wm040_ws060_we000,lm000_ls100_le000,lm100_ls000_le000,0,0.022327964631345187,0.24984418560257887,0.2275162209712337
v1,q50,rough_seed_17,rough_seed_18,wm040_ws040_we020,lm000_ls100_le000,lm100_ls000_le000,0,0.028522995885189497,0.16734281854268895,0.13881982265749945
v1,q50,rough_seed_17,rough_seed_18,wm040_ws020_we040,lm000_ls100_le000,lm100_ls000_le000,0,0.056823407338951484,0.12577740116954272,0.06895399383059124
v1,q50,rough_seed_17,rough_seed_18,wm040_ws000_we060,lm000_ls100_le000,lm100_ls000_le000,0,0.08512381879271347,0.18718586986097036,0.10206205106825689
v1,q50,rough_seed_17,rough_seed_18,wm020_ws080_we000,lm000_ls100_le000,lm100_ls000_le000,0,0.02976934398393664,0.33271589199633145,0.3029465480123948
v1,q50,rough_seed_17,rough_seed_18,wm020_ws060_we020,lm000_ls100_le000,lm100_ls000_le000,0,0.028595915171141722,0.25021452493644153,0.22161860976529982
v1,q50,rough_seed_17,rough_seed_18,wm020_ws040_we040,lm000_ls100_le000,lm100_ls000_le000,0,0.05689632662490371,0.16771315787655158,0.11081683125164787
v1,q50,rough_seed_17,rough_seed_18,wm020_ws020_we060,lm000_ls100_le000,lm100_ls000_le000,0,0.08519673807866569,0.18776300231609241,0.10256626423742672
v1,q50,rough_seed_17,rough_seed_18,wm020_ws000_we080,lm000_ls100_le000,lm020_ls060_le020,0,0.08828110031097385,0.2491714710075201,0.16089037069654627
v1,q50,rough_seed_17,rough_seed_18,wm000_ws100_we000,lm040_ls040_le020,lm060_ls000_le040,0,0.0,0.32657676389074275,0.32657676389074275
v1,q50,rough_seed_17,rough_seed_18,wm000_ws080_we020,lm000_ls100_le000,lm100_ls000_le000,0,0.030049510313325728,0.33308623133019405,0.3030367210168683
v1,q50,rough_seed_17,rough_seed_18,wm000_ws060_we040,lm000_ls100_le000,lm100_ls000_le000,0,0.056969245910855934,0.25058486427030413,0.19361561835944818
v1,q50,rough_seed_17,rough_seed_18,wm000_ws040_we060,lm000_ls100_le000,lm100_ls000_le000,0,0.08526965736461792,0.18834013477121447,0.10307047740659656
v1,q50,rough_seed_17,rough_seed_18,wm000_ws020_we080,lm000_ls100_le000,lm020_ls060_le020,0,0.0786353251656972,0.24974860346264213,0.17111327829694495
v1,q50,rough_seed_17,rough_seed_18,wm000_ws000_we100,lm000_ls100_le000,lm020_ls060_le020,0,0.0,0.3111570721540698,0.3111570721540698
v1,q50,rough_seed_17,rough_seed_18,balanced,lm000_ls100_le000,lm100_ls000_le000,0,0.0474142432830149,0.13996580930067984,0.09255156601766494
v1,q50,rough_seed_17,rough_seed_18,motion,lm000_ls100_le000,lm100_ls000_le000,0,0.02133851409282066,0.08797431975554794,0.06663580566272728
v1,q50,rough_seed_17,rough_seed_18,stability,lm000_ls100_le000,lm100_ls000_le000,0,0.026258779054682727,0.2915577932998521,0.2652990142451694
v1,q50,rough_seed_17,rough_seed_18,energy,lm000_ls100_le000,lm020_ls060_le020,0,0.06679475091515387,0.21861151977558674,0.15181676886043288
v2,baseline,rough_seed_13,rough_seed_18,wm100_ws000_we000,lm000_ls100_le000,lm100_ls000_le000,0,0.0,0.2552291007542472,0.2552291007542472
v2,baseline,rough_seed_13,rough_seed_18,wm080_ws020_we000,lm000_ls100_le000,lm080_ls020_le000,0,0.1072576846278984,0.20425919712351995,0.09700151249562154
v2,baseline,rough_seed_13,rough_seed_18,wm080_ws000_we020,lm000_ls100_le000,lm080_ls020_le000,0,0.1438770625572425,0.20580210013591646,0.06192503757867396
v2,baseline,rough_seed_13,rough_seed_18,wm060_ws040_we000,lm000_ls100_le000,lm040_ls060_le000,0,0.12927293943228274,0.15328929349279266,0.02401635406050992
v2,baseline,rough_seed_13,rough_seed_18,wm060_ws020_we020,lm000_ls100_le000,lm080_ls020_le000,0,0.1447740629231317,0.1650929017842347,0.020318838861103
v2,baseline,rough_seed_13,rough_seed_18,wm060_ws000_we040,lm000_ls100_le000,lm020_ls060_le020,0,0.2618352378713939,0.3285177580484969,0.06668252017710302
v2,baseline,rough_seed_13,rough_seed_18,wm040_ws060_we000,lm040_ls040_le020,lm040_ls060_le000,0,0.08618195962152184,0.6332787059476057,0.5470967463260838
v2,baseline,rough_seed_13,rough_seed_18,wm040_ws040_we020,lm000_ls100_le000,lm040_ls060_le000,0,0.15610220709746428,0.16466341414444746,0.008561207046983182
v2,baseline,rough_seed_13,rough_seed_18,wm040_ws020_we040,lm000_ls100_le000,lm040_ls020_le040,0,0.21776439638815032,0.32808827040870964,0.11032387402055932
v2,baseline,rough_seed_13,rough_seed_18,wm040_ws000_we060,lm000_ls100_le000,lm060_ls000_le040,0,0.2248266004422157,0.49151312667297176,0.26668652623075606
v2,baseline,rough_seed_13,rough_seed_18,wm020_ws080_we000,lm040_ls040_le020,lm040_ls060_le000,0,0.04309097981076092,0.8439495394488394,0.8008585596380785
v2,baseline,rough_seed_13,rough_seed_18,wm020_ws060_we020,lm040_ls040_le020,lm040_ls060_le000,0,0.1556755637330013,0.634915088188209,0.4792395244552077
v2,baseline,rough_seed_13,rough_seed_18,wm020_ws040_we040,lm000_ls100_le000,lm020_ls000_le080,0,0.20263637541512522,0.3276587827689224,0.1250224073537972
v2,baseline,rough_seed_13,rough_seed_18,wm020_ws020_we060,lm000_ls100_le000,lm040_ls000_le060,0,0.14776604966765258,0.4910836390331845,0.3433175893655319
v2,baseline,rough_seed_13,rough_seed_18,wm020_ws000_we080,lm000_ls100_le000,lm040_ls000_le060,0,0.13532190971765484,0.6545084952974468,0.5191865855797919
v2,baseline,rough_seed_13,rough_seed_18,wm000_ws100_we000,lm040_ls040_le020,lm040_ls060_le000,0,0.0,1.054620372950073,1.054620372950073
v2,baseline,rough_seed_13,rough_seed_18,wm000_ws080_we020,lm040_ls040_le020,lm020_ls000_le080,0,0.12608753011067786,0.8455859216894427,0.7194983915787648
v2,baseline,rough_seed_13,rough_seed_18,wm000_ws060_we040,lm040_ls040_le020,lm020_ls000_le080,0,0.09457327879809715,0.6365514704288122,0.541978191630715
v2,baseline,rough_seed_13,rough_seed_18,wm000_ws040_we060,lm000_ls100_le000,lm020_ls000_le080,0,0.06305902748551644,0.49065415139339724,0.4275951239078808
v2,baseline,rough_seed_13,rough_seed_18,wm000_ws020_we080,lm000_ls100_le000,lm020_ls000_le080,0,0.03154477617293572,0.6540790076576596,0.6225342314847239
v2,baseline,rough_seed_13,rough_seed_18,wm000_ws000_we100,lm000_ls100_le000,lm040_ls000_le060,0,0.0,0.8175038639219216,0.8175038639219216
v2,baseline,rough_seed_13,rough_seed_18,balanced,lm000_ls100_le000,lm080_ls020_le000,0,0.2407611954219468,0.27347015577402645,0.03270896035207965
v2,baseline,rough_seed_13,rough_seed_18,motion,lm000_ls100_le000,lm080_ls020_le000,0,0.10877888823607601,0.17993142256745365,0.07115253433137764
v2,baseline,rough_seed_13,rough_seed_18,stability,lm040_ls040_le020,lm040_ls060_le000,0,0.11675667279975097,0.7398414093786749,0.6230847365789239
v2,baseline,rough_seed_13,rough_seed_18,energy,lm000_ls100_le000,lm040_ls000_le060,0,0.11082453725073943,0.5726886952553688,0.4618641580046294
v2,baseline,rough_seed_7,rough_seed_10,wm100_ws000_we000,lm060_ls040_le000,lm100_ls000_le000,0,0.0,0.05401712236914727,0.05401712236914727
v2,baseline,rough_seed_7,rough_seed_10,wm080_ws020_we000,lm080_ls020_le000,lm080_ls020_le000,1,0.0800047950810735,0.0800047950810735,0.0
v2,baseline,rough_seed_7,rough_seed_10,wm080_ws000_we020,lm100_ls000_le000,lm000_ls100_le000,0,0.13792513460456318,0.15589464010807672,0.017969505503513533
v2,baseline,rough_seed_7,rough_seed_10,wm060_ws040_we000,lm080_ls000_le020,lm080_ls020_le000,0,0.15957924677669388,0.42680119533587574,0.26722194855918185
v2,baseline,rough_seed_7,rough_seed_10,wm060_ws020_we020,lm080_ls020_le000,lm000_ls100_le000,0,0.13855825830360913,0.20304692405476407,0.06448866575115494
v2,baseline,rough_seed_7,rough_seed_10,wm060_ws000_we040,lm080_ls020_le000,lm040_ls040_le020,0,0.19151342886230452,0.4042582060312719,0.21274477716896736
v2,baseline,rough_seed_7,rough_seed_10,wm040_ws060_we000,lm020_ls040_le040,lm080_ls020_le000,0,0.23915369847231424,0.5512641654691575,0.3121104669968432
v2,baseline,rough_seed_7,rough_seed_10,wm040_ws040_we020,lm060_ls020_le020,lm020_ls080_le000,0,0.18407690973964297,0.4061372063760146,0.2220602966363716
v2,baseline,rough_seed_7,rough_seed_10,wm040_ws020_we040,lm080_ls020_le000,lm040_ls020_le040,0,0.18335006280574745,0.40496085537767346,0.221610792571926
v2,baseline,rough_seed_7,rough_seed_10,wm040_ws000_we060,lm080_ls020_le000,lm040_ls020_le040,0,0.18218737676117047,0.6061721373541812,0.4239847605930107
v2,baseline,rough_seed_7,rough_seed_10,wm020_ws080_we000,lm040_ls000_le060,lm000_ls060_le040,0,0.193752997998557,0.5914328492713202,0.39767985127276323
v2,baseline,rough_seed_7,rough_seed_10,wm020_ws060_we020,lm040_ls000_le060,lm000_ls060_le040,0,0.14662411497341107,0.4453510096265524,0.2987268946531413
v2,baseline,rough_seed_7,rough_seed_10,wm020_ws040_we040,lm060_ls020_le020,lm000_ls040_le060,0,0.193157007511989,0.40771239705801327,0.21455538954602427
v2,baseline,rough_seed_7,rough_seed_10,wm020_ws020_we060,lm060_ls020_le020,lm040_ls020_le040,0,0.17038578739111646,0.5479213965079006,0.3775356091167842
v2,baseline,rough_seed_7,rough_seed_10,wm020_ws000_we080,lm080_ls020_le000,lm020_ls020_le060,0,0.202,0.8080860686770907,0.6060860686770906
v2,baseline,rough_seed_7,rough_seed_10,wm000_ws100_we000,lm000_ls000_le100,lm020_ls020_le060,0,0.0,0.8239371052500434,0.8239371052500434
v2,baseline,rough_seed_7,rough_seed_10,wm000_ws080_we020,lm040_ls000_le060,lm020_ls020_le060,0,0.0,0.5914548634843438,0.5914548634843438
v2,baseline,rough_seed_7,rough_seed_10,wm000_ws060_we040,lm020_ls040_le040,lm020_ls020_le060,0,0.0,0.5508988295960113,0.5508988295960113
v2,baseline,rough_seed_7,rough_seed_10,wm000_ws040_we060,lm060_ls020_le020,lm020_ls020_le060,0,0.0,0.5496950386822334,0.5496950386822334
v2,baseline,rough_seed_7,rough_seed_10,wm000_ws020_we080,lm080_ls020_le000,lm020_ls020_le060,0,0.0,0.8087887180234923,0.8087887180234923
v2,baseline,rough_seed_7,rough_seed_10,wm000_ws000_we100,lm080_ls020_le000,lm020_ls020_le060,0,0.0,1.01,1.01
v2,baseline,rough_seed_7,rough_seed_10,balanced,lm060_ls020_le020,lm000_ls060_le040,0,0.22386239429317928,0.3399484865584208,0.11608609226524153
v2,baseline,rough_seed_7,rough_seed_10,motion,lm080_ls020_le000,lm000_ls100_le000,0,0.11065640030868305,0.15239277888743633,0.04173637857875327
v2,baseline,rough_seed_7,rough_seed_10,stability,lm040_ls000_le060,lm020_ls020_le060,0,0.1515,0.5183974330021922,0.36689743300219224
v2,baseline,rough_seed_7,rough_seed_10,energy,lm080_ls020_le000,lm020_ls020_le060,0,0.1515,0.7076560900254371,0.5561560900254371
v2,baseline,rough_seed_15,rough_seed_8,wm100_ws000_we000,lm080_ls020_le000,lm040_ls060_le000,0,0.0,0.1193862776990456,0.1193862776990456
v2,baseline,rough_seed_15,rough_seed_8,wm080_ws020_we000,lm080_ls020_le000,lm080_ls020_le000,1,0.0962897550200626,0.0962897550200626,0.0
v2,baseline,rough_seed_15,rough_seed_8,wm080_ws000_we020,lm100_ls000_le000,lm020_ls060_le020,0,0.05259529022903838,0.1203603346357209,0.06776504440668252
v2,baseline,rough_seed_15,rough_seed_8,wm060_ws040_we000,lm080_ls020_le000,lm060_ls040_le000,0,0.13357670966840973,0.1584172632989503,0.02484055363054058
v2,baseline,rough_seed_15,rough_seed_8,wm060_ws020_we020,lm080_ls020_le000,lm060_ls040_le000,0,0.0989941531530156,0.10300095236783628,0.0040067992148206805
v2,baseline,rough_seed_15,rough_seed_8,wm060_ws000_we040,lm100_ls000_le000,lm000_ls080_le020,0,0.10375638555318287,0.20841480839951776,0.10465842284633489
v2,baseline,rough_seed_15,rough_seed_8,wm040_ws060_we000,lm080_ls020_le000,lm060_ls040_le000,0,0.19963632702685763,0.2370348737716975,0.03739854674483986
v2,baseline,rough_seed_15,rough_seed_8,wm040_ws040_we020,lm080_ls020_le000,lm060_ls040_le000,0,0.13425019216796522,0.15918591417573377,0.024935722007768557
v2,baseline,rough_seed_15,rough_seed_8,wm040_ws020_we040,lm100_ls000_le000,lm000_ls080_le020,0,0.11883651661357011,0.20886445301360498,0.09002793640003487
v2,baseline,rough_seed_15,rough_seed_8,wm040_ws000_we060,lm100_ls000_le000,lm000_ls080_le020,0,0.06917092370212191,0.3118837660338696,0.24271284233174767
v2,baseline,rough_seed_15,rough_seed_8,wm020_ws080_we000,lm080_ls020_le000,lm000_ls060_le040,0,0.16906897526761827,0.31565248424444475,0.14658350897682648
v2,baseline,rough_seed_15,rough_seed_8,wm020_ws060_we020,lm080_ls020_le000,lm020_ls040_le040,0,0.13665082942840379,0.23780352464848092,0.10115269522007714
v2,baseline,rough_seed_15,rough_seed_8,wm020_ws040_we040,lm040_ls060_le000,lm060_ls040_le000,0,0.19653083135451732,0.21558916601836708,0.019058334663849763
v2,baseline,rough_seed_15,rough_seed_8,wm020_ws020_we060,lm040_ls060_le000,lm000_ls080_le020,0,0.11849408629821308,0.29236195494282713,0.17386786864461407
v2,baseline,rough_seed_15,rough_seed_8,wm020_ws000_we080,lm040_ls060_le000,lm000_ls080_le020,0,0.034585461851060956,0.388405600874172,0.35382013902311105
v2,baseline,rough_seed_15,rough_seed_8,wm000_ws100_we000,lm080_ls020_le000,lm000_ls040_le060,0,0.0,0.39427009471719193,0.39427009471719193
v2,baseline,rough_seed_15,rough_seed_8,wm000_ws080_we020,lm080_ls020_le000,lm000_ls040_le060,0,0.0837719963357539,0.3164211351212282,0.23264913878547433
v2,baseline,rough_seed_15,rough_seed_8,wm000_ws060_we040,lm080_ls020_le000,lm000_ls040_le060,0,0.1675439926715078,0.23857217552526436,0.07102818285375656
v2,baseline,rough_seed_15,rough_seed_8,wm000_ws040_we060,lm040_ls060_le000,lm000_ls080_le020,0,0.23630331196571208,0.29341970923002536,0.05711639726431328
v2,baseline,rough_seed_15,rough_seed_8,wm000_ws020_we080,lm040_ls060_le000,lm000_ls080_le020,0,0.11815165598285604,0.38946335516137015,0.2713116991785141
v2,baseline,rough_seed_15,rough_seed_8,wm000_ws000_we100,lm040_ls060_le000,lm000_ls080_le020,0,0.0,0.4855070010927149,0.4855070010927149
v2,baseline,rough_seed_15,rough_seed_8,balanced,lm080_ls020_le000,lm060_ls040_le000,0,0.16401860528735004,0.1708802257107565,0.0068616204234064615
v2,baseline,rough_seed_15,rough_seed_8,motion,lm080_ls020_le000,lm040_ls060_le000,0,0.08084593725688764,0.08490973854555747,0.00406380128866983
v2,baseline,rough_seed_15,rough_seed_8,stability,lm080_ls020_le000,lm000_ls040_le060,0,0.15212206927972094,0.27692016716565865,0.12479809788593771
v2,baseline,rough_seed_15,rough_seed_8,energy,lm040_ls060_le000,lm000_ls080_le020,0,0.08887056472365981,0.340648216480299,0.25177765175663924
v2,baseline,rough_seed_0,rough_seed_17,wm100_ws000_we000,lm060_ls040_le000,lm080_ls020_le000,0,0.0,0.09024376691188865,0.09024376691188865
v2,baseline,rough_seed_0,rough_seed_17,wm080_ws020_we000,lm100_ls000_le000,lm100_ls000_le000,1,0.1321155908798785,0.1321155908798785,0.0
v2,baseline,rough_seed_0,rough_seed_17,wm080_ws000_we020,lm100_ls000_le000,lm060_ls040_le000,0,0.07240453062202368,0.08495760887929187,0.012553078257268188
v2,baseline,rough_seed_0,rough_seed_17,wm060_ws040_we000,lm100_ls000_le000,lm100_ls000_le000,1,0.26317972620432023,0.26317972620432023,0.0
v2,baseline,rough_seed_0,rough_seed_17,wm060_ws020_we020,lm100_ls000_le000,lm100_ls000_le000,1,0.13190529976879115,0.13190529976879115,0.0
v2,baseline,rough_seed_0,rough_seed_17,wm060_ws000_we040,lm100_ls000_le000,lm060_ls040_le000,0,0.0545652943321587,0.0637182066594689,0.009152912327310199
v2,baseline,rough_seed_0,rough_seed_17,wm040_ws060_we000,lm100_ls000_le000,lm060_ls000_le040,0,0.2718203446830262,0.3942438615287619,0.12242351684573571
v2,baseline,rough_seed_0,rough_seed_17,wm040_ws040_we020,lm100_ls000_le000,lm100_ls000_le000,1,0.26296943509323284,0.26296943509323284,0.0
v2,baseline,rough_seed_0,rough_seed_17,wm040_ws020_we040,lm100_ls000_le000,lm100_ls000_le000,1,0.13169500865770378,0.13169500865770378,0.0
v2,baseline,rough_seed_0,rough_seed_17,wm040_ws000_we060,lm100_ls000_le000,lm100_ls000_le000,1,0.04247880443964593,0.04247880443964593,0.0
v2,baseline,rough_seed_0,rough_seed_17,wm020_ws080_we000,lm100_ls000_le000,lm060_ls000_le040,0,0.1364945676812423,0.5253079968532036,0.3888134291719613
v2,baseline,rough_seed_0,rough_seed_17,wm020_ws060_we020,lm100_ls000_le000,lm000_ls060_le040,0,0.14786028400704418,0.39403357041767456,0.24617328641063038
v2,baseline,rough_seed_0,rough_seed_17,wm020_ws040_we040,lm100_ls000_le000,lm000_ls040_le060,0,0.2039002745098202,0.2627591439821455,0.0588588694723253
v2,baseline,rough_seed_0,rough_seed_17,wm020_ws020_we060,lm100_ls000_le000,lm100_ls000_le000,1,0.13148471754661642,0.13148471754661642,0.0
v2,baseline,rough_seed_0,rough_seed_17,wm020_ws000_we080,lm020_ls060_le020,lm100_ls000_le000,0,0.021239402219822966,0.15579260131820505,0.1345531990983821
v2,baseline,rough_seed_0,rough_seed_17,wm000_ws100_we000,lm060_ls000_le040,lm000_ls040_le060,0,0.0,0.11804785862529794,0.11804785862529794
v2,baseline,rough_seed_0,rough_seed_17,wm000_ws080_we020,lm100_ls000_le000,lm000_ls040_le060,0,0.09596386274592054,0.5250977057421163,0.4291338429961958
v2,baseline,rough_seed_0,rough_seed_17,wm000_ws060_we040,lm100_ls000_le000,lm000_ls040_le060,0,0.1919277254918411,0.39382327930658717,0.20189555381474608
v2,baseline,rough_seed_0,rough_seed_17,wm000_ws040_we060,lm100_ls000_le000,lm100_ls000_le000,1,0.26254885287105817,0.26254885287105817,0.0
v2,baseline,rough_seed_0,rough_seed_17,wm000_ws020_we080,lm020_ls060_le020,lm100_ls000_le000,0,0.13127442643552908,0.1612261890724971,0.029951762636968027
v2,baseline,rough_seed_0,rough_seed_17,wm000_ws000_we100,lm020_ls060_le020,lm100_ls000_le000,0,0.0,0.19360732621848759,0.19360732621848759
v2,baseline,rough_seed_0,rough_seed_17,balanced,lm100_ls000_le000,lm100_ls000_le000,1,0.21914119591102738,0.21914119591102738,0.0
v2,baseline,rough_seed_0,rough_seed_17,motion,lm100_ls000_le000,lm100_ls000_le000,1,0.09919183871545255,0.09919183871545255,0.0
v2,baseline,rough_seed_0,rough_seed_17,stability,lm100_ls000_le000,lm000_ls060_le040,0,0.11102447170949731,0.45961821085766724,0.34859373914816993
v2,baseline,rough_seed_0,rough_seed_17,energy,lm020_ls060_le020,lm100_ls000_le000,0,0.09861353815996232,0.13739102023696173,0.03877748207699941
v2,baseline,rough_seed_5,rough_seed_20,wm100_ws000_we000,lm100_ls000_le000,lm000_ls100_le000,0,0.0,0.07993338923685919,0.07993338923685919
v2,baseline,rough_seed_5,rough_seed_20,wm080_ws020_we000,lm080_ls000_le020,lm020_ls060_le020,0,0.1417892183131797,0.27443644792944527,0.13264722961626557
v2,baseline,rough_seed_5,rough_seed_20,wm080_ws000_we020,lm060_ls020_le020,lm060_ls040_le000,0,0.02538358769848591,0.22367514155563617,0.19829155385715025
v2,baseline,rough_seed_5,rough_seed_20,wm060_ws040_we000,lm000_ls060_le040,lm060_ls020_le020,0,0.24392489939300094,0.5582458178713383,0.3143209184783374
v2,baseline,rough_seed_5,rough_seed_20,wm060_ws020_we020,lm080_ls000_le020,lm020_ls060_le020,0,0.14147579821119285,0.20640353105376452,0.06492773284257167
v2,baseline,rough_seed_5,rough_seed_20,wm060_ws000_we040,lm060_ls020_le020,lm080_ls020_le000,0,0.04674099175401099,0.16804512044794367,0.12130412869393269
v2,baseline,rough_seed_5,rough_seed_20,wm040_ws060_we000,lm060_ls000_le040,lm060_ls020_le020,0,0.3645046502644354,0.39038708194951255,0.025882431685077145
v2,baseline,rough_seed_5,rough_seed_20,wm040_ws040_we020,lm040_ls020_le040,lm060_ls020_le020,0,0.2436028312879478,0.38907709013348174,0.14547425884553394
v2,baseline,rough_seed_5,rough_seed_20,wm040_ws020_we040,lm060_ls020_le020,lm060_ls020_le020,1,0.12270101231146018,0.12270101231146018,0.0
v2,baseline,rough_seed_5,rough_seed_20,wm040_ws000_we060,lm060_ls020_le020,lm000_ls080_le020,0,0.04853432683236005,0.1124150993402512,0.06388077250789115
v2,baseline,rough_seed_5,rough_seed_20,wm020_ws080_we000,lm020_ls020_le060,lm020_ls040_le040,0,0.18563973238387022,0.20294546926225,0.017305736878379774
v2,baseline,rough_seed_5,rough_seed_20,wm020_ws060_we020,lm000_ls040_le060,lm020_ls040_le040,0,0.1868755992148271,0.2029422784832257,0.01606667926839861
v2,baseline,rough_seed_5,rough_seed_20,wm020_ws040_we040,lm000_ls060_le040,lm000_ls040_le060,0,0.20388455696645139,0.4062619843559012,0.20237742738944983
v2,baseline,rough_seed_5,rough_seed_20,wm020_ws020_we060,lm060_ls020_le020,lm060_ls020_le020,1,0.12237894420640703,0.12237894420640703,0.0
v2,baseline,rough_seed_5,rough_seed_20,wm020_ws000_we080,lm060_ls020_le020,lm020_ls060_le020,0,0.031655430300672395,0.09388169521922028,0.06222626491854789
v2,baseline,rough_seed_5,rough_seed_20,wm000_ws100_we000,lm000_ls000_le100,lm000_ls040_le060,0,0.0,0.18069268083781717,0.18069268083781717
v2,baseline,rough_seed_5,rough_seed_20,wm000_ws080_we020,lm000_ls040_le060,lm000_ls040_le060,1,0.0951701268057946,0.0951701268057946,0.0
v2,baseline,rough_seed_5,rough_seed_20,wm000_ws060_we040,lm000_ls040_le060,lm000_ls040_le060,1,0.1903402536115892,0.1903402536115892,0.0
v2,baseline,rough_seed_5,rough_seed_20,wm000_ws040_we060,lm080_ls000_le020,lm060_ls020_le020,0,0.2429586950778415,0.2543950464743043,0.011436351396462763
v2,baseline,rough_seed_5,rough_seed_20,wm000_ws020_we080,lm060_ls020_le020,lm060_ls020_le020,1,0.12205687610135389,0.12205687610135389,0.0
v2,baseline,rough_seed_5,rough_seed_20,wm000_ws000_we100,lm060_ls020_le020,lm020_ls060_le020,0,0.0,0.11666076961149235,0.11666076961149235
v2,baseline,rough_seed_5,rough_seed_20,balanced,lm000_ls060_le040,lm060_ls020_le020,0,0.2031948689274342,0.34008582535595366,0.13689095642851945
v2,baseline,rough_seed_5,rough_seed_20,motion,lm080_ls000_le020,lm100_ls000_le000,0,0.10753027817181889,0.24017169904288022,0.13264142087106134
v2,baseline,rough_seed_5,rough_seed_20,stability,lm000_ls040_le060,lm020_ls040_le040,0,0.14056170513887578,0.15220670886241927,0.01164500372354349
v2,baseline,rough_seed_5,rough_seed_20,energy,lm060_ls020_le020,lm060_ls020_le020,1,0.09207297243602183,0.09207297243602183,0.0
v2,baseline,rough_seed_11,rough_seed_4,wm100_ws000_we000,lm080_ls020_le000,lm100_ls000_le000,0,0.0,0.1055186360505593,0.1055186360505593
v2,baseline,rough_seed_11,rough_seed_4,wm080_ws020_we000,lm020_ls080_le000,lm080_ls020_le000,0,0.19936358426270173,0.7283839396067534,0.5290203553440517
v2,baseline,rough_seed_11,rough_seed_4,wm080_ws000_we020,lm020_ls080_le000,lm100_ls000_le000,0,0.19931779513940673,0.7289988036554621,0.5296810085160554
v2,baseline,rough_seed_11,rough_seed_4,wm060_ws040_we000,lm020_ls080_le000,lm080_ls020_le000,0,0.3976824295546058,0.546287954705065,0.14860552515045916
v2,baseline,rough_seed_11,rough_seed_4,wm060_ws020_we020,lm020_ls080_le000,lm100_ls000_le000,0,0.20397344351623176,0.5469028187537736,0.3429293752375418
v2,baseline,rough_seed_11,rough_seed_4,wm060_ws000_we040,lm020_ls080_le000,lm100_ls000_le000,0,0.39863559027881346,0.5475176828024823,0.1488820925236688
v2,baseline,rough_seed_11,rough_seed_4,wm040_ws060_we000,lm020_ls080_le000,lm020_ls080_le000,1,0.3641919698033767,0.3641919698033767,0.0
v2,baseline,rough_seed_11,rough_seed_4,wm040_ws040_we020,lm020_ls080_le000,lm020_ls080_le000,1,0.36480683385208534,0.36480683385208534,0.0
v2,baseline,rough_seed_11,rough_seed_4,wm040_ws020_we040,lm020_ls080_le000,lm020_ls080_le000,1,0.36542169790079404,0.36542169790079404,0.0
v2,baseline,rough_seed_11,rough_seed_4,wm040_ws000_we060,lm060_ls040_le000,lm020_ls080_le000,0,0.36603656194950274,0.655530479426856,0.2894939174773533
v2,baseline,rough_seed_11,rough_seed_4,wm020_ws080_we000,lm000_ls100_le000,lm020_ls080_le000,0,0.18209598490168835,0.20211183563441315,0.0200158507327248
v2,baseline,rough_seed_11,rough_seed_4,wm020_ws060_we020,lm000_ls100_le000,lm020_ls080_le000,0,0.18271084895039702,0.20208387672580985,0.019373027775412832
v2,baseline,rough_seed_11,rough_seed_4,wm020_ws040_we040,lm000_ls100_le000,lm020_ls080_le000,0,0.1833257129991057,0.20205591781720658,0.018730204818100893
v2,baseline,rough_seed_11,rough_seed_4,wm020_ws020_we060,lm020_ls080_le000,lm020_ls080_le000,1,0.1881067373023103,0.1881067373023103,0.0
v2,baseline,rough_seed_11,rough_seed_4,wm020_ws000_we080,lm060_ls040_le000,lm000_ls100_le000,0,0.202,0.8730664906016244,0.6710664906016244
v2,baseline,rough_seed_11,rough_seed_4,wm000_ws100_we000,lm000_ls100_le000,lm020_ls080_le000,0,0.0,0.01411924884465801,0.01411924884465801
v2,baseline,rough_seed_11,rough_seed_4,wm000_ws080_we020,lm000_ls100_le000,lm000_ls100_le000,1,0.011295399075726409,0.011295399075726409,0.0
v2,baseline,rough_seed_11,rough_seed_4,wm000_ws060_we040,lm000_ls100_le000,lm000_ls100_le000,1,0.008471549306794807,0.008471549306794807,0.0
v2,baseline,rough_seed_11,rough_seed_4,wm000_ws040_we060,lm000_ls100_le000,lm000_ls100_le000,1,0.0056476995378632044,0.0056476995378632044,0.0
v2,baseline,rough_seed_11,rough_seed_4,wm000_ws020_we080,lm000_ls100_le000,lm000_ls100_le000,1,0.0028238497689316022,0.0028238497689316022,0.0
v2,baseline,rough_seed_11,rough_seed_4,wm000_ws000_we100,lm000_ls100_le000,lm000_ls100_le000,1,0.0,0.0,0.0
v2,baseline,rough_seed_11,rough_seed_4,balanced,lm020_ls080_le000,lm020_ls080_le000,1,0.30451808158399496,0.30451808158399496,0.0
v2,baseline,rough_seed_11,rough_seed_4,motion,lm020_ls080_le000,lm100_ls000_le000,0,0.1529800826371738,0.6377970951924405,0.48481701255526677
v2,baseline,rough_seed_11,rough_seed_4,stability,lm000_ls100_le000,lm020_ls080_le000,0,0.13703313671279774,0.15159785618011148,0.014564719467313747
v2,baseline,rough_seed_11,rough_seed_4,energy,lm020_ls080_le000,lm000_ls100_le000,0,0.15152096918145247,0.21870663912620325,0.06718566994475078
v2,baseline,rough_seed_4,rough_seed_6,wm100_ws000_we000,lm080_ls020_le000,lm080_ls020_le000,1,0.0,0.0,0.0
v2,baseline,rough_seed_4,rough_seed_6,wm080_ws020_we000,lm020_ls080_le000,lm020_ls080_le000,1,0.10360034889211242,0.10360034889211242,0.0
v2,baseline,rough_seed_4,rough_seed_6,wm080_ws000_we020,lm100_ls000_le000,lm020_ls080_le000,0,0.048722039426145156,3.8053961673795125,3.7566741279533673
v2,baseline,rough_seed_4,rough_seed_6,wm060_ws040_we000,lm000_ls080_le020,lm020_ls080_le000,0,0.20660147188439923,19.43842428222095,19.23182281033655
v2,baseline,rough_seed_4,rough_seed_6,wm060_ws020_we020,lm020_ls080_le000,lm020_ls080_le000,1,0.10378509043238345,0.10378509043238345,0.0
v2,baseline,rough_seed_4,rough_seed_6,wm060_ws000_we040,lm100_ls000_le000,lm020_ls080_le000,0,0.06188605302759792,2.8561422880281584,2.7942562350005606
v2,baseline,rough_seed_4,rough_seed_6,wm040_ws060_we000,lm040_ls020_le040,lm020_ls080_le000,0,0.309602594876686,17.096882911027013,16.787280316150326
v2,baseline,rough_seed_4,rough_seed_6,wm040_ws040_we020,lm000_ls080_le020,lm020_ls080_le000,0,0.20678621342467027,12.964161974344442,12.757375760919771
v2,baseline,rough_seed_4,rough_seed_6,wm040_ws020_we040,lm020_ls080_le000,lm020_ls080_le000,1,0.10396983197265448,0.10396983197265448,0.0
v2,baseline,rough_seed_4,rough_seed_6,wm040_ws000_we060,lm100_ls000_le000,lm060_ls040_le000,0,0.07715621077958547,1.9068884086768052,1.8297321978972196
v2,baseline,rough_seed_4,rough_seed_6,wm020_ws080_we000,lm020_ls040_le040,lm000_ls100_le000,0,0.202,9.226654961185451,9.024654961185451
v2,baseline,rough_seed_4,rough_seed_6,wm020_ws060_we020,lm000_ls060_le040,lm000_ls100_le000,0,0.202,9.0072090230443,8.8052090230443
v2,baseline,rough_seed_4,rough_seed_6,wm020_ws040_we040,lm000_ls080_le020,lm000_ls100_le000,0,0.202,6.489899666467934,6.287899666467934
v2,baseline,rough_seed_4,rough_seed_6,wm020_ws020_we060,lm020_ls080_le000,lm020_ls080_le000,1,0.10415457351292551,0.10415457351292551,0.0
v2,baseline,rough_seed_4,rough_seed_6,wm020_ws000_we080,lm100_ls000_le000,lm060_ls040_le000,0,0.09965119434704378,0.9576345293254513,0.8579833349784076
v2,baseline,rough_seed_4,rough_seed_6,wm000_ws100_we000,lm040_ls000_le060,lm000_ls100_le000,0,0.0,2.405577838386419,2.405577838386419
v2,baseline,rough_seed_4,rough_seed_6,wm000_ws080_we020,lm040_ls000_le060,lm000_ls100_le000,0,0.0,1.933699002601937,1.933699002601937
v2,baseline,rough_seed_4,rough_seed_6,wm000_ws060_we040,lm040_ls000_le060,lm000_ls100_le000,0,0.0,1.8801104037620413,1.8801104037620413
v2,baseline,rough_seed_4,rough_seed_6,wm000_ws040_we060,lm000_ls080_le020,lm000_ls100_le000,0,0.0,1.4391989839487012,1.4391989839487012
v2,baseline,rough_seed_4,rough_seed_6,wm000_ws020_we080,lm020_ls080_le000,lm000_ls100_le000,0,0.0,0.12407403466027889,0.12407403466027889
v2,baseline,rough_seed_4,rough_seed_6,wm000_ws000_we100,lm100_ls000_le000,lm000_ls100_le000,0,0.0,0.8464456473838523,0.8464456473838523
v2,baseline,rough_seed_4,rough_seed_6,balanced,lm000_ls080_le020,lm020_ls080_le000,0,0.17257566678742198,10.807422649801916,10.634846983014494
v2,baseline,rough_seed_4,rough_seed_6,motion,lm020_ls080_le000,lm020_ls080_le000,1,0.07798862429924398,0.07798862429924398,0.0
v2,baseline,rough_seed_4,rough_seed_6,stability,lm000_ls060_le040,lm000_ls100_le000,0,0.1515,6.757311689210857,6.6058116892108565
v2,baseline,rough_seed_4,rough_seed_6,energy,lm040_ls060_le000,lm020_ls080_le000,0,0.10852703925210863,0.4598526719225745,0.3513256326704659
v2,baseline,rough_seed_25,rough_seed_6,wm100_ws000_we000,lm080_ls020_le000,lm100_ls000_le000,0,0.0,0.033274517716205085,0.033274517716205085
v2,baseline,rough_seed_25,rough_seed_6,wm080_ws020_we000,lm020_ls080_le000,lm080_ls000_le020,0,0.12533871318045423,0.1824377803008253,0.05709906712037108
v2,baseline,rough_seed_25,rough_seed_6,wm080_ws000_we020,lm100_ls000_le000,lm100_ls000_le000,1,0.015800089386051264,0.015800089386051264,0.0
v2,baseline,rough_seed_25,rough_seed_6,wm060_ws040_we000,lm000_ls080_le020,lm040_ls040_le020,0,0.14365801486556262,0.2281934281715864,0.08453541330602377
v2,baseline,rough_seed_25,rough_seed_6,wm060_ws020_we020,lm020_ls080_le000,lm080_ls000_le020,0,0.09463197959606273,0.18416272954009344,0.08953074994403071
v2,baseline,rough_seed_25,rough_seed_6,wm060_ws000_we040,lm100_ls000_le000,lm100_ls000_le000,1,0.03160017877210253,0.03160017877210253,0.0
v2,baseline,rough_seed_25,rough_seed_6,wm040_ws060_we000,lm040_ls020_le040,lm040_ls020_le040,1,0.14300978688508584,0.14300978688508584,0.0
v2,baseline,rough_seed_25,rough_seed_6,wm040_ws040_we020,lm000_ls080_le020,lm040_ls040_le020,0,0.10179164621421029,0.33179944201335765,0.23000779579914737
v2,baseline,rough_seed_25,rough_seed_6,wm040_ws020_we040,lm020_ls080_le000,lm080_ls000_le020,0,0.0901187931790877,0.3655110829477507,0.275392289768663
v2,baseline,rough_seed_25,rough_seed_6,wm040_ws000_we060,lm100_ls000_le000,lm100_ls000_le000,1,0.04740026815815378,0.04740026815815378,0.0
v2,baseline,rough_seed_25,rough_seed_6,wm020_ws080_we000,lm020_ls040_le040,lm060_ls000_le040,0,0.07853022180055476,0.30220588244620145,0.2236756606456467
v2,baseline,rough_seed_25,rough_seed_6,wm020_ws060_we020,lm000_ls060_le040,lm040_ls040_le020,0,0.15166508730912093,0.2475799712160032,0.09591488390688227
v2,baseline,rough_seed_25,rough_seed_6,wm020_ws040_we040,lm000_ls080_le020,lm040_ls040_le020,0,0.10148226669681978,0.659603791255677,0.5581215245588572
v2,baseline,rough_seed_25,rough_seed_6,wm020_ws020_we060,lm020_ls080_le000,lm040_ls040_le020,0,0.05129944608451861,0.5468594363554078,0.49555999027088915
v2,baseline,rough_seed_25,rough_seed_6,wm020_ws000_we080,lm100_ls000_le000,lm100_ls000_le000,1,0.06320035754420505,0.06320035754420505,0.0
v2,baseline,rough_seed_25,rough_seed_6,wm000_ws100_we000,lm040_ls000_le060,lm060_ls000_le040,0,0.0,1.6971490464358463,1.6971490464358463
v2,baseline,rough_seed_25,rough_seed_6,wm000_ws080_we020,lm040_ls000_le060,lm060_ls000_le040,0,0.15795342125440343,1.359411975878127,1.2014585546237235
v2,baseline,rough_seed_25,rough_seed_6,wm000_ws060_we040,lm040_ls000_le060,lm040_ls040_le020,0,0.15135570779173044,1.0216749053204073,0.8703191975286768
v2,baseline,rough_seed_25,rough_seed_6,wm000_ws040_we060,lm000_ls080_le020,lm040_ls040_le020,0,0.1011728871794293,0.9874081404979962,0.8862352533185669
v2,baseline,rough_seed_25,rough_seed_6,wm000_ws020_we080,lm020_ls080_le000,lm040_ls040_le020,0,0.06572393126688088,0.7282077897630652,0.6624838584961843
v2,baseline,rough_seed_25,rough_seed_6,wm000_ws000_we100,lm100_ls000_le000,lm020_ls000_le080,0,0.0,0.0790004469302563,0.0790004469302563
v2,baseline,rough_seed_25,rough_seed_6,balanced,lm000_ls080_le020,lm040_ls040_le020,0,0.08496091283764638,0.5501568008844621,0.46519588804681566
v2,baseline,rough_seed_25,rough_seed_6,motion,lm020_ls080_le000,lm080_ls000_le020,0,0.10990658261383564,0.13844021655843017,0.02853363394459453
v2,baseline,rough_seed_25,rough_seed_6,stability,lm000_ls060_le040,lm060_ls000_le040,0,0.11904821115219281,0.2875508313190515,0.16850262016685869
v2,baseline,rough_seed_25,rough_seed_6,energy,lm040_ls060_le000,lm040_ls040_le020,0,0.05779925412517968,0.418528845520666,0.3607295913954863
v2,baseline,rough_seed_12,rough_seed_4,wm100_ws000_we000,lm080_ls020_le000,lm100_ls000_le000,0,0.0,0.04025001642554341,0.04025001642554341
v2,baseline,rough_seed_12,rough_seed_4,wm080_ws020_we000,lm020_ls080_le000,lm100_ls000_le000,0,0.202,0.46661040157976363,0.2646104015797636
v2,baseline,rough_seed_12,rough_seed_4,wm080_ws000_we020,lm020_ls080_le000,lm100_ls000_le000,0,0.0,0.46720999338503577,0.46720999338503577
v2,baseline,rough_seed_12,rough_seed_4,wm060_ws040_we000,lm020_ls080_le000,lm100_ls000_le000,0,0.404,0.5343575020822832,0.13035750208228314
v2,baseline,rough_seed_12,rough_seed_4,wm060_ws020_we020,lm020_ls080_le000,lm100_ls000_le000,0,0.202,0.35384274008335664,0.15184274008335663
v2,baseline,rough_seed_12,rough_seed_4,wm060_ws000_we040,lm020_ls080_le000,lm100_ls000_le000,0,0.0,0.6554750467472544,0.6554750467472544
v2,baseline,rough_seed_12,rough_seed_4,wm040_ws060_we000,lm020_ls080_le000,lm040_ls040_le020,0,0.404,0.7986650766141106,0.39466507661411054
v2,baseline,rough_seed_12,rough_seed_4,wm040_ws040_we020,lm020_ls080_le000,lm080_ls000_le020,0,0.3697303579644351,0.5364369009584391,0.166706542994004
v2,baseline,rough_seed_12,rough_seed_4,wm040_ws020_we040,lm020_ls080_le000,lm100_ls000_le000,0,0.202,0.6569548538181382,0.4549548538181382
v2,baseline,rough_seed_12,rough_seed_4,wm040_ws000_we060,lm060_ls040_le000,lm100_ls000_le000,0,0.0,0.7380245928602397,0.7380245928602397
v2,baseline,rough_seed_12,rough_seed_4,wm020_ws080_we000,lm000_ls100_le000,lm040_ls040_le020,0,0.202,1.4291355920613915,1.2271355920613916
v2,baseline,rough_seed_12,rough_seed_4,wm020_ws060_we020,lm000_ls100_le000,lm040_ls040_le020,0,0.20341142477832982,1.0763059790679481,0.8728945542896183
v2,baseline,rough_seed_12,rough_seed_4,wm020_ws040_we040,lm000_ls100_le000,lm040_ls040_le020,0,0.2871078052226233,0.8487077846345906,0.5615999794119673
v2,baseline,rough_seed_12,rough_seed_4,wm020_ws020_we060,lm020_ls080_le000,lm100_ls000_le000,0,0.202,0.9818212006824513,0.7798212006824512
v2,baseline,rough_seed_12,rough_seed_4,wm020_ws000_we080,lm060_ls040_le000,lm100_ls000_le000,0,0.0,0.9830400820728059,0.9830400820728059
v2,baseline,rough_seed_12,rough_seed_4,wm000_ws100_we000,lm000_ls100_le000,lm040_ls040_le020,0,0.0,1.78495163893553,1.78495163893553
v2,baseline,rough_seed_12,rough_seed_4,wm000_ws080_we020,lm000_ls100_le000,lm040_ls040_le020,0,0.14255390261131165,1.4321220259420868,1.2895681233307752
v2,baseline,rough_seed_12,rough_seed_4,wm000_ws060_we040,lm000_ls100_le000,lm040_ls040_le020,0,0.2851078052226233,1.0792924129486436,0.7941846077260204
v2,baseline,rough_seed_12,rough_seed_4,wm000_ws040_we060,lm000_ls100_le000,lm100_ls000_le000,0,0.404,1.2677656978815723,0.8637656978815723
v2,baseline,rough_seed_12,rough_seed_4,wm000_ws020_we080,lm000_ls100_le000,lm100_ls000_le000,0,0.202,1.6844633343406592,1.4824633343406592
v2,baseline,rough_seed_12,rough_seed_4,wm000_ws000_we100,lm000_ls100_le000,lm100_ls000_le000,0,0.0,2.1011609707997456,2.1011609707997456
v2,baseline,rough_seed_12,rough_seed_4,balanced,lm020_ls080_le000,lm100_ls000_le000,0,0.33666666666666667,0.5496526095772897,0.212985942910623
v2,baseline,rough_seed_12,rough_seed_4,motion,lm020_ls080_le000,lm100_ls000_le000,0,0.1515,0.4103764687828781,0.25887646878287807
v2,baseline,rough_seed_12,rough_seed_4,stability,lm000_ls100_le000,lm040_ls040_le020,0,0.15255856858374736,1.2534673940348435,1.1009088254510961
v2,baseline,rough_seed_12,rough_seed_4,energy,lm020_ls080_le000,lm100_ls000_le000,0,0.1515,1.143884422346887,0.992384422346887
v2,baseline,rough_seed_6,rough_seed_25,wm100_ws000_we000,lm100_ls000_le000,lm080_ls020_le000,0,0.0,0.019444788457276867,0.019444788457276867
v2,baseline,rough_seed_6,rough_seed_25,wm080_ws020_we000,lm080_ls000_le020,lm020_ls080_le000,0,0.11766906181740024,0.3095896639649515,0.1919206021475513
v2,baseline,rough_seed_6,rough_seed_25,wm080_ws000_we020,lm100_ls000_le000,lm100_ls000_le000,1,0.015555830765821493,0.015555830765821493,0.0
v2,baseline,rough_seed_6,rough_seed_25,wm060_ws040_we000,lm040_ls040_le020,lm000_ls080_le020,0,0.19513767175767274,0.2073530347886709,0.012215363030998155
v2,baseline,rough_seed_6,rough_seed_25,wm060_ws020_we020,lm080_ls000_le020,lm020_ls080_le000,0,0.11797135871125086,0.2345387515869164,0.11656739287566553
v2,baseline,rough_seed_6,rough_seed_25,wm060_ws000_we040,lm100_ls000_le000,lm100_ls000_le000,1,0.011666873074366119,0.011666873074366119,0.0
v2,baseline,rough_seed_6,rough_seed_25,wm040_ws060_we000,lm040_ls020_le040,lm040_ls020_le040,1,0.2293649881458,0.2293649881458,0.0
v2,baseline,rough_seed_6,rough_seed_25,wm040_ws040_we020,lm040_ls040_le020,lm000_ls080_le020,0,0.17012522035353672,0.2081719925587776,0.038046772205240886
v2,baseline,rough_seed_6,rough_seed_25,wm040_ws020_we040,lm080_ls000_le020,lm020_ls080_le000,0,0.11827365560510147,0.3926505975716523,0.2743769419665508
v2,baseline,rough_seed_6,rough_seed_25,wm040_ws000_we060,lm100_ls000_le000,lm100_ls000_le000,1,0.007777915382910746,0.007777915382910746,0.0
v2,baseline,rough_seed_6,rough_seed_25,wm020_ws080_we000,lm060_ls000_le040,lm020_ls040_le040,0,0.1209861865983622,0.18003022535705915,0.059044038758696946
v2,baseline,rough_seed_6,rough_seed_25,wm020_ws060_we020,lm040_ls040_le020,lm000_ls060_le040,0,0.12434206404501243,0.31016904684215274,0.18582698279714033
v2,baseline,rough_seed_6,rough_seed_25,wm020_ws040_we040,lm040_ls040_le020,lm000_ls080_le020,0,0.16995024233665781,0.3038349204988112,0.1338846781621534
v2,baseline,rough_seed_6,rough_seed_25,wm020_ws020_we060,lm040_ls040_le020,lm020_ls080_le000,0,0.12027080222910068,0.45338344179874235,0.33311263956964166
v2,baseline,rough_seed_6,rough_seed_25,wm020_ws000_we080,lm100_ls000_le000,lm100_ls000_le000,1,0.003888957691455373,0.003888957691455373,0.0
v2,baseline,rough_seed_6,rough_seed_25,wm000_ws100_we000,lm060_ls000_le040,lm040_ls000_le060,0,0.0,0.22353298150209222,0.22353298150209222
v2,baseline,rough_seed_6,rough_seed_25,wm000_ws080_we020,lm060_ls000_le040,lm040_ls000_le060,0,0.09912048199041387,0.3058267335627472,0.20670625157233333
v2,baseline,rough_seed_6,rough_seed_25,wm000_ws060_we040,lm040_ls040_le020,lm040_ls000_le060,0,0.19824096398082774,0.31098800461225945,0.1127470406314317
v2,baseline,rough_seed_6,rough_seed_25,wm000_ws040_we060,lm040_ls040_le020,lm000_ls080_le020,0,0.1697752643197789,0.4537281797179994,0.2839529153982205
v2,baseline,rough_seed_6,rough_seed_25,wm000_ws020_we080,lm040_ls040_le020,lm020_ls080_le000,0,0.15985324492759392,0.6032767010179306,0.44342345609033673
v2,baseline,rough_seed_6,rough_seed_25,wm000_ws000_we100,lm020_ls000_le080,lm100_ls000_le000,0,0.0,3.194522537725481,3.194522537725481
v2,baseline,rough_seed_6,rough_seed_25,balanced,lm040_ls040_le020,lm000_ls080_le020,0,0.14215729902371685,0.2537555881193294,0.11159828909561256
v2,baseline,rough_seed_6,rough_seed_25,motion,lm080_ls000_le020,lm020_ls080_le000,0,0.08859164973868289,0.27212768047962155,0.18353603074093866
v2,baseline,rough_seed_6,rough_seed_25,stability,lm060_ls000_le040,lm000_ls060_le040,0,0.09338578569369428,0.23049425007226482,0.13710846437857055
v2,baseline,rough_seed_6,rough_seed_25,energy,lm040_ls040_le020,lm040_ls060_le000,0,0.12272412383380095,0.5282438869285222,0.40551976309472126
v2,baseline,rough_seed_29,rough_seed_18,wm100_ws000_we000,lm000_ls100_le000,lm100_ls000_le000,0,0.0,0.5188786915160138,0.5188786915160138
v2,baseline,rough_seed_29,rough_seed_18,wm080_ws020_we000,lm000_ls100_le000,lm100_ls000_le000,0,0.14138735532087288,0.41587935652571684,0.27449200120484396
v2,baseline,rough_seed_29,rough_seed_18,wm080_ws000_we020,lm000_ls100_le000,lm060_ls040_le000,0,0.14965890669506476,0.4163201407354142,0.2666612340403494
v2,baseline,rough_seed_29,rough_seed_18,wm060_ws040_we000,lm000_ls100_le000,lm060_ls040_le000,0,0.11272705211836323,0.3128800215354198,0.2001529694170566
v2,baseline,rough_seed_29,rough_seed_18,wm060_ws020_we020,lm000_ls100_le000,lm060_ls040_le000,0,0.11292156873340709,0.31332080574511717,0.20039923701171009
v2,baseline,rough_seed_29,rough_seed_18,wm060_ws000_we040,lm000_ls100_le000,lm060_ls040_le000,0,0.14200604974727948,0.3137615899548145,0.17175554020753503
v2,baseline,rough_seed_29,rough_seed_18,wm040_ws060_we000,lm040_ls040_le020,lm040_ls060_le000,0,0.13756749512136274,0.5293684282623878,0.3918009331410251
v2,baseline,rough_seed_29,rough_seed_18,wm040_ws040_we020,lm000_ls100_le000,lm040_ls060_le000,0,0.0931073823940256,0.2103214707548202,0.11721408836079458
v2,baseline,rough_seed_29,rough_seed_18,wm040_ws020_we040,lm000_ls100_le000,lm060_ls040_le000,0,0.1421403411008057,0.24870324799365065,0.10656290689284495
v2,baseline,rough_seed_29,rough_seed_18,wm040_ws000_we060,lm000_ls100_le000,lm080_ls020_le000,0,0.16486487709146663,0.37086278446365983,0.2059979073721932
v2,baseline,rough_seed_29,rough_seed_18,wm020_ws080_we000,lm040_ls040_le020,lm080_ls020_le000,0,0.08163235807027222,0.7024912376831838,0.6208588796129115
v2,baseline,rough_seed_29,rough_seed_18,wm020_ws060_we020,lm040_ls040_le020,lm080_ls020_le000,0,0.08216574505391296,0.5276268949297022,0.4454611498757892
v2,baseline,rough_seed_29,rough_seed_18,wm020_ws040_we040,lm000_ls100_le000,lm080_ls020_le000,0,0.1085524118644407,0.24845216874909898,0.13989975688465828
v2,baseline,rough_seed_29,rough_seed_18,wm020_ws020_we060,lm000_ls100_le000,lm080_ls020_le000,0,0.1624244972121547,0.37061170521910813,0.20818720800695342
v2,baseline,rough_seed_29,rough_seed_18,wm020_ws000_we080,lm000_ls100_le000,lm080_ls000_le020,0,0.09221328900858783,0.4927712416891174,0.40055795268052957
v2,baseline,rough_seed_29,rough_seed_18,wm000_ws100_we000,lm040_ls040_le020,lm080_ls020_le000,0,0.0,0.8756140471039797,0.8756140471039797
v2,baseline,rough_seed_29,rough_seed_18,wm000_ws080_we020,lm040_ls040_le020,lm080_ls020_le000,0,0.05387208534771405,0.7007497043504981,0.6468776190027841
v2,baseline,rough_seed_29,rough_seed_18,wm000_ws060_we040,lm040_ls040_le020,lm080_ls020_le000,0,0.1077441706954281,0.5258853615970164,0.4181411909015883
v2,baseline,rough_seed_29,rough_seed_18,wm000_ws040_we060,lm000_ls100_le000,lm080_ls020_le000,0,0.16161625604314211,0.37036062597455643,0.20874436993141432
v2,baseline,rough_seed_29,rough_seed_18,wm000_ws020_we080,lm000_ls100_le000,lm040_ls040_le020,0,0.17615667609005298,0.4925201624445657,0.3163634863545127
v2,baseline,rough_seed_29,rough_seed_18,wm000_ws000_we100,lm000_ls100_le000,lm080_ls000_le020,0,0.0,0.6146796989145749,0.6146796989145749
v2,baseline,rough_seed_29,rough_seed_18,balanced,lm000_ls100_le000,lm060_ls040_le000,0,0.11886945728956978,0.20789970942213032,0.08903025213256054
v2,baseline,rough_seed_29,rough_seed_18,motion,lm000_ls100_le000,lm060_ls040_le000,0,0.13124160856047495,0.3647102771878413,0.23346866862736637
v2,baseline,rough_seed_29,rough_seed_18,stability,lm040_ls040_le020,lm080_ls020_le000,0,0.06162430879043471,0.6146236829732715,0.5529993741828368
v2,baseline,rough_seed_29,rough_seed_18,energy,lm000_ls100_le000,lm080_ls000_le020,0,0.15218475214610336,0.4316287036429748,0.2794439514968714
v2,baseline,rough_seed_18,rough_seed_8,wm100_ws000_we000,lm080_ls020_le000,lm000_ls100_le000,0,0.0,0.8004797674529002,0.8004797674529002
v2,baseline,rough_seed_18,rough_seed_8,wm080_ws020_we000,lm080_ls020_le000,lm000_ls100_le000,0,0.202,1.1939475236811807,0.9919475236811808
v2,baseline,rough_seed_18,rough_seed_8,wm080_ws000_we020,lm100_ls000_le000,lm000_ls100_le000,0,0.0,0.5343276184312944,0.5343276184312944
v2,baseline,rough_seed_18,rough_seed_8,wm060_ws040_we000,lm080_ls020_le000,lm000_ls100_le000,0,0.404,2.3799695051103527,1.9759695051103527
v2,baseline,rough_seed_18,rough_seed_8,wm060_ws020_we020,lm080_ls020_le000,lm000_ls100_le000,0,0.202,1.1970244811537374,0.9950244811537374
v2,baseline,rough_seed_18,rough_seed_8,wm060_ws000_we040,lm100_ls000_le000,lm000_ls100_le000,0,0.0,0.9074544984912123,0.9074544984912123
v2,baseline,rough_seed_18,rough_seed_8,wm040_ws060_we000,lm080_ls020_le000,lm040_ls040_le020,0,0.404,3.5659914865395246,3.1619914865395247
v2,baseline,rough_seed_18,rough_seed_8,wm040_ws040_we020,lm080_ls020_le000,lm000_ls100_le000,0,0.404,2.383046462582909,1.9790464625829092
v2,baseline,rough_seed_18,rough_seed_8,wm040_ws020_we040,lm100_ls000_le000,lm000_ls100_le000,0,0.202,3.6885489563534506,3.4865489563534506
v2,baseline,rough_seed_18,rough_seed_8,wm040_ws000_we060,lm100_ls000_le000,lm000_ls100_le000,0,0.0,1.357902943606415,1.357902943606415
v2,baseline,rough_seed_18,rough_seed_8,wm020_ws080_we000,lm080_ls020_le000,lm040_ls040_le020,0,0.202,4.7520134679686965,4.5500134679686965
v2,baseline,rough_seed_18,rough_seed_8,wm020_ws060_we020,lm080_ls020_le000,lm040_ls040_le020,0,0.20400000000000001,3.5690684440120815,3.3650684440120813
v2,baseline,rough_seed_18,rough_seed_8,wm020_ws040_we040,lm040_ls060_le000,lm000_ls100_le000,0,0.404,2.028169694002627,1.6241696940026271
v2,baseline,rough_seed_18,rough_seed_8,wm020_ws020_we060,lm040_ls060_le000,lm000_ls100_le000,0,0.202,1.0200797411387732,0.8180797411387732
v2,baseline,rough_seed_18,rough_seed_8,wm020_ws000_we080,lm040_ls060_le000,lm000_ls100_le000,0,0.0,1.149563657652659,1.149563657652659
v2,baseline,rough_seed_18,rough_seed_8,wm000_ws100_we000,lm080_ls020_le000,lm040_ls040_le020,0,0.0,5.938035449397868,5.938035449397868
v2,baseline,rough_seed_18,rough_seed_8,wm000_ws080_we020,lm080_ls020_le000,lm040_ls040_le020,0,0.202,4.755090425441253,4.553090425441253
v2,baseline,rough_seed_18,rough_seed_8,wm000_ws060_we040,lm080_ls020_le000,lm040_ls040_le020,0,0.404,3.572145401484638,3.168145401484638
v2,baseline,rough_seed_18,rough_seed_8,wm000_ws040_we060,lm040_ls060_le000,lm000_ls100_le000,0,0.404,2.03039957909493,1.62639957909493
v2,baseline,rough_seed_18,rough_seed_8,wm000_ws020_we080,lm040_ls060_le000,lm000_ls100_le000,0,0.202,1.1589588544827778,0.9569588544827778
v2,baseline,rough_seed_18,rough_seed_8,wm000_ws000_we100,lm040_ls060_le000,lm000_ls100_le000,0,0.0,1.4361870100893968,1.4361870100893968
v2,baseline,rough_seed_18,rough_seed_8,balanced,lm080_ls020_le000,lm000_ls100_le000,0,0.33666666666666667,1.989757107088223,1.6530904404215563
v2,baseline,rough_seed_18,rough_seed_8,motion,lm080_ls020_le000,lm000_ls100_le000,0,0.1515,0.8997497464283054,0.7482497464283054
v2,baseline,rough_seed_18,rough_seed_8,stability,lm080_ls020_le000,lm040_ls040_le020,0,0.153,4.161310195358528,4.008310195358528
v2,baseline,rough_seed_18,rough_seed_8,energy,lm040_ls060_le000,lm000_ls100_le000,0,0.1515,1.0132983790568793,0.8617983790568793
v2,baseline,rough_seed_10,rough_seed_7,wm100_ws000_we000,lm100_ls000_le000,lm060_ls040_le000,0,0.0,0.010046092519815277,0.010046092519815277
v2,baseline,rough_seed_10,rough_seed_7,wm080_ws020_we000,lm080_ls020_le000,lm080_ls020_le000,1,0.08934336145439944,0.08934336145439944,0.0
v2,baseline,rough_seed_10,rough_seed_7,wm080_ws000_we020,lm000_ls100_le000,lm100_ls000_le000,0,0.027364594489203167,0.20228840358578873,0.17492380909658556
v2,baseline,rough_seed_10,rough_seed_7,wm060_ws040_we000,lm080_ls020_le000,lm080_ls000_le020,0,0.14676191603588556,0.1781136510344807,0.03135173499859514
v2,baseline,rough_seed_10,rough_seed_7,wm060_ws020_we020,lm000_ls100_le000,lm080_ls020_le000,0,0.0892287470795358,0.21501832723964567,0.12578958016010988
v2,baseline,rough_seed_10,rough_seed_7,wm060_ws000_we040,lm040_ls040_le020,lm080_ls020_le000,0,0.034728155583680434,0.17617956778404967,0.14145141220036922
v2,baseline,rough_seed_10,rough_seed_7,wm040_ws060_we000,lm080_ls020_le000,lm020_ls040_le040,0,0.16231085368994616,0.26688394061456194,0.10457308692461578
v2,baseline,rough_seed_10,rough_seed_7,wm040_ws040_we020,lm020_ls080_le000,lm060_ls020_le020,0,0.12180717067211369,0.19862521002713074,0.07681803935501705
v2,baseline,rough_seed_10,rough_seed_7,wm040_ws020_we040,lm040_ls020_le040,lm080_ls020_le000,0,0.08911413270467218,0.23756562555475022,0.14845149285007803
v2,baseline,rough_seed_10,rough_seed_7,wm040_ws000_we060,lm040_ls020_le040,lm080_ls020_le000,0,0.023152103722453625,0.3547668991559802,0.33161479543352657
v2,baseline,rough_seed_10,rough_seed_7,wm020_ws080_we000,lm000_ls060_le040,lm040_ls000_le060,0,0.1536555874161028,0.23327306648642793,0.07961747907032513
v2,baseline,rough_seed_10,rough_seed_7,wm020_ws060_we020,lm000_ls060_le040,lm040_ls000_le060,0,0.11657912054015335,0.17642249343411098,0.059843372893957636
v2,baseline,rough_seed_10,rough_seed_7,wm020_ws040_we040,lm000_ls040_le060,lm060_ls020_le020,0,0.12152862557147921,0.3934082843694949,0.2718796587980157
v2,baseline,rough_seed_10,rough_seed_7,wm020_ws020_we060,lm040_ls020_le040,lm060_ls020_le020,0,0.08034740809800486,0.35463320617729815,0.2742857980792933
v2,baseline,rough_seed_10,rough_seed_7,wm020_ws000_we080,lm020_ls020_le060,lm080_ls020_le000,0,0.011576051861226812,0.9316326186237811,0.9200565667625543
v2,baseline,rough_seed_10,rough_seed_7,wm000_ws100_we000,lm020_ls020_le060,lm000_ls000_le100,0,0.0,0.2487256712868509,0.2487256712868509
v2,baseline,rough_seed_10,rough_seed_7,wm000_ws080_we020,lm020_ls020_le060,lm040_ls000_le060,0,0.15383036034486472,0.23463179560537317,0.08080143526050845
v2,baseline,rough_seed_10,rough_seed_7,wm000_ws060_we040,lm020_ls020_le060,lm020_ls040_le040,0,0.16205962348791028,0.46680096080196565,0.3047413373140554
v2,baseline,rough_seed_10,rough_seed_7,wm000_ws040_we060,lm020_ls020_le060,lm060_ls020_le020,0,0.12125008047084473,0.6989701259985581,0.5777200455277134
v2,baseline,rough_seed_10,rough_seed_7,wm000_ws020_we080,lm020_ls020_le060,lm080_ls020_le000,0,0.08888490395494492,0.9311392911951506,0.8422543872402057
v2,baseline,rough_seed_10,rough_seed_7,wm000_ws000_we100,lm020_ls020_le060,lm080_ls020_le000,0,0.0,1.1633084563917429,1.1633084563917429
v2,baseline,rough_seed_10,rough_seed_7,balanced,lm000_ls060_le040,lm060_ls020_le020,0,0.10172382780129385,0.21598131893110312,0.11425749112980926
v2,baseline,rough_seed_10,rough_seed_7,motion,lm000_ls100_le000,lm080_ls020_le000,0,0.06706482827823138,0.16147098828036532,0.09440616000213395
v2,baseline,rough_seed_10,rough_seed_7,stability,lm020_ls020_le060,lm040_ls000_le060,0,0.13516104721031855,0.1769594998776979,0.04179845266737936
v2,baseline,rough_seed_10,rough_seed_7,energy,lm020_ls020_le060,lm080_ls020_le000,0,0.0667496387473564,0.8154247041683271,0.7486750654209707
v2,baseline,rough_seed_8,rough_seed_18,wm100_ws000_we000,lm000_ls100_le000,lm080_ls020_le000,0,0.0,1.346892903551887,1.346892903551887
v2,baseline,rough_seed_8,rough_seed_18,wm080_ws020_we000,lm000_ls100_le000,lm080_ls020_le000,0,0.0,1.0804328939729466,1.0804328939729466
v2,baseline,rough_seed_8,rough_seed_18,wm080_ws000_we020,lm000_ls100_le000,lm100_ls000_le000,0,0.19353713450553464,1.0828417495306537,0.889304615025119
v2,baseline,rough_seed_8,rough_seed_18,wm060_ws040_we000,lm000_ls100_le000,lm080_ls020_le000,0,0.0,0.8139728843940062,0.8139728843940062
v2,baseline,rough_seed_8,rough_seed_18,wm060_ws020_we020,lm000_ls100_le000,lm080_ls020_le000,0,0.202,0.8163817399517135,0.6143817399517135
v2,baseline,rough_seed_8,rough_seed_18,wm060_ws000_we040,lm000_ls100_le000,lm100_ls000_le000,0,0.14579154770560013,1.0841415351886319,0.9383499874830318
v2,baseline,rough_seed_8,rough_seed_18,wm040_ws060_we000,lm040_ls040_le020,lm080_ls020_le000,0,0.0,1.1597675600024997,1.1597675600024997
v2,baseline,rough_seed_8,rough_seed_18,wm040_ws040_we020,lm000_ls100_le000,lm080_ls020_le000,0,0.202,0.600213024560417,0.398213024560417
v2,baseline,rough_seed_8,rough_seed_18,wm040_ws020_we040,lm000_ls100_le000,lm100_ls000_le000,0,0.2039774900562017,1.0843929916595703,0.8804155016033686
v2,baseline,rough_seed_8,rough_seed_18,wm040_ws000_we060,lm000_ls100_le000,lm100_ls000_le000,0,0.155775685865156,1.619544516131701,1.463768830266545
v2,baseline,rough_seed_8,rough_seed_18,wm020_ws080_we000,lm040_ls040_le020,lm080_ls020_le000,0,0.0,0.6005905295238166,0.6005905295238166
v2,baseline,rough_seed_8,rough_seed_18,wm020_ws060_we020,lm040_ls040_le020,lm080_ls020_le000,0,0.202,0.5841987512493458,0.3821987512493458
v2,baseline,rough_seed_8,rough_seed_18,wm020_ws040_we040,lm000_ls100_le000,lm040_ls060_le000,0,0.2822873187860389,1.0846444481305084,0.8023571293444696
v2,baseline,rough_seed_8,rough_seed_18,wm020_ws020_we060,lm000_ls100_le000,lm040_ls060_le000,0,0.2033875609840893,1.6197959726026394,1.41640841161855
v2,baseline,rough_seed_8,rough_seed_18,wm020_ws000_we080,lm000_ls100_le000,lm040_ls060_le000,0,0.202,2.15494749707477,1.9529474970747702
v2,baseline,rough_seed_8,rough_seed_18,wm000_ws100_we000,lm040_ls040_le020,lm080_ls020_le000,0,0.0,0.7435887175898936,0.7435887175898936
v2,baseline,rough_seed_8,rough_seed_18,wm000_ws080_we020,lm040_ls040_le020,lm080_ls020_le000,0,0.202,0.5969772659608331,0.3949772659608331
v2,baseline,rough_seed_8,rough_seed_18,wm000_ws060_we040,lm040_ls040_le020,lm080_ls020_le000,0,0.404,0.4503658143317725,0.04636581433177245
v2,baseline,rough_seed_8,rough_seed_18,wm000_ws040_we060,lm000_ls100_le000,lm040_ls060_le000,0,0.2802873187860389,1.6200474290735776,1.3397601102875387
v2,baseline,rough_seed_8,rough_seed_18,wm000_ws020_we080,lm000_ls100_le000,lm040_ls060_le000,0,0.14014365939301945,2.155198953545708,2.0150552941526887
v2,baseline,rough_seed_8,rough_seed_18,wm000_ws000_we100,lm000_ls100_le000,lm040_ls060_le000,0,0.0,2.690350478017839,2.690350478017839
v2,baseline,rough_seed_8,rough_seed_18,balanced,lm000_ls100_le000,lm080_ls020_le000,0,0.33666666666666667,0.9060929689925059,0.5694263023258392
v2,baseline,rough_seed_8,rough_seed_18,motion,lm000_ls100_le000,lm080_ls020_le000,0,0.1515,0.9490095308517567,0.7975095308517567
v2,baseline,rough_seed_8,rough_seed_18,stability,lm040_ls040_le020,lm080_ls020_le000,0,0.1515,0.5263814878185404,0.37488148781854047
v2,baseline,rough_seed_8,rough_seed_18,energy,lm000_ls100_le000,lm040_ls060_le000,0,0.15254067073806696,1.8874345989564392,1.7348939282183722
v2,baseline,rough_seed_22,rough_seed_20,wm100_ws000_we000,lm100_ls000_le000,lm100_ls000_le000,1,0.0,0.0,0.0
v2,baseline,rough_seed_22,rough_seed_20,wm080_ws020_we000,lm080_ls000_le020,lm080_ls020_le000,0,0.20006500496469343,0.2470702201791855,0.04700521521449208
v2,baseline,rough_seed_22,rough_seed_20,wm080_ws000_we020,lm060_ls020_le020,lm080_ls020_le000,0,0.20101420328297948,0.26979701925848315,0.06878281597550367
v2,baseline,rough_seed_22,rough_seed_20,wm060_ws040_we000,lm000_ls060_le040,lm080_ls000_le020,0,0.2735163768252158,0.6932267691062576,0.4197103922810418
v2,baseline,rough_seed_22,rough_seed_20,wm060_ws020_we020,lm080_ls000_le020,lm080_ls000_le020,1,0.1937066002379729,0.1937066002379729,0.0
v2,baseline,rough_seed_22,rough_seed_20,wm060_ws000_we040,lm060_ls020_le020,lm040_ls040_le020,0,0.31479697927604194,0.4065204043551879,0.09172342507914594
v2,baseline,rough_seed_22,rough_seed_20,wm040_ws060_we000,lm060_ls000_le040,lm040_ls040_le020,0,0.28199113945944504,0.5089785403597464,0.2269874009003014
v2,baseline,rough_seed_22,rough_seed_20,wm040_ws040_we020,lm040_ls020_le040,lm040_ls040_le020,0,0.21132834276331575,0.404,0.19267165723668428
v2,baseline,rough_seed_22,rough_seed_20,wm040_ws020_we040,lm060_ls020_le020,lm040_ls040_le020,0,0.2357043500852413,0.40724863904297587,0.17154428895773458
v2,baseline,rough_seed_22,rough_seed_20,wm040_ws000_we060,lm060_ls020_le020,lm040_ls040_le020,0,0.3511394110587184,0.6081234630524234,0.256984051993705
v2,baseline,rough_seed_22,rough_seed_20,wm020_ws080_we000,lm020_ls020_le060,lm040_ls020_le040,0,0.202,0.3236708468231667,0.1216708468231667
v2,baseline,rough_seed_22,rough_seed_20,wm020_ws060_we020,lm000_ls040_le060,lm040_ls020_le040,0,0.202,0.3343276396584846,0.1323276396584846
v2,baseline,rough_seed_22,rough_seed_20,wm020_ws040_we040,lm000_ls060_le040,lm040_ls020_le040,0,0.202,0.2329979987527633,0.030997998752763295
v2,baseline,rough_seed_22,rough_seed_20,wm020_ws020_we060,lm060_ls020_le020,lm040_ls020_le040,0,0.202,0.6088516977402114,0.4068516977402114
v2,baseline,rough_seed_22,rough_seed_20,wm020_ws000_we080,lm060_ls020_le020,lm040_ls020_le040,0,0.202,0.809726521749659,0.607726521749659
v2,baseline,rough_seed_22,rough_seed_20,wm000_ws100_we000,lm000_ls000_le100,lm040_ls020_le040,0,0.0,0.29575601260210443,0.29575601260210443
v2,baseline,rough_seed_22,rough_seed_20,wm000_ws080_we020,lm000_ls040_le060,lm040_ls020_le040,0,0.0,0.23157034899308748,0.23157034899308748
v2,baseline,rough_seed_22,rough_seed_20,wm000_ws060_we040,lm000_ls040_le060,lm040_ls020_le040,0,0.0,0.46085473905892016,0.46085473905892016
v2,baseline,rough_seed_22,rough_seed_20,wm000_ws040_we060,lm080_ls000_le020,lm040_ls020_le040,0,0.0,0.5743007158726567,0.5743007158726567
v2,baseline,rough_seed_22,rough_seed_20,wm000_ws020_we080,lm060_ls020_le020,lm040_ls020_le040,0,0.0,0.810454756437447,0.810454756437447
v2,baseline,rough_seed_22,rough_seed_20,wm000_ws000_we100,lm060_ls020_le020,lm040_ls020_le040,0,0.0,1.0113295804468945,1.0113295804468945
v2,baseline,rough_seed_22,rough_seed_20,balanced,lm000_ls060_le040,lm040_ls040_le020,0,0.1971901720469265,0.3866176269576322,0.1894274549107057
v2,baseline,rough_seed_22,rough_seed_20,motion,lm080_ls000_le020,lm080_ls020_le000,0,0.15225662001664353,0.21743319458260005,0.06517657456595652
v2,baseline,rough_seed_22,rough_seed_20,stability,lm000_ls040_le060,lm040_ls020_le040,0,0.1515,0.25131721947567714,0.09981721947567715
v2,baseline,rough_seed_22,rough_seed_20,energy,lm060_ls020_le020,lm040_ls020_le040,0,0.1515,0.7094711684168822,0.5579711684168822
v2,baseline,rough_seed_20,rough_seed_22,wm100_ws000_we000,lm100_ls000_le000,lm100_ls000_le000,1,0.0,0.0,0.0
v2,baseline,rough_seed_20,rough_seed_22,wm080_ws020_we000,lm080_ls020_le000,lm080_ls000_le020,0,0.13983830255512691,0.2020229131434221,0.06218461058829519
v2,baseline,rough_seed_20,rough_seed_22,wm080_ws000_we020,lm080_ls020_le000,lm060_ls020_le020,0,0.11704548225463766,0.19531175604458687,0.0782662737899492
v2,baseline,rough_seed_20,rough_seed_22,wm060_ws040_we000,lm080_ls000_le020,lm000_ls060_le040,0,0.24433196216768818,0.27818702727073447,0.033855065103046283
v2,baseline,rough_seed_20,rough_seed_22,wm060_ws020_we020,lm080_ls000_le020,lm080_ls000_le020,1,0.1403382198920136,0.1403382198920136,0.0
v2,baseline,rough_seed_20,rough_seed_22,wm060_ws000_we040,lm040_ls040_le020,lm060_ls020_le020,0,0.08778411169097824,0.3917097001650549,0.3039255884740767
v2,baseline,rough_seed_20,rough_seed_22,wm040_ws060_we000,lm040_ls040_le020,lm060_ls000_le040,0,0.17869299841877725,0.5380071819926647,0.35931418357388745
v2,baseline,rough_seed_20,rough_seed_22,wm040_ws040_we020,lm040_ls040_le020,lm040_ls020_le040,0,0.17907722385018984,0.3608215399789814,0.18174431612879158
v2,baseline,rough_seed_20,rough_seed_22,wm040_ws020_we040,lm040_ls040_le020,lm060_ls020_le020,0,0.14740178057620767,0.3931595639187345,0.24575778334252685
v2,baseline,rough_seed_20,rough_seed_22,wm040_ws000_we060,lm040_ls040_le020,lm060_ls020_le020,0,0.05852274112731883,0.5867555464391582,0.5282328053118394
v2,baseline,rough_seed_20,rough_seed_22,wm020_ws080_we000,lm040_ls020_le040,lm020_ls020_le060,0,0.11310902285421955,0.2787846166781312,0.16567559382391167
v2,baseline,rough_seed_20,rough_seed_22,wm020_ws060_we020,lm040_ls020_le040,lm000_ls040_le060,0,0.13288250138278854,0.21089246386964233,0.0780099624868538
v2,baseline,rough_seed_20,rough_seed_22,wm020_ws040_we040,lm040_ls020_le040,lm000_ls060_le040,0,0.23106394800204005,0.3226270936548514,0.09156314565281137
v2,baseline,rough_seed_20,rough_seed_22,wm020_ws020_we060,lm040_ls020_le040,lm060_ls020_le020,0,0.14711206403597343,0.48212890558612626,0.3350168415501528
v2,baseline,rough_seed_20,rough_seed_22,wm020_ws000_we080,lm040_ls020_le040,lm060_ls020_le020,0,0.029261370563659416,0.6416307175174011,0.6123693469537417
v2,baseline,rough_seed_20,rough_seed_22,wm000_ws100_we000,lm040_ls020_le040,lm000_ls000_le100,0,0.0,0.3473909479433597,0.3473909479433597
v2,baseline,rough_seed_20,rough_seed_22,wm000_ws080_we020,lm040_ls020_le040,lm000_ls040_le060,0,0.13186603356993973,0.2794987951348708,0.14763276156493108
v2,baseline,rough_seed_20,rough_seed_22,wm000_ws060_we040,lm040_ls020_le040,lm000_ls040_le060,0,0.26313549822812504,0.3224431381986226,0.05930763997049754
v2,baseline,rough_seed_20,rough_seed_22,wm000_ws040_we060,lm040_ls020_le040,lm080_ls000_le020,0,0.27968677928139446,0.48194495012989735,0.2022581708485029
v2,baseline,rough_seed_20,rough_seed_22,wm000_ws020_we080,lm040_ls020_le040,lm060_ls020_le020,0,0.1468223474957392,0.6414467620611722,0.49462441456543305
v2,baseline,rough_seed_20,rough_seed_22,wm000_ws000_we100,lm040_ls020_le040,lm060_ls020_le020,0,0.0,0.800948573992447,0.800948573992447
v2,baseline,rough_seed_20,rough_seed_22,balanced,lm040_ls040_le020,lm000_ls060_le040,0,0.19321935599181445,0.3291108576631531,0.13589150167133868
v2,baseline,rough_seed_20,rough_seed_22,motion,lm080_ls020_le000,lm080_ls000_le020,0,0.10694108219214375,0.15297021367550298,0.04602913148335923
v2,baseline,rough_seed_20,rough_seed_22,stability,lm040_ls020_le040,lm000_ls040_le060,0,0.09981101826503001,0.24501708488807164,0.14520606662304164
v2,baseline,rough_seed_20,rough_seed_22,energy,lm040_ls020_le040,lm060_ls020_le020,0,0.11033404802698005,0.5618338226877064,0.4514997746607264
v2,baseline,rough_seed_28,rough_seed_20,wm100_ws000_we000,lm100_ls000_le000,lm100_ls000_le000,1,0.0,0.0,0.0
v2,baseline,rough_seed_28,rough_seed_20,wm080_ws020_we000,lm080_ls000_le020,lm060_ls040_le000,0,0.1146957681023558,0.8066936107376871,0.6919978426353313
v2,baseline,rough_seed_28,rough_seed_20,wm080_ws000_we020,lm060_ls020_le020,lm040_ls060_le000,0,0.1381960569614601,0.7801033352008441,0.641907278239384
v2,baseline,rough_seed_28,rough_seed_20,wm060_ws040_we000,lm000_ls060_le040,lm000_ls100_le000,0,0.1429474122250408,1.6477903100540339,1.5048428978289932
v2,baseline,rough_seed_28,rough_seed_20,wm060_ws020_we020,lm080_ls000_le020,lm040_ls060_le000,0,0.13900721162283114,0.7055887100643246,0.5665814984414934
v2,baseline,rough_seed_28,rough_seed_20,wm060_ws000_we040,lm060_ls020_le020,lm000_ls100_le000,0,0.1433606109671207,1.28972877866961,1.1463681677024895
v2,baseline,rough_seed_28,rough_seed_20,wm040_ws060_we000,lm060_ls000_le040,lm000_ls100_le000,0,0.09529827481669385,2.309419855607286,2.214121580790592
v2,baseline,rough_seed_28,rough_seed_20,wm040_ws040_we020,lm040_ls020_le040,lm000_ls100_le000,0,0.09550487418773382,1.3410733993161448,1.245568525128411
v2,baseline,rough_seed_28,rough_seed_20,wm040_ws020_we040,lm060_ls020_le020,lm000_ls100_le000,0,0.09571147355877377,1.2896115723432227,1.1939000987844488
v2,baseline,rough_seed_28,rough_seed_20,wm040_ws000_we060,lm060_ls020_le020,lm000_ls100_le000,0,0.09591807292981373,1.9298051297429144,1.8338870568131007
v2,baseline,rough_seed_28,rough_seed_20,wm020_ws080_we000,lm020_ls020_le060,lm000_ls100_le000,0,0.04764913740834693,4.168763230539147,4.1211140931308
v2,baseline,rough_seed_28,rough_seed_20,wm020_ws060_we020,lm000_ls040_le060,lm000_ls100_le000,0,0.047855736779386884,2.7076951139949292,2.659839377215542
v2,baseline,rough_seed_28,rough_seed_20,wm020_ws040_we040,lm000_ls060_le040,lm000_ls100_le000,0,0.04806233615042684,1.6484904868016712,1.6004281506512443
v2,baseline,rough_seed_28,rough_seed_20,wm020_ws020_we060,lm060_ls020_le020,lm000_ls100_le000,0,0.06307138306281337,1.929687923416527,1.8666165403537136
v2,baseline,rough_seed_28,rough_seed_20,wm020_ws000_we080,lm060_ls020_le020,lm000_ls100_le000,0,0.08393791953784904,2.5698814808162194,2.4859435612783702
v2,baseline,rough_seed_28,rough_seed_20,wm000_ws100_we000,lm000_ls000_le100,lm000_ls100_le000,0,0.0,9.935767327926113,9.935767327926113
v2,baseline,rough_seed_28,rough_seed_20,wm000_ws080_we020,lm000_ls040_le060,lm000_ls100_le000,0,0.020866536475035658,3.602092638137637,3.581226101662601
v2,baseline,rough_seed_28,rough_seed_20,wm000_ws060_we040,lm000_ls040_le060,lm000_ls100_le000,0,0.041733072950071316,2.71059330232085,2.668860229370779
v2,baseline,rough_seed_28,rough_seed_20,wm000_ws040_we060,lm080_ls000_le020,lm000_ls100_le000,0,0.06259960942510696,2.094773010719677,2.0321734012945702
v2,baseline,rough_seed_28,rough_seed_20,wm000_ws020_we080,lm060_ls020_le020,lm000_ls080_le020,0,0.05578563466491871,2.569764274489832,2.5139786398249133
v2,baseline,rough_seed_28,rough_seed_20,wm000_ws000_we100,lm060_ls020_le020,lm000_ls080_le020,0,0.0,3.2099578318895237,3.2099578318895237
v2,baseline,rough_seed_28,rough_seed_20,balanced,lm000_ls060_le040,lm000_ls100_le000,0,0.07975956129897814,1.376785606781457,1.297026045482479
v2,baseline,rough_seed_28,rough_seed_20,motion,lm080_ls000_le020,lm060_ls040_le000,0,0.11129953241408336,0.7105073919514305,0.5992078595373471
v2,baseline,rough_seed_28,rough_seed_20,stability,lm000_ls040_le060,lm000_ls100_le000,0,0.03589180258454017,3.154169328984803,3.118277526400263
v2,baseline,rough_seed_28,rough_seed_20,energy,lm060_ls020_le020,lm000_ls100_le000,0,0.0733867078909046,2.249755400534776,2.1763686926438712
v2,baseline,rough_seed_17,rough_seed_5,wm100_ws000_we000,lm000_ls100_le000,lm060_ls040_le000,0,0.0,0.16620916889500173,0.16620916889500173
v2,baseline,rough_seed_17,rough_seed_5,wm080_ws020_we000,lm020_ls060_le020,lm100_ls000_le000,0,0.019121629258464168,0.4748092660140784,0.45568763675561424
v2,baseline,rough_seed_17,rough_seed_5,wm080_ws000_we020,lm060_ls040_le000,lm100_ls000_le000,0,0.054388377686413254,0.20159016941577046,0.1472017917293572
v2,baseline,rough_seed_17,rough_seed_5,wm060_ws040_we000,lm060_ls020_le020,lm100_ls000_le000,0,0.03823813499831846,0.34033983538381674,0.3021017003854983
v2,baseline,rough_seed_17,rough_seed_5,wm060_ws020_we020,lm020_ls060_le020,lm100_ls000_le000,0,0.05457663546233065,0.3566069495105588,0.30203031404822817
v2,baseline,rough_seed_17,rough_seed_5,wm060_ws000_we040,lm080_ls020_le000,lm100_ls000_le000,0,0.10877163185421664,0.3389200244561494,0.23014839260193276
v2,baseline,rough_seed_17,rough_seed_5,wm040_ws060_we000,lm060_ls020_le020,lm100_ls000_le000,0,0.05735464073817274,0.41583347290690803,0.3584788321687353
v2,baseline,rough_seed_17,rough_seed_5,wm040_ws040_we020,lm060_ls020_le020,lm100_ls000_le000,0,0.05476489323824804,0.27878182911505006,0.22401693587680202
v2,baseline,rough_seed_17,rough_seed_5,wm040_ws020_we040,lm060_ls020_le020,lm100_ls000_le000,0,0.10895988963013403,0.22807160869984894,0.1191117190697149
v2,baseline,rough_seed_17,rough_seed_5,wm040_ws000_we060,lm000_ls080_le020,lm100_ls000_le000,0,0.16315488602202,0.2536556343459841,0.0905007483239641
v2,baseline,rough_seed_17,rough_seed_5,wm020_ws080_we000,lm020_ls040_le040,lm100_ls000_le000,0,0.07647114647802704,0.23564737505721203,0.159176228579185
v2,baseline,rough_seed_17,rough_seed_5,wm020_ws060_we020,lm020_ls040_le040,lm100_ls000_le000,0,0.05789207424109953,0.21461059255248083,0.15671851831138128
v2,baseline,rough_seed_17,rough_seed_5,wm020_ws040_we040,lm000_ls040_le060,lm100_ls000_le000,0,0.10914814740605142,0.9750819149662374,0.865933767560186
v2,baseline,rough_seed_17,rough_seed_5,wm020_ws020_we060,lm060_ls020_le020,lm100_ls000_le000,0,0.1633431437979374,0.2499387719410162,0.0865956281430788
v2,baseline,rough_seed_17,rough_seed_5,wm020_ws000_we080,lm020_ls060_le020,lm020_ls060_le020,1,0.11820231650351962,0.11820231650351962,0.0
v2,baseline,rough_seed_17,rough_seed_5,wm000_ws100_we000,lm000_ls040_le060,lm060_ls000_le040,0,0.0,2.026374537004292,2.026374537004292
v2,baseline,rough_seed_17,rough_seed_5,wm000_ws080_we020,lm000_ls040_le060,lm100_ls000_le000,0,0.07700857998095384,1.6258649746879197,1.5488563947069658
v2,baseline,rough_seed_17,rough_seed_5,wm000_ws060_we040,lm000_ls040_le060,lm100_ls000_le000,0,0.10933640518196881,1.225355412371547,1.1160190071895784
v2,baseline,rough_seed_17,rough_seed_5,wm000_ws040_we060,lm060_ls020_le020,lm100_ls000_le000,0,0.1635314015738548,0.27818677793342755,0.11465537635957276
v2,baseline,rough_seed_17,rough_seed_5,wm000_ws020_we080,lm060_ls020_le020,lm020_ls060_le020,0,0.202,0.3313110533444367,0.1293110533444367
v2,baseline,rough_seed_17,rough_seed_5,wm000_ws000_we100,lm020_ls060_le020,lm020_ls060_le020,1,0.0,0.0,0.0
v2,baseline,rough_seed_17,rough_seed_5,balanced,lm060_ls020_le020,lm100_ls000_le000,0,0.09095764342481116,0.23299877265416033,0.14204112922934917
v2,baseline,rough_seed_17,rough_seed_5,motion,lm100_ls000_le000,lm100_ls000_le000,1,0.040933757476400455,0.040933757476400455,0.0
v2,baseline,rough_seed_17,rough_seed_5,stability,lm020_ls040_le040,lm100_ls000_le000,0,0.06731596873529497,0.2074212466506062,0.14010527791531124
v2,baseline,rough_seed_17,rough_seed_5,energy,lm060_ls020_le020,lm020_ls060_le020,0,0.15237773997403603,0.2905622102859796,0.13818447031194359
v2,q10,rough_seed_13,rough_seed_18,wm100_ws000_we000,lm000_ls100_le000,lm100_ls000_le000,0,0.0,0.2552291007542472,0.2552291007542472
v2,q10,rough_seed_13,rough_seed_18,wm080_ws020_we000,lm000_ls100_le000,lm080_ls020_le000,0,0.1072576846278984,0.20425919712351995,0.09700151249562154
v2,q10,rough_seed_13,rough_seed_18,wm080_ws000_we020,lm000_ls100_le000,lm080_ls020_le000,0,0.1438770625572425,0.20580210013591646,0.06192503757867396
v2,q10,rough_seed_13,rough_seed_18,wm060_ws040_we000,lm000_ls100_le000,lm040_ls060_le000,0,0.12927293943228274,0.15328929349279266,0.02401635406050992
v2,q10,rough_seed_13,rough_seed_18,wm060_ws020_we020,lm000_ls100_le000,lm080_ls020_le000,0,0.1447740629231317,0.1650929017842347,0.020318838861103
v2,q10,rough_seed_13,rough_seed_18,wm060_ws000_we040,lm000_ls100_le000,lm020_ls060_le020,0,0.2618352378713939,0.3285177580484969,0.06668252017710302
v2,q10,rough_seed_13,rough_seed_18,wm040_ws060_we000,lm000_ls100_le000,lm040_ls060_le000,0,0.08618195962152184,0.10231938986206536,0.016137430240543524
v2,q10,rough_seed_13,rough_seed_18,wm040_ws040_we020,lm000_ls100_le000,lm040_ls060_le000,0,0.15610220709746428,0.16466341414444746,0.008561207046983182
v2,q10,rough_seed_13,rough_seed_18,wm040_ws020_we040,lm000_ls100_le000,lm040_ls020_le040,0,0.21776439638815032,0.32808827040870964,0.11032387402055932
v2,q10,rough_seed_13,rough_seed_18,wm040_ws000_we060,lm000_ls100_le000,lm060_ls000_le040,0,0.2248266004422157,0.49151312667297176,0.26668652623075606
v2,q10,rough_seed_13,rough_seed_18,wm020_ws080_we000,lm000_ls100_le000,lm040_ls060_le000,0,0.04309097981076092,0.051349486231338066,0.008258506420577148
v2,q10,rough_seed_13,rough_seed_18,wm020_ws060_we020,lm000_ls100_le000,lm040_ls060_le000,0,0.1556755637330013,0.1642339265046602,0.008558362771658917
v2,q10,rough_seed_13,rough_seed_18,wm020_ws040_we040,lm000_ls100_le000,lm020_ls000_le080,0,0.20263637541512522,0.3276587827689224,0.1250224073537972
v2,q10,rough_seed_13,rough_seed_18,wm020_ws020_we060,lm000_ls100_le000,lm040_ls000_le060,0,0.14776604966765258,0.4910836390331845,0.3433175893655319
v2,q10,rough_seed_13,rough_seed_18,wm020_ws000_we080,lm000_ls100_le000,lm040_ls000_le060,0,0.13532190971765484,0.6545084952974468,0.5191865855797919
v2,q10,rough_seed_13,rough_seed_18,wm000_ws100_we000,lm040_ls040_le020,lm040_ls060_le000,0,0.0,1.054620372950073,1.054620372950073
v2,q10,rough_seed_13,rough_seed_18,wm000_ws080_we020,lm000_ls100_le000,lm020_ls000_le080,0,0.12608753011067786,0.16380443886487295,0.03771690875419509
v2,q10,rough_seed_13,rough_seed_18,wm000_ws060_we040,lm000_ls100_le000,lm020_ls000_le080,0,0.09457327879809715,0.3272292951291352,0.23265601633103802
v2,q10,rough_seed_13,rough_seed_18,wm000_ws040_we060,lm000_ls100_le000,lm020_ls000_le080,0,0.06305902748551644,0.49065415139339724,0.4275951239078808
v2,q10,rough_seed_13,rough_seed_18,wm000_ws020_we080,lm000_ls100_le000,lm020_ls000_le080,0,0.03154477617293572,0.6540790076576596,0.6225342314847239
v2,q10,rough_seed_13,rough_seed_18,wm000_ws000_we100,lm000_ls100_le000,lm040_ls000_le060,0,0.0,0.8175038639219216,0.8175038639219216
v2,q10,rough_seed_13,rough_seed_18,balanced,lm000_ls100_le000,lm080_ls020_le000,0,0.2407611954219468,0.27347015577402645,0.03270896035207965
v2,q10,rough_seed_13,rough_seed_18,motion,lm000_ls100_le000,lm080_ls020_le000,0,0.10877888823607601,0.17993142256745365,0.07115253433137764
v2,q10,rough_seed_13,rough_seed_18,stability,lm000_ls100_le000,lm040_ls060_le000,0,0.11675667279975097,0.12327034052864783,0.00651366772889686
v2,q10,rough_seed_13,rough_seed_18,energy,lm000_ls100_le000,lm040_ls000_le060,0,0.11082453725073943,0.5726886952553688,0.4618641580046294
v2,q10,rough_seed_7,rough_seed_10,wm100_ws000_we000,lm060_ls040_le000,lm100_ls000_le000,0,0.0,0.05401712236914727,0.05401712236914727
v2,q10,rough_seed_7,rough_seed_10,wm080_ws020_we000,lm080_ls020_le000,lm080_ls020_le000,1,0.0800047950810735,0.0800047950810735,0.0
v2,q10,rough_seed_7,rough_seed_10,wm080_ws000_we020,lm100_ls000_le000,lm000_ls100_le000,0,0.13792513460456318,0.15589464010807672,0.017969505503513533
v2,q10,rough_seed_7,rough_seed_10,wm060_ws040_we000,lm080_ls000_le020,lm080_ls020_le000,0,0.15957924677669388,0.42680119533587574,0.26722194855918185
v2,q10,rough_seed_7,rough_seed_10,wm060_ws020_we020,lm080_ls020_le000,lm000_ls100_le000,0,0.13855825830360913,0.20304692405476407,0.06448866575115494
v2,q10,rough_seed_7,rough_seed_10,wm060_ws000_we040,lm080_ls020_le000,lm040_ls040_le020,0,0.19151342886230452,0.4042582060312719,0.21274477716896736
v2,q10,rough_seed_7,rough_seed_10,wm040_ws060_we000,lm020_ls040_le040,lm080_ls020_le000,0,0.23915369847231424,0.5512641654691575,0.3121104669968432
v2,q10,rough_seed_7,rough_seed_10,wm040_ws040_we020,lm060_ls020_le020,lm020_ls080_le000,0,0.18407690973964297,0.4061372063760146,0.2220602966363716
v2,q10,rough_seed_7,rough_seed_10,wm040_ws020_we040,lm080_ls020_le000,lm040_ls020_le040,0,0.18335006280574745,0.40496085537767346,0.221610792571926
v2,q10,rough_seed_7,rough_seed_10,wm040_ws000_we060,lm080_ls020_le000,lm040_ls020_le040,0,0.18218737676117047,0.6061721373541812,0.4239847605930107
v2,q10,rough_seed_7,rough_seed_10,wm020_ws080_we000,lm040_ls000_le060,lm000_ls060_le040,0,0.193752997998557,0.5914328492713202,0.39767985127276323
v2,q10,rough_seed_7,rough_seed_10,wm020_ws060_we020,lm040_ls000_le060,lm000_ls060_le040,0,0.14662411497341107,0.4453510096265524,0.2987268946531413
v2,q10,rough_seed_7,rough_seed_10,wm020_ws040_we040,lm060_ls020_le020,lm000_ls040_le060,0,0.193157007511989,0.40771239705801327,0.21455538954602427
v2,q10,rough_seed_7,rough_seed_10,wm020_ws020_we060,lm060_ls020_le020,lm040_ls020_le040,0,0.17038578739111646,0.5479213965079006,0.3775356091167842
v2,q10,rough_seed_7,rough_seed_10,wm020_ws000_we080,lm080_ls020_le000,lm020_ls020_le060,0,0.202,0.8080860686770907,0.6060860686770906
v2,q10,rough_seed_7,rough_seed_10,wm000_ws100_we000,lm000_ls000_le100,lm020_ls020_le060,0,0.0,0.8239371052500434,0.8239371052500434
v2,q10,rough_seed_7,rough_seed_10,wm000_ws080_we020,lm040_ls000_le060,lm020_ls020_le060,0,0.0,0.5914548634843438,0.5914548634843438
v2,q10,rough_seed_7,rough_seed_10,wm000_ws060_we040,lm020_ls040_le040,lm020_ls020_le060,0,0.0,0.5508988295960113,0.5508988295960113
v2,q10,rough_seed_7,rough_seed_10,wm000_ws040_we060,lm060_ls020_le020,lm020_ls020_le060,0,0.0,0.5496950386822334,0.5496950386822334
v2,q10,rough_seed_7,rough_seed_10,wm000_ws020_we080,lm080_ls020_le000,lm020_ls020_le060,0,0.0,0.8087887180234923,0.8087887180234923
v2,q10,rough_seed_7,rough_seed_10,wm000_ws000_we100,lm080_ls020_le000,lm020_ls020_le060,0,0.0,1.01,1.01
v2,q10,rough_seed_7,rough_seed_10,balanced,lm060_ls020_le020,lm000_ls060_le040,0,0.22386239429317928,0.3399484865584208,0.11608609226524153
v2,q10,rough_seed_7,rough_seed_10,motion,lm080_ls020_le000,lm000_ls100_le000,0,0.11065640030868305,0.15239277888743633,0.04173637857875327
v2,q10,rough_seed_7,rough_seed_10,stability,lm040_ls000_le060,lm020_ls020_le060,0,0.1515,0.5183974330021922,0.36689743300219224
v2,q10,rough_seed_7,rough_seed_10,energy,lm080_ls020_le000,lm020_ls020_le060,0,0.1515,0.7076560900254371,0.5561560900254371
v2,q10,rough_seed_15,rough_seed_8,wm100_ws000_we000,lm080_ls020_le000,lm040_ls060_le000,0,0.0,0.1193862776990456,0.1193862776990456
v2,q10,rough_seed_15,rough_seed_8,wm080_ws020_we000,lm080_ls020_le000,lm080_ls020_le000,1,0.0962897550200626,0.0962897550200626,0.0
v2,q10,rough_seed_15,rough_seed_8,wm080_ws000_we020,lm100_ls000_le000,lm020_ls060_le020,0,0.05259529022903838,0.1203603346357209,0.06776504440668252
v2,q10,rough_seed_15,rough_seed_8,wm060_ws040_we000,lm080_ls020_le000,lm060_ls040_le000,0,0.13357670966840973,0.1584172632989503,0.02484055363054058
v2,q10,rough_seed_15,rough_seed_8,wm060_ws020_we020,lm080_ls020_le000,lm060_ls040_le000,0,0.0989941531530156,0.10300095236783628,0.0040067992148206805
v2,q10,rough_seed_15,rough_seed_8,wm060_ws000_we040,lm100_ls000_le000,lm000_ls080_le020,0,0.10375638555318287,0.20841480839951776,0.10465842284633489
v2,q10,rough_seed_15,rough_seed_8,wm040_ws060_we000,lm080_ls020_le000,lm060_ls040_le000,0,0.19963632702685763,0.2370348737716975,0.03739854674483986
v2,q10,rough_seed_15,rough_seed_8,wm040_ws040_we020,lm080_ls020_le000,lm060_ls040_le000,0,0.13425019216796522,0.15918591417573377,0.024935722007768557
v2,q10,rough_seed_15,rough_seed_8,wm040_ws020_we040,lm100_ls000_le000,lm000_ls080_le020,0,0.11883651661357011,0.20886445301360498,0.09002793640003487
v2,q10,rough_seed_15,rough_seed_8,wm040_ws000_we060,lm100_ls000_le000,lm000_ls080_le020,0,0.06917092370212191,0.3118837660338696,0.24271284233174767
v2,q10,rough_seed_15,rough_seed_8,wm020_ws080_we000,lm080_ls020_le000,lm000_ls060_le040,0,0.16906897526761827,0.31565248424444475,0.14658350897682648
v2,q10,rough_seed_15,rough_seed_8,wm020_ws060_we020,lm080_ls020_le000,lm020_ls040_le040,0,0.13665082942840379,0.23780352464848092,0.10115269522007714
v2,q10,rough_seed_15,rough_seed_8,wm020_ws040_we040,lm040_ls060_le000,lm060_ls040_le000,0,0.19653083135451732,0.21558916601836708,0.019058334663849763
v2,q10,rough_seed_15,rough_seed_8,wm020_ws020_we060,lm040_ls060_le000,lm000_ls080_le020,0,0.11849408629821308,0.29236195494282713,0.17386786864461407
v2,q10,rough_seed_15,rough_seed_8,wm020_ws000_we080,lm040_ls060_le000,lm000_ls080_le020,0,0.034585461851060956,0.388405600874172,0.35382013902311105
v2,q10,rough_seed_15,rough_seed_8,wm000_ws100_we000,lm080_ls020_le000,lm000_ls040_le060,0,0.0,0.39427009471719193,0.39427009471719193
v2,q10,rough_seed_15,rough_seed_8,wm000_ws080_we020,lm080_ls020_le000,lm000_ls040_le060,0,0.0837719963357539,0.3164211351212282,0.23264913878547433
v2,q10,rough_seed_15,rough_seed_8,wm000_ws060_we040,lm080_ls020_le000,lm000_ls040_le060,0,0.1675439926715078,0.23857217552526436,0.07102818285375656
v2,q10,rough_seed_15,rough_seed_8,wm000_ws040_we060,lm040_ls060_le000,lm000_ls080_le020,0,0.23630331196571208,0.29341970923002536,0.05711639726431328
v2,q10,rough_seed_15,rough_seed_8,wm000_ws020_we080,lm040_ls060_le000,lm000_ls080_le020,0,0.11815165598285604,0.38946335516137015,0.2713116991785141
v2,q10,rough_seed_15,rough_seed_8,wm000_ws000_we100,lm040_ls060_le000,lm000_ls080_le020,0,0.0,0.4855070010927149,0.4855070010927149
v2,q10,rough_seed_15,rough_seed_8,balanced,lm080_ls020_le000,lm060_ls040_le000,0,0.16401860528735004,0.1708802257107565,0.0068616204234064615
v2,q10,rough_seed_15,rough_seed_8,motion,lm080_ls020_le000,lm040_ls060_le000,0,0.08084593725688764,0.08490973854555747,0.00406380128866983
v2,q10,rough_seed_15,rough_seed_8,stability,lm080_ls020_le000,lm000_ls040_le060,0,0.15212206927972094,0.27692016716565865,0.12479809788593771
v2,q10,rough_seed_15,rough_seed_8,energy,lm040_ls060_le000,lm000_ls080_le020,0,0.08887056472365981,0.340648216480299,0.25177765175663924
v2,q10,rough_seed_0,rough_seed_17,wm100_ws000_we000,lm060_ls040_le000,lm080_ls020_le000,0,0.0,0.09024376691188865,0.09024376691188865
v2,q10,rough_seed_0,rough_seed_17,wm080_ws020_we000,lm100_ls000_le000,lm100_ls000_le000,1,0.1321155908798785,0.1321155908798785,0.0
v2,q10,rough_seed_0,rough_seed_17,wm080_ws000_we020,lm100_ls000_le000,lm060_ls040_le000,0,0.07240453062202368,0.08495760887929187,0.012553078257268188
v2,q10,rough_seed_0,rough_seed_17,wm060_ws040_we000,lm100_ls000_le000,lm100_ls000_le000,1,0.26317972620432023,0.26317972620432023,0.0
v2,q10,rough_seed_0,rough_seed_17,wm060_ws020_we020,lm100_ls000_le000,lm100_ls000_le000,1,0.13190529976879115,0.13190529976879115,0.0
v2,q10,rough_seed_0,rough_seed_17,wm060_ws000_we040,lm100_ls000_le000,lm060_ls040_le000,0,0.0545652943321587,0.0637182066594689,0.009152912327310199
v2,q10,rough_seed_0,rough_seed_17,wm040_ws060_we000,lm100_ls000_le000,lm060_ls000_le040,0,0.2718203446830262,0.3942438615287619,0.12242351684573571
v2,q10,rough_seed_0,rough_seed_17,wm040_ws040_we020,lm100_ls000_le000,lm100_ls000_le000,1,0.26296943509323284,0.26296943509323284,0.0
v2,q10,rough_seed_0,rough_seed_17,wm040_ws020_we040,lm100_ls000_le000,lm100_ls000_le000,1,0.13169500865770378,0.13169500865770378,0.0
v2,q10,rough_seed_0,rough_seed_17,wm040_ws000_we060,lm100_ls000_le000,lm100_ls000_le000,1,0.04247880443964593,0.04247880443964593,0.0
v2,q10,rough_seed_0,rough_seed_17,wm020_ws080_we000,lm100_ls000_le000,lm060_ls000_le040,0,0.1364945676812423,0.5253079968532036,0.3888134291719613
v2,q10,rough_seed_0,rough_seed_17,wm020_ws060_we020,lm100_ls000_le000,lm000_ls060_le040,0,0.14786028400704418,0.39403357041767456,0.24617328641063038
v2,q10,rough_seed_0,rough_seed_17,wm020_ws040_we040,lm100_ls000_le000,lm000_ls040_le060,0,0.2039002745098202,0.2627591439821455,0.0588588694723253
v2,q10,rough_seed_0,rough_seed_17,wm020_ws020_we060,lm100_ls000_le000,lm100_ls000_le000,1,0.13148471754661642,0.13148471754661642,0.0
v2,q10,rough_seed_0,rough_seed_17,wm020_ws000_we080,lm020_ls060_le020,lm100_ls000_le000,0,0.021239402219822966,0.15579260131820505,0.1345531990983821
v2,q10,rough_seed_0,rough_seed_17,wm000_ws100_we000,lm060_ls000_le040,lm000_ls040_le060,0,0.0,0.11804785862529794,0.11804785862529794
v2,q10,rough_seed_0,rough_seed_17,wm000_ws080_we020,lm100_ls000_le000,lm000_ls040_le060,0,0.09596386274592054,0.5250977057421163,0.4291338429961958
v2,q10,rough_seed_0,rough_seed_17,wm000_ws060_we040,lm100_ls000_le000,lm000_ls040_le060,0,0.1919277254918411,0.39382327930658717,0.20189555381474608
v2,q10,rough_seed_0,rough_seed_17,wm000_ws040_we060,lm100_ls000_le000,lm100_ls000_le000,1,0.26254885287105817,0.26254885287105817,0.0
v2,q10,rough_seed_0,rough_seed_17,wm000_ws020_we080,lm020_ls060_le020,lm100_ls000_le000,0,0.13127442643552908,0.1612261890724971,0.029951762636968027
v2,q10,rough_seed_0,rough_seed_17,wm000_ws000_we100,lm020_ls060_le020,lm100_ls000_le000,0,0.0,0.19360732621848759,0.19360732621848759
v2,q10,rough_seed_0,rough_seed_17,balanced,lm100_ls000_le000,lm100_ls000_le000,1,0.21914119591102738,0.21914119591102738,0.0
v2,q10,rough_seed_0,rough_seed_17,motion,lm100_ls000_le000,lm100_ls000_le000,1,0.09919183871545255,0.09919183871545255,0.0
v2,q10,rough_seed_0,rough_seed_17,stability,lm100_ls000_le000,lm000_ls060_le040,0,0.11102447170949731,0.45961821085766724,0.34859373914816993
v2,q10,rough_seed_0,rough_seed_17,energy,lm020_ls060_le020,lm100_ls000_le000,0,0.09861353815996232,0.13739102023696173,0.03877748207699941
v2,q10,rough_seed_5,rough_seed_20,wm100_ws000_we000,lm100_ls000_le000,lm000_ls100_le000,0,0.0,0.07993338923685919,0.07993338923685919
v2,q10,rough_seed_5,rough_seed_20,wm080_ws020_we000,lm080_ls000_le020,lm020_ls060_le020,0,0.1417892183131797,0.27443644792944527,0.13264722961626557
v2,q10,rough_seed_5,rough_seed_20,wm080_ws000_we020,lm060_ls020_le020,lm060_ls040_le000,0,0.02538358769848591,0.22367514155563617,0.19829155385715025
v2,q10,rough_seed_5,rough_seed_20,wm060_ws040_we000,lm000_ls060_le040,lm060_ls020_le020,0,0.24392489939300094,0.5582458178713383,0.3143209184783374
v2,q10,rough_seed_5,rough_seed_20,wm060_ws020_we020,lm080_ls000_le020,lm020_ls060_le020,0,0.14147579821119285,0.20640353105376452,0.06492773284257167
v2,q10,rough_seed_5,rough_seed_20,wm060_ws000_we040,lm060_ls020_le020,lm080_ls020_le000,0,0.04674099175401099,0.16804512044794367,0.12130412869393269
v2,q10,rough_seed_5,rough_seed_20,wm040_ws060_we000,lm060_ls000_le040,lm060_ls020_le020,0,0.3645046502644354,0.39038708194951255,0.025882431685077145
v2,q10,rough_seed_5,rough_seed_20,wm040_ws040_we020,lm040_ls020_le040,lm060_ls020_le020,0,0.2436028312879478,0.38907709013348174,0.14547425884553394
v2,q10,rough_seed_5,rough_seed_20,wm040_ws020_we040,lm060_ls020_le020,lm060_ls020_le020,1,0.12270101231146018,0.12270101231146018,0.0
v2,q10,rough_seed_5,rough_seed_20,wm040_ws000_we060,lm060_ls020_le020,lm000_ls080_le020,0,0.04853432683236005,0.1124150993402512,0.06388077250789115
v2,q10,rough_seed_5,rough_seed_20,wm020_ws080_we000,lm020_ls020_le060,lm020_ls040_le040,0,0.18563973238387022,0.20294546926225,0.017305736878379774
v2,q10,rough_seed_5,rough_seed_20,wm020_ws060_we020,lm000_ls040_le060,lm020_ls040_le040,0,0.1868755992148271,0.2029422784832257,0.01606667926839861
v2,q10,rough_seed_5,rough_seed_20,wm020_ws040_we040,lm000_ls060_le040,lm000_ls040_le060,0,0.20388455696645139,0.4062619843559012,0.20237742738944983
v2,q10,rough_seed_5,rough_seed_20,wm020_ws020_we060,lm060_ls020_le020,lm060_ls020_le020,1,0.12237894420640703,0.12237894420640703,0.0
v2,q10,rough_seed_5,rough_seed_20,wm020_ws000_we080,lm060_ls020_le020,lm020_ls060_le020,0,0.031655430300672395,0.09388169521922028,0.06222626491854789
v2,q10,rough_seed_5,rough_seed_20,wm000_ws100_we000,lm000_ls000_le100,lm000_ls040_le060,0,0.0,0.18069268083781717,0.18069268083781717
v2,q10,rough_seed_5,rough_seed_20,wm000_ws080_we020,lm000_ls040_le060,lm000_ls040_le060,1,0.0951701268057946,0.0951701268057946,0.0
v2,q10,rough_seed_5,rough_seed_20,wm000_ws060_we040,lm000_ls040_le060,lm000_ls040_le060,1,0.1903402536115892,0.1903402536115892,0.0
v2,q10,rough_seed_5,rough_seed_20,wm000_ws040_we060,lm080_ls000_le020,lm060_ls020_le020,0,0.2429586950778415,0.2543950464743043,0.011436351396462763
v2,q10,rough_seed_5,rough_seed_20,wm000_ws020_we080,lm060_ls020_le020,lm060_ls020_le020,1,0.12205687610135389,0.12205687610135389,0.0
v2,q10,rough_seed_5,rough_seed_20,wm000_ws000_we100,lm060_ls020_le020,lm020_ls060_le020,0,0.0,0.11666076961149235,0.11666076961149235
v2,q10,rough_seed_5,rough_seed_20,balanced,lm000_ls060_le040,lm060_ls020_le020,0,0.2031948689274342,0.34008582535595366,0.13689095642851945
v2,q10,rough_seed_5,rough_seed_20,motion,lm080_ls000_le020,lm100_ls000_le000,0,0.10753027817181889,0.24017169904288022,0.13264142087106134
v2,q10,rough_seed_5,rough_seed_20,stability,lm000_ls040_le060,lm020_ls040_le040,0,0.14056170513887578,0.15220670886241927,0.01164500372354349
v2,q10,rough_seed_5,rough_seed_20,energy,lm060_ls020_le020,lm060_ls020_le020,1,0.09207297243602183,0.09207297243602183,0.0
v2,q10,rough_seed_11,rough_seed_4,wm100_ws000_we000,lm080_ls020_le000,lm100_ls000_le000,0,0.0,0.1055186360505593,0.1055186360505593
v2,q10,rough_seed_11,rough_seed_4,wm080_ws020_we000,lm000_ls100_le000,lm080_ls020_le000,0,0.19936358426270173,0.8080279589086033,0.6086643746459016
v2,q10,rough_seed_11,rough_seed_4,wm080_ws000_we020,lm060_ls040_le000,lm100_ls000_le000,0,0.19931779513940673,0.23829323784053913,0.0389754427011324
v2,q10,rough_seed_11,rough_seed_4,wm060_ws040_we000,lm000_ls100_le000,lm080_ls020_le000,0,0.3976824295546058,0.6060559178172066,0.20837348826260077
v2,q10,rough_seed_11,rough_seed_4,wm060_ws020_we020,lm000_ls100_le000,lm100_ls000_le000,0,0.20397344351623176,0.6060279589086033,0.4020545153923715
v2,q10,rough_seed_11,rough_seed_4,wm060_ws000_we040,lm060_ls040_le000,lm100_ls000_le000,0,0.39863559027881346,0.43799446825208777,0.03935887797327431
v2,q10,rough_seed_11,rough_seed_4,wm040_ws060_we000,lm000_ls100_le000,lm020_ls080_le000,0,0.3641919698033767,0.40408387672580987,0.03989190692243316
v2,q10,rough_seed_11,rough_seed_4,wm040_ws040_we020,lm000_ls100_le000,lm020_ls080_le000,0,0.36480683385208534,0.40405591781720657,0.03924908396512122
v2,q10,rough_seed_11,rough_seed_4,wm040_ws020_we040,lm000_ls100_le000,lm020_ls080_le000,0,0.36542169790079404,0.4040279589086033,0.038606261007809284
v2,q10,rough_seed_11,rough_seed_4,wm040_ws000_we060,lm000_ls100_le000,lm020_ls080_le000,0,0.36603656194950274,0.404,0.03796343805049729
v2,q10,rough_seed_11,rough_seed_4,wm020_ws080_we000,lm000_ls100_le000,lm020_ls080_le000,0,0.18209598490168835,0.20211183563441315,0.0200158507327248
v2,q10,rough_seed_11,rough_seed_4,wm020_ws060_we020,lm000_ls100_le000,lm020_ls080_le000,0,0.18271084895039702,0.20208387672580985,0.019373027775412832
v2,q10,rough_seed_11,rough_seed_4,wm020_ws040_we040,lm000_ls100_le000,lm020_ls080_le000,0,0.1833257129991057,0.20205591781720658,0.018730204818100893
v2,q10,rough_seed_11,rough_seed_4,wm020_ws020_we060,lm000_ls100_le000,lm020_ls080_le000,0,0.1881067373023103,0.20202795890860328,0.013921221606292972
v2,q10,rough_seed_11,rough_seed_4,wm020_ws000_we080,lm000_ls100_le000,lm000_ls100_le000,1,0.202,0.202,0.0
v2,q10,rough_seed_11,rough_seed_4,wm000_ws100_we000,lm000_ls100_le000,lm020_ls080_le000,0,0.0,0.01411924884465801,0.01411924884465801
v2,q10,rough_seed_11,rough_seed_4,wm000_ws080_we020,lm000_ls100_le000,lm000_ls100_le000,1,0.011295399075726409,0.011295399075726409,0.0
v2,q10,rough_seed_11,rough_seed_4,wm000_ws060_we040,lm000_ls100_le000,lm000_ls100_le000,1,0.008471549306794807,0.008471549306794807,0.0
v2,q10,rough_seed_11,rough_seed_4,wm000_ws040_we060,lm000_ls100_le000,lm000_ls100_le000,1,0.0056476995378632044,0.0056476995378632044,0.0
v2,q10,rough_seed_11,rough_seed_4,wm000_ws020_we080,lm000_ls100_le000,lm000_ls100_le000,1,0.0028238497689316022,0.0028238497689316022,0.0
v2,q10,rough_seed_11,rough_seed_4,wm000_ws000_we100,lm000_ls100_le000,lm000_ls100_le000,1,0.0,0.0,0.0
v2,q10,rough_seed_11,rough_seed_4,balanced,lm000_ls100_le000,lm020_ls080_le000,0,0.30451808158399496,0.3367132648476721,0.03219518326367715
v2,q10,rough_seed_11,rough_seed_4,motion,lm000_ls100_le000,lm100_ls000_le000,0,0.1529800826371738,0.7070209691814524,0.5540408865442786
v2,q10,rough_seed_11,rough_seed_4,stability,lm000_ls100_le000,lm020_ls080_le000,0,0.13703313671279774,0.15159785618011148,0.014564719467313747
v2,q10,rough_seed_11,rough_seed_4,energy,lm000_ls100_le000,lm000_ls100_le000,1,0.15152096918145247,0.15152096918145247,0.0
v2,q10,rough_seed_4,rough_seed_6,wm100_ws000_we000,lm080_ls020_le000,lm080_ls020_le000,1,0.0,0.0,0.0
v2,q10,rough_seed_4,rough_seed_6,wm080_ws020_we000,lm020_ls080_le000,lm000_ls100_le000,0,0.07139294958482009,0.10316332510735705,0.03177037552253696
v2,q10,rough_seed_4,rough_seed_6,wm080_ws000_we020,lm100_ls000_le000,lm060_ls040_le000,0,0.024951927570797103,0.3377637449252346,0.31281181735443747
v2,q10,rough_seed_4,rough_seed_6,wm060_ws040_we000,lm000_ls080_le020,lm000_ls100_le000,0,0.05354471218861507,1.7188106164330073,1.6652659042443922
v2,q10,rough_seed_4,rough_seed_6,wm060_ws020_we020,lm020_ls080_le000,lm000_ls100_le000,0,0.05354471218861507,0.10345732259381692,0.04991261040520185
v2,q10,rough_seed_4,rough_seed_6,wm060_ws000_we040,lm100_ls000_le000,lm060_ls040_le000,0,0.04973672139312217,0.34107395906441035,0.29133723767128816
v2,q10,rough_seed_4,rough_seed_6,wm040_ws060_we000,lm040_ls020_le040,lm000_ls100_le000,0,0.035696474792410046,1.5168196249353825,1.4811231501429725
v2,q10,rough_seed_4,rough_seed_6,wm040_ws040_we020,lm000_ls080_le020,lm000_ls100_le000,0,0.035696474792410046,1.1510861971524795,1.1153897223600695
v2,q10,rough_seed_4,rough_seed_6,wm040_ws020_we040,lm020_ls080_le000,lm000_ls100_le000,0,0.035696474792410046,0.1037513200802768,0.06805484528786675
v2,q10,rough_seed_4,rough_seed_6,wm040_ws000_we060,lm100_ls000_le000,lm000_ls100_le000,0,0.035696474792410046,0.5095311885042243,0.47383471371181424
v2,q10,rough_seed_4,rough_seed_6,wm020_ws080_we000,lm020_ls040_le040,lm000_ls100_le000,0,0.017848237396205023,0.8217293689466453,0.8038811315504403
v2,q10,rough_seed_4,rough_seed_6,wm020_ws060_we020,lm000_ls060_le040,lm000_ls100_le000,0,0.017848237396205023,0.804962639786584,0.787114402390379
v2,q10,rough_seed_4,rough_seed_6,wm020_ws040_we040,lm000_ls080_le020,lm000_ls100_le000,0,0.017848237396205023,0.9656012528312072,0.9477530154350022
v2,q10,rough_seed_4,rough_seed_6,wm020_ws020_we060,lm020_ls080_le000,lm000_ls100_le000,0,0.017848237396205023,0.10404531756673667,0.08619708017053165
v2,q10,rough_seed_4,rough_seed_6,wm020_ws000_we080,lm100_ls000_le000,lm000_ls100_le000,0,0.017848237396205023,0.6779884179440384,0.6601401805478334
v2,q10,rough_seed_4,rough_seed_6,wm000_ws100_we000,lm040_ls000_le060,lm000_ls100_le000,0,0.0,2.405577838386419,2.405577838386419
v2,q10,rough_seed_4,rough_seed_6,wm000_ws080_we020,lm040_ls000_le060,lm000_ls100_le000,0,0.0,1.933699002601937,1.933699002601937
v2,q10,rough_seed_4,rough_seed_6,wm000_ws060_we040,lm040_ls000_le060,lm000_ls100_le000,0,0.0,1.8801104037620413,1.8801104037620413
v2,q10,rough_seed_4,rough_seed_6,wm000_ws040_we060,lm000_ls080_le020,lm000_ls100_le000,0,0.0,1.4391989839487012,1.4391989839487012
v2,q10,rough_seed_4,rough_seed_6,wm000_ws020_we080,lm020_ls080_le000,lm000_ls100_le000,0,0.0,0.12407403466027889,0.12407403466027889
v2,q10,rough_seed_4,rough_seed_6,wm000_ws000_we100,lm100_ls000_le000,lm000_ls100_le000,0,0.0,0.8464456473838523,0.8464456473838523
v2,q10,rough_seed_4,rough_seed_6,balanced,lm000_ls080_le020,lm000_ls100_le000,0,0.02974706232700837,0.9631928354752809,0.9334457731482725
v2,q10,rough_seed_4,rough_seed_6,motion,lm020_ls080_le000,lm000_ls100_le000,0,0.06246883088671758,0.07760622848758303,0.015137397600865451
v2,q10,rough_seed_4,rough_seed_6,stability,lm000_ls060_le040,lm000_ls100_le000,0,0.013386178047153767,0.6056269017675701,0.5922407237204163
v2,q10,rough_seed_4,rough_seed_6,energy,lm040_ls060_le000,lm000_ls100_le000,0,0.013386178047153767,0.4563009596582551,0.44291478161110137
v2,q10,rough_seed_25,rough_seed_6,wm100_ws000_we000,lm080_ls020_le000,lm100_ls000_le000,0,0.0,0.033274517716205085,0.033274517716205085
v2,q10,rough_seed_25,rough_seed_6,wm080_ws020_we000,lm020_ls080_le000,lm080_ls000_le020,0,0.12533871318045423,0.1824377803008253,0.05709906712037108
v2,q10,rough_seed_25,rough_seed_6,wm080_ws000_we020,lm100_ls000_le000,lm100_ls000_le000,1,0.015800089386051264,0.015800089386051264,0.0
v2,q10,rough_seed_25,rough_seed_6,wm060_ws040_we000,lm000_ls080_le020,lm040_ls040_le020,0,0.14365801486556262,0.2281934281715864,0.08453541330602377
v2,q10,rough_seed_25,rough_seed_6,wm060_ws020_we020,lm020_ls080_le000,lm080_ls000_le020,0,0.09463197959606273,0.18416272954009344,0.08953074994403071
v2,q10,rough_seed_25,rough_seed_6,wm060_ws000_we040,lm100_ls000_le000,lm100_ls000_le000,1,0.03160017877210253,0.03160017877210253,0.0
v2,q10,rough_seed_25,rough_seed_6,wm040_ws060_we000,lm040_ls020_le040,lm040_ls020_le040,1,0.14300978688508584,0.14300978688508584,0.0
v2,q10,rough_seed_25,rough_seed_6,wm040_ws040_we020,lm000_ls080_le020,lm040_ls040_le020,0,0.10179164621421029,0.33179944201335765,0.23000779579914737
v2,q10,rough_seed_25,rough_seed_6,wm040_ws020_we040,lm020_ls080_le000,lm080_ls000_le020,0,0.0901187931790877,0.3655110829477507,0.275392289768663
v2,q10,rough_seed_25,rough_seed_6,wm040_ws000_we060,lm100_ls000_le000,lm100_ls000_le000,1,0.04740026815815378,0.04740026815815378,0.0
v2,q10,rough_seed_25,rough_seed_6,wm020_ws080_we000,lm020_ls040_le040,lm060_ls000_le040,0,0.07853022180055476,0.30220588244620145,0.2236756606456467
v2,q10,rough_seed_25,rough_seed_6,wm020_ws060_we020,lm000_ls060_le040,lm040_ls040_le020,0,0.15166508730912093,0.2475799712160032,0.09591488390688227
v2,q10,rough_seed_25,rough_seed_6,wm020_ws040_we040,lm000_ls080_le020,lm040_ls040_le020,0,0.10148226669681978,0.659603791255677,0.5581215245588572
v2,q10,rough_seed_25,rough_seed_6,wm020_ws020_we060,lm020_ls080_le000,lm040_ls040_le020,0,0.05129944608451861,0.5468594363554078,0.49555999027088915
v2,q10,rough_seed_25,rough_seed_6,wm020_ws000_we080,lm100_ls000_le000,lm100_ls000_le000,1,0.06320035754420505,0.06320035754420505,0.0
v2,q10,rough_seed_25,rough_seed_6,wm000_ws100_we000,lm040_ls000_le060,lm060_ls000_le040,0,0.0,1.6971490464358463,1.6971490464358463
v2,q10,rough_seed_25,rough_seed_6,wm000_ws080_we020,lm040_ls000_le060,lm060_ls000_le040,0,0.15795342125440343,1.359411975878127,1.2014585546237235
v2,q10,rough_seed_25,rough_seed_6,wm000_ws060_we040,lm040_ls000_le060,lm040_ls040_le020,0,0.15135570779173044,1.0216749053204073,0.8703191975286768
v2,q10,rough_seed_25,rough_seed_6,wm000_ws040_we060,lm000_ls080_le020,lm040_ls040_le020,0,0.1011728871794293,0.9874081404979962,0.8862352533185669
v2,q10,rough_seed_25,rough_seed_6,wm000_ws020_we080,lm020_ls080_le000,lm040_ls040_le020,0,0.06572393126688088,0.7282077897630652,0.6624838584961843
v2,q10,rough_seed_25,rough_seed_6,wm000_ws000_we100,lm100_ls000_le000,lm020_ls000_le080,0,0.0,0.0790004469302563,0.0790004469302563
v2,q10,rough_seed_25,rough_seed_6,balanced,lm000_ls080_le020,lm040_ls040_le020,0,0.08496091283764638,0.5501568008844621,0.46519588804681566
v2,q10,rough_seed_25,rough_seed_6,motion,lm020_ls080_le000,lm080_ls000_le020,0,0.10990658261383564,0.13844021655843017,0.02853363394459453
v2,q10,rough_seed_25,rough_seed_6,stability,lm000_ls060_le040,lm060_ls000_le040,0,0.11904821115219281,0.2875508313190515,0.16850262016685869
v2,q10,rough_seed_25,rough_seed_6,energy,lm040_ls060_le000,lm040_ls040_le020,0,0.05779925412517968,0.418528845520666,0.3607295913954863
v2,q10,rough_seed_12,rough_seed_4,wm100_ws000_we000,lm080_ls020_le000,lm100_ls000_le000,0,0.0,0.04025001642554341,0.04025001642554341
v2,q10,rough_seed_12,rough_seed_4,wm080_ws020_we000,lm000_ls100_le000,lm100_ls000_le000,0,0.202,0.4779440465396955,0.2759440465396955
v2,q10,rough_seed_12,rough_seed_4,wm080_ws000_we020,lm060_ls040_le000,lm100_ls000_le000,0,0.0,0.24799361443510756,0.24799361443510756
v2,q10,rough_seed_12,rough_seed_4,wm060_ws040_we000,lm000_ls100_le000,lm100_ls000_le000,0,0.404,0.7175034983131142,0.3135034983131142
v2,q10,rough_seed_12,rough_seed_4,wm060_ws020_we020,lm000_ls100_le000,lm100_ls000_le000,0,0.202,0.42728959459971383,0.22528959459971382
v2,q10,rough_seed_12,rough_seed_4,wm060_ws000_we040,lm060_ls040_le000,lm100_ls000_le000,0,0.0,0.4930091036476737,0.4930091036476737
v2,q10,rough_seed_12,rough_seed_4,wm040_ws060_we000,lm000_ls100_le000,lm040_ls040_le020,0,0.404,1.0733195451872526,0.6693195451872526
v2,q10,rough_seed_12,rough_seed_4,wm040_ws040_we020,lm000_ls100_le000,lm080_ls000_le020,0,0.3697303579644351,0.7204899321938097,0.35075957422937465
v2,q10,rough_seed_12,rough_seed_4,wm040_ws020_we040,lm000_ls100_le000,lm100_ls000_le000,0,0.202,0.8463475078466955,0.6443475078466956
v2,q10,rough_seed_12,rough_seed_4,wm040_ws000_we060,lm000_ls100_le000,lm100_ls000_le000,0,0.0,1.2630451443057824,1.2630451443057824
v2,q10,rough_seed_12,rough_seed_4,wm020_ws080_we000,lm000_ls100_le000,lm040_ls040_le020,0,0.202,1.4291355920613915,1.2271355920613916
v2,q10,rough_seed_12,rough_seed_4,wm020_ws060_we020,lm000_ls100_le000,lm040_ls040_le020,0,0.20341142477832982,1.0763059790679481,0.8728945542896183
v2,q10,rough_seed_12,rough_seed_4,wm020_ws040_we040,lm000_ls100_le000,lm040_ls040_le020,0,0.2871078052226233,0.8487077846345906,0.5615999794119673
v2,q10,rough_seed_12,rough_seed_4,wm020_ws020_we060,lm000_ls100_le000,lm100_ls000_le000,0,0.202,1.2654054210936774,1.0634054210936774
v2,q10,rough_seed_12,rough_seed_4,wm020_ws000_we080,lm000_ls100_le000,lm100_ls000_le000,0,0.0,1.682103057552764,1.682103057552764
v2,q10,rough_seed_12,rough_seed_4,wm000_ws100_we000,lm000_ls100_le000,lm040_ls040_le020,0,0.0,1.78495163893553,1.78495163893553
v2,q10,rough_seed_12,rough_seed_4,wm000_ws080_we020,lm000_ls100_le000,lm040_ls040_le020,0,0.14255390261131165,1.4321220259420868,1.2895681233307752
v2,q10,rough_seed_12,rough_seed_4,wm000_ws060_we040,lm000_ls100_le000,lm040_ls040_le020,0,0.2851078052226233,1.0792924129486436,0.7941846077260204
v2,q10,rough_seed_12,rough_seed_4,wm000_ws040_we060,lm000_ls100_le000,lm100_ls000_le000,0,0.404,1.2677656978815723,0.8637656978815723
v2,q10,rough_seed_12,rough_seed_4,wm000_ws020_we080,lm000_ls100_le000,lm100_ls000_le000,0,0.202,1.6844633343406592,1.4824633343406592
v2,q10,rough_seed_12,rough_seed_4,wm000_ws000_we100,lm000_ls100_le000,lm100_ls000_le000,0,0.0,2.1011609707997456,2.1011609707997456
v2,q10,rough_seed_12,rough_seed_4,balanced,lm000_ls100_le000,lm100_ls000_le000,0,0.33666666666666667,0.708235054622965,0.3715683879562983
v2,q10,rough_seed_12,rough_seed_4,motion,lm000_ls100_le000,lm100_ls000_le000,0,0.1515,0.42087975710487285,0.26937975710487283
v2,q10,rough_seed_12,rough_seed_4,stability,lm000_ls100_le000,lm040_ls040_le020,0,0.15255856858374736,1.2534673940348435,1.1009088254510961
v2,q10,rough_seed_12,rough_seed_4,energy,lm000_ls100_le000,lm100_ls000_le000,0,0.1515,1.4743443085201944,1.3228443085201944
v2,q10,rough_seed_6,rough_seed_25,wm100_ws000_we000,lm100_ls000_le000,lm080_ls020_le000,0,0.0,0.019444788457276867,0.019444788457276867
v2,q10,rough_seed_6,rough_seed_25,wm080_ws020_we000,lm080_ls000_le020,lm020_ls080_le000,0,0.11766906181740024,0.3095896639649515,0.1919206021475513
v2,q10,rough_seed_6,rough_seed_25,wm080_ws000_we020,lm100_ls000_le000,lm100_ls000_le000,1,0.015555830765821493,0.015555830765821493,0.0
v2,q10,rough_seed_6,rough_seed_25,wm060_ws040_we000,lm040_ls040_le020,lm000_ls080_le020,0,0.19513767175767274,0.2073530347886709,0.012215363030998155
v2,q10,rough_seed_6,rough_seed_25,wm060_ws020_we020,lm080_ls000_le020,lm020_ls080_le000,0,0.11797135871125086,0.2345387515869164,0.11656739287566553
v2,q10,rough_seed_6,rough_seed_25,wm060_ws000_we040,lm100_ls000_le000,lm100_ls000_le000,1,0.011666873074366119,0.011666873074366119,0.0
v2,q10,rough_seed_6,rough_seed_25,wm040_ws060_we000,lm040_ls020_le040,lm040_ls020_le040,1,0.2293649881458,0.2293649881458,0.0
v2,q10,rough_seed_6,rough_seed_25,wm040_ws040_we020,lm040_ls040_le020,lm000_ls080_le020,0,0.17012522035353672,0.2081719925587776,0.038046772205240886
v2,q10,rough_seed_6,rough_seed_25,wm040_ws020_we040,lm080_ls000_le020,lm020_ls080_le000,0,0.11827365560510147,0.3926505975716523,0.2743769419665508
v2,q10,rough_seed_6,rough_seed_25,wm040_ws000_we060,lm100_ls000_le000,lm100_ls000_le000,1,0.007777915382910746,0.007777915382910746,0.0
v2,q10,rough_seed_6,rough_seed_25,wm020_ws080_we000,lm060_ls000_le040,lm020_ls040_le040,0,0.1209861865983622,0.18003022535705915,0.059044038758696946
v2,q10,rough_seed_6,rough_seed_25,wm020_ws060_we020,lm040_ls040_le020,lm000_ls060_le040,0,0.12434206404501243,0.31016904684215274,0.18582698279714033
v2,q10,rough_seed_6,rough_seed_25,wm020_ws040_we040,lm040_ls040_le020,lm000_ls080_le020,0,0.16995024233665781,0.3038349204988112,0.1338846781621534
v2,q10,rough_seed_6,rough_seed_25,wm020_ws020_we060,lm040_ls040_le020,lm020_ls080_le000,0,0.12027080222910068,0.45338344179874235,0.33311263956964166
v2,q10,rough_seed_6,rough_seed_25,wm020_ws000_we080,lm100_ls000_le000,lm100_ls000_le000,1,0.003888957691455373,0.003888957691455373,0.0
v2,q10,rough_seed_6,rough_seed_25,wm000_ws100_we000,lm060_ls000_le040,lm040_ls000_le060,0,0.0,0.22353298150209222,0.22353298150209222
v2,q10,rough_seed_6,rough_seed_25,wm000_ws080_we020,lm060_ls000_le040,lm040_ls000_le060,0,0.09912048199041387,0.3058267335627472,0.20670625157233333
v2,q10,rough_seed_6,rough_seed_25,wm000_ws060_we040,lm040_ls040_le020,lm040_ls000_le060,0,0.19824096398082774,0.31098800461225945,0.1127470406314317
v2,q10,rough_seed_6,rough_seed_25,wm000_ws040_we060,lm040_ls040_le020,lm000_ls080_le020,0,0.1697752643197789,0.4537281797179994,0.2839529153982205
v2,q10,rough_seed_6,rough_seed_25,wm000_ws020_we080,lm040_ls040_le020,lm020_ls080_le000,0,0.15985324492759392,0.6032767010179306,0.44342345609033673
v2,q10,rough_seed_6,rough_seed_25,wm000_ws000_we100,lm020_ls000_le080,lm100_ls000_le000,0,0.0,3.194522537725481,3.194522537725481
v2,q10,rough_seed_6,rough_seed_25,balanced,lm040_ls040_le020,lm000_ls080_le020,0,0.14215729902371685,0.2537555881193294,0.11159828909561256
v2,q10,rough_seed_6,rough_seed_25,motion,lm080_ls000_le020,lm020_ls080_le000,0,0.08859164973868289,0.27212768047962155,0.18353603074093866
v2,q10,rough_seed_6,rough_seed_25,stability,lm060_ls000_le040,lm000_ls060_le040,0,0.09338578569369428,0.23049425007226482,0.13710846437857055
v2,q10,rough_seed_6,rough_seed_25,energy,lm040_ls040_le020,lm040_ls060_le000,0,0.12272412383380095,0.5282438869285222,0.40551976309472126
v2,q10,rough_seed_29,rough_seed_18,wm100_ws000_we000,lm000_ls100_le000,lm100_ls000_le000,0,0.0,0.5188786915160138,0.5188786915160138
v2,q10,rough_seed_29,rough_seed_18,wm080_ws020_we000,lm000_ls100_le000,lm100_ls000_le000,0,0.14138735532087288,0.41587935652571684,0.27449200120484396
v2,q10,rough_seed_29,rough_seed_18,wm080_ws000_we020,lm000_ls100_le000,lm060_ls040_le000,0,0.14965890669506476,0.4163201407354142,0.2666612340403494
v2,q10,rough_seed_29,rough_seed_18,wm060_ws040_we000,lm000_ls100_le000,lm060_ls040_le000,0,0.11272705211836323,0.3128800215354198,0.2001529694170566
v2,q10,rough_seed_29,rough_seed_18,wm060_ws020_we020,lm000_ls100_le000,lm060_ls040_le000,0,0.11292156873340709,0.31332080574511717,0.20039923701171009
v2,q10,rough_seed_29,rough_seed_18,wm060_ws000_we040,lm000_ls100_le000,lm060_ls040_le000,0,0.14200604974727948,0.3137615899548145,0.17175554020753503
v2,q10,rough_seed_29,rough_seed_18,wm040_ws060_we000,lm000_ls100_le000,lm040_ls060_le000,0,0.13756749512136274,0.23730516892536516,0.09973767380400242
v2,q10,rough_seed_29,rough_seed_18,wm040_ws040_we020,lm000_ls100_le000,lm040_ls060_le000,0,0.0931073823940256,0.2103214707548202,0.11721408836079458
v2,q10,rough_seed_29,rough_seed_18,wm040_ws020_we040,lm000_ls100_le000,lm060_ls040_le000,0,0.1421403411008057,0.24870324799365065,0.10656290689284495
v2,q10,rough_seed_29,rough_seed_18,wm040_ws000_we060,lm000_ls100_le000,lm080_ls020_le000,0,0.16486487709146663,0.37086278446365983,0.2059979073721932
v2,q10,rough_seed_29,rough_seed_18,wm020_ws080_we000,lm000_ls100_le000,lm080_ls020_le000,0,0.08163235807027222,0.31469442097139116,0.23306206290111894
v2,q10,rough_seed_29,rough_seed_18,wm020_ws060_we020,lm000_ls100_le000,lm080_ls020_le000,0,0.08216574505391296,0.23749487389051083,0.15532912883659789
v2,q10,rough_seed_29,rough_seed_18,wm020_ws040_we040,lm000_ls100_le000,lm080_ls020_le000,0,0.1085524118644407,0.24845216874909898,0.13989975688465828
v2,q10,rough_seed_29,rough_seed_18,wm020_ws020_we060,lm000_ls100_le000,lm080_ls020_le000,0,0.1624244972121547,0.37061170521910813,0.20818720800695342
v2,q10,rough_seed_29,rough_seed_18,wm020_ws000_we080,lm000_ls100_le000,lm080_ls000_le020,0,0.09221328900858783,0.4927712416891174,0.40055795268052957
v2,q10,rough_seed_29,rough_seed_18,wm000_ws100_we000,lm040_ls040_le020,lm080_ls020_le000,0,0.0,0.8756140471039797,0.8756140471039797
v2,q10,rough_seed_29,rough_seed_18,wm000_ws080_we020,lm000_ls100_le000,lm080_ls020_le000,0,0.05387208534771405,0.3148841259365368,0.26101204058882277
v2,q10,rough_seed_29,rough_seed_18,wm000_ws060_we040,lm000_ls100_le000,lm080_ls020_le000,0,0.1077441706954281,0.2482010895045473,0.1404569188091192
v2,q10,rough_seed_29,rough_seed_18,wm000_ws040_we060,lm000_ls100_le000,lm080_ls020_le000,0,0.16161625604314211,0.37036062597455643,0.20874436993141432
v2,q10,rough_seed_29,rough_seed_18,wm000_ws020_we080,lm000_ls100_le000,lm040_ls040_le020,0,0.17615667609005298,0.4925201624445657,0.3163634863545127
v2,q10,rough_seed_29,rough_seed_18,wm000_ws000_we100,lm000_ls100_le000,lm080_ls000_le020,0,0.0,0.6146796989145749,0.6146796989145749
v2,q10,rough_seed_29,rough_seed_18,balanced,lm000_ls100_le000,lm060_ls040_le000,0,0.11886945728956978,0.20789970942213032,0.08903025213256054
v2,q10,rough_seed_29,rough_seed_18,motion,lm000_ls100_le000,lm060_ls040_le000,0,0.13124160856047495,0.3647102771878413,0.23346866862736637
v2,q10,rough_seed_29,rough_seed_18,stability,lm000_ls100_le000,lm080_ls020_le000,0,0.06162430879043471,0.2761420736722374,0.2145177648818027
v2,q10,rough_seed_29,rough_seed_18,energy,lm000_ls100_le000,lm080_ls000_le020,0,0.15218475214610336,0.4316287036429748,0.2794439514968714
v2,q10,rough_seed_18,rough_seed_8,wm100_ws000_we000,lm080_ls020_le000,lm000_ls100_le000,0,0.0,0.7797817817294237,0.7797817817294237
v2,q10,rough_seed_18,rough_seed_8,wm080_ws020_we000,lm080_ls020_le000,lm000_ls100_le000,0,0.020757964208738197,0.6250337532663821,0.6042757890576439
v2,q10,rough_seed_18,rough_seed_8,wm080_ws000_we020,lm100_ls000_le000,lm000_ls100_le000,0,0.0,0.5206271772151312,0.5206271772151312
v2,q10,rough_seed_18,rough_seed_8,wm060_ws040_we000,lm080_ls020_le000,lm000_ls100_le000,0,0.041515928417476394,0.47028572480334024,0.4287697963858639
v2,q10,rough_seed_18,rough_seed_8,wm060_ws020_we020,lm080_ls020_le000,lm000_ls100_le000,0,0.020757964208738197,0.4767093531218276,0.4559513889130894
v2,q10,rough_seed_18,rough_seed_8,wm060_ws000_we040,lm100_ls000_le000,lm000_ls100_le000,0,0.0,0.9073527625415873,0.9073527625415873
v2,q10,rough_seed_18,rough_seed_8,wm040_ws060_we000,lm080_ls020_le000,lm000_ls100_le000,0,0.06227389262621459,0.36921159318156077,0.3069377005553462
v2,q10,rough_seed_18,rough_seed_8,wm040_ws040_we020,lm080_ls020_le000,lm000_ls100_le000,0,0.041515928417476394,0.4763735586646124,0.434857630247136
v2,q10,rough_seed_18,rough_seed_8,wm040_ws020_we040,lm100_ls000_le000,lm000_ls100_le000,0,0.020757964208738197,0.9098162872118469,0.8890583230031087
v2,q10,rough_seed_18,rough_seed_8,wm040_ws000_we060,lm100_ls000_le000,lm000_ls100_le000,0,0.0,1.3578351196399983,1.3578351196399983
v2,q10,rough_seed_18,rough_seed_8,wm020_ws080_we000,lm080_ls020_le000,lm000_ls100_le000,0,0.08303185683495279,0.48970858700865066,0.4066767301736979
v2,q10,rough_seed_18,rough_seed_8,wm020_ws060_we020,lm080_ls020_le000,lm000_ls100_le000,0,0.06227389262621459,0.4760377642073972,0.4137638715811826
v2,q10,rough_seed_18,rough_seed_8,wm020_ws040_we040,lm040_ls060_le000,lm000_ls100_le000,0,0.041515928417476394,0.5771301204961062,0.5356141920786298
v2,q10,rough_seed_18,rough_seed_8,wm020_ws020_we060,lm040_ls060_le000,lm000_ls100_le000,0,0.020757964208738197,0.8633389503418996,0.8425809861331613
v2,q10,rough_seed_18,rough_seed_8,wm020_ws000_we080,lm040_ls060_le000,lm000_ls100_le000,0,0.0,1.1495477801876928,1.1495477801876928
v2,q10,rough_seed_18,rough_seed_8,wm000_ws100_we000,lm080_ls020_le000,lm040_ls040_le020,0,0.0,0.6102055808357404,0.6102055808357404
v2,q10,rough_seed_18,rough_seed_8,wm000_ws080_we020,lm080_ls020_le000,lm000_ls100_le000,0,0.08303185683495279,0.4928265305915509,0.4097946737565981
v2,q10,rough_seed_18,rough_seed_8,wm000_ws060_we040,lm080_ls020_le000,lm000_ls100_le000,0,0.06227389262621459,0.9453623000861487,0.8830884074599341
v2,q10,rough_seed_18,rough_seed_8,wm000_ws040_we060,lm040_ls060_le000,lm000_ls100_le000,0,0.041515928417476394,0.8637693503978102,0.8222534219803338
v2,q10,rough_seed_18,rough_seed_8,wm000_ws020_we080,lm040_ls060_le000,lm000_ls100_le000,0,0.020757964208738197,1.1499781802436033,1.1292202160348652
v2,q10,rough_seed_18,rough_seed_8,wm000_ws000_we100,lm040_ls060_le000,lm000_ls100_le000,0,0.0,1.4361870100893968,1.4361870100893968
v2,q10,rough_seed_18,rough_seed_8,balanced,lm080_ls020_le000,lm000_ls100_le000,0,0.034596607014563664,0.7893685140695184,0.7547719070549547
v2,q10,rough_seed_18,rough_seed_8,motion,lm080_ls020_le000,lm000_ls100_le000,0,0.015568473156553648,0.5502500425649477,0.5346815694083941
v2,q10,rough_seed_18,rough_seed_8,stability,lm080_ls020_le000,lm000_ls100_le000,0,0.07265287473058368,0.43179854778228083,0.35914567305169715
v2,q10,rough_seed_18,rough_seed_8,energy,lm040_ls060_le000,lm000_ls100_le000,0,0.015568473156553648,1.0065509652787739,0.9909824921222202
v2,q10,rough_seed_10,rough_seed_7,wm100_ws000_we000,lm100_ls000_le000,lm060_ls040_le000,0,0.0,0.010046092519815277,0.010046092519815277
v2,q10,rough_seed_10,rough_seed_7,wm080_ws020_we000,lm080_ls020_le000,lm080_ls020_le000,1,0.08934336145439944,0.08934336145439944,0.0
v2,q10,rough_seed_10,rough_seed_7,wm080_ws000_we020,lm000_ls100_le000,lm100_ls000_le000,0,0.027364594489203167,0.20228840358578873,0.17492380909658556
v2,q10,rough_seed_10,rough_seed_7,wm060_ws040_we000,lm080_ls020_le000,lm080_ls000_le020,0,0.14676191603588556,0.1781136510344807,0.03135173499859514
v2,q10,rough_seed_10,rough_seed_7,wm060_ws020_we020,lm000_ls100_le000,lm080_ls020_le000,0,0.0892287470795358,0.21501832723964567,0.12578958016010988
v2,q10,rough_seed_10,rough_seed_7,wm060_ws000_we040,lm040_ls040_le020,lm080_ls020_le000,0,0.034728155583680434,0.17617956778404967,0.14145141220036922
v2,q10,rough_seed_10,rough_seed_7,wm040_ws060_we000,lm080_ls020_le000,lm020_ls040_le040,0,0.16231085368994616,0.26688394061456194,0.10457308692461578
v2,q10,rough_seed_10,rough_seed_7,wm040_ws040_we020,lm020_ls080_le000,lm060_ls020_le020,0,0.12180717067211369,0.19862521002713074,0.07681803935501705
v2,q10,rough_seed_10,rough_seed_7,wm040_ws020_we040,lm040_ls020_le040,lm080_ls020_le000,0,0.08911413270467218,0.23756562555475022,0.14845149285007803
v2,q10,rough_seed_10,rough_seed_7,wm040_ws000_we060,lm040_ls020_le040,lm080_ls020_le000,0,0.023152103722453625,0.3547668991559802,0.33161479543352657
v2,q10,rough_seed_10,rough_seed_7,wm020_ws080_we000,lm000_ls060_le040,lm040_ls000_le060,0,0.1536555874161028,0.23327306648642793,0.07961747907032513
v2,q10,rough_seed_10,rough_seed_7,wm020_ws060_we020,lm000_ls060_le040,lm040_ls000_le060,0,0.11657912054015335,0.17642249343411098,0.059843372893957636
v2,q10,rough_seed_10,rough_seed_7,wm020_ws040_we040,lm000_ls040_le060,lm060_ls020_le020,0,0.12152862557147921,0.3934082843694949,0.2718796587980157
v2,q10,rough_seed_10,rough_seed_7,wm020_ws020_we060,lm040_ls020_le040,lm060_ls020_le020,0,0.08034740809800486,0.35463320617729815,0.2742857980792933
v2,q10,rough_seed_10,rough_seed_7,wm020_ws000_we080,lm020_ls020_le060,lm080_ls020_le000,0,0.011576051861226812,0.9316326186237811,0.9200565667625543
v2,q10,rough_seed_10,rough_seed_7,wm000_ws100_we000,lm020_ls020_le060,lm000_ls000_le100,0,0.0,0.2487256712868509,0.2487256712868509
v2,q10,rough_seed_10,rough_seed_7,wm000_ws080_we020,lm020_ls020_le060,lm040_ls000_le060,0,0.15383036034486472,0.23463179560537317,0.08080143526050845
v2,q10,rough_seed_10,rough_seed_7,wm000_ws060_we040,lm020_ls020_le060,lm020_ls040_le040,0,0.16205962348791028,0.46680096080196565,0.3047413373140554
v2,q10,rough_seed_10,rough_seed_7,wm000_ws040_we060,lm020_ls020_le060,lm060_ls020_le020,0,0.12125008047084473,0.6989701259985581,0.5777200455277134
v2,q10,rough_seed_10,rough_seed_7,wm000_ws020_we080,lm020_ls020_le060,lm080_ls020_le000,0,0.08888490395494492,0.9311392911951506,0.8422543872402057
v2,q10,rough_seed_10,rough_seed_7,wm000_ws000_we100,lm020_ls020_le060,lm080_ls020_le000,0,0.0,1.1633084563917429,1.1633084563917429
v2,q10,rough_seed_10,rough_seed_7,balanced,lm000_ls060_le040,lm060_ls020_le020,0,0.10172382780129385,0.21598131893110312,0.11425749112980926
v2,q10,rough_seed_10,rough_seed_7,motion,lm000_ls100_le000,lm080_ls020_le000,0,0.06706482827823138,0.16147098828036532,0.09440616000213395
v2,q10,rough_seed_10,rough_seed_7,stability,lm020_ls020_le060,lm040_ls000_le060,0,0.13516104721031855,0.1769594998776979,0.04179845266737936
v2,q10,rough_seed_10,rough_seed_7,energy,lm020_ls020_le060,lm080_ls020_le000,0,0.0667496387473564,0.8154247041683271,0.7486750654209707
v2,q10,rough_seed_8,rough_seed_18,wm100_ws000_we000,lm000_ls100_le000,lm080_ls020_le000,0,0.0,1.346892903551887,1.346892903551887
v2,q10,rough_seed_8,rough_seed_18,wm080_ws020_we000,lm000_ls100_le000,lm080_ls020_le000,0,0.0,1.0804328939729466,1.0804328939729466
v2,q10,rough_seed_8,rough_seed_18,wm080_ws000_we020,lm000_ls100_le000,lm100_ls000_le000,0,0.19353713450553464,1.0828417495306537,0.889304615025119
v2,q10,rough_seed_8,rough_seed_18,wm060_ws040_we000,lm000_ls100_le000,lm080_ls020_le000,0,0.0,0.8139728843940062,0.8139728843940062
v2,q10,rough_seed_8,rough_seed_18,wm060_ws020_we020,lm000_ls100_le000,lm080_ls020_le000,0,0.202,0.8163817399517135,0.6143817399517135
v2,q10,rough_seed_8,rough_seed_18,wm060_ws000_we040,lm000_ls100_le000,lm100_ls000_le000,0,0.14579154770560013,1.0841415351886319,0.9383499874830318
v2,q10,rough_seed_8,rough_seed_18,wm040_ws060_we000,lm000_ls100_le000,lm080_ls020_le000,0,0.0,0.8896612821464105,0.8896612821464105
v2,q10,rough_seed_8,rough_seed_18,wm040_ws040_we020,lm000_ls100_le000,lm080_ls020_le000,0,0.202,0.600213024560417,0.398213024560417
v2,q10,rough_seed_8,rough_seed_18,wm040_ws020_we040,lm000_ls100_le000,lm100_ls000_le000,0,0.2039774900562017,1.0843929916595703,0.8804155016033686
v2,q10,rough_seed_8,rough_seed_18,wm040_ws000_we060,lm000_ls100_le000,lm100_ls000_le000,0,0.155775685865156,1.619544516131701,1.463768830266545
v2,q10,rough_seed_8,rough_seed_18,wm020_ws080_we000,lm000_ls100_le000,lm080_ls020_le000,0,0.0,1.1817698517610493,1.1817698517610493
v2,q10,rough_seed_8,rough_seed_18,wm020_ws060_we020,lm000_ls100_le000,lm080_ls020_le000,0,0.202,0.892321594175056,0.690321594175056
v2,q10,rough_seed_8,rough_seed_18,wm020_ws040_we040,lm000_ls100_le000,lm040_ls060_le000,0,0.2822873187860389,1.0846444481305084,0.8023571293444696
v2,q10,rough_seed_8,rough_seed_18,wm020_ws020_we060,lm000_ls100_le000,lm040_ls060_le000,0,0.2033875609840893,1.6197959726026394,1.41640841161855
v2,q10,rough_seed_8,rough_seed_18,wm020_ws000_we080,lm000_ls100_le000,lm040_ls060_le000,0,0.202,2.15494749707477,1.9529474970747702
v2,q10,rough_seed_8,rough_seed_18,wm000_ws100_we000,lm040_ls040_le020,lm080_ls020_le000,0,0.0,0.7435887175898936,0.7435887175898936
v2,q10,rough_seed_8,rough_seed_18,wm000_ws080_we020,lm000_ls100_le000,lm080_ls020_le000,0,0.202,1.1844301637896948,0.9824301637896948
v2,q10,rough_seed_8,rough_seed_18,wm000_ws060_we040,lm000_ls100_le000,lm080_ls020_le000,0,0.404,1.0848959046014466,0.6808959046014466
v2,q10,rough_seed_8,rough_seed_18,wm000_ws040_we060,lm000_ls100_le000,lm040_ls060_le000,0,0.2802873187860389,1.6200474290735776,1.3397601102875387
v2,q10,rough_seed_8,rough_seed_18,wm000_ws020_we080,lm000_ls100_le000,lm040_ls060_le000,0,0.14014365939301945,2.155198953545708,2.0150552941526887
v2,q10,rough_seed_8,rough_seed_18,wm000_ws000_we100,lm000_ls100_le000,lm040_ls060_le000,0,0.0,2.690350478017839,2.690350478017839
v2,q10,rough_seed_8,rough_seed_18,balanced,lm000_ls100_le000,lm080_ls020_le000,0,0.33666666666666667,0.9060929689925059,0.5694263023258392
v2,q10,rough_seed_8,rough_seed_18,motion,lm000_ls100_le000,lm080_ls020_le000,0,0.1515,0.9490095308517567,0.7975095308517567
v2,q10,rough_seed_8,rough_seed_18,stability,lm000_ls100_le000,lm080_ls020_le000,0,0.1515,1.037710800975214,0.8862108009752141
v2,q10,rough_seed_8,rough_seed_18,energy,lm000_ls100_le000,lm040_ls060_le000,0,0.15254067073806696,1.8874345989564392,1.7348939282183722
v2,q10,rough_seed_22,rough_seed_20,wm100_ws000_we000,lm100_ls000_le000,lm100_ls000_le000,1,0.0,0.0,0.0
v2,q10,rough_seed_22,rough_seed_20,wm080_ws020_we000,lm080_ls000_le020,lm080_ls020_le000,0,0.20006500496469343,0.2470702201791855,0.04700521521449208
v2,q10,rough_seed_22,rough_seed_20,wm080_ws000_we020,lm060_ls020_le020,lm080_ls020_le000,0,0.20101420328297948,0.26979701925848315,0.06878281597550367
v2,q10,rough_seed_22,rough_seed_20,wm060_ws040_we000,lm000_ls060_le040,lm080_ls000_le020,0,0.2735163768252158,0.6932267691062576,0.4197103922810418
v2,q10,rough_seed_22,rough_seed_20,wm060_ws020_we020,lm080_ls000_le020,lm080_ls000_le020,1,0.1937066002379729,0.1937066002379729,0.0
v2,q10,rough_seed_22,rough_seed_20,wm060_ws000_we040,lm060_ls020_le020,lm040_ls040_le020,0,0.31479697927604194,0.4065204043551879,0.09172342507914594
v2,q10,rough_seed_22,rough_seed_20,wm040_ws060_we000,lm060_ls000_le040,lm040_ls040_le020,0,0.28199113945944504,0.5089785403597464,0.2269874009003014
v2,q10,rough_seed_22,rough_seed_20,wm040_ws040_we020,lm040_ls020_le040,lm040_ls040_le020,0,0.21132834276331575,0.404,0.19267165723668428
v2,q10,rough_seed_22,rough_seed_20,wm040_ws020_we040,lm060_ls020_le020,lm040_ls040_le020,0,0.2357043500852413,0.40724863904297587,0.17154428895773458
v2,q10,rough_seed_22,rough_seed_20,wm040_ws000_we060,lm060_ls020_le020,lm040_ls040_le020,0,0.3511394110587184,0.6081234630524234,0.256984051993705
v2,q10,rough_seed_22,rough_seed_20,wm020_ws080_we000,lm020_ls020_le060,lm040_ls020_le040,0,0.202,0.3236708468231667,0.1216708468231667
v2,q10,rough_seed_22,rough_seed_20,wm020_ws060_we020,lm000_ls040_le060,lm040_ls020_le040,0,0.202,0.3343276396584846,0.1323276396584846
v2,q10,rough_seed_22,rough_seed_20,wm020_ws040_we040,lm000_ls060_le040,lm040_ls020_le040,0,0.202,0.2329979987527633,0.030997998752763295
v2,q10,rough_seed_22,rough_seed_20,wm020_ws020_we060,lm060_ls020_le020,lm040_ls020_le040,0,0.202,0.6088516977402114,0.4068516977402114
v2,q10,rough_seed_22,rough_seed_20,wm020_ws000_we080,lm060_ls020_le020,lm040_ls020_le040,0,0.202,0.809726521749659,0.607726521749659
v2,q10,rough_seed_22,rough_seed_20,wm000_ws100_we000,lm000_ls000_le100,lm040_ls020_le040,0,0.0,0.29575601260210443,0.29575601260210443
v2,q10,rough_seed_22,rough_seed_20,wm000_ws080_we020,lm000_ls040_le060,lm040_ls020_le040,0,0.0,0.23157034899308748,0.23157034899308748
v2,q10,rough_seed_22,rough_seed_20,wm000_ws060_we040,lm000_ls040_le060,lm040_ls020_le040,0,0.0,0.46085473905892016,0.46085473905892016
v2,q10,rough_seed_22,rough_seed_20,wm000_ws040_we060,lm080_ls000_le020,lm040_ls020_le040,0,0.0,0.5743007158726567,0.5743007158726567
v2,q10,rough_seed_22,rough_seed_20,wm000_ws020_we080,lm060_ls020_le020,lm040_ls020_le040,0,0.0,0.810454756437447,0.810454756437447
v2,q10,rough_seed_22,rough_seed_20,wm000_ws000_we100,lm060_ls020_le020,lm040_ls020_le040,0,0.0,1.0113295804468945,1.0113295804468945
v2,q10,rough_seed_22,rough_seed_20,balanced,lm000_ls060_le040,lm040_ls040_le020,0,0.1971901720469265,0.3866176269576322,0.1894274549107057
v2,q10,rough_seed_22,rough_seed_20,motion,lm080_ls000_le020,lm080_ls020_le000,0,0.15225662001664353,0.21743319458260005,0.06517657456595652
v2,q10,rough_seed_22,rough_seed_20,stability,lm000_ls040_le060,lm040_ls020_le040,0,0.1515,0.25131721947567714,0.09981721947567715
v2,q10,rough_seed_22,rough_seed_20,energy,lm060_ls020_le020,lm040_ls020_le040,0,0.1515,0.7094711684168822,0.5579711684168822
v2,q10,rough_seed_20,rough_seed_22,wm100_ws000_we000,lm100_ls000_le000,lm100_ls000_le000,1,0.0,0.0,0.0
v2,q10,rough_seed_20,rough_seed_22,wm080_ws020_we000,lm080_ls020_le000,lm080_ls000_le020,0,0.13983830255512691,0.2020229131434221,0.06218461058829519
v2,q10,rough_seed_20,rough_seed_22,wm080_ws000_we020,lm080_ls020_le000,lm060_ls020_le020,0,0.11704548225463766,0.19531175604458687,0.0782662737899492
v2,q10,rough_seed_20,rough_seed_22,wm060_ws040_we000,lm080_ls000_le020,lm000_ls060_le040,0,0.24433196216768818,0.27818702727073447,0.033855065103046283
v2,q10,rough_seed_20,rough_seed_22,wm060_ws020_we020,lm080_ls000_le020,lm080_ls000_le020,1,0.1403382198920136,0.1403382198920136,0.0
v2,q10,rough_seed_20,rough_seed_22,wm060_ws000_we040,lm040_ls040_le020,lm060_ls020_le020,0,0.08778411169097824,0.3917097001650549,0.3039255884740767
v2,q10,rough_seed_20,rough_seed_22,wm040_ws060_we000,lm040_ls040_le020,lm060_ls000_le040,0,0.17869299841877725,0.5380071819926647,0.35931418357388745
v2,q10,rough_seed_20,rough_seed_22,wm040_ws040_we020,lm040_ls040_le020,lm040_ls020_le040,0,0.17907722385018984,0.3608215399789814,0.18174431612879158
v2,q10,rough_seed_20,rough_seed_22,wm040_ws020_we040,lm040_ls040_le020,lm060_ls020_le020,0,0.14740178057620767,0.3931595639187345,0.24575778334252685
v2,q10,rough_seed_20,rough_seed_22,wm040_ws000_we060,lm040_ls040_le020,lm060_ls020_le020,0,0.05852274112731883,0.5867555464391582,0.5282328053118394
v2,q10,rough_seed_20,rough_seed_22,wm020_ws080_we000,lm040_ls020_le040,lm020_ls020_le060,0,0.11310902285421955,0.2787846166781312,0.16567559382391167
v2,q10,rough_seed_20,rough_seed_22,wm020_ws060_we020,lm040_ls020_le040,lm000_ls040_le060,0,0.13288250138278854,0.21089246386964233,0.0780099624868538
v2,q10,rough_seed_20,rough_seed_22,wm020_ws040_we040,lm040_ls020_le040,lm000_ls060_le040,0,0.23106394800204005,0.3226270936548514,0.09156314565281137
v2,q10,rough_seed_20,rough_seed_22,wm020_ws020_we060,lm040_ls020_le040,lm060_ls020_le020,0,0.14711206403597343,0.48212890558612626,0.3350168415501528
v2,q10,rough_seed_20,rough_seed_22,wm020_ws000_we080,lm040_ls020_le040,lm060_ls020_le020,0,0.029261370563659416,0.6416307175174011,0.6123693469537417
v2,q10,rough_seed_20,rough_seed_22,wm000_ws100_we000,lm040_ls020_le040,lm000_ls000_le100,0,0.0,0.3473909479433597,0.3473909479433597
v2,q10,rough_seed_20,rough_seed_22,wm000_ws080_we020,lm040_ls020_le040,lm000_ls040_le060,0,0.13186603356993973,0.2794987951348708,0.14763276156493108
v2,q10,rough_seed_20,rough_seed_22,wm000_ws060_we040,lm040_ls020_le040,lm000_ls040_le060,0,0.26313549822812504,0.3224431381986226,0.05930763997049754
v2,q10,rough_seed_20,rough_seed_22,wm000_ws040_we060,lm040_ls020_le040,lm080_ls000_le020,0,0.27968677928139446,0.48194495012989735,0.2022581708485029
v2,q10,rough_seed_20,rough_seed_22,wm000_ws020_we080,lm040_ls020_le040,lm060_ls020_le020,0,0.1468223474957392,0.6414467620611722,0.49462441456543305
v2,q10,rough_seed_20,rough_seed_22,wm000_ws000_we100,lm040_ls020_le040,lm060_ls020_le020,0,0.0,0.800948573992447,0.800948573992447
v2,q10,rough_seed_20,rough_seed_22,balanced,lm040_ls040_le020,lm000_ls060_le040,0,0.19321935599181445,0.3291108576631531,0.13589150167133868
v2,q10,rough_seed_20,rough_seed_22,motion,lm080_ls020_le000,lm080_ls000_le020,0,0.10694108219214375,0.15297021367550298,0.04602913148335923
v2,q10,rough_seed_20,rough_seed_22,stability,lm040_ls020_le040,lm000_ls040_le060,0,0.09981101826503001,0.24501708488807164,0.14520606662304164
v2,q10,rough_seed_20,rough_seed_22,energy,lm040_ls020_le040,lm060_ls020_le020,0,0.11033404802698005,0.5618338226877064,0.4514997746607264
v2,q10,rough_seed_28,rough_seed_20,wm100_ws000_we000,lm100_ls000_le000,lm100_ls000_le000,1,0.0,0.0,0.0
v2,q10,rough_seed_28,rough_seed_20,wm080_ws020_we000,lm080_ls000_le020,lm060_ls040_le000,0,0.029825768049298387,0.8036458475290615,0.7738200794797632
v2,q10,rough_seed_28,rough_seed_20,wm080_ws000_we020,lm060_ls020_le020,lm060_ls040_le000,0,0.1297071870083916,0.7793456522166409,0.6496384652082493
v2,q10,rough_seed_28,rough_seed_20,wm060_ws040_we000,lm000_ls060_le040,lm060_ls040_le000,0,0.05947862894722585,1.1108289636971644,1.0513503347499387
v2,q10,rough_seed_28,rough_seed_20,wm060_ws020_we020,lm080_ls000_le020,lm040_ls060_le000,0,0.12184647023490529,0.6196349123167406,0.4977884420818353
v2,q10,rough_seed_28,rough_seed_20,wm060_ws000_we040,lm060_ls020_le020,lm000_ls100_le000,0,0.14331135729945776,1.1366768158605678,0.99336545856111
v2,q10,rough_seed_28,rough_seed_20,wm040_ws060_we000,lm060_ls000_le040,lm060_ls040_le000,0,0.0891314898451533,0.6461860522606336,0.5570545624154803
v2,q10,rough_seed_28,rough_seed_20,wm040_ws040_we020,lm040_ls020_le040,lm000_ls100_le000,0,0.09548024735390236,0.6740946250862379,0.5786143777323355
v2,q10,rough_seed_28,rough_seed_20,wm040_ws020_we040,lm060_ls020_le020,lm000_ls100_le000,0,0.09566221989111084,1.1352275527170559,1.039565332825945
v2,q10,rough_seed_28,rough_seed_20,wm040_ws000_we060,lm060_ls020_le020,lm000_ls100_le000,0,0.09584419242831933,1.7002271855293511,1.6043829931010318
v2,q10,rough_seed_28,rough_seed_20,wm020_ws080_we000,lm020_ls020_le060,lm000_ls100_le000,0,0.04764913740834693,1.0836148459883626,1.0359657085800156
v2,q10,rough_seed_28,rough_seed_20,wm020_ws060_we020,lm000_ls040_le060,lm000_ls100_le000,0,0.04783110994555542,0.7093852296925467,0.6615541197469913
v2,q10,rough_seed_28,rough_seed_20,wm020_ws040_we040,lm000_ls060_le040,lm000_ls100_le000,0,0.04801308248276392,0.7199522470827746,0.6719391646000107
v2,q10,rough_seed_28,rough_seed_20,wm020_ws020_we060,lm060_ls020_le020,lm000_ls100_le000,0,0.05560945241187999,1.698777922385839,1.643168469973959
v2,q10,rough_seed_28,rough_seed_20,wm020_ws000_we080,lm060_ls020_le020,lm000_ls100_le000,0,0.07398867866993786,2.2637775551981347,2.1897888765281968
v2,q10,rough_seed_28,rough_seed_20,wm000_ws100_we000,lm000_ls000_le100,lm000_ls100_le000,0,0.0,2.5748437936712496,2.5748437936712496
v2,q10,rough_seed_28,rough_seed_20,wm000_ws080_we020,lm000_ls040_le060,lm000_ls100_le000,0,0.018379226258057865,0.9379662985434409,0.9195870722853831
v2,q10,rough_seed_28,rough_seed_20,wm000_ws060_we040,lm000_ls040_le060,lm000_ls100_le000,0,0.03675845251611573,1.2913430699164348,1.254584617400319
v2,q10,rough_seed_28,rough_seed_20,wm000_ws040_we060,lm080_ls000_le020,lm000_ls080_le020,0,0.028913578680381483,1.8399593806855503,1.8110458020051687
v2,q10,rough_seed_28,rough_seed_20,wm000_ws020_we080,lm060_ls020_le020,lm000_ls080_le020,0,0.014456789340190741,2.2623282920546224,2.247871502714432
v2,q10,rough_seed_28,rough_seed_20,wm000_ws000_we100,lm060_ls020_le020,lm000_ls080_le020,0,0.0,2.827327924866918,2.827327924866918
v2,q10,rough_seed_28,rough_seed_20,balanced,lm000_ls060_le040,lm000_ls100_le000,0,0.0797185165759257,0.6241692378793008,0.5444507213033751
v2,q10,rough_seed_28,rough_seed_20,motion,lm080_ls000_le020,lm060_ls040_le000,0,0.09751813227584813,0.7076059306746226,0.6100877983987745
v2,q10,rough_seed_28,rough_seed_20,stability,lm000_ls040_le060,lm000_ls100_le000,0,0.03587333245916657,0.8231663466432492,0.7872930141840826
v2,q10,rough_seed_28,rough_seed_20,energy,lm060_ls020_le020,lm000_ls100_le000,0,0.06468112213148232,1.9809154230061088,1.9162343008746265
v2,q10,rough_seed_17,rough_seed_5,wm100_ws000_we000,lm000_ls100_le000,lm060_ls040_le000,0,0.0,0.16620916889500173,0.16620916889500173
v2,q10,rough_seed_17,rough_seed_5,wm080_ws020_we000,lm020_ls060_le020,lm100_ls000_le000,0,0.019121629258464168,0.4748092660140784,0.45568763675561424
v2,q10,rough_seed_17,rough_seed_5,wm080_ws000_we020,lm060_ls040_le000,lm100_ls000_le000,0,0.054388377686413254,0.20159016941577046,0.1472017917293572
v2,q10,rough_seed_17,rough_seed_5,wm060_ws040_we000,lm060_ls020_le020,lm100_ls000_le000,0,0.03823813499831846,0.34033983538381674,0.3021017003854983
v2,q10,rough_seed_17,rough_seed_5,wm060_ws020_we020,lm020_ls060_le020,lm100_ls000_le000,0,0.05457663546233065,0.3566069495105588,0.30203031404822817
v2,q10,rough_seed_17,rough_seed_5,wm060_ws000_we040,lm080_ls020_le000,lm100_ls000_le000,0,0.10877163185421664,0.3389200244561494,0.23014839260193276
v2,q10,rough_seed_17,rough_seed_5,wm040_ws060_we000,lm060_ls020_le020,lm100_ls000_le000,0,0.05735464073817274,0.41583347290690803,0.3584788321687353
v2,q10,rough_seed_17,rough_seed_5,wm040_ws040_we020,lm060_ls020_le020,lm100_ls000_le000,0,0.05476489323824804,0.27878182911505006,0.22401693587680202
v2,q10,rough_seed_17,rough_seed_5,wm040_ws020_we040,lm060_ls020_le020,lm100_ls000_le000,0,0.10895988963013403,0.22807160869984894,0.1191117190697149
v2,q10,rough_seed_17,rough_seed_5,wm040_ws000_we060,lm000_ls080_le020,lm100_ls000_le000,0,0.16315488602202,0.2536556343459841,0.0905007483239641
v2,q10,rough_seed_17,rough_seed_5,wm020_ws080_we000,lm020_ls040_le040,lm100_ls000_le000,0,0.07647114647802704,0.23564737505721203,0.159176228579185
v2,q10,rough_seed_17,rough_seed_5,wm020_ws060_we020,lm020_ls040_le040,lm100_ls000_le000,0,0.05789207424109953,0.21461059255248083,0.15671851831138128
v2,q10,rough_seed_17,rough_seed_5,wm020_ws040_we040,lm000_ls040_le060,lm100_ls000_le000,0,0.10914814740605142,0.9750819149662374,0.865933767560186
v2,q10,rough_seed_17,rough_seed_5,wm020_ws020_we060,lm060_ls020_le020,lm100_ls000_le000,0,0.1633431437979374,0.2499387719410162,0.0865956281430788
v2,q10,rough_seed_17,rough_seed_5,wm020_ws000_we080,lm020_ls060_le020,lm020_ls060_le020,1,0.11820231650351962,0.11820231650351962,0.0
v2,q10,rough_seed_17,rough_seed_5,wm000_ws100_we000,lm000_ls040_le060,lm060_ls000_le040,0,0.0,2.026374537004292,2.026374537004292
v2,q10,rough_seed_17,rough_seed_5,wm000_ws080_we020,lm000_ls040_le060,lm100_ls000_le000,0,0.07700857998095384,1.6258649746879197,1.5488563947069658
v2,q10,rough_seed_17,rough_seed_5,wm000_ws060_we040,lm000_ls040_le060,lm100_ls000_le000,0,0.10933640518196881,1.225355412371547,1.1160190071895784
v2,q10,rough_seed_17,rough_seed_5,wm000_ws040_we060,lm060_ls020_le020,lm100_ls000_le000,0,0.1635314015738548,0.27818677793342755,0.11465537635957276
v2,q10,rough_seed_17,rough_seed_5,wm000_ws020_we080,lm060_ls020_le020,lm020_ls060_le020,0,0.202,0.3313110533444367,0.1293110533444367
v2,q10,rough_seed_17,rough_seed_5,wm000_ws000_we100,lm020_ls060_le020,lm020_ls060_le020,1,0.0,0.0,0.0
v2,q10,rough_seed_17,rough_seed_5,balanced,lm060_ls020_le020,lm100_ls000_le000,0,0.09095764342481116,0.23299877265416033,0.14204112922934917
v2,q10,rough_seed_17,rough_seed_5,motion,lm100_ls000_le000,lm100_ls000_le000,1,0.040933757476400455,0.040933757476400455,0.0
v2,q10,rough_seed_17,rough_seed_5,stability,lm020_ls040_le040,lm100_ls000_le000,0,0.06731596873529497,0.2074212466506062,0.14010527791531124
v2,q10,rough_seed_17,rough_seed_5,energy,lm060_ls020_le020,lm020_ls060_le020,0,0.15237773997403603,0.2905622102859796,0.13818447031194359
v2,q25,rough_seed_13,rough_seed_18,wm100_ws000_we000,lm000_ls100_le000,lm100_ls000_le000,0,0.0,0.2552291007542472,0.2552291007542472
v2,q25,rough_seed_13,rough_seed_18,wm080_ws020_we000,lm000_ls100_le000,lm080_ls020_le000,0,0.1072576846278984,0.20425919712351995,0.09700151249562154
v2,q25,rough_seed_13,rough_seed_18,wm080_ws000_we020,lm000_ls100_le000,lm080_ls020_le000,0,0.1438770625572425,0.20580210013591646,0.06192503757867396
v2,q25,rough_seed_13,rough_seed_18,wm060_ws040_we000,lm000_ls100_le000,lm040_ls060_le000,0,0.12927293943228274,0.15328929349279266,0.02401635406050992
v2,q25,rough_seed_13,rough_seed_18,wm060_ws020_we020,lm000_ls100_le000,lm080_ls020_le000,0,0.1447740629231317,0.1650929017842347,0.020318838861103
v2,q25,rough_seed_13,rough_seed_18,wm060_ws000_we040,lm000_ls100_le000,lm020_ls060_le020,0,0.2618352378713939,0.3285177580484969,0.06668252017710302
v2,q25,rough_seed_13,rough_seed_18,wm040_ws060_we000,lm000_ls100_le000,lm040_ls060_le000,0,0.08618195962152184,0.10231938986206536,0.016137430240543524
v2,q25,rough_seed_13,rough_seed_18,wm040_ws040_we020,lm000_ls100_le000,lm040_ls060_le000,0,0.15610220709746428,0.16466341414444746,0.008561207046983182
v2,q25,rough_seed_13,rough_seed_18,wm040_ws020_we040,lm000_ls100_le000,lm040_ls020_le040,0,0.21776439638815032,0.32808827040870964,0.11032387402055932
v2,q25,rough_seed_13,rough_seed_18,wm040_ws000_we060,lm000_ls100_le000,lm060_ls000_le040,0,0.2248266004422157,0.49151312667297176,0.26668652623075606
v2,q25,rough_seed_13,rough_seed_18,wm020_ws080_we000,lm000_ls100_le000,lm040_ls060_le000,0,0.04309097981076092,0.051349486231338066,0.008258506420577148
v2,q25,rough_seed_13,rough_seed_18,wm020_ws060_we020,lm000_ls100_le000,lm040_ls060_le000,0,0.1556755637330013,0.1642339265046602,0.008558362771658917
v2,q25,rough_seed_13,rough_seed_18,wm020_ws040_we040,lm000_ls100_le000,lm020_ls000_le080,0,0.20263637541512522,0.3276587827689224,0.1250224073537972
v2,q25,rough_seed_13,rough_seed_18,wm020_ws020_we060,lm000_ls100_le000,lm040_ls000_le060,0,0.14776604966765258,0.4910836390331845,0.3433175893655319
v2,q25,rough_seed_13,rough_seed_18,wm020_ws000_we080,lm000_ls100_le000,lm040_ls000_le060,0,0.13532190971765484,0.6545084952974468,0.5191865855797919
v2,q25,rough_seed_13,rough_seed_18,wm000_ws100_we000,lm040_ls040_le020,lm040_ls060_le000,0,0.0,1.054620372950073,1.054620372950073
v2,q25,rough_seed_13,rough_seed_18,wm000_ws080_we020,lm000_ls100_le000,lm020_ls000_le080,0,0.12608753011067786,0.16380443886487295,0.03771690875419509
v2,q25,rough_seed_13,rough_seed_18,wm000_ws060_we040,lm000_ls100_le000,lm020_ls000_le080,0,0.09457327879809715,0.3272292951291352,0.23265601633103802
v2,q25,rough_seed_13,rough_seed_18,wm000_ws040_we060,lm000_ls100_le000,lm020_ls000_le080,0,0.06305902748551644,0.49065415139339724,0.4275951239078808
v2,q25,rough_seed_13,rough_seed_18,wm000_ws020_we080,lm000_ls100_le000,lm020_ls000_le080,0,0.03154477617293572,0.6540790076576596,0.6225342314847239
v2,q25,rough_seed_13,rough_seed_18,wm000_ws000_we100,lm000_ls100_le000,lm040_ls000_le060,0,0.0,0.8175038639219216,0.8175038639219216
v2,q25,rough_seed_13,rough_seed_18,balanced,lm000_ls100_le000,lm080_ls020_le000,0,0.2407611954219468,0.27347015577402645,0.03270896035207965
v2,q25,rough_seed_13,rough_seed_18,motion,lm000_ls100_le000,lm080_ls020_le000,0,0.10877888823607601,0.17993142256745365,0.07115253433137764
v2,q25,rough_seed_13,rough_seed_18,stability,lm000_ls100_le000,lm040_ls060_le000,0,0.11675667279975097,0.12327034052864783,0.00651366772889686
v2,q25,rough_seed_13,rough_seed_18,energy,lm000_ls100_le000,lm040_ls000_le060,0,0.11082453725073943,0.5726886952553688,0.4618641580046294
v2,q25,rough_seed_7,rough_seed_10,wm100_ws000_we000,lm060_ls040_le000,lm100_ls000_le000,0,0.0,0.05401712236914727,0.05401712236914727
v2,q25,rough_seed_7,rough_seed_10,wm080_ws020_we000,lm080_ls020_le000,lm080_ls020_le000,1,0.0800047950810735,0.0800047950810735,0.0
v2,q25,rough_seed_7,rough_seed_10,wm080_ws000_we020,lm100_ls000_le000,lm000_ls100_le000,0,0.13792513460456318,0.15589464010807672,0.017969505503513533
v2,q25,rough_seed_7,rough_seed_10,wm060_ws040_we000,lm080_ls000_le020,lm080_ls020_le000,0,0.15957924677669388,0.42680119533587574,0.26722194855918185
v2,q25,rough_seed_7,rough_seed_10,wm060_ws020_we020,lm080_ls020_le000,lm000_ls100_le000,0,0.13855825830360913,0.20304692405476407,0.06448866575115494
v2,q25,rough_seed_7,rough_seed_10,wm060_ws000_we040,lm080_ls020_le000,lm040_ls040_le020,0,0.19151342886230452,0.4042582060312719,0.21274477716896736
v2,q25,rough_seed_7,rough_seed_10,wm040_ws060_we000,lm020_ls040_le040,lm080_ls020_le000,0,0.23915369847231424,0.5512641654691575,0.3121104669968432
v2,q25,rough_seed_7,rough_seed_10,wm040_ws040_we020,lm060_ls020_le020,lm020_ls080_le000,0,0.18407690973964297,0.4061372063760146,0.2220602966363716
v2,q25,rough_seed_7,rough_seed_10,wm040_ws020_we040,lm080_ls020_le000,lm040_ls020_le040,0,0.18335006280574745,0.40496085537767346,0.221610792571926
v2,q25,rough_seed_7,rough_seed_10,wm040_ws000_we060,lm080_ls020_le000,lm040_ls020_le040,0,0.18218737676117047,0.6061721373541812,0.4239847605930107
v2,q25,rough_seed_7,rough_seed_10,wm020_ws080_we000,lm040_ls000_le060,lm000_ls060_le040,0,0.193752997998557,0.5914328492713202,0.39767985127276323
v2,q25,rough_seed_7,rough_seed_10,wm020_ws060_we020,lm040_ls000_le060,lm000_ls060_le040,0,0.14662411497341107,0.4453510096265524,0.2987268946531413
v2,q25,rough_seed_7,rough_seed_10,wm020_ws040_we040,lm060_ls020_le020,lm000_ls040_le060,0,0.193157007511989,0.40771239705801327,0.21455538954602427
v2,q25,rough_seed_7,rough_seed_10,wm020_ws020_we060,lm060_ls020_le020,lm040_ls020_le040,0,0.17038578739111646,0.5479213965079006,0.3775356091167842
v2,q25,rough_seed_7,rough_seed_10,wm020_ws000_we080,lm080_ls020_le000,lm020_ls020_le060,0,0.202,0.8080860686770907,0.6060860686770906
v2,q25,rough_seed_7,rough_seed_10,wm000_ws100_we000,lm000_ls000_le100,lm020_ls020_le060,0,0.0,0.8239371052500434,0.8239371052500434
v2,q25,rough_seed_7,rough_seed_10,wm000_ws080_we020,lm040_ls000_le060,lm020_ls020_le060,0,0.0,0.5914548634843438,0.5914548634843438
v2,q25,rough_seed_7,rough_seed_10,wm000_ws060_we040,lm020_ls040_le040,lm020_ls020_le060,0,0.0,0.5508988295960113,0.5508988295960113
v2,q25,rough_seed_7,rough_seed_10,wm000_ws040_we060,lm060_ls020_le020,lm020_ls020_le060,0,0.0,0.5496950386822334,0.5496950386822334
v2,q25,rough_seed_7,rough_seed_10,wm000_ws020_we080,lm080_ls020_le000,lm020_ls020_le060,0,0.0,0.8087887180234923,0.8087887180234923
v2,q25,rough_seed_7,rough_seed_10,wm000_ws000_we100,lm080_ls020_le000,lm020_ls020_le060,0,0.0,1.01,1.01
v2,q25,rough_seed_7,rough_seed_10,balanced,lm060_ls020_le020,lm000_ls060_le040,0,0.22386239429317928,0.3399484865584208,0.11608609226524153
v2,q25,rough_seed_7,rough_seed_10,motion,lm080_ls020_le000,lm000_ls100_le000,0,0.11065640030868305,0.15239277888743633,0.04173637857875327
v2,q25,rough_seed_7,rough_seed_10,stability,lm040_ls000_le060,lm020_ls020_le060,0,0.1515,0.5183974330021922,0.36689743300219224
v2,q25,rough_seed_7,rough_seed_10,energy,lm080_ls020_le000,lm020_ls020_le060,0,0.1515,0.7076560900254371,0.5561560900254371
v2,q25,rough_seed_15,rough_seed_8,wm100_ws000_we000,lm080_ls020_le000,lm040_ls060_le000,0,0.0,0.1193862776990456,0.1193862776990456
v2,q25,rough_seed_15,rough_seed_8,wm080_ws020_we000,lm080_ls020_le000,lm080_ls020_le000,1,0.0962897550200626,0.0962897550200626,0.0
v2,q25,rough_seed_15,rough_seed_8,wm080_ws000_we020,lm100_ls000_le000,lm020_ls060_le020,0,0.05259529022903838,0.1203603346357209,0.06776504440668252
v2,q25,rough_seed_15,rough_seed_8,wm060_ws040_we000,lm080_ls020_le000,lm060_ls040_le000,0,0.13357670966840973,0.1584172632989503,0.02484055363054058
v2,q25,rough_seed_15,rough_seed_8,wm060_ws020_we020,lm080_ls020_le000,lm060_ls040_le000,0,0.0989941531530156,0.10300095236783628,0.0040067992148206805
v2,q25,rough_seed_15,rough_seed_8,wm060_ws000_we040,lm100_ls000_le000,lm000_ls080_le020,0,0.10375638555318287,0.20841480839951776,0.10465842284633489
v2,q25,rough_seed_15,rough_seed_8,wm040_ws060_we000,lm080_ls020_le000,lm060_ls040_le000,0,0.19963632702685763,0.2370348737716975,0.03739854674483986
v2,q25,rough_seed_15,rough_seed_8,wm040_ws040_we020,lm080_ls020_le000,lm060_ls040_le000,0,0.13425019216796522,0.15918591417573377,0.024935722007768557
v2,q25,rough_seed_15,rough_seed_8,wm040_ws020_we040,lm100_ls000_le000,lm000_ls080_le020,0,0.11883651661357011,0.20886445301360498,0.09002793640003487
v2,q25,rough_seed_15,rough_seed_8,wm040_ws000_we060,lm100_ls000_le000,lm000_ls080_le020,0,0.06917092370212191,0.3118837660338696,0.24271284233174767
v2,q25,rough_seed_15,rough_seed_8,wm020_ws080_we000,lm080_ls020_le000,lm000_ls060_le040,0,0.16906897526761827,0.31565248424444475,0.14658350897682648
v2,q25,rough_seed_15,rough_seed_8,wm020_ws060_we020,lm080_ls020_le000,lm020_ls040_le040,0,0.13665082942840379,0.23780352464848092,0.10115269522007714
v2,q25,rough_seed_15,rough_seed_8,wm020_ws040_we040,lm040_ls060_le000,lm060_ls040_le000,0,0.19653083135451732,0.21558916601836708,0.019058334663849763
v2,q25,rough_seed_15,rough_seed_8,wm020_ws020_we060,lm040_ls060_le000,lm000_ls080_le020,0,0.11849408629821308,0.29236195494282713,0.17386786864461407
v2,q25,rough_seed_15,rough_seed_8,wm020_ws000_we080,lm040_ls060_le000,lm000_ls080_le020,0,0.034585461851060956,0.388405600874172,0.35382013902311105
v2,q25,rough_seed_15,rough_seed_8,wm000_ws100_we000,lm080_ls020_le000,lm000_ls040_le060,0,0.0,0.39427009471719193,0.39427009471719193
v2,q25,rough_seed_15,rough_seed_8,wm000_ws080_we020,lm080_ls020_le000,lm000_ls040_le060,0,0.0837719963357539,0.3164211351212282,0.23264913878547433
v2,q25,rough_seed_15,rough_seed_8,wm000_ws060_we040,lm080_ls020_le000,lm000_ls040_le060,0,0.1675439926715078,0.23857217552526436,0.07102818285375656
v2,q25,rough_seed_15,rough_seed_8,wm000_ws040_we060,lm040_ls060_le000,lm000_ls080_le020,0,0.23630331196571208,0.29341970923002536,0.05711639726431328
v2,q25,rough_seed_15,rough_seed_8,wm000_ws020_we080,lm040_ls060_le000,lm000_ls080_le020,0,0.11815165598285604,0.38946335516137015,0.2713116991785141
v2,q25,rough_seed_15,rough_seed_8,wm000_ws000_we100,lm040_ls060_le000,lm000_ls080_le020,0,0.0,0.4855070010927149,0.4855070010927149
v2,q25,rough_seed_15,rough_seed_8,balanced,lm040_ls060_le000,lm060_ls040_le000,0,0.16401860528735004,0.1796576383486392,0.015639033061289165
v2,q25,rough_seed_15,rough_seed_8,motion,lm080_ls020_le000,lm040_ls060_le000,0,0.08084593725688764,0.08490973854555747,0.00406380128866983
v2,q25,rough_seed_15,rough_seed_8,stability,lm080_ls020_le000,lm000_ls040_le060,0,0.15212206927972094,0.27692016716565865,0.12479809788593771
v2,q25,rough_seed_15,rough_seed_8,energy,lm040_ls060_le000,lm000_ls080_le020,0,0.08887056472365981,0.340648216480299,0.25177765175663924
v2,q25,rough_seed_0,rough_seed_17,wm100_ws000_we000,lm060_ls040_le000,lm080_ls020_le000,0,0.0,0.09024376691188865,0.09024376691188865
v2,q25,rough_seed_0,rough_seed_17,wm080_ws020_we000,lm100_ls000_le000,lm100_ls000_le000,1,0.1321155908798785,0.1321155908798785,0.0
v2,q25,rough_seed_0,rough_seed_17,wm080_ws000_we020,lm100_ls000_le000,lm060_ls040_le000,0,0.07240453062202368,0.08495760887929187,0.012553078257268188
v2,q25,rough_seed_0,rough_seed_17,wm060_ws040_we000,lm100_ls000_le000,lm100_ls000_le000,1,0.26317972620432023,0.26317972620432023,0.0
v2,q25,rough_seed_0,rough_seed_17,wm060_ws020_we020,lm100_ls000_le000,lm100_ls000_le000,1,0.13190529976879115,0.13190529976879115,0.0
v2,q25,rough_seed_0,rough_seed_17,wm060_ws000_we040,lm100_ls000_le000,lm060_ls040_le000,0,0.0545652943321587,0.0637182066594689,0.009152912327310199
v2,q25,rough_seed_0,rough_seed_17,wm040_ws060_we000,lm100_ls000_le000,lm060_ls000_le040,0,0.2718203446830262,0.3942438615287619,0.12242351684573571
v2,q25,rough_seed_0,rough_seed_17,wm040_ws040_we020,lm100_ls000_le000,lm100_ls000_le000,1,0.26296943509323284,0.26296943509323284,0.0
v2,q25,rough_seed_0,rough_seed_17,wm040_ws020_we040,lm100_ls000_le000,lm100_ls000_le000,1,0.13169500865770378,0.13169500865770378,0.0
v2,q25,rough_seed_0,rough_seed_17,wm040_ws000_we060,lm100_ls000_le000,lm100_ls000_le000,1,0.04247880443964593,0.04247880443964593,0.0
v2,q25,rough_seed_0,rough_seed_17,wm020_ws080_we000,lm100_ls000_le000,lm060_ls000_le040,0,0.1364945676812423,0.5253079968532036,0.3888134291719613
v2,q25,rough_seed_0,rough_seed_17,wm020_ws060_we020,lm100_ls000_le000,lm000_ls060_le040,0,0.14786028400704418,0.39403357041767456,0.24617328641063038
v2,q25,rough_seed_0,rough_seed_17,wm020_ws040_we040,lm100_ls000_le000,lm000_ls040_le060,0,0.2039002745098202,0.2627591439821455,0.0588588694723253
v2,q25,rough_seed_0,rough_seed_17,wm020_ws020_we060,lm100_ls000_le000,lm100_ls000_le000,1,0.13148471754661642,0.13148471754661642,0.0
v2,q25,rough_seed_0,rough_seed_17,wm020_ws000_we080,lm020_ls060_le020,lm100_ls000_le000,0,0.021239402219822966,0.15579260131820505,0.1345531990983821
v2,q25,rough_seed_0,rough_seed_17,wm000_ws100_we000,lm060_ls000_le040,lm000_ls040_le060,0,0.0,0.11804785862529794,0.11804785862529794
v2,q25,rough_seed_0,rough_seed_17,wm000_ws080_we020,lm100_ls000_le000,lm000_ls040_le060,0,0.09596386274592054,0.5250977057421163,0.4291338429961958
v2,q25,rough_seed_0,rough_seed_17,wm000_ws060_we040,lm100_ls000_le000,lm000_ls040_le060,0,0.1919277254918411,0.39382327930658717,0.20189555381474608
v2,q25,rough_seed_0,rough_seed_17,wm000_ws040_we060,lm100_ls000_le000,lm100_ls000_le000,1,0.26254885287105817,0.26254885287105817,0.0
v2,q25,rough_seed_0,rough_seed_17,wm000_ws020_we080,lm020_ls060_le020,lm100_ls000_le000,0,0.13127442643552908,0.1612261890724971,0.029951762636968027
v2,q25,rough_seed_0,rough_seed_17,wm000_ws000_we100,lm020_ls060_le020,lm100_ls000_le000,0,0.0,0.19360732621848759,0.19360732621848759
v2,q25,rough_seed_0,rough_seed_17,balanced,lm100_ls000_le000,lm100_ls000_le000,1,0.21914119591102738,0.21914119591102738,0.0
v2,q25,rough_seed_0,rough_seed_17,motion,lm100_ls000_le000,lm100_ls000_le000,1,0.09919183871545255,0.09919183871545255,0.0
v2,q25,rough_seed_0,rough_seed_17,stability,lm100_ls000_le000,lm000_ls060_le040,0,0.11102447170949731,0.45961821085766724,0.34859373914816993
v2,q25,rough_seed_0,rough_seed_17,energy,lm020_ls060_le020,lm100_ls000_le000,0,0.09861353815996232,0.13739102023696173,0.03877748207699941
v2,q25,rough_seed_5,rough_seed_20,wm100_ws000_we000,lm100_ls000_le000,lm000_ls100_le000,0,0.0,0.07993338923685919,0.07993338923685919
v2,q25,rough_seed_5,rough_seed_20,wm080_ws020_we000,lm080_ls000_le020,lm020_ls060_le020,0,0.1417892183131797,0.27443644792944527,0.13264722961626557
v2,q25,rough_seed_5,rough_seed_20,wm080_ws000_we020,lm060_ls020_le020,lm060_ls040_le000,0,0.02538358769848591,0.22367514155563617,0.19829155385715025
v2,q25,rough_seed_5,rough_seed_20,wm060_ws040_we000,lm000_ls060_le040,lm060_ls020_le020,0,0.24392489939300094,0.5582458178713383,0.3143209184783374
v2,q25,rough_seed_5,rough_seed_20,wm060_ws020_we020,lm080_ls000_le020,lm020_ls060_le020,0,0.14147579821119285,0.20640353105376452,0.06492773284257167
v2,q25,rough_seed_5,rough_seed_20,wm060_ws000_we040,lm060_ls020_le020,lm080_ls020_le000,0,0.04674099175401099,0.16804512044794367,0.12130412869393269
v2,q25,rough_seed_5,rough_seed_20,wm040_ws060_we000,lm060_ls000_le040,lm060_ls020_le020,0,0.3645046502644354,0.39038708194951255,0.025882431685077145
v2,q25,rough_seed_5,rough_seed_20,wm040_ws040_we020,lm040_ls020_le040,lm060_ls020_le020,0,0.2436028312879478,0.38907709013348174,0.14547425884553394
v2,q25,rough_seed_5,rough_seed_20,wm040_ws020_we040,lm060_ls020_le020,lm060_ls020_le020,1,0.12270101231146018,0.12270101231146018,0.0
v2,q25,rough_seed_5,rough_seed_20,wm040_ws000_we060,lm060_ls020_le020,lm000_ls080_le020,0,0.04853432683236005,0.1124150993402512,0.06388077250789115
v2,q25,rough_seed_5,rough_seed_20,wm020_ws080_we000,lm020_ls020_le060,lm020_ls040_le040,0,0.18563973238387022,0.20294546926225,0.017305736878379774
v2,q25,rough_seed_5,rough_seed_20,wm020_ws060_we020,lm000_ls040_le060,lm020_ls040_le040,0,0.1868755992148271,0.2029422784832257,0.01606667926839861
v2,q25,rough_seed_5,rough_seed_20,wm020_ws040_we040,lm000_ls060_le040,lm000_ls040_le060,0,0.20388455696645139,0.4062619843559012,0.20237742738944983
v2,q25,rough_seed_5,rough_seed_20,wm020_ws020_we060,lm060_ls020_le020,lm060_ls020_le020,1,0.12237894420640703,0.12237894420640703,0.0
v2,q25,rough_seed_5,rough_seed_20,wm020_ws000_we080,lm060_ls020_le020,lm020_ls060_le020,0,0.031655430300672395,0.09388169521922028,0.06222626491854789
v2,q25,rough_seed_5,rough_seed_20,wm000_ws100_we000,lm000_ls000_le100,lm000_ls040_le060,0,0.0,0.18069268083781717,0.18069268083781717
v2,q25,rough_seed_5,rough_seed_20,wm000_ws080_we020,lm000_ls040_le060,lm000_ls040_le060,1,0.0951701268057946,0.0951701268057946,0.0
v2,q25,rough_seed_5,rough_seed_20,wm000_ws060_we040,lm000_ls040_le060,lm000_ls040_le060,1,0.1903402536115892,0.1903402536115892,0.0
v2,q25,rough_seed_5,rough_seed_20,wm000_ws040_we060,lm080_ls000_le020,lm060_ls020_le020,0,0.2429586950778415,0.2543950464743043,0.011436351396462763
v2,q25,rough_seed_5,rough_seed_20,wm000_ws020_we080,lm060_ls020_le020,lm060_ls020_le020,1,0.12205687610135389,0.12205687610135389,0.0
v2,q25,rough_seed_5,rough_seed_20,wm000_ws000_we100,lm060_ls020_le020,lm020_ls060_le020,0,0.0,0.11666076961149235,0.11666076961149235
v2,q25,rough_seed_5,rough_seed_20,balanced,lm000_ls060_le040,lm060_ls020_le020,0,0.2031948689274342,0.34008582535595366,0.13689095642851945
v2,q25,rough_seed_5,rough_seed_20,motion,lm080_ls000_le020,lm100_ls000_le000,0,0.10753027817181889,0.24017169904288022,0.13264142087106134
v2,q25,rough_seed_5,rough_seed_20,stability,lm000_ls040_le060,lm020_ls040_le040,0,0.14056170513887578,0.15220670886241927,0.01164500372354349
v2,q25,rough_seed_5,rough_seed_20,energy,lm060_ls020_le020,lm060_ls020_le020,1,0.09207297243602183,0.09207297243602183,0.0
v2,q25,rough_seed_11,rough_seed_4,wm100_ws000_we000,lm080_ls020_le000,lm100_ls000_le000,0,0.0,0.07843691473384914,0.07843691473384914
v2,q25,rough_seed_11,rough_seed_4,wm080_ws020_we000,lm000_ls100_le000,lm080_ls020_le000,0,0.199149075579005,0.6006519764004801,0.4015029008214751
v2,q25,rough_seed_11,rough_seed_4,wm080_ws000_we020,lm060_ls040_le000,lm100_ls000_le000,0,0.16078718640880146,0.17769300693392184,0.01690582052512038
v2,q25,rough_seed_11,rough_seed_4,wm060_ws040_we000,lm000_ls100_le000,lm080_ls020_le000,0,0.39752154804183326,0.45052393093611415,0.053002382894280886
v2,q25,rough_seed_11,rough_seed_4,wm060_ws020_we020,lm000_ls100_le000,lm080_ls020_le000,0,0.20060713008162176,0.45049597202751085,0.2498888419458891
v2,q25,rough_seed_11,rough_seed_4,wm060_ws000_we040,lm000_ls100_le000,lm100_ls000_le000,0,0.3215743728176029,0.45046801311890755,0.12889364030130462
v2,q25,rough_seed_11,rough_seed_4,wm040_ws060_we000,lm000_ls100_le000,lm020_ls080_le000,0,0.2707208465861193,0.3003958854717482,0.029675038885628946
v2,q25,rough_seed_11,rough_seed_4,wm040_ws040_we020,lm000_ls100_le000,lm020_ls080_le000,0,0.2712168497671029,0.3003679265631449,0.029151076796042008
v2,q25,rough_seed_11,rough_seed_4,wm040_ws020_we040,lm000_ls100_le000,lm020_ls080_le000,0,0.27171285294808656,0.3003399676545417,0.028627114706455126
v2,q25,rough_seed_11,rough_seed_4,wm040_ws000_we060,lm000_ls100_le000,lm020_ls080_le000,0,0.2722088561290702,0.3003120087459384,0.028103152616868188
v2,q25,rough_seed_11,rough_seed_4,wm020_ws080_we000,lm000_ls100_le000,lm020_ls080_le000,0,0.13536042329305964,0.15026784000738233,0.014907416714322691
v2,q25,rough_seed_11,rough_seed_4,wm020_ws060_we020,lm000_ls100_le000,lm020_ls080_le000,0,0.13585642647404328,0.15023988109877903,0.014383454624735753
v2,q25,rough_seed_11,rough_seed_4,wm020_ws040_we040,lm000_ls100_le000,lm020_ls080_le000,0,0.13635242965502692,0.15021192219017576,0.013859492535148843
v2,q25,rough_seed_11,rough_seed_4,wm020_ws020_we060,lm000_ls100_le000,lm000_ls100_le000,1,0.15018396328157246,0.15018396328157246,0.0
v2,q25,rough_seed_11,rough_seed_4,wm020_ws000_we080,lm000_ls100_le000,lm000_ls100_le000,1,0.1501560043729692,0.1501560043729692,0.0
v2,q25,rough_seed_11,rough_seed_4,wm000_ws100_we000,lm000_ls100_le000,lm020_ls080_le000,0,0.0,0.01411924884465801,0.01411924884465801
v2,q25,rough_seed_11,rough_seed_4,wm000_ws080_we020,lm000_ls100_le000,lm000_ls100_le000,1,0.011295399075726409,0.011295399075726409,0.0
v2,q25,rough_seed_11,rough_seed_4,wm000_ws060_we040,lm000_ls100_le000,lm000_ls100_le000,1,0.008471549306794807,0.008471549306794807,0.0
v2,q25,rough_seed_11,rough_seed_4,wm000_ws040_we060,lm000_ls100_le000,lm000_ls100_le000,1,0.0056476995378632044,0.0056476995378632044,0.0
v2,q25,rough_seed_11,rough_seed_4,wm000_ws020_we080,lm000_ls100_le000,lm000_ls100_le000,1,0.0028238497689316022,0.0028238497689316022,0.0
v2,q25,rough_seed_11,rough_seed_4,wm000_ws000_we100,lm000_ls100_le000,lm000_ls100_le000,1,0.0,0.0,0.0
v2,q25,rough_seed_11,rough_seed_4,balanced,lm000_ls100_le000,lm020_ls080_le000,0,0.22642737745673877,0.25030660546928746,0.023879228012548687
v2,q25,rough_seed_11,rough_seed_4,motion,lm000_ls100_le000,lm080_ls020_le000,0,0.1506494983402605,0.5255669844868446,0.37491748614658404
v2,q25,rough_seed_11,rough_seed_4,stability,lm000_ls100_le000,lm020_ls080_le000,0,0.10189231985553245,0.11271485945983838,0.01082253960430593
v2,q25,rough_seed_11,rough_seed_4,energy,lm000_ls100_le000,lm000_ls100_le000,1,0.11263797246117935,0.11263797246117935,0.0
v2,q25,rough_seed_4,rough_seed_6,wm100_ws000_we000,lm080_ls020_le000,lm080_ls020_le000,1,0.0,0.0,0.0
v2,q25,rough_seed_4,rough_seed_6,wm080_ws020_we000,lm020_ls080_le000,lm000_ls100_le000,0,0.03873779587632767,0.07277765641216473,0.03403986053583706
v2,q25,rough_seed_4,rough_seed_6,wm080_ws000_we020,lm100_ls000_le000,lm060_ls040_le000,0,0.021592336616301878,0.1838144185661675,0.16222208194986562
v2,q25,rough_seed_4,rough_seed_6,wm060_ws040_we000,lm000_ls080_le020,lm000_ls100_le000,0,0.029053346907245745,0.9328545761028115,0.9038012291955658
v2,q25,rough_seed_4,rough_seed_6,wm060_ws020_we020,lm020_ls080_le000,lm000_ls100_le000,0,0.029053346907245745,0.07303601671485406,0.043982669807608316
v2,q25,rough_seed_4,rough_seed_6,wm060_ws000_we040,lm100_ls000_le000,lm000_ls100_le000,0,0.029053346907245745,0.294934121870478,0.26588077496323226
v2,q25,rough_seed_4,rough_seed_6,wm040_ws060_we000,lm040_ls020_le040,lm000_ls100_le000,0,0.019368897938163834,0.8241303983655299,0.804761500427366
v2,q25,rough_seed_4,rough_seed_6,wm040_ws040_we020,lm000_ls080_le020,lm000_ls100_le000,0,0.019368897938163834,0.6263472566946464,0.6069783587564825
v2,q25,rough_seed_4,rough_seed_6,wm040_ws020_we040,lm020_ls080_le000,lm000_ls100_le000,0,0.019368897938163834,0.07329437701754339,0.05392547907937956
v2,q25,rough_seed_4,rough_seed_6,wm040_ws000_we060,lm100_ls000_le000,lm000_ls100_le000,0,0.019368897938163834,0.44127271094650206,0.42190381300833824
v2,q25,rough_seed_4,rough_seed_6,wm020_ws080_we000,lm020_ls040_le040,lm000_ls100_le000,0,0.009684448969081917,0.5112104786181569,0.501526029649075
v2,q25,rough_seed_4,rough_seed_6,wm020_ws060_we020,lm000_ls060_le040,lm000_ls100_le000,0,0.009684448969081917,0.4819902471832732,0.4723057982141913
v2,q25,rough_seed_4,rough_seed_6,wm020_ws040_we040,lm000_ls080_le020,lm000_ls100_le000,0,0.009684448969081917,0.8352035440973294,0.8255190951282475
v2,q25,rough_seed_4,rough_seed_6,wm020_ws020_we060,lm020_ls080_le000,lm000_ls100_le000,0,0.009684448969081917,0.08075021252718044,0.07106576355809852
v2,q25,rough_seed_4,rough_seed_6,wm020_ws000_we080,lm100_ls000_le000,lm000_ls100_le000,0,0.009684448969081917,0.587611300022526,0.5779268510534441
v2,q25,rough_seed_4,rough_seed_6,wm000_ws100_we000,lm040_ls000_le060,lm000_ls100_le000,0,0.0,1.6972011942230523,1.6972011942230523
v2,q25,rough_seed_4,rough_seed_6,wm000_ws080_we020,lm040_ls000_le060,lm000_ls100_le000,0,0.0,1.3657700914278832,1.3657700914278832
v2,q25,rough_seed_4,rough_seed_6,wm000_ws060_we040,lm040_ls000_le060,lm000_ls100_le000,0,0.0,1.6279278653191471,1.6279278653191471
v2,q25,rough_seed_4,rough_seed_6,wm000_ws040_we060,lm000_ls080_le020,lm000_ls100_le000,0,0.0,1.2476976362173038,1.2476976362173038
v2,q25,rough_seed_4,rough_seed_6,wm000_ws020_we080,lm020_ls080_le000,lm000_ls100_le000,0,0.0,0.10741917464809102,0.10741917464809102
v2,q25,rough_seed_4,rough_seed_6,wm000_ws000_we100,lm100_ls000_le000,lm000_ls100_le000,0,0.0,0.7339498890985501,0.7339498890985501
v2,q25,rough_seed_4,rough_seed_6,balanced,lm000_ls080_le020,lm000_ls100_le000,0,0.016140748281803192,0.698565840126234,0.6824250918444308
v2,q25,rough_seed_4,rough_seed_6,motion,lm020_ls080_le000,lm000_ls100_le000,0,0.03389557139178671,0.05478419468050665,0.020888623288719946
v2,q25,rough_seed_4,rough_seed_6,stability,lm000_ls060_le040,lm000_ls100_le000,0,0.007263336726811436,0.3868026257881894,0.37953928906137796
v2,q25,rough_seed_4,rough_seed_6,energy,lm040_ls060_le000,lm000_ls100_le000,0,0.007263336726811436,0.3953684402848217,0.38810510355801026
v2,q25,rough_seed_25,rough_seed_6,wm100_ws000_we000,lm080_ls020_le000,lm100_ls000_le000,0,0.0,0.033274517716205085,0.033274517716205085
v2,q25,rough_seed_25,rough_seed_6,wm080_ws020_we000,lm020_ls080_le000,lm080_ls000_le020,0,0.12533871318045423,0.1824377803008253,0.05709906712037108
v2,q25,rough_seed_25,rough_seed_6,wm080_ws000_we020,lm100_ls000_le000,lm100_ls000_le000,1,0.015800089386051264,0.015800089386051264,0.0
v2,q25,rough_seed_25,rough_seed_6,wm060_ws040_we000,lm000_ls080_le020,lm040_ls040_le020,0,0.14365801486556262,0.2281934281715864,0.08453541330602377
v2,q25,rough_seed_25,rough_seed_6,wm060_ws020_we020,lm020_ls080_le000,lm080_ls000_le020,0,0.09463197959606273,0.18416272954009344,0.08953074994403071
v2,q25,rough_seed_25,rough_seed_6,wm060_ws000_we040,lm100_ls000_le000,lm100_ls000_le000,1,0.03160017877210253,0.03160017877210253,0.0
v2,q25,rough_seed_25,rough_seed_6,wm040_ws060_we000,lm040_ls020_le040,lm040_ls020_le040,1,0.14300978688508584,0.14300978688508584,0.0
v2,q25,rough_seed_25,rough_seed_6,wm040_ws040_we020,lm000_ls080_le020,lm040_ls040_le020,0,0.10179164621421029,0.33179944201335765,0.23000779579914737
v2,q25,rough_seed_25,rough_seed_6,wm040_ws020_we040,lm020_ls080_le000,lm080_ls000_le020,0,0.0901187931790877,0.3655110829477507,0.275392289768663
v2,q25,rough_seed_25,rough_seed_6,wm040_ws000_we060,lm100_ls000_le000,lm100_ls000_le000,1,0.04740026815815378,0.04740026815815378,0.0
v2,q25,rough_seed_25,rough_seed_6,wm020_ws080_we000,lm020_ls040_le040,lm060_ls000_le040,0,0.07853022180055476,0.30220588244620145,0.2236756606456467
v2,q25,rough_seed_25,rough_seed_6,wm020_ws060_we020,lm000_ls060_le040,lm040_ls040_le020,0,0.15166508730912093,0.2475799712160032,0.09591488390688227
v2,q25,rough_seed_25,rough_seed_6,wm020_ws040_we040,lm000_ls080_le020,lm040_ls040_le020,0,0.10148226669681978,0.659603791255677,0.5581215245588572
v2,q25,rough_seed_25,rough_seed_6,wm020_ws020_we060,lm020_ls080_le000,lm040_ls040_le020,0,0.05129944608451861,0.5468594363554078,0.49555999027088915
v2,q25,rough_seed_25,rough_seed_6,wm020_ws000_we080,lm100_ls000_le000,lm100_ls000_le000,1,0.06320035754420505,0.06320035754420505,0.0
v2,q25,rough_seed_25,rough_seed_6,wm000_ws100_we000,lm040_ls000_le060,lm060_ls000_le040,0,0.0,1.6971490464358463,1.6971490464358463
v2,q25,rough_seed_25,rough_seed_6,wm000_ws080_we020,lm040_ls000_le060,lm060_ls000_le040,0,0.15795342125440343,1.359411975878127,1.2014585546237235
v2,q25,rough_seed_25,rough_seed_6,wm000_ws060_we040,lm040_ls000_le060,lm040_ls040_le020,0,0.15135570779173044,1.0216749053204073,0.8703191975286768
v2,q25,rough_seed_25,rough_seed_6,wm000_ws040_we060,lm000_ls080_le020,lm040_ls040_le020,0,0.1011728871794293,0.9874081404979962,0.8862352533185669
v2,q25,rough_seed_25,rough_seed_6,wm000_ws020_we080,lm020_ls080_le000,lm040_ls040_le020,0,0.06572393126688088,0.7282077897630652,0.6624838584961843
v2,q25,rough_seed_25,rough_seed_6,wm000_ws000_we100,lm100_ls000_le000,lm020_ls000_le080,0,0.0,0.0790004469302563,0.0790004469302563
v2,q25,rough_seed_25,rough_seed_6,balanced,lm000_ls080_le020,lm040_ls040_le020,0,0.08496091283764638,0.5501568008844621,0.46519588804681566
v2,q25,rough_seed_25,rough_seed_6,motion,lm020_ls080_le000,lm080_ls000_le020,0,0.10990658261383564,0.13844021655843017,0.02853363394459453
v2,q25,rough_seed_25,rough_seed_6,stability,lm000_ls060_le040,lm060_ls000_le040,0,0.11904821115219281,0.2875508313190515,0.16850262016685869
v2,q25,rough_seed_25,rough_seed_6,energy,lm040_ls060_le000,lm040_ls040_le020,0,0.05779925412517968,0.418528845520666,0.3607295913954863
v2,q25,rough_seed_12,rough_seed_4,wm100_ws000_we000,lm080_ls020_le000,lm100_ls000_le000,0,0.0,0.04025001642554341,0.04025001642554341
v2,q25,rough_seed_12,rough_seed_4,wm080_ws020_we000,lm000_ls100_le000,lm100_ls000_le000,0,0.202,0.4779440465396955,0.2759440465396955
v2,q25,rough_seed_12,rough_seed_4,wm080_ws000_we020,lm060_ls040_le000,lm100_ls000_le000,0,0.0,0.24799361443510756,0.24799361443510756
v2,q25,rough_seed_12,rough_seed_4,wm060_ws040_we000,lm000_ls100_le000,lm100_ls000_le000,0,0.404,0.7175034983131142,0.3135034983131142
v2,q25,rough_seed_12,rough_seed_4,wm060_ws020_we020,lm000_ls100_le000,lm100_ls000_le000,0,0.202,0.42728959459971383,0.22528959459971382
v2,q25,rough_seed_12,rough_seed_4,wm060_ws000_we040,lm000_ls100_le000,lm100_ls000_le000,0,0.0,0.8439872310588006,0.8439872310588006
v2,q25,rough_seed_12,rough_seed_4,wm040_ws060_we000,lm000_ls100_le000,lm040_ls040_le020,0,0.404,1.0733195451872526,0.6693195451872526
v2,q25,rough_seed_12,rough_seed_4,wm040_ws040_we020,lm000_ls100_le000,lm080_ls000_le020,0,0.3697303579644351,0.7204899321938097,0.35075957422937465
v2,q25,rough_seed_12,rough_seed_4,wm040_ws020_we040,lm000_ls100_le000,lm100_ls000_le000,0,0.202,0.8463475078466955,0.6443475078466956
v2,q25,rough_seed_12,rough_seed_4,wm040_ws000_we060,lm000_ls100_le000,lm100_ls000_le000,0,0.0,1.2630451443057824,1.2630451443057824
v2,q25,rough_seed_12,rough_seed_4,wm020_ws080_we000,lm000_ls100_le000,lm040_ls040_le020,0,0.202,1.4291355920613915,1.2271355920613916
v2,q25,rough_seed_12,rough_seed_4,wm020_ws060_we020,lm000_ls100_le000,lm040_ls040_le020,0,0.20341142477832982,1.0763059790679481,0.8728945542896183
v2,q25,rough_seed_12,rough_seed_4,wm020_ws040_we040,lm000_ls100_le000,lm040_ls040_le020,0,0.2871078052226233,0.8487077846345906,0.5615999794119673
v2,q25,rough_seed_12,rough_seed_4,wm020_ws020_we060,lm000_ls100_le000,lm100_ls000_le000,0,0.202,1.2654054210936774,1.0634054210936774
v2,q25,rough_seed_12,rough_seed_4,wm020_ws000_we080,lm000_ls100_le000,lm100_ls000_le000,0,0.0,1.682103057552764,1.682103057552764
v2,q25,rough_seed_12,rough_seed_4,wm000_ws100_we000,lm000_ls100_le000,lm040_ls040_le020,0,0.0,1.78495163893553,1.78495163893553
v2,q25,rough_seed_12,rough_seed_4,wm000_ws080_we020,lm000_ls100_le000,lm040_ls040_le020,0,0.14255390261131165,1.4321220259420868,1.2895681233307752
v2,q25,rough_seed_12,rough_seed_4,wm000_ws060_we040,lm000_ls100_le000,lm040_ls040_le020,0,0.2851078052226233,1.0792924129486436,0.7941846077260204
v2,q25,rough_seed_12,rough_seed_4,wm000_ws040_we060,lm000_ls100_le000,lm100_ls000_le000,0,0.404,1.2677656978815723,0.8637656978815723
v2,q25,rough_seed_12,rough_seed_4,wm000_ws020_we080,lm000_ls100_le000,lm100_ls000_le000,0,0.202,1.6844633343406592,1.4824633343406592
v2,q25,rough_seed_12,rough_seed_4,wm000_ws000_we100,lm000_ls100_le000,lm100_ls000_le000,0,0.0,2.1011609707997456,2.1011609707997456
v2,q25,rough_seed_12,rough_seed_4,balanced,lm000_ls100_le000,lm100_ls000_le000,0,0.33666666666666667,0.708235054622965,0.3715683879562983
v2,q25,rough_seed_12,rough_seed_4,motion,lm000_ls100_le000,lm100_ls000_le000,0,0.1515,0.42087975710487285,0.26937975710487283
v2,q25,rough_seed_12,rough_seed_4,stability,lm000_ls100_le000,lm040_ls040_le020,0,0.15255856858374736,1.2534673940348435,1.1009088254510961
v2,q25,rough_seed_12,rough_seed_4,energy,lm000_ls100_le000,lm100_ls000_le000,0,0.1515,1.4743443085201944,1.3228443085201944
v2,q25,rough_seed_6,rough_seed_25,wm100_ws000_we000,lm100_ls000_le000,lm080_ls020_le000,0,0.0,0.019444788457276867,0.019444788457276867
v2,q25,rough_seed_6,rough_seed_25,wm080_ws020_we000,lm080_ls000_le020,lm020_ls080_le000,0,0.11766906181740024,0.3095896639649515,0.1919206021475513
v2,q25,rough_seed_6,rough_seed_25,wm080_ws000_we020,lm100_ls000_le000,lm100_ls000_le000,1,0.015555830765821493,0.015555830765821493,0.0
v2,q25,rough_seed_6,rough_seed_25,wm060_ws040_we000,lm040_ls040_le020,lm000_ls080_le020,0,0.19513767175767274,0.2073530347886709,0.012215363030998155
v2,q25,rough_seed_6,rough_seed_25,wm060_ws020_we020,lm080_ls000_le020,lm020_ls080_le000,0,0.11797135871125086,0.2345387515869164,0.11656739287566553
v2,q25,rough_seed_6,rough_seed_25,wm060_ws000_we040,lm100_ls000_le000,lm100_ls000_le000,1,0.011666873074366119,0.011666873074366119,0.0
v2,q25,rough_seed_6,rough_seed_25,wm040_ws060_we000,lm040_ls020_le040,lm040_ls020_le040,1,0.2293649881458,0.2293649881458,0.0
v2,q25,rough_seed_6,rough_seed_25,wm040_ws040_we020,lm040_ls040_le020,lm000_ls080_le020,0,0.17012522035353672,0.2081719925587776,0.038046772205240886
v2,q25,rough_seed_6,rough_seed_25,wm040_ws020_we040,lm080_ls000_le020,lm020_ls080_le000,0,0.11827365560510147,0.3926505975716523,0.2743769419665508
v2,q25,rough_seed_6,rough_seed_25,wm040_ws000_we060,lm100_ls000_le000,lm100_ls000_le000,1,0.007777915382910746,0.007777915382910746,0.0
v2,q25,rough_seed_6,rough_seed_25,wm020_ws080_we000,lm060_ls000_le040,lm020_ls040_le040,0,0.1209861865983622,0.18003022535705915,0.059044038758696946
v2,q25,rough_seed_6,rough_seed_25,wm020_ws060_we020,lm040_ls040_le020,lm000_ls060_le040,0,0.12434206404501243,0.31016904684215274,0.18582698279714033
v2,q25,rough_seed_6,rough_seed_25,wm020_ws040_we040,lm040_ls040_le020,lm000_ls080_le020,0,0.16995024233665781,0.3038349204988112,0.1338846781621534
v2,q25,rough_seed_6,rough_seed_25,wm020_ws020_we060,lm040_ls040_le020,lm020_ls080_le000,0,0.12027080222910068,0.45338344179874235,0.33311263956964166
v2,q25,rough_seed_6,rough_seed_25,wm020_ws000_we080,lm100_ls000_le000,lm100_ls000_le000,1,0.003888957691455373,0.003888957691455373,0.0
v2,q25,rough_seed_6,rough_seed_25,wm000_ws100_we000,lm060_ls000_le040,lm040_ls000_le060,0,0.0,0.22353298150209222,0.22353298150209222
v2,q25,rough_seed_6,rough_seed_25,wm000_ws080_we020,lm060_ls000_le040,lm040_ls000_le060,0,0.09912048199041387,0.3058267335627472,0.20670625157233333
v2,q25,rough_seed_6,rough_seed_25,wm000_ws060_we040,lm040_ls040_le020,lm040_ls000_le060,0,0.19824096398082774,0.31098800461225945,0.1127470406314317
v2,q25,rough_seed_6,rough_seed_25,wm000_ws040_we060,lm040_ls040_le020,lm000_ls080_le020,0,0.1697752643197789,0.4537281797179994,0.2839529153982205
v2,q25,rough_seed_6,rough_seed_25,wm000_ws020_we080,lm040_ls040_le020,lm020_ls080_le000,0,0.15985324492759392,0.6032767010179306,0.44342345609033673
v2,q25,rough_seed_6,rough_seed_25,wm000_ws000_we100,lm020_ls000_le080,lm100_ls000_le000,0,0.0,3.194522537725481,3.194522537725481
v2,q25,rough_seed_6,rough_seed_25,balanced,lm040_ls040_le020,lm000_ls080_le020,0,0.14215729902371685,0.2537555881193294,0.11159828909561256
v2,q25,rough_seed_6,rough_seed_25,motion,lm080_ls000_le020,lm020_ls080_le000,0,0.08859164973868289,0.27212768047962155,0.18353603074093866
v2,q25,rough_seed_6,rough_seed_25,stability,lm060_ls000_le040,lm000_ls060_le040,0,0.09338578569369428,0.23049425007226482,0.13710846437857055
v2,q25,rough_seed_6,rough_seed_25,energy,lm040_ls040_le020,lm040_ls060_le000,0,0.12272412383380095,0.5282438869285222,0.40551976309472126
v2,q25,rough_seed_29,rough_seed_18,wm100_ws000_we000,lm000_ls100_le000,lm100_ls000_le000,0,0.0,0.49506627584456103,0.49506627584456103
v2,q25,rough_seed_29,rough_seed_18,wm080_ws020_we000,lm000_ls100_le000,lm100_ls000_le000,0,0.14138735532087288,0.3968294239885546,0.2554420686676817
v2,q25,rough_seed_29,rough_seed_18,wm080_ws000_we020,lm000_ls100_le000,lm060_ls040_le000,0,0.14282276095330512,0.39727020819825193,0.25444744724494683
v2,q25,rough_seed_29,rough_seed_18,wm060_ws040_we000,lm000_ls100_le000,lm060_ls040_le000,0,0.1075999428120435,0.29859257213254814,0.19099262932050465
v2,q25,rough_seed_29,rough_seed_18,wm060_ws020_we020,lm000_ls100_le000,lm060_ls040_le000,0,0.10779445942708736,0.2990333563422455,0.1912388969151581
v2,q25,rough_seed_29,rough_seed_18,wm060_ws000_we040,lm000_ls100_le000,lm060_ls040_le000,0,0.14195528628880108,0.2994741405519428,0.15751885426314174
v2,q25,rough_seed_29,rough_seed_18,wm040_ws060_we000,lm000_ls100_le000,lm040_ls060_le000,0,0.13752592588670157,0.23721086232864655,0.09968493644194498
v2,q25,rough_seed_29,rough_seed_18,wm040_ws040_we020,lm000_ls100_le000,lm040_ls060_le000,0,0.09269111299729751,0.2007965044862391,0.10810539148894158
v2,q25,rough_seed_29,rough_seed_18,wm040_ws020_we040,lm000_ls100_le000,lm060_ls040_le000,0,0.1421064987951534,0.24860894139693204,0.10650244260177863
v2,q25,rough_seed_29,rough_seed_18,wm040_ws000_we060,lm000_ls100_le000,lm080_ls020_le000,0,0.16315855466542029,0.37076847786694117,0.20760992320152089
v2,q25,rough_seed_29,rough_seed_18,wm020_ws080_we000,lm000_ls100_le000,lm080_ls020_le000,0,0.07788608042504694,0.31464726767303186,0.23676118724798492
v2,q25,rough_seed_29,rough_seed_18,wm020_ws060_we020,lm000_ls100_le000,lm080_ls020_le000,0,0.07841946740868766,0.23744772059215152,0.15902825318346386
v2,q25,rough_seed_29,rough_seed_18,wm020_ws040_we040,lm000_ls100_le000,lm080_ls020_le000,0,0.10851532000656718,0.24840501545073967,0.1398896954441725
v2,q25,rough_seed_29,rough_seed_18,wm020_ws020_we060,lm000_ls100_le000,lm080_ls020_le000,0,0.1623874053542812,0.37056455192074883,0.20817714656646763
v2,q25,rough_seed_29,rough_seed_18,wm020_ws000_we080,lm000_ls100_le000,lm080_ls000_le020,0,0.08798143057191017,0.4927240883907581,0.40474265781884794
v2,q25,rough_seed_29,rough_seed_18,wm000_ws100_we000,lm040_ls040_le020,lm080_ls020_le000,0,0.0,0.8756140471039797,0.8756140471039797
v2,q25,rough_seed_29,rough_seed_18,wm000_ws080_we020,lm000_ls100_le000,lm080_ls020_le000,0,0.05387208534771405,0.3148841259365368,0.26101204058882277
v2,q25,rough_seed_29,rough_seed_18,wm000_ws060_we040,lm000_ls100_le000,lm080_ls020_le000,0,0.1077441706954281,0.2482010895045473,0.1404569188091192
v2,q25,rough_seed_29,rough_seed_18,wm000_ws040_we060,lm000_ls100_le000,lm080_ls020_le000,0,0.16161625604314211,0.37036062597455643,0.20874436993141432
v2,q25,rough_seed_29,rough_seed_18,wm000_ws020_we080,lm000_ls100_le000,lm040_ls040_le020,0,0.17615667609005298,0.4925201624445657,0.3163634863545127
v2,q25,rough_seed_29,rough_seed_18,wm000_ws000_we100,lm000_ls100_le000,lm080_ls000_le020,0,0.0,0.6146796989145749,0.6146796989145749
v2,q25,rough_seed_29,rough_seed_18,balanced,lm000_ls100_le000,lm060_ls040_le000,0,0.11884125536819289,0.20782112059153146,0.08897986522333858
v2,q25,rough_seed_29,rough_seed_18,motion,lm000_ls100_le000,lm060_ls040_le000,0,0.12525998103643526,0.34804158621782433,0.22278160518138906
v2,q25,rough_seed_29,rough_seed_18,stability,lm000_ls100_le000,lm080_ls020_le000,0,0.058814600556515745,0.27610670869846793,0.21729210814195218
v2,q25,rough_seed_29,rough_seed_18,energy,lm000_ls100_le000,lm040_ls040_le020,0,0.14675240208804533,0.4315933386692053,0.28484093658115994
v2,q25,rough_seed_18,rough_seed_8,wm100_ws000_we000,lm080_ls020_le000,lm000_ls100_le000,0,0.0,0.42310939195508834,0.42310939195508834
v2,q25,rough_seed_18,rough_seed_8,wm080_ws020_we000,lm080_ls020_le000,lm000_ls100_le000,0,0.012356695796455206,0.3392068008660683,0.3268501050696131
v2,q25,rough_seed_18,rough_seed_8,wm080_ws000_we020,lm100_ls000_le000,lm000_ls100_le000,0,0.0,0.43876947816835893,0.43876947816835893
v2,q25,rough_seed_18,rough_seed_8,wm060_ws040_we000,lm080_ls020_le000,lm000_ls100_le000,0,0.024713391592910413,0.2553042097770482,0.2305908181841378
v2,q25,rough_seed_18,rough_seed_8,wm060_ws020_we020,lm080_ls020_le000,lm000_ls100_le000,0,0.012356695796455206,0.45767128941745105,0.44531459362099585
v2,q25,rough_seed_18,rough_seed_8,wm060_ws000_we040,lm100_ls000_le000,lm000_ls100_le000,0,0.0,0.8740728029662981,0.8740728029662981
v2,q25,rough_seed_18,rough_seed_8,wm040_ws060_we000,lm080_ls020_le000,lm000_ls100_le000,0,0.03707008738936561,0.21961973326549533,0.1825496458761297
v2,q25,rough_seed_18,rough_seed_8,wm040_ws040_we020,lm080_ls020_le000,lm000_ls100_le000,0,0.024713391592910413,0.45755273633933957,0.43283934474642916
v2,q25,rough_seed_18,rough_seed_8,wm040_ws020_we040,lm100_ls000_le000,lm000_ls100_le000,0,0.012356695796455206,0.8756065757930616,0.8632498799966064
v2,q25,rough_seed_18,rough_seed_8,wm040_ws000_we060,lm100_ls000_le000,lm000_ls100_le000,0,0.0,1.3093761277642373,1.3093761277642373
v2,q25,rough_seed_18,rough_seed_8,wm020_ws080_we000,lm080_ls020_le000,lm000_ls100_le000,0,0.049426783185820826,0.2914299103871453,0.24200312720132444
v2,q25,rough_seed_18,rough_seed_8,wm020_ws060_we020,lm080_ls020_le000,lm000_ls100_le000,0,0.03707008738936561,0.45743418326122814,0.4203640958718625
v2,q25,rough_seed_18,rough_seed_8,wm020_ws040_we040,lm040_ls060_le000,lm000_ls100_le000,0,0.024713391592910413,0.5559785974680823,0.5312652058751719
v2,q25,rough_seed_18,rough_seed_8,wm020_ws020_we060,lm040_ls060_le000,lm000_ls100_le000,0,0.012356695796455206,0.8325810457188956,0.8202243499224404
v2,q25,rough_seed_18,rough_seed_8,wm020_ws000_we080,lm040_ls060_le000,lm000_ls100_le000,0,0.0,1.1091834939697087,1.1091834939697087
v2,q25,rough_seed_18,rough_seed_8,wm000_ws100_we000,lm080_ls020_le000,lm040_ls040_le020,0,0.0,0.3632400875087953,0.3632400875087953
v2,q25,rough_seed_18,rough_seed_8,wm000_ws080_we020,lm080_ls020_le000,lm000_ls100_le000,0,0.049426783185820826,0.45731563018311666,0.40788884699729583
v2,q25,rough_seed_18,rough_seed_8,wm000_ws060_we040,lm080_ls020_le000,lm000_ls100_le000,0,0.03707008738936561,0.9110348238562452,0.8739647364668797
v2,q25,rough_seed_18,rough_seed_8,wm000_ws040_we060,lm040_ls060_le000,lm000_ls100_le000,0,0.024713391592910413,0.8328687609171848,0.8081553693242743
v2,q25,rough_seed_18,rough_seed_8,wm000_ws020_we080,lm040_ls060_le000,lm000_ls100_le000,0,0.012356695796455206,1.109471209167998,1.0971145133715428
v2,q25,rough_seed_18,rough_seed_8,wm000_ws000_we100,lm040_ls060_le000,lm000_ls100_le000,0,0.0,1.386073657418811,1.386073657418811
v2,q25,rough_seed_18,rough_seed_8,balanced,lm040_ls060_le000,lm000_ls100_le000,0,0.02059449299409201,0.4635859712522851,0.4429914782581931
v2,q25,rough_seed_18,rough_seed_8,motion,lm080_ls020_le000,lm000_ls100_le000,0,0.009267521847341403,0.34430076753822464,0.3350332456908832
v2,q25,rough_seed_18,rough_seed_8,stability,lm080_ls020_le000,lm000_ls100_le000,0,0.043248435287593215,0.3439747465734181,0.3007263112858249
v2,q25,rough_seed_18,rough_seed_8,energy,lm040_ls060_le000,lm000_ls100_le000,0,0.009267521847341403,0.9709541986438743,0.961686676796533
v2,q25,rough_seed_10,rough_seed_7,wm100_ws000_we000,lm100_ls000_le000,lm060_ls040_le000,0,0.0,0.010046092519815277,0.010046092519815277
v2,q25,rough_seed_10,rough_seed_7,wm080_ws020_we000,lm080_ls020_le000,lm080_ls020_le000,1,0.08934336145439944,0.08934336145439944,0.0
v2,q25,rough_seed_10,rough_seed_7,wm080_ws000_we020,lm000_ls100_le000,lm100_ls000_le000,0,0.027364594489203167,0.20228840358578873,0.17492380909658556
v2,q25,rough_seed_10,rough_seed_7,wm060_ws040_we000,lm080_ls020_le000,lm080_ls000_le020,0,0.14676191603588556,0.1781136510344807,0.03135173499859514
v2,q25,rough_seed_10,rough_seed_7,wm060_ws020_we020,lm000_ls100_le000,lm080_ls020_le000,0,0.0892287470795358,0.21501832723964567,0.12578958016010988
v2,q25,rough_seed_10,rough_seed_7,wm060_ws000_we040,lm040_ls040_le020,lm080_ls020_le000,0,0.034728155583680434,0.17617956778404967,0.14145141220036922
v2,q25,rough_seed_10,rough_seed_7,wm040_ws060_we000,lm080_ls020_le000,lm020_ls040_le040,0,0.16231085368994616,0.26688394061456194,0.10457308692461578
v2,q25,rough_seed_10,rough_seed_7,wm040_ws040_we020,lm020_ls080_le000,lm060_ls020_le020,0,0.12180717067211369,0.19862521002713074,0.07681803935501705
v2,q25,rough_seed_10,rough_seed_7,wm040_ws020_we040,lm040_ls020_le040,lm080_ls020_le000,0,0.08911413270467218,0.23756562555475022,0.14845149285007803
v2,q25,rough_seed_10,rough_seed_7,wm040_ws000_we060,lm040_ls020_le040,lm080_ls020_le000,0,0.023152103722453625,0.3547668991559802,0.33161479543352657
v2,q25,rough_seed_10,rough_seed_7,wm020_ws080_we000,lm000_ls060_le040,lm040_ls000_le060,0,0.1536555874161028,0.23327306648642793,0.07961747907032513
v2,q25,rough_seed_10,rough_seed_7,wm020_ws060_we020,lm000_ls060_le040,lm040_ls000_le060,0,0.11657912054015335,0.17642249343411098,0.059843372893957636
v2,q25,rough_seed_10,rough_seed_7,wm020_ws040_we040,lm000_ls040_le060,lm060_ls020_le020,0,0.12152862557147921,0.3934082843694949,0.2718796587980157
v2,q25,rough_seed_10,rough_seed_7,wm020_ws020_we060,lm040_ls020_le040,lm060_ls020_le020,0,0.08034740809800486,0.35463320617729815,0.2742857980792933
v2,q25,rough_seed_10,rough_seed_7,wm020_ws000_we080,lm020_ls020_le060,lm080_ls020_le000,0,0.011576051861226812,0.9316326186237811,0.9200565667625543
v2,q25,rough_seed_10,rough_seed_7,wm000_ws100_we000,lm020_ls020_le060,lm000_ls000_le100,0,0.0,0.2487256712868509,0.2487256712868509
v2,q25,rough_seed_10,rough_seed_7,wm000_ws080_we020,lm020_ls020_le060,lm040_ls000_le060,0,0.15383036034486472,0.23463179560537317,0.08080143526050845
v2,q25,rough_seed_10,rough_seed_7,wm000_ws060_we040,lm020_ls020_le060,lm020_ls040_le040,0,0.16205962348791028,0.46680096080196565,0.3047413373140554
v2,q25,rough_seed_10,rough_seed_7,wm000_ws040_we060,lm020_ls020_le060,lm060_ls020_le020,0,0.12125008047084473,0.6989701259985581,0.5777200455277134
v2,q25,rough_seed_10,rough_seed_7,wm000_ws020_we080,lm020_ls020_le060,lm080_ls020_le000,0,0.08888490395494492,0.9311392911951506,0.8422543872402057
v2,q25,rough_seed_10,rough_seed_7,wm000_ws000_we100,lm020_ls020_le060,lm080_ls020_le000,0,0.0,1.1633084563917429,1.1633084563917429
v2,q25,rough_seed_10,rough_seed_7,balanced,lm000_ls060_le040,lm060_ls020_le020,0,0.10172382780129385,0.21598131893110312,0.11425749112980926
v2,q25,rough_seed_10,rough_seed_7,motion,lm000_ls100_le000,lm080_ls020_le000,0,0.06706482827823138,0.16147098828036532,0.09440616000213395
v2,q25,rough_seed_10,rough_seed_7,stability,lm020_ls020_le060,lm040_ls000_le060,0,0.13516104721031855,0.1769594998776979,0.04179845266737936
v2,q25,rough_seed_10,rough_seed_7,energy,lm020_ls020_le060,lm080_ls020_le000,0,0.0667496387473564,0.8154247041683271,0.7486750654209707
v2,q25,rough_seed_8,rough_seed_18,wm100_ws000_we000,lm000_ls100_le000,lm080_ls020_le000,0,0.0,0.7355479620344475,0.7355479620344475
v2,q25,rough_seed_8,rough_seed_18,wm080_ws020_we000,lm000_ls100_le000,lm080_ls020_le000,0,0.0,0.591356940758995,0.591356940758995
v2,q25,rough_seed_8,rough_seed_18,wm080_ws000_we020,lm000_ls100_le000,lm100_ls000_le000,0,0.10592394966705458,0.5937657963167022,0.48784184664964764
v2,q25,rough_seed_8,rough_seed_18,wm060_ws040_we000,lm000_ls100_le000,lm080_ls020_le000,0,0.0,0.5939209604039453,0.5939209604039453
v2,q25,rough_seed_8,rough_seed_18,wm060_ws020_we020,lm000_ls100_le000,lm080_ls020_le000,0,0.202,0.5453582585886748,0.3433582585886748
v2,q25,rough_seed_8,rough_seed_18,wm060_ws000_we040,lm000_ls100_le000,lm100_ls000_le000,0,0.10399617689828518,1.0805097830608057,0.9765136061625205
v2,q25,rough_seed_8,rough_seed_18,wm040_ws060_we000,lm000_ls100_le000,lm080_ls020_le000,0,0.0,0.8872401140611929,0.8872401140611929
v2,q25,rough_seed_8,rough_seed_18,wm040_ws040_we020,lm000_ls100_le000,lm080_ls020_le000,0,0.202,0.5977918564751995,0.3957918564751995
v2,q25,rough_seed_8,rough_seed_18,wm040_ws020_we040,lm000_ls100_le000,lm100_ls000_le000,0,0.20354376141838743,1.0819718235743525,0.878428062155965
v2,q25,rough_seed_8,rough_seed_18,wm040_ws000_we060,lm000_ls100_le000,lm100_ls000_le000,0,0.15534195722734176,1.6171233480464835,1.4617813908191417
v2,q25,rough_seed_8,rough_seed_18,wm020_ws080_we000,lm000_ls100_le000,lm080_ls020_le000,0,0.0,1.1805592677184404,1.1805592677184404
v2,q25,rough_seed_8,rough_seed_18,wm020_ws060_we020,lm000_ls100_le000,lm080_ls020_le000,0,0.202,0.8911110101324471,0.6891110101324471
v2,q25,rough_seed_8,rough_seed_18,wm020_ws040_we040,lm000_ls100_le000,lm040_ls060_le000,0,0.2813795332599511,1.0834338640878995,0.8020543308279484
v2,q25,rough_seed_8,rough_seed_18,wm020_ws020_we060,lm000_ls100_le000,lm040_ls060_le000,0,0.1412358738669316,1.6185853885600305,1.477349514693099
v2,q25,rough_seed_8,rough_seed_18,wm020_ws000_we080,lm000_ls100_le000,lm040_ls060_le000,0,0.11031366186512433,2.1537369130321613,2.043423251167037
v2,q25,rough_seed_8,rough_seed_18,wm000_ws100_we000,lm040_ls040_le020,lm080_ls020_le000,0,0.0,0.7435887175898936,0.7435887175898936
v2,q25,rough_seed_8,rough_seed_18,wm000_ws080_we020,lm000_ls100_le000,lm080_ls020_le000,0,0.202,1.1844301637896948,0.9824301637896948
v2,q25,rough_seed_8,rough_seed_18,wm000_ws060_we040,lm000_ls100_le000,lm080_ls020_le000,0,0.404,1.0848959046014466,0.6808959046014466
v2,q25,rough_seed_8,rough_seed_18,wm000_ws040_we060,lm000_ls100_le000,lm040_ls060_le000,0,0.2802873187860389,1.6200474290735776,1.3397601102875387
v2,q25,rough_seed_8,rough_seed_18,wm000_ws020_we080,lm000_ls100_le000,lm040_ls060_le000,0,0.14014365939301945,2.155198953545708,2.0150552941526887
v2,q25,rough_seed_8,rough_seed_18,wm000_ws000_we100,lm000_ls100_le000,lm040_ls060_le000,0,0.0,2.690350478017839,2.690350478017839
v2,q25,rough_seed_8,rough_seed_18,balanced,lm000_ls100_le000,lm040_ls060_le000,0,0.2353931231115526,0.9040753289214913,0.6686822058099388
v2,q25,rough_seed_8,rough_seed_18,motion,lm000_ls100_le000,lm080_ls020_le000,0,0.1515,0.5210680717895492,0.3695680717895492
v2,q25,rough_seed_8,rough_seed_18,stability,lm000_ls100_le000,lm080_ls020_le000,0,0.1515,1.0368028629432573,0.8853028629432573
v2,q25,rough_seed_8,rough_seed_18,energy,lm000_ls100_le000,lm040_ls060_le000,0,0.10592690540019868,1.8865266609244824,1.7805997555242836
v2,q25,rough_seed_22,rough_seed_20,wm100_ws000_we000,lm100_ls000_le000,lm100_ls000_le000,1,0.0,0.0,0.0
v2,q25,rough_seed_22,rough_seed_20,wm080_ws020_we000,lm080_ls000_le020,lm080_ls020_le000,0,0.20006500496469343,0.2470702201791855,0.04700521521449208
v2,q25,rough_seed_22,rough_seed_20,wm080_ws000_we020,lm060_ls020_le020,lm080_ls020_le000,0,0.20101420328297948,0.26979701925848315,0.06878281597550367
v2,q25,rough_seed_22,rough_seed_20,wm060_ws040_we000,lm000_ls060_le040,lm080_ls000_le020,0,0.2735163768252158,0.6932267691062576,0.4197103922810418
v2,q25,rough_seed_22,rough_seed_20,wm060_ws020_we020,lm080_ls000_le020,lm080_ls000_le020,1,0.1937066002379729,0.1937066002379729,0.0
v2,q25,rough_seed_22,rough_seed_20,wm060_ws000_we040,lm060_ls020_le020,lm040_ls040_le020,0,0.31479697927604194,0.4065204043551879,0.09172342507914594
v2,q25,rough_seed_22,rough_seed_20,wm040_ws060_we000,lm060_ls000_le040,lm040_ls040_le020,0,0.28199113945944504,0.5089785403597464,0.2269874009003014
v2,q25,rough_seed_22,rough_seed_20,wm040_ws040_we020,lm040_ls020_le040,lm040_ls040_le020,0,0.21132834276331575,0.404,0.19267165723668428
v2,q25,rough_seed_22,rough_seed_20,wm040_ws020_we040,lm060_ls020_le020,lm040_ls040_le020,0,0.2357043500852413,0.40724863904297587,0.17154428895773458
v2,q25,rough_seed_22,rough_seed_20,wm040_ws000_we060,lm060_ls020_le020,lm040_ls040_le020,0,0.3511394110587184,0.6081234630524234,0.256984051993705
v2,q25,rough_seed_22,rough_seed_20,wm020_ws080_we000,lm020_ls020_le060,lm040_ls020_le040,0,0.202,0.3236708468231667,0.1216708468231667
v2,q25,rough_seed_22,rough_seed_20,wm020_ws060_we020,lm000_ls040_le060,lm040_ls020_le040,0,0.202,0.3343276396584846,0.1323276396584846
v2,q25,rough_seed_22,rough_seed_20,wm020_ws040_we040,lm000_ls060_le040,lm040_ls020_le040,0,0.202,0.2329979987527633,0.030997998752763295
v2,q25,rough_seed_22,rough_seed_20,wm020_ws020_we060,lm060_ls020_le020,lm040_ls020_le040,0,0.202,0.6088516977402114,0.4068516977402114
v2,q25,rough_seed_22,rough_seed_20,wm020_ws000_we080,lm060_ls020_le020,lm040_ls020_le040,0,0.202,0.809726521749659,0.607726521749659
v2,q25,rough_seed_22,rough_seed_20,wm000_ws100_we000,lm000_ls000_le100,lm040_ls020_le040,0,0.0,0.29575601260210443,0.29575601260210443
v2,q25,rough_seed_22,rough_seed_20,wm000_ws080_we020,lm000_ls040_le060,lm040_ls020_le040,0,0.0,0.23157034899308748,0.23157034899308748
v2,q25,rough_seed_22,rough_seed_20,wm000_ws060_we040,lm000_ls040_le060,lm040_ls020_le040,0,0.0,0.46085473905892016,0.46085473905892016
v2,q25,rough_seed_22,rough_seed_20,wm000_ws040_we060,lm080_ls000_le020,lm040_ls020_le040,0,0.0,0.5743007158726567,0.5743007158726567
v2,q25,rough_seed_22,rough_seed_20,wm000_ws020_we080,lm060_ls020_le020,lm040_ls020_le040,0,0.0,0.810454756437447,0.810454756437447
v2,q25,rough_seed_22,rough_seed_20,wm000_ws000_we100,lm060_ls020_le020,lm040_ls020_le040,0,0.0,1.0113295804468945,1.0113295804468945
v2,q25,rough_seed_22,rough_seed_20,balanced,lm000_ls060_le040,lm040_ls040_le020,0,0.1971901720469265,0.3866176269576322,0.1894274549107057
v2,q25,rough_seed_22,rough_seed_20,motion,lm080_ls000_le020,lm080_ls020_le000,0,0.15225662001664353,0.21743319458260005,0.06517657456595652
v2,q25,rough_seed_22,rough_seed_20,stability,lm000_ls040_le060,lm040_ls020_le040,0,0.1515,0.25131721947567714,0.09981721947567715
v2,q25,rough_seed_22,rough_seed_20,energy,lm060_ls020_le020,lm040_ls020_le040,0,0.1515,0.7094711684168822,0.5579711684168822
v2,q25,rough_seed_20,rough_seed_22,wm100_ws000_we000,lm100_ls000_le000,lm100_ls000_le000,1,0.0,0.0,0.0
v2,q25,rough_seed_20,rough_seed_22,wm080_ws020_we000,lm080_ls020_le000,lm080_ls000_le020,0,0.13983830255512691,0.2020229131434221,0.06218461058829519
v2,q25,rough_seed_20,rough_seed_22,wm080_ws000_we020,lm080_ls020_le000,lm060_ls020_le020,0,0.11704548225463766,0.19531175604458687,0.0782662737899492
v2,q25,rough_seed_20,rough_seed_22,wm060_ws040_we000,lm080_ls000_le020,lm000_ls060_le040,0,0.24433196216768818,0.27818702727073447,0.033855065103046283
v2,q25,rough_seed_20,rough_seed_22,wm060_ws020_we020,lm080_ls000_le020,lm080_ls000_le020,1,0.1403382198920136,0.1403382198920136,0.0
v2,q25,rough_seed_20,rough_seed_22,wm060_ws000_we040,lm040_ls040_le020,lm060_ls020_le020,0,0.08778411169097824,0.3917097001650549,0.3039255884740767
v2,q25,rough_seed_20,rough_seed_22,wm040_ws060_we000,lm040_ls040_le020,lm060_ls000_le040,0,0.17869299841877725,0.5380071819926647,0.35931418357388745
v2,q25,rough_seed_20,rough_seed_22,wm040_ws040_we020,lm040_ls040_le020,lm040_ls020_le040,0,0.17907722385018984,0.3608215399789814,0.18174431612879158
v2,q25,rough_seed_20,rough_seed_22,wm040_ws020_we040,lm040_ls040_le020,lm060_ls020_le020,0,0.14740178057620767,0.3931595639187345,0.24575778334252685
v2,q25,rough_seed_20,rough_seed_22,wm040_ws000_we060,lm040_ls040_le020,lm060_ls020_le020,0,0.05852274112731883,0.5867555464391582,0.5282328053118394
v2,q25,rough_seed_20,rough_seed_22,wm020_ws080_we000,lm040_ls020_le040,lm020_ls020_le060,0,0.11310902285421955,0.2787846166781312,0.16567559382391167
v2,q25,rough_seed_20,rough_seed_22,wm020_ws060_we020,lm040_ls020_le040,lm000_ls040_le060,0,0.13288250138278854,0.21089246386964233,0.0780099624868538
v2,q25,rough_seed_20,rough_seed_22,wm020_ws040_we040,lm040_ls020_le040,lm000_ls060_le040,0,0.23106394800204005,0.3226270936548514,0.09156314565281137
v2,q25,rough_seed_20,rough_seed_22,wm020_ws020_we060,lm040_ls020_le040,lm060_ls020_le020,0,0.14711206403597343,0.48212890558612626,0.3350168415501528
v2,q25,rough_seed_20,rough_seed_22,wm020_ws000_we080,lm040_ls020_le040,lm060_ls020_le020,0,0.029261370563659416,0.6416307175174011,0.6123693469537417
v2,q25,rough_seed_20,rough_seed_22,wm000_ws100_we000,lm040_ls020_le040,lm000_ls000_le100,0,0.0,0.3473909479433597,0.3473909479433597
v2,q25,rough_seed_20,rough_seed_22,wm000_ws080_we020,lm040_ls020_le040,lm000_ls040_le060,0,0.13186603356993973,0.2794987951348708,0.14763276156493108
v2,q25,rough_seed_20,rough_seed_22,wm000_ws060_we040,lm040_ls020_le040,lm000_ls040_le060,0,0.26313549822812504,0.3224431381986226,0.05930763997049754
v2,q25,rough_seed_20,rough_seed_22,wm000_ws040_we060,lm040_ls020_le040,lm080_ls000_le020,0,0.27968677928139446,0.48194495012989735,0.2022581708485029
v2,q25,rough_seed_20,rough_seed_22,wm000_ws020_we080,lm040_ls020_le040,lm060_ls020_le020,0,0.1468223474957392,0.6414467620611722,0.49462441456543305
v2,q25,rough_seed_20,rough_seed_22,wm000_ws000_we100,lm040_ls020_le040,lm060_ls020_le020,0,0.0,0.800948573992447,0.800948573992447
v2,q25,rough_seed_20,rough_seed_22,balanced,lm040_ls040_le020,lm000_ls060_le040,0,0.19321935599181445,0.3291108576631531,0.13589150167133868
v2,q25,rough_seed_20,rough_seed_22,motion,lm080_ls020_le000,lm080_ls000_le020,0,0.10694108219214375,0.15297021367550298,0.04602913148335923
v2,q25,rough_seed_20,rough_seed_22,stability,lm040_ls020_le040,lm000_ls040_le060,0,0.09981101826503001,0.24501708488807164,0.14520606662304164
v2,q25,rough_seed_20,rough_seed_22,energy,lm040_ls020_le040,lm060_ls020_le020,0,0.11033404802698005,0.5618338226877064,0.4514997746607264
v2,q25,rough_seed_28,rough_seed_20,wm100_ws000_we000,lm100_ls000_le000,lm100_ls000_le000,1,0.0,0.0,0.0
v2,q25,rough_seed_28,rough_seed_20,wm080_ws020_we000,lm080_ls000_le020,lm060_ls040_le000,0,0.01781051602528719,0.803214368289775,0.7854038522644878
v2,q25,rough_seed_28,rough_seed_20,wm080_ws000_we020,lm060_ls020_le020,lm060_ls040_le000,0,0.10163528217319946,0.7781326654986139,0.6764973833254144
v2,q25,rough_seed_28,rough_seed_20,wm060_ws040_we000,lm000_ls060_le040,lm060_ls040_le000,0,0.035448124899203466,1.1091291836394983,1.0736810587402947
v2,q25,rough_seed_28,rough_seed_20,wm060_ws020_we020,lm080_ls000_le020,lm040_ls060_le000,0,0.10060136270920796,0.6073207540370194,0.5067193913278114
v2,q25,rough_seed_28,rough_seed_20,wm060_ws000_we040,lm060_ls020_le020,lm000_ls100_le000,0,0.1432325063209683,0.8916534988191054,0.7484209924981371
v2,q25,rough_seed_28,rough_seed_20,wm040_ws060_we000,lm060_ls000_le040,lm060_ls040_le000,0,0.05308573377311973,0.6437944039538999,0.5907086701807801
v2,q25,rough_seed_28,rough_seed_20,wm040_ws040_we020,lm040_ls020_le040,lm000_ls100_le000,0,0.09544082186465762,0.6706627663353338,0.5752219444706762
v2,q25,rough_seed_28,rough_seed_20,wm040_ws020_we040,lm060_ls020_le020,lm000_ls100_le000,0,0.09558336891262137,0.8900156531569406,0.7944322842443192
v2,q25,rough_seed_28,rough_seed_20,wm040_ws000_we060,lm060_ls020_le020,lm000_ls100_le000,0,0.09572591596058512,1.3326922099671574,1.2369662940065722
v2,q25,rough_seed_28,rough_seed_20,wm020_ws080_we000,lm020_ls020_le060,lm000_ls100_le000,0,0.04764913740834693,0.6468428965518749,0.5991937591435279
v2,q25,rough_seed_28,rough_seed_20,wm020_ws060_we020,lm000_ls040_le060,lm000_ls100_le000,0,0.047791684456310685,0.5115121274177518,0.4637204429614411
v2,q25,rough_seed_28,rough_seed_20,wm020_ws040_we040,lm000_ls060_le040,lm000_ls100_le000,0,0.047934231504274435,0.5639715084737988,0.5160372769695244
v2,q25,rough_seed_28,rough_seed_20,wm020_ws020_we060,lm060_ls020_le020,lm000_ls100_le000,0,0.04807677855223819,1.3310543643049928,1.2829775857527546
v2,q25,rough_seed_28,rough_seed_20,wm020_ws000_we080,lm060_ls020_le020,lm000_ls100_le000,0,0.0580607810150634,1.7737309211152097,1.7156701401001464
v2,q25,rough_seed_28,rough_seed_20,wm000_ws100_we000,lm000_ls000_le100,lm000_ls100_le000,0,0.0,1.532739972082278,1.532739972082278
v2,q25,rough_seed_28,rough_seed_20,wm000_ws080_we020,lm000_ls040_le060,lm000_ls100_le000,0,0.014397251844339248,0.5595436705843312,0.5451464187399919
v2,q25,rough_seed_28,rough_seed_20,wm000_ws060_we040,lm000_ls040_le060,lm000_ls080_le020,0,0.025817293007226766,1.010264473333842,0.9844471803266152
v2,q25,rough_seed_28,rough_seed_20,wm000_ws040_we060,lm080_ls000_le020,lm000_ls080_le020,0,0.01721152867148451,1.4409196615959157,1.4237081329244312
v2,q25,rough_seed_28,rough_seed_20,wm000_ws020_we080,lm060_ls020_le020,lm000_ls080_le020,0,0.008605764335742255,1.772093075453045,1.7634873111173028
v2,q25,rough_seed_28,rough_seed_20,wm000_ws000_we100,lm060_ls020_le020,lm000_ls080_le020,0,0.0,2.2147696322632617,2.2147696322632617
v2,q25,rough_seed_28,rough_seed_20,balanced,lm000_ls060_le040,lm000_ls100_le000,0,0.07965280742718447,0.6214798092953439,0.5418270018681594
v2,q25,rough_seed_28,rough_seed_20,motion,lm080_ls000_le020,lm060_ls040_le000,0,0.07637498148095889,0.7062967352040412,0.6299217537230823
v2,q25,rough_seed_28,rough_seed_20,stability,lm000_ls040_le060,lm000_ls100_le000,0,0.03584376334223301,0.4922187493803877,0.4563749860381547
v2,q25,rough_seed_28,rough_seed_20,energy,lm060_ls020_le020,lm000_ls100_le000,0,0.05074421168346716,1.55198318129456,1.5012389696110928
v2,q25,rough_seed_17,rough_seed_5,wm100_ws000_we000,lm000_ls100_le000,lm060_ls040_le000,0,0.0,0.16620916889500173,0.16620916889500173
v2,q25,rough_seed_17,rough_seed_5,wm080_ws020_we000,lm020_ls060_le020,lm100_ls000_le000,0,0.018886310814942554,0.47478464793443514,0.45589833711949257
v2,q25,rough_seed_17,rough_seed_5,wm080_ws000_we020,lm060_ls040_le000,lm100_ls000_le000,0,0.054388377686413254,0.20159016941577046,0.1472017917293572
v2,q25,rough_seed_17,rough_seed_5,wm060_ws040_we000,lm060_ls020_le020,lm100_ls000_le000,0,0.03776749811127523,0.340306230890547,0.3025387327792718
v2,q25,rough_seed_17,rough_seed_5,wm060_ws020_we020,lm020_ls060_le020,lm100_ls000_le000,0,0.05457430557675123,0.3565823314309155,0.30200802585416425
v2,q25,rough_seed_17,rough_seed_5,wm060_ws000_we040,lm080_ls020_le000,lm100_ls000_le000,0,0.10877163185421664,0.3389200244561494,0.23014839260193276
v2,q25,rough_seed_17,rough_seed_5,wm040_ws060_we000,lm060_ls020_le020,lm100_ls000_le000,0,0.0566486854076079,0.4107423921765423,0.35409370676893437
v2,q25,rough_seed_17,rough_seed_5,wm040_ws040_we020,lm060_ls020_le020,lm100_ls000_le000,0,0.0547602334670892,0.27538777529480624,0.22062754182771704
v2,q25,rough_seed_17,rough_seed_5,wm040_ws020_we040,lm060_ls020_le020,lm100_ls000_le000,0,0.10895755974455461,0.22805480645321408,0.11909724670865947
v2,q25,rough_seed_17,rough_seed_5,wm040_ws000_we060,lm000_ls080_le020,lm100_ls000_le000,0,0.16315488602202,0.2536556343459841,0.0905007483239641
v2,q25,rough_seed_17,rough_seed_5,wm020_ws080_we000,lm020_ls040_le040,lm100_ls000_le000,0,0.07552987270394058,0.23277248347171464,0.15724261076777407
v2,q25,rough_seed_17,rough_seed_5,wm020_ws060_we020,lm020_ls040_le040,lm100_ls000_le000,0,0.0571861189105347,0.21458924434763801,0.15740312543710333
v2,q25,rough_seed_17,rough_seed_5,wm020_ws040_we040,lm000_ls040_le060,lm100_ls000_le000,0,0.10914348763489258,0.974983131897447,0.8658396442625544
v2,q25,rough_seed_17,rough_seed_5,wm020_ws020_we060,lm060_ls020_le020,lm100_ls000_le000,0,0.16334081391235797,0.24992196969438132,0.08658115578202336
v2,q25,rough_seed_17,rough_seed_5,wm020_ws000_we080,lm020_ls060_le020,lm020_ls060_le020,1,0.11820231650351962,0.11820231650351962,0.0
v2,q25,rough_seed_17,rough_seed_5,wm000_ws100_we000,lm000_ls040_le060,lm060_ls000_le040,0,0.0,2.001431812134726,2.001431812134726
v2,q25,rough_seed_17,rough_seed_5,wm000_ws080_we020,lm000_ls040_le060,lm100_ls000_le000,0,0.07606730620686737,1.6059107947922668,1.5298434885853995
v2,q25,rough_seed_17,rough_seed_5,wm000_ws060_we040,lm000_ls040_le060,lm100_ls000_le000,0,0.10932941552523055,1.2103897774498076,1.1010603619245771
v2,q25,rough_seed_17,rough_seed_5,wm000_ws040_we060,lm060_ls020_le020,lm100_ls000_le000,0,0.16352674180269594,0.2747927241131837,0.11126598231048773
v2,q25,rough_seed_17,rough_seed_5,wm000_ws020_we080,lm060_ls020_le020,lm020_ls060_le020,0,0.19951357395602645,0.3312942510978018,0.13178067714177535
v2,q25,rough_seed_17,rough_seed_5,wm000_ws000_we100,lm020_ls060_le020,lm020_ls060_le020,1,0.0,0.0,0.0
v2,q25,rough_seed_17,rough_seed_5,balanced,lm060_ls020_le020,lm100_ls000_le000,0,0.09095376028217879,0.23017039447062376,0.139216634188445
v2,q25,rough_seed_17,rough_seed_5,motion,lm100_ls000_le000,lm100_ls000_le000,1,0.04093201006221589,0.04093201006221589,0.0
v2,q25,rough_seed_17,rough_seed_5,stability,lm020_ls040_le040,lm100_ls000_le000,0,0.06649235418296932,0.20490571651329598,0.13841336233032664
v2,q25,rough_seed_17,rough_seed_5,energy,lm060_ls020_le020,lm020_ls060_le020,0,0.15051292044105585,0.2905496086010035,0.14003668815994763
v2,q50,rough_seed_13,rough_seed_18,wm100_ws000_we000,lm000_ls100_le000,lm100_ls000_le000,0,0.0,0.2552291007542472,0.2552291007542472
v2,q50,rough_seed_13,rough_seed_18,wm080_ws020_we000,lm000_ls100_le000,lm080_ls020_le000,0,0.1072576846278984,0.20425919712351995,0.09700151249562154
v2,q50,rough_seed_13,rough_seed_18,wm080_ws000_we020,lm000_ls100_le000,lm080_ls020_le000,0,0.1438770625572425,0.20580210013591646,0.06192503757867396
v2,q50,rough_seed_13,rough_seed_18,wm060_ws040_we000,lm000_ls100_le000,lm040_ls060_le000,0,0.12927293943228274,0.15328929349279266,0.02401635406050992
v2,q50,rough_seed_13,rough_seed_18,wm060_ws020_we020,lm000_ls100_le000,lm080_ls020_le000,0,0.1447740629231317,0.1650929017842347,0.020318838861103
v2,q50,rough_seed_13,rough_seed_18,wm060_ws000_we040,lm000_ls100_le000,lm020_ls060_le020,0,0.2618352378713939,0.3285177580484969,0.06668252017710302
v2,q50,rough_seed_13,rough_seed_18,wm040_ws060_we000,lm000_ls100_le000,lm040_ls060_le000,0,0.08618195962152184,0.10231938986206536,0.016137430240543524
v2,q50,rough_seed_13,rough_seed_18,wm040_ws040_we020,lm000_ls100_le000,lm040_ls060_le000,0,0.15610220709746428,0.16466341414444746,0.008561207046983182
v2,q50,rough_seed_13,rough_seed_18,wm040_ws020_we040,lm000_ls100_le000,lm040_ls020_le040,0,0.21776439638815032,0.32808827040870964,0.11032387402055932
v2,q50,rough_seed_13,rough_seed_18,wm040_ws000_we060,lm000_ls100_le000,lm060_ls000_le040,0,0.2248266004422157,0.49151312667297176,0.26668652623075606
v2,q50,rough_seed_13,rough_seed_18,wm020_ws080_we000,lm000_ls100_le000,lm040_ls060_le000,0,0.04309097981076092,0.051349486231338066,0.008258506420577148
v2,q50,rough_seed_13,rough_seed_18,wm020_ws060_we020,lm000_ls100_le000,lm040_ls060_le000,0,0.1556755637330013,0.1642339265046602,0.008558362771658917
v2,q50,rough_seed_13,rough_seed_18,wm020_ws040_we040,lm000_ls100_le000,lm020_ls000_le080,0,0.20263637541512522,0.3276587827689224,0.1250224073537972
v2,q50,rough_seed_13,rough_seed_18,wm020_ws020_we060,lm000_ls100_le000,lm040_ls000_le060,0,0.14776604966765258,0.4910836390331845,0.3433175893655319
v2,q50,rough_seed_13,rough_seed_18,wm020_ws000_we080,lm000_ls100_le000,lm040_ls000_le060,0,0.13532190971765484,0.6545084952974468,0.5191865855797919
v2,q50,rough_seed_13,rough_seed_18,wm000_ws100_we000,lm040_ls040_le020,lm040_ls060_le000,0,0.0,1.054620372950073,1.054620372950073
v2,q50,rough_seed_13,rough_seed_18,wm000_ws080_we020,lm000_ls100_le000,lm020_ls000_le080,0,0.12608753011067786,0.16380443886487295,0.03771690875419509
v2,q50,rough_seed_13,rough_seed_18,wm000_ws060_we040,lm000_ls100_le000,lm020_ls000_le080,0,0.09457327879809715,0.3272292951291352,0.23265601633103802
v2,q50,rough_seed_13,rough_seed_18,wm000_ws040_we060,lm000_ls100_le000,lm020_ls000_le080,0,0.06305902748551644,0.49065415139339724,0.4275951239078808
v2,q50,rough_seed_13,rough_seed_18,wm000_ws020_we080,lm000_ls100_le000,lm020_ls000_le080,0,0.03154477617293572,0.6540790076576596,0.6225342314847239
v2,q50,rough_seed_13,rough_seed_18,wm000_ws000_we100,lm000_ls100_le000,lm040_ls000_le060,0,0.0,0.8175038639219216,0.8175038639219216
v2,q50,rough_seed_13,rough_seed_18,balanced,lm000_ls100_le000,lm080_ls020_le000,0,0.2407611954219468,0.27347015577402645,0.03270896035207965
v2,q50,rough_seed_13,rough_seed_18,motion,lm000_ls100_le000,lm080_ls020_le000,0,0.10877888823607601,0.17993142256745365,0.07115253433137764
v2,q50,rough_seed_13,rough_seed_18,stability,lm000_ls100_le000,lm040_ls060_le000,0,0.11675667279975097,0.12327034052864783,0.00651366772889686
v2,q50,rough_seed_13,rough_seed_18,energy,lm000_ls100_le000,lm040_ls000_le060,0,0.11082453725073943,0.5726886952553688,0.4618641580046294
v2,q50,rough_seed_7,rough_seed_10,wm100_ws000_we000,lm060_ls040_le000,lm100_ls000_le000,0,0.0,0.05401712236914727,0.05401712236914727
v2,q50,rough_seed_7,rough_seed_10,wm080_ws020_we000,lm080_ls020_le000,lm080_ls020_le000,1,0.0800047950810735,0.0800047950810735,0.0
v2,q50,rough_seed_7,rough_seed_10,wm080_ws000_we020,lm100_ls000_le000,lm000_ls100_le000,0,0.13792513460456318,0.15589464010807672,0.017969505503513533
v2,q50,rough_seed_7,rough_seed_10,wm060_ws040_we000,lm080_ls000_le020,lm080_ls020_le000,0,0.15957924677669388,0.42680119533587574,0.26722194855918185
v2,q50,rough_seed_7,rough_seed_10,wm060_ws020_we020,lm080_ls020_le000,lm000_ls100_le000,0,0.13855825830360913,0.20304692405476407,0.06448866575115494
v2,q50,rough_seed_7,rough_seed_10,wm060_ws000_we040,lm080_ls020_le000,lm040_ls040_le020,0,0.19151342886230452,0.4042582060312719,0.21274477716896736
v2,q50,rough_seed_7,rough_seed_10,wm040_ws060_we000,lm020_ls040_le040,lm080_ls020_le000,0,0.23915369847231424,0.5512641654691575,0.3121104669968432
v2,q50,rough_seed_7,rough_seed_10,wm040_ws040_we020,lm060_ls020_le020,lm020_ls080_le000,0,0.18407690973964297,0.4061372063760146,0.2220602966363716
v2,q50,rough_seed_7,rough_seed_10,wm040_ws020_we040,lm080_ls020_le000,lm040_ls020_le040,0,0.18335006280574745,0.40496085537767346,0.221610792571926
v2,q50,rough_seed_7,rough_seed_10,wm040_ws000_we060,lm080_ls020_le000,lm040_ls020_le040,0,0.18218737676117047,0.6061721373541812,0.4239847605930107
v2,q50,rough_seed_7,rough_seed_10,wm020_ws080_we000,lm040_ls000_le060,lm000_ls060_le040,0,0.193752997998557,0.5914328492713202,0.39767985127276323
v2,q50,rough_seed_7,rough_seed_10,wm020_ws060_we020,lm040_ls000_le060,lm000_ls060_le040,0,0.14662411497341107,0.4453510096265524,0.2987268946531413
v2,q50,rough_seed_7,rough_seed_10,wm020_ws040_we040,lm060_ls020_le020,lm000_ls040_le060,0,0.193157007511989,0.40771239705801327,0.21455538954602427
v2,q50,rough_seed_7,rough_seed_10,wm020_ws020_we060,lm060_ls020_le020,lm040_ls020_le040,0,0.17038578739111646,0.5479213965079006,0.3775356091167842
v2,q50,rough_seed_7,rough_seed_10,wm020_ws000_we080,lm080_ls020_le000,lm020_ls020_le060,0,0.202,0.8080860686770907,0.6060860686770906
v2,q50,rough_seed_7,rough_seed_10,wm000_ws100_we000,lm000_ls000_le100,lm020_ls020_le060,0,0.0,0.8239371052500434,0.8239371052500434
v2,q50,rough_seed_7,rough_seed_10,wm000_ws080_we020,lm040_ls000_le060,lm020_ls020_le060,0,0.0,0.5914548634843438,0.5914548634843438
v2,q50,rough_seed_7,rough_seed_10,wm000_ws060_we040,lm020_ls040_le040,lm020_ls020_le060,0,0.0,0.5508988295960113,0.5508988295960113
v2,q50,rough_seed_7,rough_seed_10,wm000_ws040_we060,lm060_ls020_le020,lm020_ls020_le060,0,0.0,0.5496950386822334,0.5496950386822334
v2,q50,rough_seed_7,rough_seed_10,wm000_ws020_we080,lm080_ls020_le000,lm020_ls020_le060,0,0.0,0.8087887180234923,0.8087887180234923
v2,q50,rough_seed_7,rough_seed_10,wm000_ws000_we100,lm080_ls020_le000,lm020_ls020_le060,0,0.0,1.01,1.01
v2,q50,rough_seed_7,rough_seed_10,balanced,lm060_ls020_le020,lm000_ls060_le040,0,0.22386239429317928,0.3399484865584208,0.11608609226524153
v2,q50,rough_seed_7,rough_seed_10,motion,lm080_ls020_le000,lm000_ls100_le000,0,0.11065640030868305,0.15239277888743633,0.04173637857875327
v2,q50,rough_seed_7,rough_seed_10,stability,lm040_ls000_le060,lm020_ls020_le060,0,0.1515,0.5183974330021922,0.36689743300219224
v2,q50,rough_seed_7,rough_seed_10,energy,lm080_ls020_le000,lm020_ls020_le060,0,0.1515,0.7076560900254371,0.5561560900254371
v2,q50,rough_seed_15,rough_seed_8,wm100_ws000_we000,lm080_ls020_le000,lm040_ls060_le000,0,0.0,0.1193862776990456,0.1193862776990456
v2,q50,rough_seed_15,rough_seed_8,wm080_ws020_we000,lm080_ls020_le000,lm080_ls020_le000,1,0.0962897550200626,0.0962897550200626,0.0
v2,q50,rough_seed_15,rough_seed_8,wm080_ws000_we020,lm100_ls000_le000,lm020_ls060_le020,0,0.05259529022903838,0.1203603346357209,0.06776504440668252
v2,q50,rough_seed_15,rough_seed_8,wm060_ws040_we000,lm080_ls020_le000,lm060_ls040_le000,0,0.13357670966840973,0.1584172632989503,0.02484055363054058
v2,q50,rough_seed_15,rough_seed_8,wm060_ws020_we020,lm080_ls020_le000,lm060_ls040_le000,0,0.0989941531530156,0.10300095236783628,0.0040067992148206805
v2,q50,rough_seed_15,rough_seed_8,wm060_ws000_we040,lm100_ls000_le000,lm000_ls080_le020,0,0.10375638555318287,0.20841480839951776,0.10465842284633489
v2,q50,rough_seed_15,rough_seed_8,wm040_ws060_we000,lm080_ls020_le000,lm060_ls040_le000,0,0.19963632702685763,0.2370348737716975,0.03739854674483986
v2,q50,rough_seed_15,rough_seed_8,wm040_ws040_we020,lm080_ls020_le000,lm060_ls040_le000,0,0.13425019216796522,0.15918591417573377,0.024935722007768557
v2,q50,rough_seed_15,rough_seed_8,wm040_ws020_we040,lm040_ls060_le000,lm000_ls080_le020,0,0.11883651661357011,0.1952605547242842,0.07642403811071408
v2,q50,rough_seed_15,rough_seed_8,wm040_ws000_we060,lm100_ls000_le000,lm000_ls080_le020,0,0.06917092370212191,0.3118837660338696,0.24271284233174767
v2,q50,rough_seed_15,rough_seed_8,wm020_ws080_we000,lm080_ls020_le000,lm000_ls060_le040,0,0.16906897526761827,0.31565248424444475,0.14658350897682648
v2,q50,rough_seed_15,rough_seed_8,wm020_ws060_we020,lm080_ls020_le000,lm020_ls040_le040,0,0.13665082942840379,0.23780352464848092,0.10115269522007714
v2,q50,rough_seed_15,rough_seed_8,wm020_ws040_we040,lm080_ls020_le000,lm060_ls040_le000,0,0.19653083135451732,0.20481986238221667,0.008289031027699345
v2,q50,rough_seed_15,rough_seed_8,wm020_ws020_we060,lm040_ls060_le000,lm000_ls080_le020,0,0.11849408629821308,0.29236195494282713,0.17386786864461407
v2,q50,rough_seed_15,rough_seed_8,wm020_ws000_we080,lm040_ls060_le000,lm000_ls080_le020,0,0.034585461851060956,0.388405600874172,0.35382013902311105
v2,q50,rough_seed_15,rough_seed_8,wm000_ws100_we000,lm080_ls020_le000,lm000_ls040_le060,0,0.0,0.39427009471719193,0.39427009471719193
v2,q50,rough_seed_15,rough_seed_8,wm000_ws080_we020,lm080_ls020_le000,lm000_ls040_le060,0,0.0837719963357539,0.3164211351212282,0.23264913878547433
v2,q50,rough_seed_15,rough_seed_8,wm000_ws060_we040,lm080_ls020_le000,lm000_ls040_le060,0,0.1675439926715078,0.23857217552526436,0.07102818285375656
v2,q50,rough_seed_15,rough_seed_8,wm000_ws040_we060,lm040_ls060_le000,lm000_ls080_le020,0,0.23630331196571208,0.29341970923002536,0.05711639726431328
v2,q50,rough_seed_15,rough_seed_8,wm000_ws020_we080,lm040_ls060_le000,lm000_ls080_le020,0,0.11815165598285604,0.38946335516137015,0.2713116991785141
v2,q50,rough_seed_15,rough_seed_8,wm000_ws000_we100,lm040_ls060_le000,lm000_ls080_le020,0,0.0,0.4855070010927149,0.4855070010927149
v2,q50,rough_seed_15,rough_seed_8,balanced,lm080_ls020_le000,lm060_ls040_le000,0,0.16401860528735004,0.1708802257107565,0.0068616204234064615
v2,q50,rough_seed_15,rough_seed_8,motion,lm080_ls020_le000,lm040_ls060_le000,0,0.08084593725688764,0.08490973854555747,0.00406380128866983
v2,q50,rough_seed_15,rough_seed_8,stability,lm080_ls020_le000,lm000_ls040_le060,0,0.15212206927972094,0.27692016716565865,0.12479809788593771
v2,q50,rough_seed_15,rough_seed_8,energy,lm040_ls060_le000,lm000_ls080_le020,0,0.08887056472365981,0.340648216480299,0.25177765175663924
v2,q50,rough_seed_0,rough_seed_17,wm100_ws000_we000,lm060_ls040_le000,lm080_ls020_le000,0,0.0,0.09024376691188865,0.09024376691188865
v2,q50,rough_seed_0,rough_seed_17,wm080_ws020_we000,lm100_ls000_le000,lm100_ls000_le000,1,0.1321155908798785,0.1321155908798785,0.0
v2,q50,rough_seed_0,rough_seed_17,wm080_ws000_we020,lm100_ls000_le000,lm060_ls040_le000,0,0.07240453062202368,0.08495760887929187,0.012553078257268188
v2,q50,rough_seed_0,rough_seed_17,wm060_ws040_we000,lm100_ls000_le000,lm100_ls000_le000,1,0.26317972620432023,0.26317972620432023,0.0
v2,q50,rough_seed_0,rough_seed_17,wm060_ws020_we020,lm100_ls000_le000,lm100_ls000_le000,1,0.13190529976879115,0.13190529976879115,0.0
v2,q50,rough_seed_0,rough_seed_17,wm060_ws000_we040,lm100_ls000_le000,lm060_ls040_le000,0,0.0545652943321587,0.0637182066594689,0.009152912327310199
v2,q50,rough_seed_0,rough_seed_17,wm040_ws060_we000,lm100_ls000_le000,lm060_ls000_le040,0,0.2718203446830262,0.3942438615287619,0.12242351684573571
v2,q50,rough_seed_0,rough_seed_17,wm040_ws040_we020,lm100_ls000_le000,lm100_ls000_le000,1,0.26296943509323284,0.26296943509323284,0.0
v2,q50,rough_seed_0,rough_seed_17,wm040_ws020_we040,lm100_ls000_le000,lm100_ls000_le000,1,0.13169500865770378,0.13169500865770378,0.0
v2,q50,rough_seed_0,rough_seed_17,wm040_ws000_we060,lm100_ls000_le000,lm100_ls000_le000,1,0.04247880443964593,0.04247880443964593,0.0
v2,q50,rough_seed_0,rough_seed_17,wm020_ws080_we000,lm100_ls000_le000,lm060_ls000_le040,0,0.1364945676812423,0.5253079968532036,0.3888134291719613
v2,q50,rough_seed_0,rough_seed_17,wm020_ws060_we020,lm100_ls000_le000,lm000_ls060_le040,0,0.14786028400704418,0.39403357041767456,0.24617328641063038
v2,q50,rough_seed_0,rough_seed_17,wm020_ws040_we040,lm100_ls000_le000,lm000_ls040_le060,0,0.2039002745098202,0.2627591439821455,0.0588588694723253
v2,q50,rough_seed_0,rough_seed_17,wm020_ws020_we060,lm100_ls000_le000,lm100_ls000_le000,1,0.13148471754661642,0.13148471754661642,0.0
v2,q50,rough_seed_0,rough_seed_17,wm020_ws000_we080,lm020_ls060_le020,lm100_ls000_le000,0,0.021239402219822966,0.15579260131820505,0.1345531990983821
v2,q50,rough_seed_0,rough_seed_17,wm000_ws100_we000,lm060_ls000_le040,lm000_ls040_le060,0,0.0,0.11804785862529794,0.11804785862529794
v2,q50,rough_seed_0,rough_seed_17,wm000_ws080_we020,lm100_ls000_le000,lm000_ls040_le060,0,0.09596386274592054,0.5250977057421163,0.4291338429961958
v2,q50,rough_seed_0,rough_seed_17,wm000_ws060_we040,lm100_ls000_le000,lm000_ls040_le060,0,0.1919277254918411,0.39382327930658717,0.20189555381474608
v2,q50,rough_seed_0,rough_seed_17,wm000_ws040_we060,lm100_ls000_le000,lm100_ls000_le000,1,0.26254885287105817,0.26254885287105817,0.0
v2,q50,rough_seed_0,rough_seed_17,wm000_ws020_we080,lm020_ls060_le020,lm100_ls000_le000,0,0.13127442643552908,0.1612261890724971,0.029951762636968027
v2,q50,rough_seed_0,rough_seed_17,wm000_ws000_we100,lm020_ls060_le020,lm100_ls000_le000,0,0.0,0.19360732621848759,0.19360732621848759
v2,q50,rough_seed_0,rough_seed_17,balanced,lm100_ls000_le000,lm100_ls000_le000,1,0.21914119591102738,0.21914119591102738,0.0
v2,q50,rough_seed_0,rough_seed_17,motion,lm100_ls000_le000,lm100_ls000_le000,1,0.09919183871545255,0.09919183871545255,0.0
v2,q50,rough_seed_0,rough_seed_17,stability,lm100_ls000_le000,lm000_ls060_le040,0,0.11102447170949731,0.45961821085766724,0.34859373914816993
v2,q50,rough_seed_0,rough_seed_17,energy,lm020_ls060_le020,lm100_ls000_le000,0,0.09861353815996232,0.13739102023696173,0.03877748207699941
v2,q50,rough_seed_5,rough_seed_20,wm100_ws000_we000,lm100_ls000_le000,lm000_ls100_le000,0,0.0,0.07993338923685919,0.07993338923685919
v2,q50,rough_seed_5,rough_seed_20,wm080_ws020_we000,lm080_ls000_le020,lm020_ls060_le020,0,0.1417892183131797,0.27443644792944527,0.13264722961626557
v2,q50,rough_seed_5,rough_seed_20,wm080_ws000_we020,lm060_ls020_le020,lm060_ls040_le000,0,0.02538358769848591,0.22367514155563617,0.19829155385715025
v2,q50,rough_seed_5,rough_seed_20,wm060_ws040_we000,lm000_ls060_le040,lm060_ls020_le020,0,0.24392489939300094,0.5582458178713383,0.3143209184783374
v2,q50,rough_seed_5,rough_seed_20,wm060_ws020_we020,lm080_ls000_le020,lm020_ls060_le020,0,0.14147579821119285,0.20640353105376452,0.06492773284257167
v2,q50,rough_seed_5,rough_seed_20,wm060_ws000_we040,lm060_ls020_le020,lm080_ls020_le000,0,0.04674099175401099,0.16804512044794367,0.12130412869393269
v2,q50,rough_seed_5,rough_seed_20,wm040_ws060_we000,lm060_ls000_le040,lm060_ls020_le020,0,0.3645046502644354,0.39038708194951255,0.025882431685077145
v2,q50,rough_seed_5,rough_seed_20,wm040_ws040_we020,lm040_ls020_le040,lm060_ls020_le020,0,0.2436028312879478,0.38907709013348174,0.14547425884553394
v2,q50,rough_seed_5,rough_seed_20,wm040_ws020_we040,lm060_ls020_le020,lm060_ls020_le020,1,0.12270101231146018,0.12270101231146018,0.0
v2,q50,rough_seed_5,rough_seed_20,wm040_ws000_we060,lm060_ls020_le020,lm000_ls080_le020,0,0.04853432683236005,0.1124150993402512,0.06388077250789115
v2,q50,rough_seed_5,rough_seed_20,wm020_ws080_we000,lm020_ls020_le060,lm020_ls040_le040,0,0.18563973238387022,0.20294546926225,0.017305736878379774
v2,q50,rough_seed_5,rough_seed_20,wm020_ws060_we020,lm000_ls040_le060,lm020_ls040_le040,0,0.1868755992148271,0.2029422784832257,0.01606667926839861
v2,q50,rough_seed_5,rough_seed_20,wm020_ws040_we040,lm000_ls060_le040,lm000_ls040_le060,0,0.20388455696645139,0.4062619843559012,0.20237742738944983
v2,q50,rough_seed_5,rough_seed_20,wm020_ws020_we060,lm060_ls020_le020,lm060_ls020_le020,1,0.12237894420640703,0.12237894420640703,0.0
v2,q50,rough_seed_5,rough_seed_20,wm020_ws000_we080,lm060_ls020_le020,lm020_ls060_le020,0,0.031655430300672395,0.09388169521922028,0.06222626491854789
v2,q50,rough_seed_5,rough_seed_20,wm000_ws100_we000,lm000_ls000_le100,lm000_ls040_le060,0,0.0,0.18069268083781717,0.18069268083781717
v2,q50,rough_seed_5,rough_seed_20,wm000_ws080_we020,lm000_ls040_le060,lm000_ls040_le060,1,0.0951701268057946,0.0951701268057946,0.0
v2,q50,rough_seed_5,rough_seed_20,wm000_ws060_we040,lm000_ls040_le060,lm000_ls040_le060,1,0.1903402536115892,0.1903402536115892,0.0
v2,q50,rough_seed_5,rough_seed_20,wm000_ws040_we060,lm080_ls000_le020,lm060_ls020_le020,0,0.2429586950778415,0.2543950464743043,0.011436351396462763
v2,q50,rough_seed_5,rough_seed_20,wm000_ws020_we080,lm060_ls020_le020,lm060_ls020_le020,1,0.12205687610135389,0.12205687610135389,0.0
v2,q50,rough_seed_5,rough_seed_20,wm000_ws000_we100,lm060_ls020_le020,lm020_ls060_le020,0,0.0,0.11666076961149235,0.11666076961149235
v2,q50,rough_seed_5,rough_seed_20,balanced,lm000_ls060_le040,lm060_ls020_le020,0,0.2031948689274342,0.34008582535595366,0.13689095642851945
v2,q50,rough_seed_5,rough_seed_20,motion,lm080_ls000_le020,lm100_ls000_le000,0,0.10753027817181889,0.24017169904288022,0.13264142087106134
v2,q50,rough_seed_5,rough_seed_20,stability,lm000_ls040_le060,lm020_ls040_le040,0,0.14056170513887578,0.15220670886241927,0.01164500372354349
v2,q50,rough_seed_5,rough_seed_20,energy,lm060_ls020_le020,lm060_ls020_le020,1,0.09207297243602183,0.09207297243602183,0.0
v2,q50,rough_seed_11,rough_seed_4,wm100_ws000_we000,lm080_ls020_le000,lm100_ls000_le000,0,0.0,0.03687915391544966,0.03687915391544966
v2,q50,rough_seed_11,rough_seed_4,wm080_ws020_we000,lm000_ls100_le000,lm080_ls020_le000,0,0.18317422358298335,0.2824247466155636,0.09925052303258025
v2,q50,rough_seed_11,rough_seed_4,wm080_ws000_we020,lm060_ls040_le000,lm100_ls000_le000,0,0.08105960937663445,0.08952351696876888,0.008463907592134431
v2,q50,rough_seed_11,rough_seed_4,wm060_ws040_we000,lm000_ls100_le000,lm020_ls080_le000,0,0.19092966245385326,0.2118507543471562,0.020921091893302934
v2,q50,rough_seed_11,rough_seed_4,wm060_ws020_we020,lm000_ls100_le000,lm080_ls020_le000,0,0.18391456607580667,0.2118249988387694,0.027910432762962734
v2,q50,rough_seed_11,rough_seed_4,wm060_ws000_we040,lm000_ls100_le000,lm100_ls000_le000,0,0.1621192187532689,0.21179924333038258,0.04968002457711368
v2,q50,rough_seed_11,rough_seed_4,wm040_ws060_we000,lm000_ls100_le000,lm020_ls080_le000,0,0.1272864416359022,0.14127676207874884,0.013990320442846649
v2,q50,rough_seed_11,rough_seed_4,wm040_ws040_we020,lm000_ls100_le000,lm020_ls080_le000,0,0.12753649778153237,0.14125100657036202,0.013714508788829655
v2,q50,rough_seed_11,rough_seed_4,wm040_ws020_we040,lm000_ls100_le000,lm020_ls080_le000,0,0.1277865539271625,0.14122525106197523,0.013438697134812716
v2,q50,rough_seed_11,rough_seed_4,wm040_ws000_we060,lm000_ls100_le000,lm020_ls080_le000,0,0.12803661007279266,0.1411994955535884,0.01316288548079575
v2,q50,rough_seed_11,rough_seed_4,wm020_ws080_we000,lm000_ls100_le000,lm020_ls080_le000,0,0.0636432208179511,0.07070276981034143,0.007059548992390335
v2,q50,rough_seed_11,rough_seed_4,wm020_ws060_we020,lm000_ls100_le000,lm020_ls080_le000,0,0.06389327696358126,0.07067701430195462,0.006783737338373369
v2,q50,rough_seed_11,rough_seed_4,wm020_ws040_we040,lm000_ls100_le000,lm020_ls080_le000,0,0.06414333310921141,0.07065125879356782,0.006507925684356403
v2,q50,rough_seed_11,rough_seed_4,wm020_ws020_we060,lm000_ls100_le000,lm000_ls100_le000,1,0.07062550328518101,0.07062550328518101,0.0
v2,q50,rough_seed_11,rough_seed_4,wm020_ws000_we080,lm000_ls100_le000,lm000_ls100_le000,1,0.0705997477767942,0.0705997477767942,0.0
v2,q50,rough_seed_11,rough_seed_4,wm000_ws100_we000,lm000_ls100_le000,lm020_ls080_le000,0,0.0,0.01300653173533754,0.01300653173533754
v2,q50,rough_seed_11,rough_seed_4,wm000_ws080_we020,lm000_ls100_le000,lm000_ls100_le000,1,0.010405225388270033,0.010405225388270033,0.0
v2,q50,rough_seed_11,rough_seed_4,wm000_ws060_we040,lm000_ls100_le000,lm000_ls100_le000,1,0.0078039190412025235,0.0078039190412025235,0.0
v2,q50,rough_seed_11,rough_seed_4,wm000_ws040_we060,lm000_ls100_le000,lm000_ls100_le000,1,0.0052026126941350165,0.0052026126941350165,0.0
v2,q50,rough_seed_11,rough_seed_4,wm000_ws020_we080,lm000_ls100_le000,lm000_ls100_le000,1,0.0026013063470675083,0.0026013063470675083,0.0
v2,q50,rough_seed_11,rough_seed_4,wm000_ws000_we100,lm000_ls100_le000,lm000_ls100_le000,1,0.0,0.0,0.0
v2,q50,rough_seed_11,rough_seed_4,balanced,lm000_ls100_le000,lm020_ls080_le000,0,0.10648879493930208,0.11770917214196834,0.011220377202666262
v2,q50,rough_seed_11,rough_seed_4,motion,lm000_ls100_le000,lm080_ls020_le000,0,0.13802720959129916,0.2471184338500698,0.10909122425877063
v2,q50,rough_seed_11,rough_seed_4,stability,lm000_ls100_le000,lm020_ls080_le000,0,0.04791995772268593,0.05303995511194947,0.005119997389263539
v2,q50,rough_seed_11,rough_seed_4,energy,lm000_ls100_le000,lm000_ls100_le000,1,0.052969127463885754,0.052969127463885754,0.0
v2,q50,rough_seed_4,rough_seed_6,wm100_ws000_we000,lm080_ls020_le000,lm080_ls020_le000,1,0.0,0.0,0.0
v2,q50,rough_seed_4,rough_seed_6,wm080_ws020_we000,lm020_ls080_le000,lm000_ls100_le000,0,0.01821358146627668,0.0286859848185521,0.010472403352275419
v2,q50,rough_seed_4,rough_seed_6,wm080_ws000_we020,lm100_ls000_le000,lm060_ls040_le000,0,0.010883144324126908,0.08647449131205792,0.07559134698793102
v2,q50,rough_seed_4,rough_seed_6,wm060_ws040_we000,lm020_ls080_le000,lm000_ls100_le000,0,0.013660186099707507,0.05735846214979829,0.04369827605009079
v2,q50,rough_seed_4,rough_seed_6,wm060_ws020_we020,lm020_ls080_le000,lm000_ls100_le000,0,0.013660186099707507,0.028816430315860998,0.01515624421615349
v2,q50,rough_seed_4,rough_seed_6,wm060_ws000_we040,lm100_ls000_le000,lm000_ls100_le000,0,0.013660186099707507,0.14864274752813575,0.13498256142842824
v2,q50,rough_seed_4,rough_seed_6,wm040_ws060_we000,lm000_ls080_le020,lm000_ls100_le000,0,0.00910679073313834,0.29267856951092397,0.2835717787777856
v2,q50,rough_seed_4,rough_seed_6,wm040_ws040_we020,lm000_ls080_le020,lm000_ls100_le000,0,0.00910679073313834,0.29455799442299185,0.2854512036898535
v2,q50,rough_seed_4,rough_seed_6,wm040_ws020_we040,lm020_ls080_le000,lm000_ls100_le000,0,0.00910679073313834,0.028946875813169893,0.01984008508003155
v2,q50,rough_seed_4,rough_seed_6,wm040_ws000_we060,lm100_ls000_le000,lm000_ls100_le000,0,0.00910679073313834,0.22243354092036646,0.21332675018722813
v2,q50,rough_seed_4,rough_seed_6,wm020_ws080_we000,lm020_ls040_le040,lm000_ls100_le000,0,0.00455339536656917,0.20980071121862295,0.20524731585205377
v2,q50,rough_seed_4,rough_seed_6,wm020_ws060_we020,lm040_ls020_le040,lm000_ls100_le000,0,0.00455339536656917,0.28850149928946395,0.28394810392289477
v2,q50,rough_seed_4,rough_seed_6,wm020_ws040_we040,lm000_ls080_le020,lm000_ls100_le000,0,0.00455339536656917,0.42084811498464897,0.4162947196180798
v2,q50,rough_seed_4,rough_seed_6,wm020_ws020_we060,lm020_ls080_le000,lm000_ls100_le000,0,0.00455339536656917,0.040630153574465595,0.03607675820789642
v2,q50,rough_seed_4,rough_seed_6,wm020_ws000_we080,lm100_ls000_le000,lm000_ls100_le000,0,0.00455339536656917,0.29622433431259726,0.2916709389460281
v2,q50,rough_seed_4,rough_seed_6,wm000_ws100_we000,lm040_ls000_le060,lm000_ls100_le000,0,0.0,0.6689267558745373,0.6689267558745373
v2,q50,rough_seed_4,rough_seed_6,wm000_ws080_we020,lm040_ls000_le060,lm000_ls100_le000,0,0.0,0.5391791483414733,0.5391791483414733
v2,q50,rough_seed_4,rough_seed_6,wm000_ws060_we040,lm040_ls000_le060,lm000_ls100_le000,0,0.0,0.8195980379644925,0.8195980379644925
v2,q50,rough_seed_4,rough_seed_6,wm000_ws040_we060,lm000_ls080_le020,lm000_ls100_le000,0,0.0,0.6289082649525625,0.6289082649525625
v2,q50,rough_seed_4,rough_seed_6,wm000_ws020_we080,lm020_ls080_le000,lm000_ls100_le000,0,0.0,0.05407529854878243,0.05407529854878243
v2,q50,rough_seed_4,rough_seed_6,wm000_ws000_we100,lm100_ls000_le000,lm000_ls100_le000,0,0.0,0.370015127704828,0.370015127704828
v2,q50,rough_seed_4,rough_seed_6,balanced,lm000_ls080_le020,lm000_ls100_le000,0,0.007588992277615282,0.35191177028019344,0.34432277800257816
v2,q50,rough_seed_4,rough_seed_6,motion,lm020_ls080_le000,lm000_ls100_le000,0,0.01593688378299209,0.021615699608722224,0.005678815825730134
v2,q50,rough_seed_4,rough_seed_6,stability,lm000_ls060_le040,lm000_ls100_le000,0,0.003415046524926877,0.18239851180084918,0.1789834652759223
v2,q50,rough_seed_4,rough_seed_6,energy,lm020_ls080_le000,lm000_ls100_le000,0,0.003415046524926877,0.047282423270571715,0.04386737674564484
v2,q50,rough_seed_25,rough_seed_6,wm100_ws000_we000,lm080_ls020_le000,lm100_ls000_le000,0,0.0,0.033274517716205085,0.033274517716205085
v2,q50,rough_seed_25,rough_seed_6,wm080_ws020_we000,lm020_ls080_le000,lm080_ls000_le020,0,0.12533871318045423,0.1824377803008253,0.05709906712037108
v2,q50,rough_seed_25,rough_seed_6,wm080_ws000_we020,lm100_ls000_le000,lm100_ls000_le000,1,0.009633288538360828,0.009633288538360828,0.0
v2,q50,rough_seed_25,rough_seed_6,wm060_ws040_we000,lm020_ls080_le000,lm040_ls040_le020,0,0.14365801486556262,0.3636028829882102,0.21994486812264757
v2,q50,rough_seed_25,rough_seed_6,wm060_ws020_we020,lm020_ls080_le000,lm080_ls000_le020,0,0.09446050261864788,0.18327951193653783,0.08881900931788994
v2,q50,rough_seed_25,rough_seed_6,wm060_ws000_we040,lm100_ls000_le000,lm100_ls000_le000,1,0.019266577076721657,0.019266577076721657,0.0
v2,q50,rough_seed_25,rough_seed_6,wm040_ws060_we000,lm000_ls080_le020,lm040_ls020_le040,0,0.14300978688508584,0.3408292177431856,0.19781943085809975
v2,q50,rough_seed_25,rough_seed_6,wm040_ws040_we020,lm000_ls080_le020,lm040_ls040_le020,0,0.10172863232970764,0.22959141541981912,0.12786278309011148
v2,q50,rough_seed_25,rough_seed_6,wm040_ws020_we040,lm020_ls080_le000,lm060_ls020_le020,0,0.07690725157717176,0.22375127108398102,0.14684401950680925
v2,q50,rough_seed_25,rough_seed_6,wm040_ws000_we060,lm100_ls000_le000,lm100_ls000_le000,1,0.02889986561508248,0.02889986561508248,0.0
v2,q50,rough_seed_25,rough_seed_6,wm020_ws080_we000,lm020_ls040_le040,lm060_ls000_le040,0,0.07853022180055476,0.30220588244620145,0.2236756606456467
v2,q50,rough_seed_25,rough_seed_6,wm020_ws060_we020,lm040_ls020_le040,lm060_ls000_le040,0,0.09708146836218363,0.14296873137436553,0.04588726301218189
v2,q50,rough_seed_25,rough_seed_6,wm020_ws040_we040,lm000_ls080_le020,lm040_ls040_le020,0,0.10135623892781448,0.40326247804956533,0.30190623912175085
v2,q50,rough_seed_25,rough_seed_6,wm020_ws020_we060,lm020_ls080_le000,lm040_ls040_le020,0,0.05111040443101064,0.3342197185597534,0.28310931412874274
v2,q50,rough_seed_25,rough_seed_6,wm020_ws000_we080,lm100_ls000_le000,lm100_ls000_le000,1,0.038533154153443314,0.038533154153443314,0.0
v2,q50,rough_seed_25,rough_seed_6,wm000_ws100_we000,lm040_ls000_le060,lm060_ls000_le040,0,0.0,1.6971490464358463,1.6971490464358463
v2,q50,rough_seed_25,rough_seed_6,wm000_ws080_we020,lm040_ls000_le060,lm060_ls000_le040,0,0.09630394141366329,1.3587512971707705,1.2624473557571072
v2,q50,rough_seed_25,rough_seed_6,wm000_ws060_we040,lm040_ls000_le060,lm040_ls040_le020,0,0.1512296800227251,1.0203535479056949,0.8691238678829698
v2,q50,rough_seed_25,rough_seed_6,wm000_ws040_we060,lm000_ls080_le020,lm040_ls040_le020,0,0.10098384552592132,0.6028961706888288,0.5019123251629075
v2,q50,rough_seed_25,rough_seed_6,wm000_ws020_we080,lm020_ls080_le000,lm040_ls040_le020,0,0.050738011029117486,0.4446881660355258,0.3939501550064083
v2,q50,rough_seed_25,rough_seed_6,wm000_ws000_we100,lm100_ls000_le000,lm020_ls000_le080,0,0.0,0.04816644269180413,0.04816644269180413
v2,q50,rough_seed_25,rough_seed_6,balanced,lm000_ls080_le020,lm040_ls040_le020,0,0.08485588969680863,0.33653903987936906,0.25168315018256043
v2,q50,rough_seed_25,rough_seed_6,motion,lm020_ls080_le000,lm080_ls000_le020,0,0.10977797488077451,0.13777780335576345,0.02799982847498894
v2,q50,rough_seed_25,rough_seed_6,stability,lm000_ls060_le040,lm060_ls000_le040,0,0.07281110127163772,0.2868518124732384,0.21404071120160068
v2,q50,rough_seed_25,rough_seed_6,energy,lm020_ls080_le000,lm040_ls040_le020,0,0.038455847456336394,0.3890685176678906,0.3506126702115542
v2,q50,rough_seed_12,rough_seed_4,wm100_ws000_we000,lm080_ls020_le000,lm100_ls000_le000,0,0.0,0.01979307986753394,0.01979307986753394
v2,q50,rough_seed_12,rough_seed_4,wm080_ws020_we000,lm000_ls100_le000,lm100_ls000_le000,0,0.08059530128753654,0.23470269025879253,0.15410738897125598
v2,q50,rough_seed_12,rough_seed_4,wm080_ws000_we020,lm060_ls040_le000,lm100_ls000_le000,0,0.0,0.2467827166686028,0.2467827166686028
v2,q50,rough_seed_12,rough_seed_4,wm060_ws040_we000,lm000_ls100_le000,lm100_ls000_le000,0,0.1611906025750731,0.28660111248966846,0.12541050991459538
v2,q50,rough_seed_12,rough_seed_4,wm060_ws020_we020,lm000_ls100_le000,lm100_ls000_le000,0,0.08059530128753654,0.42337480513151227,0.3427795038439757
v2,q50,rough_seed_12,rough_seed_4,wm060_ws000_we040,lm000_ls100_le000,lm100_ls000_le000,0,0.0,0.8421967579903763,0.8421967579903763
v2,q50,rough_seed_12,rough_seed_4,wm040_ws060_we000,lm000_ls100_le000,lm040_ls040_le020,0,0.19866834790678606,0.42845802734243765,0.2297896794356516
v2,q50,rough_seed_12,rough_seed_4,wm040_ws040_we020,lm000_ls100_le000,lm100_ls000_le000,0,0.1611906025750731,0.4242075898757714,0.26301698730069833
v2,q50,rough_seed_12,rough_seed_4,wm040_ws020_we040,lm000_ls100_le000,lm100_ls000_le000,0,0.08059530128753654,0.8430295427346355,0.7624342414470989
v2,q50,rough_seed_12,rough_seed_4,wm040_ws000_we060,lm000_ls100_le000,lm100_ls000_le000,0,0.0,1.2618514955934994,1.2618514955934994
v2,q50,rough_seed_12,rough_seed_4,wm020_ws080_we000,lm000_ls100_le000,lm040_ls040_le020,0,0.09933417395339303,0.5703149421952068,0.4709807682418138
v2,q50,rough_seed_12,rough_seed_4,wm020_ws060_we020,lm000_ls100_le000,lm040_ls040_le020,0,0.14353740928411754,0.4320412855792745,0.28850387629515695
v2,q50,rough_seed_12,rough_seed_4,wm020_ws040_we040,lm000_ls100_le000,lm100_ls000_le000,0,0.1611906025750731,0.8438623274788946,0.6826717249038214
v2,q50,rough_seed_12,rough_seed_4,wm020_ws020_we060,lm000_ls100_le000,lm100_ls000_le000,0,0.08059530128753654,1.2626842803377587,1.1820889790502223
v2,q50,rough_seed_12,rough_seed_4,wm020_ws000_we080,lm000_ls100_le000,lm100_ls000_le000,0,0.0,1.6815062331966226,1.6815062331966226
v2,q50,rough_seed_12,rough_seed_4,wm000_ws100_we000,lm000_ls100_le000,lm040_ls040_le020,0,0.0,0.712171857047976,0.712171857047976
v2,q50,rough_seed_12,rough_seed_4,wm000_ws080_we020,lm000_ls100_le000,lm040_ls040_le020,0,0.14255390261131165,0.5738982004320438,0.43134429782073214
v2,q50,rough_seed_12,rough_seed_4,wm000_ws060_we040,lm000_ls100_le000,lm100_ls000_le000,0,0.24178590386260962,0.8446951122231536,0.6029092083605441
v2,q50,rough_seed_12,rough_seed_4,wm000_ws040_we060,lm000_ls100_le000,lm100_ls000_le000,0,0.1611906025750731,1.2635170650820178,1.1023264625069447
v2,q50,rough_seed_12,rough_seed_4,wm000_ws020_we080,lm000_ls100_le000,lm100_ls000_le000,0,0.08059530128753654,1.6823390179408817,1.6017437166533453
v2,q50,rough_seed_12,rough_seed_4,wm000_ws000_we100,lm000_ls100_le000,lm100_ls000_le000,0,0.0,2.1011609707997456,2.1011609707997456
v2,q50,rough_seed_12,rough_seed_4,balanced,lm000_ls100_le000,lm100_ls000_le000,0,0.13432550214589423,0.703699820029767,0.5693743178838728
v2,q50,rough_seed_12,rough_seed_4,motion,lm000_ls100_le000,lm100_ls000_le000,0,0.060446475965652405,0.31825292454466675,0.25780644857901436
v2,q50,rough_seed_12,rough_seed_4,stability,lm000_ls100_le000,lm040_ls040_le020,0,0.10765305696308815,0.5020739284464498,0.3944208714833617
v2,q50,rough_seed_12,rough_seed_4,energy,lm000_ls100_le000,lm100_ls000_le000,0,0.060446475965652405,1.4723034529532555,1.411856976987603
v2,q50,rough_seed_6,rough_seed_25,wm100_ws000_we000,lm100_ls000_le000,lm080_ls020_le000,0,0.0,0.019444788457276867,0.019444788457276867
v2,q50,rough_seed_6,rough_seed_25,wm080_ws020_we000,lm080_ls000_le020,lm020_ls080_le000,0,0.0908398414765453,0.3092067838366751,0.21836694236012982
v2,q50,rough_seed_6,rough_seed_25,wm080_ws000_we020,lm100_ls000_le000,lm100_ls000_le000,1,0.015555830765821493,0.015555830765821493,0.0
v2,q50,rough_seed_6,rough_seed_25,wm060_ws040_we000,lm040_ls040_le020,lm020_ls080_le000,0,0.18122716013211151,0.20511899862557761,0.0238918384934661
v2,q50,rough_seed_6,rough_seed_25,wm060_ws020_we020,lm080_ls000_le020,lm020_ls080_le000,0,0.09100297394847139,0.23347281297375586,0.14246983902528448
v2,q50,rough_seed_6,rough_seed_25,wm060_ws000_we040,lm100_ls000_le000,lm100_ls000_le000,1,0.011666873074366119,0.011666873074366119,0.0
v2,q50,rough_seed_6,rough_seed_25,wm040_ws060_we000,lm040_ls020_le040,lm000_ls080_le020,0,0.19608728520565133,0.2290174394281458,0.032930154222494484
v2,q50,rough_seed_6,rough_seed_25,wm040_ws040_we020,lm040_ls040_le020,lm000_ls080_le020,0,0.13144984731755588,0.16068119003620196,0.02923134271864608
v2,q50,rough_seed_6,rough_seed_25,wm040_ws020_we040,lm060_ls020_le020,lm020_ls080_le000,0,0.09116610642039749,0.1979213616470966,0.1067552552266991
v2,q50,rough_seed_6,rough_seed_25,wm040_ws000_we060,lm100_ls000_le000,lm100_ls000_le000,1,0.007777915382910746,0.007777915382910746,0.0
v2,q50,rough_seed_6,rough_seed_25,wm020_ws080_we000,lm060_ls000_le040,lm020_ls040_le040,0,0.12079193910800827,0.13913095498328046,0.018339015875272188
v2,q50,rough_seed_6,rough_seed_25,wm020_ws060_we020,lm060_ls000_le040,lm040_ls020_le040,0,0.12051009251483094,0.19856109838295283,0.07805100586812189
v2,q50,rough_seed_6,rough_seed_25,wm020_ws040_we040,lm040_ls040_le020,lm000_ls080_le020,0,0.1311106436783401,0.1966834895842047,0.0655728459058646
v2,q50,rough_seed_6,rough_seed_25,wm020_ws020_we060,lm040_ls040_le020,lm020_ls080_le000,0,0.09132923889232358,0.2931212721769255,0.20179203328460193
v2,q50,rough_seed_6,rough_seed_25,wm020_ws000_we080,lm100_ls000_le000,lm100_ls000_le000,1,0.003888957691455373,0.003888957691455373,0.0
v2,q50,rough_seed_6,rough_seed_25,wm000_ws100_we000,lm060_ls000_le040,lm040_ls000_le060,0,0.0,0.17240889353486885,0.17240889353486885
v2,q50,rough_seed_6,rough_seed_25,wm000_ws080_we020,lm060_ls000_le040,lm040_ls000_le060,0,0.06400339091422703,0.19769866197714145,0.1336952710629144
v2,q50,rough_seed_6,rough_seed_25,wm000_ws060_we040,lm040_ls040_le020,lm040_ls000_le060,0,0.12800678182845407,0.2394877254468006,0.11148094361834654
v2,q50,rough_seed_6,rough_seed_25,wm000_ws040_we060,lm040_ls040_le020,lm000_ls080_le020,0,0.1307714400391243,0.29323352172113615,0.16246208168201184
v2,q50,rough_seed_6,rough_seed_25,wm000_ws020_we080,lm040_ls040_le020,lm020_ls080_le000,0,0.10336518262513056,0.389671304313857,0.28630612168872643
v2,q50,rough_seed_6,rough_seed_25,wm000_ws000_we100,lm020_ls000_le080,lm100_ls000_le000,0,0.0,2.062744961088126,2.062744961088126
v2,q50,rough_seed_6,rough_seed_25,balanced,lm040_ls040_le020,lm000_ls080_le020,0,0.1097909668084521,0.164462729023824,0.0546717622153719
v2,q50,rough_seed_6,rough_seed_25,motion,lm080_ls000_le020,lm020_ls080_le000,0,0.0683653611665983,0.27132822651975114,0.20296286535315283
v2,q50,rough_seed_6,rough_seed_25,stability,lm060_ls000_le040,lm000_ls060_le040,0,0.09299089752470316,0.1493475784741821,0.05635668094947893
v2,q50,rough_seed_6,rough_seed_25,energy,lm040_ls040_le020,lm020_ls080_le000,0,0.09040043571615122,0.34136822585933857,0.2509677901431874
v2,q50,rough_seed_29,rough_seed_18,wm100_ws000_we000,lm000_ls100_le000,lm100_ls000_le000,0,0.0,0.23276827559028163,0.23276827559028163
v2,q50,rough_seed_29,rough_seed_18,wm080_ws020_we000,lm000_ls100_le000,lm060_ls040_le000,0,0.06723461924233255,0.18684861529363236,0.11961399605129981
v2,q50,rough_seed_29,rough_seed_18,wm080_ws000_we020,lm000_ls100_le000,lm060_ls040_le000,0,0.07111157294524108,0.18743180799482842,0.11632023504958734
v2,q50,rough_seed_29,rough_seed_18,wm060_ws040_we000,lm000_ls100_le000,lm040_ls060_le000,0,0.07500624628201596,0.1409289549969831,0.06592270871496714
v2,q50,rough_seed_29,rough_seed_18,wm060_ws020_we020,lm000_ls100_le000,lm060_ls040_le000,0,0.0713569129155033,0.14151214769817916,0.07015523478267585
v2,q50,rough_seed_29,rough_seed_18,wm060_ws000_we040,lm000_ls100_le000,lm080_ls020_le000,0,0.1109272685168013,0.24725466140101976,0.13632739288421847
v2,q50,rough_seed_29,rough_seed_18,wm040_ws060_we000,lm000_ls100_le000,lm080_ls020_le000,0,0.0732403296996799,0.19302228544313058,0.11978195574345067
v2,q50,rough_seed_29,rough_seed_18,wm040_ws040_we020,lm000_ls100_le000,lm080_ls020_le000,0,0.07377371668332064,0.13020599600362126,0.05643227932030062
v2,q50,rough_seed_29,rough_seed_18,wm040_ws020_we040,lm000_ls100_le000,lm080_ls020_le000,0,0.10846932247463285,0.24742772894403023,0.1389584064693974
v2,q50,rough_seed_29,rough_seed_18,wm040_ws000_we060,lm000_ls100_le000,lm080_ls000_le020,0,0.08273351216765015,0.3697296739055381,0.286996161737888
v2,q50,rough_seed_29,rough_seed_18,wm020_ws080_we000,lm000_ls100_le000,lm080_ls020_le000,0,0.03662016484983995,0.25659483512684644,0.21997467027700648
v2,q50,rough_seed_29,rough_seed_18,wm020_ws060_we020,lm000_ls100_le000,lm080_ls020_le000,0,0.05423466123731643,0.1937785456873371,0.13954388445002067
v2,q50,rough_seed_29,rough_seed_18,wm020_ws040_we040,lm000_ls100_le000,lm080_ls020_le000,0,0.10810674658503047,0.24760079648704067,0.1394940499020102
v2,q50,rough_seed_29,rough_seed_18,wm020_ws020_we060,lm000_ls100_le000,lm040_ls040_le020,0,0.1446742466029124,0.36990274144854857,0.22522849484563617
v2,q50,rough_seed_29,rough_seed_18,wm020_ws000_we080,lm000_ls100_le000,lm080_ls000_le020,0,0.041366756083825076,0.49220468641005655,0.4508379303262315
v2,q50,rough_seed_29,rough_seed_18,wm000_ws100_we000,lm040_ls040_le020,lm080_ls020_le000,0,0.0,0.7150082466000065,0.7150082466000065
v2,q50,rough_seed_29,rough_seed_18,wm000_ws080_we020,lm000_ls100_le000,lm080_ls020_le000,0,0.05387208534771405,0.257351095371053,0.20347901002333896
v2,q50,rough_seed_29,rough_seed_18,wm000_ws060_we040,lm000_ls100_le000,lm080_ls020_le000,0,0.1077441706954281,0.24777386403005114,0.14002969333462303
v2,q50,rough_seed_29,rough_seed_18,wm000_ws040_we060,lm000_ls100_le000,lm080_ls020_le000,0,0.16161625604314211,0.370075808991559,0.2084595529484169
v2,q50,rough_seed_29,rough_seed_18,wm000_ws020_we080,lm000_ls100_le000,lm040_ls040_le020,0,0.14403551598925834,0.492377753953067,0.34834223796380864
v2,q50,rough_seed_29,rough_seed_18,wm000_ws000_we100,lm000_ls100_le000,lm080_ls000_le020,0,0.0,0.6146796989145749,0.6146796989145749
v2,q50,rough_seed_29,rough_seed_18,balanced,lm000_ls100_le000,lm080_ls020_le000,0,0.09039110206219403,0.20671810313786437,0.11632700107567034
v2,q50,rough_seed_29,rough_seed_18,motion,lm000_ls100_le000,lm060_ls040_le000,0,0.05930209183357059,0.16432617967120478,0.10502408783763419
v2,q50,rough_seed_29,rough_seed_18,stability,lm000_ls100_le000,lm080_ls020_le000,0,0.04067599592798731,0.2253757554681434,0.18469975954015608
v2,q50,rough_seed_29,rough_seed_18,energy,lm000_ls100_le000,lm040_ls040_le020,0,0.10882876828632711,0.4310969808150551,0.322268212528728
v2,q50,rough_seed_18,rough_seed_8,wm100_ws000_we000,lm080_ls020_le000,lm000_ls100_le000,0,0.0,0.19893587658223136,0.19893587658223136
v2,q50,rough_seed_18,rough_seed_8,wm080_ws020_we000,lm080_ls020_le000,lm000_ls100_le000,0,0.004870208941984164,0.15943219772048048,0.1545619887784963
v2,q50,rough_seed_18,rough_seed_8,wm080_ws000_we020,lm100_ls000_le000,lm000_ls100_le000,0,0.0,0.22110803379778068,0.22110803379778068
v2,q50,rough_seed_18,rough_seed_8,wm060_ws040_we000,lm080_ls020_le000,lm000_ls100_le000,0,0.009740417883968329,0.1199285188587296,0.11018810097476127
v2,q50,rough_seed_18,rough_seed_8,wm060_ws020_we020,lm080_ls020_le000,lm000_ls100_le000,0,0.004870208941984164,0.2305669191649914,0.22569671022300722
v2,q50,rough_seed_18,rough_seed_8,wm060_ws000_we040,lm100_ls000_le000,lm000_ls100_le000,0,0.0,0.4405863655085273,0.4405863655085273
v2,q50,rough_seed_18,rough_seed_8,wm040_ws060_we000,lm080_ls020_le000,lm000_ls100_le000,0,0.014610626825952494,0.08668729063045374,0.07207666380450126
v2,q50,rough_seed_18,rough_seed_8,wm040_ws040_we020,lm080_ls020_le000,lm000_ls100_le000,0,0.009740417883968329,0.23045648319081108,0.22071606530684276
v2,q50,rough_seed_18,rough_seed_8,wm040_ws020_we040,lm040_ls060_le000,lm000_ls100_le000,0,0.004870208941984164,0.2800578318111077,0.27518762286912357
v2,q50,rough_seed_18,rough_seed_8,wm040_ws000_we060,lm100_ls000_le000,lm000_ls100_le000,0,0.0,0.6600646972192739,0.6600646972192739
v2,q50,rough_seed_18,rough_seed_8,wm020_ws080_we000,lm080_ls020_le000,lm000_ls100_le000,0,0.019480835767936657,0.11492650012581217,0.0954456643578755
v2,q50,rough_seed_18,rough_seed_8,wm020_ws060_we020,lm080_ls020_le000,lm000_ls100_le000,0,0.014610626825952494,0.23034604721663074,0.21573542039067825
v2,q50,rough_seed_18,rough_seed_8,wm020_ws040_we040,lm080_ls020_le000,lm000_ls100_le000,0,0.009740417883968329,0.45916417618560423,0.4494237583016359
v2,q50,rough_seed_18,rough_seed_8,wm020_ws020_we060,lm040_ls060_le000,lm000_ls100_le000,0,0.004870208941984164,0.4196608783321134,0.41479066939012926
v2,q50,rough_seed_18,rough_seed_8,wm020_ws000_we080,lm040_ls060_le000,lm000_ls100_le000,0,0.0,0.5591752065665897,0.5591752065665897
v2,q50,rough_seed_18,rough_seed_8,wm000_ws100_we000,lm080_ls020_le000,lm040_ls040_le020,0,0.0,0.14316570962117056,0.14316570962117056
v2,q50,rough_seed_18,rough_seed_8,wm000_ws080_we020,lm080_ls020_le000,lm000_ls100_le000,0,0.019480835767936657,0.23023561124245043,0.21075477547451377
v2,q50,rough_seed_18,rough_seed_8,wm000_ws060_we040,lm080_ls020_le000,lm000_ls100_le000,0,0.014610626825952494,0.4590537402114239,0.44444311338547143
v2,q50,rough_seed_18,rough_seed_8,wm000_ws040_we060,lm040_ls060_le000,lm000_ls100_le000,0,0.009740417883968329,0.4197495966186428,0.41000917873467446
v2,q50,rough_seed_18,rough_seed_8,wm000_ws020_we080,lm040_ls060_le000,lm000_ls100_le000,0,0.004870208941984164,0.5592639248531192,0.554393715911135
v2,q50,rough_seed_18,rough_seed_8,wm000_ws000_we100,lm040_ls060_le000,lm000_ls100_le000,0,0.0,0.6987782530875954,0.6987782530875954
v2,q50,rough_seed_18,rough_seed_8,balanced,lm080_ls020_le000,lm000_ls100_le000,0,0.00811701490330694,0.38296509051206656,0.3748480756087596
v2,q50,rough_seed_18,rough_seed_8,motion,lm080_ls020_le000,lm000_ls100_le000,0,0.0036526567064881234,0.17341760490983815,0.16976494820335003
v2,q50,rough_seed_18,rough_seed_8,stability,lm080_ls020_le000,lm000_ls100_le000,0,0.017045731296944575,0.17311390598084228,0.15606817468389772
v2,q50,rough_seed_18,rough_seed_8,energy,lm040_ls060_le000,lm000_ls100_le000,0,0.0036526567064881234,0.48944022202098386,0.48578756531449574
v2,q50,rough_seed_10,rough_seed_7,wm100_ws000_we000,lm100_ls000_le000,lm060_ls040_le000,0,0.0,0.010046092519815277,0.010046092519815277
v2,q50,rough_seed_10,rough_seed_7,wm080_ws020_we000,lm080_ls020_le000,lm080_ls020_le000,1,0.08934336145439944,0.08934336145439944,0.0
v2,q50,rough_seed_10,rough_seed_7,wm080_ws000_we020,lm000_ls100_le000,lm100_ls000_le000,0,0.027364594489203167,0.20228840358578873,0.17492380909658556
v2,q50,rough_seed_10,rough_seed_7,wm060_ws040_we000,lm080_ls020_le000,lm080_ls000_le020,0,0.14676191603588556,0.1781136510344807,0.03135173499859514
v2,q50,rough_seed_10,rough_seed_7,wm060_ws020_we020,lm000_ls100_le000,lm080_ls020_le000,0,0.0892287470795358,0.21501832723964567,0.12578958016010988
v2,q50,rough_seed_10,rough_seed_7,wm060_ws000_we040,lm040_ls040_le020,lm080_ls020_le000,0,0.034728155583680434,0.17617956778404967,0.14145141220036922
v2,q50,rough_seed_10,rough_seed_7,wm040_ws060_we000,lm080_ls020_le000,lm020_ls040_le040,0,0.16231085368994616,0.26688394061456194,0.10457308692461578
v2,q50,rough_seed_10,rough_seed_7,wm040_ws040_we020,lm020_ls080_le000,lm060_ls020_le020,0,0.12180717067211369,0.19862521002713074,0.07681803935501705
v2,q50,rough_seed_10,rough_seed_7,wm040_ws020_we040,lm040_ls020_le040,lm080_ls020_le000,0,0.08911413270467218,0.23756562555475022,0.14845149285007803
v2,q50,rough_seed_10,rough_seed_7,wm040_ws000_we060,lm040_ls020_le040,lm080_ls020_le000,0,0.023152103722453625,0.3547668991559802,0.33161479543352657
v2,q50,rough_seed_10,rough_seed_7,wm020_ws080_we000,lm000_ls060_le040,lm040_ls000_le060,0,0.1536555874161028,0.23327306648642793,0.07961747907032513
v2,q50,rough_seed_10,rough_seed_7,wm020_ws060_we020,lm000_ls060_le040,lm040_ls000_le060,0,0.11657912054015335,0.17642249343411098,0.059843372893957636
v2,q50,rough_seed_10,rough_seed_7,wm020_ws040_we040,lm000_ls040_le060,lm060_ls020_le020,0,0.12152862557147921,0.3934082843694949,0.2718796587980157
v2,q50,rough_seed_10,rough_seed_7,wm020_ws020_we060,lm040_ls020_le040,lm060_ls020_le020,0,0.08034740809800486,0.35463320617729815,0.2742857980792933
v2,q50,rough_seed_10,rough_seed_7,wm020_ws000_we080,lm020_ls020_le060,lm080_ls020_le000,0,0.011576051861226812,0.9316326186237811,0.9200565667625543
v2,q50,rough_seed_10,rough_seed_7,wm000_ws100_we000,lm020_ls020_le060,lm000_ls000_le100,0,0.0,0.2487256712868509,0.2487256712868509
v2,q50,rough_seed_10,rough_seed_7,wm000_ws080_we020,lm020_ls020_le060,lm040_ls000_le060,0,0.15383036034486472,0.23463179560537317,0.08080143526050845
v2,q50,rough_seed_10,rough_seed_7,wm000_ws060_we040,lm020_ls020_le060,lm020_ls040_le040,0,0.16205962348791028,0.46680096080196565,0.3047413373140554
v2,q50,rough_seed_10,rough_seed_7,wm000_ws040_we060,lm020_ls020_le060,lm060_ls020_le020,0,0.12125008047084473,0.6989701259985581,0.5777200455277134
v2,q50,rough_seed_10,rough_seed_7,wm000_ws020_we080,lm020_ls020_le060,lm080_ls020_le000,0,0.08888490395494492,0.9311392911951506,0.8422543872402057
v2,q50,rough_seed_10,rough_seed_7,wm000_ws000_we100,lm020_ls020_le060,lm080_ls020_le000,0,0.0,1.1633084563917429,1.1633084563917429
v2,q50,rough_seed_10,rough_seed_7,balanced,lm000_ls060_le040,lm060_ls020_le020,0,0.10172382780129385,0.21598131893110312,0.11425749112980926
v2,q50,rough_seed_10,rough_seed_7,motion,lm000_ls100_le000,lm080_ls020_le000,0,0.06706482827823138,0.16147098828036532,0.09440616000213395
v2,q50,rough_seed_10,rough_seed_7,stability,lm020_ls020_le060,lm040_ls000_le060,0,0.13516104721031855,0.1769594998776979,0.04179845266737936
v2,q50,rough_seed_10,rough_seed_7,energy,lm020_ls020_le060,lm080_ls020_le000,0,0.0667496387473564,0.8154247041683271,0.7486750654209707
v2,q50,rough_seed_8,rough_seed_18,wm100_ws000_we000,lm000_ls100_le000,lm080_ls020_le000,0,0.0,0.34583699009718216,0.34583699009718216
v2,q50,rough_seed_8,rough_seed_18,wm080_ws020_we000,lm000_ls100_le000,lm080_ls020_le000,0,0.0,0.2975149871669965,0.2975149871669965
v2,q50,rough_seed_8,rough_seed_18,wm080_ws000_we020,lm000_ls100_le000,lm100_ls000_le000,0,0.049852682101849656,0.3081529877655702,0.25830030566372053
v2,q50,rough_seed_8,rough_seed_18,wm060_ws040_we000,lm000_ls100_le000,lm080_ls020_le000,0,0.0,0.5916058457191694,0.5916058457191694
v2,q50,rough_seed_8,rough_seed_18,wm060_ws020_we020,lm000_ls100_le000,lm080_ls020_le000,0,0.1146571140982781,0.3103867331740425,0.19572961907576436
v2,q50,rough_seed_8,rough_seed_18,wm060_ws000_we040,lm000_ls100_le000,lm100_ls000_le000,0,0.05895294746166769,0.6128818469163168,0.5539288994546491
v2,q50,rough_seed_8,rough_seed_18,wm040_ws060_we000,lm000_ls100_le000,lm080_ls020_le000,0,0.0,0.8856967042713423,0.8856967042713423
v2,q50,rough_seed_8,rough_seed_18,wm040_ws040_we020,lm000_ls100_le000,lm080_ls020_le000,0,0.1146571140982781,0.5939449178662414,0.47928780376796326
v2,q50,rough_seed_8,rough_seed_18,wm040_ws020_we040,lm000_ls100_le000,lm040_ls060_le000,0,0.14117072543274742,0.6151155923247891,0.4739448668920416
v2,q50,rough_seed_8,rough_seed_18,wm040_ws000_we060,lm000_ls100_le000,lm100_ls000_le000,0,0.08812272157737035,0.9176107060670633,0.829487984489693
v2,q50,rough_seed_8,rough_seed_18,wm020_ws080_we000,lm000_ls100_le000,lm080_ls020_le000,0,0.0,1.1797875628235153,1.1797875628235153
v2,q50,rough_seed_8,rough_seed_18,wm020_ws060_we020,lm000_ls100_le000,lm080_ls020_le000,0,0.1146571140982781,0.8880357764184144,0.7733786623201363
v2,q50,rough_seed_8,rough_seed_18,wm020_ws040_we040,lm000_ls100_le000,lm080_ls020_le000,0,0.2293142281965562,0.6173493377332614,0.38803510953670517
v2,q50,rough_seed_8,rough_seed_18,wm020_ws020_we060,lm000_ls100_le000,lm040_ls060_le000,0,0.14065719241288344,0.9198444514755356,0.7791872590626522
v2,q50,rough_seed_8,rough_seed_18,wm020_ws000_we080,lm000_ls100_le000,lm040_ls060_le000,0,0.051866835006261935,1.22233956521781,1.170472730211548
v2,q50,rough_seed_8,rough_seed_18,wm000_ws100_we000,lm040_ls040_le020,lm080_ls020_le000,0,0.0,0.7435887175898936,0.7435887175898936
v2,q50,rough_seed_8,rough_seed_18,wm000_ws080_we020,lm000_ls100_le000,lm080_ls020_le000,0,0.1146571140982781,1.1821266349705872,1.067469520872309
v2,q50,rough_seed_8,rough_seed_18,wm000_ws060_we040,lm000_ls100_le000,lm080_ls020_le000,0,0.2293142281965562,0.8903748485654864,0.6610606203689302
v2,q50,rough_seed_8,rough_seed_18,wm000_ws040_we060,lm000_ls100_le000,lm040_ls060_le000,0,0.2802873187860389,0.9220781968840078,0.6417908780979689
v2,q50,rough_seed_8,rough_seed_18,wm000_ws020_we080,lm000_ls100_le000,lm040_ls060_le000,0,0.14014365939301945,1.2245733106262824,1.084429651233263
v2,q50,rough_seed_8,rough_seed_18,wm000_ws000_we100,lm000_ls100_le000,lm040_ls060_le000,0,0.0,1.5270684243685566,1.5270684243685566
v2,q50,rough_seed_8,rough_seed_18,balanced,lm000_ls100_le000,lm080_ls020_le000,0,0.1910951901637968,0.515028469546855,0.32393327938305816
v2,q50,rough_seed_8,rough_seed_18,motion,lm000_ls100_le000,lm080_ls020_le000,0,0.08599283557370857,0.2465427448191328,0.16054990924542423
v2,q50,rough_seed_8,rough_seed_18,stability,lm000_ls100_le000,lm080_ls020_le000,0,0.08599283557370857,1.0344964376577328,0.9485036020840243
v2,q50,rough_seed_8,rough_seed_18,energy,lm000_ls100_le000,lm040_ls060_le000,0,0.10549289430966256,1.0716504446987907,0.9661575503891281
v2,q50,rough_seed_22,rough_seed_20,wm100_ws000_we000,lm100_ls000_le000,lm100_ls000_le000,1,0.0,0.0,0.0
v2,q50,rough_seed_22,rough_seed_20,wm080_ws020_we000,lm080_ls000_le020,lm080_ls020_le000,0,0.20006500496469343,0.2470702201791855,0.04700521521449208
v2,q50,rough_seed_22,rough_seed_20,wm080_ws000_we020,lm060_ls020_le020,lm080_ls020_le000,0,0.20101420328297948,0.26979701925848315,0.06878281597550367
v2,q50,rough_seed_22,rough_seed_20,wm060_ws040_we000,lm000_ls060_le040,lm080_ls000_le020,0,0.2735163768252158,0.6932267691062576,0.4197103922810418
v2,q50,rough_seed_22,rough_seed_20,wm060_ws020_we020,lm080_ls000_le020,lm080_ls000_le020,1,0.1937066002379729,0.1937066002379729,0.0
v2,q50,rough_seed_22,rough_seed_20,wm060_ws000_we040,lm060_ls020_le020,lm040_ls040_le020,0,0.31479697927604194,0.4065204043551879,0.09172342507914594
v2,q50,rough_seed_22,rough_seed_20,wm040_ws060_we000,lm060_ls000_le040,lm040_ls040_le020,0,0.28199113945944504,0.5089785403597464,0.2269874009003014
v2,q50,rough_seed_22,rough_seed_20,wm040_ws040_we020,lm040_ls020_le040,lm040_ls040_le020,0,0.21132834276331575,0.404,0.19267165723668428
v2,q50,rough_seed_22,rough_seed_20,wm040_ws020_we040,lm060_ls020_le020,lm040_ls040_le020,0,0.2357043500852413,0.40724863904297587,0.17154428895773458
v2,q50,rough_seed_22,rough_seed_20,wm040_ws000_we060,lm060_ls020_le020,lm040_ls040_le020,0,0.3511394110587184,0.6081234630524234,0.256984051993705
v2,q50,rough_seed_22,rough_seed_20,wm020_ws080_we000,lm020_ls020_le060,lm040_ls020_le040,0,0.202,0.3236708468231667,0.1216708468231667
v2,q50,rough_seed_22,rough_seed_20,wm020_ws060_we020,lm000_ls040_le060,lm040_ls020_le040,0,0.202,0.3343276396584846,0.1323276396584846
v2,q50,rough_seed_22,rough_seed_20,wm020_ws040_we040,lm000_ls060_le040,lm040_ls020_le040,0,0.202,0.2329979987527633,0.030997998752763295
v2,q50,rough_seed_22,rough_seed_20,wm020_ws020_we060,lm060_ls020_le020,lm040_ls020_le040,0,0.202,0.6088516977402114,0.4068516977402114
v2,q50,rough_seed_22,rough_seed_20,wm020_ws000_we080,lm060_ls020_le020,lm040_ls020_le040,0,0.202,0.809726521749659,0.607726521749659
v2,q50,rough_seed_22,rough_seed_20,wm000_ws100_we000,lm000_ls000_le100,lm040_ls020_le040,0,0.0,0.29575601260210443,0.29575601260210443
v2,q50,rough_seed_22,rough_seed_20,wm000_ws080_we020,lm000_ls040_le060,lm040_ls020_le040,0,0.0,0.23157034899308748,0.23157034899308748
v2,q50,rough_seed_22,rough_seed_20,wm000_ws060_we040,lm000_ls040_le060,lm040_ls020_le040,0,0.0,0.46085473905892016,0.46085473905892016
v2,q50,rough_seed_22,rough_seed_20,wm000_ws040_we060,lm080_ls000_le020,lm040_ls020_le040,0,0.0,0.5743007158726567,0.5743007158726567
v2,q50,rough_seed_22,rough_seed_20,wm000_ws020_we080,lm060_ls020_le020,lm040_ls020_le040,0,0.0,0.810454756437447,0.810454756437447
v2,q50,rough_seed_22,rough_seed_20,wm000_ws000_we100,lm060_ls020_le020,lm040_ls020_le040,0,0.0,1.0113295804468945,1.0113295804468945
v2,q50,rough_seed_22,rough_seed_20,balanced,lm000_ls060_le040,lm040_ls040_le020,0,0.1971901720469265,0.3866176269576322,0.1894274549107057
v2,q50,rough_seed_22,rough_seed_20,motion,lm080_ls000_le020,lm080_ls020_le000,0,0.15225662001664353,0.21743319458260005,0.06517657456595652
v2,q50,rough_seed_22,rough_seed_20,stability,lm000_ls040_le060,lm040_ls020_le040,0,0.1515,0.25131721947567714,0.09981721947567715
v2,q50,rough_seed_22,rough_seed_20,energy,lm060_ls020_le020,lm040_ls020_le040,0,0.1515,0.7094711684168822,0.5579711684168822
v2,q50,rough_seed_20,rough_seed_22,wm100_ws000_we000,lm100_ls000_le000,lm100_ls000_le000,1,0.0,0.0,0.0
v2,q50,rough_seed_20,rough_seed_22,wm080_ws020_we000,lm080_ls020_le000,lm080_ls000_le020,0,0.13983830255512691,0.2020229131434221,0.06218461058829519
v2,q50,rough_seed_20,rough_seed_22,wm080_ws000_we020,lm080_ls020_le000,lm060_ls020_le020,0,0.11704548225463766,0.19531175604458687,0.0782662737899492
v2,q50,rough_seed_20,rough_seed_22,wm060_ws040_we000,lm080_ls000_le020,lm000_ls060_le040,0,0.24433196216768818,0.27818702727073447,0.033855065103046283
v2,q50,rough_seed_20,rough_seed_22,wm060_ws020_we020,lm080_ls000_le020,lm080_ls000_le020,1,0.1403382198920136,0.1403382198920136,0.0
v2,q50,rough_seed_20,rough_seed_22,wm060_ws000_we040,lm040_ls040_le020,lm060_ls020_le020,0,0.08778411169097824,0.3917097001650549,0.3039255884740767
v2,q50,rough_seed_20,rough_seed_22,wm040_ws060_we000,lm040_ls040_le020,lm060_ls000_le040,0,0.17869299841877725,0.5380071819926647,0.35931418357388745
v2,q50,rough_seed_20,rough_seed_22,wm040_ws040_we020,lm040_ls040_le020,lm040_ls020_le040,0,0.17907722385018984,0.3608215399789814,0.18174431612879158
v2,q50,rough_seed_20,rough_seed_22,wm040_ws020_we040,lm040_ls040_le020,lm060_ls020_le020,0,0.14740178057620767,0.3931595639187345,0.24575778334252685
v2,q50,rough_seed_20,rough_seed_22,wm040_ws000_we060,lm040_ls040_le020,lm060_ls020_le020,0,0.05852274112731883,0.5867555464391582,0.5282328053118394
v2,q50,rough_seed_20,rough_seed_22,wm020_ws080_we000,lm040_ls020_le040,lm020_ls020_le060,0,0.11310902285421955,0.2787846166781312,0.16567559382391167
v2,q50,rough_seed_20,rough_seed_22,wm020_ws060_we020,lm040_ls020_le040,lm000_ls040_le060,0,0.13288250138278854,0.21089246386964233,0.0780099624868538
v2,q50,rough_seed_20,rough_seed_22,wm020_ws040_we040,lm040_ls020_le040,lm000_ls060_le040,0,0.23106394800204005,0.3226270936548514,0.09156314565281137
v2,q50,rough_seed_20,rough_seed_22,wm020_ws020_we060,lm040_ls020_le040,lm060_ls020_le020,0,0.14711206403597343,0.48212890558612626,0.3350168415501528
v2,q50,rough_seed_20,rough_seed_22,wm020_ws000_we080,lm040_ls020_le040,lm060_ls020_le020,0,0.029261370563659416,0.6416307175174011,0.6123693469537417
v2,q50,rough_seed_20,rough_seed_22,wm000_ws100_we000,lm040_ls020_le040,lm000_ls000_le100,0,0.0,0.3473909479433597,0.3473909479433597
v2,q50,rough_seed_20,rough_seed_22,wm000_ws080_we020,lm040_ls020_le040,lm000_ls040_le060,0,0.13186603356993973,0.2794987951348708,0.14763276156493108
v2,q50,rough_seed_20,rough_seed_22,wm000_ws060_we040,lm040_ls020_le040,lm000_ls040_le060,0,0.26313549822812504,0.3224431381986226,0.05930763997049754
v2,q50,rough_seed_20,rough_seed_22,wm000_ws040_we060,lm040_ls020_le040,lm080_ls000_le020,0,0.27968677928139446,0.48194495012989735,0.2022581708485029
v2,q50,rough_seed_20,rough_seed_22,wm000_ws020_we080,lm040_ls020_le040,lm060_ls020_le020,0,0.1468223474957392,0.6414467620611722,0.49462441456543305
v2,q50,rough_seed_20,rough_seed_22,wm000_ws000_we100,lm040_ls020_le040,lm060_ls020_le020,0,0.0,0.800948573992447,0.800948573992447
v2,q50,rough_seed_20,rough_seed_22,balanced,lm040_ls040_le020,lm000_ls060_le040,0,0.19321935599181445,0.3291108576631531,0.13589150167133868
v2,q50,rough_seed_20,rough_seed_22,motion,lm080_ls020_le000,lm080_ls000_le020,0,0.10694108219214375,0.15297021367550298,0.04602913148335923
v2,q50,rough_seed_20,rough_seed_22,stability,lm040_ls020_le040,lm000_ls040_le060,0,0.09981101826503001,0.24501708488807164,0.14520606662304164
v2,q50,rough_seed_20,rough_seed_22,energy,lm040_ls020_le040,lm060_ls020_le020,0,0.11033404802698005,0.5618338226877064,0.4514997746607264
v2,q50,rough_seed_28,rough_seed_20,wm100_ws000_we000,lm100_ls000_le000,lm100_ls000_le000,1,0.0,0.0,0.0
v2,q50,rough_seed_28,rough_seed_20,wm080_ws020_we000,lm080_ls000_le020,lm060_ls040_le000,0,0.009120410146334494,0.5202244673082439,0.5111040571619094
v2,q50,rough_seed_28,rough_seed_20,wm080_ws000_we020,lm060_ls020_le020,lm060_ls040_le000,0,0.051258519412871316,0.503505215135401,0.45224669572252973
v2,q50,rough_seed_28,rough_seed_20,wm060_ws040_we000,lm000_ls060_le040,lm060_ls040_le000,0,0.013997678733214725,0.7179468256401229,0.7039491469069081
v2,q50,rough_seed_28,rough_seed_20,wm060_ws020_we020,lm080_ls000_le020,lm060_ls040_le000,0,0.051305077538071404,0.3926262242994132,0.3413211467613418
v2,q50,rough_seed_28,rough_seed_20,wm060_ws000_we040,lm060_ls020_le020,lm000_ls100_le000,0,0.09275631488480095,0.4503460349214673,0.35758972003666634
v2,q50,rough_seed_28,rough_seed_20,wm040_ws060_we000,lm060_ls000_le040,lm060_ls040_le000,0,0.02094050666759286,0.41620811107475575,0.3952676044071629
v2,q50,rough_seed_28,rough_seed_20,wm040_ws040_we020,lm040_ls020_le040,lm040_ls060_le000,0,0.04817759687293745,0.43325346408959026,0.3850758672166528
v2,q50,rough_seed_28,rough_seed_20,wm040_ws020_we040,lm060_ls020_le020,lm000_ls100_le000,0,0.06188545258017188,0.44921452881868945,0.3873290762385176
v2,q50,rough_seed_28,rough_seed_20,wm040_ws000_we060,lm060_ls020_le020,lm000_ls100_le000,0,0.06195731656562876,0.672416984266815,0.6104596677011862
v2,q50,rough_seed_28,rough_seed_20,wm020_ws080_we000,lm020_ls020_le060,lm060_ls040_le000,0,0.027883334601970997,0.29258248888897975,0.26469915428700874
v2,q50,rough_seed_28,rough_seed_20,wm020_ws060_we020,lm000_ls040_le060,lm000_ls100_le000,0,0.03094272629008594,0.28687357422692716,0.25593084793684123
v2,q50,rough_seed_28,rough_seed_20,wm020_ws040_we040,lm000_ls060_le040,lm000_ls100_le000,0,0.03101459027554282,0.2845717856597531,0.2535571953842103
v2,q50,rough_seed_28,rough_seed_20,wm020_ws020_we060,lm060_ls020_le020,lm000_ls100_le000,0,0.031086454260999697,0.671285478164037,0.6401990239030374
v2,q50,rough_seed_28,rough_seed_20,wm020_ws000_we080,lm060_ls020_le020,lm000_ls100_le000,0,0.031158318246456575,0.8944879336121626,0.8633296153657061
v2,q50,rough_seed_28,rough_seed_20,wm000_ws100_we000,lm000_ls000_le100,lm000_ls100_le000,0,0.0,0.6041067968925078,0.6041067968925078
v2,q50,rough_seed_28,rough_seed_20,wm000_ws080_we020,lm000_ls040_le060,lm000_ls100_le000,0,0.007258262531144621,0.2557845352853206,0.24852627275417596
v2,q50,rough_seed_28,rough_seed_20,wm000_ws060_we040,lm000_ls040_le060,lm000_ls080_le020,0,0.01017550430412725,0.5088639628080559,0.4986884585039287
v2,q50,rough_seed_28,rough_seed_20,wm000_ws040_we060,lm080_ls000_le020,lm000_ls080_le020,0,0.006783669536084833,0.7262888130184901,0.7195051434824054
v2,q50,rough_seed_28,rough_seed_20,wm000_ws020_we080,lm060_ls020_le020,lm000_ls080_le020,0,0.0033918347680424164,0.8933564275093848,0.8899645927413424
v2,q50,rough_seed_28,rough_seed_20,wm000_ws000_we100,lm060_ls020_le020,lm000_ls080_le020,0,0.0,1.1165588829575102,1.1165588829575102
v2,q50,rough_seed_28,rough_seed_20,balanced,lm000_ls060_le040,lm000_ls100_le000,0,0.051571210483476564,0.4014533578295652,0.34988214734608863
v2,q50,rough_seed_28,rough_seed_20,motion,lm080_ls000_le020,lm060_ls040_le000,0,0.038506813869668165,0.4569616491994654,0.41845483532979727
v2,q50,rough_seed_28,rough_seed_20,stability,lm000_ls040_le060,lm000_ls100_le000,0,0.023207044717564455,0.21583145761084166,0.1926244128932772
v2,q50,rough_seed_28,rough_seed_20,energy,lm060_ls020_le020,lm000_ls100_le000,0,0.025633157935525692,0.7826038293624052,0.7569706714268796
v2,q50,rough_seed_17,rough_seed_5,wm100_ws000_we000,lm000_ls100_le000,lm060_ls040_le000,0,0.0,0.12413570855344724,0.12413570855344724
v2,q50,rough_seed_17,rough_seed_5,wm080_ws020_we000,lm020_ls060_le020,lm100_ls000_le000,0,0.0074452059261622865,0.3539029688197934,0.3464577628936311
v2,q50,rough_seed_17,rough_seed_5,wm080_ws000_we020,lm060_ls040_le000,lm100_ls000_le000,0,0.028377157313285047,0.1051763294341744,0.07679917212088935
v2,q50,rough_seed_17,rough_seed_5,wm060_ws040_we000,lm060_ls020_le020,lm100_ls000_le000,0,0.014886585278753738,0.2532114828377282,0.23832489755897446
v2,q50,rough_seed_17,rough_seed_5,wm060_ws020_we020,lm020_ls060_le020,lm100_ls000_le000,0,0.028450076599237272,0.26562186850881947,0.2371717919095822
v2,q50,rough_seed_17,rough_seed_5,wm060_ws000_we040,lm080_ls020_le000,lm100_ls000_le000,0,0.05675048805299926,0.17688851721193483,0.12013802915893557
v2,q50,rough_seed_17,rough_seed_5,wm040_ws060_we000,lm060_ls020_le020,lm100_ls000_le000,0,0.022327964631345187,0.1696932973102711,0.14736533267892593
v2,q50,rough_seed_17,rough_seed_5,wm040_ws040_we020,lm060_ls020_le020,lm100_ls000_le000,0,0.028522995885189497,0.16958801074001065,0.14106501485482115
v2,q50,rough_seed_17,rough_seed_5,wm040_ws020_we040,lm060_ls020_le020,lm100_ls000_le000,0,0.056823407338951484,0.1694827241697502,0.1126593168307987
v2,q50,rough_seed_17,rough_seed_5,wm040_ws000_we060,lm000_ls080_le020,lm100_ls000_le000,0,0.08512381879271347,0.18922915820515412,0.10410533941244066
v2,q50,rough_seed_17,rough_seed_5,wm020_ws080_we000,lm020_ls040_le040,lm100_ls000_le000,0,0.02976934398393664,0.15840532779055422,0.1286359838066176
v2,q50,rough_seed_17,rough_seed_5,wm020_ws060_we020,lm020_ls040_le040,lm100_ls000_le000,0,0.028595915171141722,0.1592173389406155,0.13062142376947378
v2,q50,rough_seed_17,rough_seed_5,wm020_ws040_we040,lm000_ls040_le060,lm100_ls000_le000,0,0.05689632662490371,0.5086732859640889,0.45177695933918516
v2,q50,rough_seed_17,rough_seed_5,wm020_ws020_we060,lm060_ls020_le020,lm100_ls000_le000,0,0.08519673807866569,0.1304714595048812,0.04527472142621551
v2,q50,rough_seed_17,rough_seed_5,wm020_ws000_we080,lm020_ls060_le020,lm020_ls060_le020,1,0.08828110031097385,0.08828110031097385,0.0
v2,q50,rough_seed_17,rough_seed_5,wm000_ws100_we000,lm000_ls040_le060,lm060_ls000_le040,0,0.0,0.7888347555684238,0.7888347555684238
v2,q50,rough_seed_17,rough_seed_5,wm000_ws080_we020,lm000_ls040_le060,lm100_ls000_le000,0,0.030049510313325728,0.6335540442645767,0.603504533951251
v2,q50,rough_seed_17,rough_seed_5,wm000_ws060_we040,lm000_ls040_le060,lm100_ls000_le000,0,0.056969245910855934,0.5069065886500178,0.44993734273916186
v2,q50,rough_seed_17,rough_seed_5,wm000_ws040_we060,lm060_ls020_le020,lm100_ls000_le000,0,0.08526965736461792,0.13017067078784833,0.04490101342323041
v2,q50,rough_seed_17,rough_seed_5,wm000_ws020_we080,lm060_ls020_le020,lm020_ls060_le020,0,0.0786353251656972,0.17267525229867883,0.09403992713298163
v2,q50,rough_seed_17,rough_seed_5,wm000_ws000_we100,lm020_ls060_le020,lm020_ls060_le020,1,0.0,0.0,0.0
v2,q50,rough_seed_17,rough_seed_5,balanced,lm060_ls020_le020,lm100_ls000_le000,0,0.0474142432830149,0.14167842451735127,0.09426418123433637
v2,q50,rough_seed_17,rough_seed_5,motion,lm100_ls000_le000,lm100_ls000_le000,1,0.02133851409282066,0.02133851409282066,0.0
v2,q50,rough_seed_17,rough_seed_5,stability,lm020_ls040_le040,lm100_ls000_le000,0,0.026258779054682727,0.11969431879781033,0.0934355397431276
v2,q50,rough_seed_17,rough_seed_5,energy,lm060_ls020_le020,lm020_ls060_le020,0,0.06679475091515387,0.1516485530810382,0.08485380216588433
