context_id,terrain,seed,context_friction_mu,context_height_std_m,context_height_relief_p95_p05_m,context_slope_rms,context_slope_q95,preference_name,preference_kind,w_motion,w_stability,w_energy,selected_beta_name,selected_beta_motion,selected_beta_stability,selected_beta_energy,selected_lambda_motion,selected_lambda_stability,selected_lambda_energy,selected_J_motion_s_per_m,selected_J_stability,selected_J_energy_j_per_m,regret_motion,regret_stability,regret_energy,tchebycheff_max_term,tchebycheff_aug_term,scalarization_score,pareto_count
flat,flat,27100,0.8,0.0,0.0,0.0,0.0,wm100_ws000_we000,grid,1.0,0.0,0.0,lm100_ls000_le000,0.7,0.15,0.15,1.0,0.0,0.0,4.467153420035954,0.10764727422495432,100.54988909022944,0.0,0.0,0.0,0.0,0.0,0.0,1
flat,flat,27100,0.8,0.0,0.0,0.0,0.0,wm080_ws020_we000,grid,0.8,0.2,0.0,lm100_ls000_le000,0.7,0.15,0.15,1.0,0.0,0.0,4.467153420035954,0.10764727422495432,100.54988909022944,0.0,0.0,0.0,0.0,0.0,0.0,1
flat,flat,27100,0.8,0.0,0.0,0.0,0.0,wm080_ws000_we020,grid,0.8,0.0,0.2,lm100_ls000_le000,0.7,0.15,0.15,1.0,0.0,0.0,4.467153420035954,0.10764727422495432,100.54988909022944,0.0,0.0,0.0,0.0,0.0,0.0,1
flat,flat,27100,0.8,0.0,0.0,0.0,0.0,wm060_ws040_we000,grid,0.6,0.4,0.0,lm100_ls000_le000,0.7,0.15,0.15,1.0,0.0,0.0,4.467153420035954,0.10764727422495432,100.54988909022944,0.0,0.0,0.0,0.0,0.0,0.0,1
flat,flat,27100,0.8,0.0,0.0,0.0,0.0,wm060_ws020_we020,grid,0.6,0.2,0.2,lm100_ls000_le000,0.7,0.15,0.15,1.0,0.0,0.0,4.467153420035954,0.10764727422495432,100.54988909022944,0.0,0.0,0.0,0.0,0.0,0.0,1
flat,flat,27100,0.8,0.0,0.0,0.0,0.0,wm060_ws000_we040,grid,0.6,0.0,0.4,lm100_ls000_le000,0.7,0.15,0.15,1.0,0.0,0.0,4.467153420035954,0.10764727422495432,100.54988909022944,0.0,0.0,0.0,0.0,0.0,0.0,1
flat,flat,27100,0.8,0.0,0.0,0.0,0.0,wm040_ws060_we000,grid,0.4,0.6,0.0,lm100_ls000_le000,0.7,0.15,0.15,1.0,0.0,0.0,4.467153420035954,0.10764727422495432,100.54988909022944,0.0,0.0,0.0,0.0,0.0,0.0,1
flat,flat,27100,0.8,0.0,0.0,0.0,0.0,wm040_ws040_we020,grid,0.4,0.4,0.2,lm100_ls000_le000,0.7,0.15,0.15,1.0,0.0,0.0,4.467153420035954,0.10764727422495432,100.54988909022944,0.0,0.0,0.0,0.0,0.0,0.0,1
flat,flat,27100,0.8,0.0,0.0,0.0,0.0,wm040_ws020_we040,grid,0.4,0.2,0.4,lm100_ls000_le000,0.7,0.15,0.15,1.0,0.0,0.0,4.467153420035954,0.10764727422495432,100.54988909022944,0.0,0.0,0.0,0.0,0.0,0.0,1
flat,flat,27100,0.8,0.0,0.0,0.0,0.0,wm040_ws000_we060,grid,0.4,0.0,0.6,lm100_ls000_le000,0.7,0.15,0.15,1.0,0.0,0.0,4.467153420035954,0.10764727422495432,100.54988909022944,0.0,0.0,0.0,0.0,0.0,0.0,1
flat,flat,27100,0.8,0.0,0.0,0.0,0.0,wm020_ws080_we000,grid,0.2,0.8,0.0,lm100_ls000_le000,0.7,0.15,0.15,1.0,0.0,0.0,4.467153420035954,0.10764727422495432,100.54988909022944,0.0,0.0,0.0,0.0,0.0,0.0,1
flat,flat,27100,0.8,0.0,0.0,0.0,0.0,wm020_ws060_we020,grid,0.2,0.6,0.2,lm100_ls000_le000,0.7,0.15,0.15,1.0,0.0,0.0,4.467153420035954,0.10764727422495432,100.54988909022944,0.0,0.0,0.0,0.0,0.0,0.0,1
flat,flat,27100,0.8,0.0,0.0,0.0,0.0,wm020_ws040_we040,grid,0.2,0.4,0.4,lm100_ls000_le000,0.7,0.15,0.15,1.0,0.0,0.0,4.467153420035954,0.10764727422495432,100.54988909022944,0.0,0.0,0.0,0.0,0.0,0.0,1
flat,flat,27100,0.8,0.0,0.0,0.0,0.0,wm020_ws020_we060,grid,0.2,0.2,0.6,lm100_ls000_le000,0.7,0.15,0.15,1.0,0.0,0.0,4.467153420035954,0.10764727422495432,100.54988909022944,0.0,0.0,0.0,0.0,0.0,0.0,1
flat,flat,27100,0.8,0.0,0.0,0.0,0.0,wm020_ws000_we080,grid,0.2,0.0,0.8,lm100_ls000_le000,0.7,0.15,0.15,1.0,0.0,0.0,4.467153420035954,0.10764727422495432,100.54988909022944,0.0,0.0,0.0,0.0,0.0,0.0,1
flat,flat,27100,0.8,0.0,0.0,0.0,0.0,wm000_ws100_we000,grid,0.0,1.0,0.0,lm100_ls000_le000,0.7,0.15,0.15,1.0,0.0,0.0,4.467153420035954,0.10764727422495432,100.54988909022944,0.0,0.0,0.0,0.0,0.0,0.0,1
flat,flat,27100,0.8,0.0,0.0,0.0,0.0,wm000_ws080_we020,grid,0.0,0.8,0.2,lm100_ls000_le000,0.7,0.15,0.15,1.0,0.0,0.0,4.467153420035954,0.10764727422495432,100.54988909022944,0.0,0.0,0.0,0.0,0.0,0.0,1
flat,flat,27100,0.8,0.0,0.0,0.0,0.0,wm000_ws060_we040,grid,0.0,0.6,0.4,lm100_ls000_le000,0.7,0.15,0.15,1.0,0.0,0.0,4.467153420035954,0.10764727422495432,100.54988909022944,0.0,0.0,0.0,0.0,0.0,0.0,1
flat,flat,27100,0.8,0.0,0.0,0.0,0.0,wm000_ws040_we060,grid,0.0,0.4,0.6,lm100_ls000_le000,0.7,0.15,0.15,1.0,0.0,0.0,4.467153420035954,0.10764727422495432,100.54988909022944,0.0,0.0,0.0,0.0,0.0,0.0,1
flat,flat,27100,0.8,0.0,0.0,0.0,0.0,wm000_ws020_we080,grid,0.0,0.2,0.8,lm100_ls000_le000,0.7,0.15,0.15,1.0,0.0,0.0,4.467153420035954,0.10764727422495432,100.54988909022944,0.0,0.0,0.0,0.0,0.0,0.0,1
flat,flat,27100,0.8,0.0,0.0,0.0,0.0,wm000_ws000_we100,grid,0.0,0.0,1.0,lm100_ls000_le000,0.7,0.15,0.15,1.0,0.0,0.0,4.467153420035954,0.10764727422495432,100.54988909022944,0.0,0.0,0.0,0.0,0.0,0.0,1
flat,flat,27100,0.8,0.0,0.0,0.0,0.0,balanced,canonical,0.3333333333333333,0.3333333333333333,0.3333333333333333,lm100_ls000_le000,0.7,0.15,0.15,1.0,0.0,0.0,4.467153420035954,0.10764727422495432,100.54988909022944,0.0,0.0,0.0,0.0,0.0,0.0,1
flat,flat,27100,0.8,0.0,0.0,0.0,0.0,motion,canonical,0.7,0.15,0.15,lm100_ls000_le000,0.7,0.15,0.15,1.0,0.0,0.0,4.467153420035954,0.10764727422495432,100.54988909022944,0.0,0.0,0.0,0.0,0.0,0.0,1
flat,flat,27100,0.8,0.0,0.0,0.0,0.0,stability,canonical,0.15,0.7,0.15,lm100_ls000_le000,0.7,0.15,0.15,1.0,0.0,0.0,4.467153420035954,0.10764727422495432,100.54988909022944,0.0,0.0,0.0,0.0,0.0,0.0,1
flat,flat,27100,0.8,0.0,0.0,0.0,0.0,energy,canonical,0.15,0.15,0.7,lm100_ls000_le000,0.7,0.15,0.15,1.0,0.0,0.0,4.467153420035954,0.10764727422495432,100.54988909022944,0.0,0.0,0.0,0.0,0.0,0.0,1
low_friction,low_friction,27200,0.152,0.0,0.0,0.0,0.0,wm100_ws000_we000,grid,1.0,0.0,0.0,lm100_ls000_le000,0.7,0.15,0.15,1.0,0.0,0.0,4.539224297512309,0.25137314479378425,110.58335893441934,0.0,1.0,0.5941920981184179,0.0,0.0,0.0,6
low_friction,low_friction,27200,0.152,0.0,0.0,0.0,0.0,wm080_ws020_we000,grid,0.8,0.2,0.0,lm080_ls020_le000,0.59,0.26,0.15,0.8,0.2,0.0,4.542541160232466,0.2509052680762073,110.51206006721317,0.12004539642447351,0.7237294812464607,0.22756768461331556,0.14474589624929216,0.0024078221338887096,0.14715371838318086,6
low_friction,low_friction,27200,0.152,0.0,0.0,0.0,0.0,wm080_ws000_we020,grid,0.8,0.0,0.2,lm080_ls020_le000,0.59,0.26,0.15,0.8,0.2,0.0,4.542541160232466,0.2509052680762073,110.51206006721317,0.12004539642447351,0.7237294812464607,0.22756768461331556,0.09603631713957882,0.0014154985406224193,0.09745181568020124,6
low_friction,low_friction,27200,0.152,0.0,0.0,0.0,0.0,wm060_ws040_we000,grid,0.6,0.4,0.0,lm040_ls060_le000,0.37,0.48,0.15,0.4,0.6,0.0,4.547219700831385,0.25017519271203076,110.62720484327328,0.289373254786527,0.2926366484276484,0.8196512287900357,0.17362395287191618,0.0029067861224297553,0.17653073899434593,6
low_friction,low_friction,27200,0.152,0.0,0.0,0.0,0.0,wm060_ws020_we020,grid,0.6,0.2,0.2,lm060_ls040_le000,0.48,0.37,0.15,0.6,0.4,0.0,4.544679391626769,0.2505255781359973,110.59918496615518,0.19743323458139905,0.49953124096951407,0.6755708048303816,0.1351141609660763,0.0035348034990881857,0.1386489644651645,6
low_friction,low_friction,27200,0.152,0.0,0.0,0.0,0.0,wm060_ws000_we040,grid,0.6,0.0,0.4,lm080_ls020_le000,0.59,0.26,0.15,0.8,0.2,0.0,4.542541160232466,0.2509052680762073,110.51206006721317,0.12004539642447351,0.7237294812464607,0.22756768461331556,0.09102707384532623,0.0016305431170001033,0.09265761696232633,6
low_friction,low_friction,27200,0.152,0.0,0.0,0.0,0.0,wm040_ws060_we000,grid,0.4,0.6,0.0,lm020_ls080_le000,0.26,0.59,0.15,0.2,0.8,0.0,4.550188003922176,0.24997079780404255,110.6622779661086,0.39680342338423646,0.17194612218620497,1.0,0.1587213693536946,0.0026188904266541756,0.16134025978034877,6
low_friction,low_friction,27200,0.152,0.0,0.0,0.0,0.0,wm040_ws040_we020,grid,0.4,0.4,0.2,lm040_ls060_le000,0.37,0.48,0.15,0.4,0.6,0.0,4.547219700831385,0.25017519271203076,110.62720484327328,0.289373254786527,0.2926366484276484,0.8196512287900357,0.16393024575800716,0.003967342070436773,0.16789758782844394,6
low_friction,low_friction,27200,0.152,0.0,0.0,0.0,0.0,wm040_ws020_we040,grid,0.4,0.2,0.4,lm080_ls020_le000,0.59,0.26,0.15,0.8,0.2,0.0,4.542541160232466,0.2509052680762073,110.51206006721317,0.12004539642447351,0.7237294812464607,0.22756768461331556,0.14474589624929216,0.002837911286644078,0.14758380753593622,6
low_friction,low_friction,27200,0.152,0.0,0.0,0.0,0.0,wm040_ws000_we060,grid,0.4,0.0,0.6,lm080_ls020_le000,0.59,0.26,0.15,0.8,0.2,0.0,4.542541160232466,0.2509052680762073,110.51206006721317,0.12004539642447351,0.7237294812464607,0.22756768461331556,0.13654061076798932,0.0018455876933777874,0.1383861984613671,6
low_friction,low_friction,27200,0.152,0.0,0.0,0.0,0.0,wm020_ws080_we000,grid,0.2,0.8,0.0,lm020_ls080_le000,0.26,0.59,0.15,0.2,0.8,0.0,4.550188003922176,0.24997079780404255,110.6622779661086,0.39680342338423646,0.17194612218620497,1.0,0.13755689774896399,0.002169175824258113,0.1397260735732221,6
low_friction,low_friction,27200,0.152,0.0,0.0,0.0,0.0,wm020_ws060_we020,grid,0.2,0.6,0.2,lm040_ls060_le000,0.37,0.48,0.15,0.4,0.6,0.0,4.547219700831385,0.25017519271203076,110.62720484327328,0.289373254786527,0.2926366484276484,0.8196512287900357,0.17558198905658903,0.003973868857719017,0.17955585791430806,6
low_friction,low_friction,27200,0.152,0.0,0.0,0.0,0.0,wm020_ws040_we040,grid,0.2,0.4,0.4,lm000_ls080_le020,0.15,0.59,0.26,0.0,0.8,0.2,4.566854367627028,0.2496795992077843,110.4678040997217,1.0,0.0,0.0,0.2,0.002,0.202,6
low_friction,low_friction,27200,0.152,0.0,0.0,0.0,0.0,wm020_ws020_we060,grid,0.2,0.2,0.6,lm080_ls020_le000,0.59,0.26,0.15,0.8,0.2,0.0,4.542541160232466,0.2509052680762073,110.51206006721317,0.12004539642447351,0.7237294812464607,0.22756768461331556,0.14474589624929216,0.0030529558630217617,0.14779885211231392,6
low_friction,low_friction,27200,0.152,0.0,0.0,0.0,0.0,wm020_ws000_we080,grid,0.2,0.0,0.8,lm080_ls020_le000,0.59,0.26,0.15,0.8,0.2,0.0,4.542541160232466,0.2509052680762073,110.51206006721317,0.12004539642447351,0.7237294812464607,0.22756768461331556,0.18205414769065245,0.0020606322697554716,0.18411477996040793,6
low_friction,low_friction,27200,0.152,0.0,0.0,0.0,0.0,wm000_ws100_we000,grid,0.0,1.0,0.0,lm000_ls080_le020,0.15,0.59,0.26,0.0,0.8,0.2,4.566854367627028,0.2496795992077843,110.4678040997217,1.0,0.0,0.0,0.0,0.0,0.0,6
low_friction,low_friction,27200,0.152,0.0,0.0,0.0,0.0,wm000_ws080_we020,grid,0.0,0.8,0.2,lm000_ls080_le020,0.15,0.59,0.26,0.0,0.8,0.2,4.566854367627028,0.2496795992077843,110.4678040997217,1.0,0.0,0.0,0.0,0.0,0.0,6
low_friction,low_friction,27200,0.152,0.0,0.0,0.0,0.0,wm000_ws060_we040,grid,0.0,0.6,0.4,lm000_ls080_le020,0.15,0.59,0.26,0.0,0.8,0.2,4.566854367627028,0.2496795992077843,110.4678040997217,1.0,0.0,0.0,0.0,0.0,0.0,6
low_friction,low_friction,27200,0.152,0.0,0.0,0.0,0.0,wm000_ws040_we060,grid,0.0,0.4,0.6,lm000_ls080_le020,0.15,0.59,0.26,0.0,0.8,0.2,4.566854367627028,0.2496795992077843,110.4678040997217,1.0,0.0,0.0,0.0,0.0,0.0,6
low_friction,low_friction,27200,0.152,0.0,0.0,0.0,0.0,wm000_ws020_we080,grid,0.0,0.2,0.8,lm000_ls080_le020,0.15,0.59,0.26,0.0,0.8,0.2,4.566854367627028,0.2496795992077843,110.4678040997217,1.0,0.0,0.0,0.0,0.0,0.0,6
low_friction,low_friction,27200,0.152,0.0,0.0,0.0,0.0,wm000_ws000_we100,grid,0.0,0.0,1.0,lm000_ls080_le020,0.15,0.59,0.26,0.0,0.8,0.2,4.566854367627028,0.2496795992077843,110.4678040997217,1.0,0.0,0.0,0.0,0.0,0.0,6
low_friction,low_friction,27200,0.152,0.0,0.0,0.0,0.0,balanced,canonical,0.3333333333333333,0.3333333333333333,0.3333333333333333,lm060_ls040_le000,0.48,0.37,0.15,0.6,0.4,0.0,4.544679391626769,0.2505255781359973,110.59918496615518,0.19743323458139905,0.49953124096951407,0.6755708048303816,0.22519026827679384,0.004575117601270982,0.22976538587806483,6
low_friction,low_friction,27200,0.152,0.0,0.0,0.0,0.0,motion,canonical,0.7,0.15,0.15,lm080_ls020_le000,0.59,0.26,0.15,0.8,0.2,0.0,4.542541160232466,0.2509052680762073,110.51206006721317,0.12004539642447351,0.7237294812464607,0.22756768461331556,0.10855942218696911,0.002267263523760979,0.1108266857107301,6
low_friction,low_friction,27200,0.152,0.0,0.0,0.0,0.0,stability,canonical,0.15,0.7,0.15,lm000_ls080_le020,0.15,0.59,0.26,0.0,0.8,0.2,4.566854367627028,0.2496795992077843,110.4678040997217,1.0,0.0,0.0,0.15,0.0015,0.1515,6
low_friction,low_friction,27200,0.152,0.0,0.0,0.0,0.0,energy,canonical,0.15,0.15,0.7,lm000_ls080_le020,0.15,0.59,0.26,0.0,0.8,0.2,4.566854367627028,0.2496795992077843,110.4678040997217,1.0,0.0,0.0,0.15,0.0015,0.1515,6
rough_seed_13,rough_perlin,13,0.8,0.057342560135515086,0.17930769038200378,0.1402044779409948,0.2214621045737986,wm100_ws000_we000,grid,1.0,0.0,0.0,lm100_ls000_le000,0.7,0.15,0.15,1.0,0.0,0.0,4.425768838781536,0.48859726757708033,148.2619747782019,0.0,0.8099072147082177,1.0,0.0,0.0,0.0,9
rough_seed_13,rough_perlin,13,0.8,0.057342560135515086,0.17930769038200378,0.1402044779409948,0.2214621045737986,wm080_ws020_we000,grid,0.8,0.2,0.0,lm080_ls020_le000,0.59,0.26,0.15,0.8,0.2,0.0,4.433116592732395,0.4857931035504681,147.4083075334975,0.07933641749090085,0.527836600435501,0.7091206495906697,0.1055673200871002,0.0016903645407982087,0.1072576846278984,9
rough_seed_13,rough_perlin,13,0.8,0.057342560135515086,0.17930769038200378,0.1402044779409948,0.2214621045737986,wm080_ws000_we020,grid,0.8,0.0,0.2,lm080_ls020_le000,0.59,0.26,0.15,0.8,0.2,0.0,4.433116592732395,0.4857931035504681,147.4083075334975,0.07933641749090085,0.527836600435501,0.7091206495906697,0.14182412991813395,0.0020529326391085464,0.1438770625572425,9
rough_seed_13,rough_perlin,13,0.8,0.057342560135515086,0.17930769038200378,0.1402044779409948,0.2214621045737986,wm060_ws040_we000,grid,0.6,0.4,0.0,lm040_ls060_le000,0.37,0.48,0.15,0.4,0.6,0.0,4.445525657692599,0.480545692682495,147.58274612036152,0.21332168223148967,0.0,0.7685590117254372,0.1279930093388938,0.001279930093388938,0.12927293943228274,9
rough_seed_13,rough_perlin,13,0.8,0.057342560135515086,0.17930769038200378,0.1402044779409948,0.2214621045737986,wm060_ws020_we020,grid,0.6,0.2,0.2,lm080_ls020_le000,0.59,0.26,0.15,0.8,0.2,0.0,4.433116592732395,0.4857931035504681,147.4083075334975,0.07933641749090085,0.527836600435501,0.7091206495906697,0.14182412991813395,0.002949933004997747,0.1447740629231317,9
rough_seed_13,rough_perlin,13,0.8,0.057342560135515086,0.17930769038200378,0.1402044779409948,0.2214621045737986,wm060_ws000_we040,grid,0.6,0.0,0.4,lm020_ls060_le020,0.26,0.48,0.26,0.2,0.6,0.2,4.46049675924879,0.4904870473813614,147.21290249585252,0.37497020384834256,1.0,0.642538160020554,0.2570152640082216,0.0048199738631722715,0.2618352378713939,9
rough_seed_13,rough_perlin,13,0.8,0.057342560135515086,0.17930769038200378,0.1402044779409948,0.2214621045737986,wm040_ws060_we000,grid,0.4,0.6,0.0,lm040_ls060_le000,0.37,0.48,0.15,0.4,0.6,0.0,4.445525657692599,0.480545692682495,147.58274612036152,0.21332168223148967,0.0,0.7685590117254372,0.08532867289259588,0.0008532867289259588,0.08618195962152184,9
rough_seed_13,rough_perlin,13,0.8,0.057342560135515086,0.17930769038200378,0.1402044779409948,0.2214621045737986,wm040_ws040_we020,grid,0.4,0.4,0.2,lm040_ls060_le000,0.37,0.48,0.15,0.4,0.6,0.0,4.445525657692599,0.480545692682495,147.58274612036152,0.21332168223148967,0.0,0.7685590117254372,0.15371180234508744,0.002390404752376833,0.15610220709746428,9
rough_seed_13,rough_perlin,13,0.8,0.057342560135515086,0.17930769038200378,0.1402044779409948,0.2214621045737986,wm040_ws020_we040,grid,0.4,0.2,0.4,lm040_ls020_le040,0.36999999999999994,0.26,0.37,0.4,0.2,0.4,4.47408814587878,0.48926011833435273,146.88120631560952,0.5217214330224189,0.8765833144301184,0.5295157030376247,0.2118062812150499,0.0059581151731004115,0.21776439638815032,9
rough_seed_13,rough_perlin,13,0.8,0.057342560135515086,0.17930769038200378,0.1402044779409948,0.2214621045737986,wm040_ws000_we060,grid,0.4,0.0,0.6,lm060_ls000_le040,0.48,0.15,0.37,0.6,0.0,0.4,4.476859539407105,0.48836031307554406,146.28683867532902,0.5516451941425174,0.7860719821152907,0.32699033477310696,0.22065807765700698,0.0041685227852087114,0.2248266004422157,9
rough_seed_13,rough_perlin,13,0.8,0.057342560135515086,0.17930769038200378,0.1402044779409948,0.2214621045737986,wm020_ws080_we000,grid,0.2,0.8,0.0,lm040_ls060_le000,0.37,0.48,0.15,0.4,0.6,0.0,4.445525657692599,0.480545692682495,147.58274612036152,0.21332168223148967,0.0,0.7685590117254372,0.04266433644629794,0.0004266433644629794,0.04309097981076092,9
rough_seed_13,rough_perlin,13,0.8,0.057342560135515086,0.17930769038200378,0.1402044779409948,0.2214621045737986,wm020_ws060_we020,grid,0.2,0.6,0.2,lm040_ls060_le000,0.37,0.48,0.15,0.4,0.6,0.0,4.445525657692599,0.480545692682495,147.58274612036152,0.21332168223148967,0.0,0.7685590117254372,0.15371180234508744,0.001963761387913854,0.1556755637330013,9
rough_seed_13,rough_perlin,13,0.8,0.057342560135515086,0.17930769038200378,0.1402044779409948,0.2214621045737986,wm020_ws040_we040,grid,0.2,0.4,0.4,lm020_ls000_le080,0.26,0.15,0.59,0.2,0.0,0.8,4.518383985560771,0.48209695526695223,145.33615197172438,1.0,0.15604136774580057,0.0030524860355003367,0.2,0.002636375415125204,0.20263637541512522,9
rough_seed_13,rough_perlin,13,0.8,0.057342560135515086,0.17930769038200378,0.1402044779409948,0.2214621045737986,wm020_ws020_we060,grid,0.2,0.2,0.6,lm040_ls000_le060,0.37,0.15,0.48,0.4,0.0,0.6,4.487812692895135,0.48775200494741067,145.32719359313973,0.6699104441468061,0.7248823206898959,0.0,0.14497646413797918,0.002789585529673404,0.14776604966765258,9
rough_seed_13,rough_perlin,13,0.8,0.057342560135515086,0.17930769038200378,0.1402044779409948,0.2214621045737986,wm020_ws000_we080,grid,0.2,0.0,0.8,lm040_ls000_le060,0.37,0.15,0.48,0.4,0.0,0.6,4.487812692895135,0.48775200494741067,145.32719359313973,0.6699104441468061,0.7248823206898959,0.0,0.13398208882936122,0.0013398208882936123,0.13532190971765484,9
rough_seed_13,rough_perlin,13,0.8,0.057342560135515086,0.17930769038200378,0.1402044779409948,0.2214621045737986,wm000_ws100_we000,grid,0.0,1.0,0.0,lm040_ls060_le000,0.37,0.48,0.15,0.4,0.6,0.0,4.445525657692599,0.480545692682495,147.58274612036152,0.21332168223148967,0.0,0.7685590117254372,0.0,0.0,0.0,9
rough_seed_13,rough_perlin,13,0.8,0.057342560135515086,0.17930769038200378,0.1402044779409948,0.2214621045737986,wm000_ws080_we020,grid,0.0,0.8,0.2,lm020_ls000_le080,0.26,0.15,0.59,0.2,0.0,0.8,4.518383985560771,0.48209695526695223,145.33615197172438,1.0,0.15604136774580057,0.0030524860355003367,0.12483309419664046,0.0012544359140374054,0.12608753011067786,9
rough_seed_13,rough_perlin,13,0.8,0.057342560135515086,0.17930769038200378,0.1402044779409948,0.2214621045737986,wm000_ws060_we040,grid,0.0,0.6,0.4,lm020_ls000_le080,0.26,0.15,0.59,0.2,0.0,0.8,4.518383985560771,0.48209695526695223,145.33615197172438,1.0,0.15604136774580057,0.0030524860355003367,0.09362482064748034,0.0009484581506168048,0.09457327879809715,9
rough_seed_13,rough_perlin,13,0.8,0.057342560135515086,0.17930769038200378,0.1402044779409948,0.2214621045737986,wm000_ws040_we060,grid,0.0,0.4,0.6,lm020_ls000_le080,0.26,0.15,0.59,0.2,0.0,0.8,4.518383985560771,0.48209695526695223,145.33615197172438,1.0,0.15604136774580057,0.0030524860355003367,0.06241654709832023,0.0006424803871962043,0.06305902748551644,9
rough_seed_13,rough_perlin,13,0.8,0.057342560135515086,0.17930769038200378,0.1402044779409948,0.2214621045737986,wm000_ws020_we080,grid,0.0,0.2,0.8,lm020_ls000_le080,0.26,0.15,0.59,0.2,0.0,0.8,4.518383985560771,0.48209695526695223,145.33615197172438,1.0,0.15604136774580057,0.0030524860355003367,0.031208273549160115,0.00033650262377560384,0.03154477617293572,9
rough_seed_13,rough_perlin,13,0.8,0.057342560135515086,0.17930769038200378,0.1402044779409948,0.2214621045737986,wm000_ws000_we100,grid,0.0,0.0,1.0,lm040_ls000_le060,0.37,0.15,0.48,0.4,0.0,0.6,4.487812692895135,0.48775200494741067,145.32719359313973,0.6699104441468061,0.7248823206898959,0.0,0.0,0.0,0.0,9
rough_seed_13,rough_perlin,13,0.8,0.057342560135515086,0.17930769038200378,0.1402044779409948,0.2214621045737986,balanced,canonical,0.3333333333333333,0.3333333333333333,0.3333333333333333,lm080_ls020_le000,0.59,0.26,0.15,0.8,0.2,0.0,4.433116592732395,0.4857931035504681,147.4083075334975,0.07933641749090085,0.527836600435501,0.7091206495906697,0.23637354986355655,0.0043876455583902385,0.2407611954219468,9
rough_seed_13,rough_perlin,13,0.8,0.057342560135515086,0.17930769038200378,0.1402044779409948,0.2214621045737986,motion,canonical,0.7,0.15,0.15,lm080_ls020_le000,0.59,0.26,0.15,0.8,0.2,0.0,4.433116592732395,0.4857931035504681,147.4083075334975,0.07933641749090085,0.527836600435501,0.7091206495906697,0.10636809743860044,0.0024107907974755616,0.10877888823607601,9
rough_seed_13,rough_perlin,13,0.8,0.057342560135515086,0.17930769038200378,0.1402044779409948,0.2214621045737986,stability,canonical,0.15,0.7,0.15,lm040_ls060_le000,0.37,0.48,0.15,0.4,0.6,0.0,4.445525657692599,0.480545692682495,147.58274612036152,0.21332168223148967,0.0,0.7685590117254372,0.11528385175881557,0.0014728210409353903,0.11675667279975097,9
rough_seed_13,rough_perlin,13,0.8,0.057342560135515086,0.17930769038200378,0.1402044779409948,0.2214621045737986,energy,canonical,0.15,0.15,0.7,lm040_ls000_le060,0.37,0.15,0.48,0.4,0.0,0.6,4.487812692895135,0.48775200494741067,145.32719359313973,0.6699104441468061,0.7248823206898959,0.0,0.10873234810348438,0.002092189147255053,0.11082453725073943,9
rough_seed_7,rough_perlin,7,0.8,0.05006112014961697,0.1443606530427933,0.1386379300857214,0.20846310682149058,wm100_ws000_we000,grid,1.0,0.0,0.0,lm100_ls000_le000,0.7,0.15,0.15,1.0,0.0,0.0,4.457193450320372,0.32365316164450253,132.73219619100732,0.0,0.5636546569277822,0.7717556440993897,0.0,0.0,0.0,12
rough_seed_7,rough_perlin,7,0.8,0.05006112014961697,0.1443606530427933,0.1386379300857214,0.20846310682149058,wm080_ws020_we000,grid,0.8,0.2,0.0,lm080_ls020_le000,0.59,0.26,0.15,0.8,0.2,0.0,4.461845908155069,0.32253662939587835,133.44172120843342,0.04303433854531195,0.39435901174609406,1.0,0.07887180234921881,0.0011329927318546836,0.0800047950810735,12
rough_seed_7,rough_perlin,7,0.8,0.05006112014961697,0.1443606530427933,0.1386379300857214,0.20846310682149058,wm080_ws000_we020,grid,0.8,0.0,0.2,lm000_ls100_le000,0.15,0.7,0.15,0.0,1.0,0.0,4.4738512219075055,0.32303973485454657,132.4366902164479,0.1540811775971606,0.47064302712014006,0.6766954712068608,0.13533909424137217,0.0025860403631910067,0.13792513460456318,12
rough_seed_7,rough_perlin,7,0.8,0.05006112014961697,0.1443606530427933,0.1386379300857214,0.20846310682149058,wm060_ws040_we000,grid,0.6,0.4,0.0,lm080_ls020_le000,0.59,0.26,0.15,0.8,0.2,0.0,4.461845908155069,0.32253662939587835,133.44172120843342,0.04303433854531195,0.39435901174609406,1.0,0.15774360469843762,0.001835642078256248,0.15957924677669388,12
rough_seed_7,rough_perlin,7,0.8,0.05006112014961697,0.1443606530427933,0.1386379300857214,0.20846310682149058,wm060_ws020_we020,grid,0.6,0.2,0.2,lm000_ls100_le000,0.15,0.7,0.15,0.0,1.0,0.0,4.4738512219075055,0.32303973485454657,132.4366902164479,0.1540811775971606,0.47064302712014006,0.6766954712068608,0.13533909424137217,0.0032191640622369656,0.13855825830360913,12
rough_seed_7,rough_perlin,7,0.8,0.05006112014961697,0.1443606530427933,0.1386379300857214,0.20846310682149058,wm060_ws000_we040,grid,0.6,0.0,0.4,lm040_ls040_le020,0.37,0.37,0.26,0.4,0.4,0.2,4.4872138570754805,0.32490183075615703,131.7939011223825,0.27768297821694904,0.7529857247374933,0.4699191361212941,0.18796765444851765,0.003545774413786871,0.19151342886230452,12
rough_seed_7,rough_perlin,7,0.8,0.05006112014961697,0.1443606530427933,0.1386379300857214,0.20846310682149058,wm040_ws060_we000,grid,0.4,0.6,0.0,lm080_ls020_le000,0.59,0.26,0.15,0.8,0.2,0.0,4.461845908155069,0.32253662939587835,133.44172120843342,0.04303433854531195,0.39435901174609406,1.0,0.23661540704765643,0.002538291424657812,0.23915369847231424,12
rough_seed_7,rough_perlin,7,0.8,0.05006112014961697,0.1443606530427933,0.1386379300857214,0.20846310682149058,wm040_ws040_we020,grid,0.4,0.4,0.2,lm020_ls080_le000,0.26,0.59,0.15,0.2,0.8,0.0,4.46590350015606,0.32274524555955125,133.13471698179052,0.0805662827463243,0.4259907071743742,0.901240998910694,0.1802481997821388,0.0038287099575041823,0.18407690973964297,12
rough_seed_7,rough_perlin,7,0.8,0.05006112014961697,0.1443606530427933,0.1386379300857214,0.20846310682149058,wm040_ws020_we040,grid,0.4,0.2,0.4,lm040_ls020_le040,0.36999999999999994,0.26,0.37,0.4,0.2,0.4,4.505544911216852,0.3254205127257129,131.11115297046106,0.44724169703630584,0.8316315487056483,0.2502885264171492,0.17889667881452234,0.004453383991225118,0.18335006280574745,12
rough_seed_7,rough_perlin,7,0.8,0.05006112014961697,0.1443606530427933,0.1386379300857214,0.20846310682149058,wm040_ws000_we060,grid,0.4,0.0,0.6,lm040_ls020_le040,0.36999999999999994,0.26,0.37,0.4,0.2,0.4,4.505544911216852,0.3254205127257129,131.11115297046106,0.44724169703630584,0.8316315487056483,0.2502885264171492,0.17889667881452234,0.0032906979466481192,0.18218737676117047,12
rough_seed_7,rough_perlin,7,0.8,0.05006112014961697,0.1443606530427933,0.1386379300857214,0.20846310682149058,wm020_ws080_we000,grid,0.2,0.8,0.0,lm000_ls060_le040,0.15,0.48,0.37,0.0,0.6,0.4,4.528300418459131,0.3215065063942171,131.85710764790647,0.6577257545448969,0.2381652803087465,0.4902517986104487,0.19053222424699723,0.0032207737515597664,0.193752997998557,12
rough_seed_7,rough_perlin,7,0.8,0.05006112014961697,0.1443606530427933,0.1386379300857214,0.20846310682149058,wm020_ws060_we020,grid,0.2,0.6,0.2,lm000_ls060_le040,0.15,0.48,0.37,0.0,0.6,0.4,4.528300418459131,0.3215065063942171,131.85710764790647,0.6577257545448969,0.2381652803087465,0.4902517986104487,0.1428991681852479,0.0037249467881631704,0.14662411497341107,12
rough_seed_7,rough_perlin,7,0.8,0.05006112014961697,0.1443606530427933,0.1386379300857214,0.20846310682149058,wm020_ws040_we040,grid,0.2,0.4,0.4,lm000_ls040_le060,0.15,0.37,0.48,0.0,0.4,0.6,4.555083872443663,0.32303756089221736,131.37406904897676,0.9054675433231543,0.4703133972723879,0.3348649818244887,0.18812535890895518,0.005031648603033815,0.193157007511989,12
rough_seed_7,rough_perlin,7,0.8,0.05006112014961697,0.1443606530427933,0.1386379300857214,0.20846310682149058,wm020_ws020_we060,grid,0.2,0.2,0.6,lm040_ls020_le040,0.36999999999999994,0.26,0.37,0.4,0.2,0.4,4.505544911216852,0.3254205127257129,131.11115297046106,0.44724169703630584,0.8316315487056483,0.2502885264171492,0.16632630974112966,0.004059477649986804,0.17038578739111646,12
rough_seed_7,rough_perlin,7,0.8,0.05006112014961697,0.1443606530427933,0.1386379300857214,0.20846310682149058,wm020_ws000_we080,grid,0.2,0.0,0.8,lm020_ls020_le060,0.26,0.26,0.48,0.2,0.2,0.6,4.565303810371516,0.3199357677276557,130.33310099906856,1.0,0.0,0.0,0.2,0.002,0.202,12
rough_seed_7,rough_perlin,7,0.8,0.05006112014961697,0.1443606530427933,0.1386379300857214,0.20846310682149058,wm000_ws100_we000,grid,0.0,1.0,0.0,lm020_ls020_le060,0.26,0.26,0.48,0.2,0.2,0.6,4.565303810371516,0.3199357677276557,130.33310099906856,1.0,0.0,0.0,0.0,0.0,0.0,12
rough_seed_7,rough_perlin,7,0.8,0.05006112014961697,0.1443606530427933,0.1386379300857214,0.20846310682149058,wm000_ws080_we020,grid,0.0,0.8,0.2,lm020_ls020_le060,0.26,0.26,0.48,0.2,0.2,0.6,4.565303810371516,0.3199357677276557,130.33310099906856,1.0,0.0,0.0,0.0,0.0,0.0,12
rough_seed_7,rough_perlin,7,0.8,0.05006112014961697,0.1443606530427933,0.1386379300857214,0.20846310682149058,wm000_ws060_we040,grid,0.0,0.6,0.4,lm020_ls020_le060,0.26,0.26,0.48,0.2,0.2,0.6,4.565303810371516,0.3199357677276557,130.33310099906856,1.0,0.0,0.0,0.0,0.0,0.0,12
rough_seed_7,rough_perlin,7,0.8,0.05006112014961697,0.1443606530427933,0.1386379300857214,0.20846310682149058,wm000_ws040_we060,grid,0.0,0.4,0.6,lm020_ls020_le060,0.26,0.26,0.48,0.2,0.2,0.6,4.565303810371516,0.3199357677276557,130.33310099906856,1.0,0.0,0.0,0.0,0.0,0.0,12
rough_seed_7,rough_perlin,7,0.8,0.05006112014961697,0.1443606530427933,0.1386379300857214,0.20846310682149058,wm000_ws020_we080,grid,0.0,0.2,0.8,lm020_ls020_le060,0.26,0.26,0.48,0.2,0.2,0.6,4.565303810371516,0.3199357677276557,130.33310099906856,1.0,0.0,0.0,0.0,0.0,0.0,12
rough_seed_7,rough_perlin,7,0.8,0.05006112014961697,0.1443606530427933,0.1386379300857214,0.20846310682149058,wm000_ws000_we100,grid,0.0,0.0,1.0,lm020_ls020_le060,0.26,0.26,0.48,0.2,0.2,0.6,4.565303810371516,0.3199357677276557,130.33310099906856,1.0,0.0,0.0,0.0,0.0,0.0,12
rough_seed_7,rough_perlin,7,0.8,0.05006112014961697,0.1443606530427933,0.1386379300857214,0.20846310682149058,balanced,canonical,0.3333333333333333,0.3333333333333333,0.3333333333333333,lm000_ls060_le040,0.15,0.48,0.37,0.0,0.6,0.4,4.528300418459131,0.3215065063942171,131.85710764790647,0.6577257545448969,0.2381652803087465,0.4902517986104487,0.2192419181816323,0.004620476111546973,0.22386239429317928,12
rough_seed_7,rough_perlin,7,0.8,0.05006112014961697,0.1443606530427933,0.1386379300857214,0.20846310682149058,motion,canonical,0.7,0.15,0.15,lm000_ls100_le000,0.15,0.7,0.15,0.0,1.0,0.0,4.4738512219075055,0.32303973485454657,132.4366902164479,0.1540811775971606,0.47064302712014006,0.6766954712068608,0.10785682431801243,0.0027995759906706253,0.11065640030868305,12
rough_seed_7,rough_perlin,7,0.8,0.05006112014961697,0.1443606530427933,0.1386379300857214,0.20846310682149058,stability,canonical,0.15,0.7,0.15,lm020_ls020_le060,0.26,0.26,0.48,0.2,0.2,0.6,4.565303810371516,0.3199357677276557,130.33310099906856,1.0,0.0,0.0,0.15,0.0015,0.1515,12
rough_seed_7,rough_perlin,7,0.8,0.05006112014961697,0.1443606530427933,0.1386379300857214,0.20846310682149058,energy,canonical,0.15,0.15,0.7,lm020_ls020_le060,0.26,0.26,0.48,0.2,0.2,0.6,4.565303810371516,0.3199357677276557,130.33310099906856,1.0,0.0,0.0,0.15,0.0015,0.1515,12
rough_seed_15,rough_perlin,15,0.8,0.040298195722818564,0.13083636277914049,0.14957532438805252,0.2616771163208163,wm100_ws000_we000,grid,1.0,0.0,0.0,lm040_ls060_le000,0.37,0.48,0.15,0.4,0.6,0.0,4.453475368085315,0.44164200180248164,152.39428454563986,0.0,0.5288771435991076,0.4807000010818959,0.0,0.0,0.0,11
rough_seed_15,rough_perlin,15,0.8,0.040298195722818564,0.13083636277914049,0.14957532438805252,0.2616771163208163,wm080_ws020_we000,grid,0.8,0.2,0.0,lm080_ls020_le000,0.59,0.26,0.15,0.8,0.2,0.0,4.459408350130682,0.44095763826169493,152.45271382321184,0.1182042353455897,0.3903664304130613,0.50252967373731,0.09456338827647176,0.0017263667435908404,0.0962897550200626,11
rough_seed_15,rough_perlin,15,0.8,0.040298195722818564,0.13083636277914049,0.14957532438805252,0.2616771163208163,wm080_ws000_we020,grid,0.8,0.0,0.2,lm020_ls060_le020,0.26,0.48,0.26,0.2,0.6,0.2,4.455873479065406,0.44396975897545204,151.79949212992656,0.04777814470160618,1.0,0.25848052015557194,0.05169610403111439,0.0008991861979239933,0.05259529022903838,11
rough_seed_15,rough_perlin,15,0.8,0.040298195722818564,0.13083636277914049,0.14957532438805252,0.2616771163208163,wm060_ws040_we000,grid,0.6,0.4,0.0,lm060_ls040_le000,0.48,0.37,0.15,0.6,0.4,0.0,4.4607908189180385,0.4406518202105258,152.39907229543368,0.14574749515138913,0.3284708532116371,0.48248874492912863,0.13138834128465485,0.0021883683837548833,0.13357670966840973,11
rough_seed_15,rough_perlin,15,0.8,0.040298195722818564,0.13083636277914049,0.14957532438805252,0.2616771163208163,wm060_ws020_we020,grid,0.6,0.2,0.2,lm060_ls040_le000,0.48,0.37,0.15,0.6,0.4,0.0,4.4607908189180385,0.4406518202105258,152.39907229543368,0.14574749515138913,0.3284708532116371,0.48248874492912863,0.09649774898582573,0.0024964041671898664,0.0989941531530156,11
rough_seed_15,rough_perlin,15,0.8,0.040298195722818564,0.13083636277914049,0.14957532438805252,0.2616771163208163,wm060_ws000_we040,grid,0.6,0.0,0.4,lm000_ls080_le020,0.15,0.59,0.26,0.0,0.8,0.2,4.462069108008689,0.44191884889571287,151.10764345690615,0.17121515767851958,0.5849091880339408,0.0,0.10272909460711174,0.0010272909460711174,0.10375638555318287,11
rough_seed_15,rough_perlin,15,0.8,0.040298195722818564,0.13083636277914049,0.14957532438805252,0.2616771163208163,wm040_ws060_we000,grid,0.4,0.6,0.0,lm060_ls040_le000,0.48,0.37,0.15,0.6,0.4,0.0,4.4607908189180385,0.4406518202105258,152.39907229543368,0.14574749515138913,0.3284708532116371,0.48248874492912863,0.19708251192698226,0.002553815099875379,0.19963632702685763,11
rough_seed_15,rough_perlin,15,0.8,0.040298195722818564,0.13083636277914049,0.14957532438805252,0.2616771163208163,wm040_ws040_we020,grid,0.4,0.4,0.2,lm060_ls040_le000,0.48,0.37,0.15,0.6,0.4,0.0,4.4607908189180385,0.4406518202105258,152.39907229543368,0.14574749515138913,0.3284708532116371,0.48248874492912863,0.13138834128465485,0.0028618508833103623,0.13425019216796522,11
rough_seed_15,rough_perlin,15,0.8,0.040298195722818564,0.13083636277914049,0.14957532438805252,0.2616771163208163,wm040_ws020_we040,grid,0.4,0.2,0.4,lm000_ls080_le020,0.15,0.59,0.26,0.0,0.8,0.2,4.462069108008689,0.44191884889571287,151.10764345690615,0.17121515767851958,0.5849091880339408,0.0,0.11698183760678815,0.00185467900678196,0.11883651661357011,11
rough_seed_15,rough_perlin,15,0.8,0.040298195722818564,0.13083636277914049,0.14957532438805252,0.2616771163208163,wm040_ws000_we060,grid,0.4,0.0,0.6,lm000_ls080_le020,0.15,0.59,0.26,0.0,0.8,0.2,4.462069108008689,0.44191884889571287,151.10764345690615,0.17121515767851958,0.5849091880339408,0.0,0.06848606307140784,0.0006848606307140784,0.06917092370212191,11
rough_seed_15,rough_perlin,15,0.8,0.040298195722818564,0.13083636277914049,0.14957532438805252,0.2616771163208163,wm020_ws080_we000,grid,0.2,0.8,0.0,lm000_ls060_le040,0.15,0.48,0.37,0.0,0.6,0.4,4.495297183249339,0.4394966012152416,153.784242345689,0.8332261322261827,0.09466206974117049,1.0,0.16664522644523655,0.0024237488223817294,0.16906897526761827,11
rough_seed_15,rough_perlin,15,0.8,0.040298195722818564,0.13083636277914049,0.14957532438805252,0.2616771163208163,wm020_ws060_we020,grid,0.2,0.6,0.2,lm020_ls040_le040,0.26,0.36999999999999994,0.37,0.2,0.4,0.4,4.486830762380952,0.44011411366541975,152.57222796890807,0.6645475828543229,0.2196425585864936,0.5471811701558027,0.13290951657086458,0.003741312857539213,0.13665082942840379,11
rough_seed_15,rough_perlin,15,0.8,0.040298195722818564,0.13083636277914049,0.14957532438805252,0.2616771163208163,wm020_ws040_we040,grid,0.2,0.4,0.4,lm060_ls040_le000,0.48,0.37,0.15,0.6,0.4,0.0,4.4607908189180385,0.4406518202105258,152.39907229543368,0.14574749515138913,0.3284708532116371,0.48248874492912863,0.19299549797165147,0.0035353333828658418,0.19653083135451732,11
rough_seed_15,rough_perlin,15,0.8,0.040298195722818564,0.13083636277914049,0.14957532438805252,0.2616771163208163,wm020_ws020_we060,grid,0.2,0.2,0.6,lm000_ls080_le020,0.15,0.59,0.26,0.0,0.8,0.2,4.462069108008689,0.44191884889571287,151.10764345690615,0.17121515767851958,0.5849091880339408,0.0,0.11698183760678815,0.0015122486914249207,0.11849408629821308,11
rough_seed_15,rough_perlin,15,0.8,0.040298195722818564,0.13083636277914049,0.14957532438805252,0.2616771163208163,wm020_ws000_we080,grid,0.2,0.0,0.8,lm000_ls080_le020,0.15,0.59,0.26,0.0,0.8,0.2,4.462069108008689,0.44191884889571287,151.10764345690615,0.17121515767851958,0.5849091880339408,0.0,0.03424303153570392,0.0003424303153570392,0.034585461851060956,11
rough_seed_15,rough_perlin,15,0.8,0.040298195722818564,0.13083636277914049,0.14957532438805252,0.2616771163208163,wm000_ws100_we000,grid,0.0,1.0,0.0,lm000_ls040_le060,0.15,0.37,0.48,0.0,0.4,0.6,4.503668003129401,0.4390288881572686,152.21766341880416,1.0,0.0,0.4147128531472965,0.0,0.0,0.0,11
rough_seed_15,rough_perlin,15,0.8,0.040298195722818564,0.13083636277914049,0.14957532438805252,0.2616771163208163,wm000_ws080_we020,grid,0.0,0.8,0.2,lm000_ls040_le060,0.15,0.37,0.48,0.0,0.4,0.6,4.503668003129401,0.4390288881572686,152.21766341880416,1.0,0.0,0.4147128531472965,0.08294257062945931,0.0008294257062945931,0.0837719963357539,11
rough_seed_15,rough_perlin,15,0.8,0.040298195722818564,0.13083636277914049,0.14957532438805252,0.2616771163208163,wm000_ws060_we040,grid,0.0,0.6,0.4,lm000_ls040_le060,0.15,0.37,0.48,0.0,0.4,0.6,4.503668003129401,0.4390288881572686,152.21766341880416,1.0,0.0,0.4147128531472965,0.16588514125891862,0.0016588514125891862,0.1675439926715078,11
rough_seed_15,rough_perlin,15,0.8,0.040298195722818564,0.13083636277914049,0.14957532438805252,0.2616771163208163,wm000_ws040_we060,grid,0.0,0.4,0.6,lm000_ls080_le020,0.15,0.59,0.26,0.0,0.8,0.2,4.462069108008689,0.44191884889571287,151.10764345690615,0.17121515767851958,0.5849091880339408,0.0,0.2339636752135763,0.002339636752135763,0.23630331196571208,11
rough_seed_15,rough_perlin,15,0.8,0.040298195722818564,0.13083636277914049,0.14957532438805252,0.2616771163208163,wm000_ws020_we080,grid,0.0,0.2,0.8,lm000_ls080_le020,0.15,0.59,0.26,0.0,0.8,0.2,4.462069108008689,0.44191884889571287,151.10764345690615,0.17121515767851958,0.5849091880339408,0.0,0.11698183760678815,0.0011698183760678815,0.11815165598285604,11
rough_seed_15,rough_perlin,15,0.8,0.040298195722818564,0.13083636277914049,0.14957532438805252,0.2616771163208163,wm000_ws000_we100,grid,0.0,0.0,1.0,lm000_ls080_le020,0.15,0.59,0.26,0.0,0.8,0.2,4.462069108008689,0.44191884889571287,151.10764345690615,0.17121515767851958,0.5849091880339408,0.0,0.0,0.0,0.0,11
rough_seed_15,rough_perlin,15,0.8,0.040298195722818564,0.13083636277914049,0.14957532438805252,0.2616771163208163,balanced,canonical,0.3333333333333333,0.3333333333333333,0.3333333333333333,lm060_ls040_le000,0.48,0.37,0.15,0.6,0.4,0.0,4.4607908189180385,0.4406518202105258,152.39907229543368,0.14574749515138913,0.3284708532116371,0.48248874492912863,0.16082958164304287,0.003189023644307183,0.16401860528735004,11
rough_seed_15,rough_perlin,15,0.8,0.040298195722818564,0.13083636277914049,0.14957532438805252,0.2616771163208163,motion,canonical,0.7,0.15,0.15,lm040_ls060_le000,0.37,0.48,0.15,0.4,0.6,0.0,4.453475368085315,0.44164200180248164,152.39428454563986,0.0,0.5288771435991076,0.4807000010818959,0.07933157153986614,0.0015143657170215053,0.08084593725688764,11
rough_seed_15,rough_perlin,15,0.8,0.040298195722818564,0.13083636277914049,0.14957532438805252,0.2616771163208163,stability,canonical,0.15,0.7,0.15,lm000_ls040_le060,0.15,0.37,0.48,0.0,0.4,0.6,4.503668003129401,0.4390288881572686,152.21766341880416,1.0,0.0,0.4147128531472965,0.15,0.0021220692797209446,0.15212206927972094,11
rough_seed_15,rough_perlin,15,0.8,0.040298195722818564,0.13083636277914049,0.14957532438805252,0.2616771163208163,energy,canonical,0.15,0.15,0.7,lm000_ls080_le020,0.15,0.59,0.26,0.0,0.8,0.2,4.462069108008689,0.44191884889571287,151.10764345690615,0.17121515767851958,0.5849091880339408,0.0,0.08773637820509111,0.0011341865185686905,0.08887056472365981,11
rough_seed_0,rough_perlin,0,0.8,0.03384702754803588,0.10045801520347597,0.1200794462979478,0.22203379632234477,wm100_ws000_we000,grid,1.0,0.0,0.0,lm080_ls020_le000,0.59,0.26,0.15,0.8,0.2,0.0,4.499353072637152,0.3664498598362224,131.9404342506173,0.0,1.0,0.4846161947647591,0.0,0.0,0.0,8
rough_seed_0,rough_perlin,0,0.8,0.03384702754803588,0.10045801520347597,0.1200794462979478,0.22203379632234477,wm080_ws020_we000,grid,0.8,0.2,0.0,lm100_ls000_le000,0.7,0.15,0.15,1.0,0.0,0.0,4.507595496334157,0.3649186844224,129.7115052776725,0.10514555554367805,0.6498733981956885,0.0,0.1299746796391377,0.0021409112407408015,0.1321155908798785,8
rough_seed_0,rough_perlin,0,0.8,0.03384702754803588,0.10045801520347597,0.1200794462979478,0.22203379632234477,wm080_ws000_we020,grid,0.8,0.0,0.2,lm060_ls040_le000,0.48,0.37,0.15,0.6,0.4,0.0,4.506357293897271,0.3649332374359781,130.1933285461412,0.08935026426919668,0.6532011666173325,0.10475854625637902,0.07148021141535735,0.0009243192066663316,0.07240453062202368,8
rough_seed_0,rough_perlin,0,0.8,0.03384702754803588,0.10045801520347597,0.1200794462979478,0.22203379632234477,wm060_ws040_we000,grid,0.6,0.4,0.0,lm100_ls000_le000,0.7,0.15,0.15,1.0,0.0,0.0,4.507595496334157,0.3649186844224,129.7115052776725,0.10514555554367805,0.6498733981956885,0.0,0.2599493592782754,0.003230366926044822,0.26317972620432023,8
rough_seed_0,rough_perlin,0,0.8,0.03384702754803588,0.10045801520347597,0.1200794462979478,0.22203379632234477,wm060_ws020_we020,grid,0.6,0.2,0.2,lm100_ls000_le000,0.7,0.15,0.15,1.0,0.0,0.0,4.507595496334157,0.3649186844224,129.7115052776725,0.10514555554367805,0.6498733981956885,0.0,0.1299746796391377,0.0019306201296534454,0.13190529976879115,8
rough_seed_0,rough_perlin,0,0.8,0.03384702754803588,0.10045801520347597,0.1200794462979478,0.22203379632234477,wm060_ws000_we040,grid,0.6,0.0,0.4,lm060_ls040_le000,0.48,0.37,0.15,0.6,0.4,0.0,4.506357293897271,0.3649332374359781,130.1933285461412,0.08935026426919668,0.6532011666173325,0.10475854625637902,0.053610158561518004,0.0009551357706406962,0.0545652943321587,8
rough_seed_0,rough_perlin,0,0.8,0.03384702754803588,0.10045801520347597,0.1200794462979478,0.22203379632234477,wm040_ws060_we000,grid,0.4,0.6,0.0,lm060_ls000_le040,0.48,0.15,0.37,0.6,0.0,0.4,4.551959973396864,0.3625877909399292,134.1809713923441,0.6710868076122553,0.11687906794583955,0.9717562503844873,0.2684347230449021,0.0033856216381240585,0.2718203446830262,8
rough_seed_0,rough_perlin,0,0.8,0.03384702754803588,0.10045801520347597,0.1200794462979478,0.22203379632234477,wm040_ws040_we020,grid,0.4,0.4,0.2,lm100_ls000_le000,0.7,0.15,0.15,1.0,0.0,0.0,4.507595496334157,0.3649186844224,129.7115052776725,0.10514555554367805,0.6498733981956885,0.0,0.2599493592782754,0.0030200758149574666,0.26296943509323284,8
rough_seed_0,rough_perlin,0,0.8,0.03384702754803588,0.10045801520347597,0.1200794462979478,0.22203379632234477,wm040_ws020_we040,grid,0.4,0.2,0.4,lm100_ls000_le000,0.7,0.15,0.15,1.0,0.0,0.0,4.507595496334157,0.3649186844224,129.7115052776725,0.10514555554367805,0.6498733981956885,0.0,0.1299746796391377,0.0017203290185660892,0.13169500865770378,8
rough_seed_0,rough_perlin,0,0.8,0.03384702754803588,0.10045801520347597,0.1200794462979478,0.22203379632234477,wm040_ws000_we060,grid,0.4,0.0,0.6,lm100_ls000_le000,0.7,0.15,0.15,1.0,0.0,0.0,4.507595496334157,0.3649186844224,129.7115052776725,0.10514555554367805,0.6498733981956885,0.0,0.04205822221747122,0.00042058222217471224,0.04247880443964593,8
rough_seed_0,rough_perlin,0,0.8,0.03384702754803588,0.10045801520347597,0.1200794462979478,0.22203379632234477,wm020_ws080_we000,grid,0.2,0.8,0.0,lm060_ls000_le040,0.48,0.15,0.37,0.6,0.0,0.4,4.551959973396864,0.3625877909399292,134.1809713923441,0.6710868076122553,0.11687906794583955,0.9717562503844873,0.13421736152245106,0.002277206158791227,0.1364945676812423,8
rough_seed_0,rough_perlin,0,0.8,0.03384702754803588,0.10045801520347597,0.1200794462979478,0.22203379632234477,wm020_ws060_we020,grid,0.2,0.6,0.2,lm000_ls060_le040,0.15,0.48,0.37,0.0,0.6,0.4,4.556074348667634,0.3623027647386958,132.90448796450124,0.7235723736864053,0.0517034816856679,0.6942218161381594,0.14471447473728105,0.003145809269763137,0.14786028400704418,8
rough_seed_0,rough_perlin,0,0.8,0.03384702754803588,0.10045801520347597,0.1200794462979478,0.22203379632234477,wm020_ws040_we040,grid,0.2,0.4,0.4,lm000_ls040_le060,0.15,0.37,0.48,0.0,0.4,0.6,4.5777436774933085,0.3620766548128629,131.8965214601913,1.0,0.0,0.47506862745505213,0.2,0.0039002745098202086,0.2039002745098202,8
rough_seed_0,rough_perlin,0,0.8,0.03384702754803588,0.10045801520347597,0.1200794462979478,0.22203379632234477,wm020_ws020_we060,grid,0.2,0.2,0.6,lm100_ls000_le000,0.7,0.15,0.15,1.0,0.0,0.0,4.507595496334157,0.3649186844224,129.7115052776725,0.10514555554367805,0.6498733981956885,0.0,0.1299746796391377,0.0015100379074787333,0.13148471754661642,8
rough_seed_0,rough_perlin,0,0.8,0.03384702754803588,0.10045801520347597,0.1200794462979478,0.22203379632234477,wm020_ws000_we080,grid,0.2,0.0,0.8,lm100_ls000_le000,0.7,0.15,0.15,1.0,0.0,0.0,4.507595496334157,0.3649186844224,129.7115052776725,0.10514555554367805,0.6498733981956885,0.0,0.02102911110873561,0.00021029111108735612,0.021239402219822966,8
rough_seed_0,rough_perlin,0,0.8,0.03384702754803588,0.10045801520347597,0.1200794462979478,0.22203379632234477,wm000_ws100_we000,grid,0.0,1.0,0.0,lm000_ls040_le060,0.15,0.37,0.48,0.0,0.4,0.6,4.5777436774933085,0.3620766548128629,131.8965214601913,1.0,0.0,0.47506862745505213,0.0,0.0,0.0,8
rough_seed_0,rough_perlin,0,0.8,0.03384702754803588,0.10045801520347597,0.1200794462979478,0.22203379632234477,wm000_ws080_we020,grid,0.0,0.8,0.2,lm000_ls040_le060,0.15,0.37,0.48,0.0,0.4,0.6,4.5777436774933085,0.3620766548128629,131.8965214601913,1.0,0.0,0.47506862745505213,0.09501372549101043,0.0009501372549101044,0.09596386274592054,8
rough_seed_0,rough_perlin,0,0.8,0.03384702754803588,0.10045801520347597,0.1200794462979478,0.22203379632234477,wm000_ws060_we040,grid,0.0,0.6,0.4,lm000_ls040_le060,0.15,0.37,0.48,0.0,0.4,0.6,4.5777436774933085,0.3620766548128629,131.8965214601913,1.0,0.0,0.47506862745505213,0.19002745098202087,0.0019002745098202088,0.1919277254918411,8
rough_seed_0,rough_perlin,0,0.8,0.03384702754803588,0.10045801520347597,0.1200794462979478,0.22203379632234477,wm000_ws040_we060,grid,0.0,0.4,0.6,lm100_ls000_le000,0.7,0.15,0.15,1.0,0.0,0.0,4.507595496334157,0.3649186844224,129.7115052776725,0.10514555554367805,0.6498733981956885,0.0,0.2599493592782754,0.002599493592782754,0.26254885287105817,8
rough_seed_0,rough_perlin,0,0.8,0.03384702754803588,0.10045801520347597,0.1200794462979478,0.22203379632234477,wm000_ws020_we080,grid,0.0,0.2,0.8,lm100_ls000_le000,0.7,0.15,0.15,1.0,0.0,0.0,4.507595496334157,0.3649186844224,129.7115052776725,0.10514555554367805,0.6498733981956885,0.0,0.1299746796391377,0.001299746796391377,0.13127442643552908,8
rough_seed_0,rough_perlin,0,0.8,0.03384702754803588,0.10045801520347597,0.1200794462979478,0.22203379632234477,wm000_ws000_we100,grid,0.0,0.0,1.0,lm100_ls000_le000,0.7,0.15,0.15,1.0,0.0,0.0,4.507595496334157,0.3649186844224,129.7115052776725,0.10514555554367805,0.6498733981956885,0.0,0.0,0.0,0.0,8
rough_seed_0,rough_perlin,0,0.8,0.03384702754803588,0.10045801520347597,0.1200794462979478,0.22203379632234477,balanced,canonical,0.3333333333333333,0.3333333333333333,0.3333333333333333,lm100_ls000_le000,0.7,0.15,0.15,1.0,0.0,0.0,4.507595496334157,0.3649186844224,129.7115052776725,0.10514555554367805,0.6498733981956885,0.0,0.21662446606522948,0.0025167298457978884,0.21914119591102738,8
rough_seed_0,rough_perlin,0,0.8,0.03384702754803588,0.10045801520347597,0.1200794462979478,0.22203379632234477,motion,canonical,0.7,0.15,0.15,lm100_ls000_le000,0.7,0.15,0.15,1.0,0.0,0.0,4.507595496334157,0.3649186844224,129.7115052776725,0.10514555554367805,0.6498733981956885,0.0,0.09748100972935327,0.001710828986099279,0.09919183871545255,8
rough_seed_0,rough_perlin,0,0.8,0.03384702754803588,0.10045801520347597,0.1200794462979478,0.22203379632234477,stability,canonical,0.15,0.7,0.15,lm000_ls060_le040,0.15,0.48,0.37,0.0,0.6,0.4,4.556074348667634,0.3623027647386958,132.90448796450124,0.7235723736864053,0.0517034816856679,0.6942218161381594,0.10853585605296079,0.002488615656536522,0.11102447170949731,8
rough_seed_0,rough_perlin,0,0.8,0.03384702754803588,0.10045801520347597,0.1200794462979478,0.22203379632234477,energy,canonical,0.15,0.15,0.7,lm100_ls000_le000,0.7,0.15,0.15,1.0,0.0,0.0,4.507595496334157,0.3649186844224,129.7115052776725,0.10514555554367805,0.6498733981956885,0.0,0.09748100972935327,0.0011325284306090498,0.09861353815996232,8
rough_seed_5,rough_perlin,5,0.8,0.03688246351025861,0.12396946787834169,0.10815084037346305,0.17043191519638226,wm100_ws000_we000,grid,1.0,0.0,0.0,lm000_ls100_le000,0.15,0.7,0.15,0.0,1.0,0.0,4.558487248364316,0.3076861128019467,130.90256171077053,0.0,1.0,0.33841355055714795,0.0,0.0,0.0,14
rough_seed_5,rough_perlin,5,0.8,0.03688246351025861,0.12396946787834169,0.10815084037346305,0.17043191519638226,wm080_ws020_we000,grid,0.8,0.2,0.0,lm020_ls060_le020,0.26,0.48,0.26,0.2,0.6,0.2,4.57731125658655,0.30450954273916286,130.1828326937916,0.1567100509934277,0.6957204846793676,0.0,0.13914409693587354,0.0026451213773061566,0.1417892183131797,14
rough_seed_5,rough_perlin,5,0.8,0.03688246351025861,0.12396946787834169,0.10815084037346305,0.17043191519638226,wm080_ws000_we020,grid,0.8,0.0,0.2,lm060_ls040_le000,0.48,0.37,0.15,0.6,0.4,0.0,4.56106318238009,0.30587993711184597,130.44827963095483,0.021444675661092844,0.8269887794994444,0.12481203115444141,0.024962406230888284,0.0004211814675976256,0.02538358769848591,14
rough_seed_5,rough_perlin,5,0.8,0.03688246351025861,0.12396946787834169,0.10815084037346305,0.17043191519638226,wm060_ws040_we000,grid,0.6,0.4,0.0,lm060_ls020_le020,0.48,0.26,0.26,0.6,0.2,0.2,4.591705199461795,0.3035067834585496,130.4284871977752,0.27653976501319666,0.5996674772349548,0.1155057124866261,0.23986699089398195,0.0040579084990189996,0.24392489939300094,14
rough_seed_5,rough_perlin,5,0.8,0.03688246351025861,0.12396946787834169,0.10815084037346305,0.17043191519638226,wm060_ws020_we020,grid,0.6,0.2,0.2,lm020_ls060_le020,0.26,0.48,0.26,0.2,0.6,0.2,4.57731125658655,0.30450954273916286,130.1828326937916,0.1567100509934277,0.6957204846793676,0.0,0.13914409693587354,0.002331701275319302,0.14147579821119285,14
rough_seed_5,rough_perlin,5,0.8,0.03688246351025861,0.12396946787834169,0.10815084037346305,0.17043191519638226,wm060_ws000_we040,grid,0.6,0.0,0.4,lm080_ls020_le000,0.59,0.26,0.15,0.8,0.2,0.0,4.566967614387002,0.3049558511812616,130.4266609579603,0.07059912937608497,0.7384717899429772,0.11464702222216455,0.04585880888886582,0.000882182865145168,0.04674099175401099,14
rough_seed_5,rough_perlin,5,0.8,0.03688246351025861,0.12396946787834169,0.10815084037346305,0.17043191519638226,wm040_ws060_we000,grid,0.4,0.6,0.0,lm060_ls020_le020,0.48,0.26,0.26,0.6,0.2,0.2,4.591705199461795,0.3035067834585496,130.4284871977752,0.27653976501319666,0.5996674772349548,0.1155057124866261,0.3598004863409729,0.004704163923462516,0.3645046502644354,14
rough_seed_5,rough_perlin,5,0.8,0.03688246351025861,0.12396946787834169,0.10815084037346305,0.17043191519638226,wm040_ws040_we020,grid,0.4,0.4,0.2,lm060_ls020_le020,0.48,0.26,0.26,0.6,0.2,0.2,4.591705199461795,0.3035067834585496,130.4284871977752,0.27653976501319666,0.5996674772349548,0.1155057124866261,0.23986699089398195,0.003735840393965858,0.2436028312879478,14
rough_seed_5,rough_perlin,5,0.8,0.03688246351025861,0.12396946787834169,0.10815084037346305,0.17043191519638226,wm040_ws020_we040,grid,0.4,0.2,0.4,lm060_ls020_le020,0.48,0.26,0.26,0.6,0.2,0.2,4.591705199461795,0.3035067834585496,130.4284871977752,0.27653976501319666,0.5996674772349548,0.1155057124866261,0.11993349544699097,0.0027675168644692013,0.12270101231146018,14
rough_seed_5,rough_perlin,5,0.8,0.03688246351025861,0.12396946787834169,0.10815084037346305,0.17043191519638226,wm040_ws000_we060,grid,0.4,0.0,0.6,lm000_ls080_le020,0.15,0.59,0.26,0.0,0.8,0.2,4.572807844820676,0.3048570911750809,130.3139159140471,0.1192191043712831,0.72901169738409,0.06163477772694636,0.04768764174851324,0.0008466850838468106,0.04853432683236005,14
rough_seed_5,rough_perlin,5,0.8,0.03688246351025861,0.12396946787834169,0.10815084037346305,0.17043191519638226,wm020_ws080_we000,grid,0.2,0.8,0.0,lm020_ls040_le040,0.26,0.36999999999999994,0.37,0.2,0.4,0.4,4.668107858671286,0.2989377143697973,131.84157939137472,0.9125926438368941,0.16200229110219883,0.7799357065806363,0.18251852876737884,0.003121203616491379,0.18563973238387022,14
rough_seed_5,rough_perlin,5,0.8,0.03688246351025861,0.12396946787834169,0.10815084037346305,0.17043191519638226,wm020_ws060_we020,grid,0.2,0.6,0.2,lm020_ls040_le040,0.26,0.36999999999999994,0.37,0.2,0.4,0.4,4.668107858671286,0.2989377143697973,131.84157939137472,0.9125926438368941,0.16200229110219883,0.7799357065806363,0.18251852876737884,0.004357070447448254,0.1868755992148271,14
rough_seed_5,rough_perlin,5,0.8,0.03688246351025861,0.12396946787834169,0.10815084037346305,0.17043191519638226,wm020_ws040_we040,grid,0.2,0.4,0.4,lm000_ls040_le060,0.15,0.37,0.48,0.0,0.4,0.6,4.6786072285628,0.2972464679923494,131.1848392111664,1.0,0.0,0.4711392416128446,0.2,0.0038845569664513785,0.20388455696645139,14
rough_seed_5,rough_perlin,5,0.8,0.03688246351025861,0.12396946787834169,0.10815084037346305,0.17043191519638226,wm020_ws020_we060,grid,0.2,0.2,0.6,lm060_ls020_le020,0.48,0.26,0.26,0.6,0.2,0.2,4.591705199461795,0.3035067834585496,130.4284871977752,0.27653976501319666,0.5996674772349548,0.1155057124866261,0.11993349544699097,0.00244544875941606,0.12237894420640703,14
rough_seed_5,rough_perlin,5,0.8,0.03688246351025861,0.12396946787834169,0.10815084037346305,0.17043191519638226,wm020_ws000_we080,grid,0.2,0.0,0.8,lm020_ls060_le020,0.26,0.48,0.26,0.2,0.6,0.2,4.57731125658655,0.30450954273916286,130.1828326937916,0.1567100509934277,0.6957204846793676,0.0,0.03134201019868554,0.0003134201019868554,0.031655430300672395,14
rough_seed_5,rough_perlin,5,0.8,0.03688246351025861,0.12396946787834169,0.10815084037346305,0.17043191519638226,wm000_ws100_we000,grid,0.0,1.0,0.0,lm000_ls040_le060,0.15,0.37,0.48,0.0,0.4,0.6,4.6786072285628,0.2972464679923494,131.1848392111664,1.0,0.0,0.4711392416128446,0.0,0.0,0.0,14
rough_seed_5,rough_perlin,5,0.8,0.03688246351025861,0.12396946787834169,0.10815084037346305,0.17043191519638226,wm000_ws080_we020,grid,0.0,0.8,0.2,lm000_ls040_le060,0.15,0.37,0.48,0.0,0.4,0.6,4.6786072285628,0.2972464679923494,131.1848392111664,1.0,0.0,0.4711392416128446,0.09422784832256892,0.0009422784832256892,0.0951701268057946,14
rough_seed_5,rough_perlin,5,0.8,0.03688246351025861,0.12396946787834169,0.10815084037346305,0.17043191519638226,wm000_ws060_we040,grid,0.0,0.6,0.4,lm000_ls040_le060,0.15,0.37,0.48,0.0,0.4,0.6,4.6786072285628,0.2972464679923494,131.1848392111664,1.0,0.0,0.4711392416128446,0.18845569664513784,0.0018845569664513785,0.1903402536115892,14
rough_seed_5,rough_perlin,5,0.8,0.03688246351025861,0.12396946787834169,0.10815084037346305,0.17043191519638226,wm000_ws040_we060,grid,0.0,0.4,0.6,lm060_ls020_le020,0.48,0.26,0.26,0.6,0.2,0.2,4.591705199461795,0.3035067834585496,130.4284871977752,0.27653976501319666,0.5996674772349548,0.1155057124866261,0.23986699089398195,0.0030917041838595762,0.2429586950778415,14
rough_seed_5,rough_perlin,5,0.8,0.03688246351025861,0.12396946787834169,0.10815084037346305,0.17043191519638226,wm000_ws020_we080,grid,0.0,0.2,0.8,lm060_ls020_le020,0.48,0.26,0.26,0.6,0.2,0.2,4.591705199461795,0.3035067834585496,130.4284871977752,0.27653976501319666,0.5996674772349548,0.1155057124866261,0.11993349544699097,0.0021233806543629187,0.12205687610135389,14
rough_seed_5,rough_perlin,5,0.8,0.03688246351025861,0.12396946787834169,0.10815084037346305,0.17043191519638226,wm000_ws000_we100,grid,0.0,0.0,1.0,lm020_ls060_le020,0.26,0.48,0.26,0.2,0.6,0.2,4.57731125658655,0.30450954273916286,130.1828326937916,0.1567100509934277,0.6957204846793676,0.0,0.0,0.0,0.0,14
rough_seed_5,rough_perlin,5,0.8,0.03688246351025861,0.12396946787834169,0.10815084037346305,0.17043191519638226,balanced,canonical,0.3333333333333333,0.3333333333333333,0.3333333333333333,lm060_ls020_le020,0.48,0.26,0.26,0.6,0.2,0.2,4.591705199461795,0.3035067834585496,130.4284871977752,0.27653976501319666,0.5996674772349548,0.1155057124866261,0.19988915907831828,0.0033057098491159256,0.2031948689274342,14
rough_seed_5,rough_perlin,5,0.8,0.03688246351025861,0.12396946787834169,0.10815084037346305,0.17043191519638226,motion,canonical,0.7,0.15,0.15,lm100_ls000_le000,0.7,0.15,0.15,1.0,0.0,0.0,4.5679937801785035,0.3045925985202785,130.70648187729572,0.07914196954144474,0.7036762899419433,0.2462176392162441,0.10555144349129149,0.0019788346805273945,0.10753027817181889,14
rough_seed_5,rough_perlin,5,0.8,0.03688246351025861,0.12396946787834169,0.10815084037346305,0.17043191519638226,stability,canonical,0.15,0.7,0.15,lm020_ls040_le040,0.26,0.36999999999999994,0.37,0.2,0.4,0.4,4.668107858671286,0.2989377143697973,131.84157939137472,0.9125926438368941,0.16200229110219883,0.7799357065806363,0.1368888965755341,0.0036728085633416876,0.14056170513887578,14
rough_seed_5,rough_perlin,5,0.8,0.03688246351025861,0.12396946787834169,0.10815084037346305,0.17043191519638226,energy,canonical,0.15,0.15,0.7,lm060_ls020_le020,0.48,0.26,0.26,0.6,0.2,0.2,4.591705199461795,0.3035067834585496,130.4284871977752,0.27653976501319666,0.5996674772349548,0.1155057124866261,0.08995012158524322,0.00212285085077861,0.09207297243602183,14
rough_seed_11,rough_perlin,11,0.8,0.02186876050049635,0.06406399381160738,0.11090602708266509,0.18823607756293656,wm100_ws000_we000,grid,1.0,0.0,0.0,lm100_ls000_le000,0.7,0.15,0.15,1.0,0.0,0.0,4.474104281542436,0.3232691364021935,125.58108606689088,0.0,1.0,0.9867217581158748,0.0,0.0,0.0,4
rough_seed_11,rough_perlin,11,0.8,0.02186876050049635,0.06406399381160738,0.11090602708266509,0.18823607756293656,wm080_ws020_we000,grid,0.8,0.2,0.0,lm080_ls020_le000,0.59,0.26,0.15,0.8,0.2,0.0,4.475787840294142,0.32319988892135254,125.58508642795526,0.1044738970797617,0.9828108568617011,1.0,0.19656217137234022,0.002801412890361496,0.19936358426270173,4
rough_seed_11,rough_perlin,11,0.8,0.02186876050049635,0.06406399381160738,0.11090602708266509,0.18823607756293656,wm080_ws000_we020,grid,0.8,0.0,0.2,lm100_ls000_le000,0.7,0.15,0.15,1.0,0.0,0.0,4.474104281542436,0.3232691364021935,125.58108606689088,0.0,1.0,0.9867217581158748,0.19734435162317499,0.0019734435162317497,0.19931779513940673,4
rough_seed_11,rough_perlin,11,0.8,0.02186876050049635,0.06406399381160738,0.11090602708266509,0.18823607756293656,wm060_ws040_we000,grid,0.6,0.4,0.0,lm080_ls020_le000,0.59,0.26,0.15,0.8,0.2,0.0,4.475787840294142,0.32319988892135254,125.58508642795526,0.1044738970797617,0.9828108568617011,1.0,0.39312434274468044,0.004558086809925374,0.3976824295546058,4
rough_seed_11,rough_perlin,11,0.8,0.02186876050049635,0.06406399381160738,0.11090602708266509,0.18823607756293656,wm060_ws020_we020,grid,0.6,0.2,0.2,lm100_ls000_le000,0.7,0.15,0.15,1.0,0.0,0.0,4.474104281542436,0.3232691364021935,125.58108606689088,0.0,1.0,0.9867217581158748,0.2,0.00397344351623175,0.20397344351623176,4
rough_seed_11,rough_perlin,11,0.8,0.02186876050049635,0.06406399381160738,0.11090602708266509,0.18823607756293656,wm060_ws000_we040,grid,0.6,0.0,0.4,lm100_ls000_le000,0.7,0.15,0.15,1.0,0.0,0.0,4.474104281542436,0.3232691364021935,125.58108606689088,0.0,1.0,0.9867217581158748,0.39468870324634997,0.003946887032463499,0.39863559027881346,4
rough_seed_11,rough_perlin,11,0.8,0.02186876050049635,0.06406399381160738,0.11090602708266509,0.18823607756293656,wm040_ws060_we000,grid,0.4,0.6,0.0,lm020_ls080_le000,0.26,0.59,0.15,0.2,0.8,0.0,4.488631065649316,0.31924057719573234,125.37643516309728,0.9014652717905363,0.0,0.3074320243543387,0.36058610871621455,0.0036058610871621457,0.3641919698033767,4
rough_seed_11,rough_perlin,11,0.8,0.02186876050049635,0.06406399381160738,0.11090602708266509,0.18823607756293656,wm040_ws040_we020,grid,0.4,0.4,0.2,lm020_ls080_le000,0.26,0.59,0.15,0.2,0.8,0.0,4.488631065649316,0.31924057719573234,125.37643516309728,0.9014652717905363,0.0,0.3074320243543387,0.36058610871621455,0.004220725135870823,0.36480683385208534,4
rough_seed_11,rough_perlin,11,0.8,0.02186876050049635,0.06406399381160738,0.11090602708266509,0.18823607756293656,wm040_ws020_we040,grid,0.4,0.2,0.4,lm020_ls080_le000,0.26,0.59,0.15,0.2,0.8,0.0,4.488631065649316,0.31924057719573234,125.37643516309728,0.9014652717905363,0.0,0.3074320243543387,0.36058610871621455,0.0048355891845795005,0.36542169790079404,4
rough_seed_11,rough_perlin,11,0.8,0.02186876050049635,0.06406399381160738,0.11090602708266509,0.18823607756293656,wm040_ws000_we060,grid,0.4,0.0,0.6,lm020_ls080_le000,0.26,0.59,0.15,0.2,0.8,0.0,4.488631065649316,0.31924057719573234,125.37643516309728,0.9014652717905363,0.0,0.3074320243543387,0.36058610871621455,0.005450453233288177,0.36603656194950274,4
rough_seed_11,rough_perlin,11,0.8,0.02186876050049635,0.06406399381160738,0.11090602708266509,0.18823607756293656,wm020_ws080_we000,grid,0.2,0.8,0.0,lm020_ls080_le000,0.26,0.59,0.15,0.2,0.8,0.0,4.488631065649316,0.31924057719573234,125.37643516309728,0.9014652717905363,0.0,0.3074320243543387,0.18029305435810727,0.0018029305435810728,0.18209598490168835,4
rough_seed_11,rough_perlin,11,0.8,0.02186876050049635,0.06406399381160738,0.11090602708266509,0.18823607756293656,wm020_ws060_we020,grid,0.2,0.6,0.2,lm020_ls080_le000,0.26,0.59,0.15,0.2,0.8,0.0,4.488631065649316,0.31924057719573234,125.37643516309728,0.9014652717905363,0.0,0.3074320243543387,0.18029305435810727,0.0024177945922897503,0.18271084895039702,4
rough_seed_11,rough_perlin,11,0.8,0.02186876050049635,0.06406399381160738,0.11090602708266509,0.18823607756293656,wm020_ws040_we040,grid,0.2,0.4,0.4,lm020_ls080_le000,0.26,0.59,0.15,0.2,0.8,0.0,4.488631065649316,0.31924057719573234,125.37643516309728,0.9014652717905363,0.0,0.3074320243543387,0.18029305435810727,0.0030326586409984277,0.1833257129991057,4
rough_seed_11,rough_perlin,11,0.8,0.02186876050049635,0.06406399381160738,0.11090602708266509,0.18823607756293656,wm020_ws020_we060,grid,0.2,0.2,0.6,lm020_ls080_le000,0.26,0.59,0.15,0.2,0.8,0.0,4.488631065649316,0.31924057719573234,125.37643516309728,0.9014652717905363,0.0,0.3074320243543387,0.1844592146126032,0.0036475226897071046,0.1881067373023103,4
rough_seed_11,rough_perlin,11,0.8,0.02186876050049635,0.06406399381160738,0.11090602708266509,0.18823607756293656,wm020_ws000_we080,grid,0.2,0.0,0.8,lm000_ls100_le000,0.15,0.7,0.15,0.0,1.0,0.0,4.490218916860584,0.3192968942550605,125.28381453523822,1.0,0.013979454301641594,0.0,0.2,0.002,0.202,4
rough_seed_11,rough_perlin,11,0.8,0.02186876050049635,0.06406399381160738,0.11090602708266509,0.18823607756293656,wm000_ws100_we000,grid,0.0,1.0,0.0,lm020_ls080_le000,0.26,0.59,0.15,0.2,0.8,0.0,4.488631065649316,0.31924057719573234,125.37643516309728,0.9014652717905363,0.0,0.3074320243543387,0.0,0.0,0.0,4
rough_seed_11,rough_perlin,11,0.8,0.02186876050049635,0.06406399381160738,0.11090602708266509,0.18823607756293656,wm000_ws080_we020,grid,0.0,0.8,0.2,lm000_ls100_le000,0.15,0.7,0.15,0.0,1.0,0.0,4.490218916860584,0.3192968942550605,125.28381453523822,1.0,0.013979454301641594,0.0,0.011183563441313276,0.00011183563441313276,0.011295399075726409,4
rough_seed_11,rough_perlin,11,0.8,0.02186876050049635,0.06406399381160738,0.11090602708266509,0.18823607756293656,wm000_ws060_we040,grid,0.0,0.6,0.4,lm000_ls100_le000,0.15,0.7,0.15,0.0,1.0,0.0,4.490218916860584,0.3192968942550605,125.28381453523822,1.0,0.013979454301641594,0.0,0.008387672580984957,8.387672580984957e-05,0.008471549306794807,4
rough_seed_11,rough_perlin,11,0.8,0.02186876050049635,0.06406399381160738,0.11090602708266509,0.18823607756293656,wm000_ws040_we060,grid,0.0,0.4,0.6,lm000_ls100_le000,0.15,0.7,0.15,0.0,1.0,0.0,4.490218916860584,0.3192968942550605,125.28381453523822,1.0,0.013979454301641594,0.0,0.005591781720656638,5.591781720656638e-05,0.0056476995378632044,4
rough_seed_11,rough_perlin,11,0.8,0.02186876050049635,0.06406399381160738,0.11090602708266509,0.18823607756293656,wm000_ws020_we080,grid,0.0,0.2,0.8,lm000_ls100_le000,0.15,0.7,0.15,0.0,1.0,0.0,4.490218916860584,0.3192968942550605,125.28381453523822,1.0,0.013979454301641594,0.0,0.002795890860328319,2.795890860328319e-05,0.0028238497689316022,4
rough_seed_11,rough_perlin,11,0.8,0.02186876050049635,0.06406399381160738,0.11090602708266509,0.18823607756293656,wm000_ws000_we100,grid,0.0,0.0,1.0,lm000_ls100_le000,0.15,0.7,0.15,0.0,1.0,0.0,4.490218916860584,0.3192968942550605,125.28381453523822,1.0,0.013979454301641594,0.0,0.0,0.0,0.0,4
rough_seed_11,rough_perlin,11,0.8,0.02186876050049635,0.06406399381160738,0.11090602708266509,0.18823607756293656,balanced,canonical,0.3333333333333333,0.3333333333333333,0.3333333333333333,lm020_ls080_le000,0.26,0.59,0.15,0.2,0.8,0.0,4.488631065649316,0.31924057719573234,125.37643516309728,0.9014652717905363,0.0,0.3074320243543387,0.3004884239301787,0.004029657653816249,0.30451808158399496,4
rough_seed_11,rough_perlin,11,0.8,0.02186876050049635,0.06406399381160738,0.11090602708266509,0.18823607756293656,motion,canonical,0.7,0.15,0.15,lm100_ls000_le000,0.7,0.15,0.15,1.0,0.0,0.0,4.474104281542436,0.3232691364021935,125.58108606689088,0.0,1.0,0.9867217581158748,0.15,0.002980082637173812,0.1529800826371738,4
rough_seed_11,rough_perlin,11,0.8,0.02186876050049635,0.06406399381160738,0.11090602708266509,0.18823607756293656,stability,canonical,0.15,0.7,0.15,lm020_ls080_le000,0.26,0.59,0.15,0.2,0.8,0.0,4.488631065649316,0.31924057719573234,125.37643516309728,0.9014652717905363,0.0,0.3074320243543387,0.13521979076858043,0.0018133459442173123,0.13703313671279774,4
rough_seed_11,rough_perlin,11,0.8,0.02186876050049635,0.06406399381160738,0.11090602708266509,0.18823607756293656,energy,canonical,0.15,0.15,0.7,lm000_ls100_le000,0.15,0.7,0.15,0.0,1.0,0.0,4.490218916860584,0.3192968942550605,125.28381453523822,1.0,0.013979454301641594,0.0,0.15,0.0015209691814524623,0.15152096918145247,4
rough_seed_4,rough_perlin,4,0.8,0.026860635424611593,0.08186260461807249,0.10131288193470335,0.15396571032320125,wm100_ws000_we000,grid,1.0,0.0,0.0,lm080_ls020_le000,0.59,0.26,0.15,0.8,0.2,0.0,4.625549702410184,0.22284068813209168,121.5888482161748,0.0,1.0,1.0,0.0,0.0,0.0,4
rough_seed_4,rough_perlin,4,0.8,0.026860635424611593,0.08186260461807249,0.10131288193470335,0.15396571032320125,wm080_ws020_we000,grid,0.8,0.2,0.0,lm020_ls080_le000,0.26,0.59,0.15,0.2,0.8,0.0,4.6256119816452355,0.22224542110427503,121.31433315768827,0.05992258998256064,0.5104998424368907,0.15229336011807562,0.10209996848737815,0.0015003804047342667,0.10360034889211242,4
rough_seed_4,rough_perlin,4,0.8,0.026860635424611593,0.08186260461807249,0.10131288193470335,0.15396571032320125,wm080_ws000_we020,grid,0.8,0.0,0.2,lm020_ls080_le000,0.26,0.59,0.15,0.2,0.8,0.0,4.6256119816452355,0.22224542110427503,121.31433315768827,0.05992258998256064,0.5104998424368907,0.15229336011807562,0.04793807198604852,0.0007839674400966365,0.048722039426145156,4
rough_seed_4,rough_perlin,4,0.8,0.026860635424611593,0.08186260461807249,0.10131288193470335,0.15396571032320125,wm060_ws040_we000,grid,0.6,0.4,0.0,lm020_ls080_le000,0.26,0.59,0.15,0.2,0.8,0.0,4.6256119816452355,0.22224542110427503,121.31433315768827,0.05992258998256064,0.5104998424368907,0.15229336011807562,0.2041999369747563,0.002401534909642927,0.20660147188439923,4
rough_seed_4,rough_perlin,4,0.8,0.026860635424611593,0.08186260461807249,0.10131288193470335,0.15396571032320125,wm060_ws020_we020,grid,0.6,0.2,0.2,lm020_ls080_le000,0.26,0.59,0.15,0.2,0.8,0.0,4.6256119816452355,0.22224542110427503,121.31433315768827,0.05992258998256064,0.5104998424368907,0.15229336011807562,0.10209996848737815,0.0016851219450052968,0.10378509043238345,4
rough_seed_4,rough_perlin,4,0.8,0.026860635424611593,0.08186260461807249,0.10131288193470335,0.15396571032320125,wm060_ws000_we040,grid,0.6,0.0,0.4,lm020_ls080_le000,0.26,0.59,0.15,0.2,0.8,0.0,4.6256119816452355,0.22224542110427503,121.31433315768827,0.05992258998256064,0.5104998424368907,0.15229336011807562,0.06091734404723025,0.0009687089803676663,0.06188605302759792,4
rough_seed_4,rough_perlin,4,0.8,0.026860635424611593,0.08186260461807249,0.10131288193470335,0.15396571032320125,wm040_ws060_we000,grid,0.4,0.6,0.0,lm020_ls080_le000,0.26,0.59,0.15,0.2,0.8,0.0,4.6256119816452355,0.22224542110427503,121.31433315768827,0.05992258998256064,0.5104998424368907,0.15229336011807562,0.3062999054621344,0.0033026894145515868,0.309602594876686,4
rough_seed_4,rough_perlin,4,0.8,0.026860635424611593,0.08186260461807249,0.10131288193470335,0.15396571032320125,wm040_ws040_we020,grid,0.4,0.4,0.2,lm020_ls080_le000,0.26,0.59,0.15,0.2,0.8,0.0,4.6256119816452355,0.22224542110427503,121.31433315768827,0.05992258998256064,0.5104998424368907,0.15229336011807562,0.2041999369747563,0.002586276449913957,0.20678621342467027,4
rough_seed_4,rough_perlin,4,0.8,0.026860635424611593,0.08186260461807249,0.10131288193470335,0.15396571032320125,wm040_ws020_we040,grid,0.4,0.2,0.4,lm020_ls080_le000,0.26,0.59,0.15,0.2,0.8,0.0,4.6256119816452355,0.22224542110427503,121.31433315768827,0.05992258998256064,0.5104998424368907,0.15229336011807562,0.10209996848737815,0.001869863485276327,0.10396983197265448,4
rough_seed_4,rough_perlin,4,0.8,0.026860635424611593,0.08186260461807249,0.10131288193470335,0.15396571032320125,wm040_ws000_we060,grid,0.4,0.0,0.6,lm060_ls040_le000,0.48,0.37,0.15,0.6,0.4,0.0,4.625746297597826,0.22282333007507935,121.30480247817712,0.18915602948294466,0.9857261174473378,0.12286247807930432,0.07566241179317787,0.0014937989864076046,0.07715621077958547,4
rough_seed_4,rough_perlin,4,0.8,0.026860635424611593,0.08186260461807249,0.10131288193470335,0.15396571032320125,wm020_ws080_we000,grid,0.2,0.8,0.0,lm000_ls100_le000,0.15,0.7,0.15,0.0,1.0,0.0,4.626589030567893,0.2216246169651689,121.26501560053696,1.0,0.0,0.0,0.2,0.002,0.202,4
rough_seed_4,rough_perlin,4,0.8,0.026860635424611593,0.08186260461807249,0.10131288193470335,0.15396571032320125,wm020_ws060_we020,grid,0.2,0.6,0.2,lm000_ls100_le000,0.15,0.7,0.15,0.0,1.0,0.0,4.626589030567893,0.2216246169651689,121.26501560053696,1.0,0.0,0.0,0.2,0.002,0.202,4
rough_seed_4,rough_perlin,4,0.8,0.026860635424611593,0.08186260461807249,0.10131288193470335,0.15396571032320125,wm020_ws040_we040,grid,0.2,0.4,0.4,lm000_ls100_le000,0.15,0.7,0.15,0.0,1.0,0.0,4.626589030567893,0.2216246169651689,121.26501560053696,1.0,0.0,0.0,0.2,0.002,0.202,4
rough_seed_4,rough_perlin,4,0.8,0.026860635424611593,0.08186260461807249,0.10131288193470335,0.15396571032320125,wm020_ws020_we060,grid,0.2,0.2,0.6,lm020_ls080_le000,0.26,0.59,0.15,0.2,0.8,0.0,4.6256119816452355,0.22224542110427503,121.31433315768827,0.05992258998256064,0.5104998424368907,0.15229336011807562,0.10209996848737815,0.0020546050255473565,0.10415457351292551,4
rough_seed_4,rough_perlin,4,0.8,0.026860635424611593,0.08186260461807249,0.10131288193470335,0.15396571032320125,wm020_ws000_we080,grid,0.2,0.0,0.8,lm060_ls040_le000,0.48,0.37,0.15,0.6,0.4,0.0,4.625746297597826,0.22282333007507935,121.30480247817712,0.18915602948294466,0.9857261174473378,0.12286247807930432,0.09828998246344346,0.001361211883600324,0.09965119434704378,4
rough_seed_4,rough_perlin,4,0.8,0.026860635424611593,0.08186260461807249,0.10131288193470335,0.15396571032320125,wm000_ws100_we000,grid,0.0,1.0,0.0,lm000_ls100_le000,0.15,0.7,0.15,0.0,1.0,0.0,4.626589030567893,0.2216246169651689,121.26501560053696,1.0,0.0,0.0,0.0,0.0,0.0,4
rough_seed_4,rough_perlin,4,0.8,0.026860635424611593,0.08186260461807249,0.10131288193470335,0.15396571032320125,wm000_ws080_we020,grid,0.0,0.8,0.2,lm000_ls100_le000,0.15,0.7,0.15,0.0,1.0,0.0,4.626589030567893,0.2216246169651689,121.26501560053696,1.0,0.0,0.0,0.0,0.0,0.0,4
rough_seed_4,rough_perlin,4,0.8,0.026860635424611593,0.08186260461807249,0.10131288193470335,0.15396571032320125,wm000_ws060_we040,grid,0.0,0.6,0.4,lm000_ls100_le000,0.15,0.7,0.15,0.0,1.0,0.0,4.626589030567893,0.2216246169651689,121.26501560053696,1.0,0.0,0.0,0.0,0.0,0.0,4
rough_seed_4,rough_perlin,4,0.8,0.026860635424611593,0.08186260461807249,0.10131288193470335,0.15396571032320125,wm000_ws040_we060,grid,0.0,0.4,0.6,lm000_ls100_le000,0.15,0.7,0.15,0.0,1.0,0.0,4.626589030567893,0.2216246169651689,121.26501560053696,1.0,0.0,0.0,0.0,0.0,0.0,4
rough_seed_4,rough_perlin,4,0.8,0.026860635424611593,0.08186260461807249,0.10131288193470335,0.15396571032320125,wm000_ws020_we080,grid,0.0,0.2,0.8,lm000_ls100_le000,0.15,0.7,0.15,0.0,1.0,0.0,4.626589030567893,0.2216246169651689,121.26501560053696,1.0,0.0,0.0,0.0,0.0,0.0,4
rough_seed_4,rough_perlin,4,0.8,0.026860635424611593,0.08186260461807249,0.10131288193470335,0.15396571032320125,wm000_ws000_we100,grid,0.0,0.0,1.0,lm000_ls100_le000,0.15,0.7,0.15,0.0,1.0,0.0,4.626589030567893,0.2216246169651689,121.26501560053696,1.0,0.0,0.0,0.0,0.0,0.0,4
rough_seed_4,rough_perlin,4,0.8,0.026860635424611593,0.08186260461807249,0.10131288193470335,0.15396571032320125,balanced,canonical,0.3333333333333333,0.3333333333333333,0.3333333333333333,lm020_ls080_le000,0.26,0.59,0.15,0.2,0.8,0.0,4.6256119816452355,0.22224542110427503,121.31433315768827,0.05992258998256064,0.5104998424368907,0.15229336011807562,0.17016661414563022,0.0024090526417917565,0.17257566678742198,4
rough_seed_4,rough_perlin,4,0.8,0.026860635424611593,0.08186260461807249,0.10131288193470335,0.15396571032320125,motion,canonical,0.7,0.15,0.15,lm020_ls080_le000,0.26,0.59,0.15,0.2,0.8,0.0,4.6256119816452355,0.22224542110427503,121.31433315768827,0.05992258998256064,0.5104998424368907,0.15229336011807562,0.0765749763655336,0.0014136479337103739,0.07798862429924398,4
rough_seed_4,rough_perlin,4,0.8,0.026860635424611593,0.08186260461807249,0.10131288193470335,0.15396571032320125,stability,canonical,0.15,0.7,0.15,lm000_ls100_le000,0.15,0.7,0.15,0.0,1.0,0.0,4.626589030567893,0.2216246169651689,121.26501560053696,1.0,0.0,0.0,0.15,0.0015,0.1515,4
rough_seed_4,rough_perlin,4,0.8,0.026860635424611593,0.08186260461807249,0.10131288193470335,0.15396571032320125,energy,canonical,0.15,0.15,0.7,lm020_ls080_le000,0.26,0.59,0.15,0.2,0.8,0.0,4.6256119816452355,0.22224542110427503,121.31433315768827,0.05992258998256064,0.5104998424368907,0.15229336011807562,0.10660535208265293,0.0019216871694557065,0.10852703925210863,4
rough_seed_25,rough_perlin,25,0.8,0.01826920683430378,0.0524684572219849,0.08233369340363154,0.13852312398148353,wm100_ws000_we000,grid,1.0,0.0,0.0,lm100_ls000_le000,0.7,0.15,0.15,1.0,0.0,0.0,4.582541332167897,0.2343751363619884,114.70234306169228,0.0,0.7772639353034957,0.07821826428738247,0.0,0.0,0.0,7
rough_seed_25,rough_perlin,25,0.8,0.01826920683430378,0.0524684572219849,0.08233369340363154,0.13852312398148353,wm080_ws020_we000,grid,0.8,0.2,0.0,lm080_ls000_le020,0.59,0.15,0.26,0.8,0.0,0.2,4.592098209958459,0.23253509981642262,114.76623275150263,0.15418850660114294,0.3771999233653677,0.21967237451968413,0.12335080528091436,0.0019879078995398793,0.12533871318045423,7
rough_seed_25,rough_perlin,25,0.8,0.01826920683430378,0.0524684572219849,0.08233369340363154,0.13852312398148353,wm080_ws000_we020,grid,0.8,0.0,0.2,lm100_ls000_le000,0.7,0.15,0.15,1.0,0.0,0.0,4.582541332167897,0.2343751363619884,114.70234306169228,0.0,0.7772639353034957,0.07821826428738247,0.015643652857476497,0.00015643652857476496,0.015800089386051264,7
rough_seed_25,rough_perlin,25,0.8,0.01826920683430378,0.0524684572219849,0.08233369340363154,0.13852312398148353,wm060_ws040_we000,grid,0.6,0.4,0.0,lm040_ls040_le020,0.37,0.37,0.26,0.4,0.4,0.2,4.597132732413069,0.23194651633673324,114.70347508056658,0.23541435417794485,0.24922905843201265,0.08072459548269413,0.1412486125067669,0.00240940235879572,0.14365801486556262,7
rough_seed_25,rough_perlin,25,0.8,0.01826920683430378,0.0524684572219849,0.08233369340363154,0.13852312398148353,wm060_ws020_we020,grid,0.6,0.2,0.2,lm080_ls000_le020,0.59,0.15,0.26,0.8,0.0,0.2,4.592098209958459,0.23253509981642262,114.76623275150263,0.15418850660114294,0.3771999233653677,0.21967237451968413,0.09251310396068577,0.002118875635376961,0.09463197959606273,7
rough_seed_25,rough_perlin,25,0.8,0.01826920683430378,0.0524684572219849,0.08233369340363154,0.13852312398148353,wm060_ws000_we040,grid,0.6,0.0,0.4,lm100_ls000_le000,0.7,0.15,0.15,1.0,0.0,0.0,4.582541332167897,0.2343751363619884,114.70234306169228,0.0,0.7772639353034957,0.07821826428738247,0.031287305714952994,0.0003128730571495299,0.03160017877210253,7
rough_seed_25,rough_perlin,25,0.8,0.01826920683430378,0.0524684572219849,0.08233369340363154,0.13852312398148353,wm040_ws060_we000,grid,0.4,0.6,0.0,lm040_ls020_le040,0.36999999999999994,0.26,0.37,0.4,0.2,0.4,4.604267674301097,0.23187073679260028,115.11867843060317,0.35052789423884134,0.23275293543231854,1.0,0.14021115769553655,0.0027986291895492764,0.14300978688508584,7
rough_seed_25,rough_perlin,25,0.8,0.01826920683430378,0.0524684572219849,0.08233369340363154,0.13852312398148353,wm040_ws040_we020,grid,0.4,0.4,0.2,lm040_ls040_le020,0.37,0.37,0.26,0.4,0.4,0.2,4.597132732413069,0.23194651633673324,114.70347508056658,0.23541435417794485,0.24922905843201265,0.08072459548269413,0.09969162337280507,0.0021000228414052185,0.10179164621421029,7
rough_seed_25,rough_perlin,25,0.8,0.01826920683430378,0.0524684572219849,0.08233369340363154,0.13852312398148353,wm040_ws020_we040,grid,0.4,0.2,0.4,lm080_ls000_le020,0.59,0.15,0.26,0.8,0.0,0.2,4.592098209958459,0.23253509981642262,114.76623275150263,0.15418850660114294,0.3771999233653677,0.21967237451968413,0.08786894980787366,0.002249843371214044,0.0901187931790877,7
rough_seed_25,rough_perlin,25,0.8,0.01826920683430378,0.0524684572219849,0.08233369340363154,0.13852312398148353,wm040_ws000_we060,grid,0.4,0.0,0.6,lm100_ls000_le000,0.7,0.15,0.15,1.0,0.0,0.0,4.582541332167897,0.2343751363619884,114.70234306169228,0.0,0.7772639353034957,0.07821826428738247,0.04693095857242948,0.0004693095857242948,0.04740026815815378,7
rough_seed_25,rough_perlin,25,0.8,0.01826920683430378,0.0524684572219849,0.08233369340363154,0.13852312398148353,wm020_ws080_we000,grid,0.2,0.8,0.0,lm060_ls000_le040,0.48,0.15,0.37,0.6,0.0,0.4,4.606637583534736,0.23080022333849481,115.02019208573412,0.38876347426017205,0.0,0.7819476299722942,0.07775269485203441,0.0007775269485203441,0.07853022180055476,7
rough_seed_25,rough_perlin,25,0.8,0.01826920683430378,0.0524684572219849,0.08233369340363154,0.13852312398148353,wm020_ws060_we020,grid,0.2,0.6,0.2,lm040_ls040_le020,0.37,0.37,0.26,0.4,0.4,0.2,4.597132732413069,0.23194651633673324,114.70347508056658,0.23541435417794485,0.24922905843201265,0.08072459548269413,0.14953743505920758,0.0021276522499133537,0.15166508730912093,7
rough_seed_25,rough_perlin,25,0.8,0.01826920683430378,0.0524684572219849,0.08233369340363154,0.13852312398148353,wm020_ws040_we040,grid,0.2,0.4,0.4,lm040_ls040_le020,0.37,0.37,0.26,0.4,0.4,0.2,4.597132732413069,0.23194651633673324,114.70347508056658,0.23541435417794485,0.24922905843201265,0.08072459548269413,0.09969162337280507,0.0017906433240147171,0.10148226669681978,7
rough_seed_25,rough_perlin,25,0.8,0.01826920683430378,0.0524684572219849,0.08233369340363154,0.13852312398148353,wm020_ws020_we060,grid,0.2,0.2,0.6,lm040_ls040_le020,0.37,0.37,0.26,0.4,0.4,0.2,4.597132732413069,0.23194651633673324,114.70347508056658,0.23541435417794485,0.24922905843201265,0.08072459548269413,0.049845811686402536,0.00145363439811608,0.05129944608451861,7
rough_seed_25,rough_perlin,25,0.8,0.01826920683430378,0.0524684572219849,0.08233369340363154,0.13852312398148353,wm020_ws000_we080,grid,0.2,0.0,0.8,lm100_ls000_le000,0.7,0.15,0.15,1.0,0.0,0.0,4.582541332167897,0.2343751363619884,114.70234306169228,0.0,0.7772639353034957,0.07821826428738247,0.06257461142990599,0.0006257461142990598,0.06320035754420505,7
rough_seed_25,rough_perlin,25,0.8,0.01826920683430378,0.0524684572219849,0.08233369340363154,0.13852312398148353,wm000_ws100_we000,grid,0.0,1.0,0.0,lm060_ls000_le040,0.48,0.15,0.37,0.6,0.0,0.4,4.606637583534736,0.23080022333849481,115.02019208573412,0.38876347426017205,0.0,0.7819476299722942,0.0,0.0,0.0,7
rough_seed_25,rough_perlin,25,0.8,0.01826920683430378,0.0524684572219849,0.08233369340363154,0.13852312398148353,wm000_ws080_we020,grid,0.0,0.8,0.2,lm060_ls000_le040,0.48,0.15,0.37,0.6,0.0,0.4,4.606637583534736,0.23080022333849481,115.02019208573412,0.38876347426017205,0.0,0.7819476299722942,0.15638952599445885,0.0015638952599445885,0.15795342125440343,7
rough_seed_25,rough_perlin,25,0.8,0.01826920683430378,0.0524684572219849,0.08233369340363154,0.13852312398148353,wm000_ws060_we040,grid,0.0,0.6,0.4,lm040_ls040_le020,0.37,0.37,0.26,0.4,0.4,0.2,4.597132732413069,0.23194651633673324,114.70347508056658,0.23541435417794485,0.24922905843201265,0.08072459548269413,0.14953743505920758,0.0018182727325228524,0.15135570779173044,7
rough_seed_25,rough_perlin,25,0.8,0.01826920683430378,0.0524684572219849,0.08233369340363154,0.13852312398148353,wm000_ws040_we060,grid,0.0,0.4,0.6,lm040_ls040_le020,0.37,0.37,0.26,0.4,0.4,0.2,4.597132732413069,0.23194651633673324,114.70347508056658,0.23541435417794485,0.24922905843201265,0.08072459548269413,0.09969162337280507,0.0014812638066242156,0.1011728871794293,7
rough_seed_25,rough_perlin,25,0.8,0.01826920683430378,0.0524684572219849,0.08233369340363154,0.13852312398148353,wm000_ws020_we080,grid,0.0,0.2,0.8,lm040_ls040_le020,0.37,0.37,0.26,0.4,0.4,0.2,4.597132732413069,0.23194651633673324,114.70347508056658,0.23541435417794485,0.24922905843201265,0.08072459548269413,0.0645796763861553,0.0011442548807255783,0.06572393126688088,7
rough_seed_25,rough_perlin,25,0.8,0.01826920683430378,0.0524684572219849,0.08233369340363154,0.13852312398148353,wm000_ws000_we100,grid,0.0,0.0,1.0,lm020_ls000_le080,0.26,0.15,0.59,0.2,0.0,0.8,4.6445231101955144,0.23539957866828726,114.66701470937633,1.0,1.0,0.0,0.0,0.0,0.0,7
rough_seed_25,rough_perlin,25,0.8,0.01826920683430378,0.0524684572219849,0.08233369340363154,0.13852312398148353,balanced,canonical,0.3333333333333333,0.3333333333333333,0.3333333333333333,lm040_ls040_le020,0.37,0.37,0.26,0.4,0.4,0.2,4.597132732413069,0.23194651633673324,114.70347508056658,0.23541435417794485,0.24922905843201265,0.08072459548269413,0.08307635281067088,0.0018845600269755053,0.08496091283764638,7
rough_seed_25,rough_perlin,25,0.8,0.01826920683430378,0.0524684572219849,0.08233369340363154,0.13852312398148353,motion,canonical,0.7,0.15,0.15,lm080_ls000_le020,0.59,0.15,0.26,0.8,0.0,0.2,4.592098209958459,0.23253509981642262,114.76623275150263,0.15418850660114294,0.3771999233653677,0.21967237451968413,0.10793195462080006,0.0019746279930355783,0.10990658261383564,7
rough_seed_25,rough_perlin,25,0.8,0.01826920683430378,0.0524684572219849,0.08233369340363154,0.13852312398148353,stability,canonical,0.15,0.7,0.15,lm060_ls000_le040,0.48,0.15,0.37,0.6,0.0,0.4,4.606637583534736,0.23080022333849481,115.02019208573412,0.38876347426017205,0.0,0.7819476299722942,0.11729214449584412,0.0017560666563486993,0.11904821115219281,7
rough_seed_25,rough_perlin,25,0.8,0.01826920683430378,0.0524684572219849,0.08233369340363154,0.13852312398148353,energy,canonical,0.15,0.15,0.7,lm040_ls040_le020,0.37,0.37,0.26,0.4,0.4,0.2,4.597132732413069,0.23194651633673324,114.70347508056658,0.23541435417794485,0.24922905843201265,0.08072459548269413,0.056507216837885885,0.0012920372872937953,0.05779925412517968,7
rough_seed_12,rough_perlin,12,0.8,0.026123337145604907,0.08341258668899532,0.0913345092246674,0.14660657941556096,wm100_ws000_we000,grid,1.0,0.0,0.0,lm100_ls000_le000,0.7,0.15,0.15,1.0,0.0,0.0,4.4729751418429275,0.3385737561066201,131.24375188337078,0.0,1.0,0.0,0.0,0.0,0.0,3
rough_seed_12,rough_perlin,12,0.8,0.026123337145604907,0.08341258668899532,0.0913345092246674,0.14660657941556096,wm080_ws020_we000,grid,0.8,0.2,0.0,lm100_ls000_le000,0.7,0.15,0.15,1.0,0.0,0.0,4.4729751418429275,0.3385737561066201,131.24375188337078,0.0,1.0,0.0,0.2,0.002,0.202,3
rough_seed_12,rough_perlin,12,0.8,0.026123337145604907,0.08341258668899532,0.0913345092246674,0.14660657941556096,wm080_ws000_we020,grid,0.8,0.0,0.2,lm100_ls000_le000,0.7,0.15,0.15,1.0,0.0,0.0,4.4729751418429275,0.3385737561066201,131.24375188337078,0.0,1.0,0.0,0.0,0.0,0.0,3
rough_seed_12,rough_perlin,12,0.8,0.026123337145604907,0.08341258668899532,0.0913345092246674,0.14660657941556096,wm060_ws040_we000,grid,0.6,0.4,0.0,lm100_ls000_le000,0.7,0.15,0.15,1.0,0.0,0.0,4.4729751418429275,0.3385737561066201,131.24375188337078,0.0,1.0,0.0,0.4,0.004,0.404,3
rough_seed_12,rough_perlin,12,0.8,0.026123337145604907,0.08341258668899532,0.0913345092246674,0.14660657941556096,wm060_ws020_we020,grid,0.6,0.2,0.2,lm100_ls000_le000,0.7,0.15,0.15,1.0,0.0,0.0,4.4729751418429275,0.3385737561066201,131.24375188337078,0.0,1.0,0.0,0.2,0.002,0.202,3
rough_seed_12,rough_perlin,12,0.8,0.026123337145604907,0.08341258668899532,0.0913345092246674,0.14660657941556096,wm060_ws000_we040,grid,0.6,0.0,0.4,lm100_ls000_le000,0.7,0.15,0.15,1.0,0.0,0.0,4.4729751418429275,0.3385737561066201,131.24375188337078,0.0,1.0,0.0,0.0,0.0,0.0,3
rough_seed_12,rough_perlin,12,0.8,0.026123337145604907,0.08341258668899532,0.0913345092246674,0.14660657941556096,wm040_ws060_we000,grid,0.4,0.6,0.0,lm040_ls040_le020,0.37,0.37,0.26,0.4,0.4,0.2,4.4956485087924705,0.3368289057281556,131.77780680787504,1.0,0.0,0.7057123891649092,0.4,0.004,0.404,3
rough_seed_12,rough_perlin,12,0.8,0.026123337145604907,0.08341258668899532,0.0913345092246674,0.14660657941556096,wm040_ws040_we020,grid,0.4,0.4,0.2,lm080_ls000_le020,0.59,0.15,0.26,0.8,0.0,0.2,4.493404891088476,0.3384015435787378,132.00051190728962,0.9010461168388647,0.9013024096462366,1.0,0.3605209638584947,0.009209394105940405,0.3697303579644351,3
rough_seed_12,rough_perlin,12,0.8,0.026123337145604907,0.08341258668899532,0.0913345092246674,0.14660657941556096,wm040_ws020_we040,grid,0.4,0.2,0.4,lm100_ls000_le000,0.7,0.15,0.15,1.0,0.0,0.0,4.4729751418429275,0.3385737561066201,131.24375188337078,0.0,1.0,0.0,0.2,0.002,0.202,3
rough_seed_12,rough_perlin,12,0.8,0.026123337145604907,0.08341258668899532,0.0913345092246674,0.14660657941556096,wm040_ws000_we060,grid,0.4,0.0,0.6,lm100_ls000_le000,0.7,0.15,0.15,1.0,0.0,0.0,4.4729751418429275,0.3385737561066201,131.24375188337078,0.0,1.0,0.0,0.0,0.0,0.0,3
rough_seed_12,rough_perlin,12,0.8,0.026123337145604907,0.08341258668899532,0.0913345092246674,0.14660657941556096,wm020_ws080_we000,grid,0.2,0.8,0.0,lm040_ls040_le020,0.37,0.37,0.26,0.4,0.4,0.2,4.4956485087924705,0.3368289057281556,131.77780680787504,1.0,0.0,0.7057123891649092,0.2,0.002,0.202,3
rough_seed_12,rough_perlin,12,0.8,0.026123337145604907,0.08341258668899532,0.0913345092246674,0.14660657941556096,wm020_ws060_we020,grid,0.2,0.6,0.2,lm040_ls040_le020,0.37,0.37,0.26,0.4,0.4,0.2,4.4956485087924705,0.3368289057281556,131.77780680787504,1.0,0.0,0.7057123891649092,0.2,0.0034114247783298187,0.20341142477832982,3
rough_seed_12,rough_perlin,12,0.8,0.026123337145604907,0.08341258668899532,0.0913345092246674,0.14660657941556096,wm020_ws040_we040,grid,0.2,0.4,0.4,lm040_ls040_le020,0.37,0.37,0.26,0.4,0.4,0.2,4.4956485087924705,0.3368289057281556,131.77780680787504,1.0,0.0,0.7057123891649092,0.2822849556659637,0.004822849556659637,0.2871078052226233,3
rough_seed_12,rough_perlin,12,0.8,0.026123337145604907,0.08341258668899532,0.0913345092246674,0.14660657941556096,wm020_ws020_we060,grid,0.2,0.2,0.6,lm100_ls000_le000,0.7,0.15,0.15,1.0,0.0,0.0,4.4729751418429275,0.3385737561066201,131.24375188337078,0.0,1.0,0.0,0.2,0.002,0.202,3
rough_seed_12,rough_perlin,12,0.8,0.026123337145604907,0.08341258668899532,0.0913345092246674,0.14660657941556096,wm020_ws000_we080,grid,0.2,0.0,0.8,lm100_ls000_le000,0.7,0.15,0.15,1.0,0.0,0.0,4.4729751418429275,0.3385737561066201,131.24375188337078,0.0,1.0,0.0,0.0,0.0,0.0,3
rough_seed_12,rough_perlin,12,0.8,0.026123337145604907,0.08341258668899532,0.0913345092246674,0.14660657941556096,wm000_ws100_we000,grid,0.0,1.0,0.0,lm040_ls040_le020,0.37,0.37,0.26,0.4,0.4,0.2,4.4956485087924705,0.3368289057281556,131.77780680787504,1.0,0.0,0.7057123891649092,0.0,0.0,0.0,3
rough_seed_12,rough_perlin,12,0.8,0.026123337145604907,0.08341258668899532,0.0913345092246674,0.14660657941556096,wm000_ws080_we020,grid,0.0,0.8,0.2,lm040_ls040_le020,0.37,0.37,0.26,0.4,0.4,0.2,4.4956485087924705,0.3368289057281556,131.77780680787504,1.0,0.0,0.7057123891649092,0.14114247783298184,0.0014114247783298184,0.14255390261131165,3
rough_seed_12,rough_perlin,12,0.8,0.026123337145604907,0.08341258668899532,0.0913345092246674,0.14660657941556096,wm000_ws060_we040,grid,0.0,0.6,0.4,lm040_ls040_le020,0.37,0.37,0.26,0.4,0.4,0.2,4.4956485087924705,0.3368289057281556,131.77780680787504,1.0,0.0,0.7057123891649092,0.2822849556659637,0.002822849556659637,0.2851078052226233,3
rough_seed_12,rough_perlin,12,0.8,0.026123337145604907,0.08341258668899532,0.0913345092246674,0.14660657941556096,wm000_ws040_we060,grid,0.0,0.4,0.6,lm100_ls000_le000,0.7,0.15,0.15,1.0,0.0,0.0,4.4729751418429275,0.3385737561066201,131.24375188337078,0.0,1.0,0.0,0.4,0.004,0.404,3
rough_seed_12,rough_perlin,12,0.8,0.026123337145604907,0.08341258668899532,0.0913345092246674,0.14660657941556096,wm000_ws020_we080,grid,0.0,0.2,0.8,lm100_ls000_le000,0.7,0.15,0.15,1.0,0.0,0.0,4.4729751418429275,0.3385737561066201,131.24375188337078,0.0,1.0,0.0,0.2,0.002,0.202,3
rough_seed_12,rough_perlin,12,0.8,0.026123337145604907,0.08341258668899532,0.0913345092246674,0.14660657941556096,wm000_ws000_we100,grid,0.0,0.0,1.0,lm100_ls000_le000,0.7,0.15,0.15,1.0,0.0,0.0,4.4729751418429275,0.3385737561066201,131.24375188337078,0.0,1.0,0.0,0.0,0.0,0.0,3
rough_seed_12,rough_perlin,12,0.8,0.026123337145604907,0.08341258668899532,0.0913345092246674,0.14660657941556096,balanced,canonical,0.3333333333333333,0.3333333333333333,0.3333333333333333,lm100_ls000_le000,0.7,0.15,0.15,1.0,0.0,0.0,4.4729751418429275,0.3385737561066201,131.24375188337078,0.0,1.0,0.0,0.3333333333333333,0.003333333333333333,0.33666666666666667,3
rough_seed_12,rough_perlin,12,0.8,0.026123337145604907,0.08341258668899532,0.0913345092246674,0.14660657941556096,motion,canonical,0.7,0.15,0.15,lm100_ls000_le000,0.7,0.15,0.15,1.0,0.0,0.0,4.4729751418429275,0.3385737561066201,131.24375188337078,0.0,1.0,0.0,0.15,0.0015,0.1515,3
rough_seed_12,rough_perlin,12,0.8,0.026123337145604907,0.08341258668899532,0.0913345092246674,0.14660657941556096,stability,canonical,0.15,0.7,0.15,lm040_ls040_le020,0.37,0.37,0.26,0.4,0.4,0.2,4.4956485087924705,0.3368289057281556,131.77780680787504,1.0,0.0,0.7057123891649092,0.15,0.0025585685837473636,0.15255856858374736,3
rough_seed_12,rough_perlin,12,0.8,0.026123337145604907,0.08341258668899532,0.0913345092246674,0.14660657941556096,energy,canonical,0.15,0.15,0.7,lm100_ls000_le000,0.7,0.15,0.15,1.0,0.0,0.0,4.4729751418429275,0.3385737561066201,131.24375188337078,0.0,1.0,0.0,0.15,0.0015,0.1515,3
rough_seed_6,rough_perlin,6,0.8,0.024318955251665265,0.08186260461807249,0.07999057183688178,0.12816551007246907,wm100_ws000_we000,grid,1.0,0.0,0.0,lm080_ls020_le000,0.59,0.26,0.15,0.8,0.2,0.0,4.649983773589159,0.21814841588090939,119.31304525827144,0.0,1.0,0.5861009634473823,0.0,0.0,0.0,9
rough_seed_6,rough_perlin,6,0.8,0.024318955251665265,0.08186260461807249,0.07999057183688178,0.12816551007246907,wm080_ws020_we000,grid,0.8,0.2,0.0,lm020_ls080_le000,0.26,0.59,0.15,0.2,0.8,0.0,4.652475719363972,0.2167342061666569,119.12663473347202,0.04525228209790483,0.580727938418896,0.196400729023213,0.11614558768377921,0.0015234741336210306,0.11766906181740024,9
rough_seed_6,rough_perlin,6,0.8,0.024318955251665265,0.08186260461807249,0.07999057183688178,0.12816551007246907,wm080_ws000_we020,grid,0.8,0.0,0.2,lm100_ls000_le000,0.7,0.15,0.15,1.0,0.0,0.0,4.651043954428443,0.21761781166721403,119.03268774618753,0.019252265799284025,0.8426912781621905,0.0,0.01540181263942722,0.0001540181263942722,0.015555830765821493,9
rough_seed_6,rough_perlin,6,0.8,0.024318955251665265,0.08186260461807249,0.07999057183688178,0.12816551007246907,wm060_ws040_we000,grid,0.6,0.4,0.0,lm000_ls080_le020,0.15,0.59,0.26,0.0,0.8,0.2,4.667564638024383,0.21618125395642174,119.1435530251152,0.3192582459012179,0.4167936853836839,0.23176923746176506,0.1915549475407307,0.0035827242169420427,0.19513767175767274,9
rough_seed_6,rough_perlin,6,0.8,0.024318955251665265,0.08186260461807249,0.07999057183688178,0.12816551007246907,wm060_ws020_we020,grid,0.6,0.2,0.2,lm020_ls080_le000,0.26,0.59,0.15,0.2,0.8,0.0,4.652475719363972,0.2167342061666569,119.12663473347202,0.04525228209790483,0.580727938418896,0.196400729023213,0.11614558768377921,0.001825771027471647,0.11797135871125086,9
rough_seed_6,rough_perlin,6,0.8,0.024318955251665265,0.08186260461807249,0.07999057183688178,0.12816551007246907,wm060_ws000_we040,grid,0.6,0.0,0.4,lm100_ls000_le000,0.7,0.15,0.15,1.0,0.0,0.0,4.651043954428443,0.21761781166721403,119.03268774618753,0.019252265799284025,0.8426912781621905,0.0,0.011551359479570415,0.00011551359479570415,0.011666873074366119,9
rough_seed_6,rough_perlin,6,0.8,0.024318955251665265,0.08186260461807249,0.07999057183688178,0.12816551007246907,wm040_ws060_we000,grid,0.4,0.6,0.0,lm040_ls020_le040,0.36999999999999994,0.26,0.37,0.4,0.2,0.4,4.681040592013806,0.21562968015776376,119.4046065409632,0.5639737118761893,0.2532680913032571,0.7775142614226306,0.22558948475047572,0.0037755033953243,0.2293649881458,9
rough_seed_6,rough_perlin,6,0.8,0.024318955251665265,0.08186260461807249,0.07999057183688178,0.12816551007246907,wm040_ws040_we020,grid,0.4,0.4,0.2,lm000_ls080_le020,0.15,0.59,0.26,0.0,0.8,0.2,4.667564638024383,0.21618125395642174,119.1435530251152,0.3192582459012179,0.4167936853836839,0.23176923746176506,0.16671747415347357,0.003407746200063137,0.17012522035353672,9
rough_seed_6,rough_perlin,6,0.8,0.024318955251665265,0.08186260461807249,0.07999057183688178,0.12816551007246907,wm040_ws020_we040,grid,0.4,0.2,0.4,lm020_ls080_le000,0.26,0.59,0.15,0.2,0.8,0.0,4.652475719363972,0.2167342061666569,119.12663473347202,0.04525228209790483,0.580727938418896,0.196400729023213,0.11614558768377921,0.0021280679213222633,0.11827365560510147,9
rough_seed_6,rough_perlin,6,0.8,0.024318955251665265,0.08186260461807249,0.07999057183688178,0.12816551007246907,wm040_ws000_we060,grid,0.4,0.0,0.6,lm100_ls000_le000,0.7,0.15,0.15,1.0,0.0,0.0,4.651043954428443,0.21761781166721403,119.03268774618753,0.019252265799284025,0.8426912781621905,0.0,0.00770090631971361,7.70090631971361e-05,0.007777915382910746,9
rough_seed_6,rough_perlin,6,0.8,0.024318955251665265,0.08186260461807249,0.07999057183688178,0.12816551007246907,wm020_ws080_we000,grid,0.2,0.8,0.0,lm020_ls040_le040,0.26,0.36999999999999994,0.37,0.2,0.4,0.4,4.682734658003777,0.21513349974354387,119.51103111971635,0.5947369623631938,0.10616502512463044,1.0,0.11894739247263877,0.0020387941257234313,0.1209861865983622,9
rough_seed_6,rough_perlin,6,0.8,0.024318955251665265,0.08186260461807249,0.07999057183688178,0.12816551007246907,wm020_ws060_we020,grid,0.2,0.6,0.2,lm000_ls060_le040,0.15,0.48,0.37,0.0,0.6,0.4,4.683476264609026,0.21494977190843914,119.31363418337406,0.6082041058482581,0.05169506397398871,0.5873321399101697,0.12164082116965164,0.002701242875360788,0.12434206404501243,9
rough_seed_6,rough_perlin,6,0.8,0.024318955251665265,0.08186260461807249,0.07999057183688178,0.12816551007246907,wm020_ws040_we040,grid,0.2,0.4,0.4,lm000_ls080_le020,0.15,0.59,0.26,0.0,0.8,0.2,4.667564638024383,0.21618125395642174,119.1435530251152,0.3192582459012179,0.4167936853836839,0.23176923746176506,0.16671747415347357,0.003232768183184232,0.16995024233665781,9
rough_seed_6,rough_perlin,6,0.8,0.024318955251665265,0.08186260461807249,0.07999057183688178,0.12816551007246907,wm020_ws020_we060,grid,0.2,0.2,0.6,lm020_ls080_le000,0.26,0.59,0.15,0.2,0.8,0.0,4.652475719363972,0.2167342061666569,119.12663473347202,0.04525228209790483,0.580727938418896,0.196400729023213,0.1178404374139278,0.0024303648151728797,0.12027080222910068,9
rough_seed_6,rough_perlin,6,0.8,0.024318955251665265,0.08186260461807249,0.07999057183688178,0.12816551007246907,wm020_ws000_we080,grid,0.2,0.0,0.8,lm100_ls000_le000,0.7,0.15,0.15,1.0,0.0,0.0,4.651043954428443,0.21761781166721403,119.03268774618753,0.019252265799284025,0.8426912781621905,0.0,0.003850453159856805,3.850453159856805e-05,0.003888957691455373,9
rough_seed_6,rough_perlin,6,0.8,0.024318955251665265,0.08186260461807249,0.07999057183688178,0.12816551007246907,wm000_ws100_we000,grid,0.0,1.0,0.0,lm040_ls000_le060,0.37,0.15,0.48,0.4,0.0,0.6,4.705051621204484,0.2147754038349376,119.26740866569791,1.0,0.0,0.49069545539808845,0.0,0.0,0.0,9
rough_seed_6,rough_perlin,6,0.8,0.024318955251665265,0.08186260461807249,0.07999057183688178,0.12816551007246907,wm000_ws080_we020,grid,0.0,0.8,0.2,lm040_ls000_le060,0.37,0.15,0.48,0.4,0.0,0.6,4.705051621204484,0.2147754038349376,119.26740866569791,1.0,0.0,0.49069545539808845,0.0981390910796177,0.000981390910796177,0.09912048199041387,9
rough_seed_6,rough_perlin,6,0.8,0.024318955251665265,0.08186260461807249,0.07999057183688178,0.12816551007246907,wm000_ws060_we040,grid,0.0,0.6,0.4,lm040_ls000_le060,0.37,0.15,0.48,0.4,0.0,0.6,4.705051621204484,0.2147754038349376,119.26740866569791,1.0,0.0,0.49069545539808845,0.1962781821592354,0.001962781821592354,0.19824096398082774,9
rough_seed_6,rough_perlin,6,0.8,0.024318955251665265,0.08186260461807249,0.07999057183688178,0.12816551007246907,wm000_ws040_we060,grid,0.0,0.4,0.6,lm000_ls080_le020,0.15,0.59,0.26,0.0,0.8,0.2,4.667564638024383,0.21618125395642174,119.1435530251152,0.3192582459012179,0.4167936853836839,0.23176923746176506,0.16671747415347357,0.0030577901663053266,0.1697752643197789,9
rough_seed_6,rough_perlin,6,0.8,0.024318955251665265,0.08186260461807249,0.07999057183688178,0.12816551007246907,wm000_ws020_we080,grid,0.0,0.2,0.8,lm020_ls080_le000,0.26,0.59,0.15,0.2,0.8,0.0,4.652475719363972,0.2167342061666569,119.12663473347202,0.04525228209790483,0.580727938418896,0.196400729023213,0.15712058321857042,0.002732661709023496,0.15985324492759392,9
rough_seed_6,rough_perlin,6,0.8,0.024318955251665265,0.08186260461807249,0.07999057183688178,0.12816551007246907,wm000_ws000_we100,grid,0.0,0.0,1.0,lm100_ls000_le000,0.7,0.15,0.15,1.0,0.0,0.0,4.651043954428443,0.21761781166721403,119.03268774618753,0.019252265799284025,0.8426912781621905,0.0,0.0,0.0,0.0,9
rough_seed_6,rough_perlin,6,0.8,0.024318955251665265,0.08186260461807249,0.07999057183688178,0.12816551007246907,balanced,canonical,0.3333333333333333,0.3333333333333333,0.3333333333333333,lm000_ls080_le020,0.15,0.59,0.26,0.0,0.8,0.2,4.667564638024383,0.21618125395642174,119.1435530251152,0.3192582459012179,0.4167936853836839,0.23176923746176506,0.13893122846122796,0.0032260705624888894,0.14215729902371685,9
rough_seed_6,rough_perlin,6,0.8,0.024318955251665265,0.08186260461807249,0.07999057183688178,0.12816551007246907,motion,canonical,0.7,0.15,0.15,lm020_ls080_le000,0.26,0.59,0.15,0.2,0.8,0.0,4.652475719363972,0.2167342061666569,119.12663473347202,0.04525228209790483,0.580727938418896,0.196400729023213,0.0871091907628344,0.0014824589758484974,0.08859164973868289,9
rough_seed_6,rough_perlin,6,0.8,0.024318955251665265,0.08186260461807249,0.07999057183688178,0.12816551007246907,stability,canonical,0.15,0.7,0.15,lm000_ls060_le040,0.15,0.48,0.37,0.0,0.6,0.4,4.683476264609026,0.21494977190843914,119.31363418337406,0.6082041058482581,0.05169506397398871,0.5873321399101697,0.09123061587723871,0.0021551698164555626,0.09338578569369428,9
rough_seed_6,rough_perlin,6,0.8,0.024318955251665265,0.08186260461807249,0.07999057183688178,0.12816551007246907,energy,canonical,0.15,0.15,0.7,lm040_ls060_le000,0.37,0.48,0.15,0.4,0.6,0.0,4.652788127843298,0.21748725098535912,119.09037493984621,0.05092543790214702,0.803983832094564,0.1205978735173274,0.1205975748141846,0.002126549019616358,0.12272412383380095,9
rough_seed_29,rough_perlin,29,0.8,0.039327672044314206,0.12587610363960255,0.14127126239177348,0.2157699311377689,wm100_ws000_we000,grid,1.0,0.0,0.0,lm100_ls000_le000,0.7,0.15,0.15,1.0,0.0,0.0,4.441700033008183,0.32623001236573873,132.28884832469015,0.0,0.6999374025785785,1.0,0.0,0.0,0.0,6
rough_seed_29,rough_perlin,29,0.8,0.039327672044314206,0.12587610363960255,0.14127126239177348,0.2157699311377689,wm080_ws020_we000,grid,0.8,0.2,0.0,lm100_ls000_le000,0.7,0.15,0.15,1.0,0.0,0.0,4.441700033008183,0.32623001236573873,132.28884832469015,0.0,0.6999374025785785,1.0,0.13998748051571572,0.0013998748051571573,0.14138735532087288,6
rough_seed_29,rough_perlin,29,0.8,0.039327672044314206,0.12587610363960255,0.14127126239177348,0.2157699311377689,wm080_ws000_we020,grid,0.8,0.0,0.2,lm060_ls040_le000,0.48,0.37,0.15,0.6,0.4,0.0,4.445513227772445,0.3246286253806157,131.75154368176433,0.18435814657591937,0.2515038233390236,0.3487621308609504,0.1474865172607355,0.002172389434329256,0.14965890669506476,6
rough_seed_29,rough_perlin,29,0.8,0.039327672044314206,0.12587610363960255,0.14127126239177348,0.2157699311377689,wm060_ws040_we000,grid,0.6,0.4,0.0,lm060_ls040_le000,0.48,0.37,0.15,0.6,0.4,0.0,4.445513227772445,0.3246286253806157,131.75154368176433,0.18435814657591937,0.2515038233390236,0.3487621308609504,0.11061488794555162,0.002112164172811611,0.11272705211836323,6
rough_seed_29,rough_perlin,29,0.8,0.039327672044314206,0.12587610363960255,0.14127126239177348,0.2157699311377689,wm060_ws020_we020,grid,0.6,0.2,0.2,lm060_ls040_le000,0.48,0.37,0.15,0.6,0.4,0.0,4.445513227772445,0.3246286253806157,131.75154368176433,0.18435814657591937,0.2515038233390236,0.3487621308609504,0.11061488794555162,0.002306680787855464,0.11292156873340709,6
rough_seed_29,rough_perlin,29,0.8,0.039327672044314206,0.12587610363960255,0.14127126239177348,0.2157699311377689,wm060_ws000_we040,grid,0.6,0.0,0.4,lm060_ls040_le000,0.48,0.37,0.15,0.6,0.4,0.0,4.445513227772445,0.3246286253806157,131.75154368176433,0.18435814657591937,0.2515038233390236,0.3487621308609504,0.13950485234438018,0.002501197402899318,0.14200604974727948,6
rough_seed_29,rough_perlin,29,0.8,0.039327672044314206,0.12587610363960255,0.14127126239177348,0.2157699311377689,wm040_ws060_we000,grid,0.4,0.6,0.0,lm040_ls060_le000,0.37,0.48,0.15,0.4,0.6,0.0,4.446383862460971,0.32453581516209845,131.76043763862242,0.22645109158507232,0.22551434117990501,0.35954201446838796,0.135308604707943,0.0022588904134197194,0.13756749512136274,6
rough_seed_29,rough_perlin,29,0.8,0.039327672044314206,0.12587610363960255,0.14127126239177348,0.2157699311377689,wm040_ws040_we020,grid,0.4,0.4,0.2,lm040_ls060_le000,0.37,0.48,0.15,0.4,0.6,0.0,4.446383862460971,0.32453581516209845,131.76043763862242,0.22645109158507232,0.22551434117990501,0.35954201446838796,0.09058043663402893,0.0025269457599966854,0.0931073823940256,6
rough_seed_29,rough_perlin,29,0.8,0.039327672044314206,0.12587610363960255,0.14127126239177348,0.2157699311377689,wm040_ws020_we040,grid,0.4,0.2,0.4,lm060_ls040_le000,0.48,0.37,0.15,0.6,0.4,0.0,4.445513227772445,0.3246286253806157,131.75154368176433,0.18435814657591937,0.2515038233390236,0.3487621308609504,0.13950485234438018,0.0026354887564255264,0.1421403411008057,6
rough_seed_29,rough_perlin,29,0.8,0.039327672044314206,0.12587610363960255,0.14127126239177348,0.2157699311377689,wm040_ws000_we060,grid,0.4,0.0,0.6,lm080_ls020_le000,0.59,0.26,0.15,0.8,0.2,0.0,4.450058711621474,0.3237304880241609,131.6838328453945,0.4041205845062981,0.0,0.26669349182036656,0.16164823380251925,0.003216643288947392,0.16486487709146663,6
rough_seed_29,rough_perlin,29,0.8,0.039327672044314206,0.12587610363960255,0.14127126239177348,0.2157699311377689,wm020_ws080_we000,grid,0.2,0.8,0.0,lm080_ls020_le000,0.59,0.26,0.15,0.8,0.2,0.0,4.450058711621474,0.3237304880241609,131.6838328453945,0.4041205845062981,0.0,0.26669349182036656,0.08082411690125962,0.0008082411690125963,0.08163235807027222,6
rough_seed_29,rough_perlin,29,0.8,0.039327672044314206,0.12587610363960255,0.14127126239177348,0.2157699311377689,wm020_ws060_we020,grid,0.2,0.6,0.2,lm080_ls020_le000,0.59,0.26,0.15,0.8,0.2,0.0,4.450058711621474,0.3237304880241609,131.6838328453945,0.4041205845062981,0.0,0.26669349182036656,0.08082411690125962,0.0013416281526533295,0.08216574505391296,6
rough_seed_29,rough_perlin,29,0.8,0.039327672044314206,0.12587610363960255,0.14127126239177348,0.2157699311377689,wm020_ws040_we040,grid,0.2,0.4,0.4,lm080_ls020_le000,0.59,0.26,0.15,0.8,0.2,0.0,4.450058711621474,0.3237304880241609,131.6838328453945,0.4041205845062981,0.0,0.26669349182036656,0.10667739672814663,0.0018750151362940627,0.1085524118644407,6
rough_seed_29,rough_perlin,29,0.8,0.039327672044314206,0.12587610363960255,0.14127126239177348,0.2157699311377689,wm020_ws020_we060,grid,0.2,0.2,0.6,lm080_ls020_le000,0.59,0.26,0.15,0.8,0.2,0.0,4.450058711621474,0.3237304880241609,131.6838328453945,0.4041205845062981,0.0,0.26669349182036656,0.16001609509221992,0.0024084021199347956,0.1624244972121547,6
rough_seed_29,rough_perlin,29,0.8,0.039327672044314206,0.12587610363960255,0.14127126239177348,0.2157699311377689,wm020_ws000_we080,grid,0.2,0.0,0.8,lm080_ls000_le020,0.59,0.15,0.26,0.8,0.0,0.2,4.451142137400583,0.32730155642594877,131.4637970363857,0.45650143073558325,1.0,0.0,0.09130028614711666,0.0009130028614711666,0.09221328900858783,6
rough_seed_29,rough_perlin,29,0.8,0.039327672044314206,0.12587610363960255,0.14127126239177348,0.2157699311377689,wm000_ws100_we000,grid,0.0,1.0,0.0,lm080_ls020_le000,0.59,0.26,0.15,0.8,0.2,0.0,4.450058711621474,0.3237304880241609,131.6838328453945,0.4041205845062981,0.0,0.26669349182036656,0.0,0.0,0.0,6
rough_seed_29,rough_perlin,29,0.8,0.039327672044314206,0.12587610363960255,0.14127126239177348,0.2157699311377689,wm000_ws080_we020,grid,0.0,0.8,0.2,lm080_ls020_le000,0.59,0.26,0.15,0.8,0.2,0.0,4.450058711621474,0.3237304880241609,131.6838328453945,0.4041205845062981,0.0,0.26669349182036656,0.05333869836407332,0.0005333869836407332,0.05387208534771405,6
rough_seed_29,rough_perlin,29,0.8,0.039327672044314206,0.12587610363960255,0.14127126239177348,0.2157699311377689,wm000_ws060_we040,grid,0.0,0.6,0.4,lm080_ls020_le000,0.59,0.26,0.15,0.8,0.2,0.0,4.450058711621474,0.3237304880241609,131.6838328453945,0.4041205845062981,0.0,0.26669349182036656,0.10667739672814663,0.0010667739672814663,0.1077441706954281,6
rough_seed_29,rough_perlin,29,0.8,0.039327672044314206,0.12587610363960255,0.14127126239177348,0.2157699311377689,wm000_ws040_we060,grid,0.0,0.4,0.6,lm080_ls020_le000,0.59,0.26,0.15,0.8,0.2,0.0,4.450058711621474,0.3237304880241609,131.6838328453945,0.4041205845062981,0.0,0.26669349182036656,0.16001609509221992,0.0016001609509221993,0.16161625604314211,6
rough_seed_29,rough_perlin,29,0.8,0.039327672044314206,0.12587610363960255,0.14127126239177348,0.2157699311377689,wm000_ws020_we080,grid,0.0,0.2,0.8,lm040_ls040_le020,0.37,0.37,0.26,0.4,0.4,0.2,4.462383657979929,0.3268264064952249,131.5704211648114,1.0,0.8669446010930493,0.12923333365712902,0.17338892021860985,0.0027677558714431305,0.17615667609005298,6
rough_seed_29,rough_perlin,29,0.8,0.039327672044314206,0.12587610363960255,0.14127126239177348,0.2157699311377689,wm000_ws000_we100,grid,0.0,0.0,1.0,lm080_ls000_le020,0.59,0.15,0.26,0.8,0.0,0.2,4.451142137400583,0.32730155642594877,131.4637970363857,0.45650143073558325,1.0,0.0,0.0,0.0,0.0,6
rough_seed_29,rough_perlin,29,0.8,0.039327672044314206,0.12587610363960255,0.14127126239177348,0.2157699311377689,balanced,canonical,0.3333333333333333,0.3333333333333333,0.3333333333333333,lm060_ls040_le000,0.48,0.37,0.15,0.6,0.4,0.0,4.445513227772445,0.3246286253806157,131.75154368176433,0.18435814657591937,0.2515038233390236,0.3487621308609504,0.1162540436203168,0.0026154136692529777,0.11886945728956978,6
rough_seed_29,rough_perlin,29,0.8,0.039327672044314206,0.12587610363960255,0.14127126239177348,0.2157699311377689,motion,canonical,0.7,0.15,0.15,lm060_ls040_le000,0.48,0.37,0.15,0.6,0.4,0.0,4.445513227772445,0.3246286253806157,131.75154368176433,0.18435814657591937,0.2515038233390236,0.3487621308609504,0.12905070260314355,0.002190905957331397,0.13124160856047495,6
rough_seed_29,rough_perlin,29,0.8,0.039327672044314206,0.12587610363960255,0.14127126239177348,0.2157699311377689,stability,canonical,0.15,0.7,0.15,lm080_ls020_le000,0.59,0.26,0.15,0.8,0.2,0.0,4.450058711621474,0.3237304880241609,131.6838328453945,0.4041205845062981,0.0,0.26669349182036656,0.06061808767594472,0.001006221114489997,0.06162430879043471,6
rough_seed_29,rough_perlin,29,0.8,0.039327672044314206,0.12587610363960255,0.14127126239177348,0.2157699311377689,energy,canonical,0.15,0.15,0.7,lm080_ls000_le020,0.59,0.15,0.26,0.8,0.0,0.2,4.451142137400583,0.32730155642594877,131.4637970363857,0.45650143073558325,1.0,0.0,0.15,0.002184752146103375,0.15218475214610336,6
rough_seed_18,rough_perlin,18,0.8,0.040881540089481694,0.12686725449562064,0.13215684892031676,0.222976404496537,wm100_ws000_we000,grid,1.0,0.0,0.0,lm000_ls100_le000,0.15,0.7,0.15,0.0,1.0,0.0,4.789394365536296,0.1260583716410282,118.129206688321,0.0,1.0,0.0,0.0,0.0,0.0,2
rough_seed_18,rough_perlin,18,0.8,0.040881540089481694,0.12686725449562064,0.13215684892031676,0.222976404496537,wm080_ws020_we000,grid,0.8,0.2,0.0,lm000_ls100_le000,0.15,0.7,0.15,0.0,1.0,0.0,4.789394365536296,0.1260583716410282,118.129206688321,0.0,1.0,0.0,0.2,0.002,0.202,2
rough_seed_18,rough_perlin,18,0.8,0.040881540089481694,0.12686725449562064,0.13215684892031676,0.222976404496537,wm080_ws000_we020,grid,0.8,0.0,0.2,lm000_ls100_le000,0.15,0.7,0.15,0.0,1.0,0.0,4.789394365536296,0.1260583716410282,118.129206688321,0.0,1.0,0.0,0.0,0.0,0.0,2
rough_seed_18,rough_perlin,18,0.8,0.040881540089481694,0.12686725449562064,0.13215684892031676,0.222976404496537,wm060_ws040_we000,grid,0.6,0.4,0.0,lm000_ls100_le000,0.15,0.7,0.15,0.0,1.0,0.0,4.789394365536296,0.1260583716410282,118.129206688321,0.0,1.0,0.0,0.4,0.004,0.404,2
rough_seed_18,rough_perlin,18,0.8,0.040881540089481694,0.12686725449562064,0.13215684892031676,0.222976404496537,wm060_ws020_we020,grid,0.6,0.2,0.2,lm000_ls100_le000,0.15,0.7,0.15,0.0,1.0,0.0,4.789394365536296,0.1260583716410282,118.129206688321,0.0,1.0,0.0,0.2,0.002,0.202,2
rough_seed_18,rough_perlin,18,0.8,0.040881540089481694,0.12686725449562064,0.13215684892031676,0.222976404496537,wm060_ws000_we040,grid,0.6,0.0,0.4,lm000_ls100_le000,0.15,0.7,0.15,0.0,1.0,0.0,4.789394365536296,0.1260583716410282,118.129206688321,0.0,1.0,0.0,0.0,0.0,0.0,2
rough_seed_18,rough_perlin,18,0.8,0.040881540089481694,0.12686725449562064,0.13215684892031676,0.222976404496537,wm040_ws060_we000,grid,0.4,0.6,0.0,lm040_ls040_le020,0.37,0.37,0.26,0.4,0.4,0.2,4.8008529627643,0.12595293390731585,118.4896430274661,1.0,0.0,1.0,0.4,0.004,0.404,2
rough_seed_18,rough_perlin,18,0.8,0.040881540089481694,0.12686725449562064,0.13215684892031676,0.222976404496537,wm040_ws040_we020,grid,0.4,0.4,0.2,lm000_ls100_le000,0.15,0.7,0.15,0.0,1.0,0.0,4.789394365536296,0.1260583716410282,118.129206688321,0.0,1.0,0.0,0.4,0.004,0.404,2
rough_seed_18,rough_perlin,18,0.8,0.040881540089481694,0.12686725449562064,0.13215684892031676,0.222976404496537,wm040_ws020_we040,grid,0.4,0.2,0.4,lm000_ls100_le000,0.15,0.7,0.15,0.0,1.0,0.0,4.789394365536296,0.1260583716410282,118.129206688321,0.0,1.0,0.0,0.2,0.002,0.202,2
rough_seed_18,rough_perlin,18,0.8,0.040881540089481694,0.12686725449562064,0.13215684892031676,0.222976404496537,wm040_ws000_we060,grid,0.4,0.0,0.6,lm000_ls100_le000,0.15,0.7,0.15,0.0,1.0,0.0,4.789394365536296,0.1260583716410282,118.129206688321,0.0,1.0,0.0,0.0,0.0,0.0,2
rough_seed_18,rough_perlin,18,0.8,0.040881540089481694,0.12686725449562064,0.13215684892031676,0.222976404496537,wm020_ws080_we000,grid,0.2,0.8,0.0,lm040_ls040_le020,0.37,0.37,0.26,0.4,0.4,0.2,4.8008529627643,0.12595293390731585,118.4896430274661,1.0,0.0,1.0,0.2,0.002,0.202,2
rough_seed_18,rough_perlin,18,0.8,0.040881540089481694,0.12686725449562064,0.13215684892031676,0.222976404496537,wm020_ws060_we020,grid,0.2,0.6,0.2,lm040_ls040_le020,0.37,0.37,0.26,0.4,0.4,0.2,4.8008529627643,0.12595293390731585,118.4896430274661,1.0,0.0,1.0,0.2,0.004,0.20400000000000001,2
rough_seed_18,rough_perlin,18,0.8,0.040881540089481694,0.12686725449562064,0.13215684892031676,0.222976404496537,wm020_ws040_we040,grid,0.2,0.4,0.4,lm000_ls100_le000,0.15,0.7,0.15,0.0,1.0,0.0,4.789394365536296,0.1260583716410282,118.129206688321,0.0,1.0,0.0,0.4,0.004,0.404,2
rough_seed_18,rough_perlin,18,0.8,0.040881540089481694,0.12686725449562064,0.13215684892031676,0.222976404496537,wm020_ws020_we060,grid,0.2,0.2,0.6,lm000_ls100_le000,0.15,0.7,0.15,0.0,1.0,0.0,4.789394365536296,0.1260583716410282,118.129206688321,0.0,1.0,0.0,0.2,0.002,0.202,2
rough_seed_18,rough_perlin,18,0.8,0.040881540089481694,0.12686725449562064,0.13215684892031676,0.222976404496537,wm020_ws000_we080,grid,0.2,0.0,0.8,lm000_ls100_le000,0.15,0.7,0.15,0.0,1.0,0.0,4.789394365536296,0.1260583716410282,118.129206688321,0.0,1.0,0.0,0.0,0.0,0.0,2
rough_seed_18,rough_perlin,18,0.8,0.040881540089481694,0.12686725449562064,0.13215684892031676,0.222976404496537,wm000_ws100_we000,grid,0.0,1.0,0.0,lm040_ls040_le020,0.37,0.37,0.26,0.4,0.4,0.2,4.8008529627643,0.12595293390731585,118.4896430274661,1.0,0.0,1.0,0.0,0.0,0.0,2
rough_seed_18,rough_perlin,18,0.8,0.040881540089481694,0.12686725449562064,0.13215684892031676,0.222976404496537,wm000_ws080_we020,grid,0.0,0.8,0.2,lm040_ls040_le020,0.37,0.37,0.26,0.4,0.4,0.2,4.8008529627643,0.12595293390731585,118.4896430274661,1.0,0.0,1.0,0.2,0.002,0.202,2
rough_seed_18,rough_perlin,18,0.8,0.040881540089481694,0.12686725449562064,0.13215684892031676,0.222976404496537,wm000_ws060_we040,grid,0.0,0.6,0.4,lm040_ls040_le020,0.37,0.37,0.26,0.4,0.4,0.2,4.8008529627643,0.12595293390731585,118.4896430274661,1.0,0.0,1.0,0.4,0.004,0.404,2
rough_seed_18,rough_perlin,18,0.8,0.040881540089481694,0.12686725449562064,0.13215684892031676,0.222976404496537,wm000_ws040_we060,grid,0.0,0.4,0.6,lm000_ls100_le000,0.15,0.7,0.15,0.0,1.0,0.0,4.789394365536296,0.1260583716410282,118.129206688321,0.0,1.0,0.0,0.4,0.004,0.404,2
rough_seed_18,rough_perlin,18,0.8,0.040881540089481694,0.12686725449562064,0.13215684892031676,0.222976404496537,wm000_ws020_we080,grid,0.0,0.2,0.8,lm000_ls100_le000,0.15,0.7,0.15,0.0,1.0,0.0,4.789394365536296,0.1260583716410282,118.129206688321,0.0,1.0,0.0,0.2,0.002,0.202,2
rough_seed_18,rough_perlin,18,0.8,0.040881540089481694,0.12686725449562064,0.13215684892031676,0.222976404496537,wm000_ws000_we100,grid,0.0,0.0,1.0,lm000_ls100_le000,0.15,0.7,0.15,0.0,1.0,0.0,4.789394365536296,0.1260583716410282,118.129206688321,0.0,1.0,0.0,0.0,0.0,0.0,2
rough_seed_18,rough_perlin,18,0.8,0.040881540089481694,0.12686725449562064,0.13215684892031676,0.222976404496537,balanced,canonical,0.3333333333333333,0.3333333333333333,0.3333333333333333,lm000_ls100_le000,0.15,0.7,0.15,0.0,1.0,0.0,4.789394365536296,0.1260583716410282,118.129206688321,0.0,1.0,0.0,0.3333333333333333,0.003333333333333333,0.33666666666666667,2
rough_seed_18,rough_perlin,18,0.8,0.040881540089481694,0.12686725449562064,0.13215684892031676,0.222976404496537,motion,canonical,0.7,0.15,0.15,lm000_ls100_le000,0.15,0.7,0.15,0.0,1.0,0.0,4.789394365536296,0.1260583716410282,118.129206688321,0.0,1.0,0.0,0.15,0.0015,0.1515,2
rough_seed_18,rough_perlin,18,0.8,0.040881540089481694,0.12686725449562064,0.13215684892031676,0.222976404496537,stability,canonical,0.15,0.7,0.15,lm040_ls040_le020,0.37,0.37,0.26,0.4,0.4,0.2,4.8008529627643,0.12595293390731585,118.4896430274661,1.0,0.0,1.0,0.15,0.003,0.153,2
rough_seed_18,rough_perlin,18,0.8,0.040881540089481694,0.12686725449562064,0.13215684892031676,0.222976404496537,energy,canonical,0.15,0.15,0.7,lm000_ls100_le000,0.15,0.7,0.15,0.0,1.0,0.0,4.789394365536296,0.1260583716410282,118.129206688321,0.0,1.0,0.0,0.15,0.0015,0.1515,2
rough_seed_10,rough_perlin,10,0.8,0.05846809056280435,0.17162962913513188,0.14080927136506144,0.24579271241230943,wm100_ws000_we000,grid,1.0,0.0,0.0,lm060_ls040_le000,0.48,0.37,0.15,0.6,0.4,0.0,4.569619603168461,0.2078995034128659,120.1093855014548,0.0,1.0,0.602774713795833,0.0,0.0,0.0,10
rough_seed_10,rough_perlin,10,0.8,0.05846809056280435,0.17162962913513188,0.14080927136506144,0.24579271241230943,wm080_ws020_we000,grid,0.8,0.2,0.0,lm080_ls020_le000,0.59,0.26,0.15,0.8,0.2,0.0,4.576239499881036,0.19901623297028015,119.52297722918112,0.0573071874318159,0.4400242770046777,0.0,0.08800485540093556,0.0013385060534638826,0.08934336145439944,10
rough_seed_10,rough_perlin,10,0.8,0.05846809056280435,0.17162962913513188,0.14080927136506144,0.24579271241230943,wm080_ws000_we020,grid,0.8,0.0,0.2,lm100_ls000_le000,0.7,0.15,0.15,1.0,0.0,0.0,4.570768597586306,0.20654600779568358,119.65438407566458,0.009946626257242849,0.9146795437894999,0.13507436375814466,0.027014872751628935,0.00034972173757423215,0.027364594489203167,10
rough_seed_10,rough_perlin,10,0.8,0.05846809056280435,0.17162962913513188,0.14080927136506144,0.24579271241230943,wm060_ws040_we000,grid,0.6,0.4,0.0,lm080_ls000_le020,0.59,0.15,0.26,0.8,0.0,0.2,4.597349813957931,0.19714586609892165,119.89064264671882,0.24005516343135588,0.32212174912097097,0.3779268255709065,0.14403309805881354,0.002728817977072019,0.14676191603588556,10
rough_seed_10,rough_perlin,10,0.8,0.05846809056280435,0.17162962913513188,0.14080927136506144,0.24579271241230943,wm060_ws020_we020,grid,0.6,0.2,0.2,lm080_ls020_le000,0.59,0.26,0.15,0.8,0.2,0.0,4.576239499881036,0.19901623297028015,119.52297722918112,0.0573071874318159,0.4400242770046777,0.0,0.08800485540093556,0.001223891678600251,0.0892287470795358,10
rough_seed_10,rough_perlin,10,0.8,0.05846809056280435,0.17162962913513188,0.14080927136506144,0.24579271241230943,wm060_ws000_we040,grid,0.6,0.0,0.4,lm080_ls020_le000,0.59,0.26,0.15,0.8,0.2,0.0,4.576239499881036,0.19901623297028015,119.52297722918112,0.0573071874318159,0.4400242770046777,0.0,0.03438431245908954,0.00034384312459089536,0.034728155583680434,10
rough_seed_10,rough_perlin,10,0.8,0.05846809056280435,0.17162962913513188,0.14080927136506144,0.24579271241230943,wm040_ws060_we000,grid,0.4,0.6,0.0,lm020_ls040_le040,0.26,0.36999999999999994,0.37,0.2,0.4,0.4,4.612222633699654,0.19624613546259098,119.82066758581671,0.3688063366875006,0.26540532729900357,0.30599878617853193,0.15924319637940212,0.003067657310544024,0.16231085368994616,10
rough_seed_10,rough_perlin,10,0.8,0.05846809056280435,0.17162962913513188,0.14080927136506144,0.24579271241230943,wm040_ws040_we020,grid,0.4,0.4,0.2,lm060_ls020_le020,0.48,0.26,0.26,0.6,0.2,0.2,4.60080706113485,0.19676610497087565,119.65013952061307,0.2699838950367083,0.29818270396665325,0.13071134471946888,0.1192730815866613,0.002534089085452384,0.12180717067211369,10
rough_seed_10,rough_perlin,10,0.8,0.05846809056280435,0.17162962913513188,0.14080927136506144,0.24579271241230943,wm040_ws020_we040,grid,0.4,0.2,0.4,lm080_ls020_le000,0.59,0.26,0.15,0.8,0.2,0.0,4.576239499881036,0.19901623297028015,119.52297722918112,0.0573071874318159,0.4400242770046777,0.0,0.08800485540093556,0.001109277303736619,0.08911413270467218,10
rough_seed_10,rough_perlin,10,0.8,0.05846809056280435,0.17162962913513188,0.14080927136506144,0.24579271241230943,wm040_ws000_we060,grid,0.4,0.0,0.6,lm080_ls020_le000,0.59,0.26,0.15,0.8,0.2,0.0,4.576239499881036,0.19901623297028015,119.52297722918112,0.0573071874318159,0.4400242770046777,0.0,0.02292287497272636,0.0002292287497272636,0.023152103722453625,10
rough_seed_10,rough_perlin,10,0.8,0.05846809056280435,0.17162962913513188,0.14080927136506144,0.24579271241230943,wm020_ws080_we000,grid,0.2,0.8,0.0,lm040_ls000_le060,0.37,0.15,0.48,0.4,0.0,0.6,4.623341797005076,0.19503433081278268,120.06042649969177,0.46506281972573055,0.1890166606146675,0.5524492841066975,0.151213328491734,0.0024422589243688012,0.1536555874161028,10
rough_seed_10,rough_perlin,10,0.8,0.05846809056280435,0.17162962913513188,0.14080927136506144,0.24579271241230943,wm020_ws060_we020,grid,0.2,0.6,0.2,lm040_ls000_le060,0.37,0.15,0.48,0.4,0.0,0.6,4.623341797005076,0.19503433081278268,120.06042649969177,0.46506281972573055,0.1890166606146675,0.5524492841066975,0.11340999636880049,0.0031691241713528613,0.11657912054015335,10
rough_seed_10,rough_perlin,10,0.8,0.05846809056280435,0.17162962913513188,0.14080927136506144,0.24579271241230943,wm020_ws040_we040,grid,0.2,0.4,0.4,lm060_ls020_le020,0.48,0.26,0.26,0.6,0.2,0.2,4.60080706113485,0.19676610497087565,119.65013952061307,0.2699838950367083,0.29818270396665325,0.13071134471946888,0.1192730815866613,0.0022555439848179052,0.12152862557147921,10
rough_seed_10,rough_perlin,10,0.8,0.05846809056280435,0.17162962913513188,0.14080927136506144,0.24579271241230943,wm020_ws020_we060,grid,0.2,0.2,0.6,lm060_ls020_le020,0.48,0.26,0.26,0.6,0.2,0.2,4.60080706113485,0.19676610497087565,119.65013952061307,0.2699838950367083,0.29818270396665325,0.13071134471946888,0.07842680683168132,0.0019206012663235364,0.08034740809800486,10
rough_seed_10,rough_perlin,10,0.8,0.05846809056280435,0.17162962913513188,0.14080927136506144,0.24579271241230943,wm020_ws000_we080,grid,0.2,0.0,0.8,lm080_ls020_le000,0.59,0.26,0.15,0.8,0.2,0.0,4.576239499881036,0.19901623297028015,119.52297722918112,0.0573071874318159,0.4400242770046777,0.0,0.01146143748636318,0.0001146143748636318,0.011576051861226812,10
rough_seed_10,rough_perlin,10,0.8,0.05846809056280435,0.17162962913513188,0.14080927136506144,0.24579271241230943,wm000_ws100_we000,grid,0.0,1.0,0.0,lm000_ls000_le100,0.15,0.15,0.7,0.0,0.0,1.0,4.685135597047089,0.19203583276109382,120.49582539094442,1.0,0.0,1.0,0.0,0.0,0.0,10
rough_seed_10,rough_perlin,10,0.8,0.05846809056280435,0.17162962913513188,0.14080927136506144,0.24579271241230943,wm000_ws080_we020,grid,0.0,0.8,0.2,lm040_ls000_le060,0.37,0.15,0.48,0.4,0.0,0.6,4.623341797005076,0.19503433081278268,120.06042649969177,0.46506281972573055,0.1890166606146675,0.5524492841066975,0.151213328491734,0.0026170318531307346,0.15383036034486472,10
rough_seed_10,rough_perlin,10,0.8,0.05846809056280435,0.17162962913513188,0.14080927136506144,0.24579271241230943,wm000_ws060_we040,grid,0.0,0.6,0.4,lm020_ls040_le040,0.26,0.36999999999999994,0.37,0.2,0.4,0.4,4.612222633699654,0.19624613546259098,119.82066758581671,0.3688063366875006,0.26540532729900357,0.30599878617853193,0.15924319637940212,0.0028164271085081493,0.16205962348791028,10
rough_seed_10,rough_perlin,10,0.8,0.05846809056280435,0.17162962913513188,0.14080927136506144,0.24579271241230943,wm000_ws040_we060,grid,0.0,0.4,0.6,lm060_ls020_le020,0.48,0.26,0.26,0.6,0.2,0.2,4.60080706113485,0.19676610497087565,119.65013952061307,0.2699838950367083,0.29818270396665325,0.13071134471946888,0.1192730815866613,0.0019769988841834263,0.12125008047084473,10
rough_seed_10,rough_perlin,10,0.8,0.05846809056280435,0.17162962913513188,0.14080927136506144,0.24579271241230943,wm000_ws020_we080,grid,0.0,0.2,0.8,lm080_ls020_le000,0.59,0.26,0.15,0.8,0.2,0.0,4.576239499881036,0.19901623297028015,119.52297722918112,0.0573071874318159,0.4400242770046777,0.0,0.08800485540093556,0.0008800485540093556,0.08888490395494492,10
rough_seed_10,rough_perlin,10,0.8,0.05846809056280435,0.17162962913513188,0.14080927136506144,0.24579271241230943,wm000_ws000_we100,grid,0.0,0.0,1.0,lm080_ls020_le000,0.59,0.26,0.15,0.8,0.2,0.0,4.576239499881036,0.19901623297028015,119.52297722918112,0.0573071874318159,0.4400242770046777,0.0,0.0,0.0,0.0,10
rough_seed_10,rough_perlin,10,0.8,0.05846809056280435,0.17162962913513188,0.14080927136506144,0.24579271241230943,balanced,canonical,0.3333333333333333,0.3333333333333333,0.3333333333333333,lm060_ls020_le020,0.48,0.26,0.26,0.6,0.2,0.2,4.60080706113485,0.19676610497087565,119.65013952061307,0.2699838950367083,0.29818270396665325,0.13071134471946888,0.09939423465555108,0.002329593145742768,0.10172382780129385,10
rough_seed_10,rough_perlin,10,0.8,0.05846809056280435,0.17162962913513188,0.14080927136506144,0.24579271241230943,motion,canonical,0.7,0.15,0.15,lm080_ls020_le000,0.59,0.26,0.15,0.8,0.2,0.0,4.576239499881036,0.19901623297028015,119.52297722918112,0.0573071874318159,0.4400242770046777,0.0,0.06600364155070165,0.0010611867275297279,0.06706482827823138,10
rough_seed_10,rough_perlin,10,0.8,0.05846809056280435,0.17162962913513188,0.14080927136506144,0.24579271241230943,stability,canonical,0.15,0.7,0.15,lm040_ls000_le060,0.37,0.15,0.48,0.4,0.0,0.6,4.623341797005076,0.19503433081278268,120.06042649969177,0.46506281972573055,0.1890166606146675,0.5524492841066975,0.13231166243026724,0.0028493847800513147,0.13516104721031855,10
rough_seed_10,rough_perlin,10,0.8,0.05846809056280435,0.17162962913513188,0.14080927136506144,0.24579271241230943,energy,canonical,0.15,0.15,0.7,lm080_ls020_le000,0.59,0.26,0.15,0.8,0.2,0.0,4.576239499881036,0.19901623297028015,119.52297722918112,0.0573071874318159,0.4400242770046777,0.0,0.06600364155070165,0.0007459971966547403,0.0667496387473564,10
rough_seed_8,rough_perlin,8,0.8,0.03185586939267924,0.10211763763427734,0.13904054667983431,0.22890852594913713,wm100_ws000_we000,grid,1.0,0.0,0.0,lm080_ls020_le000,0.59,0.26,0.15,0.8,0.2,0.0,4.444756142384128,0.33030354465182266,129.48644624186608,0.0,0.0,1.0,0.0,0.0,0.0,3
rough_seed_8,rough_perlin,8,0.8,0.03185586939267924,0.10211763763427734,0.13904054667983431,0.22890852594913713,wm080_ws020_we000,grid,0.8,0.2,0.0,lm080_ls020_le000,0.59,0.26,0.15,0.8,0.2,0.0,4.444756142384128,0.33030354465182266,129.48644624186608,0.0,0.0,1.0,0.0,0.0,0.0,3
rough_seed_8,rough_perlin,8,0.8,0.03185586939267924,0.10211763763427734,0.13904054667983431,0.22890852594913713,wm080_ws000_we020,grid,0.8,0.0,0.2,lm100_ls000_le000,0.7,0.15,0.15,1.0,0.0,0.0,4.447584354173404,0.33596916088580847,129.17338671119546,0.23889378347076154,1.0,0.25547873057965836,0.19111502677660924,0.0024221077289254093,0.19353713450553464,3
rough_seed_8,rough_perlin,8,0.8,0.03185586939267924,0.10211763763427734,0.13904054667983431,0.22890852594913713,wm060_ws040_we000,grid,0.6,0.4,0.0,lm080_ls020_le000,0.59,0.26,0.15,0.8,0.2,0.0,4.444756142384128,0.33030354465182266,129.48644624186608,0.0,0.0,1.0,0.0,0.0,0.0,3
rough_seed_8,rough_perlin,8,0.8,0.03185586939267924,0.10211763763427734,0.13904054667983431,0.22890852594913713,wm060_ws020_we020,grid,0.6,0.2,0.2,lm080_ls020_le000,0.59,0.26,0.15,0.8,0.2,0.0,4.444756142384128,0.33030354465182266,129.48644624186608,0.0,0.0,1.0,0.2,0.002,0.202,3
rough_seed_8,rough_perlin,8,0.8,0.03185586939267924,0.10211763763427734,0.13904054667983431,0.22890852594913713,wm060_ws000_we040,grid,0.6,0.0,0.4,lm100_ls000_le000,0.7,0.15,0.15,1.0,0.0,0.0,4.447584354173404,0.33596916088580847,129.17338671119546,0.23889378347076154,1.0,0.25547873057965836,0.14333627008245692,0.002455277623143203,0.14579154770560013,3
rough_seed_8,rough_perlin,8,0.8,0.03185586939267924,0.10211763763427734,0.13904054667983431,0.22890852594913713,wm040_ws060_we000,grid,0.4,0.6,0.0,lm080_ls020_le000,0.59,0.26,0.15,0.8,0.2,0.0,4.444756142384128,0.33030354465182266,129.48644624186608,0.0,0.0,1.0,0.0,0.0,0.0,3
rough_seed_8,rough_perlin,8,0.8,0.03185586939267924,0.10211763763427734,0.13904054667983431,0.22890852594913713,wm040_ws040_we020,grid,0.4,0.4,0.2,lm080_ls020_le000,0.59,0.26,0.15,0.8,0.2,0.0,4.444756142384128,0.33030354465182266,129.48644624186608,0.0,0.0,1.0,0.2,0.002,0.202,3
rough_seed_8,rough_perlin,8,0.8,0.03185586939267924,0.10211763763427734,0.13904054667983431,0.22890852594913713,wm040_ws020_we040,grid,0.4,0.2,0.4,lm100_ls000_le000,0.7,0.15,0.15,1.0,0.0,0.0,4.447584354173404,0.33596916088580847,129.17338671119546,0.23889378347076154,1.0,0.25547873057965836,0.2,0.00397749005620168,0.2039774900562017,3
rough_seed_8,rough_perlin,8,0.8,0.03185586939267924,0.10211763763427734,0.13904054667983431,0.22890852594913713,wm040_ws000_we060,grid,0.4,0.0,0.6,lm100_ls000_le000,0.7,0.15,0.15,1.0,0.0,0.0,4.447584354173404,0.33596916088580847,129.17338671119546,0.23889378347076154,1.0,0.25547873057965836,0.153287238347795,0.0024884475173609965,0.155775685865156,3
rough_seed_8,rough_perlin,8,0.8,0.03185586939267924,0.10211763763427734,0.13904054667983431,0.22890852594913713,wm020_ws080_we000,grid,0.2,0.8,0.0,lm080_ls020_le000,0.59,0.26,0.15,0.8,0.2,0.0,4.444756142384128,0.33030354465182266,129.48644624186608,0.0,0.0,1.0,0.0,0.0,0.0,3
rough_seed_8,rough_perlin,8,0.8,0.03185586939267924,0.10211763763427734,0.13904054667983431,0.22890852594913713,wm020_ws060_we020,grid,0.2,0.6,0.2,lm080_ls020_le000,0.59,0.26,0.15,0.8,0.2,0.0,4.444756142384128,0.33030354465182266,129.48644624186608,0.0,0.0,1.0,0.2,0.002,0.202,3
rough_seed_8,rough_perlin,8,0.8,0.03185586939267924,0.10211763763427734,0.13904054667983431,0.22890852594913713,wm020_ws040_we040,grid,0.2,0.4,0.4,lm040_ls060_le000,0.37,0.48,0.15,0.4,0.6,0.0,4.456594925914559,0.3342342386703735,129.06596190712793,1.0,0.6937804920446508,0.0,0.2775121968178603,0.0047751219681786035,0.2822873187860389,3
rough_seed_8,rough_perlin,8,0.8,0.03185586939267924,0.10211763763427734,0.13904054667983431,0.22890852594913713,wm020_ws020_we060,grid,0.2,0.2,0.6,lm040_ls060_le000,0.37,0.48,0.15,0.4,0.6,0.0,4.456594925914559,0.3342342386703735,129.06596190712793,1.0,0.6937804920446508,0.0,0.2,0.0033875609840893018,0.2033875609840893,3
rough_seed_8,rough_perlin,8,0.8,0.03185586939267924,0.10211763763427734,0.13904054667983431,0.22890852594913713,wm020_ws000_we080,grid,0.2,0.0,0.8,lm040_ls060_le000,0.37,0.48,0.15,0.4,0.6,0.0,4.456594925914559,0.3342342386703735,129.06596190712793,1.0,0.6937804920446508,0.0,0.2,0.002,0.202,3
rough_seed_8,rough_perlin,8,0.8,0.03185586939267924,0.10211763763427734,0.13904054667983431,0.22890852594913713,wm000_ws100_we000,grid,0.0,1.0,0.0,lm080_ls020_le000,0.59,0.26,0.15,0.8,0.2,0.0,4.444756142384128,0.33030354465182266,129.48644624186608,0.0,0.0,1.0,0.0,0.0,0.0,3
rough_seed_8,rough_perlin,8,0.8,0.03185586939267924,0.10211763763427734,0.13904054667983431,0.22890852594913713,wm000_ws080_we020,grid,0.0,0.8,0.2,lm080_ls020_le000,0.59,0.26,0.15,0.8,0.2,0.0,4.444756142384128,0.33030354465182266,129.48644624186608,0.0,0.0,1.0,0.2,0.002,0.202,3
rough_seed_8,rough_perlin,8,0.8,0.03185586939267924,0.10211763763427734,0.13904054667983431,0.22890852594913713,wm000_ws060_we040,grid,0.0,0.6,0.4,lm080_ls020_le000,0.59,0.26,0.15,0.8,0.2,0.0,4.444756142384128,0.33030354465182266,129.48644624186608,0.0,0.0,1.0,0.4,0.004,0.404,3
rough_seed_8,rough_perlin,8,0.8,0.03185586939267924,0.10211763763427734,0.13904054667983431,0.22890852594913713,wm000_ws040_we060,grid,0.0,0.4,0.6,lm040_ls060_le000,0.37,0.48,0.15,0.4,0.6,0.0,4.456594925914559,0.3342342386703735,129.06596190712793,1.0,0.6937804920446508,0.0,0.2775121968178603,0.0027751219681786034,0.2802873187860389,3
rough_seed_8,rough_perlin,8,0.8,0.03185586939267924,0.10211763763427734,0.13904054667983431,0.22890852594913713,wm000_ws020_we080,grid,0.0,0.2,0.8,lm040_ls060_le000,0.37,0.48,0.15,0.4,0.6,0.0,4.456594925914559,0.3342342386703735,129.06596190712793,1.0,0.6937804920446508,0.0,0.13875609840893016,0.0013875609840893017,0.14014365939301945,3
rough_seed_8,rough_perlin,8,0.8,0.03185586939267924,0.10211763763427734,0.13904054667983431,0.22890852594913713,wm000_ws000_we100,grid,0.0,0.0,1.0,lm040_ls060_le000,0.37,0.48,0.15,0.4,0.6,0.0,4.456594925914559,0.3342342386703735,129.06596190712793,1.0,0.6937804920446508,0.0,0.0,0.0,0.0,3
rough_seed_8,rough_perlin,8,0.8,0.03185586939267924,0.10211763763427734,0.13904054667983431,0.22890852594913713,balanced,canonical,0.3333333333333333,0.3333333333333333,0.3333333333333333,lm080_ls020_le000,0.59,0.26,0.15,0.8,0.2,0.0,4.444756142384128,0.33030354465182266,129.48644624186608,0.0,0.0,1.0,0.3333333333333333,0.003333333333333333,0.33666666666666667,3
rough_seed_8,rough_perlin,8,0.8,0.03185586939267924,0.10211763763427734,0.13904054667983431,0.22890852594913713,motion,canonical,0.7,0.15,0.15,lm080_ls020_le000,0.59,0.26,0.15,0.8,0.2,0.0,4.444756142384128,0.33030354465182266,129.48644624186608,0.0,0.0,1.0,0.15,0.0015,0.1515,3
rough_seed_8,rough_perlin,8,0.8,0.03185586939267924,0.10211763763427734,0.13904054667983431,0.22890852594913713,stability,canonical,0.15,0.7,0.15,lm080_ls020_le000,0.59,0.26,0.15,0.8,0.2,0.0,4.444756142384128,0.33030354465182266,129.48644624186608,0.0,0.0,1.0,0.15,0.0015,0.1515,3
rough_seed_8,rough_perlin,8,0.8,0.03185586939267924,0.10211763763427734,0.13904054667983431,0.22890852594913713,energy,canonical,0.15,0.15,0.7,lm040_ls060_le000,0.37,0.48,0.15,0.4,0.6,0.0,4.456594925914559,0.3342342386703735,129.06596190712793,1.0,0.6937804920446508,0.0,0.15,0.0025406707380669757,0.15254067073806696,3
rough_seed_22,rough_perlin,22,0.8,0.03229416988136743,0.10150000333786008,0.12706122492412386,0.18276942504797955,wm100_ws000_we000,grid,1.0,0.0,0.0,lm100_ls000_le000,0.7,0.15,0.15,1.0,0.0,0.0,4.456161709144545,0.2964430835008966,129.28814709489995,0.0,1.0,1.0,0.0,0.0,0.0,5
rough_seed_22,rough_perlin,22,0.8,0.03229416988136743,0.10150000333786008,0.12706122492412386,0.18276942504797955,wm080_ws020_we000,grid,0.8,0.2,0.0,lm080_ls020_le000,0.59,0.26,0.15,0.8,0.2,0.0,4.456668388036517,0.2963974944787562,129.2842094569742,0.010989150229293988,0.989985602786431,0.9946846043621045,0.19799712055728622,0.002067884407407214,0.20006500496469343,5
rough_seed_22,rough_perlin,22,0.8,0.03229416988136743,0.10150000333786008,0.12706122492412386,0.18276942504797955,wm080_ws000_we020,grid,0.8,0.0,0.2,lm080_ls020_le000,0.59,0.26,0.15,0.8,0.2,0.0,4.456668388036517,0.2963974944787562,129.2842094569742,0.010989150229293988,0.989985602786431,0.9946846043621045,0.1989369208724209,0.0020772824105585613,0.20101420328297948,5
rough_seed_22,rough_perlin,22,0.8,0.03229416988136743,0.10150000333786008,0.12706122492412386,0.18276942504797955,wm060_ws040_we000,grid,0.6,0.4,0.0,lm080_ls000_le020,0.59,0.15,0.26,0.8,0.0,0.2,4.470183615390527,0.29495220848078,129.24610823731513,0.30411536118724497,0.672504169945773,0.9432519788661281,0.2690016679783092,0.004514708846906562,0.2735163768252158,5
rough_seed_22,rough_perlin,22,0.8,0.03229416988136743,0.10150000333786008,0.12706122492412386,0.18276942504797955,wm060_ws020_we020,grid,0.6,0.2,0.2,lm080_ls000_le020,0.59,0.15,0.26,0.8,0.0,0.2,4.470183615390527,0.29495220848078,129.24610823731513,0.30411536118724497,0.672504169945773,0.9432519788661281,0.18865039577322562,0.005056204464747272,0.1937066002379729,5
rough_seed_22,rough_perlin,22,0.8,0.03229416988136743,0.10150000333786008,0.12706122492412386,0.18276942504797955,wm060_ws000_we040,grid,0.6,0.0,0.4,lm040_ls040_le020,0.37,0.37,0.26,0.4,0.4,0.2,4.479937564591411,0.29399359329797875,128.9740738343802,0.5156647562688486,0.46192818553526344,0.576034244279939,0.3093988537613091,0.005398125514732848,0.31479697927604194,5
rough_seed_22,rough_perlin,22,0.8,0.03229416988136743,0.10150000333786008,0.12706122492412386,0.18276942504797955,wm040_ws060_we000,grid,0.4,0.6,0.0,lm040_ls040_le020,0.37,0.37,0.26,0.4,0.4,0.2,4.479937564591411,0.29399359329797875,128.9740738343802,0.5156647562688486,0.46192818553526344,0.576034244279939,0.27715691132115805,0.004834228138286974,0.28199113945944504,5
rough_seed_22,rough_perlin,22,0.8,0.03229416988136743,0.10150000333786008,0.12706122492412386,0.18276942504797955,wm040_ws040_we020,grid,0.4,0.4,0.2,lm040_ls040_le020,0.37,0.37,0.26,0.4,0.4,0.2,4.479937564591411,0.29399359329797875,128.9740738343802,0.5156647562688486,0.46192818553526344,0.576034244279939,0.20626590250753943,0.005062440255776326,0.21132834276331575,5
rough_seed_22,rough_perlin,22,0.8,0.03229416988136743,0.10150000333786008,0.12706122492412386,0.18276942504797955,wm040_ws020_we040,grid,0.4,0.2,0.4,lm040_ls040_le020,0.37,0.37,0.26,0.4,0.4,0.2,4.479937564591411,0.29399359329797875,128.9740738343802,0.5156647562688486,0.46192818553526344,0.576034244279939,0.23041369771197562,0.005290652373265678,0.2357043500852413,5
rough_seed_22,rough_perlin,22,0.8,0.03229416988136743,0.10150000333786008,0.12706122492412386,0.18276942504797955,wm040_ws000_we060,grid,0.4,0.0,0.6,lm040_ls040_le020,0.37,0.37,0.26,0.4,0.4,0.2,4.479937564591411,0.29399359329797875,128.9740738343802,0.5156647562688486,0.46192818553526344,0.576034244279939,0.34562054656796337,0.005518864490755028,0.3511394110587184,5
rough_seed_22,rough_perlin,22,0.8,0.03229416988136743,0.10150000333786008,0.12706122492412386,0.18276942504797955,wm020_ws080_we000,grid,0.2,0.8,0.0,lm040_ls020_le040,0.36999999999999994,0.26,0.37,0.4,0.2,0.4,4.502268904095968,0.2918907353996407,128.5473484424561,1.0,0.0,0.0,0.2,0.002,0.202,5
rough_seed_22,rough_perlin,22,0.8,0.03229416988136743,0.10150000333786008,0.12706122492412386,0.18276942504797955,wm020_ws060_we020,grid,0.2,0.6,0.2,lm040_ls020_le040,0.36999999999999994,0.26,0.37,0.4,0.2,0.4,4.502268904095968,0.2918907353996407,128.5473484424561,1.0,0.0,0.0,0.2,0.002,0.202,5
rough_seed_22,rough_perlin,22,0.8,0.03229416988136743,0.10150000333786008,0.12706122492412386,0.18276942504797955,wm020_ws040_we040,grid,0.2,0.4,0.4,lm040_ls020_le040,0.36999999999999994,0.26,0.37,0.4,0.2,0.4,4.502268904095968,0.2918907353996407,128.5473484424561,1.0,0.0,0.0,0.2,0.002,0.202,5
rough_seed_22,rough_perlin,22,0.8,0.03229416988136743,0.10150000333786008,0.12706122492412386,0.18276942504797955,wm020_ws020_we060,grid,0.2,0.2,0.6,lm040_ls020_le040,0.36999999999999994,0.26,0.37,0.4,0.2,0.4,4.502268904095968,0.2918907353996407,128.5473484424561,1.0,0.0,0.0,0.2,0.002,0.202,5
rough_seed_22,rough_perlin,22,0.8,0.03229416988136743,0.10150000333786008,0.12706122492412386,0.18276942504797955,wm020_ws000_we080,grid,0.2,0.0,0.8,lm040_ls020_le040,0.36999999999999994,0.26,0.37,0.4,0.2,0.4,4.502268904095968,0.2918907353996407,128.5473484424561,1.0,0.0,0.0,0.2,0.002,0.202,5
rough_seed_22,rough_perlin,22,0.8,0.03229416988136743,0.10150000333786008,0.12706122492412386,0.18276942504797955,wm000_ws100_we000,grid,0.0,1.0,0.0,lm040_ls020_le040,0.36999999999999994,0.26,0.37,0.4,0.2,0.4,4.502268904095968,0.2918907353996407,128.5473484424561,1.0,0.0,0.0,0.0,0.0,0.0,5
rough_seed_22,rough_perlin,22,0.8,0.03229416988136743,0.10150000333786008,0.12706122492412386,0.18276942504797955,wm000_ws080_we020,grid,0.0,0.8,0.2,lm040_ls020_le040,0.36999999999999994,0.26,0.37,0.4,0.2,0.4,4.502268904095968,0.2918907353996407,128.5473484424561,1.0,0.0,0.0,0.0,0.0,0.0,5
rough_seed_22,rough_perlin,22,0.8,0.03229416988136743,0.10150000333786008,0.12706122492412386,0.18276942504797955,wm000_ws060_we040,grid,0.0,0.6,0.4,lm040_ls020_le040,0.36999999999999994,0.26,0.37,0.4,0.2,0.4,4.502268904095968,0.2918907353996407,128.5473484424561,1.0,0.0,0.0,0.0,0.0,0.0,5
rough_seed_22,rough_perlin,22,0.8,0.03229416988136743,0.10150000333786008,0.12706122492412386,0.18276942504797955,wm000_ws040_we060,grid,0.0,0.4,0.6,lm040_ls020_le040,0.36999999999999994,0.26,0.37,0.4,0.2,0.4,4.502268904095968,0.2918907353996407,128.5473484424561,1.0,0.0,0.0,0.0,0.0,0.0,5
rough_seed_22,rough_perlin,22,0.8,0.03229416988136743,0.10150000333786008,0.12706122492412386,0.18276942504797955,wm000_ws020_we080,grid,0.0,0.2,0.8,lm040_ls020_le040,0.36999999999999994,0.26,0.37,0.4,0.2,0.4,4.502268904095968,0.2918907353996407,128.5473484424561,1.0,0.0,0.0,0.0,0.0,0.0,5
rough_seed_22,rough_perlin,22,0.8,0.03229416988136743,0.10150000333786008,0.12706122492412386,0.18276942504797955,wm000_ws000_we100,grid,0.0,0.0,1.0,lm040_ls020_le040,0.36999999999999994,0.26,0.37,0.4,0.2,0.4,4.502268904095968,0.2918907353996407,128.5473484424561,1.0,0.0,0.0,0.0,0.0,0.0,5
rough_seed_22,rough_perlin,22,0.8,0.03229416988136743,0.10150000333786008,0.12706122492412386,0.18276942504797955,balanced,canonical,0.3333333333333333,0.3333333333333333,0.3333333333333333,lm040_ls040_le020,0.37,0.37,0.26,0.4,0.4,0.2,4.479937564591411,0.29399359329797875,128.9740738343802,0.5156647562688486,0.46192818553526344,0.576034244279939,0.19201141475997965,0.005178757286946836,0.1971901720469265,5
rough_seed_22,rough_perlin,22,0.8,0.03229416988136743,0.10150000333786008,0.12706122492412386,0.18276942504797955,motion,canonical,0.7,0.15,0.15,lm080_ls020_le000,0.59,0.26,0.15,0.8,0.2,0.0,4.456668388036517,0.2963974944787562,129.2842094569742,0.010989150229293988,0.989985602786431,0.9946846043621045,0.14920269065431566,0.003053929362327861,0.15225662001664353,5
rough_seed_22,rough_perlin,22,0.8,0.03229416988136743,0.10150000333786008,0.12706122492412386,0.18276942504797955,stability,canonical,0.15,0.7,0.15,lm040_ls020_le040,0.36999999999999994,0.26,0.37,0.4,0.2,0.4,4.502268904095968,0.2918907353996407,128.5473484424561,1.0,0.0,0.0,0.15,0.0015,0.1515,5
rough_seed_22,rough_perlin,22,0.8,0.03229416988136743,0.10150000333786008,0.12706122492412386,0.18276942504797955,energy,canonical,0.15,0.15,0.7,lm040_ls020_le040,0.36999999999999994,0.26,0.37,0.4,0.2,0.4,4.502268904095968,0.2918907353996407,128.5473484424561,1.0,0.0,0.0,0.15,0.0015,0.1515,5
rough_seed_20,rough_perlin,20,0.8,0.033410253635635344,0.11250001311302188,0.12017198228655322,0.20563640721785,wm100_ws000_we000,grid,1.0,0.0,0.0,lm100_ls000_le000,0.7,0.15,0.15,1.0,0.0,0.0,4.632606806971819,0.22774435576043645,124.89680162820964,0.0,0.9724201115942989,1.0,0.0,0.0,0.0,10
rough_seed_20,rough_perlin,20,0.8,0.033410253635635344,0.11250001311302188,0.12017198228655322,0.20563640721785,wm080_ws020_we000,grid,0.8,0.2,0.0,lm080_ls000_le020,0.59,0.15,0.26,0.8,0.0,0.2,4.653643761720578,0.2256445447741865,124.09587526982506,0.1489577839519375,0.686369506354017,0.39891645239527207,0.13727390127080338,0.0025644012843235343,0.13983830255512691,10
rough_seed_20,rough_perlin,20,0.8,0.033410253635635344,0.11250001311302188,0.12017198228655322,0.20563640721785,wm080_ws000_we020,grid,0.8,0.0,0.2,lm060_ls020_le020,0.48,0.26,0.26,0.6,0.2,0.2,4.653064797098879,0.22594165068589384,123.5643306903904,0.14485827011712582,0.7268433044343523,0.0,0.11588661609370066,0.0011588661609370065,0.11704548225463766,10
rough_seed_20,rough_perlin,20,0.8,0.033410253635635344,0.11250001311302188,0.12017198228655322,0.20563640721785,wm060_ws040_we000,grid,0.6,0.4,0.0,lm000_ls060_le040,0.15,0.48,0.37,0.0,0.6,0.4,4.689046959565302,0.22455241439048165,124.31669622533967,0.39963959406864585,0.537592040522202,0.5646393580490444,0.2397837564411875,0.004548205726500683,0.24433196216768818,10
rough_seed_20,rough_perlin,20,0.8,0.033410253635635344,0.11250001311302188,0.12017198228655322,0.20563640721785,wm060_ws020_we020,grid,0.6,0.2,0.2,lm080_ls000_le020,0.59,0.15,0.26,0.8,0.0,0.2,4.653643761720578,0.2256445447741865,124.09587526982506,0.1489577839519375,0.686369506354017,0.39891645239527207,0.13727390127080338,0.003064318621210203,0.1403382198920136,10
rough_seed_20,rough_perlin,20,0.8,0.033410253635635344,0.11250001311302188,0.12017198228655322,0.20563640721785,wm060_ws000_we040,grid,0.6,0.0,0.4,lm060_ls020_le020,0.48,0.26,0.26,0.6,0.2,0.2,4.653064797098879,0.22594165068589384,123.5643306903904,0.14485827011712582,0.7268433044343523,0.0,0.08691496207027549,0.000869149620702755,0.08778411169097824,10
rough_seed_20,rough_perlin,20,0.8,0.033410253635635344,0.11250001311302188,0.12017198228655322,0.20563640721785,wm040_ws060_we000,grid,0.4,0.6,0.0,lm060_ls000_le040,0.48,0.15,0.37,0.6,0.0,0.4,4.69449204661985,0.22263975962947358,124.60589204951746,0.43819498912261073,0.2770371355404156,0.7816766051436057,0.1752779956490443,0.0034150027697329366,0.17869299841877725,10
rough_seed_20,rough_perlin,20,0.8,0.033410253635635344,0.11250001311302188,0.12017198228655322,0.20563640721785,wm040_ws040_we020,grid,0.4,0.4,0.2,lm040_ls020_le040,0.36999999999999994,0.26,0.37,0.4,0.2,0.4,4.694172049186776,0.223130957255502,124.62100464834357,0.4359291617217268,0.3439514336072868,0.7930183900915317,0.17437166468869073,0.004705559161499118,0.17907722385018984,10
rough_seed_20,rough_perlin,20,0.8,0.033410253635635344,0.11250001311302188,0.12017198228655322,0.20563640721785,wm040_ws020_we040,grid,0.4,0.2,0.4,lm060_ls020_le020,0.48,0.26,0.26,0.6,0.2,0.2,4.653064797098879,0.22594165068589384,123.5643306903904,0.14485827011712582,0.7268433044343523,0.0,0.14536866088687048,0.002033119689337208,0.14740178057620767,10
rough_seed_20,rough_perlin,20,0.8,0.033410253635635344,0.11250001311302188,0.12017198228655322,0.20563640721785,wm040_ws000_we060,grid,0.4,0.0,0.6,lm060_ls020_le020,0.48,0.26,0.26,0.6,0.2,0.2,4.653064797098879,0.22594165068589384,123.5643306903904,0.14485827011712582,0.7268433044343523,0.0,0.05794330804685033,0.0005794330804685032,0.05852274112731883,10
rough_seed_20,rough_perlin,20,0.8,0.033410253635635344,0.11250001311302188,0.12017198228655322,0.20563640721785,wm020_ws080_we000,grid,0.2,0.8,0.0,lm020_ls020_le060,0.26,0.26,0.48,0.2,0.2,0.6,4.711183986058905,0.2212657703125307,124.442971800544,0.5563867301990284,0.08986291925197469,0.6594073350609846,0.11127734603980569,0.0018316768144138547,0.11310902285421955,10
rough_seed_20,rough_perlin,20,0.8,0.033410253635635344,0.11250001311302188,0.12017198228655322,0.20563640721785,wm020_ws060_we020,grid,0.2,0.6,0.2,lm000_ls040_le060,0.15,0.37,0.48,0.0,0.4,0.6,4.712808678229512,0.22104403699526398,124.43102241725964,0.5678907975998506,0.05965689117544133,0.6504394972303772,0.13008789944607543,0.0027946019367131036,0.13288250138278854,10
rough_seed_20,rough_perlin,20,0.8,0.033410253635635344,0.11250001311302188,0.12017198228655322,0.20563640721785,wm020_ws040_we040,grid,0.2,0.4,0.4,lm000_ls060_le040,0.15,0.48,0.37,0.0,0.6,0.4,4.689046959565302,0.22455241439048165,124.31669622533967,0.39963959406864585,0.537592040522202,0.5646393580490444,0.22585574321961777,0.005208204782422278,0.23106394800204005,10
rough_seed_20,rough_perlin,20,0.8,0.033410253635635344,0.11250001311302188,0.12017198228655322,0.20563640721785,wm020_ws020_we060,grid,0.2,0.2,0.6,lm060_ls020_le020,0.48,0.26,0.26,0.6,0.2,0.2,4.653064797098879,0.22594165068589384,123.5643306903904,0.14485827011712582,0.7268433044343523,0.0,0.14536866088687048,0.0017434031491029565,0.14711206403597343,10
rough_seed_20,rough_perlin,20,0.8,0.033410253635635344,0.11250001311302188,0.12017198228655322,0.20563640721785,wm020_ws000_we080,grid,0.2,0.0,0.8,lm060_ls020_le020,0.48,0.26,0.26,0.6,0.2,0.2,4.653064797098879,0.22594165068589384,123.5643306903904,0.14485827011712582,0.7268433044343523,0.0,0.028971654023425164,0.0002897165402342516,0.029261370563659416,10
rough_seed_20,rough_perlin,20,0.8,0.033410253635635344,0.11250001311302188,0.12017198228655322,0.20563640721785,wm000_ws100_we000,grid,0.0,1.0,0.0,lm000_ls000_le100,0.15,0.15,0.7,0.0,0.0,1.0,4.773834436644039,0.2206061137984559,124.84191224528043,1.0,0.0,0.9588063188687238,0.0,0.0,0.0,10
rough_seed_20,rough_perlin,20,0.8,0.033410253635635344,0.11250001311302188,0.12017198228655322,0.20563640721785,wm000_ws080_we020,grid,0.0,0.8,0.2,lm000_ls040_le060,0.15,0.37,0.48,0.0,0.4,0.6,4.712808678229512,0.22104403699526398,124.43102241725964,0.5678907975998506,0.05965689117544133,0.6504394972303772,0.13008789944607543,0.0017781341238642852,0.13186603356993973,10
rough_seed_20,rough_perlin,20,0.8,0.033410253635635344,0.11250001311302188,0.12017198228655322,0.20563640721785,wm000_ws060_we040,grid,0.0,0.6,0.4,lm000_ls040_le060,0.15,0.37,0.48,0.0,0.4,0.6,4.712808678229512,0.22104403699526398,124.43102241725964,0.5678907975998506,0.05965689117544133,0.6504394972303772,0.26017579889215087,0.0029596993359741566,0.26313549822812504,10
rough_seed_20,rough_perlin,20,0.8,0.033410253635635344,0.11250001311302188,0.12017198228655322,0.20563640721785,wm000_ws040_we060,grid,0.0,0.4,0.6,lm080_ls000_le020,0.59,0.15,0.26,0.8,0.0,0.2,4.653643761720578,0.2256445447741865,124.09587526982506,0.1489577839519375,0.686369506354017,0.39891645239527207,0.27454780254160677,0.0051389767397877,0.27968677928139446,10
rough_seed_20,rough_perlin,20,0.8,0.033410253635635344,0.11250001311302188,0.12017198228655322,0.20563640721785,wm000_ws020_we080,grid,0.0,0.2,0.8,lm060_ls020_le020,0.48,0.26,0.26,0.6,0.2,0.2,4.653064797098879,0.22594165068589384,123.5643306903904,0.14485827011712582,0.7268433044343523,0.0,0.14536866088687048,0.0014536866088687048,0.1468223474957392,10
rough_seed_20,rough_perlin,20,0.8,0.033410253635635344,0.11250001311302188,0.12017198228655322,0.20563640721785,wm000_ws000_we100,grid,0.0,0.0,1.0,lm060_ls020_le020,0.48,0.26,0.26,0.6,0.2,0.2,4.653064797098879,0.22594165068589384,123.5643306903904,0.14485827011712582,0.7268433044343523,0.0,0.0,0.0,0.0,10
rough_seed_20,rough_perlin,20,0.8,0.033410253635635344,0.11250001311302188,0.12017198228655322,0.20563640721785,balanced,canonical,0.3333333333333333,0.3333333333333333,0.3333333333333333,lm000_ls060_le040,0.15,0.48,0.37,0.0,0.6,0.4,4.689046959565302,0.22455241439048165,124.31669622533967,0.39963959406864585,0.537592040522202,0.5646393580490444,0.18821311934968146,0.005006236642132974,0.19321935599181445,10
rough_seed_20,rough_perlin,20,0.8,0.033410253635635344,0.11250001311302188,0.12017198228655322,0.20563640721785,motion,canonical,0.7,0.15,0.15,lm080_ls000_le020,0.59,0.15,0.26,0.8,0.0,0.2,4.653643761720578,0.2256445447741865,124.09587526982506,0.1489577839519375,0.686369506354017,0.39891645239527207,0.10427044876635626,0.0026706334257874964,0.10694108219214375,10
rough_seed_20,rough_perlin,20,0.8,0.033410253635635344,0.11250001311302188,0.12017198228655322,0.20563640721785,stability,canonical,0.15,0.7,0.15,lm000_ls040_le060,0.15,0.37,0.48,0.0,0.4,0.6,4.712808678229512,0.22104403699526398,124.43102241725964,0.5678907975998506,0.05965689117544133,0.6504394972303772,0.09756592458455658,0.002245093680473431,0.09981101826503001,10
rough_seed_20,rough_perlin,20,0.8,0.033410253635635344,0.11250001311302188,0.12017198228655322,0.20563640721785,energy,canonical,0.15,0.15,0.7,lm060_ls020_le020,0.48,0.26,0.26,0.6,0.2,0.2,4.653064797098879,0.22594165068589384,123.5643306903904,0.14485827011712582,0.7268433044343523,0.0,0.10902649566515284,0.0013075523618272173,0.11033404802698005,10
rough_seed_28,rough_perlin,28,0.8,0.04496555643989241,0.13832479476928705,0.1352546070971019,0.22898015455671245,wm100_ws000_we000,grid,1.0,0.0,0.0,lm100_ls000_le000,0.7,0.15,0.15,1.0,0.0,0.0,4.683081145864362,0.25368674993953216,119.71966610602774,0.0,1.0,1.0,0.0,0.0,0.0,5
rough_seed_28,rough_perlin,28,0.8,0.04496555643989241,0.13832479476928705,0.1352546070971019,0.22898015455671245,wm080_ws020_we000,grid,0.8,0.2,0.0,lm060_ls040_le000,0.48,0.37,0.15,0.6,0.4,0.0,4.683597651869422,0.25357164773810215,119.64963779012226,0.017290715137091857,0.5671160513923715,0.7282364576305951,0.11342321027847431,0.0012725578238814781,0.1146957681023558,5
rough_seed_28,rough_perlin,28,0.8,0.04496555643989241,0.13832479476928705,0.1352546070971019,0.22898015455671245,wm080_ws000_we020,grid,0.8,0.0,0.2,lm040_ls060_le000,0.37,0.48,0.15,0.4,0.6,0.0,4.6879853814544115,0.2535723489037948,119.63659923958275,0.16417571087646976,0.5697530415619931,0.6776368874972689,0.1355273774994538,0.002668679462006296,0.1381960569614601,5
rough_seed_28,rough_perlin,28,0.8,0.04496555643989241,0.13832479476928705,0.1352546070971019,0.22898015455671245,wm060_ws040_we000,grid,0.6,0.4,0.0,lm000_ls100_le000,0.15,0.7,0.15,0.0,1.0,0.0,4.690127526392075,0.25342085372924245,119.48860342430275,0.23588681885320262,0.0,0.10329968551997849,0.14153209131192157,0.0014153209131192157,0.1429474122250408,5
rough_seed_28,rough_perlin,28,0.8,0.04496555643989241,0.13832479476928705,0.1352546070971019,0.22898015455671245,wm060_ws020_we020,grid,0.6,0.2,0.2,lm040_ls060_le000,0.37,0.48,0.15,0.4,0.6,0.0,4.6879853814544115,0.2535723489037948,119.63659923958275,0.16417571087646976,0.5697530415619931,0.6776368874972689,0.1355273774994538,0.003479834123377343,0.13900721162283114,5
rough_seed_28,rough_perlin,28,0.8,0.04496555643989241,0.13832479476928705,0.1352546070971019,0.22898015455671245,wm060_ws000_we040,grid,0.6,0.0,0.4,lm000_ls100_le000,0.15,0.7,0.15,0.0,1.0,0.0,4.690127526392075,0.25342085372924245,119.48860342430275,0.23588681885320262,0.0,0.10329968551997849,0.14153209131192157,0.0018285196551991298,0.1433606109671207,5
rough_seed_28,rough_perlin,28,0.8,0.04496555643989241,0.13832479476928705,0.1352546070971019,0.22898015455671245,wm040_ws060_we000,grid,0.4,0.6,0.0,lm000_ls100_le000,0.15,0.7,0.15,0.0,1.0,0.0,4.690127526392075,0.25342085372924245,119.48860342430275,0.23588681885320262,0.0,0.10329968551997849,0.09435472754128105,0.0009435472754128105,0.09529827481669385,5
rough_seed_28,rough_perlin,28,0.8,0.04496555643989241,0.13832479476928705,0.1352546070971019,0.22898015455671245,wm040_ws040_we020,grid,0.4,0.4,0.2,lm000_ls100_le000,0.15,0.7,0.15,0.0,1.0,0.0,4.690127526392075,0.25342085372924245,119.48860342430275,0.23588681885320262,0.0,0.10329968551997849,0.09435472754128105,0.0011501466464527675,0.09550487418773382,5
rough_seed_28,rough_perlin,28,0.8,0.04496555643989241,0.13832479476928705,0.1352546070971019,0.22898015455671245,wm040_ws020_we040,grid,0.4,0.2,0.4,lm000_ls100_le000,0.15,0.7,0.15,0.0,1.0,0.0,4.690127526392075,0.25342085372924245,119.48860342430275,0.23588681885320262,0.0,0.10329968551997849,0.09435472754128105,0.0013567460174927245,0.09571147355877377,5
rough_seed_28,rough_perlin,28,0.8,0.04496555643989241,0.13832479476928705,0.1352546070971019,0.22898015455671245,wm040_ws000_we060,grid,0.4,0.0,0.6,lm000_ls100_le000,0.15,0.7,0.15,0.0,1.0,0.0,4.690127526392075,0.25342085372924245,119.48860342430275,0.23588681885320262,0.0,0.10329968551997849,0.09435472754128105,0.0015633453885326816,0.09591807292981373,5
rough_seed_28,rough_perlin,28,0.8,0.04496555643989241,0.13832479476928705,0.1352546070971019,0.22898015455671245,wm020_ws080_we000,grid,0.2,0.8,0.0,lm000_ls100_le000,0.15,0.7,0.15,0.0,1.0,0.0,4.690127526392075,0.25342085372924245,119.48860342430275,0.23588681885320262,0.0,0.10329968551997849,0.047177363770640524,0.00047177363770640524,0.04764913740834693,5
rough_seed_28,rough_perlin,28,0.8,0.04496555643989241,0.13832479476928705,0.1352546070971019,0.22898015455671245,wm020_ws060_we020,grid,0.2,0.6,0.2,lm000_ls100_le000,0.15,0.7,0.15,0.0,1.0,0.0,4.690127526392075,0.25342085372924245,119.48860342430275,0.23588681885320262,0.0,0.10329968551997849,0.047177363770640524,0.0006783730087463623,0.047855736779386884,5
rough_seed_28,rough_perlin,28,0.8,0.04496555643989241,0.13832479476928705,0.1352546070971019,0.22898015455671245,wm020_ws040_we040,grid,0.2,0.4,0.4,lm000_ls100_le000,0.15,0.7,0.15,0.0,1.0,0.0,4.690127526392075,0.25342085372924245,119.48860342430275,0.23588681885320262,0.0,0.10329968551997849,0.047177363770640524,0.0008849723797863193,0.04806233615042684,5
rough_seed_28,rough_perlin,28,0.8,0.04496555643989241,0.13832479476928705,0.1352546070971019,0.22898015455671245,wm020_ws020_we060,grid,0.2,0.2,0.6,lm000_ls100_le000,0.15,0.7,0.15,0.0,1.0,0.0,4.690127526392075,0.25342085372924245,119.48860342430275,0.23588681885320262,0.0,0.10329968551997849,0.06197981131198709,0.0010915717508262763,0.06307138306281337,5
rough_seed_28,rough_perlin,28,0.8,0.04496555643989241,0.13832479476928705,0.1352546070971019,0.22898015455671245,wm020_ws000_we080,grid,0.2,0.0,0.8,lm000_ls100_le000,0.15,0.7,0.15,0.0,1.0,0.0,4.690127526392075,0.25342085372924245,119.48860342430275,0.23588681885320262,0.0,0.10329968551997849,0.0826397484159828,0.0012981711218662333,0.08393791953784904,5
rough_seed_28,rough_perlin,28,0.8,0.04496555643989241,0.13832479476928705,0.1352546070971019,0.22898015455671245,wm000_ws100_we000,grid,0.0,1.0,0.0,lm000_ls100_le000,0.15,0.7,0.15,0.0,1.0,0.0,4.690127526392075,0.25342085372924245,119.48860342430275,0.23588681885320262,0.0,0.10329968551997849,0.0,0.0,0.0,5
rough_seed_28,rough_perlin,28,0.8,0.04496555643989241,0.13832479476928705,0.1352546070971019,0.22898015455671245,wm000_ws080_we020,grid,0.0,0.8,0.2,lm000_ls100_le000,0.15,0.7,0.15,0.0,1.0,0.0,4.690127526392075,0.25342085372924245,119.48860342430275,0.23588681885320262,0.0,0.10329968551997849,0.0206599371039957,0.00020659937103995702,0.020866536475035658,5
rough_seed_28,rough_perlin,28,0.8,0.04496555643989241,0.13832479476928705,0.1352546070971019,0.22898015455671245,wm000_ws060_we040,grid,0.0,0.6,0.4,lm000_ls100_le000,0.15,0.7,0.15,0.0,1.0,0.0,4.690127526392075,0.25342085372924245,119.48860342430275,0.23588681885320262,0.0,0.10329968551997849,0.0413198742079914,0.00041319874207991405,0.041733072950071316,5
rough_seed_28,rough_perlin,28,0.8,0.04496555643989241,0.13832479476928705,0.1352546070971019,0.22898015455671245,wm000_ws040_we060,grid,0.0,0.4,0.6,lm000_ls100_le000,0.15,0.7,0.15,0.0,1.0,0.0,4.690127526392075,0.25342085372924245,119.48860342430275,0.23588681885320262,0.0,0.10329968551997849,0.06197981131198709,0.000619798113119871,0.06259960942510696,5
rough_seed_28,rough_perlin,28,0.8,0.04496555643989241,0.13832479476928705,0.1352546070971019,0.22898015455671245,wm000_ws020_we080,grid,0.0,0.2,0.8,lm000_ls080_le020,0.15,0.59,0.26,0.0,0.8,0.2,4.712953016458786,0.253494285357193,119.4619850525099,1.0,0.2761665082421718,0.0,0.05523330164843437,0.0005523330164843436,0.05578563466491871,5
rough_seed_28,rough_perlin,28,0.8,0.04496555643989241,0.13832479476928705,0.1352546070971019,0.22898015455671245,wm000_ws000_we100,grid,0.0,0.0,1.0,lm000_ls080_le020,0.15,0.59,0.26,0.0,0.8,0.2,4.712953016458786,0.253494285357193,119.4619850525099,1.0,0.2761665082421718,0.0,0.0,0.0,0.0,5
rough_seed_28,rough_perlin,28,0.8,0.04496555643989241,0.13832479476928705,0.1352546070971019,0.22898015455671245,balanced,canonical,0.3333333333333333,0.3333333333333333,0.3333333333333333,lm000_ls100_le000,0.15,0.7,0.15,0.0,1.0,0.0,4.690127526392075,0.25342085372924245,119.48860342430275,0.23588681885320262,0.0,0.10329968551997849,0.0786289396177342,0.0011306216812439372,0.07975956129897814,5
rough_seed_28,rough_perlin,28,0.8,0.04496555643989241,0.13832479476928705,0.1352546070971019,0.22898015455671245,motion,canonical,0.7,0.15,0.15,lm060_ls040_le000,0.48,0.37,0.15,0.6,0.4,0.0,4.683597651869422,0.25357164773810215,119.64963779012226,0.017290715137091857,0.5671160513923715,0.7282364576305951,0.10923546864458926,0.0020640637694940927,0.11129953241408336,5
rough_seed_28,rough_perlin,28,0.8,0.04496555643989241,0.13832479476928705,0.1352546070971019,0.22898015455671245,stability,canonical,0.15,0.7,0.15,lm000_ls100_le000,0.15,0.7,0.15,0.0,1.0,0.0,4.690127526392075,0.25342085372924245,119.48860342430275,0.23588681885320262,0.0,0.10329968551997849,0.03538302282798039,0.0005087797565597716,0.03589180258454017,5
rough_seed_28,rough_perlin,28,0.8,0.04496555643989241,0.13832479476928705,0.1352546070971019,0.22898015455671245,energy,canonical,0.15,0.15,0.7,lm000_ls100_le000,0.15,0.7,0.15,0.0,1.0,0.0,4.690127526392075,0.25342085372924245,119.48860342430275,0.23588681885320262,0.0,0.10329968551997849,0.07230977986398494,0.0010769280269196534,0.0733867078909046,5
rough_seed_17,rough_perlin,17,0.8,0.04138910317258634,0.12599998581409458,0.12457512674316608,0.19298766090581543,wm100_ws000_we000,grid,1.0,0.0,0.0,lm060_ls040_le000,0.48,0.37,0.15,0.6,0.4,0.0,4.536170285007224,0.21078932569042128,119.21540307542018,0.0,0.6046352986225292,0.9979711357216359,0.0,0.0,0.0,4
rough_seed_17,rough_perlin,17,0.8,0.04138910317258634,0.12599998581409458,0.12457512674316608,0.19298766090581543,wm080_ws020_we000,grid,0.8,0.2,0.0,lm100_ls000_le000,0.7,0.15,0.15,1.0,0.0,0.0,4.536187928264587,0.20992110271816597,118.9337447041707,0.0005123518609877983,0.09464123981968448,0.26922910332438293,0.018928247963936898,0.00019338129452727137,0.019121629258464168,4
rough_seed_17,rough_perlin,17,0.8,0.04138910317258634,0.12599998581409458,0.12457512674316608,0.19298766090581543,wm080_ws000_we020,grid,0.8,0.0,0.2,lm100_ls000_le000,0.7,0.15,0.15,1.0,0.0,0.0,4.536187928264587,0.20992110271816597,118.9337447041707,0.0005123518609877983,0.09464123981968448,0.26922910332438293,0.05384582066487659,0.0005425570215366682,0.054388377686413254,4
rough_seed_17,rough_perlin,17,0.8,0.04138910317258634,0.12599998581409458,0.12457512674316608,0.19298766090581543,wm060_ws040_we000,grid,0.6,0.4,0.0,lm100_ls000_le000,0.7,0.15,0.15,1.0,0.0,0.0,4.536187928264587,0.20992110271816597,118.9337447041707,0.0005123518609877983,0.09464123981968448,0.26922910332438293,0.037856495927873796,0.0003816390704446648,0.03823813499831846,4
rough_seed_17,rough_perlin,17,0.8,0.04138910317258634,0.12599998581409458,0.12457512674316608,0.19298766090581543,wm060_ws020_we020,grid,0.6,0.2,0.2,lm100_ls000_le000,0.7,0.15,0.15,1.0,0.0,0.0,4.536187928264587,0.20992110271816597,118.9337447041707,0.0005123518609877983,0.09464123981968448,0.26922910332438293,0.05384582066487659,0.0007308147974540616,0.05457663546233065,4
rough_seed_17,rough_perlin,17,0.8,0.04138910317258634,0.12599998581409458,0.12457512674316608,0.19298766090581543,wm060_ws000_we040,grid,0.6,0.0,0.4,lm100_ls000_le000,0.7,0.15,0.15,1.0,0.0,0.0,4.536187928264587,0.20992110271816597,118.9337447041707,0.0005123518609877983,0.09464123981968448,0.26922910332438293,0.10769164132975317,0.0010799905244634584,0.10877163185421664,4
rough_seed_17,rough_perlin,17,0.8,0.04138910317258634,0.12599998581409458,0.12457512674316608,0.19298766090581543,wm040_ws060_we000,grid,0.4,0.6,0.0,lm100_ls000_le000,0.7,0.15,0.15,1.0,0.0,0.0,4.536187928264587,0.20992110271816597,118.9337447041707,0.0005123518609877983,0.09464123981968448,0.26922910332438293,0.05678474389181068,0.000569896846362058,0.05735464073817274,4
rough_seed_17,rough_perlin,17,0.8,0.04138910317258634,0.12599998581409458,0.12457512674316608,0.19298766090581543,wm040_ws040_we020,grid,0.4,0.4,0.2,lm100_ls000_le000,0.7,0.15,0.15,1.0,0.0,0.0,4.536187928264587,0.20992110271816597,118.9337447041707,0.0005123518609877983,0.09464123981968448,0.26922910332438293,0.05384582066487659,0.000919072573371455,0.05476489323824804,4
rough_seed_17,rough_perlin,17,0.8,0.04138910317258634,0.12599998581409458,0.12457512674316608,0.19298766090581543,wm040_ws020_we040,grid,0.4,0.2,0.4,lm100_ls000_le000,0.7,0.15,0.15,1.0,0.0,0.0,4.536187928264587,0.20992110271816597,118.9337447041707,0.0005123518609877983,0.09464123981968448,0.26922910332438293,0.10769164132975317,0.001268248300380852,0.10895988963013403,4
rough_seed_17,rough_perlin,17,0.8,0.04138910317258634,0.12599998581409458,0.12457512674316608,0.19298766090581543,wm040_ws000_we060,grid,0.4,0.0,0.6,lm100_ls000_le000,0.7,0.15,0.15,1.0,0.0,0.0,4.536187928264587,0.20992110271816597,118.9337447041707,0.0005123518609877983,0.09464123981968448,0.26922910332438293,0.16153746199462976,0.0016174240273902488,0.16315488602202,4
rough_seed_17,rough_perlin,17,0.8,0.04138910317258634,0.12599998581409458,0.12457512674316608,0.19298766090581543,wm020_ws080_we000,grid,0.2,0.8,0.0,lm100_ls000_le000,0.7,0.15,0.15,1.0,0.0,0.0,4.536187928264587,0.20992110271816597,118.9337447041707,0.0005123518609877983,0.09464123981968448,0.26922910332438293,0.07571299185574759,0.0007581546222794515,0.07647114647802704,4
rough_seed_17,rough_perlin,17,0.8,0.04138910317258634,0.12599998581409458,0.12457512674316608,0.19298766090581543,wm020_ws060_we020,grid,0.2,0.6,0.2,lm100_ls000_le000,0.7,0.15,0.15,1.0,0.0,0.0,4.536187928264587,0.20992110271816597,118.9337447041707,0.0005123518609877983,0.09464123981968448,0.26922910332438293,0.05678474389181068,0.0011073303492888482,0.05789207424109953,4
rough_seed_17,rough_perlin,17,0.8,0.04138910317258634,0.12599998581409458,0.12457512674316608,0.19298766090581543,wm020_ws040_we040,grid,0.2,0.4,0.4,lm100_ls000_le000,0.7,0.15,0.15,1.0,0.0,0.0,4.536187928264587,0.20992110271816597,118.9337447041707,0.0005123518609877983,0.09464123981968448,0.26922910332438293,0.10769164132975317,0.001456506076298245,0.10914814740605142,4
rough_seed_17,rough_perlin,17,0.8,0.04138910317258634,0.12599998581409458,0.12457512674316608,0.19298766090581543,wm020_ws020_we060,grid,0.2,0.2,0.6,lm100_ls000_le000,0.7,0.15,0.15,1.0,0.0,0.0,4.536187928264587,0.20992110271816597,118.9337447041707,0.0005123518609877983,0.09464123981968448,0.26922910332438293,0.16153746199462976,0.0018056818033076421,0.1633431437979374,4
rough_seed_17,rough_perlin,17,0.8,0.04138910317258634,0.12599998581409458,0.12457512674316608,0.19298766090581543,wm020_ws000_we080,grid,0.2,0.0,0.8,lm020_ls060_le020,0.26,0.48,0.26,0.2,0.6,0.2,4.556320749871404,0.2114624016022477,118.82968781248044,0.5851599826906911,1.0,0.0,0.11703199653813823,0.0011703199653813822,0.11820231650351962,4
rough_seed_17,rough_perlin,17,0.8,0.04138910317258634,0.12599998581409458,0.12457512674316608,0.19298766090581543,wm000_ws100_we000,grid,0.0,1.0,0.0,lm060_ls000_le040,0.48,0.15,0.37,0.6,0.0,0.4,4.570606106765785,0.20975998378527672,119.21618723028257,1.0,0.0,1.0,0.0,0.0,0.0,4
rough_seed_17,rough_perlin,17,0.8,0.04138910317258634,0.12599998581409458,0.12457512674316608,0.19298766090581543,wm000_ws080_we020,grid,0.0,0.8,0.2,lm100_ls000_le000,0.7,0.15,0.15,1.0,0.0,0.0,4.536187928264587,0.20992110271816597,118.9337447041707,0.0005123518609877983,0.09464123981968448,0.26922910332438293,0.07571299185574759,0.0012955881252062417,0.07700857998095384,4
rough_seed_17,rough_perlin,17,0.8,0.04138910317258634,0.12599998581409458,0.12457512674316608,0.19298766090581543,wm000_ws060_we040,grid,0.0,0.6,0.4,lm100_ls000_le000,0.7,0.15,0.15,1.0,0.0,0.0,4.536187928264587,0.20992110271816597,118.9337447041707,0.0005123518609877983,0.09464123981968448,0.26922910332438293,0.10769164132975317,0.0016447638522156386,0.10933640518196881,4
rough_seed_17,rough_perlin,17,0.8,0.04138910317258634,0.12599998581409458,0.12457512674316608,0.19298766090581543,wm000_ws040_we060,grid,0.0,0.4,0.6,lm100_ls000_le000,0.7,0.15,0.15,1.0,0.0,0.0,4.536187928264587,0.20992110271816597,118.9337447041707,0.0005123518609877983,0.09464123981968448,0.26922910332438293,0.16153746199462976,0.0019939395792250357,0.1635314015738548,4
rough_seed_17,rough_perlin,17,0.8,0.04138910317258634,0.12599998581409458,0.12457512674316608,0.19298766090581543,wm000_ws020_we080,grid,0.0,0.2,0.8,lm020_ls060_le020,0.26,0.48,0.26,0.2,0.6,0.2,4.556320749871404,0.2114624016022477,118.82968781248044,0.5851599826906911,1.0,0.0,0.2,0.002,0.202,4
rough_seed_17,rough_perlin,17,0.8,0.04138910317258634,0.12599998581409458,0.12457512674316608,0.19298766090581543,wm000_ws000_we100,grid,0.0,0.0,1.0,lm020_ls060_le020,0.26,0.48,0.26,0.2,0.6,0.2,4.556320749871404,0.2114624016022477,118.82968781248044,0.5851599826906911,1.0,0.0,0.0,0.0,0.0,4
rough_seed_17,rough_perlin,17,0.8,0.04138910317258634,0.12599998581409458,0.12457512674316608,0.19298766090581543,balanced,canonical,0.3333333333333333,0.3333333333333333,0.3333333333333333,lm100_ls000_le000,0.7,0.15,0.15,1.0,0.0,0.0,4.536187928264587,0.20992110271816597,118.9337447041707,0.0005123518609877983,0.09464123981968448,0.26922910332438293,0.08974303444146098,0.001214608983350184,0.09095764342481116,4
rough_seed_17,rough_perlin,17,0.8,0.04138910317258634,0.12599998581409458,0.12457512674316608,0.19298766090581543,motion,canonical,0.7,0.15,0.15,lm100_ls000_le000,0.7,0.15,0.15,1.0,0.0,0.0,4.536187928264587,0.20992110271816597,118.9337447041707,0.0005123518609877983,0.09464123981968448,0.26922910332438293,0.04038436549865744,0.0005493919777430157,0.040933757476400455,4
rough_seed_17,rough_perlin,17,0.8,0.04138910317258634,0.12599998581409458,0.12457512674316608,0.19298766090581543,stability,canonical,0.15,0.7,0.15,lm100_ls000_le000,0.7,0.15,0.15,1.0,0.0,0.0,4.536187928264587,0.20992110271816597,118.9337447041707,0.0005123518609877983,0.09464123981968448,0.26922910332438293,0.06624886787377912,0.0010671008615158472,0.06731596873529497,4
rough_seed_17,rough_perlin,17,0.8,0.04138910317258634,0.12599998581409458,0.12457512674316608,0.19298766090581543,energy,canonical,0.15,0.15,0.7,lm020_ls060_le020,0.26,0.48,0.26,0.2,0.6,0.2,4.556320749871404,0.2114624016022477,118.82968781248044,0.5851599826906911,1.0,0.0,0.15,0.0023777399740360365,0.15237773997403603,4
