pca_dim,test_context,nearest_context,pca_distance,preference_name,transferred_beta_name,oracle_beta_name,exact,score_excess
2,rough_seed_13,rough_seed_18,0.024506243747977968,wm100_ws000_we000,lm000_ls100_le000,lm100_ls000_le000,0,0.2552291007542472
2,rough_seed_13,rough_seed_18,0.024506243747977968,wm080_ws020_we000,lm000_ls100_le000,lm080_ls020_le000,0,0.09700151249562154
2,rough_seed_13,rough_seed_18,0.024506243747977968,wm080_ws000_we020,lm000_ls100_le000,lm080_ls020_le000,0,0.06192503757867396
2,rough_seed_13,rough_seed_18,0.024506243747977968,wm060_ws040_we000,lm000_ls100_le000,lm040_ls060_le000,0,0.02401635406050992
2,rough_seed_13,rough_seed_18,0.024506243747977968,wm060_ws020_we020,lm000_ls100_le000,lm080_ls020_le000,0,0.020318838861103
2,rough_seed_13,rough_seed_18,0.024506243747977968,wm060_ws000_we040,lm000_ls100_le000,lm020_ls060_le020,0,0.06668252017710302
2,rough_seed_13,rough_seed_18,0.024506243747977968,wm040_ws060_we000,lm040_ls040_le020,lm040_ls060_le000,0,0.5470967463260838
2,rough_seed_13,rough_seed_18,0.024506243747977968,wm040_ws040_we020,lm000_ls100_le000,lm040_ls060_le000,0,0.008561207046983182
2,rough_seed_13,rough_seed_18,0.024506243747977968,wm040_ws020_we040,lm000_ls100_le000,lm040_ls020_le040,0,0.11032387402055932
2,rough_seed_13,rough_seed_18,0.024506243747977968,wm040_ws000_we060,lm000_ls100_le000,lm060_ls000_le040,0,0.26668652623075606
2,rough_seed_13,rough_seed_18,0.024506243747977968,wm020_ws080_we000,lm040_ls040_le020,lm040_ls060_le000,0,0.8008585596380785
2,rough_seed_13,rough_seed_18,0.024506243747977968,wm020_ws060_we020,lm040_ls040_le020,lm040_ls060_le000,0,0.4792395244552077
2,rough_seed_13,rough_seed_18,0.024506243747977968,wm020_ws040_we040,lm000_ls100_le000,lm020_ls000_le080,0,0.1250224073537972
2,rough_seed_13,rough_seed_18,0.024506243747977968,wm020_ws020_we060,lm000_ls100_le000,lm040_ls000_le060,0,0.3433175893655319
2,rough_seed_13,rough_seed_18,0.024506243747977968,wm020_ws000_we080,lm000_ls100_le000,lm040_ls000_le060,0,0.5191865855797919
2,rough_seed_13,rough_seed_18,0.024506243747977968,wm000_ws100_we000,lm040_ls040_le020,lm040_ls060_le000,0,1.054620372950073
2,rough_seed_13,rough_seed_18,0.024506243747977968,wm000_ws080_we020,lm040_ls040_le020,lm020_ls000_le080,0,0.7194983915787648
2,rough_seed_13,rough_seed_18,0.024506243747977968,wm000_ws060_we040,lm040_ls040_le020,lm020_ls000_le080,0,0.541978191630715
2,rough_seed_13,rough_seed_18,0.024506243747977968,wm000_ws040_we060,lm000_ls100_le000,lm020_ls000_le080,0,0.4275951239078808
2,rough_seed_13,rough_seed_18,0.024506243747977968,wm000_ws020_we080,lm000_ls100_le000,lm020_ls000_le080,0,0.6225342314847239
2,rough_seed_13,rough_seed_18,0.024506243747977968,wm000_ws000_we100,lm000_ls100_le000,lm040_ls000_le060,0,0.8175038639219216
2,rough_seed_13,rough_seed_18,0.024506243747977968,balanced,lm000_ls100_le000,lm080_ls020_le000,0,0.03270896035207965
2,rough_seed_13,rough_seed_18,0.024506243747977968,motion,lm000_ls100_le000,lm080_ls020_le000,0,0.07115253433137764
2,rough_seed_13,rough_seed_18,0.024506243747977968,stability,lm040_ls040_le020,lm040_ls060_le000,0,0.6230847365789239
2,rough_seed_13,rough_seed_18,0.024506243747977968,energy,lm000_ls100_le000,lm040_ls000_le060,0,0.4618641580046294
2,rough_seed_7,rough_seed_17,0.012038066100196069,wm100_ws000_we000,lm060_ls040_le000,lm100_ls000_le000,0,0.05401712236914727
2,rough_seed_7,rough_seed_17,0.012038066100196069,wm080_ws020_we000,lm100_ls000_le000,lm080_ls020_le000,0,0.0338534456183385
2,rough_seed_7,rough_seed_17,0.012038066100196069,wm080_ws000_we020,lm100_ls000_le000,lm000_ls100_le000,0,0.017969505503513533
2,rough_seed_7,rough_seed_17,0.012038066100196069,wm060_ws040_we000,lm100_ls000_le000,lm080_ls020_le000,0,0.06813723462213012
2,rough_seed_7,rough_seed_17,0.012038066100196069,wm060_ws020_we020,lm100_ls000_le000,lm000_ls100_le000,0,0.01846369111832316
2,rough_seed_7,rough_seed_17,0.012038066100196069,wm060_ws000_we040,lm100_ls000_le000,lm040_ls040_le020,0,0.12027585135384891
2,rough_seed_7,rough_seed_17,0.012038066100196069,wm040_ws060_we000,lm100_ls000_le000,lm080_ls020_le000,0,0.10242102362592179
2,rough_seed_7,rough_seed_17,0.012038066100196069,wm040_ws040_we020,lm100_ls000_le000,lm020_ls080_le000,0,0.04518308294737983
2,rough_seed_7,rough_seed_17,0.012038066100196069,wm040_ws020_we040,lm100_ls000_le000,lm040_ls020_le040,0,0.12956652672426155
2,rough_seed_7,rough_seed_17,0.012038066100196069,wm040_ws000_we060,lm100_ls000_le000,lm040_ls020_le040,0,0.28549654356305965
2,rough_seed_7,rough_seed_17,0.012038066100196069,wm020_ws080_we000,lm100_ls000_le000,lm000_ls060_le040,0,0.261679964799091
2,rough_seed_7,rough_seed_17,0.012038066100196069,wm020_ws060_we020,lm100_ls000_le000,lm000_ls060_le040,0,0.1964941184130237
2,rough_seed_7,rough_seed_17,0.012038066100196069,wm020_ws040_we040,lm100_ls000_le000,lm000_ls040_le060,0,0.12088689133187558
2,rough_seed_7,rough_seed_17,0.012038066100196069,wm020_ws020_we060,lm100_ls000_le000,lm040_ls020_le040,0,0.2984254422469692
2,rough_seed_7,rough_seed_17,0.012038066100196069,wm020_ws000_we080,lm020_ls060_le020,lm020_ls020_le060,0,0.2773899087197262
2,rough_seed_7,rough_seed_17,0.012038066100196069,wm000_ws100_we000,lm060_ls000_le040,lm020_ls020_le060,0,1.01
2,rough_seed_7,rough_seed_17,0.012038066100196069,wm000_ws080_we020,lm100_ls000_le000,lm020_ls020_le060,0,0.4569764740858468
2,rough_seed_7,rough_seed_17,0.012038066100196069,wm000_ws060_we040,lm100_ls000_le000,lm020_ls020_le060,0,0.34466174467463356
2,rough_seed_7,rough_seed_17,0.012038066100196069,wm000_ws040_we060,lm100_ls000_le000,lm020_ls020_le060,0,0.46993853895194126
2,rough_seed_7,rough_seed_17,0.012038066100196069,wm000_ws020_we080,lm020_ls060_le020,lm020_ls020_le060,0,0.4802725503166991
2,rough_seed_7,rough_seed_17,0.012038066100196069,wm000_ws000_we100,lm020_ls060_le020,lm020_ls020_le060,0,0.5984810906930279
2,rough_seed_7,rough_seed_17,0.012038066100196069,balanced,lm100_ls000_le000,lm000_ls060_le040,0,0.03784085474337451
2,rough_seed_7,rough_seed_17,0.012038066100196069,motion,lm100_ls000_le000,lm000_ls100_le000,0,0.007110061757766156
2,rough_seed_7,rough_seed_17,0.012038066100196069,stability,lm100_ls000_le000,lm020_ls020_le060,0,0.24816147591409102
2,rough_seed_7,rough_seed_17,0.012038066100196069,energy,lm020_ls060_le020,lm020_ls020_le060,0,0.26900629893080497
2,rough_seed_15,rough_seed_18,0.0066174734377557245,wm100_ws000_we000,lm000_ls100_le000,lm040_ls060_le000,0,0.04334695684378129
2,rough_seed_15,rough_seed_18,0.0066174734377557245,wm080_ws020_we000,lm000_ls100_le000,lm080_ls020_le000,0,0.1004391414930495
2,rough_seed_15,rough_seed_18,0.0066174734377557245,wm080_ws000_we020,lm000_ls100_le000,lm020_ls060_le020,0,0.11864741217035818
2,rough_seed_15,rough_seed_18,0.0066174734377557245,wm060_ws040_we000,lm000_ls100_le000,lm060_ls040_le000,0,0.259451905567282
2,rough_seed_15,rough_seed_18,0.0066174734377557245,wm060_ws020_we020,lm000_ls100_le000,lm060_ls040_le000,0,0.0993409806749303
2,rough_seed_15,rough_seed_18,0.0066174734377557245,wm060_ws000_we040,lm000_ls100_le000,lm000_ls080_le020,0,0.2382998414550778
2,rough_seed_15,rough_seed_18,0.0066174734377557245,wm040_ws060_we000,lm040_ls040_le020,lm060_ls040_le000,0,0.3897739338756264
2,rough_seed_15,rough_seed_18,0.0066174734377557245,wm040_ws040_we020,lm000_ls100_le000,lm060_ls040_le000,0,0.26038466038256025
2,rough_seed_15,rough_seed_18,0.0066174734377557245,wm040_ws020_we040,lm000_ls100_le000,lm000_ls080_le020,0,0.2250782862651057
2,rough_seed_15,rough_seed_18,0.0066174734377557245,wm040_ws000_we060,lm000_ls100_le000,lm000_ls080_le020,0,0.44369882791500276
2,rough_seed_15,rough_seed_18,0.0066174734377557245,wm020_ws080_we000,lm040_ls040_le020,lm000_ls060_le040,0,0.6165182729935832
2,rough_seed_15,rough_seed_18,0.0066174734377557245,wm020_ws060_we020,lm040_ls040_le020,lm020_ls040_le040,0,0.4531147233326407
2,rough_seed_15,rough_seed_18,0.0066174734377557245,wm020_ws040_we040,lm000_ls100_le000,lm060_ls040_le000,0,0.199710258510842
2,rough_seed_15,rough_seed_18,0.0066174734377557245,wm020_ws020_we060,lm000_ls100_le000,lm000_ls080_le020,0,0.39623424118932676
2,rough_seed_15,rough_seed_18,0.0066174734377557245,wm020_ws000_we080,lm000_ls100_le000,lm000_ls080_le020,0,0.6490978143749279
2,rough_seed_15,rough_seed_18,0.0066174734377557245,wm000_ws100_we000,lm040_ls040_le020,lm000_ls040_le060,0,0.9817642356199189
2,rough_seed_15,rough_seed_18,0.0066174734377557245,wm000_ws080_we020,lm040_ls040_le020,lm000_ls040_le060,0,0.7021705437840081
2,rough_seed_15,rough_seed_18,0.0066174734377557245,wm000_ws060_we040,lm040_ls040_le020,lm000_ls040_le060,0,0.42257685194809724
2,rough_seed_15,rough_seed_18,0.0066174734377557245,wm000_ws040_we060,lm000_ls100_le000,lm000_ls080_le020,0,0.2802835913922429
2,rough_seed_15,rough_seed_18,0.0066174734377557245,wm000_ws020_we080,lm000_ls100_le000,lm000_ls080_le020,0,0.5673901961135479
2,rough_seed_15,rough_seed_18,0.0066174734377557245,wm000_ws000_we100,lm000_ls100_le000,lm000_ls080_le020,0,0.8544968008348529
2,rough_seed_15,rough_seed_18,0.0066174734377557245,balanced,lm000_ls100_le000,lm060_ls040_le000,0,0.16625383256553808
2,rough_seed_15,rough_seed_18,0.0066174734377557245,motion,lm000_ls100_le000,lm040_ls060_le000,0,0.0680127075617049
2,rough_seed_15,rough_seed_18,0.0066174734377557245,stability,lm040_ls040_le020,lm000_ls040_le060,0,0.5356431541960421
2,rough_seed_15,rough_seed_18,0.0066174734377557245,energy,lm000_ls100_le000,lm000_ls080_le020,0,0.5107998811007083
2,rough_seed_0,rough_seed_29,0.004069939430277412,wm100_ws000_we000,lm100_ls000_le000,lm080_ls020_le000,0,0.10619701109911484
2,rough_seed_0,rough_seed_29,0.004069939430277412,wm080_ws020_we000,lm100_ls000_le000,lm100_ls000_le000,1,0.0
2,rough_seed_0,rough_seed_29,0.004069939430277412,wm080_ws000_we020,lm060_ls040_le000,lm060_ls040_le000,1,0.0
2,rough_seed_0,rough_seed_29,0.004069939430277412,wm060_ws040_we000,lm060_ls040_le000,lm100_ls000_le000,0,0.0012496466946972928
2,rough_seed_0,rough_seed_29,0.004069939430277412,wm060_ws020_we020,lm060_ls040_le000,lm100_ls000_le000,0,0.0007869545660379451
2,rough_seed_0,rough_seed_29,0.004069939430277412,wm060_ws000_we040,lm060_ls040_le000,lm060_ls040_le000,1,0.0
2,rough_seed_0,rough_seed_29,0.004069939430277412,wm040_ws060_we000,lm040_ls060_le000,lm060_ls000_le040,0,0.7138502715534418
2,rough_seed_0,rough_seed_29,0.004069939430277412,wm040_ws040_we020,lm040_ls060_le000,lm100_ls000_le000,0,0.39642341795650454
2,rough_seed_0,rough_seed_29,0.004069939430277412,wm040_ws020_we040,lm060_ls040_le000,lm100_ls000_le000,0,0.001028062241099692
2,rough_seed_0,rough_seed_29,0.004069939430277412,wm040_ws000_we060,lm080_ls020_le000,lm100_ls000_le000,0,0.2511986095877981
2,rough_seed_0,rough_seed_29,0.004069939430277412,wm020_ws080_we000,lm080_ls020_le000,lm060_ls000_le040,0,0.6715054323187577
2,rough_seed_0,rough_seed_29,0.004069939430277412,wm020_ws060_we020,lm080_ls020_le000,lm000_ls060_le040,0,0.4591089483824853
2,rough_seed_0,rough_seed_29,0.004069939430277412,wm020_ws040_we040,lm080_ls020_le000,lm000_ls040_le060,0,0.20203819026923883
2,rough_seed_0,rough_seed_29,0.004069939430277412,wm020_ws020_we060,lm080_ls020_le000,lm100_ls000_le000,0,0.1641926964808276
2,rough_seed_0,rough_seed_29,0.004069939430277412,wm020_ws000_we080,lm080_ls000_le020,lm100_ls000_le000,0,0.547354711924831
2,rough_seed_0,rough_seed_29,0.004069939430277412,wm000_ws100_we000,lm080_ls020_le000,lm000_ls040_le060,0,1.01
2,rough_seed_0,rough_seed_29,0.004069939430277412,wm000_ws080_we020,lm080_ls020_le000,lm000_ls040_le060,0,0.713005369643609
2,rough_seed_0,rough_seed_29,0.004069939430277412,wm000_ws060_we040,lm080_ls020_le000,lm000_ls040_le060,0,0.4160107392872179
2,rough_seed_0,rough_seed_29,0.004069939430277412,wm000_ws040_we060,lm080_ls020_le000,lm100_ls000_le000,0,0.14435884429753043
2,rough_seed_0,rough_seed_29,0.004069939430277412,wm000_ws020_we080,lm040_ls040_le020,lm100_ls000_le000,0,0.4022338861377538
2,rough_seed_0,rough_seed_29,0.004069939430277412,wm000_ws000_we100,lm080_ls000_le020,lm100_ls000_le000,0,0.7104021498141614
2,rough_seed_0,rough_seed_29,0.004069939430277412,balanced,lm060_ls040_le000,lm100_ls000_le000,0,0.0014168928852264784
2,rough_seed_0,rough_seed_29,0.004069939430277412,motion,lm060_ls040_le000,lm100_ls000_le000,0,0.0005507276963422764
2,rough_seed_0,rough_seed_29,0.004069939430277412,stability,lm080_ls020_le000,lm000_ls060_le040,0,0.5967024525826499
2,rough_seed_0,rough_seed_29,0.004069939430277412,energy,lm080_ls000_le020,lm100_ls000_le000,0,0.4006664822516466
2,rough_seed_5,rough_seed_20,0.01331939881925798,wm100_ws000_we000,lm100_ls000_le000,lm000_ls100_le000,0,0.07993338923685919
2,rough_seed_5,rough_seed_20,0.01331939881925798,wm080_ws020_we000,lm080_ls000_le020,lm020_ls060_le020,0,0.13264722961626557
2,rough_seed_5,rough_seed_20,0.01331939881925798,wm080_ws000_we020,lm060_ls020_le020,lm060_ls040_le000,0,0.19829155385715025
2,rough_seed_5,rough_seed_20,0.01331939881925798,wm060_ws040_we000,lm000_ls060_le040,lm060_ls020_le020,0,0.3143209184783374
2,rough_seed_5,rough_seed_20,0.01331939881925798,wm060_ws020_we020,lm080_ls000_le020,lm020_ls060_le020,0,0.06492773284257167
2,rough_seed_5,rough_seed_20,0.01331939881925798,wm060_ws000_we040,lm060_ls020_le020,lm080_ls020_le000,0,0.12130412869393269
2,rough_seed_5,rough_seed_20,0.01331939881925798,wm040_ws060_we000,lm060_ls000_le040,lm060_ls020_le020,0,0.025882431685077145
2,rough_seed_5,rough_seed_20,0.01331939881925798,wm040_ws040_we020,lm040_ls020_le040,lm060_ls020_le020,0,0.14547425884553394
2,rough_seed_5,rough_seed_20,0.01331939881925798,wm040_ws020_we040,lm060_ls020_le020,lm060_ls020_le020,1,0.0
2,rough_seed_5,rough_seed_20,0.01331939881925798,wm040_ws000_we060,lm060_ls020_le020,lm000_ls080_le020,0,0.06388077250789115
2,rough_seed_5,rough_seed_20,0.01331939881925798,wm020_ws080_we000,lm020_ls020_le060,lm020_ls040_le040,0,0.017305736878379774
2,rough_seed_5,rough_seed_20,0.01331939881925798,wm020_ws060_we020,lm000_ls040_le060,lm020_ls040_le040,0,0.01606667926839861
2,rough_seed_5,rough_seed_20,0.01331939881925798,wm020_ws040_we040,lm000_ls060_le040,lm000_ls040_le060,0,0.20237742738944983
2,rough_seed_5,rough_seed_20,0.01331939881925798,wm020_ws020_we060,lm060_ls020_le020,lm060_ls020_le020,1,0.0
2,rough_seed_5,rough_seed_20,0.01331939881925798,wm020_ws000_we080,lm060_ls020_le020,lm020_ls060_le020,0,0.06222626491854789
2,rough_seed_5,rough_seed_20,0.01331939881925798,wm000_ws100_we000,lm000_ls000_le100,lm000_ls040_le060,0,0.18069268083781717
2,rough_seed_5,rough_seed_20,0.01331939881925798,wm000_ws080_we020,lm000_ls040_le060,lm000_ls040_le060,1,0.0
2,rough_seed_5,rough_seed_20,0.01331939881925798,wm000_ws060_we040,lm000_ls040_le060,lm000_ls040_le060,1,0.0
2,rough_seed_5,rough_seed_20,0.01331939881925798,wm000_ws040_we060,lm080_ls000_le020,lm060_ls020_le020,0,0.011436351396462763
2,rough_seed_5,rough_seed_20,0.01331939881925798,wm000_ws020_we080,lm060_ls020_le020,lm060_ls020_le020,1,0.0
2,rough_seed_5,rough_seed_20,0.01331939881925798,wm000_ws000_we100,lm060_ls020_le020,lm020_ls060_le020,0,0.11666076961149235
2,rough_seed_5,rough_seed_20,0.01331939881925798,balanced,lm000_ls060_le040,lm060_ls020_le020,0,0.13689095642851945
2,rough_seed_5,rough_seed_20,0.01331939881925798,motion,lm080_ls000_le020,lm100_ls000_le000,0,0.13264142087106134
2,rough_seed_5,rough_seed_20,0.01331939881925798,stability,lm000_ls040_le060,lm020_ls040_le040,0,0.01164500372354349
2,rough_seed_5,rough_seed_20,0.01331939881925798,energy,lm060_ls020_le020,lm060_ls020_le020,1,0.0
2,rough_seed_11,rough_seed_12,0.010157964329451917,wm100_ws000_we000,lm100_ls000_le000,lm100_ls000_le000,1,0.0
2,rough_seed_11,rough_seed_12,0.010157964329451917,wm080_ws020_we000,lm100_ls000_le000,lm080_ls020_le000,0,0.002636415737298281
2,rough_seed_11,rough_seed_12,0.010157964329451917,wm080_ws000_we020,lm100_ls000_le000,lm100_ls000_le000,1,0.0
2,rough_seed_11,rough_seed_12,0.010157964329451917,wm060_ws040_we000,lm100_ls000_le000,lm080_ls020_le000,0,0.006317570445394216
2,rough_seed_11,rough_seed_12,0.010157964329451917,wm060_ws020_we020,lm100_ls000_le000,lm100_ls000_le000,1,0.0
2,rough_seed_11,rough_seed_12,0.010157964329451917,wm060_ws000_we040,lm100_ls000_le000,lm100_ls000_le000,1,0.0
2,rough_seed_11,rough_seed_12,0.010157964329451917,wm040_ws060_we000,lm040_ls040_le020,lm020_ls080_le000,0,0.7610815614872404
2,rough_seed_11,rough_seed_12,0.010157964329451917,wm040_ws040_we020,lm080_ls000_le020,lm020_ls080_le000,0,0.8083264071566971
2,rough_seed_11,rough_seed_12,0.010157964329451917,wm040_ws020_we040,lm100_ls000_le000,lm020_ls080_le000,0,0.03521389237801942
2,rough_seed_11,rough_seed_12,0.010157964329451917,wm040_ws000_we060,lm100_ls000_le000,lm020_ls080_le000,0,0.23191682346871734
2,rough_seed_11,rough_seed_12,0.010157964329451917,wm020_ws080_we000,lm040_ls040_le020,lm020_ls080_le000,0,0.38207723638738267
2,rough_seed_11,rough_seed_12,0.010157964329451917,wm020_ws060_we020,lm040_ls040_le020,lm020_ls080_le000,0,0.385844206584111
2,rough_seed_11,rough_seed_12,0.010157964329451917,wm020_ws040_we040,lm040_ls040_le020,lm020_ls080_le000,0,0.8327411186969156
2,rough_seed_11,rough_seed_12,0.010157964329451917,wm020_ws020_we060,lm100_ls000_le000,lm020_ls080_le000,0,0.41184664811590976
2,rough_seed_11,rough_seed_12,0.010157964329451917,wm020_ws000_we080,lm100_ls000_le000,lm000_ls100_le000,0,0.595271180557627
2,rough_seed_11,rough_seed_12,0.010157964329451917,wm000_ws100_we000,lm040_ls040_le020,lm020_ls080_le000,0,0.31036404004002505
2,rough_seed_11,rough_seed_12,0.010157964329451917,wm000_ws080_we020,lm040_ls040_le020,lm000_ls100_le000,0,0.49580099675143763
2,rough_seed_11,rough_seed_12,0.010157964329451917,wm000_ws060_we040,lm040_ls040_le020,lm000_ls100_le000,0,1.0026483310600083
2,rough_seed_11,rough_seed_12,0.010157964329451917,wm000_ws040_we060,lm100_ls000_le000,lm000_ls100_le000,0,0.5963056858803568
2,rough_seed_11,rough_seed_12,0.010157964329451917,wm000_ws020_we080,lm100_ls000_le000,lm000_ls100_le000,0,0.7964473307886953
2,rough_seed_11,rough_seed_12,0.010157964329451917,wm000_ws000_we100,lm100_ls000_le000,lm000_ls100_le000,0,0.9965889756970335
2,rough_seed_11,rough_seed_12,0.010157964329451917,balanced,lm100_ls000_le000,lm020_ls080_le000,0,0.035437657609724615
2,rough_seed_11,rough_seed_12,0.010157964329451917,motion,lm100_ls000_le000,lm100_ls000_le000,1,0.0
2,rough_seed_11,rough_seed_12,0.010157964329451917,stability,lm040_ls040_le020,lm020_ls080_le000,0,0.29015138275996444
2,rough_seed_11,rough_seed_12,0.010157964329451917,energy,lm100_ls000_le000,lm000_ls100_le000,0,0.547591313806471
2,rough_seed_4,rough_seed_8,0.0062633421843985475,wm100_ws000_we000,lm080_ls020_le000,lm080_ls020_le000,1,0.0
2,rough_seed_4,rough_seed_8,0.0062633421843985475,wm080_ws020_we000,lm080_ls020_le000,lm020_ls080_le000,0,0.09839965110788759
2,rough_seed_4,rough_seed_8,0.0062633421843985475,wm080_ws000_we020,lm100_ls000_le000,lm020_ls080_le000,0,3.7566741279533673
2,rough_seed_4,rough_seed_8,0.0062633421843985475,wm060_ws040_we000,lm080_ls020_le000,lm020_ls080_le000,0,0.1973985281156008
2,rough_seed_4,rough_seed_8,0.0062633421843985475,wm060_ws020_we020,lm080_ls020_le000,lm020_ls080_le000,0,0.10021490956761657
2,rough_seed_4,rough_seed_8,0.0062633421843985475,wm060_ws000_we040,lm100_ls000_le000,lm020_ls080_le000,0,2.7942562350005606
2,rough_seed_4,rough_seed_8,0.0062633421843985475,wm040_ws060_we000,lm080_ls020_le000,lm020_ls080_le000,0,0.296397405123314
2,rough_seed_4,rough_seed_8,0.0062633421843985475,wm040_ws040_we020,lm080_ls020_le000,lm020_ls080_le000,0,0.19921378657532976
2,rough_seed_4,rough_seed_8,0.0062633421843985475,wm040_ws020_we040,lm100_ls000_le000,lm020_ls080_le000,0,1.803256720654973
2,rough_seed_4,rough_seed_8,0.0062633421843985475,wm040_ws000_we060,lm100_ls000_le000,lm060_ls040_le000,0,1.8297321978972196
2,rough_seed_4,rough_seed_8,0.0062633421843985475,wm020_ws080_we000,lm080_ls020_le000,lm000_ls100_le000,0,0.6060000000000001
2,rough_seed_4,rough_seed_8,0.0062633421843985475,wm020_ws060_we020,lm080_ls020_le000,lm000_ls100_le000,0,0.40599999999999997
2,rough_seed_4,rough_seed_8,0.0062633421843985475,wm020_ws040_we040,lm040_ls060_le000,lm000_ls100_le000,0,0.3281448462914372
2,rough_seed_4,rough_seed_8,0.0062633421843985475,wm020_ws020_we060,lm040_ls060_le000,lm020_ls080_le000,0,0.42581856471701035
2,rough_seed_4,rough_seed_8,0.0062633421843985475,wm020_ws000_we080,lm040_ls060_le000,lm060_ls040_le000,0,0.4301502358213907
2,rough_seed_4,rough_seed_8,0.0062633421843985475,wm000_ws100_we000,lm080_ls020_le000,lm000_ls100_le000,0,1.01
2,rough_seed_4,rough_seed_8,0.0062633421843985475,wm000_ws080_we020,lm080_ls020_le000,lm000_ls100_le000,0,0.81
2,rough_seed_4,rough_seed_8,0.0062633421843985475,wm000_ws060_we040,lm080_ls020_le000,lm000_ls100_le000,0,0.61
2,rough_seed_4,rough_seed_8,0.0062633421843985475,wm000_ws040_we060,lm040_ls060_le000,lm000_ls100_le000,0,0.3927993717163913
2,rough_seed_4,rough_seed_8,0.0062633421843985475,wm000_ws020_we080,lm040_ls060_le000,lm000_ls100_le000,0,0.521301747456001
2,rough_seed_4,rough_seed_8,0.0062633421843985475,wm000_ws000_we100,lm040_ls060_le000,lm000_ls100_le000,0,0.6498041231956105
2,rough_seed_4,rough_seed_8,0.0062633421843985475,balanced,lm080_ls020_le000,lm020_ls080_le000,0,0.167424333212578
2,rough_seed_4,rough_seed_8,0.0062633421843985475,motion,lm080_ls020_le000,lm020_ls080_le000,0,0.07501137570075601
2,rough_seed_4,rough_seed_8,0.0062633421843985475,stability,lm080_ls020_le000,lm000_ls100_le000,0,0.5569999999999999
2,rough_seed_4,rough_seed_8,0.0062633421843985475,energy,lm040_ls060_le000,lm020_ls080_le000,0,0.3513256326704659
2,rough_seed_25,rough_seed_22,0.010971121796284804,wm100_ws000_we000,lm100_ls000_le000,lm100_ls000_le000,1,0.0
2,rough_seed_25,rough_seed_22,0.010971121796284804,wm080_ws020_we000,lm080_ls020_le000,lm080_ls000_le020,0,0.06554077903532898
2,rough_seed_25,rough_seed_22,0.010971121796284804,wm080_ws000_we020,lm080_ls020_le000,lm100_ls000_le000,0,0.01663162889094215
2,rough_seed_25,rough_seed_22,0.010971121796284804,wm060_ws040_we000,lm080_ls000_le020,lm040_ls040_le020,0,0.009655885213652793
2,rough_seed_25,rough_seed_22,0.010971121796284804,wm060_ws020_we020,lm080_ls000_le020,lm080_ls000_le020,1,0.0
2,rough_seed_25,rough_seed_22,0.010971121796284804,wm060_ws000_we040,lm040_ls040_le020,lm100_ls000_le000,0,0.11138381824166282
2,rough_seed_25,rough_seed_22,0.010971121796284804,wm040_ws060_we000,lm040_ls040_le020,lm040_ls020_le040,0,0.008964679941425607
2,rough_seed_25,rough_seed_22,0.010971121796284804,wm040_ws040_we020,lm040_ls040_le020,lm040_ls040_le020,1,0.0
2,rough_seed_25,rough_seed_22,0.010971121796284804,wm040_ws020_we040,lm040_ls040_le020,lm080_ls000_le020,0,0.005809962407596819
2,rough_seed_25,rough_seed_22,0.010971121796284804,wm040_ws000_we060,lm040_ls040_le020,lm100_ls000_le000,0,0.04819147850263211
2,rough_seed_25,rough_seed_22,0.010971121796284804,wm020_ws080_we000,lm040_ls020_le040,lm060_ls000_le040,0,0.1102352058172363
2,rough_seed_25,rough_seed_22,0.010971121796284804,wm020_ws060_we020,lm040_ls020_le040,lm040_ls040_le020,0,0.05243248609195067
2,rough_seed_25,rough_seed_22,0.010971121796284804,wm020_ws040_we040,lm040_ls020_le040,lm040_ls040_le020,0,0.30414980083338716
2,rough_seed_25,rough_seed_22,0.010971121796284804,wm020_ws020_we060,lm040_ls020_le040,lm040_ls040_le020,0,0.5558671155748237
2,rough_seed_25,rough_seed_22,0.010971121796284804,wm020_ws000_we080,lm040_ls020_le040,lm100_ls000_le000,0,0.7455006982442727
2,rough_seed_25,rough_seed_22,0.010971121796284804,wm000_ws100_we000,lm040_ls020_le040,lm060_ls000_le040,0,0.2350804647866417
2,rough_seed_25,rough_seed_22,0.010971121796284804,wm000_ws080_we020,lm040_ls020_le040,lm060_ls000_le040,0,0.04590860222905513
2,rough_seed_25,rough_seed_22,0.010971121796284804,wm000_ws060_we040,lm040_ls020_le040,lm040_ls040_le020,0,0.2540408098208635
2,rough_seed_25,rough_seed_22,0.010971121796284804,wm000_ws040_we060,lm040_ls020_le040,lm040_ls040_le020,0,0.5057581245623
2,rough_seed_25,rough_seed_22,0.010971121796284804,wm000_ws020_we080,lm040_ls020_le040,lm040_ls040_le020,0,0.7427415746039837
2,rough_seed_25,rough_seed_22,0.010971121796284804,wm000_ws000_we100,lm040_ls020_le040,lm020_ls000_le080,0,1.01
2,rough_seed_25,rough_seed_22,0.010971121796284804,balanced,lm040_ls040_le020,lm040_ls040_le020,1,0.0
2,rough_seed_25,rough_seed_22,0.010971121796284804,motion,lm080_ls020_le000,lm080_ls000_le020,0,0.033524854073517504
2,rough_seed_25,rough_seed_22,0.010971121796284804,stability,lm040_ls020_le040,lm060_ls000_le040,0,0.047533906039814625
2,rough_seed_25,rough_seed_22,0.010971121796284804,energy,lm040_ls020_le040,lm040_ls040_le020,0,0.650075667119327
2,rough_seed_12,rough_seed_11,0.010157964329451917,wm100_ws000_we000,lm100_ls000_le000,lm100_ls000_le000,1,0.0
2,rough_seed_12,rough_seed_11,0.010157964329451917,wm080_ws020_we000,lm080_ls020_le000,lm100_ls000_le000,0,0.1610375623770114
2,rough_seed_12,rough_seed_11,0.010157964329451917,wm080_ws000_we020,lm100_ls000_le000,lm100_ls000_le000,1,0.0
2,rough_seed_12,rough_seed_11,0.010157964329451917,wm060_ws040_we000,lm080_ls020_le000,lm100_ls000_le000,0,0.3216766097399084
2,rough_seed_12,rough_seed_11,0.010157964329451917,wm060_ws020_we020,lm100_ls000_le000,lm100_ls000_le000,1,0.0
2,rough_seed_12,rough_seed_11,0.010157964329451917,wm060_ws000_we040,lm100_ls000_le000,lm100_ls000_le000,1,0.0
2,rough_seed_12,rough_seed_11,0.010157964329451917,wm040_ws060_we000,lm020_ls080_le000,lm040_ls040_le020,0,0.39466507661411054
2,rough_seed_12,rough_seed_11,0.010157964329451917,wm040_ws040_we020,lm020_ls080_le000,lm080_ls000_le020,0,0.166706542994004
2,rough_seed_12,rough_seed_11,0.010157964329451917,wm040_ws020_we040,lm020_ls080_le000,lm100_ls000_le000,0,0.4549548538181382
2,rough_seed_12,rough_seed_11,0.010157964329451917,wm040_ws000_we060,lm020_ls080_le000,lm100_ls000_le000,0,0.9803413936115675
2,rough_seed_12,rough_seed_11,0.010157964329451917,wm020_ws080_we000,lm020_ls080_le000,lm040_ls040_le020,0,0.8609726511459384
2,rough_seed_12,rough_seed_11,0.010157964329451917,wm020_ws060_we020,lm020_ls080_le000,lm040_ls040_le020,0,0.5973330507119367
2,rough_seed_12,rough_seed_11,0.010157964329451917,wm020_ws040_we040,lm020_ls080_le000,lm040_ls040_le020,0,0.3713268556663987
2,rough_seed_12,rough_seed_11,0.010157964329451917,wm020_ws020_we060,lm020_ls080_le000,lm100_ls000_le000,0,0.7798212006824512
2,rough_seed_12,rough_seed_11,0.010157964329451917,wm020_ws000_we080,lm000_ls100_le000,lm100_ls000_le000,0,1.682103057552764
2,rough_seed_12,rough_seed_11,0.010157964329451917,wm000_ws100_we000,lm020_ls080_le000,lm040_ls040_le020,0,1.3272802256777656
2,rough_seed_12,rough_seed_11,0.010157964329451917,wm000_ws080_we020,lm000_ls100_le000,lm040_ls040_le020,0,1.2895681233307752
2,rough_seed_12,rough_seed_11,0.010157964329451917,wm000_ws060_we040,lm000_ls100_le000,lm040_ls040_le020,0,0.7941846077260204
2,rough_seed_12,rough_seed_11,0.010157964329451917,wm000_ws040_we060,lm000_ls100_le000,lm100_ls000_le000,0,0.8637656978815723
2,rough_seed_12,rough_seed_11,0.010157964329451917,wm000_ws020_we080,lm000_ls100_le000,lm100_ls000_le000,0,1.4824633343406592
2,rough_seed_12,rough_seed_11,0.010157964329451917,wm000_ws000_we100,lm000_ls100_le000,lm100_ls000_le000,0,2.1011609707997456
2,rough_seed_12,rough_seed_11,0.010157964329451917,balanced,lm020_ls080_le000,lm100_ls000_le000,0,0.212985942910623
2,rough_seed_12,rough_seed_11,0.010157964329451917,motion,lm100_ls000_le000,lm100_ls000_le000,1,0.0
2,rough_seed_12,rough_seed_11,0.010157964329451917,stability,lm020_ls080_le000,lm040_ls040_le020,0,0.7798198444533939
2,rough_seed_12,rough_seed_11,0.010157964329451917,energy,lm000_ls100_le000,lm100_ls000_le000,0,1.3228443085201944
2,rough_seed_6,rough_seed_18,0.014096239190871402,wm100_ws000_we000,lm000_ls100_le000,lm080_ls020_le000,0,0.05957227493199619
2,rough_seed_6,rough_seed_18,0.014096239190871402,wm080_ws020_we000,lm000_ls100_le000,lm020_ls080_le000,0,0.01254332928156475
2,rough_seed_6,rough_seed_18,0.014096239190871402,wm080_ws000_we020,lm000_ls100_le000,lm100_ls000_le000,0,0.03251420297439776
2,rough_seed_6,rough_seed_18,0.014096239190871402,wm060_ws040_we000,lm000_ls100_le000,lm000_ls080_le020,0,0.06469728593598004
2,rough_seed_6,rough_seed_18,0.014096239190871402,wm060_ws020_we020,lm000_ls100_le000,lm020_ls080_le000,0,0.012535281281480987
2,rough_seed_6,rough_seed_18,0.014096239190871402,wm060_ws000_we040,lm000_ls100_le000,lm100_ls000_le000,0,0.07195420814190523
2,rough_seed_6,rough_seed_18,0.014096239190871402,wm040_ws060_we000,lm040_ls040_le020,lm040_ls020_le040,0,0.07998510092624603
2,rough_seed_6,rough_seed_18,0.014096239190871402,wm040_ws040_we020,lm000_ls100_le000,lm000_ls080_le020,0,0.0900039862338829
2,rough_seed_6,rough_seed_18,0.014096239190871402,wm040_ws020_we040,lm000_ls100_le000,lm020_ls080_le000,0,0.012527233281397238
2,rough_seed_6,rough_seed_18,0.014096239190871402,wm040_ws000_we060,lm000_ls100_le000,lm100_ls000_le000,0,0.11735879418935767
2,rough_seed_6,rough_seed_18,0.014096239190871402,wm020_ws080_we000,lm040_ls040_le020,lm020_ls040_le040,0,0.29036095675705903
2,rough_seed_6,rough_seed_18,0.014096239190871402,wm020_ws060_we020,lm040_ls040_le020,lm000_ls060_le040,0,0.18582698279714033
2,rough_seed_6,rough_seed_18,0.014096239190871402,wm020_ws040_we040,lm000_ls100_le000,lm000_ls080_le020,0,0.09047321314452869
2,rough_seed_6,rough_seed_18,0.014096239190871402,wm020_ws020_we060,lm000_ls100_le000,lm020_ls080_le000,0,0.010824335551164896
2,rough_seed_6,rough_seed_18,0.014096239190871402,wm020_ws000_we080,lm000_ls100_le000,lm100_ls000_le000,0,0.16276338023681014
2,rough_seed_6,rough_seed_18,0.014096239190871402,wm000_ws100_we000,lm040_ls040_le020,lm040_ls000_le060,0,0.5133441976387964
2,rough_seed_6,rough_seed_18,0.014096239190871402,wm000_ws080_we020,lm040_ls040_le020,lm040_ls000_le060,0,0.313045619135114
2,rough_seed_6,rough_seed_18,0.014096239190871402,wm000_ws060_we040,lm040_ls040_le020,lm040_ls000_le060,0,0.1127470406314317
2,rough_seed_6,rough_seed_18,0.014096239190871402,wm000_ws040_we060,lm000_ls100_le000,lm000_ls080_le020,0,0.09094244005517449
2,rough_seed_6,rough_seed_18,0.014096239190871402,wm000_ws020_we080,lm000_ls100_le000,lm020_ls080_le000,0,0.007965687817593797
2,rough_seed_6,rough_seed_18,0.014096239190871402,wm000_ws000_we100,lm000_ls100_le000,lm100_ls000_le000,0,0.20816796628426257
2,rough_seed_6,rough_seed_18,0.014096239190871402,balanced,lm000_ls100_le000,lm000_ls080_le020,0,0.07496055129465143
2,rough_seed_6,rough_seed_18,0.014096239190871402,motion,lm000_ls100_le000,lm020_ls080_le000,0,0.00943578638193529
2,rough_seed_6,rough_seed_18,0.014096239190871402,stability,lm040_ls040_le020,lm000_ls060_le040,0,0.2675770488476194
2,rough_seed_6,rough_seed_18,0.014096239190871402,energy,lm000_ls100_le000,lm040_ls060_le000,0,0.024045346029157658
2,rough_seed_29,rough_seed_0,0.004069939430277412,wm100_ws000_we000,lm080_ls020_le000,lm100_ls000_le000,0,0.4081617903513611
2,rough_seed_29,rough_seed_0,0.004069939430277412,wm080_ws020_we000,lm100_ls000_le000,lm100_ls000_le000,1,0.0
2,rough_seed_29,rough_seed_0,0.004069939430277412,wm080_ws000_we020,lm060_ls040_le000,lm060_ls040_le000,1,0.0
2,rough_seed_29,rough_seed_0,0.004069939430277412,wm060_ws040_we000,lm100_ls000_le000,lm060_ls040_le000,0,0.17004765852338252
2,rough_seed_29,rough_seed_0,0.004069939430277412,wm060_ws020_we020,lm100_ls000_le000,lm060_ls040_le000,0,0.09047830607175009
2,rough_seed_29,rough_seed_0,0.004069939430277412,wm060_ws000_we040,lm060_ls040_le000,lm060_ls040_le000,1,0.0
2,rough_seed_29,rough_seed_0,0.004069939430277412,wm040_ws060_we000,lm060_ls000_le040,lm040_ls060_le000,0,0.9776530142173523
2,rough_seed_29,rough_seed_0,0.004069939430277412,wm040_ws040_we020,lm100_ls000_le000,lm040_ls060_le000,0,0.19166732824772015
2,rough_seed_29,rough_seed_0,0.004069939430277412,wm040_ws020_we040,lm100_ls000_le000,lm060_ls040_le000,0,0.26325953370435146
2,rough_seed_29,rough_seed_0,0.004069939430277412,wm040_ws000_we060,lm100_ls000_le000,lm080_ls020_le000,0,0.44113512290853335
2,rough_seed_29,rough_seed_0,0.004069939430277412,wm020_ws080_we000,lm060_ls000_le040,lm080_ls020_le000,0,1.4026255381754607
2,rough_seed_29,rough_seed_0,0.004069939430277412,wm020_ws060_we020,lm000_ls060_le040,lm080_ls020_le000,0,0.753726533728449
2,rough_seed_29,rough_seed_0,0.004069939430277412,wm020_ws040_we040,lm000_ls040_le060,lm080_ls020_le000,0,0.9289549773835959
2,rough_seed_29,rough_seed_0,0.004069939430277412,wm020_ws020_we060,lm100_ls000_le000,lm080_ls020_le000,0,0.44497537759300243
2,rough_seed_29,rough_seed_0,0.004069939430277412,wm020_ws000_we080,lm100_ls000_le000,lm080_ls000_le020,0,0.7157867109914122
2,rough_seed_29,rough_seed_0,0.004069939430277412,wm000_ws100_we000,lm000_ls040_le060,lm080_ls020_le000,0,2.2278633803499814
2,rough_seed_29,rough_seed_0,0.004069939430277412,wm000_ws080_we020,lm000_ls040_le060,lm080_ls020_le000,0,1.7334911394185637
2,rough_seed_29,rough_seed_0,0.004069939430277412,wm000_ws060_we040,lm000_ls040_le060,lm080_ls020_le000,0,1.2391188984871457
2,rough_seed_29,rough_seed_0,0.004069939430277412,wm000_ws040_we060,lm100_ls000_le000,lm080_ls020_le000,0,0.44718349356717213
2,rough_seed_29,rough_seed_0,0.004069939430277412,wm000_ws020_we080,lm100_ls000_le000,lm040_ls040_le020,0,0.6332431987151041
2,rough_seed_29,rough_seed_0,0.004069939430277412,wm000_ws000_we100,lm100_ls000_le000,lm080_ls000_le020,0,1.01
2,rough_seed_29,rough_seed_0,0.004069939430277412,balanced,lm100_ls000_le000,lm060_ls040_le000,0,0.22013033405235882
2,rough_seed_29,rough_seed_0,0.004069939430277412,motion,lm100_ls000_le000,lm060_ls040_le000,0,0.021308297543392918
2,rough_seed_29,rough_seed_0,0.004069939430277412,stability,lm000_ls060_le040,lm080_ls020_le000,0,0.9105330537299318
2,rough_seed_29,rough_seed_0,0.004069939430277412,energy,lm100_ls000_le000,lm080_ls000_le020,0,0.5558651539577645
2,rough_seed_18,rough_seed_15,0.0066174734377557245,wm100_ws000_we000,lm040_ls060_le000,lm000_ls100_le000,0,0.31009503847660463
2,rough_seed_18,rough_seed_15,0.0066174734377557245,wm080_ws020_we000,lm080_ls020_le000,lm000_ls100_le000,0,0.9919475236811808
2,rough_seed_18,rough_seed_15,0.0066174734377557245,wm080_ws000_we020,lm020_ls060_le020,lm000_ls100_le000,0,1.0001076573770735
2,rough_seed_18,rough_seed_15,0.0066174734377557245,wm060_ws040_we000,lm060_ls040_le000,lm000_ls100_le000,0,4.864087742158606
2,rough_seed_18,rough_seed_15,0.0066174734377557245,wm060_ws020_we020,lm060_ls040_le000,lm000_ls100_le000,0,2.437488525282955
2,rough_seed_18,rough_seed_15,0.0066174734377557245,wm060_ws000_we040,lm000_ls080_le020,lm000_ls100_le000,0,0.6304374876720328
2,rough_seed_18,rough_seed_15,0.0066174734377557245,wm040_ws060_we000,lm060_ls040_le000,lm040_ls040_le020,0,7.495675196255161
2,rough_seed_18,rough_seed_15,0.0066174734377557245,wm040_ws040_we020,lm060_ls040_le000,lm000_ls100_le000,0,4.86707597937951
2,rough_seed_18,rough_seed_15,0.0066174734377557245,wm040_ws020_we040,lm000_ls080_le020,lm000_ls100_le000,0,0.33392546279317886
2,rough_seed_18,rough_seed_15,0.0066174734377557245,wm040_ws000_we060,lm000_ls080_le020,lm000_ls100_le000,0,0.7996911439301335
2,rough_seed_18,rough_seed_15,0.0066174734377557245,wm020_ws080_we000,lm000_ls060_le040,lm040_ls040_le020,0,21.842896816375678
2,rough_seed_18,rough_seed_15,0.0066174734377557245,wm020_ws060_we020,lm020_ls040_le040,lm040_ls040_le020,0,12.381323507305313
2,rough_seed_18,rough_seed_15,0.0066174734377557245,wm020_ws040_we040,lm060_ls040_le000,lm000_ls100_le000,0,4.870064216600413
2,rough_seed_18,rough_seed_15,0.0066174734377557245,wm020_ws020_we060,lm000_ls080_le020,lm000_ls100_le000,0,0.5970503092471557
2,rough_seed_18,rough_seed_15,0.0066174734377557245,wm020_ws000_we080,lm000_ls080_le020,lm000_ls100_le000,0,1.0628159903841106
2,rough_seed_18,rough_seed_15,0.0066174734377557245,wm000_ws100_we000,lm000_ls040_le060,lm040_ls040_le020,0,27.168985422575137
2,rough_seed_18,rough_seed_15,0.0066174734377557245,wm000_ws080_we020,lm000_ls040_le060,lm040_ls040_le020,0,21.548069087838673
2,rough_seed_18,rough_seed_15,0.0066174734377557245,wm000_ws060_we040,lm000_ls040_le060,lm040_ls040_le020,0,15.927152753102217
2,rough_seed_18,rough_seed_15,0.0066174734377557245,wm000_ws040_we060,lm000_ls080_le020,lm000_ls100_le000,0,0.3944094745641781
2,rough_seed_18,rough_seed_15,0.0066174734377557245,wm000_ws020_we080,lm000_ls080_le020,lm000_ls100_le000,0,0.860175155701133
2,rough_seed_18,rough_seed_15,0.0066174734377557245,wm000_ws000_we100,lm000_ls080_le020,lm000_ls100_le000,0,1.3259408368380876
2,rough_seed_18,rough_seed_15,0.0066174734377557245,balanced,lm060_ls040_le000,lm000_ls100_le000,0,4.059205652827927
2,rough_seed_18,rough_seed_15,0.0066174734377557245,motion,lm040_ls060_le000,lm000_ls100_le000,0,0.6109825401920533
2,rough_seed_18,rough_seed_15,0.0066174734377557245,stability,lm000_ls040_le060,lm040_ls040_le020,0,18.891110178523515
2,rough_seed_18,rough_seed_15,0.0066174734377557245,energy,lm000_ls080_le020,lm000_ls100_le000,0,0.7792729411448888
2,rough_seed_10,rough_seed_28,0.030817982932594915,wm100_ws000_we000,lm100_ls000_le000,lm060_ls040_le000,0,0.010046092519815277
2,rough_seed_10,rough_seed_28,0.030817982932594915,wm080_ws020_we000,lm060_ls040_le000,lm080_ls020_le000,0,0.11265663854560057
2,rough_seed_10,rough_seed_28,0.030817982932594915,wm080_ws000_we020,lm040_ls060_le000,lm100_ls000_le000,0,0.12279260475765097
2,rough_seed_10,rough_seed_28,0.030817982932594915,wm060_ws040_we000,lm000_ls100_le000,lm080_ls000_le020,0,0.2787847768600343
2,rough_seed_10,rough_seed_28,0.030817982932594915,wm060_ws020_we020,lm040_ls060_le000,lm080_ls020_le000,0,0.11589332092874853
2,rough_seed_10,rough_seed_28,0.030817982932594915,wm060_ws000_we040,lm000_ls100_le000,lm080_ls020_le000,0,0.36901968018537257
2,rough_seed_10,rough_seed_28,0.030817982932594915,wm040_ws060_we000,lm000_ls100_le000,lm020_ls040_le040,0,0.47559469995267134
2,rough_seed_10,rough_seed_28,0.030817982932594915,wm040_ws040_we020,lm000_ls100_le000,lm060_ls020_le020,0,0.3055700173142297
2,rough_seed_10,rough_seed_28,0.030817982932594915,wm040_ws020_we040,lm000_ls100_le000,lm080_ls020_le000,0,0.3165721132890958
2,rough_seed_10,rough_seed_28,0.030817982932594915,wm040_ws000_we060,lm000_ls100_le000,lm080_ls020_le000,0,0.5820551642298637
2,rough_seed_10,rough_seed_28,0.030817982932594915,wm020_ws080_we000,lm000_ls100_le000,lm040_ls000_le060,0,0.6966088269732125
2,rough_seed_10,rough_seed_28,0.030817982932594915,wm020_ws060_we020,lm000_ls100_le000,lm040_ls000_le060,0,0.5231569281928876
2,rough_seed_10,rough_seed_28,0.030817982932594915,wm020_ws040_we040,lm000_ls100_le000,lm060_ls020_le020,0,0.3076790575052877
2,rough_seed_10,rough_seed_28,0.030817982932594915,wm020_ws020_we060,lm000_ls100_le000,lm060_ls020_le020,0,0.5267982700790274
2,rough_seed_10,rough_seed_28,0.030817982932594915,wm020_ws000_we080,lm000_ls100_le000,lm080_ls020_le000,0,0.7950906482743548
2,rough_seed_10,rough_seed_28,0.030817982932594915,wm000_ws100_we000,lm000_ls100_le000,lm000_ls000_le100,0,1.062623275136013
2,rough_seed_10,rough_seed_28,0.030817982932594915,wm000_ws080_we020,lm000_ls100_le000,lm040_ls000_le060,0,0.698264549134874
2,rough_seed_10,rough_seed_28,0.030817982932594915,wm000_ws060_we040,lm000_ls100_le000,lm020_ls040_le040,0,0.4795069203355542
2,rough_seed_10,rough_seed_28,0.030817982932594915,wm000_ws040_we060,lm000_ls100_le000,lm060_ls020_le020,0,0.48783400793090237
2,rough_seed_10,rough_seed_28,0.030817982932594915,wm000_ws020_we080,lm000_ls080_le020,lm080_ls020_le000,0,0.6420319133760657
2,rough_seed_10,rough_seed_28,0.030817982932594915,wm000_ws000_we100,lm000_ls080_le020,lm080_ls020_le000,0,0.9128057092831403
2,rough_seed_10,rough_seed_28,0.030817982932594915,balanced,lm000_ls100_le000,lm060_ls020_le020,0,0.2560874033297659
2,rough_seed_10,rough_seed_28,0.030817982932594915,motion,lm060_ls040_le000,lm080_ls020_le000,0,0.08533933379246236
2,rough_seed_10,rough_seed_28,0.030817982932594915,stability,lm000_ls100_le000,lm040_ls000_le060,0,0.6102968081234654
2,rough_seed_10,rough_seed_28,0.030817982932594915,energy,lm000_ls100_le000,lm080_ls020_le000,0,0.6406411529651291
2,rough_seed_8,rough_seed_4,0.0062633421843985475,wm100_ws000_we000,lm080_ls020_le000,lm080_ls020_le000,1,0.0
2,rough_seed_8,rough_seed_4,0.0062633421843985475,wm080_ws020_we000,lm020_ls080_le000,lm080_ls020_le000,0,0.8302061120651932
2,rough_seed_8,rough_seed_4,0.0062633421843985475,wm080_ws000_we020,lm020_ls080_le000,lm100_ls000_le000,0,0.6392885998842822
2,rough_seed_8,rough_seed_4,0.0062633421843985475,wm060_ws040_we000,lm020_ls080_le000,lm080_ls020_le000,0,0.6226555633078914
2,rough_seed_8,rough_seed_4,0.0062633421843985475,wm060_ws020_we020,lm020_ls080_le000,lm080_ls020_le000,0,0.42327518563251504
2,rough_seed_8,rough_seed_4,0.0062633421843985475,wm060_ws000_we040,lm020_ls080_le000,lm100_ls000_le000,0,0.4821032602515386
2,rough_seed_8,rough_seed_4,0.0062633421843985475,wm040_ws060_we000,lm020_ls080_le000,lm080_ls020_le000,0,0.41510501455058957
2,rough_seed_8,rough_seed_4,0.0062633421843985475,wm040_ws040_we020,lm020_ls080_le000,lm080_ls020_le000,0,0.21572463687521326
2,rough_seed_8,rough_seed_4,0.0062633421843985475,wm040_ws020_we040,lm020_ls080_le000,lm100_ls000_le000,0,0.329455178548401
2,rough_seed_8,rough_seed_4,0.0062633421843985475,wm040_ws000_we060,lm060_ls040_le000,lm100_ls000_le000,0,0.5332987941373881
2,rough_seed_8,rough_seed_4,0.0062633421843985475,wm020_ws080_we000,lm000_ls100_le000,lm080_ls020_le000,0,1.1817698517610493
2,rough_seed_8,rough_seed_4,0.0062633421843985475,wm020_ws060_we020,lm000_ls100_le000,lm080_ls020_le000,0,0.690321594175056
2,rough_seed_8,rough_seed_4,0.0062633421843985475,wm020_ws040_we040,lm000_ls100_le000,lm040_ls060_le000,0,0.8023571293444696
2,rough_seed_8,rough_seed_4,0.0062633421843985475,wm020_ws020_we060,lm020_ls080_le000,lm040_ls060_le000,0,0.5926511228496221
2,rough_seed_8,rough_seed_4,0.0062633421843985475,wm020_ws000_we080,lm060_ls040_le000,lm040_ls060_le000,0,0.7146234815419905
2,rough_seed_8,rough_seed_4,0.0062633421843985475,wm000_ws100_we000,lm000_ls100_le000,lm080_ls020_le000,0,1.4738784213756881
2,rough_seed_8,rough_seed_4,0.0062633421843985475,wm000_ws080_we020,lm000_ls100_le000,lm080_ls020_le000,0,0.9824301637896948
2,rough_seed_8,rough_seed_4,0.0062633421843985475,wm000_ws060_we040,lm000_ls100_le000,lm080_ls020_le000,0,0.6808959046014466
2,rough_seed_8,rough_seed_4,0.0062633421843985475,wm000_ws040_we060,lm000_ls100_le000,lm040_ls060_le000,0,1.3397601102875387
2,rough_seed_8,rough_seed_4,0.0062633421843985475,wm000_ws020_we080,lm000_ls100_le000,lm040_ls060_le000,0,2.0150552941526887
2,rough_seed_8,rough_seed_4,0.0062633421843985475,wm000_ws000_we100,lm000_ls100_le000,lm040_ls060_le000,0,2.690350478017839
2,rough_seed_8,rough_seed_4,0.0062633421843985475,balanced,lm020_ls080_le000,lm080_ls020_le000,0,0.10786121000983317
2,rough_seed_8,rough_seed_4,0.0062633421843985475,motion,lm020_ls080_le000,lm080_ls020_le000,0,0.5768955544300101
2,rough_seed_8,rough_seed_4,0.0062633421843985475,stability,lm000_ls100_le000,lm080_ls020_le000,0,0.8862108009752141
2,rough_seed_8,rough_seed_4,0.0062633421843985475,energy,lm020_ls080_le000,lm040_ls060_le000,0,0.7753145657795987
2,rough_seed_22,rough_seed_20,0.009643495465553832,wm100_ws000_we000,lm100_ls000_le000,lm100_ls000_le000,1,0.0
2,rough_seed_22,rough_seed_20,0.009643495465553832,wm080_ws020_we000,lm080_ls000_le020,lm080_ls020_le000,0,0.04700521521449208
2,rough_seed_22,rough_seed_20,0.009643495465553832,wm080_ws000_we020,lm060_ls020_le020,lm080_ls020_le000,0,0.06878281597550367
2,rough_seed_22,rough_seed_20,0.009643495465553832,wm060_ws040_we000,lm000_ls060_le040,lm080_ls000_le020,0,0.4197103922810418
2,rough_seed_22,rough_seed_20,0.009643495465553832,wm060_ws020_we020,lm080_ls000_le020,lm080_ls000_le020,1,0.0
2,rough_seed_22,rough_seed_20,0.009643495465553832,wm060_ws000_we040,lm060_ls020_le020,lm040_ls040_le020,0,0.09172342507914594
2,rough_seed_22,rough_seed_20,0.009643495465553832,wm040_ws060_we000,lm060_ls000_le040,lm040_ls040_le020,0,0.2269874009003014
2,rough_seed_22,rough_seed_20,0.009643495465553832,wm040_ws040_we020,lm040_ls020_le040,lm040_ls040_le020,0,0.19267165723668428
2,rough_seed_22,rough_seed_20,0.009643495465553832,wm040_ws020_we040,lm060_ls020_le020,lm040_ls040_le020,0,0.17154428895773458
2,rough_seed_22,rough_seed_20,0.009643495465553832,wm040_ws000_we060,lm060_ls020_le020,lm040_ls040_le020,0,0.256984051993705
2,rough_seed_22,rough_seed_20,0.009643495465553832,wm020_ws080_we000,lm020_ls020_le060,lm040_ls020_le040,0,0.1216708468231667
2,rough_seed_22,rough_seed_20,0.009643495465553832,wm020_ws060_we020,lm000_ls040_le060,lm040_ls020_le040,0,0.1323276396584846
2,rough_seed_22,rough_seed_20,0.009643495465553832,wm020_ws040_we040,lm000_ls060_le040,lm040_ls020_le040,0,0.030997998752763295
2,rough_seed_22,rough_seed_20,0.009643495465553832,wm020_ws020_we060,lm060_ls020_le020,lm040_ls020_le040,0,0.4068516977402114
2,rough_seed_22,rough_seed_20,0.009643495465553832,wm020_ws000_we080,lm060_ls020_le020,lm040_ls020_le040,0,0.607726521749659
2,rough_seed_22,rough_seed_20,0.009643495465553832,wm000_ws100_we000,lm000_ls000_le100,lm040_ls020_le040,0,0.29575601260210443
2,rough_seed_22,rough_seed_20,0.009643495465553832,wm000_ws080_we020,lm000_ls040_le060,lm040_ls020_le040,0,0.23157034899308748
2,rough_seed_22,rough_seed_20,0.009643495465553832,wm000_ws060_we040,lm000_ls040_le060,lm040_ls020_le040,0,0.46085473905892016
2,rough_seed_22,rough_seed_20,0.009643495465553832,wm000_ws040_we060,lm080_ls000_le020,lm040_ls020_le040,0,0.5743007158726567
2,rough_seed_22,rough_seed_20,0.009643495465553832,wm000_ws020_we080,lm060_ls020_le020,lm040_ls020_le040,0,0.810454756437447
2,rough_seed_22,rough_seed_20,0.009643495465553832,wm000_ws000_we100,lm060_ls020_le020,lm040_ls020_le040,0,1.0113295804468945
2,rough_seed_22,rough_seed_20,0.009643495465553832,balanced,lm000_ls060_le040,lm040_ls040_le020,0,0.1894274549107057
2,rough_seed_22,rough_seed_20,0.009643495465553832,motion,lm080_ls000_le020,lm080_ls020_le000,0,0.06517657456595652
2,rough_seed_22,rough_seed_20,0.009643495465553832,stability,lm000_ls040_le060,lm040_ls020_le040,0,0.09981721947567715
2,rough_seed_22,rough_seed_20,0.009643495465553832,energy,lm060_ls020_le020,lm040_ls020_le040,0,0.5579711684168822
2,rough_seed_20,rough_seed_22,0.009643495465553832,wm100_ws000_we000,lm100_ls000_le000,lm100_ls000_le000,1,0.0
2,rough_seed_20,rough_seed_22,0.009643495465553832,wm080_ws020_we000,lm080_ls020_le000,lm080_ls000_le020,0,0.06218461058829519
2,rough_seed_20,rough_seed_22,0.009643495465553832,wm080_ws000_we020,lm080_ls020_le000,lm060_ls020_le020,0,0.0782662737899492
2,rough_seed_20,rough_seed_22,0.009643495465553832,wm060_ws040_we000,lm080_ls000_le020,lm000_ls060_le040,0,0.033855065103046283
2,rough_seed_20,rough_seed_22,0.009643495465553832,wm060_ws020_we020,lm080_ls000_le020,lm080_ls000_le020,1,0.0
2,rough_seed_20,rough_seed_22,0.009643495465553832,wm060_ws000_we040,lm040_ls040_le020,lm060_ls020_le020,0,0.3039255884740767
2,rough_seed_20,rough_seed_22,0.009643495465553832,wm040_ws060_we000,lm040_ls040_le020,lm060_ls000_le040,0,0.35931418357388745
2,rough_seed_20,rough_seed_22,0.009643495465553832,wm040_ws040_we020,lm040_ls040_le020,lm040_ls020_le040,0,0.18174431612879158
2,rough_seed_20,rough_seed_22,0.009643495465553832,wm040_ws020_we040,lm040_ls040_le020,lm060_ls020_le020,0,0.24575778334252685
2,rough_seed_20,rough_seed_22,0.009643495465553832,wm040_ws000_we060,lm040_ls040_le020,lm060_ls020_le020,0,0.5282328053118394
2,rough_seed_20,rough_seed_22,0.009643495465553832,wm020_ws080_we000,lm040_ls020_le040,lm020_ls020_le060,0,0.16567559382391167
2,rough_seed_20,rough_seed_22,0.009643495465553832,wm020_ws060_we020,lm040_ls020_le040,lm000_ls040_le060,0,0.0780099624868538
2,rough_seed_20,rough_seed_22,0.009643495465553832,wm020_ws040_we040,lm040_ls020_le040,lm000_ls060_le040,0,0.09156314565281137
2,rough_seed_20,rough_seed_22,0.009643495465553832,wm020_ws020_we060,lm040_ls020_le040,lm060_ls020_le020,0,0.3350168415501528
2,rough_seed_20,rough_seed_22,0.009643495465553832,wm020_ws000_we080,lm040_ls020_le040,lm060_ls020_le020,0,0.6123693469537417
2,rough_seed_20,rough_seed_22,0.009643495465553832,wm000_ws100_we000,lm040_ls020_le040,lm000_ls000_le100,0,0.3473909479433597
2,rough_seed_20,rough_seed_22,0.009643495465553832,wm000_ws080_we020,lm040_ls020_le040,lm000_ls040_le060,0,0.14763276156493108
2,rough_seed_20,rough_seed_22,0.009643495465553832,wm000_ws060_we040,lm040_ls020_le040,lm000_ls040_le060,0,0.05930763997049754
2,rough_seed_20,rough_seed_22,0.009643495465553832,wm000_ws040_we060,lm040_ls020_le040,lm080_ls000_le020,0,0.2022581708485029
2,rough_seed_20,rough_seed_22,0.009643495465553832,wm000_ws020_we080,lm040_ls020_le040,lm060_ls020_le020,0,0.49462441456543305
2,rough_seed_20,rough_seed_22,0.009643495465553832,wm000_ws000_we100,lm040_ls020_le040,lm060_ls020_le020,0,0.800948573992447
2,rough_seed_20,rough_seed_22,0.009643495465553832,balanced,lm040_ls040_le020,lm000_ls060_le040,0,0.13589150167133868
2,rough_seed_20,rough_seed_22,0.009643495465553832,motion,lm080_ls020_le000,lm080_ls000_le020,0,0.04602913148335923
2,rough_seed_20,rough_seed_22,0.009643495465553832,stability,lm040_ls020_le040,lm000_ls040_le060,0,0.14520606662304164
2,rough_seed_20,rough_seed_22,0.009643495465553832,energy,lm040_ls020_le040,lm060_ls020_le020,0,0.4514997746607264
2,rough_seed_28,rough_seed_20,0.020710666774835084,wm100_ws000_we000,lm100_ls000_le000,lm100_ls000_le000,1,0.0
2,rough_seed_28,rough_seed_20,0.020710666774835084,wm080_ws020_we000,lm080_ls000_le020,lm060_ls040_le000,0,0.6919978426353313
2,rough_seed_28,rough_seed_20,0.020710666774835084,wm080_ws000_we020,lm060_ls020_le020,lm040_ls060_le000,0,0.641907278239384
2,rough_seed_28,rough_seed_20,0.020710666774835084,wm060_ws040_we000,lm000_ls060_le040,lm000_ls100_le000,0,1.5048428978289932
2,rough_seed_28,rough_seed_20,0.020710666774835084,wm060_ws020_we020,lm080_ls000_le020,lm040_ls060_le000,0,0.5665814984414934
2,rough_seed_28,rough_seed_20,0.020710666774835084,wm060_ws000_we040,lm060_ls020_le020,lm000_ls100_le000,0,1.1463681677024895
2,rough_seed_28,rough_seed_20,0.020710666774835084,wm040_ws060_we000,lm060_ls000_le040,lm000_ls100_le000,0,2.214121580790592
2,rough_seed_28,rough_seed_20,0.020710666774835084,wm040_ws040_we020,lm040_ls020_le040,lm000_ls100_le000,0,1.245568525128411
2,rough_seed_28,rough_seed_20,0.020710666774835084,wm040_ws020_we040,lm060_ls020_le020,lm000_ls100_le000,0,1.1939000987844488
2,rough_seed_28,rough_seed_20,0.020710666774835084,wm040_ws000_we060,lm060_ls020_le020,lm000_ls100_le000,0,1.8338870568131007
2,rough_seed_28,rough_seed_20,0.020710666774835084,wm020_ws080_we000,lm020_ls020_le060,lm000_ls100_le000,0,4.1211140931308
2,rough_seed_28,rough_seed_20,0.020710666774835084,wm020_ws060_we020,lm000_ls040_le060,lm000_ls100_le000,0,2.659839377215542
2,rough_seed_28,rough_seed_20,0.020710666774835084,wm020_ws040_we040,lm000_ls060_le040,lm000_ls100_le000,0,1.6004281506512443
2,rough_seed_28,rough_seed_20,0.020710666774835084,wm020_ws020_we060,lm060_ls020_le020,lm000_ls100_le000,0,1.8666165403537136
2,rough_seed_28,rough_seed_20,0.020710666774835084,wm020_ws000_we080,lm060_ls020_le020,lm000_ls100_le000,0,2.4859435612783702
2,rough_seed_28,rough_seed_20,0.020710666774835084,wm000_ws100_we000,lm000_ls000_le100,lm000_ls100_le000,0,9.935767327926113
2,rough_seed_28,rough_seed_20,0.020710666774835084,wm000_ws080_we020,lm000_ls040_le060,lm000_ls100_le000,0,3.581226101662601
2,rough_seed_28,rough_seed_20,0.020710666774835084,wm000_ws060_we040,lm000_ls040_le060,lm000_ls100_le000,0,2.668860229370779
2,rough_seed_28,rough_seed_20,0.020710666774835084,wm000_ws040_we060,lm080_ls000_le020,lm000_ls100_le000,0,2.0321734012945702
2,rough_seed_28,rough_seed_20,0.020710666774835084,wm000_ws020_we080,lm060_ls020_le020,lm000_ls080_le020,0,2.5139786398249133
2,rough_seed_28,rough_seed_20,0.020710666774835084,wm000_ws000_we100,lm060_ls020_le020,lm000_ls080_le020,0,3.2099578318895237
2,rough_seed_28,rough_seed_20,0.020710666774835084,balanced,lm000_ls060_le040,lm000_ls100_le000,0,1.297026045482479
2,rough_seed_28,rough_seed_20,0.020710666774835084,motion,lm080_ls000_le020,lm060_ls040_le000,0,0.5992078595373471
2,rough_seed_28,rough_seed_20,0.020710666774835084,stability,lm000_ls040_le060,lm000_ls100_le000,0,3.118277526400263
2,rough_seed_28,rough_seed_20,0.020710666774835084,energy,lm060_ls020_le020,lm000_ls100_le000,0,2.1763686926438712
2,rough_seed_17,rough_seed_7,0.012038066100196069,wm100_ws000_we000,lm100_ls000_le000,lm060_ls040_le000,0,0.0005174753795976763
2,rough_seed_17,rough_seed_7,0.012038066100196069,wm080_ws020_we000,lm080_ls020_le000,lm100_ls000_le000,0,0.037882979783321884
2,rough_seed_17,rough_seed_7,0.012038066100196069,wm080_ws000_we020,lm000_ls100_le000,lm100_ls000_le000,0,0.07975992952989239
2,rough_seed_17,rough_seed_7,0.012038066100196069,wm060_ws040_we000,lm080_ls020_le000,lm100_ls000_le000,0,0.0753075586399183
2,rough_seed_17,rough_seed_7,0.012038066100196069,wm060_ws020_we020,lm000_ls100_le000,lm100_ls000_le000,0,0.16110566897491352
2,rough_seed_17,rough_seed_7,0.012038066100196069,wm060_ws000_we040,lm040_ls040_le020,lm100_ls000_le000,0,0.21645947135621135
2,rough_seed_17,rough_seed_7,0.012038066100196069,wm040_ws060_we000,lm080_ls020_le000,lm100_ls000_le000,0,0.11273213749651473
2,rough_seed_17,rough_seed_7,0.012038066100196069,wm040_ws040_we020,lm020_ls080_le000,lm100_ls000_le000,0,0.23660998075537779
2,rough_seed_17,rough_seed_7,0.012038066100196069,wm040_ws020_we040,lm040_ls020_le040,lm100_ls000_le000,0,0.2704379827254992
2,rough_seed_17,rough_seed_7,0.012038066100196069,wm040_ws000_we060,lm040_ls020_le040,lm100_ls000_le000,0,0.21561538942714253
2,rough_seed_17,rough_seed_7,0.012038066100196069,wm020_ws080_we000,lm000_ls060_le040,lm100_ls000_le000,0,0.21685582365871436
2,rough_seed_17,rough_seed_7,0.012038066100196069,wm020_ws060_we020,lm000_ls060_le040,lm100_ls000_le000,0,0.191538760092493
2,rough_seed_17,rough_seed_7,0.012038066100196069,wm020_ws040_we040,lm000_ls040_le060,lm100_ls000_le000,0,0.865933767560186
2,rough_seed_17,rough_seed_7,0.012038066100196069,wm020_ws020_we060,lm040_ls020_le040,lm100_ls000_le000,0,0.1085499661858052
2,rough_seed_17,rough_seed_7,0.012038066100196069,wm020_ws000_we080,lm020_ls020_le060,lm020_ls060_le020,0,2.0003591713238715
2,rough_seed_17,rough_seed_7,0.012038066100196069,wm000_ws100_we000,lm020_ls020_le060,lm060_ls000_le040,0,1.5792375770208893
2,rough_seed_17,rough_seed_7,0.012038066100196069,wm000_ws080_we020,lm020_ls020_le060,lm100_ls000_le000,0,1.1916142309942646
2,rough_seed_17,rough_seed_7,0.012038066100196069,wm000_ws060_we040,lm020_ls020_le060,lm100_ls000_le000,0,0.9570605746048936
2,rough_seed_17,rough_seed_7,0.012038066100196069,wm000_ws040_we060,lm020_ls020_le060,lm100_ls000_le000,0,1.4282460602994045
2,rough_seed_17,rough_seed_7,0.012038066100196069,wm000_ws020_we080,lm020_ls020_le060,lm020_ls060_le020,0,1.9151579439596569
2,rough_seed_17,rough_seed_7,0.012038066100196069,wm000_ws000_we100,lm020_ls020_le060,lm020_ls060_le020,0,2.6425384260460536
2,rough_seed_17,rough_seed_7,0.012038066100196069,balanced,lm000_ls060_le040,lm100_ls000_le000,0,0.32235901837288294
2,rough_seed_17,rough_seed_7,0.012038066100196069,motion,lm000_ls100_le000,lm100_ls000_le000,0,0.12123937968543116
2,rough_seed_17,rough_seed_7,0.012038066100196069,stability,lm020_ls020_le060,lm100_ls000_le000,0,1.0454729574411188
2,rough_seed_17,rough_seed_7,0.012038066100196069,energy,lm020_ls020_le060,lm020_ls060_le020,0,1.7031426208432228
3,rough_seed_13,rough_seed_18,0.02712743161742798,wm100_ws000_we000,lm000_ls100_le000,lm100_ls000_le000,0,0.2552291007542472
3,rough_seed_13,rough_seed_18,0.02712743161742798,wm080_ws020_we000,lm000_ls100_le000,lm080_ls020_le000,0,0.09700151249562154
3,rough_seed_13,rough_seed_18,0.02712743161742798,wm080_ws000_we020,lm000_ls100_le000,lm080_ls020_le000,0,0.06192503757867396
3,rough_seed_13,rough_seed_18,0.02712743161742798,wm060_ws040_we000,lm000_ls100_le000,lm040_ls060_le000,0,0.02401635406050992
3,rough_seed_13,rough_seed_18,0.02712743161742798,wm060_ws020_we020,lm000_ls100_le000,lm080_ls020_le000,0,0.020318838861103
3,rough_seed_13,rough_seed_18,0.02712743161742798,wm060_ws000_we040,lm000_ls100_le000,lm020_ls060_le020,0,0.06668252017710302
3,rough_seed_13,rough_seed_18,0.02712743161742798,wm040_ws060_we000,lm040_ls040_le020,lm040_ls060_le000,0,0.5470967463260838
3,rough_seed_13,rough_seed_18,0.02712743161742798,wm040_ws040_we020,lm000_ls100_le000,lm040_ls060_le000,0,0.008561207046983182
3,rough_seed_13,rough_seed_18,0.02712743161742798,wm040_ws020_we040,lm000_ls100_le000,lm040_ls020_le040,0,0.11032387402055932
3,rough_seed_13,rough_seed_18,0.02712743161742798,wm040_ws000_we060,lm000_ls100_le000,lm060_ls000_le040,0,0.26668652623075606
3,rough_seed_13,rough_seed_18,0.02712743161742798,wm020_ws080_we000,lm040_ls040_le020,lm040_ls060_le000,0,0.8008585596380785
3,rough_seed_13,rough_seed_18,0.02712743161742798,wm020_ws060_we020,lm040_ls040_le020,lm040_ls060_le000,0,0.4792395244552077
3,rough_seed_13,rough_seed_18,0.02712743161742798,wm020_ws040_we040,lm000_ls100_le000,lm020_ls000_le080,0,0.1250224073537972
3,rough_seed_13,rough_seed_18,0.02712743161742798,wm020_ws020_we060,lm000_ls100_le000,lm040_ls000_le060,0,0.3433175893655319
3,rough_seed_13,rough_seed_18,0.02712743161742798,wm020_ws000_we080,lm000_ls100_le000,lm040_ls000_le060,0,0.5191865855797919
3,rough_seed_13,rough_seed_18,0.02712743161742798,wm000_ws100_we000,lm040_ls040_le020,lm040_ls060_le000,0,1.054620372950073
3,rough_seed_13,rough_seed_18,0.02712743161742798,wm000_ws080_we020,lm040_ls040_le020,lm020_ls000_le080,0,0.7194983915787648
3,rough_seed_13,rough_seed_18,0.02712743161742798,wm000_ws060_we040,lm040_ls040_le020,lm020_ls000_le080,0,0.541978191630715
3,rough_seed_13,rough_seed_18,0.02712743161742798,wm000_ws040_we060,lm000_ls100_le000,lm020_ls000_le080,0,0.4275951239078808
3,rough_seed_13,rough_seed_18,0.02712743161742798,wm000_ws020_we080,lm000_ls100_le000,lm020_ls000_le080,0,0.6225342314847239
3,rough_seed_13,rough_seed_18,0.02712743161742798,wm000_ws000_we100,lm000_ls100_le000,lm040_ls000_le060,0,0.8175038639219216
3,rough_seed_13,rough_seed_18,0.02712743161742798,balanced,lm000_ls100_le000,lm080_ls020_le000,0,0.03270896035207965
3,rough_seed_13,rough_seed_18,0.02712743161742798,motion,lm000_ls100_le000,lm080_ls020_le000,0,0.07115253433137764
3,rough_seed_13,rough_seed_18,0.02712743161742798,stability,lm040_ls040_le020,lm040_ls060_le000,0,0.6230847365789239
3,rough_seed_13,rough_seed_18,0.02712743161742798,energy,lm000_ls100_le000,lm040_ls000_le060,0,0.4618641580046294
3,rough_seed_7,rough_seed_5,0.030692501225326792,wm100_ws000_we000,lm000_ls100_le000,lm100_ls000_le000,0,0.1556219893731322
3,rough_seed_7,rough_seed_5,0.030692501225326792,wm080_ws020_we000,lm020_ls060_le020,lm080_ls020_le000,0,0.16591749346396836
3,rough_seed_7,rough_seed_5,0.030692501225326792,wm080_ws000_we020,lm060_ls040_le000,lm000_ls100_le000,0,0.07377457538928675
3,rough_seed_7,rough_seed_5,0.030692501225326792,wm060_ws040_we000,lm060_ls020_le020,lm080_ls020_le000,0,0.244982768917322
3,rough_seed_7,rough_seed_5,0.030692501225326792,wm060_ws020_we020,lm020_ls060_le020,lm000_ls100_le000,0,0.047440488616420695
3,rough_seed_7,rough_seed_5,0.030692501225326792,wm060_ws000_we040,lm080_ls020_le000,lm040_ls040_le020,0,0.21274477716896736
3,rough_seed_7,rough_seed_5,0.030692501225326792,wm040_ws060_we000,lm060_ls020_le020,lm080_ls020_le000,0,0.3671248580384804
3,rough_seed_7,rough_seed_5,0.030692501225326792,wm040_ws040_we020,lm060_ls020_le020,lm020_ls080_le000,0,0.2220602966363716
3,rough_seed_7,rough_seed_5,0.030692501225326792,wm040_ws020_we040,lm060_ls020_le020,lm040_ls020_le040,0,0.18289839361111665
3,rough_seed_7,rough_seed_5,0.030692501225326792,wm040_ws000_we060,lm000_ls080_le020,lm040_ls020_le040,0,0.13827169934175015
3,rough_seed_7,rough_seed_5,0.030692501225326792,wm020_ws080_we000,lm020_ls040_le040,lm000_ls060_le040,0,0.5398616554101336
3,rough_seed_7,rough_seed_5,0.030692501225326792,wm020_ws060_we020,lm020_ls040_le040,lm000_ls060_le040,0,0.4044573825591733
3,rough_seed_7,rough_seed_5,0.030692501225326792,wm020_ws040_we040,lm000_ls040_le060,lm000_ls040_le060,1,0.0
3,rough_seed_7,rough_seed_5,0.030692501225326792,wm020_ws020_we060,lm060_ls020_le020,lm040_ls020_le040,0,0.3775356091167842
3,rough_seed_7,rough_seed_5,0.030692501225326792,wm020_ws000_we080,lm020_ls060_le020,lm020_ls020_le060,0,0.2773899087197262
3,rough_seed_7,rough_seed_5,0.030692501225326792,wm000_ws100_we000,lm000_ls040_le060,lm020_ls020_le060,0,0.4750165312451118
3,rough_seed_7,rough_seed_5,0.030692501225326792,wm000_ws080_we020,lm000_ls040_le060,lm020_ls020_le060,0,0.3806829549597384
3,rough_seed_7,rough_seed_5,0.030692501225326792,wm000_ws060_we040,lm000_ls040_le060,lm020_ls020_le060,0,0.28634937867436505
3,rough_seed_7,rough_seed_5,0.030692501225326792,wm000_ws040_we060,lm060_ls020_le020,lm020_ls020_le060,0,0.5496950386822334
3,rough_seed_7,rough_seed_5,0.030692501225326792,wm000_ws020_we080,lm060_ls020_le020,lm020_ls020_le060,0,0.7295943365989371
3,rough_seed_7,rough_seed_5,0.030692501225326792,wm000_ws000_we100,lm020_ls060_le020,lm020_ls020_le060,0,0.5984810906930279
3,rough_seed_7,rough_seed_5,0.030692501225326792,balanced,lm060_ls020_le020,lm000_ls060_le040,0,0.11608609226524153
3,rough_seed_7,rough_seed_5,0.030692501225326792,motion,lm100_ls000_le000,lm000_ls100_le000,0,0.007110061757766156
3,rough_seed_7,rough_seed_5,0.030692501225326792,stability,lm020_ls040_le040,lm020_ls020_le060,0,0.49080240848649415
3,rough_seed_7,rough_seed_5,0.030692501225326792,energy,lm060_ls020_le020,lm020_ls020_le060,0,0.48681445600983564
3,rough_seed_15,rough_seed_6,0.025879290725103574,wm100_ws000_we000,lm080_ls020_le000,lm040_ls060_le000,0,0.1193862776990456
3,rough_seed_15,rough_seed_6,0.025879290725103574,wm080_ws020_we000,lm020_ls080_le000,lm080_ls020_le000,0,0.08105796358966696
3,rough_seed_15,rough_seed_6,0.025879290725103574,wm080_ws000_we020,lm100_ls000_le000,lm020_ls060_le020,0,0.06776504440668252
3,rough_seed_15,rough_seed_6,0.025879290725103574,wm060_ws040_we000,lm000_ls080_le020,lm060_ls040_le000,0,0.10375389324337345
3,rough_seed_15,rough_seed_6,0.025879290725103574,wm060_ws020_we020,lm020_ls080_le000,lm060_ls040_le000,0,0.07983314609983286
3,rough_seed_15,rough_seed_6,0.025879290725103574,wm060_ws000_we040,lm100_ls000_le000,lm000_ls080_le020,0,0.10465842284633489
3,rough_seed_15,rough_seed_6,0.025879290725103574,wm040_ws060_we000,lm040_ls020_le040,lm060_ls040_le000,0,0.0693259651572109
3,rough_seed_15,rough_seed_6,0.025879290725103574,wm040_ws040_we020,lm000_ls080_le020,lm060_ls040_le000,0,0.10273798042846094
3,rough_seed_15,rough_seed_6,0.025879290725103574,wm040_ws020_we040,lm020_ls080_le000,lm000_ls080_le020,0,0.20989837685688165
3,rough_seed_15,rough_seed_6,0.025879290725103574,wm040_ws000_we060,lm100_ls000_le000,lm000_ls080_le020,0,0.24271284233174767
3,rough_seed_15,rough_seed_6,0.025879290725103574,wm020_ws080_we000,lm020_ls040_le040,lm000_ls060_le040,0,0.009731307235977232
3,rough_seed_15,rough_seed_6,0.025879290725103574,wm020_ws060_we020,lm000_ls060_le040,lm020_ls040_le040,0,0.06758359525449562
3,rough_seed_15,rough_seed_6,0.025879290725103574,wm020_ws040_we040,lm000_ls080_le020,lm060_ls040_le000,0,0.04011491092655178
3,rough_seed_15,rough_seed_6,0.025879290725103574,wm020_ws020_we060,lm020_ls080_le000,lm000_ls080_le020,0,0.3734574435883839
3,rough_seed_15,rough_seed_6,0.025879290725103574,wm020_ws000_we080,lm100_ls000_le000,lm000_ls080_le020,0,0.3807672618171605
3,rough_seed_15,rough_seed_6,0.025879290725103574,wm000_ws100_we000,lm040_ls000_le060,lm000_ls040_le060,0,0.5031300341437127
3,rough_seed_15,rough_seed_6,0.025879290725103574,wm000_ws080_we020,lm040_ls000_le060,lm000_ls040_le060,0,0.31993543472615527
3,rough_seed_15,rough_seed_6,0.025879290725103574,wm000_ws060_we040,lm040_ls000_le060,lm000_ls040_le060,0,0.1367408353085978
3,rough_seed_15,rough_seed_6,0.025879290725103574,wm000_ws040_we060,lm000_ls080_le020,lm000_ls080_le020,1,0.0
3,rough_seed_15,rough_seed_6,0.025879290725103574,wm000_ws020_we080,lm020_ls080_le000,lm000_ls080_le020,0,0.5370165103198864
3,rough_seed_15,rough_seed_6,0.025879290725103574,wm000_ws000_we100,lm100_ls000_le000,lm000_ls080_le020,0,0.5188216813025733
3,rough_seed_15,rough_seed_6,0.025879290725103574,balanced,lm000_ls080_le020,lm060_ls040_le000,0,0.03347153854300505
3,rough_seed_15,rough_seed_6,0.025879290725103574,motion,lm020_ls080_le000,lm040_ls060_le000,0,0.053446774576012865
3,rough_seed_15,rough_seed_6,0.025879290725103574,stability,lm000_ls060_le040,lm000_ls040_le060,0,0.001290404406806528
3,rough_seed_15,rough_seed_6,0.025879290725103574,energy,lm040_ls060_le000,lm000_ls080_le020,0,0.25177765175663924
3,rough_seed_0,rough_seed_29,0.02929744169747909,wm100_ws000_we000,lm100_ls000_le000,lm080_ls020_le000,0,0.10619701109911484
3,rough_seed_0,rough_seed_29,0.02929744169747909,wm080_ws020_we000,lm100_ls000_le000,lm100_ls000_le000,1,0.0
3,rough_seed_0,rough_seed_29,0.02929744169747909,wm080_ws000_we020,lm060_ls040_le000,lm060_ls040_le000,1,0.0
3,rough_seed_0,rough_seed_29,0.02929744169747909,wm060_ws040_we000,lm060_ls040_le000,lm100_ls000_le000,0,0.0012496466946972928
3,rough_seed_0,rough_seed_29,0.02929744169747909,wm060_ws020_we020,lm060_ls040_le000,lm100_ls000_le000,0,0.0007869545660379451
3,rough_seed_0,rough_seed_29,0.02929744169747909,wm060_ws000_we040,lm060_ls040_le000,lm060_ls040_le000,1,0.0
3,rough_seed_0,rough_seed_29,0.02929744169747909,wm040_ws060_we000,lm040_ls060_le000,lm060_ls000_le040,0,0.7138502715534418
3,rough_seed_0,rough_seed_29,0.02929744169747909,wm040_ws040_we020,lm040_ls060_le000,lm100_ls000_le000,0,0.39642341795650454
3,rough_seed_0,rough_seed_29,0.02929744169747909,wm040_ws020_we040,lm060_ls040_le000,lm100_ls000_le000,0,0.001028062241099692
3,rough_seed_0,rough_seed_29,0.02929744169747909,wm040_ws000_we060,lm080_ls020_le000,lm100_ls000_le000,0,0.2511986095877981
3,rough_seed_0,rough_seed_29,0.02929744169747909,wm020_ws080_we000,lm080_ls020_le000,lm060_ls000_le040,0,0.6715054323187577
3,rough_seed_0,rough_seed_29,0.02929744169747909,wm020_ws060_we020,lm080_ls020_le000,lm000_ls060_le040,0,0.4591089483824853
3,rough_seed_0,rough_seed_29,0.02929744169747909,wm020_ws040_we040,lm080_ls020_le000,lm000_ls040_le060,0,0.20203819026923883
3,rough_seed_0,rough_seed_29,0.02929744169747909,wm020_ws020_we060,lm080_ls020_le000,lm100_ls000_le000,0,0.1641926964808276
3,rough_seed_0,rough_seed_29,0.02929744169747909,wm020_ws000_we080,lm080_ls000_le020,lm100_ls000_le000,0,0.547354711924831
3,rough_seed_0,rough_seed_29,0.02929744169747909,wm000_ws100_we000,lm080_ls020_le000,lm000_ls040_le060,0,1.01
3,rough_seed_0,rough_seed_29,0.02929744169747909,wm000_ws080_we020,lm080_ls020_le000,lm000_ls040_le060,0,0.713005369643609
3,rough_seed_0,rough_seed_29,0.02929744169747909,wm000_ws060_we040,lm080_ls020_le000,lm000_ls040_le060,0,0.4160107392872179
3,rough_seed_0,rough_seed_29,0.02929744169747909,wm000_ws040_we060,lm080_ls020_le000,lm100_ls000_le000,0,0.14435884429753043
3,rough_seed_0,rough_seed_29,0.02929744169747909,wm000_ws020_we080,lm040_ls040_le020,lm100_ls000_le000,0,0.4022338861377538
3,rough_seed_0,rough_seed_29,0.02929744169747909,wm000_ws000_we100,lm080_ls000_le020,lm100_ls000_le000,0,0.7104021498141614
3,rough_seed_0,rough_seed_29,0.02929744169747909,balanced,lm060_ls040_le000,lm100_ls000_le000,0,0.0014168928852264784
3,rough_seed_0,rough_seed_29,0.02929744169747909,motion,lm060_ls040_le000,lm100_ls000_le000,0,0.0005507276963422764
3,rough_seed_0,rough_seed_29,0.02929744169747909,stability,lm080_ls020_le000,lm000_ls060_le040,0,0.5967024525826499
3,rough_seed_0,rough_seed_29,0.02929744169747909,energy,lm080_ls000_le020,lm100_ls000_le000,0,0.4006664822516466
3,rough_seed_5,rough_seed_20,0.01337581513117412,wm100_ws000_we000,lm100_ls000_le000,lm000_ls100_le000,0,0.07993338923685919
3,rough_seed_5,rough_seed_20,0.01337581513117412,wm080_ws020_we000,lm080_ls000_le020,lm020_ls060_le020,0,0.13264722961626557
3,rough_seed_5,rough_seed_20,0.01337581513117412,wm080_ws000_we020,lm060_ls020_le020,lm060_ls040_le000,0,0.19829155385715025
3,rough_seed_5,rough_seed_20,0.01337581513117412,wm060_ws040_we000,lm000_ls060_le040,lm060_ls020_le020,0,0.3143209184783374
3,rough_seed_5,rough_seed_20,0.01337581513117412,wm060_ws020_we020,lm080_ls000_le020,lm020_ls060_le020,0,0.06492773284257167
3,rough_seed_5,rough_seed_20,0.01337581513117412,wm060_ws000_we040,lm060_ls020_le020,lm080_ls020_le000,0,0.12130412869393269
3,rough_seed_5,rough_seed_20,0.01337581513117412,wm040_ws060_we000,lm060_ls000_le040,lm060_ls020_le020,0,0.025882431685077145
3,rough_seed_5,rough_seed_20,0.01337581513117412,wm040_ws040_we020,lm040_ls020_le040,lm060_ls020_le020,0,0.14547425884553394
3,rough_seed_5,rough_seed_20,0.01337581513117412,wm040_ws020_we040,lm060_ls020_le020,lm060_ls020_le020,1,0.0
3,rough_seed_5,rough_seed_20,0.01337581513117412,wm040_ws000_we060,lm060_ls020_le020,lm000_ls080_le020,0,0.06388077250789115
3,rough_seed_5,rough_seed_20,0.01337581513117412,wm020_ws080_we000,lm020_ls020_le060,lm020_ls040_le040,0,0.017305736878379774
3,rough_seed_5,rough_seed_20,0.01337581513117412,wm020_ws060_we020,lm000_ls040_le060,lm020_ls040_le040,0,0.01606667926839861
3,rough_seed_5,rough_seed_20,0.01337581513117412,wm020_ws040_we040,lm000_ls060_le040,lm000_ls040_le060,0,0.20237742738944983
3,rough_seed_5,rough_seed_20,0.01337581513117412,wm020_ws020_we060,lm060_ls020_le020,lm060_ls020_le020,1,0.0
3,rough_seed_5,rough_seed_20,0.01337581513117412,wm020_ws000_we080,lm060_ls020_le020,lm020_ls060_le020,0,0.06222626491854789
3,rough_seed_5,rough_seed_20,0.01337581513117412,wm000_ws100_we000,lm000_ls000_le100,lm000_ls040_le060,0,0.18069268083781717
3,rough_seed_5,rough_seed_20,0.01337581513117412,wm000_ws080_we020,lm000_ls040_le060,lm000_ls040_le060,1,0.0
3,rough_seed_5,rough_seed_20,0.01337581513117412,wm000_ws060_we040,lm000_ls040_le060,lm000_ls040_le060,1,0.0
3,rough_seed_5,rough_seed_20,0.01337581513117412,wm000_ws040_we060,lm080_ls000_le020,lm060_ls020_le020,0,0.011436351396462763
3,rough_seed_5,rough_seed_20,0.01337581513117412,wm000_ws020_we080,lm060_ls020_le020,lm060_ls020_le020,1,0.0
3,rough_seed_5,rough_seed_20,0.01337581513117412,wm000_ws000_we100,lm060_ls020_le020,lm020_ls060_le020,0,0.11666076961149235
3,rough_seed_5,rough_seed_20,0.01337581513117412,balanced,lm000_ls060_le040,lm060_ls020_le020,0,0.13689095642851945
3,rough_seed_5,rough_seed_20,0.01337581513117412,motion,lm080_ls000_le020,lm100_ls000_le000,0,0.13264142087106134
3,rough_seed_5,rough_seed_20,0.01337581513117412,stability,lm000_ls040_le060,lm020_ls040_le040,0,0.01164500372354349
3,rough_seed_5,rough_seed_20,0.01337581513117412,energy,lm060_ls020_le020,lm060_ls020_le020,1,0.0
3,rough_seed_11,rough_seed_4,0.01542006394880967,wm100_ws000_we000,lm080_ls020_le000,lm100_ls000_le000,0,0.1055186360505593
3,rough_seed_11,rough_seed_4,0.01542006394880967,wm080_ws020_we000,lm020_ls080_le000,lm080_ls020_le000,0,0.5290203553440517
3,rough_seed_11,rough_seed_4,0.01542006394880967,wm080_ws000_we020,lm020_ls080_le000,lm100_ls000_le000,0,0.5296810085160554
3,rough_seed_11,rough_seed_4,0.01542006394880967,wm060_ws040_we000,lm020_ls080_le000,lm080_ls020_le000,0,0.14860552515045916
3,rough_seed_11,rough_seed_4,0.01542006394880967,wm060_ws020_we020,lm020_ls080_le000,lm100_ls000_le000,0,0.3429293752375418
3,rough_seed_11,rough_seed_4,0.01542006394880967,wm060_ws000_we040,lm020_ls080_le000,lm100_ls000_le000,0,0.1488820925236688
3,rough_seed_11,rough_seed_4,0.01542006394880967,wm040_ws060_we000,lm020_ls080_le000,lm020_ls080_le000,1,0.0
3,rough_seed_11,rough_seed_4,0.01542006394880967,wm040_ws040_we020,lm020_ls080_le000,lm020_ls080_le000,1,0.0
3,rough_seed_11,rough_seed_4,0.01542006394880967,wm040_ws020_we040,lm020_ls080_le000,lm020_ls080_le000,1,0.0
3,rough_seed_11,rough_seed_4,0.01542006394880967,wm040_ws000_we060,lm060_ls040_le000,lm020_ls080_le000,0,0.2894939174773533
3,rough_seed_11,rough_seed_4,0.01542006394880967,wm020_ws080_we000,lm000_ls100_le000,lm020_ls080_le000,0,0.0200158507327248
3,rough_seed_11,rough_seed_4,0.01542006394880967,wm020_ws060_we020,lm000_ls100_le000,lm020_ls080_le000,0,0.019373027775412832
3,rough_seed_11,rough_seed_4,0.01542006394880967,wm020_ws040_we040,lm000_ls100_le000,lm020_ls080_le000,0,0.018730204818100893
3,rough_seed_11,rough_seed_4,0.01542006394880967,wm020_ws020_we060,lm020_ls080_le000,lm020_ls080_le000,1,0.0
3,rough_seed_11,rough_seed_4,0.01542006394880967,wm020_ws000_we080,lm060_ls040_le000,lm000_ls100_le000,0,0.6710664906016244
3,rough_seed_11,rough_seed_4,0.01542006394880967,wm000_ws100_we000,lm000_ls100_le000,lm020_ls080_le000,0,0.01411924884465801
3,rough_seed_11,rough_seed_4,0.01542006394880967,wm000_ws080_we020,lm000_ls100_le000,lm000_ls100_le000,1,0.0
3,rough_seed_11,rough_seed_4,0.01542006394880967,wm000_ws060_we040,lm000_ls100_le000,lm000_ls100_le000,1,0.0
3,rough_seed_11,rough_seed_4,0.01542006394880967,wm000_ws040_we060,lm000_ls100_le000,lm000_ls100_le000,1,0.0
3,rough_seed_11,rough_seed_4,0.01542006394880967,wm000_ws020_we080,lm000_ls100_le000,lm000_ls100_le000,1,0.0
3,rough_seed_11,rough_seed_4,0.01542006394880967,wm000_ws000_we100,lm000_ls100_le000,lm000_ls100_le000,1,0.0
3,rough_seed_11,rough_seed_4,0.01542006394880967,balanced,lm020_ls080_le000,lm020_ls080_le000,1,0.0
3,rough_seed_11,rough_seed_4,0.01542006394880967,motion,lm020_ls080_le000,lm100_ls000_le000,0,0.48481701255526677
3,rough_seed_11,rough_seed_4,0.01542006394880967,stability,lm000_ls100_le000,lm020_ls080_le000,0,0.014564719467313747
3,rough_seed_11,rough_seed_4,0.01542006394880967,energy,lm020_ls080_le000,lm000_ls100_le000,0,0.06718566994475078
3,rough_seed_4,rough_seed_11,0.01542006394880967,wm100_ws000_we000,lm100_ls000_le000,lm080_ls020_le000,0,4.754650046730866
3,rough_seed_4,rough_seed_11,0.01542006394880967,wm080_ws020_we000,lm080_ls020_le000,lm020_ls080_le000,0,0.09839965110788759
3,rough_seed_4,rough_seed_11,0.01542006394880967,wm080_ws000_we020,lm100_ls000_le000,lm020_ls080_le000,0,3.7566741279533673
3,rough_seed_4,rough_seed_11,0.01542006394880967,wm060_ws040_we000,lm080_ls020_le000,lm020_ls080_le000,0,0.1973985281156008
3,rough_seed_4,rough_seed_11,0.01542006394880967,wm060_ws020_we020,lm100_ls000_le000,lm020_ls080_le000,0,2.7526953415465973
3,rough_seed_4,rough_seed_11,0.01542006394880967,wm060_ws000_we040,lm100_ls000_le000,lm020_ls080_le000,0,2.7942562350005606
3,rough_seed_4,rough_seed_11,0.01542006394880967,wm040_ws060_we000,lm020_ls080_le000,lm020_ls080_le000,1,0.0
3,rough_seed_4,rough_seed_11,0.01542006394880967,wm040_ws040_we020,lm020_ls080_le000,lm020_ls080_le000,1,0.0
3,rough_seed_4,rough_seed_11,0.01542006394880967,wm040_ws020_we040,lm020_ls080_le000,lm020_ls080_le000,1,0.0
3,rough_seed_4,rough_seed_11,0.01542006394880967,wm040_ws000_we060,lm020_ls080_le000,lm060_ls040_le000,0,0.015373255811898606
3,rough_seed_4,rough_seed_11,0.01542006394880967,wm020_ws080_we000,lm020_ls080_le000,lm000_ls100_le000,0,0.21060371786897286
3,rough_seed_4,rough_seed_11,0.01542006394880967,wm020_ws060_we020,lm020_ls080_le000,lm000_ls100_le000,0,0.10778733641695704
3,rough_seed_4,rough_seed_11,0.01542006394880967,wm020_ws040_we040,lm020_ls080_le000,lm000_ls100_le000,0,0.004970954964941265
3,rough_seed_4,rough_seed_11,0.01542006394880967,wm020_ws020_we060,lm020_ls080_le000,lm020_ls080_le000,1,0.0
3,rough_seed_4,rough_seed_11,0.01542006394880967,wm020_ws000_we080,lm000_ls100_le000,lm060_ls040_le000,0,0.10234880565295623
3,rough_seed_4,rough_seed_11,0.01542006394880967,wm000_ws100_we000,lm020_ls080_le000,lm000_ls100_le000,0,0.5156048408612597
3,rough_seed_4,rough_seed_11,0.01542006394880967,wm000_ws080_we020,lm000_ls100_le000,lm000_ls100_le000,1,0.0
3,rough_seed_4,rough_seed_11,0.01542006394880967,wm000_ws060_we040,lm000_ls100_le000,lm000_ls100_le000,1,0.0
3,rough_seed_4,rough_seed_11,0.01542006394880967,wm000_ws040_we060,lm000_ls100_le000,lm000_ls100_le000,1,0.0
3,rough_seed_4,rough_seed_11,0.01542006394880967,wm000_ws020_we080,lm000_ls100_le000,lm000_ls100_le000,1,0.0
3,rough_seed_4,rough_seed_11,0.01542006394880967,wm000_ws000_we100,lm000_ls100_le000,lm000_ls100_le000,1,0.0
3,rough_seed_4,rough_seed_11,0.01542006394880967,balanced,lm020_ls080_le000,lm020_ls080_le000,1,0.0
3,rough_seed_4,rough_seed_11,0.01542006394880967,motion,lm100_ls000_le000,lm020_ls080_le000,0,3.2530342113677087
3,rough_seed_4,rough_seed_11,0.01542006394880967,stability,lm020_ls080_le000,lm000_ls100_le000,0,0.20974171252803267
3,rough_seed_4,rough_seed_11,0.01542006394880967,energy,lm000_ls100_le000,lm020_ls080_le000,0,0.042972960747891364
3,rough_seed_25,rough_seed_22,0.011727671730870096,wm100_ws000_we000,lm100_ls000_le000,lm100_ls000_le000,1,0.0
3,rough_seed_25,rough_seed_22,0.011727671730870096,wm080_ws020_we000,lm080_ls020_le000,lm080_ls000_le020,0,0.06554077903532898
3,rough_seed_25,rough_seed_22,0.011727671730870096,wm080_ws000_we020,lm080_ls020_le000,lm100_ls000_le000,0,0.01663162889094215
3,rough_seed_25,rough_seed_22,0.011727671730870096,wm060_ws040_we000,lm080_ls000_le020,lm040_ls040_le020,0,0.009655885213652793
3,rough_seed_25,rough_seed_22,0.011727671730870096,wm060_ws020_we020,lm080_ls000_le020,lm080_ls000_le020,1,0.0
3,rough_seed_25,rough_seed_22,0.011727671730870096,wm060_ws000_we040,lm040_ls040_le020,lm100_ls000_le000,0,0.11138381824166282
3,rough_seed_25,rough_seed_22,0.011727671730870096,wm040_ws060_we000,lm040_ls040_le020,lm040_ls020_le040,0,0.008964679941425607
3,rough_seed_25,rough_seed_22,0.011727671730870096,wm040_ws040_we020,lm040_ls040_le020,lm040_ls040_le020,1,0.0
3,rough_seed_25,rough_seed_22,0.011727671730870096,wm040_ws020_we040,lm040_ls040_le020,lm080_ls000_le020,0,0.005809962407596819
3,rough_seed_25,rough_seed_22,0.011727671730870096,wm040_ws000_we060,lm040_ls040_le020,lm100_ls000_le000,0,0.04819147850263211
3,rough_seed_25,rough_seed_22,0.011727671730870096,wm020_ws080_we000,lm040_ls020_le040,lm060_ls000_le040,0,0.1102352058172363
3,rough_seed_25,rough_seed_22,0.011727671730870096,wm020_ws060_we020,lm040_ls020_le040,lm040_ls040_le020,0,0.05243248609195067
3,rough_seed_25,rough_seed_22,0.011727671730870096,wm020_ws040_we040,lm040_ls020_le040,lm040_ls040_le020,0,0.30414980083338716
3,rough_seed_25,rough_seed_22,0.011727671730870096,wm020_ws020_we060,lm040_ls020_le040,lm040_ls040_le020,0,0.5558671155748237
3,rough_seed_25,rough_seed_22,0.011727671730870096,wm020_ws000_we080,lm040_ls020_le040,lm100_ls000_le000,0,0.7455006982442727
3,rough_seed_25,rough_seed_22,0.011727671730870096,wm000_ws100_we000,lm040_ls020_le040,lm060_ls000_le040,0,0.2350804647866417
3,rough_seed_25,rough_seed_22,0.011727671730870096,wm000_ws080_we020,lm040_ls020_le040,lm060_ls000_le040,0,0.04590860222905513
3,rough_seed_25,rough_seed_22,0.011727671730870096,wm000_ws060_we040,lm040_ls020_le040,lm040_ls040_le020,0,0.2540408098208635
3,rough_seed_25,rough_seed_22,0.011727671730870096,wm000_ws040_we060,lm040_ls020_le040,lm040_ls040_le020,0,0.5057581245623
3,rough_seed_25,rough_seed_22,0.011727671730870096,wm000_ws020_we080,lm040_ls020_le040,lm040_ls040_le020,0,0.7427415746039837
3,rough_seed_25,rough_seed_22,0.011727671730870096,wm000_ws000_we100,lm040_ls020_le040,lm020_ls000_le080,0,1.01
3,rough_seed_25,rough_seed_22,0.011727671730870096,balanced,lm040_ls040_le020,lm040_ls040_le020,1,0.0
3,rough_seed_25,rough_seed_22,0.011727671730870096,motion,lm080_ls020_le000,lm080_ls000_le020,0,0.033524854073517504
3,rough_seed_25,rough_seed_22,0.011727671730870096,stability,lm040_ls020_le040,lm060_ls000_le040,0,0.047533906039814625
3,rough_seed_25,rough_seed_22,0.011727671730870096,energy,lm040_ls020_le040,lm040_ls040_le020,0,0.650075667119327
3,rough_seed_12,rough_seed_11,0.019064510713956647,wm100_ws000_we000,lm100_ls000_le000,lm100_ls000_le000,1,0.0
3,rough_seed_12,rough_seed_11,0.019064510713956647,wm080_ws020_we000,lm080_ls020_le000,lm100_ls000_le000,0,0.1610375623770114
3,rough_seed_12,rough_seed_11,0.019064510713956647,wm080_ws000_we020,lm100_ls000_le000,lm100_ls000_le000,1,0.0
3,rough_seed_12,rough_seed_11,0.019064510713956647,wm060_ws040_we000,lm080_ls020_le000,lm100_ls000_le000,0,0.3216766097399084
3,rough_seed_12,rough_seed_11,0.019064510713956647,wm060_ws020_we020,lm100_ls000_le000,lm100_ls000_le000,1,0.0
3,rough_seed_12,rough_seed_11,0.019064510713956647,wm060_ws000_we040,lm100_ls000_le000,lm100_ls000_le000,1,0.0
3,rough_seed_12,rough_seed_11,0.019064510713956647,wm040_ws060_we000,lm020_ls080_le000,lm040_ls040_le020,0,0.39466507661411054
3,rough_seed_12,rough_seed_11,0.019064510713956647,wm040_ws040_we020,lm020_ls080_le000,lm080_ls000_le020,0,0.166706542994004
3,rough_seed_12,rough_seed_11,0.019064510713956647,wm040_ws020_we040,lm020_ls080_le000,lm100_ls000_le000,0,0.4549548538181382
3,rough_seed_12,rough_seed_11,0.019064510713956647,wm040_ws000_we060,lm020_ls080_le000,lm100_ls000_le000,0,0.9803413936115675
3,rough_seed_12,rough_seed_11,0.019064510713956647,wm020_ws080_we000,lm020_ls080_le000,lm040_ls040_le020,0,0.8609726511459384
3,rough_seed_12,rough_seed_11,0.019064510713956647,wm020_ws060_we020,lm020_ls080_le000,lm040_ls040_le020,0,0.5973330507119367
3,rough_seed_12,rough_seed_11,0.019064510713956647,wm020_ws040_we040,lm020_ls080_le000,lm040_ls040_le020,0,0.3713268556663987
3,rough_seed_12,rough_seed_11,0.019064510713956647,wm020_ws020_we060,lm020_ls080_le000,lm100_ls000_le000,0,0.7798212006824512
3,rough_seed_12,rough_seed_11,0.019064510713956647,wm020_ws000_we080,lm000_ls100_le000,lm100_ls000_le000,0,1.682103057552764
3,rough_seed_12,rough_seed_11,0.019064510713956647,wm000_ws100_we000,lm020_ls080_le000,lm040_ls040_le020,0,1.3272802256777656
3,rough_seed_12,rough_seed_11,0.019064510713956647,wm000_ws080_we020,lm000_ls100_le000,lm040_ls040_le020,0,1.2895681233307752
3,rough_seed_12,rough_seed_11,0.019064510713956647,wm000_ws060_we040,lm000_ls100_le000,lm040_ls040_le020,0,0.7941846077260204
3,rough_seed_12,rough_seed_11,0.019064510713956647,wm000_ws040_we060,lm000_ls100_le000,lm100_ls000_le000,0,0.8637656978815723
3,rough_seed_12,rough_seed_11,0.019064510713956647,wm000_ws020_we080,lm000_ls100_le000,lm100_ls000_le000,0,1.4824633343406592
3,rough_seed_12,rough_seed_11,0.019064510713956647,wm000_ws000_we100,lm000_ls100_le000,lm100_ls000_le000,0,2.1011609707997456
3,rough_seed_12,rough_seed_11,0.019064510713956647,balanced,lm020_ls080_le000,lm100_ls000_le000,0,0.212985942910623
3,rough_seed_12,rough_seed_11,0.019064510713956647,motion,lm100_ls000_le000,lm100_ls000_le000,1,0.0
3,rough_seed_12,rough_seed_11,0.019064510713956647,stability,lm020_ls080_le000,lm040_ls040_le020,0,0.7798198444533939
3,rough_seed_12,rough_seed_11,0.019064510713956647,energy,lm000_ls100_le000,lm100_ls000_le000,0,1.3228443085201944
3,rough_seed_6,rough_seed_8,0.0166969052650949,wm100_ws000_we000,lm080_ls020_le000,lm080_ls020_le000,1,0.0
3,rough_seed_6,rough_seed_8,0.0166969052650949,wm080_ws020_we000,lm080_ls020_le000,lm020_ls080_le000,0,0.08433093818259978
3,rough_seed_6,rough_seed_8,0.0166969052650949,wm080_ws000_we020,lm100_ls000_le000,lm100_ls000_le000,1,0.0
3,rough_seed_6,rough_seed_8,0.0166969052650949,wm060_ws040_we000,lm080_ls020_le000,lm000_ls080_le020,0,0.20886232824232728
3,rough_seed_6,rough_seed_8,0.0166969052650949,wm060_ws020_we020,lm080_ls020_le000,lm020_ls080_le000,0,0.08520084321564392
3,rough_seed_6,rough_seed_8,0.0166969052650949,wm060_ws000_we040,lm100_ls000_le000,lm100_ls000_le000,1,0.0
3,rough_seed_6,rough_seed_8,0.0166969052650949,wm040_ws060_we000,lm080_ls020_le000,lm040_ls020_le040,0,0.3766350118542
3,rough_seed_6,rough_seed_8,0.0166969052650949,wm040_ws040_we020,lm080_ls020_le000,lm000_ls080_le020,0,0.23504698157335807
3,rough_seed_6,rough_seed_8,0.0166969052650949,wm040_ws020_we040,lm100_ls000_le000,lm020_ls080_le000,0,0.052026991646858145
3,rough_seed_6,rough_seed_8,0.0166969052650949,wm040_ws000_we060,lm100_ls000_le000,lm100_ls000_le000,1,0.0
3,rough_seed_6,rough_seed_8,0.0166969052650949,wm020_ws080_we000,lm080_ls020_le000,lm020_ls040_le040,0,0.6870138134016378
3,rough_seed_6,rough_seed_8,0.0166969052650949,wm020_ws060_we020,lm080_ls020_le000,lm000_ls060_le040,0,0.4828301378818823
3,rough_seed_6,rough_seed_8,0.0166969052650949,wm020_ws040_we040,lm040_ls060_le000,lm000_ls080_le020,0,0.1554434681994197
3,rough_seed_6,rough_seed_8,0.0166969052650949,wm020_ws020_we060,lm040_ls060_le000,lm020_ls080_le000,0,0.04295936997090953
3,rough_seed_6,rough_seed_8,0.0166969052650949,wm020_ws000_we080,lm040_ls060_le000,lm100_ls000_le000,0,0.09365597498634946
3,rough_seed_6,rough_seed_8,0.0166969052650949,wm000_ws100_we000,lm080_ls020_le000,lm040_ls000_le060,0,1.01
3,rough_seed_6,rough_seed_8,0.0166969052650949,wm000_ws080_we020,lm080_ls020_le000,lm040_ls000_le060,0,0.7100517199364809
3,rough_seed_6,rough_seed_8,0.0166969052650949,wm000_ws060_we040,lm080_ls020_le000,lm040_ls000_le060,0,0.4101034398729618
3,rough_seed_6,rough_seed_8,0.0166969052650949,wm000_ws040_we060,lm040_ls060_le000,lm000_ls080_le020,0,0.15575779108752896
3,rough_seed_6,rough_seed_8,0.0166969052650949,wm000_ws020_we080,lm040_ls060_le000,lm020_ls080_le000,0,0.003516272143646665
3,rough_seed_6,rough_seed_8,0.0166969052650949,wm000_ws000_we100,lm040_ls060_le000,lm100_ls000_le000,0,0.12180385225250068
3,rough_seed_6,rough_seed_8,0.0166969052650949,balanced,lm080_ls020_le000,lm000_ls080_le020,0,0.19646303752110775
3,rough_seed_6,rough_seed_8,0.0166969052650949,motion,lm080_ls020_le000,lm020_ls080_le000,0,0.06378750170648817
3,rough_seed_6,rough_seed_8,0.0166969052650949,stability,lm080_ls020_le000,lm000_ls060_le040,0,0.6144933657514767
3,rough_seed_6,rough_seed_8,0.0166969052650949,energy,lm040_ls060_le000,lm040_ls060_le000,1,0.0
3,rough_seed_29,rough_seed_0,0.02929744169747909,wm100_ws000_we000,lm080_ls020_le000,lm100_ls000_le000,0,0.4081617903513611
3,rough_seed_29,rough_seed_0,0.02929744169747909,wm080_ws020_we000,lm100_ls000_le000,lm100_ls000_le000,1,0.0
3,rough_seed_29,rough_seed_0,0.02929744169747909,wm080_ws000_we020,lm060_ls040_le000,lm060_ls040_le000,1,0.0
3,rough_seed_29,rough_seed_0,0.02929744169747909,wm060_ws040_we000,lm100_ls000_le000,lm060_ls040_le000,0,0.17004765852338252
3,rough_seed_29,rough_seed_0,0.02929744169747909,wm060_ws020_we020,lm100_ls000_le000,lm060_ls040_le000,0,0.09047830607175009
3,rough_seed_29,rough_seed_0,0.02929744169747909,wm060_ws000_we040,lm060_ls040_le000,lm060_ls040_le000,1,0.0
3,rough_seed_29,rough_seed_0,0.02929744169747909,wm040_ws060_we000,lm060_ls000_le040,lm040_ls060_le000,0,0.9776530142173523
3,rough_seed_29,rough_seed_0,0.02929744169747909,wm040_ws040_we020,lm100_ls000_le000,lm040_ls060_le000,0,0.19166732824772015
3,rough_seed_29,rough_seed_0,0.02929744169747909,wm040_ws020_we040,lm100_ls000_le000,lm060_ls040_le000,0,0.26325953370435146
3,rough_seed_29,rough_seed_0,0.02929744169747909,wm040_ws000_we060,lm100_ls000_le000,lm080_ls020_le000,0,0.44113512290853335
3,rough_seed_29,rough_seed_0,0.02929744169747909,wm020_ws080_we000,lm060_ls000_le040,lm080_ls020_le000,0,1.4026255381754607
3,rough_seed_29,rough_seed_0,0.02929744169747909,wm020_ws060_we020,lm000_ls060_le040,lm080_ls020_le000,0,0.753726533728449
3,rough_seed_29,rough_seed_0,0.02929744169747909,wm020_ws040_we040,lm000_ls040_le060,lm080_ls020_le000,0,0.9289549773835959
3,rough_seed_29,rough_seed_0,0.02929744169747909,wm020_ws020_we060,lm100_ls000_le000,lm080_ls020_le000,0,0.44497537759300243
3,rough_seed_29,rough_seed_0,0.02929744169747909,wm020_ws000_we080,lm100_ls000_le000,lm080_ls000_le020,0,0.7157867109914122
3,rough_seed_29,rough_seed_0,0.02929744169747909,wm000_ws100_we000,lm000_ls040_le060,lm080_ls020_le000,0,2.2278633803499814
3,rough_seed_29,rough_seed_0,0.02929744169747909,wm000_ws080_we020,lm000_ls040_le060,lm080_ls020_le000,0,1.7334911394185637
3,rough_seed_29,rough_seed_0,0.02929744169747909,wm000_ws060_we040,lm000_ls040_le060,lm080_ls020_le000,0,1.2391188984871457
3,rough_seed_29,rough_seed_0,0.02929744169747909,wm000_ws040_we060,lm100_ls000_le000,lm080_ls020_le000,0,0.44718349356717213
3,rough_seed_29,rough_seed_0,0.02929744169747909,wm000_ws020_we080,lm100_ls000_le000,lm040_ls040_le020,0,0.6332431987151041
3,rough_seed_29,rough_seed_0,0.02929744169747909,wm000_ws000_we100,lm100_ls000_le000,lm080_ls000_le020,0,1.01
3,rough_seed_29,rough_seed_0,0.02929744169747909,balanced,lm100_ls000_le000,lm060_ls040_le000,0,0.22013033405235882
3,rough_seed_29,rough_seed_0,0.02929744169747909,motion,lm100_ls000_le000,lm060_ls040_le000,0,0.021308297543392918
3,rough_seed_29,rough_seed_0,0.02929744169747909,stability,lm000_ls060_le040,lm080_ls020_le000,0,0.9105330537299318
3,rough_seed_29,rough_seed_0,0.02929744169747909,energy,lm100_ls000_le000,lm080_ls000_le020,0,0.5558651539577645
3,rough_seed_18,rough_seed_6,0.01842148253398527,wm100_ws000_we000,lm080_ls020_le000,lm000_ls100_le000,0,0.8004797674529002
3,rough_seed_18,rough_seed_6,0.01842148253398527,wm080_ws020_we000,lm020_ls080_le000,lm000_ls100_le000,0,0.5277282831115051
3,rough_seed_18,rough_seed_6,0.01842148253398527,wm080_ws000_we020,lm100_ls000_le000,lm000_ls100_le000,0,0.5343276184312944
3,rough_seed_18,rough_seed_6,0.01842148253398527,wm060_ws040_we000,lm000_ls080_le020,lm000_ls100_le000,0,0.22403120929439557
3,rough_seed_18,rough_seed_6,0.01842148253398527,wm060_ws020_we020,lm020_ls080_le000,lm000_ls100_le000,0,0.5279861321334463
3,rough_seed_18,rough_seed_6,0.01842148253398527,wm060_ws000_we040,lm100_ls000_le000,lm000_ls100_le000,0,0.9074544984912123
3,rough_seed_18,rough_seed_6,0.01842148253398527,wm040_ws060_we000,lm040_ls020_le040,lm040_ls040_le020,0,22.717147952356118
3,rough_seed_18,rough_seed_6,0.01842148253398527,wm040_ws040_we020,lm000_ls080_le020,lm000_ls100_le000,0,0.018261422436187058
3,rough_seed_18,rough_seed_6,0.01842148253398527,wm040_ws020_we040,lm020_ls080_le000,lm000_ls100_le000,0,0.5282439811553874
3,rough_seed_18,rough_seed_6,0.01842148253398527,wm040_ws000_we060,lm100_ls000_le000,lm000_ls100_le000,0,1.357902943606415
3,rough_seed_18,rough_seed_6,0.01842148253398527,wm020_ws080_we000,lm020_ls040_le040,lm040_ls040_le020,0,16.55491725980749
3,rough_seed_18,rough_seed_6,0.01842148253398527,wm020_ws060_we020,lm000_ls060_le040,lm040_ls040_le020,0,16.34720211333811
3,rough_seed_18,rough_seed_6,0.01842148253398527,wm020_ws040_we040,lm000_ls080_le020,lm000_ls100_le000,0,0.13128462811020114
3,rough_seed_18,rough_seed_6,0.01842148253398527,wm020_ws020_we060,lm020_ls080_le000,lm000_ls100_le000,0,0.5285018301773288
3,rough_seed_18,rough_seed_6,0.01842148253398527,wm020_ws000_we080,lm100_ls000_le000,lm000_ls100_le000,0,1.8083513887216176
3,rough_seed_18,rough_seed_6,0.01842148253398527,wm000_ws100_we000,lm040_ls000_le060,lm040_ls040_le020,0,34.145336136065595
3,rough_seed_18,rough_seed_6,0.01842148253398527,wm000_ws080_we020,lm040_ls000_le060,lm040_ls040_le020,0,27.129937281911605
3,rough_seed_18,rough_seed_6,0.01842148253398527,wm000_ws060_we040,lm040_ls000_le060,lm040_ls040_le020,0,20.114538427757616
3,rough_seed_18,rough_seed_6,0.01842148253398527,wm000_ws040_we060,lm000_ls080_le020,lm000_ls100_le000,0,0.3944094745641781
3,rough_seed_18,rough_seed_6,0.01842148253398527,wm000_ws020_we080,lm020_ls080_le000,lm000_ls100_le000,0,0.5287596791992699
3,rough_seed_18,rough_seed_6,0.01842148253398527,wm000_ws000_we100,lm100_ls000_le000,lm000_ls100_le000,0,2.2587998338368203
3,rough_seed_18,rough_seed_6,0.01842148253398527,balanced,lm000_ls080_le020,lm000_ls100_le000,0,0.11112329085320133
3,rough_seed_18,rough_seed_6,0.01842148253398527,motion,lm020_ls080_le000,lm000_ls100_le000,0,0.39632198195516743
3,rough_seed_18,rough_seed_6,0.01842148253398527,stability,lm000_ls060_le040,lm040_ls040_le020,0,19.14409269441434
3,rough_seed_18,rough_seed_6,0.01842148253398527,energy,lm040_ls060_le000,lm000_ls100_le000,0,0.8617983790568793
3,rough_seed_10,rough_seed_28,0.030829855768002724,wm100_ws000_we000,lm100_ls000_le000,lm060_ls040_le000,0,0.010046092519815277
3,rough_seed_10,rough_seed_28,0.030829855768002724,wm080_ws020_we000,lm060_ls040_le000,lm080_ls020_le000,0,0.11265663854560057
3,rough_seed_10,rough_seed_28,0.030829855768002724,wm080_ws000_we020,lm040_ls060_le000,lm100_ls000_le000,0,0.12279260475765097
3,rough_seed_10,rough_seed_28,0.030829855768002724,wm060_ws040_we000,lm000_ls100_le000,lm080_ls000_le020,0,0.2787847768600343
3,rough_seed_10,rough_seed_28,0.030829855768002724,wm060_ws020_we020,lm040_ls060_le000,lm080_ls020_le000,0,0.11589332092874853
3,rough_seed_10,rough_seed_28,0.030829855768002724,wm060_ws000_we040,lm000_ls100_le000,lm080_ls020_le000,0,0.36901968018537257
3,rough_seed_10,rough_seed_28,0.030829855768002724,wm040_ws060_we000,lm000_ls100_le000,lm020_ls040_le040,0,0.47559469995267134
3,rough_seed_10,rough_seed_28,0.030829855768002724,wm040_ws040_we020,lm000_ls100_le000,lm060_ls020_le020,0,0.3055700173142297
3,rough_seed_10,rough_seed_28,0.030829855768002724,wm040_ws020_we040,lm000_ls100_le000,lm080_ls020_le000,0,0.3165721132890958
3,rough_seed_10,rough_seed_28,0.030829855768002724,wm040_ws000_we060,lm000_ls100_le000,lm080_ls020_le000,0,0.5820551642298637
3,rough_seed_10,rough_seed_28,0.030829855768002724,wm020_ws080_we000,lm000_ls100_le000,lm040_ls000_le060,0,0.6966088269732125
3,rough_seed_10,rough_seed_28,0.030829855768002724,wm020_ws060_we020,lm000_ls100_le000,lm040_ls000_le060,0,0.5231569281928876
3,rough_seed_10,rough_seed_28,0.030829855768002724,wm020_ws040_we040,lm000_ls100_le000,lm060_ls020_le020,0,0.3076790575052877
3,rough_seed_10,rough_seed_28,0.030829855768002724,wm020_ws020_we060,lm000_ls100_le000,lm060_ls020_le020,0,0.5267982700790274
3,rough_seed_10,rough_seed_28,0.030829855768002724,wm020_ws000_we080,lm000_ls100_le000,lm080_ls020_le000,0,0.7950906482743548
3,rough_seed_10,rough_seed_28,0.030829855768002724,wm000_ws100_we000,lm000_ls100_le000,lm000_ls000_le100,0,1.062623275136013
3,rough_seed_10,rough_seed_28,0.030829855768002724,wm000_ws080_we020,lm000_ls100_le000,lm040_ls000_le060,0,0.698264549134874
3,rough_seed_10,rough_seed_28,0.030829855768002724,wm000_ws060_we040,lm000_ls100_le000,lm020_ls040_le040,0,0.4795069203355542
3,rough_seed_10,rough_seed_28,0.030829855768002724,wm000_ws040_we060,lm000_ls100_le000,lm060_ls020_le020,0,0.48783400793090237
3,rough_seed_10,rough_seed_28,0.030829855768002724,wm000_ws020_we080,lm000_ls080_le020,lm080_ls020_le000,0,0.6420319133760657
3,rough_seed_10,rough_seed_28,0.030829855768002724,wm000_ws000_we100,lm000_ls080_le020,lm080_ls020_le000,0,0.9128057092831403
3,rough_seed_10,rough_seed_28,0.030829855768002724,balanced,lm000_ls100_le000,lm060_ls020_le020,0,0.2560874033297659
3,rough_seed_10,rough_seed_28,0.030829855768002724,motion,lm060_ls040_le000,lm080_ls020_le000,0,0.08533933379246236
3,rough_seed_10,rough_seed_28,0.030829855768002724,stability,lm000_ls100_le000,lm040_ls000_le060,0,0.6102968081234654
3,rough_seed_10,rough_seed_28,0.030829855768002724,energy,lm000_ls100_le000,lm080_ls020_le000,0,0.6406411529651291
3,rough_seed_8,rough_seed_6,0.0166969052650949,wm100_ws000_we000,lm080_ls020_le000,lm080_ls020_le000,1,0.0
3,rough_seed_8,rough_seed_6,0.0166969052650949,wm080_ws020_we000,lm020_ls080_le000,lm080_ls020_le000,0,0.8302061120651932
3,rough_seed_8,rough_seed_6,0.0166969052650949,wm080_ws000_we020,lm100_ls000_le000,lm100_ls000_le000,1,0.0
3,rough_seed_8,rough_seed_6,0.0166969052650949,wm060_ws040_we000,lm000_ls080_le020,lm080_ls020_le000,0,1.9785681391454277
3,rough_seed_8,rough_seed_6,0.0166969052650949,wm060_ws020_we020,lm020_ls080_le000,lm080_ls020_le000,0,0.42327518563251504
3,rough_seed_8,rough_seed_6,0.0166969052650949,wm060_ws000_we040,lm100_ls000_le000,lm100_ls000_le000,1,0.0
3,rough_seed_8,rough_seed_6,0.0166969052650949,wm040_ws060_we000,lm040_ls020_le040,lm080_ls020_le000,0,1.3848027241547363
3,rough_seed_8,rough_seed_6,0.0166969052650949,wm040_ws040_we020,lm000_ls080_le020,lm080_ls020_le000,0,1.1200659528391723
3,rough_seed_8,rough_seed_6,0.0166969052650949,wm040_ws020_we040,lm020_ls080_le000,lm100_ls000_le000,0,0.329455178548401
3,rough_seed_8,rough_seed_6,0.0166969052650949,wm040_ws000_we060,lm100_ls000_le000,lm100_ls000_le000,1,0.0
3,rough_seed_8,rough_seed_6,0.0166969052650949,wm020_ws080_we000,lm020_ls040_le040,lm080_ls020_le000,0,0.7721078818918125
3,rough_seed_8,rough_seed_6,0.0166969052650949,wm020_ws060_we020,lm000_ls060_le040,lm080_ls020_le000,0,0.6490454745598804
3,rough_seed_8,rough_seed_6,0.0166969052650949,wm020_ws040_we040,lm000_ls080_le020,lm040_ls060_le000,0,0.3832764477468776
3,rough_seed_8,rough_seed_6,0.0166969052650949,wm020_ws020_we060,lm020_ls080_le000,lm040_ls060_le000,0,0.5926511228496221
3,rough_seed_8,rough_seed_6,0.0166969052650949,wm020_ws000_we080,lm100_ls000_le000,lm040_ls060_le000,0,0.004904601875305503
3,rough_seed_8,rough_seed_6,0.0166969052650949,wm000_ws100_we000,lm040_ls000_le060,lm080_ls020_le000,0,0.7343076393027654
3,rough_seed_8,rough_seed_6,0.0166969052650949,wm000_ws080_we020,lm040_ls000_le060,lm080_ls020_le000,0,0.6545071446001369
3,rough_seed_8,rough_seed_6,0.0166969052650949,wm000_ws060_we040,lm040_ls000_le060,lm080_ls020_le000,0,1.3017439165339102
3,rough_seed_8,rough_seed_6,0.0166969052650949,wm000_ws040_we060,lm000_ls080_le020,lm040_ls060_le000,0,0.3806784625270521
3,rough_seed_8,rough_seed_6,0.0166969052650949,wm000_ws020_we080,lm020_ls080_le000,lm040_ls060_le000,0,0.9185010396698008
3,rough_seed_8,rough_seed_6,0.0166969052650949,wm000_ws000_we100,lm100_ls000_le000,lm040_ls060_le000,0,0.2580335178854549
3,rough_seed_8,rough_seed_6,0.0166969052650949,balanced,lm000_ls080_le020,lm080_ls020_le000,0,0.7668658057023279
3,rough_seed_8,rough_seed_6,0.0166969052650949,motion,lm020_ls080_le000,lm080_ls020_le000,0,0.5768955544300101
3,rough_seed_8,rough_seed_6,0.0166969052650949,stability,lm000_ls060_le040,lm080_ls020_le000,0,0.4884262850148221
3,rough_seed_8,rough_seed_6,0.0166969052650949,energy,lm040_ls060_le000,lm040_ls060_le000,1,0.0
3,rough_seed_22,rough_seed_25,0.011727671730870096,wm100_ws000_we000,lm100_ls000_le000,lm100_ls000_le000,1,0.0
3,rough_seed_22,rough_seed_25,0.011727671730870096,wm080_ws020_we000,lm080_ls000_le020,lm080_ls020_le000,0,0.04700521521449208
3,rough_seed_22,rough_seed_25,0.011727671730870096,wm080_ws000_we020,lm100_ls000_le000,lm080_ls020_le000,0,0.0009857967170205373
3,rough_seed_22,rough_seed_25,0.011727671730870096,wm060_ws040_we000,lm040_ls040_le020,lm080_ls000_le020,0,0.04082417821584744
3,rough_seed_22,rough_seed_25,0.011727671730870096,wm060_ws020_we020,lm080_ls000_le020,lm080_ls000_le020,1,0.0
3,rough_seed_22,rough_seed_25,0.011727671730870096,wm060_ws000_we040,lm100_ls000_le000,lm040_ls040_le020,0,0.08920302072395808
3,rough_seed_22,rough_seed_25,0.011727671730870096,wm040_ws060_we000,lm040_ls020_le040,lm040_ls040_le020,0,0.12200886054055499
3,rough_seed_22,rough_seed_25,0.011727671730870096,wm040_ws040_we020,lm040_ls040_le020,lm040_ls040_le020,1,0.0
3,rough_seed_22,rough_seed_25,0.011727671730870096,wm040_ws020_we040,lm080_ls000_le020,lm040_ls040_le020,0,0.14793091916131498
3,rough_seed_22,rough_seed_25,0.011727671730870096,wm040_ws000_we060,lm100_ls000_le000,lm040_ls040_le020,0,0.2548605889412816
3,rough_seed_22,rough_seed_25,0.011727671730870096,wm020_ws080_we000,lm060_ls000_le040,lm040_ls020_le040,0,0.4744956760897629
3,rough_seed_22,rough_seed_25,0.011727671730870096,wm020_ws060_we020,lm040_ls040_le020,lm040_ls020_le040,0,0.08011187843546719
3,rough_seed_22,rough_seed_25,0.011727671730870096,wm020_ws040_we040,lm040_ls040_le020,lm040_ls020_le040,0,0.03359687694377411
3,rough_seed_22,rough_seed_25,0.011727671730870096,wm020_ws020_we060,lm040_ls040_le020,lm040_ls020_le040,0,0.14903193791725122
3,rough_seed_22,rough_seed_25,0.011727671730870096,wm020_ws000_we080,lm100_ls000_le000,lm040_ls020_le040,0,0.6060000000000001
3,rough_seed_22,rough_seed_25,0.011727671730870096,wm000_ws100_we000,lm060_ls000_le040,lm040_ls020_le040,0,0.8440128118197793
3,rough_seed_22,rough_seed_25,0.011727671730870096,wm000_ws080_we020,lm060_ls000_le040,lm040_ls020_le040,0,0.6797292162580099
3,rough_seed_22,rough_seed_25,0.011727671730870096,wm000_ws060_we040,lm040_ls040_le020,lm040_ls020_le040,0,0.28223261741148936
3,rough_seed_22,rough_seed_25,0.011727671730870096,wm000_ws040_we060,lm040_ls040_le020,lm040_ls020_le040,0,0.35092446477578404
3,rough_seed_22,rough_seed_25,0.011727671730870096,wm000_ws020_we080,lm040_ls040_le020,lm040_ls020_le040,0,0.46635952574926126
3,rough_seed_22,rough_seed_25,0.011727671730870096,wm000_ws000_we100,lm020_ls000_le080,lm040_ls020_le040,0,1.7098812892826745
3,rough_seed_22,rough_seed_25,0.011727671730870096,balanced,lm040_ls040_le020,lm040_ls040_le020,1,0.0
3,rough_seed_22,rough_seed_25,0.011727671730870096,motion,lm080_ls000_le020,lm080_ls020_le000,0,0.06517657456595652
3,rough_seed_22,rough_seed_25,0.011727671730870096,stability,lm060_ls000_le040,lm040_ls020_le040,0,0.44366226335093983
3,rough_seed_22,rough_seed_25,0.011727671730870096,energy,lm040_ls040_le020,lm040_ls020_le040,0,0.25722260011862297
3,rough_seed_20,rough_seed_5,0.01337581513117412,wm100_ws000_we000,lm000_ls100_le000,lm100_ls000_le000,0,0.05862861025197585
3,rough_seed_20,rough_seed_5,0.01337581513117412,wm080_ws020_we000,lm020_ls060_le020,lm080_ls000_le020,0,0.027074427330579243
3,rough_seed_20,rough_seed_5,0.01337581513117412,wm080_ws000_we020,lm060_ls040_le000,lm060_ls020_le020,0,0.1289084985817659
3,rough_seed_20,rough_seed_5,0.01337581513117412,wm060_ws040_we000,lm060_ls020_le020,lm000_ls060_le040,0,0.050181882444492926
3,rough_seed_20,rough_seed_5,0.01337581513117412,wm060_ws020_we020,lm020_ls060_le020,lm080_ls000_le020,0,0.026699834365100372
3,rough_seed_20,rough_seed_5,0.01337581513117412,wm060_ws000_we040,lm080_ls020_le000,lm060_ls020_le020,0,0.30281075896891785
3,rough_seed_20,rough_seed_5,0.01337581513117412,wm040_ws060_we000,lm060_ls020_le020,lm060_ls000_le040,0,0.26235347714890866
3,rough_seed_20,rough_seed_5,0.01337581513117412,wm040_ws040_we020,lm060_ls020_le020,lm040_ls020_le040,0,0.11514690422175702
3,rough_seed_20,rough_seed_5,0.01337581513117412,wm040_ws020_we040,lm060_ls020_le020,lm060_ls020_le020,1,0.0
3,rough_seed_20,rough_seed_5,0.01337581513117412,wm040_ws000_we060,lm000_ls080_le020,lm060_ls020_le020,0,0.006355534349408061
3,rough_seed_20,rough_seed_5,0.01337581513117412,wm020_ws080_we000,lm020_ls040_le040,lm020_ls020_le060,0,0.3651308787080644
3,rough_seed_20,rough_seed_5,0.01337581513117412,wm020_ws060_we020,lm020_ls040_le040,lm000_ls040_le060,0,0.22855532497235784
3,rough_seed_20,rough_seed_5,0.01337581513117412,wm020_ws040_we040,lm000_ls040_le060,lm000_ls060_le040,0,0.0330880180389338
3,rough_seed_20,rough_seed_5,0.01337581513117412,wm020_ws020_we060,lm060_ls020_le020,lm060_ls020_le020,1,0.0
3,rough_seed_20,rough_seed_5,0.01337581513117412,wm020_ws000_we080,lm020_ls060_le020,lm060_ls020_le020,0,0.15052698567644723
3,rough_seed_20,rough_seed_5,0.01337581513117412,wm000_ws100_we000,lm000_ls040_le060,lm000_ls000_le100,0,0.060253460087195745
3,rough_seed_20,rough_seed_5,0.01337581513117412,wm000_ws080_we020,lm000_ls040_le060,lm000_ls040_le060,1,0.0
3,rough_seed_20,rough_seed_5,0.01337581513117412,wm000_ws060_we040,lm000_ls040_le060,lm000_ls040_le060,1,0.0
3,rough_seed_20,rough_seed_5,0.01337581513117412,wm000_ws040_we060,lm060_ls020_le020,lm080_ls000_le020,0,0.013957915710083924
3,rough_seed_20,rough_seed_5,0.01337581513117412,wm000_ws020_we080,lm060_ls020_le020,lm060_ls020_le020,1,0.0
3,rough_seed_20,rough_seed_5,0.01337581513117412,wm000_ws000_we100,lm020_ls060_le020,lm060_ls020_le020,0,0.2243368116267032
3,rough_seed_20,rough_seed_5,0.01337581513117412,balanced,lm060_ls020_le020,lm000_ls060_le040,0,0.05196741740147459
3,rough_seed_20,rough_seed_5,0.01337581513117412,motion,lm100_ls000_le000,lm080_ls000_le020,0,0.046017547975247694
3,rough_seed_20,rough_seed_5,0.01337581513117412,stability,lm020_ls040_le040,lm000_ls040_le060,0,0.320463628928293
3,rough_seed_20,rough_seed_5,0.01337581513117412,energy,lm060_ls020_le020,lm060_ls020_le020,1,0.0
3,rough_seed_28,rough_seed_20,0.021238863771902632,wm100_ws000_we000,lm100_ls000_le000,lm100_ls000_le000,1,0.0
3,rough_seed_28,rough_seed_20,0.021238863771902632,wm080_ws020_we000,lm080_ls000_le020,lm060_ls040_le000,0,0.6919978426353313
3,rough_seed_28,rough_seed_20,0.021238863771902632,wm080_ws000_we020,lm060_ls020_le020,lm040_ls060_le000,0,0.641907278239384
3,rough_seed_28,rough_seed_20,0.021238863771902632,wm060_ws040_we000,lm000_ls060_le040,lm000_ls100_le000,0,1.5048428978289932
3,rough_seed_28,rough_seed_20,0.021238863771902632,wm060_ws020_we020,lm080_ls000_le020,lm040_ls060_le000,0,0.5665814984414934
3,rough_seed_28,rough_seed_20,0.021238863771902632,wm060_ws000_we040,lm060_ls020_le020,lm000_ls100_le000,0,1.1463681677024895
3,rough_seed_28,rough_seed_20,0.021238863771902632,wm040_ws060_we000,lm060_ls000_le040,lm000_ls100_le000,0,2.214121580790592
3,rough_seed_28,rough_seed_20,0.021238863771902632,wm040_ws040_we020,lm040_ls020_le040,lm000_ls100_le000,0,1.245568525128411
3,rough_seed_28,rough_seed_20,0.021238863771902632,wm040_ws020_we040,lm060_ls020_le020,lm000_ls100_le000,0,1.1939000987844488
3,rough_seed_28,rough_seed_20,0.021238863771902632,wm040_ws000_we060,lm060_ls020_le020,lm000_ls100_le000,0,1.8338870568131007
3,rough_seed_28,rough_seed_20,0.021238863771902632,wm020_ws080_we000,lm020_ls020_le060,lm000_ls100_le000,0,4.1211140931308
3,rough_seed_28,rough_seed_20,0.021238863771902632,wm020_ws060_we020,lm000_ls040_le060,lm000_ls100_le000,0,2.659839377215542
3,rough_seed_28,rough_seed_20,0.021238863771902632,wm020_ws040_we040,lm000_ls060_le040,lm000_ls100_le000,0,1.6004281506512443
3,rough_seed_28,rough_seed_20,0.021238863771902632,wm020_ws020_we060,lm060_ls020_le020,lm000_ls100_le000,0,1.8666165403537136
3,rough_seed_28,rough_seed_20,0.021238863771902632,wm020_ws000_we080,lm060_ls020_le020,lm000_ls100_le000,0,2.4859435612783702
3,rough_seed_28,rough_seed_20,0.021238863771902632,wm000_ws100_we000,lm000_ls000_le100,lm000_ls100_le000,0,9.935767327926113
3,rough_seed_28,rough_seed_20,0.021238863771902632,wm000_ws080_we020,lm000_ls040_le060,lm000_ls100_le000,0,3.581226101662601
3,rough_seed_28,rough_seed_20,0.021238863771902632,wm000_ws060_we040,lm000_ls040_le060,lm000_ls100_le000,0,2.668860229370779
3,rough_seed_28,rough_seed_20,0.021238863771902632,wm000_ws040_we060,lm080_ls000_le020,lm000_ls100_le000,0,2.0321734012945702
3,rough_seed_28,rough_seed_20,0.021238863771902632,wm000_ws020_we080,lm060_ls020_le020,lm000_ls080_le020,0,2.5139786398249133
3,rough_seed_28,rough_seed_20,0.021238863771902632,wm000_ws000_we100,lm060_ls020_le020,lm000_ls080_le020,0,3.2099578318895237
3,rough_seed_28,rough_seed_20,0.021238863771902632,balanced,lm000_ls060_le040,lm000_ls100_le000,0,1.297026045482479
3,rough_seed_28,rough_seed_20,0.021238863771902632,motion,lm080_ls000_le020,lm060_ls040_le000,0,0.5992078595373471
3,rough_seed_28,rough_seed_20,0.021238863771902632,stability,lm000_ls040_le060,lm000_ls100_le000,0,3.118277526400263
3,rough_seed_28,rough_seed_20,0.021238863771902632,energy,lm060_ls020_le020,lm000_ls100_le000,0,2.1763686926438712
3,rough_seed_17,rough_seed_5,0.025597288862737915,wm100_ws000_we000,lm000_ls100_le000,lm060_ls040_le000,0,0.16620916889500173
3,rough_seed_17,rough_seed_5,0.025597288862737915,wm080_ws020_we000,lm020_ls060_le020,lm100_ls000_le000,0,0.45568763675561424
3,rough_seed_17,rough_seed_5,0.025597288862737915,wm080_ws000_we020,lm060_ls040_le000,lm100_ls000_le000,0,0.1472017917293572
3,rough_seed_17,rough_seed_5,0.025597288862737915,wm060_ws040_we000,lm060_ls020_le020,lm100_ls000_le000,0,0.3021017003854983
3,rough_seed_17,rough_seed_5,0.025597288862737915,wm060_ws020_we020,lm020_ls060_le020,lm100_ls000_le000,0,0.30203031404822817
3,rough_seed_17,rough_seed_5,0.025597288862737915,wm060_ws000_we040,lm080_ls020_le000,lm100_ls000_le000,0,0.23014839260193276
3,rough_seed_17,rough_seed_5,0.025597288862737915,wm040_ws060_we000,lm060_ls020_le020,lm100_ls000_le000,0,0.3584788321687353
3,rough_seed_17,rough_seed_5,0.025597288862737915,wm040_ws040_we020,lm060_ls020_le020,lm100_ls000_le000,0,0.22401693587680202
3,rough_seed_17,rough_seed_5,0.025597288862737915,wm040_ws020_we040,lm060_ls020_le020,lm100_ls000_le000,0,0.1191117190697149
3,rough_seed_17,rough_seed_5,0.025597288862737915,wm040_ws000_we060,lm000_ls080_le020,lm100_ls000_le000,0,0.0905007483239641
3,rough_seed_17,rough_seed_5,0.025597288862737915,wm020_ws080_we000,lm020_ls040_le040,lm100_ls000_le000,0,0.159176228579185
3,rough_seed_17,rough_seed_5,0.025597288862737915,wm020_ws060_we020,lm020_ls040_le040,lm100_ls000_le000,0,0.15671851831138128
3,rough_seed_17,rough_seed_5,0.025597288862737915,wm020_ws040_we040,lm000_ls040_le060,lm100_ls000_le000,0,0.865933767560186
3,rough_seed_17,rough_seed_5,0.025597288862737915,wm020_ws020_we060,lm060_ls020_le020,lm100_ls000_le000,0,0.0865956281430788
3,rough_seed_17,rough_seed_5,0.025597288862737915,wm020_ws000_we080,lm020_ls060_le020,lm020_ls060_le020,1,0.0
3,rough_seed_17,rough_seed_5,0.025597288862737915,wm000_ws100_we000,lm000_ls040_le060,lm060_ls000_le040,0,2.026374537004292
3,rough_seed_17,rough_seed_5,0.025597288862737915,wm000_ws080_we020,lm000_ls040_le060,lm100_ls000_le000,0,1.5488563947069658
3,rough_seed_17,rough_seed_5,0.025597288862737915,wm000_ws060_we040,lm000_ls040_le060,lm100_ls000_le000,0,1.1160190071895784
3,rough_seed_17,rough_seed_5,0.025597288862737915,wm000_ws040_we060,lm060_ls020_le020,lm100_ls000_le000,0,0.11465537635957276
3,rough_seed_17,rough_seed_5,0.025597288862737915,wm000_ws020_we080,lm060_ls020_le020,lm020_ls060_le020,0,0.1293110533444367
3,rough_seed_17,rough_seed_5,0.025597288862737915,wm000_ws000_we100,lm020_ls060_le020,lm020_ls060_le020,1,0.0
3,rough_seed_17,rough_seed_5,0.025597288862737915,balanced,lm060_ls020_le020,lm100_ls000_le000,0,0.14204112922934917
3,rough_seed_17,rough_seed_5,0.025597288862737915,motion,lm100_ls000_le000,lm100_ls000_le000,1,0.0
3,rough_seed_17,rough_seed_5,0.025597288862737915,stability,lm020_ls040_le040,lm100_ls000_le000,0,0.14010527791531124
3,rough_seed_17,rough_seed_5,0.025597288862737915,energy,lm060_ls020_le020,lm020_ls060_le020,0,0.13818447031194359
4,rough_seed_13,rough_seed_18,0.0271274799736515,wm100_ws000_we000,lm000_ls100_le000,lm100_ls000_le000,0,0.2552291007542472
4,rough_seed_13,rough_seed_18,0.0271274799736515,wm080_ws020_we000,lm000_ls100_le000,lm080_ls020_le000,0,0.09700151249562154
4,rough_seed_13,rough_seed_18,0.0271274799736515,wm080_ws000_we020,lm000_ls100_le000,lm080_ls020_le000,0,0.06192503757867396
4,rough_seed_13,rough_seed_18,0.0271274799736515,wm060_ws040_we000,lm000_ls100_le000,lm040_ls060_le000,0,0.02401635406050992
4,rough_seed_13,rough_seed_18,0.0271274799736515,wm060_ws020_we020,lm000_ls100_le000,lm080_ls020_le000,0,0.020318838861103
4,rough_seed_13,rough_seed_18,0.0271274799736515,wm060_ws000_we040,lm000_ls100_le000,lm020_ls060_le020,0,0.06668252017710302
4,rough_seed_13,rough_seed_18,0.0271274799736515,wm040_ws060_we000,lm040_ls040_le020,lm040_ls060_le000,0,0.5470967463260838
4,rough_seed_13,rough_seed_18,0.0271274799736515,wm040_ws040_we020,lm000_ls100_le000,lm040_ls060_le000,0,0.008561207046983182
4,rough_seed_13,rough_seed_18,0.0271274799736515,wm040_ws020_we040,lm000_ls100_le000,lm040_ls020_le040,0,0.11032387402055932
4,rough_seed_13,rough_seed_18,0.0271274799736515,wm040_ws000_we060,lm000_ls100_le000,lm060_ls000_le040,0,0.26668652623075606
4,rough_seed_13,rough_seed_18,0.0271274799736515,wm020_ws080_we000,lm040_ls040_le020,lm040_ls060_le000,0,0.8008585596380785
4,rough_seed_13,rough_seed_18,0.0271274799736515,wm020_ws060_we020,lm040_ls040_le020,lm040_ls060_le000,0,0.4792395244552077
4,rough_seed_13,rough_seed_18,0.0271274799736515,wm020_ws040_we040,lm000_ls100_le000,lm020_ls000_le080,0,0.1250224073537972
4,rough_seed_13,rough_seed_18,0.0271274799736515,wm020_ws020_we060,lm000_ls100_le000,lm040_ls000_le060,0,0.3433175893655319
4,rough_seed_13,rough_seed_18,0.0271274799736515,wm020_ws000_we080,lm000_ls100_le000,lm040_ls000_le060,0,0.5191865855797919
4,rough_seed_13,rough_seed_18,0.0271274799736515,wm000_ws100_we000,lm040_ls040_le020,lm040_ls060_le000,0,1.054620372950073
4,rough_seed_13,rough_seed_18,0.0271274799736515,wm000_ws080_we020,lm040_ls040_le020,lm020_ls000_le080,0,0.7194983915787648
4,rough_seed_13,rough_seed_18,0.0271274799736515,wm000_ws060_we040,lm040_ls040_le020,lm020_ls000_le080,0,0.541978191630715
4,rough_seed_13,rough_seed_18,0.0271274799736515,wm000_ws040_we060,lm000_ls100_le000,lm020_ls000_le080,0,0.4275951239078808
4,rough_seed_13,rough_seed_18,0.0271274799736515,wm000_ws020_we080,lm000_ls100_le000,lm020_ls000_le080,0,0.6225342314847239
4,rough_seed_13,rough_seed_18,0.0271274799736515,wm000_ws000_we100,lm000_ls100_le000,lm040_ls000_le060,0,0.8175038639219216
4,rough_seed_13,rough_seed_18,0.0271274799736515,balanced,lm000_ls100_le000,lm080_ls020_le000,0,0.03270896035207965
4,rough_seed_13,rough_seed_18,0.0271274799736515,motion,lm000_ls100_le000,lm080_ls020_le000,0,0.07115253433137764
4,rough_seed_13,rough_seed_18,0.0271274799736515,stability,lm040_ls040_le020,lm040_ls060_le000,0,0.6230847365789239
4,rough_seed_13,rough_seed_18,0.0271274799736515,energy,lm000_ls100_le000,lm040_ls000_le060,0,0.4618641580046294
4,rough_seed_7,rough_seed_5,0.03127541755148383,wm100_ws000_we000,lm000_ls100_le000,lm100_ls000_le000,0,0.1556219893731322
4,rough_seed_7,rough_seed_5,0.03127541755148383,wm080_ws020_we000,lm020_ls060_le020,lm080_ls020_le000,0,0.16591749346396836
4,rough_seed_7,rough_seed_5,0.03127541755148383,wm080_ws000_we020,lm060_ls040_le000,lm000_ls100_le000,0,0.07377457538928675
4,rough_seed_7,rough_seed_5,0.03127541755148383,wm060_ws040_we000,lm060_ls020_le020,lm080_ls020_le000,0,0.244982768917322
4,rough_seed_7,rough_seed_5,0.03127541755148383,wm060_ws020_we020,lm020_ls060_le020,lm000_ls100_le000,0,0.047440488616420695
4,rough_seed_7,rough_seed_5,0.03127541755148383,wm060_ws000_we040,lm080_ls020_le000,lm040_ls040_le020,0,0.21274477716896736
4,rough_seed_7,rough_seed_5,0.03127541755148383,wm040_ws060_we000,lm060_ls020_le020,lm080_ls020_le000,0,0.3671248580384804
4,rough_seed_7,rough_seed_5,0.03127541755148383,wm040_ws040_we020,lm060_ls020_le020,lm020_ls080_le000,0,0.2220602966363716
4,rough_seed_7,rough_seed_5,0.03127541755148383,wm040_ws020_we040,lm060_ls020_le020,lm040_ls020_le040,0,0.18289839361111665
4,rough_seed_7,rough_seed_5,0.03127541755148383,wm040_ws000_we060,lm000_ls080_le020,lm040_ls020_le040,0,0.13827169934175015
4,rough_seed_7,rough_seed_5,0.03127541755148383,wm020_ws080_we000,lm020_ls040_le040,lm000_ls060_le040,0,0.5398616554101336
4,rough_seed_7,rough_seed_5,0.03127541755148383,wm020_ws060_we020,lm020_ls040_le040,lm000_ls060_le040,0,0.4044573825591733
4,rough_seed_7,rough_seed_5,0.03127541755148383,wm020_ws040_we040,lm000_ls040_le060,lm000_ls040_le060,1,0.0
4,rough_seed_7,rough_seed_5,0.03127541755148383,wm020_ws020_we060,lm060_ls020_le020,lm040_ls020_le040,0,0.3775356091167842
4,rough_seed_7,rough_seed_5,0.03127541755148383,wm020_ws000_we080,lm020_ls060_le020,lm020_ls020_le060,0,0.2773899087197262
4,rough_seed_7,rough_seed_5,0.03127541755148383,wm000_ws100_we000,lm000_ls040_le060,lm020_ls020_le060,0,0.4750165312451118
4,rough_seed_7,rough_seed_5,0.03127541755148383,wm000_ws080_we020,lm000_ls040_le060,lm020_ls020_le060,0,0.3806829549597384
4,rough_seed_7,rough_seed_5,0.03127541755148383,wm000_ws060_we040,lm000_ls040_le060,lm020_ls020_le060,0,0.28634937867436505
4,rough_seed_7,rough_seed_5,0.03127541755148383,wm000_ws040_we060,lm060_ls020_le020,lm020_ls020_le060,0,0.5496950386822334
4,rough_seed_7,rough_seed_5,0.03127541755148383,wm000_ws020_we080,lm060_ls020_le020,lm020_ls020_le060,0,0.7295943365989371
4,rough_seed_7,rough_seed_5,0.03127541755148383,wm000_ws000_we100,lm020_ls060_le020,lm020_ls020_le060,0,0.5984810906930279
4,rough_seed_7,rough_seed_5,0.03127541755148383,balanced,lm060_ls020_le020,lm000_ls060_le040,0,0.11608609226524153
4,rough_seed_7,rough_seed_5,0.03127541755148383,motion,lm100_ls000_le000,lm000_ls100_le000,0,0.007110061757766156
4,rough_seed_7,rough_seed_5,0.03127541755148383,stability,lm020_ls040_le040,lm020_ls020_le060,0,0.49080240848649415
4,rough_seed_7,rough_seed_5,0.03127541755148383,energy,lm060_ls020_le020,lm020_ls020_le060,0,0.48681445600983564
4,rough_seed_15,rough_seed_18,0.03198424279039651,wm100_ws000_we000,lm000_ls100_le000,lm040_ls060_le000,0,0.04334695684378129
4,rough_seed_15,rough_seed_18,0.03198424279039651,wm080_ws020_we000,lm000_ls100_le000,lm080_ls020_le000,0,0.1004391414930495
4,rough_seed_15,rough_seed_18,0.03198424279039651,wm080_ws000_we020,lm000_ls100_le000,lm020_ls060_le020,0,0.11864741217035818
4,rough_seed_15,rough_seed_18,0.03198424279039651,wm060_ws040_we000,lm000_ls100_le000,lm060_ls040_le000,0,0.259451905567282
4,rough_seed_15,rough_seed_18,0.03198424279039651,wm060_ws020_we020,lm000_ls100_le000,lm060_ls040_le000,0,0.0993409806749303
4,rough_seed_15,rough_seed_18,0.03198424279039651,wm060_ws000_we040,lm000_ls100_le000,lm000_ls080_le020,0,0.2382998414550778
4,rough_seed_15,rough_seed_18,0.03198424279039651,wm040_ws060_we000,lm040_ls040_le020,lm060_ls040_le000,0,0.3897739338756264
4,rough_seed_15,rough_seed_18,0.03198424279039651,wm040_ws040_we020,lm000_ls100_le000,lm060_ls040_le000,0,0.26038466038256025
4,rough_seed_15,rough_seed_18,0.03198424279039651,wm040_ws020_we040,lm000_ls100_le000,lm000_ls080_le020,0,0.2250782862651057
4,rough_seed_15,rough_seed_18,0.03198424279039651,wm040_ws000_we060,lm000_ls100_le000,lm000_ls080_le020,0,0.44369882791500276
4,rough_seed_15,rough_seed_18,0.03198424279039651,wm020_ws080_we000,lm040_ls040_le020,lm000_ls060_le040,0,0.6165182729935832
4,rough_seed_15,rough_seed_18,0.03198424279039651,wm020_ws060_we020,lm040_ls040_le020,lm020_ls040_le040,0,0.4531147233326407
4,rough_seed_15,rough_seed_18,0.03198424279039651,wm020_ws040_we040,lm000_ls100_le000,lm060_ls040_le000,0,0.199710258510842
4,rough_seed_15,rough_seed_18,0.03198424279039651,wm020_ws020_we060,lm000_ls100_le000,lm000_ls080_le020,0,0.39623424118932676
4,rough_seed_15,rough_seed_18,0.03198424279039651,wm020_ws000_we080,lm000_ls100_le000,lm000_ls080_le020,0,0.6490978143749279
4,rough_seed_15,rough_seed_18,0.03198424279039651,wm000_ws100_we000,lm040_ls040_le020,lm000_ls040_le060,0,0.9817642356199189
4,rough_seed_15,rough_seed_18,0.03198424279039651,wm000_ws080_we020,lm040_ls040_le020,lm000_ls040_le060,0,0.7021705437840081
4,rough_seed_15,rough_seed_18,0.03198424279039651,wm000_ws060_we040,lm040_ls040_le020,lm000_ls040_le060,0,0.42257685194809724
4,rough_seed_15,rough_seed_18,0.03198424279039651,wm000_ws040_we060,lm000_ls100_le000,lm000_ls080_le020,0,0.2802835913922429
4,rough_seed_15,rough_seed_18,0.03198424279039651,wm000_ws020_we080,lm000_ls100_le000,lm000_ls080_le020,0,0.5673901961135479
4,rough_seed_15,rough_seed_18,0.03198424279039651,wm000_ws000_we100,lm000_ls100_le000,lm000_ls080_le020,0,0.8544968008348529
4,rough_seed_15,rough_seed_18,0.03198424279039651,balanced,lm000_ls100_le000,lm060_ls040_le000,0,0.16625383256553808
4,rough_seed_15,rough_seed_18,0.03198424279039651,motion,lm000_ls100_le000,lm040_ls060_le000,0,0.0680127075617049
4,rough_seed_15,rough_seed_18,0.03198424279039651,stability,lm040_ls040_le020,lm000_ls040_le060,0,0.5356431541960421
4,rough_seed_15,rough_seed_18,0.03198424279039651,energy,lm000_ls100_le000,lm000_ls080_le020,0,0.5107998811007083
4,rough_seed_0,rough_seed_29,0.030444087549434055,wm100_ws000_we000,lm100_ls000_le000,lm080_ls020_le000,0,0.10619701109911484
4,rough_seed_0,rough_seed_29,0.030444087549434055,wm080_ws020_we000,lm100_ls000_le000,lm100_ls000_le000,1,0.0
4,rough_seed_0,rough_seed_29,0.030444087549434055,wm080_ws000_we020,lm060_ls040_le000,lm060_ls040_le000,1,0.0
4,rough_seed_0,rough_seed_29,0.030444087549434055,wm060_ws040_we000,lm060_ls040_le000,lm100_ls000_le000,0,0.0012496466946972928
4,rough_seed_0,rough_seed_29,0.030444087549434055,wm060_ws020_we020,lm060_ls040_le000,lm100_ls000_le000,0,0.0007869545660379451
4,rough_seed_0,rough_seed_29,0.030444087549434055,wm060_ws000_we040,lm060_ls040_le000,lm060_ls040_le000,1,0.0
4,rough_seed_0,rough_seed_29,0.030444087549434055,wm040_ws060_we000,lm040_ls060_le000,lm060_ls000_le040,0,0.7138502715534418
4,rough_seed_0,rough_seed_29,0.030444087549434055,wm040_ws040_we020,lm040_ls060_le000,lm100_ls000_le000,0,0.39642341795650454
4,rough_seed_0,rough_seed_29,0.030444087549434055,wm040_ws020_we040,lm060_ls040_le000,lm100_ls000_le000,0,0.001028062241099692
4,rough_seed_0,rough_seed_29,0.030444087549434055,wm040_ws000_we060,lm080_ls020_le000,lm100_ls000_le000,0,0.2511986095877981
4,rough_seed_0,rough_seed_29,0.030444087549434055,wm020_ws080_we000,lm080_ls020_le000,lm060_ls000_le040,0,0.6715054323187577
4,rough_seed_0,rough_seed_29,0.030444087549434055,wm020_ws060_we020,lm080_ls020_le000,lm000_ls060_le040,0,0.4591089483824853
4,rough_seed_0,rough_seed_29,0.030444087549434055,wm020_ws040_we040,lm080_ls020_le000,lm000_ls040_le060,0,0.20203819026923883
4,rough_seed_0,rough_seed_29,0.030444087549434055,wm020_ws020_we060,lm080_ls020_le000,lm100_ls000_le000,0,0.1641926964808276
4,rough_seed_0,rough_seed_29,0.030444087549434055,wm020_ws000_we080,lm080_ls000_le020,lm100_ls000_le000,0,0.547354711924831
4,rough_seed_0,rough_seed_29,0.030444087549434055,wm000_ws100_we000,lm080_ls020_le000,lm000_ls040_le060,0,1.01
4,rough_seed_0,rough_seed_29,0.030444087549434055,wm000_ws080_we020,lm080_ls020_le000,lm000_ls040_le060,0,0.713005369643609
4,rough_seed_0,rough_seed_29,0.030444087549434055,wm000_ws060_we040,lm080_ls020_le000,lm000_ls040_le060,0,0.4160107392872179
4,rough_seed_0,rough_seed_29,0.030444087549434055,wm000_ws040_we060,lm080_ls020_le000,lm100_ls000_le000,0,0.14435884429753043
4,rough_seed_0,rough_seed_29,0.030444087549434055,wm000_ws020_we080,lm040_ls040_le020,lm100_ls000_le000,0,0.4022338861377538
4,rough_seed_0,rough_seed_29,0.030444087549434055,wm000_ws000_we100,lm080_ls000_le020,lm100_ls000_le000,0,0.7104021498141614
4,rough_seed_0,rough_seed_29,0.030444087549434055,balanced,lm060_ls040_le000,lm100_ls000_le000,0,0.0014168928852264784
4,rough_seed_0,rough_seed_29,0.030444087549434055,motion,lm060_ls040_le000,lm100_ls000_le000,0,0.0005507276963422764
4,rough_seed_0,rough_seed_29,0.030444087549434055,stability,lm080_ls020_le000,lm000_ls060_le040,0,0.5967024525826499
4,rough_seed_0,rough_seed_29,0.030444087549434055,energy,lm080_ls000_le020,lm100_ls000_le000,0,0.4006664822516466
4,rough_seed_5,rough_seed_20,0.013868719543170515,wm100_ws000_we000,lm100_ls000_le000,lm000_ls100_le000,0,0.07993338923685919
4,rough_seed_5,rough_seed_20,0.013868719543170515,wm080_ws020_we000,lm080_ls000_le020,lm020_ls060_le020,0,0.13264722961626557
4,rough_seed_5,rough_seed_20,0.013868719543170515,wm080_ws000_we020,lm060_ls020_le020,lm060_ls040_le000,0,0.19829155385715025
4,rough_seed_5,rough_seed_20,0.013868719543170515,wm060_ws040_we000,lm000_ls060_le040,lm060_ls020_le020,0,0.3143209184783374
4,rough_seed_5,rough_seed_20,0.013868719543170515,wm060_ws020_we020,lm080_ls000_le020,lm020_ls060_le020,0,0.06492773284257167
4,rough_seed_5,rough_seed_20,0.013868719543170515,wm060_ws000_we040,lm060_ls020_le020,lm080_ls020_le000,0,0.12130412869393269
4,rough_seed_5,rough_seed_20,0.013868719543170515,wm040_ws060_we000,lm060_ls000_le040,lm060_ls020_le020,0,0.025882431685077145
4,rough_seed_5,rough_seed_20,0.013868719543170515,wm040_ws040_we020,lm040_ls020_le040,lm060_ls020_le020,0,0.14547425884553394
4,rough_seed_5,rough_seed_20,0.013868719543170515,wm040_ws020_we040,lm060_ls020_le020,lm060_ls020_le020,1,0.0
4,rough_seed_5,rough_seed_20,0.013868719543170515,wm040_ws000_we060,lm060_ls020_le020,lm000_ls080_le020,0,0.06388077250789115
4,rough_seed_5,rough_seed_20,0.013868719543170515,wm020_ws080_we000,lm020_ls020_le060,lm020_ls040_le040,0,0.017305736878379774
4,rough_seed_5,rough_seed_20,0.013868719543170515,wm020_ws060_we020,lm000_ls040_le060,lm020_ls040_le040,0,0.01606667926839861
4,rough_seed_5,rough_seed_20,0.013868719543170515,wm020_ws040_we040,lm000_ls060_le040,lm000_ls040_le060,0,0.20237742738944983
4,rough_seed_5,rough_seed_20,0.013868719543170515,wm020_ws020_we060,lm060_ls020_le020,lm060_ls020_le020,1,0.0
4,rough_seed_5,rough_seed_20,0.013868719543170515,wm020_ws000_we080,lm060_ls020_le020,lm020_ls060_le020,0,0.06222626491854789
4,rough_seed_5,rough_seed_20,0.013868719543170515,wm000_ws100_we000,lm000_ls000_le100,lm000_ls040_le060,0,0.18069268083781717
4,rough_seed_5,rough_seed_20,0.013868719543170515,wm000_ws080_we020,lm000_ls040_le060,lm000_ls040_le060,1,0.0
4,rough_seed_5,rough_seed_20,0.013868719543170515,wm000_ws060_we040,lm000_ls040_le060,lm000_ls040_le060,1,0.0
4,rough_seed_5,rough_seed_20,0.013868719543170515,wm000_ws040_we060,lm080_ls000_le020,lm060_ls020_le020,0,0.011436351396462763
4,rough_seed_5,rough_seed_20,0.013868719543170515,wm000_ws020_we080,lm060_ls020_le020,lm060_ls020_le020,1,0.0
4,rough_seed_5,rough_seed_20,0.013868719543170515,wm000_ws000_we100,lm060_ls020_le020,lm020_ls060_le020,0,0.11666076961149235
4,rough_seed_5,rough_seed_20,0.013868719543170515,balanced,lm000_ls060_le040,lm060_ls020_le020,0,0.13689095642851945
4,rough_seed_5,rough_seed_20,0.013868719543170515,motion,lm080_ls000_le020,lm100_ls000_le000,0,0.13264142087106134
4,rough_seed_5,rough_seed_20,0.013868719543170515,stability,lm000_ls040_le060,lm020_ls040_le040,0,0.01164500372354349
4,rough_seed_5,rough_seed_20,0.013868719543170515,energy,lm060_ls020_le020,lm060_ls020_le020,1,0.0
4,rough_seed_11,rough_seed_25,0.017085897017803317,wm100_ws000_we000,lm100_ls000_le000,lm100_ls000_le000,1,0.0
4,rough_seed_11,rough_seed_25,0.017085897017803317,wm080_ws020_we000,lm080_ls000_le020,lm080_ls020_le000,0,2.1354641400702934
4,rough_seed_11,rough_seed_25,0.017085897017803317,wm080_ws000_we020,lm100_ls000_le000,lm100_ls000_le000,1,0.0
4,rough_seed_11,rough_seed_25,0.017085897017803317,wm060_ws040_we000,lm040_ls040_le020,lm080_ls020_le000,0,1.288691411737557
4,rough_seed_11,rough_seed_25,0.017085897017803317,wm060_ws020_we020,lm080_ls000_le020,lm100_ls000_le000,0,1.5521758724907906
4,rough_seed_11,rough_seed_25,0.017085897017803317,wm060_ws000_we040,lm100_ls000_le000,lm100_ls000_le000,1,0.0
4,rough_seed_11,rough_seed_25,0.017085897017803317,wm040_ws060_we000,lm040_ls020_le040,lm020_ls080_le000,0,1.1561479405395574
4,rough_seed_11,rough_seed_25,0.017085897017803317,wm040_ws040_we020,lm040_ls040_le020,lm020_ls080_le000,0,0.7648485316839686
4,rough_seed_11,rough_seed_25,0.017085897017803317,wm040_ws020_we040,lm080_ls000_le020,lm020_ls080_le000,0,0.8120492097802556
4,rough_seed_11,rough_seed_25,0.017085897017803317,wm040_ws000_we060,lm100_ls000_le000,lm020_ls080_le000,0,0.23191682346871734
4,rough_seed_11,rough_seed_25,0.017085897017803317,wm020_ws080_we000,lm060_ls000_le040,lm020_ls080_le000,0,0.6318502982233888
4,rough_seed_11,rough_seed_25,0.017085897017803317,wm020_ws060_we020,lm040_ls040_le020,lm020_ls080_le000,0,0.385844206584111
4,rough_seed_11,rough_seed_25,0.017085897017803317,wm020_ws040_we040,lm040_ls040_le020,lm020_ls080_le000,0,0.8327411186969156
4,rough_seed_11,rough_seed_25,0.017085897017803317,wm020_ws020_we060,lm040_ls040_le020,lm020_ls080_le000,0,1.3319835789333498
4,rough_seed_11,rough_seed_25,0.017085897017803317,wm020_ws000_we080,lm100_ls000_le000,lm000_ls100_le000,0,0.595271180557627
4,rough_seed_11,rough_seed_25,0.017085897017803317,wm000_ws100_we000,lm060_ls000_le040,lm020_ls080_le000,0,0.3459023968230178
4,rough_seed_11,rough_seed_25,0.017085897017803317,wm000_ws080_we020,lm060_ls000_le040,lm000_ls100_le000,0,0.7328636660443681
4,rough_seed_11,rough_seed_25,0.017085897017803317,wm000_ws060_we040,lm040_ls040_le020,lm000_ls100_le000,0,1.0026483310600083
4,rough_seed_11,rough_seed_25,0.017085897017803317,wm000_ws040_we060,lm040_ls040_le020,lm000_ls100_le000,0,1.509495665368579
4,rough_seed_11,rough_seed_25,0.017085897017803317,wm000_ws020_we080,lm040_ls040_le020,lm000_ls100_le000,0,2.0163429996771494
4,rough_seed_11,rough_seed_25,0.017085897017803317,wm000_ws000_we100,lm020_ls000_le080,lm000_ls100_le000,0,4.5026255345424335
4,rough_seed_11,rough_seed_25,0.017085897017803317,balanced,lm040_ls040_le020,lm020_ls080_le000,0,0.6410250701151684
4,rough_seed_11,rough_seed_25,0.017085897017803317,motion,lm080_ls000_le020,lm100_ls000_le000,0,1.8935928542009015
4,rough_seed_11,rough_seed_25,0.017085897017803317,stability,lm060_ls000_le040,lm020_ls080_le000,0,0.4792746416983237
4,rough_seed_11,rough_seed_25,0.017085897017803317,energy,lm040_ls040_le020,lm000_ls100_le000,0,1.6193443514917225
4,rough_seed_4,rough_seed_8,0.02051888983064953,wm100_ws000_we000,lm080_ls020_le000,lm080_ls020_le000,1,0.0
4,rough_seed_4,rough_seed_8,0.02051888983064953,wm080_ws020_we000,lm080_ls020_le000,lm020_ls080_le000,0,0.09839965110788759
4,rough_seed_4,rough_seed_8,0.02051888983064953,wm080_ws000_we020,lm100_ls000_le000,lm020_ls080_le000,0,3.7566741279533673
4,rough_seed_4,rough_seed_8,0.02051888983064953,wm060_ws040_we000,lm080_ls020_le000,lm020_ls080_le000,0,0.1973985281156008
4,rough_seed_4,rough_seed_8,0.02051888983064953,wm060_ws020_we020,lm080_ls020_le000,lm020_ls080_le000,0,0.10021490956761657
4,rough_seed_4,rough_seed_8,0.02051888983064953,wm060_ws000_we040,lm100_ls000_le000,lm020_ls080_le000,0,2.7942562350005606
4,rough_seed_4,rough_seed_8,0.02051888983064953,wm040_ws060_we000,lm080_ls020_le000,lm020_ls080_le000,0,0.296397405123314
4,rough_seed_4,rough_seed_8,0.02051888983064953,wm040_ws040_we020,lm080_ls020_le000,lm020_ls080_le000,0,0.19921378657532976
4,rough_seed_4,rough_seed_8,0.02051888983064953,wm040_ws020_we040,lm100_ls000_le000,lm020_ls080_le000,0,1.803256720654973
4,rough_seed_4,rough_seed_8,0.02051888983064953,wm040_ws000_we060,lm100_ls000_le000,lm060_ls040_le000,0,1.8297321978972196
4,rough_seed_4,rough_seed_8,0.02051888983064953,wm020_ws080_we000,lm080_ls020_le000,lm000_ls100_le000,0,0.6060000000000001
4,rough_seed_4,rough_seed_8,0.02051888983064953,wm020_ws060_we020,lm080_ls020_le000,lm000_ls100_le000,0,0.40599999999999997
4,rough_seed_4,rough_seed_8,0.02051888983064953,wm020_ws040_we040,lm040_ls060_le000,lm000_ls100_le000,0,0.3281448462914372
4,rough_seed_4,rough_seed_8,0.02051888983064953,wm020_ws020_we060,lm040_ls060_le000,lm020_ls080_le000,0,0.42581856471701035
4,rough_seed_4,rough_seed_8,0.02051888983064953,wm020_ws000_we080,lm040_ls060_le000,lm060_ls040_le000,0,0.4301502358213907
4,rough_seed_4,rough_seed_8,0.02051888983064953,wm000_ws100_we000,lm080_ls020_le000,lm000_ls100_le000,0,1.01
4,rough_seed_4,rough_seed_8,0.02051888983064953,wm000_ws080_we020,lm080_ls020_le000,lm000_ls100_le000,0,0.81
4,rough_seed_4,rough_seed_8,0.02051888983064953,wm000_ws060_we040,lm080_ls020_le000,lm000_ls100_le000,0,0.61
4,rough_seed_4,rough_seed_8,0.02051888983064953,wm000_ws040_we060,lm040_ls060_le000,lm000_ls100_le000,0,0.3927993717163913
4,rough_seed_4,rough_seed_8,0.02051888983064953,wm000_ws020_we080,lm040_ls060_le000,lm000_ls100_le000,0,0.521301747456001
4,rough_seed_4,rough_seed_8,0.02051888983064953,wm000_ws000_we100,lm040_ls060_le000,lm000_ls100_le000,0,0.6498041231956105
4,rough_seed_4,rough_seed_8,0.02051888983064953,balanced,lm080_ls020_le000,lm020_ls080_le000,0,0.167424333212578
4,rough_seed_4,rough_seed_8,0.02051888983064953,motion,lm080_ls020_le000,lm020_ls080_le000,0,0.07501137570075601
4,rough_seed_4,rough_seed_8,0.02051888983064953,stability,lm080_ls020_le000,lm000_ls100_le000,0,0.5569999999999999
4,rough_seed_4,rough_seed_8,0.02051888983064953,energy,lm040_ls060_le000,lm020_ls080_le000,0,0.3513256326704659
4,rough_seed_25,rough_seed_11,0.017085897017803317,wm100_ws000_we000,lm100_ls000_le000,lm100_ls000_le000,1,0.0
4,rough_seed_25,rough_seed_11,0.017085897017803317,wm080_ws020_we000,lm080_ls020_le000,lm080_ls000_le020,0,0.06554077903532898
4,rough_seed_25,rough_seed_11,0.017085897017803317,wm080_ws000_we020,lm100_ls000_le000,lm100_ls000_le000,1,0.0
4,rough_seed_25,rough_seed_11,0.017085897017803317,wm060_ws040_we000,lm080_ls020_le000,lm040_ls040_le020,0,0.23777151889554632
4,rough_seed_25,rough_seed_11,0.017085897017803317,wm060_ws020_we020,lm100_ls000_le000,lm080_ls000_le020,0,0.06253177186381817
4,rough_seed_25,rough_seed_11,0.017085897017803317,wm060_ws000_we040,lm100_ls000_le000,lm100_ls000_le000,1,0.0
4,rough_seed_25,rough_seed_11,0.017085897017803317,wm040_ws060_we000,lm020_ls080_le000,lm040_ls020_le040,0,0.4017581987905092
4,rough_seed_25,rough_seed_11,0.017085897017803317,wm040_ws040_we020,lm020_ls080_le000,lm040_ls040_le020,0,0.2633547496565628
4,rough_seed_25,rough_seed_11,0.017085897017803317,wm040_ws020_we040,lm020_ls080_le000,lm080_ls000_le020,0,0.275392289768663
4,rough_seed_25,rough_seed_11,0.017085897017803317,wm040_ws000_we060,lm020_ls080_le000,lm100_ls000_le000,0,0.49791746967825823
4,rough_seed_25,rough_seed_11,0.017085897017803317,wm020_ws080_we000,lm020_ls080_le000,lm060_ls000_le040,0,0.6474028665624252
4,rough_seed_25,rough_seed_11,0.017085897017803317,wm020_ws060_we020,lm020_ls080_le000,lm040_ls040_le020,0,0.39464641124903693
4,rough_seed_25,rough_seed_11,0.017085897017803317,wm020_ws040_we040,lm020_ls080_le000,lm040_ls040_le020,0,0.26557051476992677
4,rough_seed_25,rough_seed_11,0.017085897017803317,wm020_ws020_we060,lm020_ls080_le000,lm040_ls040_le020,0,0.49555999027088915
4,rough_seed_25,rough_seed_11,0.017085897017803317,wm020_ws000_we080,lm000_ls100_le000,lm100_ls000_le000,0,0.8080121909138591
4,rough_seed_25,rough_seed_11,0.017085897017803317,wm000_ws100_we000,lm020_ls080_le000,lm060_ls000_le040,0,0.9070981910503649
4,rough_seed_25,rough_seed_11,0.017085897017803317,wm000_ws080_we020,lm000_ls100_le000,lm060_ls000_le040,0,0.6143138962068915
4,rough_seed_25,rough_seed_11,0.017085897017803317,wm000_ws060_we040,lm000_ls100_le000,lm040_ls040_le020,0,0.43053926065663306
4,rough_seed_25,rough_seed_11,0.017085897017803317,wm000_ws040_we060,lm000_ls100_le000,lm040_ls040_le020,0,0.555781584563167
4,rough_seed_25,rough_seed_11,0.017085897017803317,wm000_ws020_we080,lm000_ls100_le000,lm040_ls040_le020,0,0.807038335787689
4,rough_seed_25,rough_seed_11,0.017085897017803317,wm000_ws000_we100,lm000_ls100_le000,lm020_ls000_le080,0,1.0885700623665435
4,rough_seed_25,rough_seed_11,0.017085897017803317,balanced,lm020_ls080_le000,lm040_ls040_le020,0,0.22112851798688232
4,rough_seed_25,rough_seed_11,0.017085897017803317,motion,lm100_ls000_le000,lm080_ls000_le020,0,0.007966230981075031
4,rough_seed_25,rough_seed_11,0.017085897017803317,stability,lm020_ls080_le000,lm060_ls000_le040,0,0.5174599605290169
4,rough_seed_25,rough_seed_11,0.017085897017803317,energy,lm000_ls100_le000,lm040_ls040_le020,0,0.705896826326024
4,rough_seed_12,rough_seed_11,0.02067150026588003,wm100_ws000_we000,lm100_ls000_le000,lm100_ls000_le000,1,0.0
4,rough_seed_12,rough_seed_11,0.02067150026588003,wm080_ws020_we000,lm080_ls020_le000,lm100_ls000_le000,0,0.1610375623770114
4,rough_seed_12,rough_seed_11,0.02067150026588003,wm080_ws000_we020,lm100_ls000_le000,lm100_ls000_le000,1,0.0
4,rough_seed_12,rough_seed_11,0.02067150026588003,wm060_ws040_we000,lm080_ls020_le000,lm100_ls000_le000,0,0.3216766097399084
4,rough_seed_12,rough_seed_11,0.02067150026588003,wm060_ws020_we020,lm100_ls000_le000,lm100_ls000_le000,1,0.0
4,rough_seed_12,rough_seed_11,0.02067150026588003,wm060_ws000_we040,lm100_ls000_le000,lm100_ls000_le000,1,0.0
4,rough_seed_12,rough_seed_11,0.02067150026588003,wm040_ws060_we000,lm020_ls080_le000,lm040_ls040_le020,0,0.39466507661411054
4,rough_seed_12,rough_seed_11,0.02067150026588003,wm040_ws040_we020,lm020_ls080_le000,lm080_ls000_le020,0,0.166706542994004
4,rough_seed_12,rough_seed_11,0.02067150026588003,wm040_ws020_we040,lm020_ls080_le000,lm100_ls000_le000,0,0.4549548538181382
4,rough_seed_12,rough_seed_11,0.02067150026588003,wm040_ws000_we060,lm020_ls080_le000,lm100_ls000_le000,0,0.9803413936115675
4,rough_seed_12,rough_seed_11,0.02067150026588003,wm020_ws080_we000,lm020_ls080_le000,lm040_ls040_le020,0,0.8609726511459384
4,rough_seed_12,rough_seed_11,0.02067150026588003,wm020_ws060_we020,lm020_ls080_le000,lm040_ls040_le020,0,0.5973330507119367
4,rough_seed_12,rough_seed_11,0.02067150026588003,wm020_ws040_we040,lm020_ls080_le000,lm040_ls040_le020,0,0.3713268556663987
4,rough_seed_12,rough_seed_11,0.02067150026588003,wm020_ws020_we060,lm020_ls080_le000,lm100_ls000_le000,0,0.7798212006824512
4,rough_seed_12,rough_seed_11,0.02067150026588003,wm020_ws000_we080,lm000_ls100_le000,lm100_ls000_le000,0,1.682103057552764
4,rough_seed_12,rough_seed_11,0.02067150026588003,wm000_ws100_we000,lm020_ls080_le000,lm040_ls040_le020,0,1.3272802256777656
4,rough_seed_12,rough_seed_11,0.02067150026588003,wm000_ws080_we020,lm000_ls100_le000,lm040_ls040_le020,0,1.2895681233307752
4,rough_seed_12,rough_seed_11,0.02067150026588003,wm000_ws060_we040,lm000_ls100_le000,lm040_ls040_le020,0,0.7941846077260204
4,rough_seed_12,rough_seed_11,0.02067150026588003,wm000_ws040_we060,lm000_ls100_le000,lm100_ls000_le000,0,0.8637656978815723
4,rough_seed_12,rough_seed_11,0.02067150026588003,wm000_ws020_we080,lm000_ls100_le000,lm100_ls000_le000,0,1.4824633343406592
4,rough_seed_12,rough_seed_11,0.02067150026588003,wm000_ws000_we100,lm000_ls100_le000,lm100_ls000_le000,0,2.1011609707997456
4,rough_seed_12,rough_seed_11,0.02067150026588003,balanced,lm020_ls080_le000,lm100_ls000_le000,0,0.212985942910623
4,rough_seed_12,rough_seed_11,0.02067150026588003,motion,lm100_ls000_le000,lm100_ls000_le000,1,0.0
4,rough_seed_12,rough_seed_11,0.02067150026588003,stability,lm020_ls080_le000,lm040_ls040_le020,0,0.7798198444533939
4,rough_seed_12,rough_seed_11,0.02067150026588003,energy,lm000_ls100_le000,lm100_ls000_le000,0,1.3228443085201944
4,rough_seed_6,rough_seed_8,0.017194078556334792,wm100_ws000_we000,lm080_ls020_le000,lm080_ls020_le000,1,0.0
4,rough_seed_6,rough_seed_8,0.017194078556334792,wm080_ws020_we000,lm080_ls020_le000,lm020_ls080_le000,0,0.08433093818259978
4,rough_seed_6,rough_seed_8,0.017194078556334792,wm080_ws000_we020,lm100_ls000_le000,lm100_ls000_le000,1,0.0
4,rough_seed_6,rough_seed_8,0.017194078556334792,wm060_ws040_we000,lm080_ls020_le000,lm000_ls080_le020,0,0.20886232824232728
4,rough_seed_6,rough_seed_8,0.017194078556334792,wm060_ws020_we020,lm080_ls020_le000,lm020_ls080_le000,0,0.08520084321564392
4,rough_seed_6,rough_seed_8,0.017194078556334792,wm060_ws000_we040,lm100_ls000_le000,lm100_ls000_le000,1,0.0
4,rough_seed_6,rough_seed_8,0.017194078556334792,wm040_ws060_we000,lm080_ls020_le000,lm040_ls020_le040,0,0.3766350118542
4,rough_seed_6,rough_seed_8,0.017194078556334792,wm040_ws040_we020,lm080_ls020_le000,lm000_ls080_le020,0,0.23504698157335807
4,rough_seed_6,rough_seed_8,0.017194078556334792,wm040_ws020_we040,lm100_ls000_le000,lm020_ls080_le000,0,0.052026991646858145
4,rough_seed_6,rough_seed_8,0.017194078556334792,wm040_ws000_we060,lm100_ls000_le000,lm100_ls000_le000,1,0.0
4,rough_seed_6,rough_seed_8,0.017194078556334792,wm020_ws080_we000,lm080_ls020_le000,lm020_ls040_le040,0,0.6870138134016378
4,rough_seed_6,rough_seed_8,0.017194078556334792,wm020_ws060_we020,lm080_ls020_le000,lm000_ls060_le040,0,0.4828301378818823
4,rough_seed_6,rough_seed_8,0.017194078556334792,wm020_ws040_we040,lm040_ls060_le000,lm000_ls080_le020,0,0.1554434681994197
4,rough_seed_6,rough_seed_8,0.017194078556334792,wm020_ws020_we060,lm040_ls060_le000,lm020_ls080_le000,0,0.04295936997090953
4,rough_seed_6,rough_seed_8,0.017194078556334792,wm020_ws000_we080,lm040_ls060_le000,lm100_ls000_le000,0,0.09365597498634946
4,rough_seed_6,rough_seed_8,0.017194078556334792,wm000_ws100_we000,lm080_ls020_le000,lm040_ls000_le060,0,1.01
4,rough_seed_6,rough_seed_8,0.017194078556334792,wm000_ws080_we020,lm080_ls020_le000,lm040_ls000_le060,0,0.7100517199364809
4,rough_seed_6,rough_seed_8,0.017194078556334792,wm000_ws060_we040,lm080_ls020_le000,lm040_ls000_le060,0,0.4101034398729618
4,rough_seed_6,rough_seed_8,0.017194078556334792,wm000_ws040_we060,lm040_ls060_le000,lm000_ls080_le020,0,0.15575779108752896
4,rough_seed_6,rough_seed_8,0.017194078556334792,wm000_ws020_we080,lm040_ls060_le000,lm020_ls080_le000,0,0.003516272143646665
4,rough_seed_6,rough_seed_8,0.017194078556334792,wm000_ws000_we100,lm040_ls060_le000,lm100_ls000_le000,0,0.12180385225250068
4,rough_seed_6,rough_seed_8,0.017194078556334792,balanced,lm080_ls020_le000,lm000_ls080_le020,0,0.19646303752110775
4,rough_seed_6,rough_seed_8,0.017194078556334792,motion,lm080_ls020_le000,lm020_ls080_le000,0,0.06378750170648817
4,rough_seed_6,rough_seed_8,0.017194078556334792,stability,lm080_ls020_le000,lm000_ls060_le040,0,0.6144933657514767
4,rough_seed_6,rough_seed_8,0.017194078556334792,energy,lm040_ls060_le000,lm040_ls060_le000,1,0.0
4,rough_seed_29,rough_seed_0,0.030444087549434055,wm100_ws000_we000,lm080_ls020_le000,lm100_ls000_le000,0,0.4081617903513611
4,rough_seed_29,rough_seed_0,0.030444087549434055,wm080_ws020_we000,lm100_ls000_le000,lm100_ls000_le000,1,0.0
4,rough_seed_29,rough_seed_0,0.030444087549434055,wm080_ws000_we020,lm060_ls040_le000,lm060_ls040_le000,1,0.0
4,rough_seed_29,rough_seed_0,0.030444087549434055,wm060_ws040_we000,lm100_ls000_le000,lm060_ls040_le000,0,0.17004765852338252
4,rough_seed_29,rough_seed_0,0.030444087549434055,wm060_ws020_we020,lm100_ls000_le000,lm060_ls040_le000,0,0.09047830607175009
4,rough_seed_29,rough_seed_0,0.030444087549434055,wm060_ws000_we040,lm060_ls040_le000,lm060_ls040_le000,1,0.0
4,rough_seed_29,rough_seed_0,0.030444087549434055,wm040_ws060_we000,lm060_ls000_le040,lm040_ls060_le000,0,0.9776530142173523
4,rough_seed_29,rough_seed_0,0.030444087549434055,wm040_ws040_we020,lm100_ls000_le000,lm040_ls060_le000,0,0.19166732824772015
4,rough_seed_29,rough_seed_0,0.030444087549434055,wm040_ws020_we040,lm100_ls000_le000,lm060_ls040_le000,0,0.26325953370435146
4,rough_seed_29,rough_seed_0,0.030444087549434055,wm040_ws000_we060,lm100_ls000_le000,lm080_ls020_le000,0,0.44113512290853335
4,rough_seed_29,rough_seed_0,0.030444087549434055,wm020_ws080_we000,lm060_ls000_le040,lm080_ls020_le000,0,1.4026255381754607
4,rough_seed_29,rough_seed_0,0.030444087549434055,wm020_ws060_we020,lm000_ls060_le040,lm080_ls020_le000,0,0.753726533728449
4,rough_seed_29,rough_seed_0,0.030444087549434055,wm020_ws040_we040,lm000_ls040_le060,lm080_ls020_le000,0,0.9289549773835959
4,rough_seed_29,rough_seed_0,0.030444087549434055,wm020_ws020_we060,lm100_ls000_le000,lm080_ls020_le000,0,0.44497537759300243
4,rough_seed_29,rough_seed_0,0.030444087549434055,wm020_ws000_we080,lm100_ls000_le000,lm080_ls000_le020,0,0.7157867109914122
4,rough_seed_29,rough_seed_0,0.030444087549434055,wm000_ws100_we000,lm000_ls040_le060,lm080_ls020_le000,0,2.2278633803499814
4,rough_seed_29,rough_seed_0,0.030444087549434055,wm000_ws080_we020,lm000_ls040_le060,lm080_ls020_le000,0,1.7334911394185637
4,rough_seed_29,rough_seed_0,0.030444087549434055,wm000_ws060_we040,lm000_ls040_le060,lm080_ls020_le000,0,1.2391188984871457
4,rough_seed_29,rough_seed_0,0.030444087549434055,wm000_ws040_we060,lm100_ls000_le000,lm080_ls020_le000,0,0.44718349356717213
4,rough_seed_29,rough_seed_0,0.030444087549434055,wm000_ws020_we080,lm100_ls000_le000,lm040_ls040_le020,0,0.6332431987151041
4,rough_seed_29,rough_seed_0,0.030444087549434055,wm000_ws000_we100,lm100_ls000_le000,lm080_ls000_le020,0,1.01
4,rough_seed_29,rough_seed_0,0.030444087549434055,balanced,lm100_ls000_le000,lm060_ls040_le000,0,0.22013033405235882
4,rough_seed_29,rough_seed_0,0.030444087549434055,motion,lm100_ls000_le000,lm060_ls040_le000,0,0.021308297543392918
4,rough_seed_29,rough_seed_0,0.030444087549434055,stability,lm000_ls060_le040,lm080_ls020_le000,0,0.9105330537299318
4,rough_seed_29,rough_seed_0,0.030444087549434055,energy,lm100_ls000_le000,lm080_ls000_le020,0,0.5558651539577645
4,rough_seed_18,rough_seed_6,0.026154979728411108,wm100_ws000_we000,lm080_ls020_le000,lm000_ls100_le000,0,0.8004797674529002
4,rough_seed_18,rough_seed_6,0.026154979728411108,wm080_ws020_we000,lm020_ls080_le000,lm000_ls100_le000,0,0.5277282831115051
4,rough_seed_18,rough_seed_6,0.026154979728411108,wm080_ws000_we020,lm100_ls000_le000,lm000_ls100_le000,0,0.5343276184312944
4,rough_seed_18,rough_seed_6,0.026154979728411108,wm060_ws040_we000,lm000_ls080_le020,lm000_ls100_le000,0,0.22403120929439557
4,rough_seed_18,rough_seed_6,0.026154979728411108,wm060_ws020_we020,lm020_ls080_le000,lm000_ls100_le000,0,0.5279861321334463
4,rough_seed_18,rough_seed_6,0.026154979728411108,wm060_ws000_we040,lm100_ls000_le000,lm000_ls100_le000,0,0.9074544984912123
4,rough_seed_18,rough_seed_6,0.026154979728411108,wm040_ws060_we000,lm040_ls020_le040,lm040_ls040_le020,0,22.717147952356118
4,rough_seed_18,rough_seed_6,0.026154979728411108,wm040_ws040_we020,lm000_ls080_le020,lm000_ls100_le000,0,0.018261422436187058
4,rough_seed_18,rough_seed_6,0.026154979728411108,wm040_ws020_we040,lm020_ls080_le000,lm000_ls100_le000,0,0.5282439811553874
4,rough_seed_18,rough_seed_6,0.026154979728411108,wm040_ws000_we060,lm100_ls000_le000,lm000_ls100_le000,0,1.357902943606415
4,rough_seed_18,rough_seed_6,0.026154979728411108,wm020_ws080_we000,lm020_ls040_le040,lm040_ls040_le020,0,16.55491725980749
4,rough_seed_18,rough_seed_6,0.026154979728411108,wm020_ws060_we020,lm000_ls060_le040,lm040_ls040_le020,0,16.34720211333811
4,rough_seed_18,rough_seed_6,0.026154979728411108,wm020_ws040_we040,lm000_ls080_le020,lm000_ls100_le000,0,0.13128462811020114
4,rough_seed_18,rough_seed_6,0.026154979728411108,wm020_ws020_we060,lm020_ls080_le000,lm000_ls100_le000,0,0.5285018301773288
4,rough_seed_18,rough_seed_6,0.026154979728411108,wm020_ws000_we080,lm100_ls000_le000,lm000_ls100_le000,0,1.8083513887216176
4,rough_seed_18,rough_seed_6,0.026154979728411108,wm000_ws100_we000,lm040_ls000_le060,lm040_ls040_le020,0,34.145336136065595
4,rough_seed_18,rough_seed_6,0.026154979728411108,wm000_ws080_we020,lm040_ls000_le060,lm040_ls040_le020,0,27.129937281911605
4,rough_seed_18,rough_seed_6,0.026154979728411108,wm000_ws060_we040,lm040_ls000_le060,lm040_ls040_le020,0,20.114538427757616
4,rough_seed_18,rough_seed_6,0.026154979728411108,wm000_ws040_we060,lm000_ls080_le020,lm000_ls100_le000,0,0.3944094745641781
4,rough_seed_18,rough_seed_6,0.026154979728411108,wm000_ws020_we080,lm020_ls080_le000,lm000_ls100_le000,0,0.5287596791992699
4,rough_seed_18,rough_seed_6,0.026154979728411108,wm000_ws000_we100,lm100_ls000_le000,lm000_ls100_le000,0,2.2587998338368203
4,rough_seed_18,rough_seed_6,0.026154979728411108,balanced,lm000_ls080_le020,lm000_ls100_le000,0,0.11112329085320133
4,rough_seed_18,rough_seed_6,0.026154979728411108,motion,lm020_ls080_le000,lm000_ls100_le000,0,0.39632198195516743
4,rough_seed_18,rough_seed_6,0.026154979728411108,stability,lm000_ls060_le040,lm040_ls040_le020,0,19.14409269441434
4,rough_seed_18,rough_seed_6,0.026154979728411108,energy,lm040_ls060_le000,lm000_ls100_le000,0,0.8617983790568793
4,rough_seed_10,rough_seed_28,0.03266561067968224,wm100_ws000_we000,lm100_ls000_le000,lm060_ls040_le000,0,0.010046092519815277
4,rough_seed_10,rough_seed_28,0.03266561067968224,wm080_ws020_we000,lm060_ls040_le000,lm080_ls020_le000,0,0.11265663854560057
4,rough_seed_10,rough_seed_28,0.03266561067968224,wm080_ws000_we020,lm040_ls060_le000,lm100_ls000_le000,0,0.12279260475765097
4,rough_seed_10,rough_seed_28,0.03266561067968224,wm060_ws040_we000,lm000_ls100_le000,lm080_ls000_le020,0,0.2787847768600343
4,rough_seed_10,rough_seed_28,0.03266561067968224,wm060_ws020_we020,lm040_ls060_le000,lm080_ls020_le000,0,0.11589332092874853
4,rough_seed_10,rough_seed_28,0.03266561067968224,wm060_ws000_we040,lm000_ls100_le000,lm080_ls020_le000,0,0.36901968018537257
4,rough_seed_10,rough_seed_28,0.03266561067968224,wm040_ws060_we000,lm000_ls100_le000,lm020_ls040_le040,0,0.47559469995267134
4,rough_seed_10,rough_seed_28,0.03266561067968224,wm040_ws040_we020,lm000_ls100_le000,lm060_ls020_le020,0,0.3055700173142297
4,rough_seed_10,rough_seed_28,0.03266561067968224,wm040_ws020_we040,lm000_ls100_le000,lm080_ls020_le000,0,0.3165721132890958
4,rough_seed_10,rough_seed_28,0.03266561067968224,wm040_ws000_we060,lm000_ls100_le000,lm080_ls020_le000,0,0.5820551642298637
4,rough_seed_10,rough_seed_28,0.03266561067968224,wm020_ws080_we000,lm000_ls100_le000,lm040_ls000_le060,0,0.6966088269732125
4,rough_seed_10,rough_seed_28,0.03266561067968224,wm020_ws060_we020,lm000_ls100_le000,lm040_ls000_le060,0,0.5231569281928876
4,rough_seed_10,rough_seed_28,0.03266561067968224,wm020_ws040_we040,lm000_ls100_le000,lm060_ls020_le020,0,0.3076790575052877
4,rough_seed_10,rough_seed_28,0.03266561067968224,wm020_ws020_we060,lm000_ls100_le000,lm060_ls020_le020,0,0.5267982700790274
4,rough_seed_10,rough_seed_28,0.03266561067968224,wm020_ws000_we080,lm000_ls100_le000,lm080_ls020_le000,0,0.7950906482743548
4,rough_seed_10,rough_seed_28,0.03266561067968224,wm000_ws100_we000,lm000_ls100_le000,lm000_ls000_le100,0,1.062623275136013
4,rough_seed_10,rough_seed_28,0.03266561067968224,wm000_ws080_we020,lm000_ls100_le000,lm040_ls000_le060,0,0.698264549134874
4,rough_seed_10,rough_seed_28,0.03266561067968224,wm000_ws060_we040,lm000_ls100_le000,lm020_ls040_le040,0,0.4795069203355542
4,rough_seed_10,rough_seed_28,0.03266561067968224,wm000_ws040_we060,lm000_ls100_le000,lm060_ls020_le020,0,0.48783400793090237
4,rough_seed_10,rough_seed_28,0.03266561067968224,wm000_ws020_we080,lm000_ls080_le020,lm080_ls020_le000,0,0.6420319133760657
4,rough_seed_10,rough_seed_28,0.03266561067968224,wm000_ws000_we100,lm000_ls080_le020,lm080_ls020_le000,0,0.9128057092831403
4,rough_seed_10,rough_seed_28,0.03266561067968224,balanced,lm000_ls100_le000,lm060_ls020_le020,0,0.2560874033297659
4,rough_seed_10,rough_seed_28,0.03266561067968224,motion,lm060_ls040_le000,lm080_ls020_le000,0,0.08533933379246236
4,rough_seed_10,rough_seed_28,0.03266561067968224,stability,lm000_ls100_le000,lm040_ls000_le060,0,0.6102968081234654
4,rough_seed_10,rough_seed_28,0.03266561067968224,energy,lm000_ls100_le000,lm080_ls020_le000,0,0.6406411529651291
4,rough_seed_8,rough_seed_6,0.017194078556334792,wm100_ws000_we000,lm080_ls020_le000,lm080_ls020_le000,1,0.0
4,rough_seed_8,rough_seed_6,0.017194078556334792,wm080_ws020_we000,lm020_ls080_le000,lm080_ls020_le000,0,0.8302061120651932
4,rough_seed_8,rough_seed_6,0.017194078556334792,wm080_ws000_we020,lm100_ls000_le000,lm100_ls000_le000,1,0.0
4,rough_seed_8,rough_seed_6,0.017194078556334792,wm060_ws040_we000,lm000_ls080_le020,lm080_ls020_le000,0,1.9785681391454277
4,rough_seed_8,rough_seed_6,0.017194078556334792,wm060_ws020_we020,lm020_ls080_le000,lm080_ls020_le000,0,0.42327518563251504
4,rough_seed_8,rough_seed_6,0.017194078556334792,wm060_ws000_we040,lm100_ls000_le000,lm100_ls000_le000,1,0.0
4,rough_seed_8,rough_seed_6,0.017194078556334792,wm040_ws060_we000,lm040_ls020_le040,lm080_ls020_le000,0,1.3848027241547363
4,rough_seed_8,rough_seed_6,0.017194078556334792,wm040_ws040_we020,lm000_ls080_le020,lm080_ls020_le000,0,1.1200659528391723
4,rough_seed_8,rough_seed_6,0.017194078556334792,wm040_ws020_we040,lm020_ls080_le000,lm100_ls000_le000,0,0.329455178548401
4,rough_seed_8,rough_seed_6,0.017194078556334792,wm040_ws000_we060,lm100_ls000_le000,lm100_ls000_le000,1,0.0
4,rough_seed_8,rough_seed_6,0.017194078556334792,wm020_ws080_we000,lm020_ls040_le040,lm080_ls020_le000,0,0.7721078818918125
4,rough_seed_8,rough_seed_6,0.017194078556334792,wm020_ws060_we020,lm000_ls060_le040,lm080_ls020_le000,0,0.6490454745598804
4,rough_seed_8,rough_seed_6,0.017194078556334792,wm020_ws040_we040,lm000_ls080_le020,lm040_ls060_le000,0,0.3832764477468776
4,rough_seed_8,rough_seed_6,0.017194078556334792,wm020_ws020_we060,lm020_ls080_le000,lm040_ls060_le000,0,0.5926511228496221
4,rough_seed_8,rough_seed_6,0.017194078556334792,wm020_ws000_we080,lm100_ls000_le000,lm040_ls060_le000,0,0.004904601875305503
4,rough_seed_8,rough_seed_6,0.017194078556334792,wm000_ws100_we000,lm040_ls000_le060,lm080_ls020_le000,0,0.7343076393027654
4,rough_seed_8,rough_seed_6,0.017194078556334792,wm000_ws080_we020,lm040_ls000_le060,lm080_ls020_le000,0,0.6545071446001369
4,rough_seed_8,rough_seed_6,0.017194078556334792,wm000_ws060_we040,lm040_ls000_le060,lm080_ls020_le000,0,1.3017439165339102
4,rough_seed_8,rough_seed_6,0.017194078556334792,wm000_ws040_we060,lm000_ls080_le020,lm040_ls060_le000,0,0.3806784625270521
4,rough_seed_8,rough_seed_6,0.017194078556334792,wm000_ws020_we080,lm020_ls080_le000,lm040_ls060_le000,0,0.9185010396698008
4,rough_seed_8,rough_seed_6,0.017194078556334792,wm000_ws000_we100,lm100_ls000_le000,lm040_ls060_le000,0,0.2580335178854549
4,rough_seed_8,rough_seed_6,0.017194078556334792,balanced,lm000_ls080_le020,lm080_ls020_le000,0,0.7668658057023279
4,rough_seed_8,rough_seed_6,0.017194078556334792,motion,lm020_ls080_le000,lm080_ls020_le000,0,0.5768955544300101
4,rough_seed_8,rough_seed_6,0.017194078556334792,stability,lm000_ls060_le040,lm080_ls020_le000,0,0.4884262850148221
4,rough_seed_8,rough_seed_6,0.017194078556334792,energy,lm040_ls060_le000,lm040_ls060_le000,1,0.0
4,rough_seed_22,rough_seed_20,0.02262226439544612,wm100_ws000_we000,lm100_ls000_le000,lm100_ls000_le000,1,0.0
4,rough_seed_22,rough_seed_20,0.02262226439544612,wm080_ws020_we000,lm080_ls000_le020,lm080_ls020_le000,0,0.04700521521449208
4,rough_seed_22,rough_seed_20,0.02262226439544612,wm080_ws000_we020,lm060_ls020_le020,lm080_ls020_le000,0,0.06878281597550367
4,rough_seed_22,rough_seed_20,0.02262226439544612,wm060_ws040_we000,lm000_ls060_le040,lm080_ls000_le020,0,0.4197103922810418
4,rough_seed_22,rough_seed_20,0.02262226439544612,wm060_ws020_we020,lm080_ls000_le020,lm080_ls000_le020,1,0.0
4,rough_seed_22,rough_seed_20,0.02262226439544612,wm060_ws000_we040,lm060_ls020_le020,lm040_ls040_le020,0,0.09172342507914594
4,rough_seed_22,rough_seed_20,0.02262226439544612,wm040_ws060_we000,lm060_ls000_le040,lm040_ls040_le020,0,0.2269874009003014
4,rough_seed_22,rough_seed_20,0.02262226439544612,wm040_ws040_we020,lm040_ls020_le040,lm040_ls040_le020,0,0.19267165723668428
4,rough_seed_22,rough_seed_20,0.02262226439544612,wm040_ws020_we040,lm060_ls020_le020,lm040_ls040_le020,0,0.17154428895773458
4,rough_seed_22,rough_seed_20,0.02262226439544612,wm040_ws000_we060,lm060_ls020_le020,lm040_ls040_le020,0,0.256984051993705
4,rough_seed_22,rough_seed_20,0.02262226439544612,wm020_ws080_we000,lm020_ls020_le060,lm040_ls020_le040,0,0.1216708468231667
4,rough_seed_22,rough_seed_20,0.02262226439544612,wm020_ws060_we020,lm000_ls040_le060,lm040_ls020_le040,0,0.1323276396584846
4,rough_seed_22,rough_seed_20,0.02262226439544612,wm020_ws040_we040,lm000_ls060_le040,lm040_ls020_le040,0,0.030997998752763295
4,rough_seed_22,rough_seed_20,0.02262226439544612,wm020_ws020_we060,lm060_ls020_le020,lm040_ls020_le040,0,0.4068516977402114
4,rough_seed_22,rough_seed_20,0.02262226439544612,wm020_ws000_we080,lm060_ls020_le020,lm040_ls020_le040,0,0.607726521749659
4,rough_seed_22,rough_seed_20,0.02262226439544612,wm000_ws100_we000,lm000_ls000_le100,lm040_ls020_le040,0,0.29575601260210443
4,rough_seed_22,rough_seed_20,0.02262226439544612,wm000_ws080_we020,lm000_ls040_le060,lm040_ls020_le040,0,0.23157034899308748
4,rough_seed_22,rough_seed_20,0.02262226439544612,wm000_ws060_we040,lm000_ls040_le060,lm040_ls020_le040,0,0.46085473905892016
4,rough_seed_22,rough_seed_20,0.02262226439544612,wm000_ws040_we060,lm080_ls000_le020,lm040_ls020_le040,0,0.5743007158726567
4,rough_seed_22,rough_seed_20,0.02262226439544612,wm000_ws020_we080,lm060_ls020_le020,lm040_ls020_le040,0,0.810454756437447
4,rough_seed_22,rough_seed_20,0.02262226439544612,wm000_ws000_we100,lm060_ls020_le020,lm040_ls020_le040,0,1.0113295804468945
4,rough_seed_22,rough_seed_20,0.02262226439544612,balanced,lm000_ls060_le040,lm040_ls040_le020,0,0.1894274549107057
4,rough_seed_22,rough_seed_20,0.02262226439544612,motion,lm080_ls000_le020,lm080_ls020_le000,0,0.06517657456595652
4,rough_seed_22,rough_seed_20,0.02262226439544612,stability,lm000_ls040_le060,lm040_ls020_le040,0,0.09981721947567715
4,rough_seed_22,rough_seed_20,0.02262226439544612,energy,lm060_ls020_le020,lm040_ls020_le040,0,0.5579711684168822
4,rough_seed_20,rough_seed_5,0.013868719543170515,wm100_ws000_we000,lm000_ls100_le000,lm100_ls000_le000,0,0.05862861025197585
4,rough_seed_20,rough_seed_5,0.013868719543170515,wm080_ws020_we000,lm020_ls060_le020,lm080_ls000_le020,0,0.027074427330579243
4,rough_seed_20,rough_seed_5,0.013868719543170515,wm080_ws000_we020,lm060_ls040_le000,lm060_ls020_le020,0,0.1289084985817659
4,rough_seed_20,rough_seed_5,0.013868719543170515,wm060_ws040_we000,lm060_ls020_le020,lm000_ls060_le040,0,0.050181882444492926
4,rough_seed_20,rough_seed_5,0.013868719543170515,wm060_ws020_we020,lm020_ls060_le020,lm080_ls000_le020,0,0.026699834365100372
4,rough_seed_20,rough_seed_5,0.013868719543170515,wm060_ws000_we040,lm080_ls020_le000,lm060_ls020_le020,0,0.30281075896891785
4,rough_seed_20,rough_seed_5,0.013868719543170515,wm040_ws060_we000,lm060_ls020_le020,lm060_ls000_le040,0,0.26235347714890866
4,rough_seed_20,rough_seed_5,0.013868719543170515,wm040_ws040_we020,lm060_ls020_le020,lm040_ls020_le040,0,0.11514690422175702
4,rough_seed_20,rough_seed_5,0.013868719543170515,wm040_ws020_we040,lm060_ls020_le020,lm060_ls020_le020,1,0.0
4,rough_seed_20,rough_seed_5,0.013868719543170515,wm040_ws000_we060,lm000_ls080_le020,lm060_ls020_le020,0,0.006355534349408061
4,rough_seed_20,rough_seed_5,0.013868719543170515,wm020_ws080_we000,lm020_ls040_le040,lm020_ls020_le060,0,0.3651308787080644
4,rough_seed_20,rough_seed_5,0.013868719543170515,wm020_ws060_we020,lm020_ls040_le040,lm000_ls040_le060,0,0.22855532497235784
4,rough_seed_20,rough_seed_5,0.013868719543170515,wm020_ws040_we040,lm000_ls040_le060,lm000_ls060_le040,0,0.0330880180389338
4,rough_seed_20,rough_seed_5,0.013868719543170515,wm020_ws020_we060,lm060_ls020_le020,lm060_ls020_le020,1,0.0
4,rough_seed_20,rough_seed_5,0.013868719543170515,wm020_ws000_we080,lm020_ls060_le020,lm060_ls020_le020,0,0.15052698567644723
4,rough_seed_20,rough_seed_5,0.013868719543170515,wm000_ws100_we000,lm000_ls040_le060,lm000_ls000_le100,0,0.060253460087195745
4,rough_seed_20,rough_seed_5,0.013868719543170515,wm000_ws080_we020,lm000_ls040_le060,lm000_ls040_le060,1,0.0
4,rough_seed_20,rough_seed_5,0.013868719543170515,wm000_ws060_we040,lm000_ls040_le060,lm000_ls040_le060,1,0.0
4,rough_seed_20,rough_seed_5,0.013868719543170515,wm000_ws040_we060,lm060_ls020_le020,lm080_ls000_le020,0,0.013957915710083924
4,rough_seed_20,rough_seed_5,0.013868719543170515,wm000_ws020_we080,lm060_ls020_le020,lm060_ls020_le020,1,0.0
4,rough_seed_20,rough_seed_5,0.013868719543170515,wm000_ws000_we100,lm020_ls060_le020,lm060_ls020_le020,0,0.2243368116267032
4,rough_seed_20,rough_seed_5,0.013868719543170515,balanced,lm060_ls020_le020,lm000_ls060_le040,0,0.05196741740147459
4,rough_seed_20,rough_seed_5,0.013868719543170515,motion,lm100_ls000_le000,lm080_ls000_le020,0,0.046017547975247694
4,rough_seed_20,rough_seed_5,0.013868719543170515,stability,lm020_ls040_le040,lm000_ls040_le060,0,0.320463628928293
4,rough_seed_20,rough_seed_5,0.013868719543170515,energy,lm060_ls020_le020,lm060_ls020_le020,1,0.0
4,rough_seed_28,rough_seed_20,0.02346692869651429,wm100_ws000_we000,lm100_ls000_le000,lm100_ls000_le000,1,0.0
4,rough_seed_28,rough_seed_20,0.02346692869651429,wm080_ws020_we000,lm080_ls000_le020,lm060_ls040_le000,0,0.6919978426353313
4,rough_seed_28,rough_seed_20,0.02346692869651429,wm080_ws000_we020,lm060_ls020_le020,lm040_ls060_le000,0,0.641907278239384
4,rough_seed_28,rough_seed_20,0.02346692869651429,wm060_ws040_we000,lm000_ls060_le040,lm000_ls100_le000,0,1.5048428978289932
4,rough_seed_28,rough_seed_20,0.02346692869651429,wm060_ws020_we020,lm080_ls000_le020,lm040_ls060_le000,0,0.5665814984414934
4,rough_seed_28,rough_seed_20,0.02346692869651429,wm060_ws000_we040,lm060_ls020_le020,lm000_ls100_le000,0,1.1463681677024895
4,rough_seed_28,rough_seed_20,0.02346692869651429,wm040_ws060_we000,lm060_ls000_le040,lm000_ls100_le000,0,2.214121580790592
4,rough_seed_28,rough_seed_20,0.02346692869651429,wm040_ws040_we020,lm040_ls020_le040,lm000_ls100_le000,0,1.245568525128411
4,rough_seed_28,rough_seed_20,0.02346692869651429,wm040_ws020_we040,lm060_ls020_le020,lm000_ls100_le000,0,1.1939000987844488
4,rough_seed_28,rough_seed_20,0.02346692869651429,wm040_ws000_we060,lm060_ls020_le020,lm000_ls100_le000,0,1.8338870568131007
4,rough_seed_28,rough_seed_20,0.02346692869651429,wm020_ws080_we000,lm020_ls020_le060,lm000_ls100_le000,0,4.1211140931308
4,rough_seed_28,rough_seed_20,0.02346692869651429,wm020_ws060_we020,lm000_ls040_le060,lm000_ls100_le000,0,2.659839377215542
4,rough_seed_28,rough_seed_20,0.02346692869651429,wm020_ws040_we040,lm000_ls060_le040,lm000_ls100_le000,0,1.6004281506512443
4,rough_seed_28,rough_seed_20,0.02346692869651429,wm020_ws020_we060,lm060_ls020_le020,lm000_ls100_le000,0,1.8666165403537136
4,rough_seed_28,rough_seed_20,0.02346692869651429,wm020_ws000_we080,lm060_ls020_le020,lm000_ls100_le000,0,2.4859435612783702
4,rough_seed_28,rough_seed_20,0.02346692869651429,wm000_ws100_we000,lm000_ls000_le100,lm000_ls100_le000,0,9.935767327926113
4,rough_seed_28,rough_seed_20,0.02346692869651429,wm000_ws080_we020,lm000_ls040_le060,lm000_ls100_le000,0,3.581226101662601
4,rough_seed_28,rough_seed_20,0.02346692869651429,wm000_ws060_we040,lm000_ls040_le060,lm000_ls100_le000,0,2.668860229370779
4,rough_seed_28,rough_seed_20,0.02346692869651429,wm000_ws040_we060,lm080_ls000_le020,lm000_ls100_le000,0,2.0321734012945702
4,rough_seed_28,rough_seed_20,0.02346692869651429,wm000_ws020_we080,lm060_ls020_le020,lm000_ls080_le020,0,2.5139786398249133
4,rough_seed_28,rough_seed_20,0.02346692869651429,wm000_ws000_we100,lm060_ls020_le020,lm000_ls080_le020,0,3.2099578318895237
4,rough_seed_28,rough_seed_20,0.02346692869651429,balanced,lm000_ls060_le040,lm000_ls100_le000,0,1.297026045482479
4,rough_seed_28,rough_seed_20,0.02346692869651429,motion,lm080_ls000_le020,lm060_ls040_le000,0,0.5992078595373471
4,rough_seed_28,rough_seed_20,0.02346692869651429,stability,lm000_ls040_le060,lm000_ls100_le000,0,3.118277526400263
4,rough_seed_28,rough_seed_20,0.02346692869651429,energy,lm060_ls020_le020,lm000_ls100_le000,0,2.1763686926438712
4,rough_seed_17,rough_seed_5,0.027096236761700202,wm100_ws000_we000,lm000_ls100_le000,lm060_ls040_le000,0,0.16620916889500173
4,rough_seed_17,rough_seed_5,0.027096236761700202,wm080_ws020_we000,lm020_ls060_le020,lm100_ls000_le000,0,0.45568763675561424
4,rough_seed_17,rough_seed_5,0.027096236761700202,wm080_ws000_we020,lm060_ls040_le000,lm100_ls000_le000,0,0.1472017917293572
4,rough_seed_17,rough_seed_5,0.027096236761700202,wm060_ws040_we000,lm060_ls020_le020,lm100_ls000_le000,0,0.3021017003854983
4,rough_seed_17,rough_seed_5,0.027096236761700202,wm060_ws020_we020,lm020_ls060_le020,lm100_ls000_le000,0,0.30203031404822817
4,rough_seed_17,rough_seed_5,0.027096236761700202,wm060_ws000_we040,lm080_ls020_le000,lm100_ls000_le000,0,0.23014839260193276
4,rough_seed_17,rough_seed_5,0.027096236761700202,wm040_ws060_we000,lm060_ls020_le020,lm100_ls000_le000,0,0.3584788321687353
4,rough_seed_17,rough_seed_5,0.027096236761700202,wm040_ws040_we020,lm060_ls020_le020,lm100_ls000_le000,0,0.22401693587680202
4,rough_seed_17,rough_seed_5,0.027096236761700202,wm040_ws020_we040,lm060_ls020_le020,lm100_ls000_le000,0,0.1191117190697149
4,rough_seed_17,rough_seed_5,0.027096236761700202,wm040_ws000_we060,lm000_ls080_le020,lm100_ls000_le000,0,0.0905007483239641
4,rough_seed_17,rough_seed_5,0.027096236761700202,wm020_ws080_we000,lm020_ls040_le040,lm100_ls000_le000,0,0.159176228579185
4,rough_seed_17,rough_seed_5,0.027096236761700202,wm020_ws060_we020,lm020_ls040_le040,lm100_ls000_le000,0,0.15671851831138128
4,rough_seed_17,rough_seed_5,0.027096236761700202,wm020_ws040_we040,lm000_ls040_le060,lm100_ls000_le000,0,0.865933767560186
4,rough_seed_17,rough_seed_5,0.027096236761700202,wm020_ws020_we060,lm060_ls020_le020,lm100_ls000_le000,0,0.0865956281430788
4,rough_seed_17,rough_seed_5,0.027096236761700202,wm020_ws000_we080,lm020_ls060_le020,lm020_ls060_le020,1,0.0
4,rough_seed_17,rough_seed_5,0.027096236761700202,wm000_ws100_we000,lm000_ls040_le060,lm060_ls000_le040,0,2.026374537004292
4,rough_seed_17,rough_seed_5,0.027096236761700202,wm000_ws080_we020,lm000_ls040_le060,lm100_ls000_le000,0,1.5488563947069658
4,rough_seed_17,rough_seed_5,0.027096236761700202,wm000_ws060_we040,lm000_ls040_le060,lm100_ls000_le000,0,1.1160190071895784
4,rough_seed_17,rough_seed_5,0.027096236761700202,wm000_ws040_we060,lm060_ls020_le020,lm100_ls000_le000,0,0.11465537635957276
4,rough_seed_17,rough_seed_5,0.027096236761700202,wm000_ws020_we080,lm060_ls020_le020,lm020_ls060_le020,0,0.1293110533444367
4,rough_seed_17,rough_seed_5,0.027096236761700202,wm000_ws000_we100,lm020_ls060_le020,lm020_ls060_le020,1,0.0
4,rough_seed_17,rough_seed_5,0.027096236761700202,balanced,lm060_ls020_le020,lm100_ls000_le000,0,0.14204112922934917
4,rough_seed_17,rough_seed_5,0.027096236761700202,motion,lm100_ls000_le000,lm100_ls000_le000,1,0.0
4,rough_seed_17,rough_seed_5,0.027096236761700202,stability,lm020_ls040_le040,lm100_ls000_le000,0,0.14010527791531124
4,rough_seed_17,rough_seed_5,0.027096236761700202,energy,lm060_ls020_le020,lm020_ls060_le020,0,0.13818447031194359
5,rough_seed_13,rough_seed_18,0.02881868628908163,wm100_ws000_we000,lm000_ls100_le000,lm100_ls000_le000,0,0.2552291007542472
5,rough_seed_13,rough_seed_18,0.02881868628908163,wm080_ws020_we000,lm000_ls100_le000,lm080_ls020_le000,0,0.09700151249562154
5,rough_seed_13,rough_seed_18,0.02881868628908163,wm080_ws000_we020,lm000_ls100_le000,lm080_ls020_le000,0,0.06192503757867396
5,rough_seed_13,rough_seed_18,0.02881868628908163,wm060_ws040_we000,lm000_ls100_le000,lm040_ls060_le000,0,0.02401635406050992
5,rough_seed_13,rough_seed_18,0.02881868628908163,wm060_ws020_we020,lm000_ls100_le000,lm080_ls020_le000,0,0.020318838861103
5,rough_seed_13,rough_seed_18,0.02881868628908163,wm060_ws000_we040,lm000_ls100_le000,lm020_ls060_le020,0,0.06668252017710302
5,rough_seed_13,rough_seed_18,0.02881868628908163,wm040_ws060_we000,lm040_ls040_le020,lm040_ls060_le000,0,0.5470967463260838
5,rough_seed_13,rough_seed_18,0.02881868628908163,wm040_ws040_we020,lm000_ls100_le000,lm040_ls060_le000,0,0.008561207046983182
5,rough_seed_13,rough_seed_18,0.02881868628908163,wm040_ws020_we040,lm000_ls100_le000,lm040_ls020_le040,0,0.11032387402055932
5,rough_seed_13,rough_seed_18,0.02881868628908163,wm040_ws000_we060,lm000_ls100_le000,lm060_ls000_le040,0,0.26668652623075606
5,rough_seed_13,rough_seed_18,0.02881868628908163,wm020_ws080_we000,lm040_ls040_le020,lm040_ls060_le000,0,0.8008585596380785
5,rough_seed_13,rough_seed_18,0.02881868628908163,wm020_ws060_we020,lm040_ls040_le020,lm040_ls060_le000,0,0.4792395244552077
5,rough_seed_13,rough_seed_18,0.02881868628908163,wm020_ws040_we040,lm000_ls100_le000,lm020_ls000_le080,0,0.1250224073537972
5,rough_seed_13,rough_seed_18,0.02881868628908163,wm020_ws020_we060,lm000_ls100_le000,lm040_ls000_le060,0,0.3433175893655319
5,rough_seed_13,rough_seed_18,0.02881868628908163,wm020_ws000_we080,lm000_ls100_le000,lm040_ls000_le060,0,0.5191865855797919
5,rough_seed_13,rough_seed_18,0.02881868628908163,wm000_ws100_we000,lm040_ls040_le020,lm040_ls060_le000,0,1.054620372950073
5,rough_seed_13,rough_seed_18,0.02881868628908163,wm000_ws080_we020,lm040_ls040_le020,lm020_ls000_le080,0,0.7194983915787648
5,rough_seed_13,rough_seed_18,0.02881868628908163,wm000_ws060_we040,lm040_ls040_le020,lm020_ls000_le080,0,0.541978191630715
5,rough_seed_13,rough_seed_18,0.02881868628908163,wm000_ws040_we060,lm000_ls100_le000,lm020_ls000_le080,0,0.4275951239078808
5,rough_seed_13,rough_seed_18,0.02881868628908163,wm000_ws020_we080,lm000_ls100_le000,lm020_ls000_le080,0,0.6225342314847239
5,rough_seed_13,rough_seed_18,0.02881868628908163,wm000_ws000_we100,lm000_ls100_le000,lm040_ls000_le060,0,0.8175038639219216
5,rough_seed_13,rough_seed_18,0.02881868628908163,balanced,lm000_ls100_le000,lm080_ls020_le000,0,0.03270896035207965
5,rough_seed_13,rough_seed_18,0.02881868628908163,motion,lm000_ls100_le000,lm080_ls020_le000,0,0.07115253433137764
5,rough_seed_13,rough_seed_18,0.02881868628908163,stability,lm040_ls040_le020,lm040_ls060_le000,0,0.6230847365789239
5,rough_seed_13,rough_seed_18,0.02881868628908163,energy,lm000_ls100_le000,lm040_ls000_le060,0,0.4618641580046294
5,rough_seed_7,rough_seed_5,0.03168504500129668,wm100_ws000_we000,lm000_ls100_le000,lm100_ls000_le000,0,0.1556219893731322
5,rough_seed_7,rough_seed_5,0.03168504500129668,wm080_ws020_we000,lm020_ls060_le020,lm080_ls020_le000,0,0.16591749346396836
5,rough_seed_7,rough_seed_5,0.03168504500129668,wm080_ws000_we020,lm060_ls040_le000,lm000_ls100_le000,0,0.07377457538928675
5,rough_seed_7,rough_seed_5,0.03168504500129668,wm060_ws040_we000,lm060_ls020_le020,lm080_ls020_le000,0,0.244982768917322
5,rough_seed_7,rough_seed_5,0.03168504500129668,wm060_ws020_we020,lm020_ls060_le020,lm000_ls100_le000,0,0.047440488616420695
5,rough_seed_7,rough_seed_5,0.03168504500129668,wm060_ws000_we040,lm080_ls020_le000,lm040_ls040_le020,0,0.21274477716896736
5,rough_seed_7,rough_seed_5,0.03168504500129668,wm040_ws060_we000,lm060_ls020_le020,lm080_ls020_le000,0,0.3671248580384804
5,rough_seed_7,rough_seed_5,0.03168504500129668,wm040_ws040_we020,lm060_ls020_le020,lm020_ls080_le000,0,0.2220602966363716
5,rough_seed_7,rough_seed_5,0.03168504500129668,wm040_ws020_we040,lm060_ls020_le020,lm040_ls020_le040,0,0.18289839361111665
5,rough_seed_7,rough_seed_5,0.03168504500129668,wm040_ws000_we060,lm000_ls080_le020,lm040_ls020_le040,0,0.13827169934175015
5,rough_seed_7,rough_seed_5,0.03168504500129668,wm020_ws080_we000,lm020_ls040_le040,lm000_ls060_le040,0,0.5398616554101336
5,rough_seed_7,rough_seed_5,0.03168504500129668,wm020_ws060_we020,lm020_ls040_le040,lm000_ls060_le040,0,0.4044573825591733
5,rough_seed_7,rough_seed_5,0.03168504500129668,wm020_ws040_we040,lm000_ls040_le060,lm000_ls040_le060,1,0.0
5,rough_seed_7,rough_seed_5,0.03168504500129668,wm020_ws020_we060,lm060_ls020_le020,lm040_ls020_le040,0,0.3775356091167842
5,rough_seed_7,rough_seed_5,0.03168504500129668,wm020_ws000_we080,lm020_ls060_le020,lm020_ls020_le060,0,0.2773899087197262
5,rough_seed_7,rough_seed_5,0.03168504500129668,wm000_ws100_we000,lm000_ls040_le060,lm020_ls020_le060,0,0.4750165312451118
5,rough_seed_7,rough_seed_5,0.03168504500129668,wm000_ws080_we020,lm000_ls040_le060,lm020_ls020_le060,0,0.3806829549597384
5,rough_seed_7,rough_seed_5,0.03168504500129668,wm000_ws060_we040,lm000_ls040_le060,lm020_ls020_le060,0,0.28634937867436505
5,rough_seed_7,rough_seed_5,0.03168504500129668,wm000_ws040_we060,lm060_ls020_le020,lm020_ls020_le060,0,0.5496950386822334
5,rough_seed_7,rough_seed_5,0.03168504500129668,wm000_ws020_we080,lm060_ls020_le020,lm020_ls020_le060,0,0.7295943365989371
5,rough_seed_7,rough_seed_5,0.03168504500129668,wm000_ws000_we100,lm020_ls060_le020,lm020_ls020_le060,0,0.5984810906930279
5,rough_seed_7,rough_seed_5,0.03168504500129668,balanced,lm060_ls020_le020,lm000_ls060_le040,0,0.11608609226524153
5,rough_seed_7,rough_seed_5,0.03168504500129668,motion,lm100_ls000_le000,lm000_ls100_le000,0,0.007110061757766156
5,rough_seed_7,rough_seed_5,0.03168504500129668,stability,lm020_ls040_le040,lm020_ls020_le060,0,0.49080240848649415
5,rough_seed_7,rough_seed_5,0.03168504500129668,energy,lm060_ls020_le020,lm020_ls020_le060,0,0.48681445600983564
5,rough_seed_15,rough_seed_18,0.03210871197332741,wm100_ws000_we000,lm000_ls100_le000,lm040_ls060_le000,0,0.04334695684378129
5,rough_seed_15,rough_seed_18,0.03210871197332741,wm080_ws020_we000,lm000_ls100_le000,lm080_ls020_le000,0,0.1004391414930495
5,rough_seed_15,rough_seed_18,0.03210871197332741,wm080_ws000_we020,lm000_ls100_le000,lm020_ls060_le020,0,0.11864741217035818
5,rough_seed_15,rough_seed_18,0.03210871197332741,wm060_ws040_we000,lm000_ls100_le000,lm060_ls040_le000,0,0.259451905567282
5,rough_seed_15,rough_seed_18,0.03210871197332741,wm060_ws020_we020,lm000_ls100_le000,lm060_ls040_le000,0,0.0993409806749303
5,rough_seed_15,rough_seed_18,0.03210871197332741,wm060_ws000_we040,lm000_ls100_le000,lm000_ls080_le020,0,0.2382998414550778
5,rough_seed_15,rough_seed_18,0.03210871197332741,wm040_ws060_we000,lm040_ls040_le020,lm060_ls040_le000,0,0.3897739338756264
5,rough_seed_15,rough_seed_18,0.03210871197332741,wm040_ws040_we020,lm000_ls100_le000,lm060_ls040_le000,0,0.26038466038256025
5,rough_seed_15,rough_seed_18,0.03210871197332741,wm040_ws020_we040,lm000_ls100_le000,lm000_ls080_le020,0,0.2250782862651057
5,rough_seed_15,rough_seed_18,0.03210871197332741,wm040_ws000_we060,lm000_ls100_le000,lm000_ls080_le020,0,0.44369882791500276
5,rough_seed_15,rough_seed_18,0.03210871197332741,wm020_ws080_we000,lm040_ls040_le020,lm000_ls060_le040,0,0.6165182729935832
5,rough_seed_15,rough_seed_18,0.03210871197332741,wm020_ws060_we020,lm040_ls040_le020,lm020_ls040_le040,0,0.4531147233326407
5,rough_seed_15,rough_seed_18,0.03210871197332741,wm020_ws040_we040,lm000_ls100_le000,lm060_ls040_le000,0,0.199710258510842
5,rough_seed_15,rough_seed_18,0.03210871197332741,wm020_ws020_we060,lm000_ls100_le000,lm000_ls080_le020,0,0.39623424118932676
5,rough_seed_15,rough_seed_18,0.03210871197332741,wm020_ws000_we080,lm000_ls100_le000,lm000_ls080_le020,0,0.6490978143749279
5,rough_seed_15,rough_seed_18,0.03210871197332741,wm000_ws100_we000,lm040_ls040_le020,lm000_ls040_le060,0,0.9817642356199189
5,rough_seed_15,rough_seed_18,0.03210871197332741,wm000_ws080_we020,lm040_ls040_le020,lm000_ls040_le060,0,0.7021705437840081
5,rough_seed_15,rough_seed_18,0.03210871197332741,wm000_ws060_we040,lm040_ls040_le020,lm000_ls040_le060,0,0.42257685194809724
5,rough_seed_15,rough_seed_18,0.03210871197332741,wm000_ws040_we060,lm000_ls100_le000,lm000_ls080_le020,0,0.2802835913922429
5,rough_seed_15,rough_seed_18,0.03210871197332741,wm000_ws020_we080,lm000_ls100_le000,lm000_ls080_le020,0,0.5673901961135479
5,rough_seed_15,rough_seed_18,0.03210871197332741,wm000_ws000_we100,lm000_ls100_le000,lm000_ls080_le020,0,0.8544968008348529
5,rough_seed_15,rough_seed_18,0.03210871197332741,balanced,lm000_ls100_le000,lm060_ls040_le000,0,0.16625383256553808
5,rough_seed_15,rough_seed_18,0.03210871197332741,motion,lm000_ls100_le000,lm040_ls060_le000,0,0.0680127075617049
5,rough_seed_15,rough_seed_18,0.03210871197332741,stability,lm040_ls040_le020,lm000_ls040_le060,0,0.5356431541960421
5,rough_seed_15,rough_seed_18,0.03210871197332741,energy,lm000_ls100_le000,lm000_ls080_le020,0,0.5107998811007083
5,rough_seed_0,rough_seed_29,0.034051976337641364,wm100_ws000_we000,lm100_ls000_le000,lm080_ls020_le000,0,0.10619701109911484
5,rough_seed_0,rough_seed_29,0.034051976337641364,wm080_ws020_we000,lm100_ls000_le000,lm100_ls000_le000,1,0.0
5,rough_seed_0,rough_seed_29,0.034051976337641364,wm080_ws000_we020,lm060_ls040_le000,lm060_ls040_le000,1,0.0
5,rough_seed_0,rough_seed_29,0.034051976337641364,wm060_ws040_we000,lm060_ls040_le000,lm100_ls000_le000,0,0.0012496466946972928
5,rough_seed_0,rough_seed_29,0.034051976337641364,wm060_ws020_we020,lm060_ls040_le000,lm100_ls000_le000,0,0.0007869545660379451
5,rough_seed_0,rough_seed_29,0.034051976337641364,wm060_ws000_we040,lm060_ls040_le000,lm060_ls040_le000,1,0.0
5,rough_seed_0,rough_seed_29,0.034051976337641364,wm040_ws060_we000,lm040_ls060_le000,lm060_ls000_le040,0,0.7138502715534418
5,rough_seed_0,rough_seed_29,0.034051976337641364,wm040_ws040_we020,lm040_ls060_le000,lm100_ls000_le000,0,0.39642341795650454
5,rough_seed_0,rough_seed_29,0.034051976337641364,wm040_ws020_we040,lm060_ls040_le000,lm100_ls000_le000,0,0.001028062241099692
5,rough_seed_0,rough_seed_29,0.034051976337641364,wm040_ws000_we060,lm080_ls020_le000,lm100_ls000_le000,0,0.2511986095877981
5,rough_seed_0,rough_seed_29,0.034051976337641364,wm020_ws080_we000,lm080_ls020_le000,lm060_ls000_le040,0,0.6715054323187577
5,rough_seed_0,rough_seed_29,0.034051976337641364,wm020_ws060_we020,lm080_ls020_le000,lm000_ls060_le040,0,0.4591089483824853
5,rough_seed_0,rough_seed_29,0.034051976337641364,wm020_ws040_we040,lm080_ls020_le000,lm000_ls040_le060,0,0.20203819026923883
5,rough_seed_0,rough_seed_29,0.034051976337641364,wm020_ws020_we060,lm080_ls020_le000,lm100_ls000_le000,0,0.1641926964808276
5,rough_seed_0,rough_seed_29,0.034051976337641364,wm020_ws000_we080,lm080_ls000_le020,lm100_ls000_le000,0,0.547354711924831
5,rough_seed_0,rough_seed_29,0.034051976337641364,wm000_ws100_we000,lm080_ls020_le000,lm000_ls040_le060,0,1.01
5,rough_seed_0,rough_seed_29,0.034051976337641364,wm000_ws080_we020,lm080_ls020_le000,lm000_ls040_le060,0,0.713005369643609
5,rough_seed_0,rough_seed_29,0.034051976337641364,wm000_ws060_we040,lm080_ls020_le000,lm000_ls040_le060,0,0.4160107392872179
5,rough_seed_0,rough_seed_29,0.034051976337641364,wm000_ws040_we060,lm080_ls020_le000,lm100_ls000_le000,0,0.14435884429753043
5,rough_seed_0,rough_seed_29,0.034051976337641364,wm000_ws020_we080,lm040_ls040_le020,lm100_ls000_le000,0,0.4022338861377538
5,rough_seed_0,rough_seed_29,0.034051976337641364,wm000_ws000_we100,lm080_ls000_le020,lm100_ls000_le000,0,0.7104021498141614
5,rough_seed_0,rough_seed_29,0.034051976337641364,balanced,lm060_ls040_le000,lm100_ls000_le000,0,0.0014168928852264784
5,rough_seed_0,rough_seed_29,0.034051976337641364,motion,lm060_ls040_le000,lm100_ls000_le000,0,0.0005507276963422764
5,rough_seed_0,rough_seed_29,0.034051976337641364,stability,lm080_ls020_le000,lm000_ls060_le040,0,0.5967024525826499
5,rough_seed_0,rough_seed_29,0.034051976337641364,energy,lm080_ls000_le020,lm100_ls000_le000,0,0.4006664822516466
5,rough_seed_5,rough_seed_20,0.01550083385827781,wm100_ws000_we000,lm100_ls000_le000,lm000_ls100_le000,0,0.07993338923685919
5,rough_seed_5,rough_seed_20,0.01550083385827781,wm080_ws020_we000,lm080_ls000_le020,lm020_ls060_le020,0,0.13264722961626557
5,rough_seed_5,rough_seed_20,0.01550083385827781,wm080_ws000_we020,lm060_ls020_le020,lm060_ls040_le000,0,0.19829155385715025
5,rough_seed_5,rough_seed_20,0.01550083385827781,wm060_ws040_we000,lm000_ls060_le040,lm060_ls020_le020,0,0.3143209184783374
5,rough_seed_5,rough_seed_20,0.01550083385827781,wm060_ws020_we020,lm080_ls000_le020,lm020_ls060_le020,0,0.06492773284257167
5,rough_seed_5,rough_seed_20,0.01550083385827781,wm060_ws000_we040,lm060_ls020_le020,lm080_ls020_le000,0,0.12130412869393269
5,rough_seed_5,rough_seed_20,0.01550083385827781,wm040_ws060_we000,lm060_ls000_le040,lm060_ls020_le020,0,0.025882431685077145
5,rough_seed_5,rough_seed_20,0.01550083385827781,wm040_ws040_we020,lm040_ls020_le040,lm060_ls020_le020,0,0.14547425884553394
5,rough_seed_5,rough_seed_20,0.01550083385827781,wm040_ws020_we040,lm060_ls020_le020,lm060_ls020_le020,1,0.0
5,rough_seed_5,rough_seed_20,0.01550083385827781,wm040_ws000_we060,lm060_ls020_le020,lm000_ls080_le020,0,0.06388077250789115
5,rough_seed_5,rough_seed_20,0.01550083385827781,wm020_ws080_we000,lm020_ls020_le060,lm020_ls040_le040,0,0.017305736878379774
5,rough_seed_5,rough_seed_20,0.01550083385827781,wm020_ws060_we020,lm000_ls040_le060,lm020_ls040_le040,0,0.01606667926839861
5,rough_seed_5,rough_seed_20,0.01550083385827781,wm020_ws040_we040,lm000_ls060_le040,lm000_ls040_le060,0,0.20237742738944983
5,rough_seed_5,rough_seed_20,0.01550083385827781,wm020_ws020_we060,lm060_ls020_le020,lm060_ls020_le020,1,0.0
5,rough_seed_5,rough_seed_20,0.01550083385827781,wm020_ws000_we080,lm060_ls020_le020,lm020_ls060_le020,0,0.06222626491854789
5,rough_seed_5,rough_seed_20,0.01550083385827781,wm000_ws100_we000,lm000_ls000_le100,lm000_ls040_le060,0,0.18069268083781717
5,rough_seed_5,rough_seed_20,0.01550083385827781,wm000_ws080_we020,lm000_ls040_le060,lm000_ls040_le060,1,0.0
5,rough_seed_5,rough_seed_20,0.01550083385827781,wm000_ws060_we040,lm000_ls040_le060,lm000_ls040_le060,1,0.0
5,rough_seed_5,rough_seed_20,0.01550083385827781,wm000_ws040_we060,lm080_ls000_le020,lm060_ls020_le020,0,0.011436351396462763
5,rough_seed_5,rough_seed_20,0.01550083385827781,wm000_ws020_we080,lm060_ls020_le020,lm060_ls020_le020,1,0.0
5,rough_seed_5,rough_seed_20,0.01550083385827781,wm000_ws000_we100,lm060_ls020_le020,lm020_ls060_le020,0,0.11666076961149235
5,rough_seed_5,rough_seed_20,0.01550083385827781,balanced,lm000_ls060_le040,lm060_ls020_le020,0,0.13689095642851945
5,rough_seed_5,rough_seed_20,0.01550083385827781,motion,lm080_ls000_le020,lm100_ls000_le000,0,0.13264142087106134
5,rough_seed_5,rough_seed_20,0.01550083385827781,stability,lm000_ls040_le060,lm020_ls040_le040,0,0.01164500372354349
5,rough_seed_5,rough_seed_20,0.01550083385827781,energy,lm060_ls020_le020,lm060_ls020_le020,1,0.0
5,rough_seed_11,rough_seed_25,0.01737341543635813,wm100_ws000_we000,lm100_ls000_le000,lm100_ls000_le000,1,0.0
5,rough_seed_11,rough_seed_25,0.01737341543635813,wm080_ws020_we000,lm080_ls000_le020,lm080_ls020_le000,0,2.1354641400702934
5,rough_seed_11,rough_seed_25,0.01737341543635813,wm080_ws000_we020,lm100_ls000_le000,lm100_ls000_le000,1,0.0
5,rough_seed_11,rough_seed_25,0.01737341543635813,wm060_ws040_we000,lm040_ls040_le020,lm080_ls020_le000,0,1.288691411737557
5,rough_seed_11,rough_seed_25,0.01737341543635813,wm060_ws020_we020,lm080_ls000_le020,lm100_ls000_le000,0,1.5521758724907906
5,rough_seed_11,rough_seed_25,0.01737341543635813,wm060_ws000_we040,lm100_ls000_le000,lm100_ls000_le000,1,0.0
5,rough_seed_11,rough_seed_25,0.01737341543635813,wm040_ws060_we000,lm040_ls020_le040,lm020_ls080_le000,0,1.1561479405395574
5,rough_seed_11,rough_seed_25,0.01737341543635813,wm040_ws040_we020,lm040_ls040_le020,lm020_ls080_le000,0,0.7648485316839686
5,rough_seed_11,rough_seed_25,0.01737341543635813,wm040_ws020_we040,lm080_ls000_le020,lm020_ls080_le000,0,0.8120492097802556
5,rough_seed_11,rough_seed_25,0.01737341543635813,wm040_ws000_we060,lm100_ls000_le000,lm020_ls080_le000,0,0.23191682346871734
5,rough_seed_11,rough_seed_25,0.01737341543635813,wm020_ws080_we000,lm060_ls000_le040,lm020_ls080_le000,0,0.6318502982233888
5,rough_seed_11,rough_seed_25,0.01737341543635813,wm020_ws060_we020,lm040_ls040_le020,lm020_ls080_le000,0,0.385844206584111
5,rough_seed_11,rough_seed_25,0.01737341543635813,wm020_ws040_we040,lm040_ls040_le020,lm020_ls080_le000,0,0.8327411186969156
5,rough_seed_11,rough_seed_25,0.01737341543635813,wm020_ws020_we060,lm040_ls040_le020,lm020_ls080_le000,0,1.3319835789333498
5,rough_seed_11,rough_seed_25,0.01737341543635813,wm020_ws000_we080,lm100_ls000_le000,lm000_ls100_le000,0,0.595271180557627
5,rough_seed_11,rough_seed_25,0.01737341543635813,wm000_ws100_we000,lm060_ls000_le040,lm020_ls080_le000,0,0.3459023968230178
5,rough_seed_11,rough_seed_25,0.01737341543635813,wm000_ws080_we020,lm060_ls000_le040,lm000_ls100_le000,0,0.7328636660443681
5,rough_seed_11,rough_seed_25,0.01737341543635813,wm000_ws060_we040,lm040_ls040_le020,lm000_ls100_le000,0,1.0026483310600083
5,rough_seed_11,rough_seed_25,0.01737341543635813,wm000_ws040_we060,lm040_ls040_le020,lm000_ls100_le000,0,1.509495665368579
5,rough_seed_11,rough_seed_25,0.01737341543635813,wm000_ws020_we080,lm040_ls040_le020,lm000_ls100_le000,0,2.0163429996771494
5,rough_seed_11,rough_seed_25,0.01737341543635813,wm000_ws000_we100,lm020_ls000_le080,lm000_ls100_le000,0,4.5026255345424335
5,rough_seed_11,rough_seed_25,0.01737341543635813,balanced,lm040_ls040_le020,lm020_ls080_le000,0,0.6410250701151684
5,rough_seed_11,rough_seed_25,0.01737341543635813,motion,lm080_ls000_le020,lm100_ls000_le000,0,1.8935928542009015
5,rough_seed_11,rough_seed_25,0.01737341543635813,stability,lm060_ls000_le040,lm020_ls080_le000,0,0.4792746416983237
5,rough_seed_11,rough_seed_25,0.01737341543635813,energy,lm040_ls040_le020,lm000_ls100_le000,0,1.6193443514917225
5,rough_seed_4,rough_seed_11,0.02755047526666798,wm100_ws000_we000,lm100_ls000_le000,lm080_ls020_le000,0,4.754650046730866
5,rough_seed_4,rough_seed_11,0.02755047526666798,wm080_ws020_we000,lm080_ls020_le000,lm020_ls080_le000,0,0.09839965110788759
5,rough_seed_4,rough_seed_11,0.02755047526666798,wm080_ws000_we020,lm100_ls000_le000,lm020_ls080_le000,0,3.7566741279533673
5,rough_seed_4,rough_seed_11,0.02755047526666798,wm060_ws040_we000,lm080_ls020_le000,lm020_ls080_le000,0,0.1973985281156008
5,rough_seed_4,rough_seed_11,0.02755047526666798,wm060_ws020_we020,lm100_ls000_le000,lm020_ls080_le000,0,2.7526953415465973
5,rough_seed_4,rough_seed_11,0.02755047526666798,wm060_ws000_we040,lm100_ls000_le000,lm020_ls080_le000,0,2.7942562350005606
5,rough_seed_4,rough_seed_11,0.02755047526666798,wm040_ws060_we000,lm020_ls080_le000,lm020_ls080_le000,1,0.0
5,rough_seed_4,rough_seed_11,0.02755047526666798,wm040_ws040_we020,lm020_ls080_le000,lm020_ls080_le000,1,0.0
5,rough_seed_4,rough_seed_11,0.02755047526666798,wm040_ws020_we040,lm020_ls080_le000,lm020_ls080_le000,1,0.0
5,rough_seed_4,rough_seed_11,0.02755047526666798,wm040_ws000_we060,lm020_ls080_le000,lm060_ls040_le000,0,0.015373255811898606
5,rough_seed_4,rough_seed_11,0.02755047526666798,wm020_ws080_we000,lm020_ls080_le000,lm000_ls100_le000,0,0.21060371786897286
5,rough_seed_4,rough_seed_11,0.02755047526666798,wm020_ws060_we020,lm020_ls080_le000,lm000_ls100_le000,0,0.10778733641695704
5,rough_seed_4,rough_seed_11,0.02755047526666798,wm020_ws040_we040,lm020_ls080_le000,lm000_ls100_le000,0,0.004970954964941265
5,rough_seed_4,rough_seed_11,0.02755047526666798,wm020_ws020_we060,lm020_ls080_le000,lm020_ls080_le000,1,0.0
5,rough_seed_4,rough_seed_11,0.02755047526666798,wm020_ws000_we080,lm000_ls100_le000,lm060_ls040_le000,0,0.10234880565295623
5,rough_seed_4,rough_seed_11,0.02755047526666798,wm000_ws100_we000,lm020_ls080_le000,lm000_ls100_le000,0,0.5156048408612597
5,rough_seed_4,rough_seed_11,0.02755047526666798,wm000_ws080_we020,lm000_ls100_le000,lm000_ls100_le000,1,0.0
5,rough_seed_4,rough_seed_11,0.02755047526666798,wm000_ws060_we040,lm000_ls100_le000,lm000_ls100_le000,1,0.0
5,rough_seed_4,rough_seed_11,0.02755047526666798,wm000_ws040_we060,lm000_ls100_le000,lm000_ls100_le000,1,0.0
5,rough_seed_4,rough_seed_11,0.02755047526666798,wm000_ws020_we080,lm000_ls100_le000,lm000_ls100_le000,1,0.0
5,rough_seed_4,rough_seed_11,0.02755047526666798,wm000_ws000_we100,lm000_ls100_le000,lm000_ls100_le000,1,0.0
5,rough_seed_4,rough_seed_11,0.02755047526666798,balanced,lm020_ls080_le000,lm020_ls080_le000,1,0.0
5,rough_seed_4,rough_seed_11,0.02755047526666798,motion,lm100_ls000_le000,lm020_ls080_le000,0,3.2530342113677087
5,rough_seed_4,rough_seed_11,0.02755047526666798,stability,lm020_ls080_le000,lm000_ls100_le000,0,0.20974171252803267
5,rough_seed_4,rough_seed_11,0.02755047526666798,energy,lm000_ls100_le000,lm020_ls080_le000,0,0.042972960747891364
5,rough_seed_25,rough_seed_11,0.01737341543635813,wm100_ws000_we000,lm100_ls000_le000,lm100_ls000_le000,1,0.0
5,rough_seed_25,rough_seed_11,0.01737341543635813,wm080_ws020_we000,lm080_ls020_le000,lm080_ls000_le020,0,0.06554077903532898
5,rough_seed_25,rough_seed_11,0.01737341543635813,wm080_ws000_we020,lm100_ls000_le000,lm100_ls000_le000,1,0.0
5,rough_seed_25,rough_seed_11,0.01737341543635813,wm060_ws040_we000,lm080_ls020_le000,lm040_ls040_le020,0,0.23777151889554632
5,rough_seed_25,rough_seed_11,0.01737341543635813,wm060_ws020_we020,lm100_ls000_le000,lm080_ls000_le020,0,0.06253177186381817
5,rough_seed_25,rough_seed_11,0.01737341543635813,wm060_ws000_we040,lm100_ls000_le000,lm100_ls000_le000,1,0.0
5,rough_seed_25,rough_seed_11,0.01737341543635813,wm040_ws060_we000,lm020_ls080_le000,lm040_ls020_le040,0,0.4017581987905092
5,rough_seed_25,rough_seed_11,0.01737341543635813,wm040_ws040_we020,lm020_ls080_le000,lm040_ls040_le020,0,0.2633547496565628
5,rough_seed_25,rough_seed_11,0.01737341543635813,wm040_ws020_we040,lm020_ls080_le000,lm080_ls000_le020,0,0.275392289768663
5,rough_seed_25,rough_seed_11,0.01737341543635813,wm040_ws000_we060,lm020_ls080_le000,lm100_ls000_le000,0,0.49791746967825823
5,rough_seed_25,rough_seed_11,0.01737341543635813,wm020_ws080_we000,lm020_ls080_le000,lm060_ls000_le040,0,0.6474028665624252
5,rough_seed_25,rough_seed_11,0.01737341543635813,wm020_ws060_we020,lm020_ls080_le000,lm040_ls040_le020,0,0.39464641124903693
5,rough_seed_25,rough_seed_11,0.01737341543635813,wm020_ws040_we040,lm020_ls080_le000,lm040_ls040_le020,0,0.26557051476992677
5,rough_seed_25,rough_seed_11,0.01737341543635813,wm020_ws020_we060,lm020_ls080_le000,lm040_ls040_le020,0,0.49555999027088915
5,rough_seed_25,rough_seed_11,0.01737341543635813,wm020_ws000_we080,lm000_ls100_le000,lm100_ls000_le000,0,0.8080121909138591
5,rough_seed_25,rough_seed_11,0.01737341543635813,wm000_ws100_we000,lm020_ls080_le000,lm060_ls000_le040,0,0.9070981910503649
5,rough_seed_25,rough_seed_11,0.01737341543635813,wm000_ws080_we020,lm000_ls100_le000,lm060_ls000_le040,0,0.6143138962068915
5,rough_seed_25,rough_seed_11,0.01737341543635813,wm000_ws060_we040,lm000_ls100_le000,lm040_ls040_le020,0,0.43053926065663306
5,rough_seed_25,rough_seed_11,0.01737341543635813,wm000_ws040_we060,lm000_ls100_le000,lm040_ls040_le020,0,0.555781584563167
5,rough_seed_25,rough_seed_11,0.01737341543635813,wm000_ws020_we080,lm000_ls100_le000,lm040_ls040_le020,0,0.807038335787689
5,rough_seed_25,rough_seed_11,0.01737341543635813,wm000_ws000_we100,lm000_ls100_le000,lm020_ls000_le080,0,1.0885700623665435
5,rough_seed_25,rough_seed_11,0.01737341543635813,balanced,lm020_ls080_le000,lm040_ls040_le020,0,0.22112851798688232
5,rough_seed_25,rough_seed_11,0.01737341543635813,motion,lm100_ls000_le000,lm080_ls000_le020,0,0.007966230981075031
5,rough_seed_25,rough_seed_11,0.01737341543635813,stability,lm020_ls080_le000,lm060_ls000_le040,0,0.5174599605290169
5,rough_seed_25,rough_seed_11,0.01737341543635813,energy,lm000_ls100_le000,lm040_ls040_le020,0,0.705896826326024
5,rough_seed_12,rough_seed_11,0.020837886891811225,wm100_ws000_we000,lm100_ls000_le000,lm100_ls000_le000,1,0.0
5,rough_seed_12,rough_seed_11,0.020837886891811225,wm080_ws020_we000,lm080_ls020_le000,lm100_ls000_le000,0,0.1610375623770114
5,rough_seed_12,rough_seed_11,0.020837886891811225,wm080_ws000_we020,lm100_ls000_le000,lm100_ls000_le000,1,0.0
5,rough_seed_12,rough_seed_11,0.020837886891811225,wm060_ws040_we000,lm080_ls020_le000,lm100_ls000_le000,0,0.3216766097399084
5,rough_seed_12,rough_seed_11,0.020837886891811225,wm060_ws020_we020,lm100_ls000_le000,lm100_ls000_le000,1,0.0
5,rough_seed_12,rough_seed_11,0.020837886891811225,wm060_ws000_we040,lm100_ls000_le000,lm100_ls000_le000,1,0.0
5,rough_seed_12,rough_seed_11,0.020837886891811225,wm040_ws060_we000,lm020_ls080_le000,lm040_ls040_le020,0,0.39466507661411054
5,rough_seed_12,rough_seed_11,0.020837886891811225,wm040_ws040_we020,lm020_ls080_le000,lm080_ls000_le020,0,0.166706542994004
5,rough_seed_12,rough_seed_11,0.020837886891811225,wm040_ws020_we040,lm020_ls080_le000,lm100_ls000_le000,0,0.4549548538181382
5,rough_seed_12,rough_seed_11,0.020837886891811225,wm040_ws000_we060,lm020_ls080_le000,lm100_ls000_le000,0,0.9803413936115675
5,rough_seed_12,rough_seed_11,0.020837886891811225,wm020_ws080_we000,lm020_ls080_le000,lm040_ls040_le020,0,0.8609726511459384
5,rough_seed_12,rough_seed_11,0.020837886891811225,wm020_ws060_we020,lm020_ls080_le000,lm040_ls040_le020,0,0.5973330507119367
5,rough_seed_12,rough_seed_11,0.020837886891811225,wm020_ws040_we040,lm020_ls080_le000,lm040_ls040_le020,0,0.3713268556663987
5,rough_seed_12,rough_seed_11,0.020837886891811225,wm020_ws020_we060,lm020_ls080_le000,lm100_ls000_le000,0,0.7798212006824512
5,rough_seed_12,rough_seed_11,0.020837886891811225,wm020_ws000_we080,lm000_ls100_le000,lm100_ls000_le000,0,1.682103057552764
5,rough_seed_12,rough_seed_11,0.020837886891811225,wm000_ws100_we000,lm020_ls080_le000,lm040_ls040_le020,0,1.3272802256777656
5,rough_seed_12,rough_seed_11,0.020837886891811225,wm000_ws080_we020,lm000_ls100_le000,lm040_ls040_le020,0,1.2895681233307752
5,rough_seed_12,rough_seed_11,0.020837886891811225,wm000_ws060_we040,lm000_ls100_le000,lm040_ls040_le020,0,0.7941846077260204
5,rough_seed_12,rough_seed_11,0.020837886891811225,wm000_ws040_we060,lm000_ls100_le000,lm100_ls000_le000,0,0.8637656978815723
5,rough_seed_12,rough_seed_11,0.020837886891811225,wm000_ws020_we080,lm000_ls100_le000,lm100_ls000_le000,0,1.4824633343406592
5,rough_seed_12,rough_seed_11,0.020837886891811225,wm000_ws000_we100,lm000_ls100_le000,lm100_ls000_le000,0,2.1011609707997456
5,rough_seed_12,rough_seed_11,0.020837886891811225,balanced,lm020_ls080_le000,lm100_ls000_le000,0,0.212985942910623
5,rough_seed_12,rough_seed_11,0.020837886891811225,motion,lm100_ls000_le000,lm100_ls000_le000,1,0.0
5,rough_seed_12,rough_seed_11,0.020837886891811225,stability,lm020_ls080_le000,lm040_ls040_le020,0,0.7798198444533939
5,rough_seed_12,rough_seed_11,0.020837886891811225,energy,lm000_ls100_le000,lm100_ls000_le000,0,1.3228443085201944
5,rough_seed_6,rough_seed_8,0.02359398577229964,wm100_ws000_we000,lm080_ls020_le000,lm080_ls020_le000,1,0.0
5,rough_seed_6,rough_seed_8,0.02359398577229964,wm080_ws020_we000,lm080_ls020_le000,lm020_ls080_le000,0,0.08433093818259978
5,rough_seed_6,rough_seed_8,0.02359398577229964,wm080_ws000_we020,lm100_ls000_le000,lm100_ls000_le000,1,0.0
5,rough_seed_6,rough_seed_8,0.02359398577229964,wm060_ws040_we000,lm080_ls020_le000,lm000_ls080_le020,0,0.20886232824232728
5,rough_seed_6,rough_seed_8,0.02359398577229964,wm060_ws020_we020,lm080_ls020_le000,lm020_ls080_le000,0,0.08520084321564392
5,rough_seed_6,rough_seed_8,0.02359398577229964,wm060_ws000_we040,lm100_ls000_le000,lm100_ls000_le000,1,0.0
5,rough_seed_6,rough_seed_8,0.02359398577229964,wm040_ws060_we000,lm080_ls020_le000,lm040_ls020_le040,0,0.3766350118542
5,rough_seed_6,rough_seed_8,0.02359398577229964,wm040_ws040_we020,lm080_ls020_le000,lm000_ls080_le020,0,0.23504698157335807
5,rough_seed_6,rough_seed_8,0.02359398577229964,wm040_ws020_we040,lm100_ls000_le000,lm020_ls080_le000,0,0.052026991646858145
5,rough_seed_6,rough_seed_8,0.02359398577229964,wm040_ws000_we060,lm100_ls000_le000,lm100_ls000_le000,1,0.0
5,rough_seed_6,rough_seed_8,0.02359398577229964,wm020_ws080_we000,lm080_ls020_le000,lm020_ls040_le040,0,0.6870138134016378
5,rough_seed_6,rough_seed_8,0.02359398577229964,wm020_ws060_we020,lm080_ls020_le000,lm000_ls060_le040,0,0.4828301378818823
5,rough_seed_6,rough_seed_8,0.02359398577229964,wm020_ws040_we040,lm040_ls060_le000,lm000_ls080_le020,0,0.1554434681994197
5,rough_seed_6,rough_seed_8,0.02359398577229964,wm020_ws020_we060,lm040_ls060_le000,lm020_ls080_le000,0,0.04295936997090953
5,rough_seed_6,rough_seed_8,0.02359398577229964,wm020_ws000_we080,lm040_ls060_le000,lm100_ls000_le000,0,0.09365597498634946
5,rough_seed_6,rough_seed_8,0.02359398577229964,wm000_ws100_we000,lm080_ls020_le000,lm040_ls000_le060,0,1.01
5,rough_seed_6,rough_seed_8,0.02359398577229964,wm000_ws080_we020,lm080_ls020_le000,lm040_ls000_le060,0,0.7100517199364809
5,rough_seed_6,rough_seed_8,0.02359398577229964,wm000_ws060_we040,lm080_ls020_le000,lm040_ls000_le060,0,0.4101034398729618
5,rough_seed_6,rough_seed_8,0.02359398577229964,wm000_ws040_we060,lm040_ls060_le000,lm000_ls080_le020,0,0.15575779108752896
5,rough_seed_6,rough_seed_8,0.02359398577229964,wm000_ws020_we080,lm040_ls060_le000,lm020_ls080_le000,0,0.003516272143646665
5,rough_seed_6,rough_seed_8,0.02359398577229964,wm000_ws000_we100,lm040_ls060_le000,lm100_ls000_le000,0,0.12180385225250068
5,rough_seed_6,rough_seed_8,0.02359398577229964,balanced,lm080_ls020_le000,lm000_ls080_le020,0,0.19646303752110775
5,rough_seed_6,rough_seed_8,0.02359398577229964,motion,lm080_ls020_le000,lm020_ls080_le000,0,0.06378750170648817
5,rough_seed_6,rough_seed_8,0.02359398577229964,stability,lm080_ls020_le000,lm000_ls060_le040,0,0.6144933657514767
5,rough_seed_6,rough_seed_8,0.02359398577229964,energy,lm040_ls060_le000,lm040_ls060_le000,1,0.0
5,rough_seed_29,rough_seed_0,0.034051976337641364,wm100_ws000_we000,lm080_ls020_le000,lm100_ls000_le000,0,0.4081617903513611
5,rough_seed_29,rough_seed_0,0.034051976337641364,wm080_ws020_we000,lm100_ls000_le000,lm100_ls000_le000,1,0.0
5,rough_seed_29,rough_seed_0,0.034051976337641364,wm080_ws000_we020,lm060_ls040_le000,lm060_ls040_le000,1,0.0
5,rough_seed_29,rough_seed_0,0.034051976337641364,wm060_ws040_we000,lm100_ls000_le000,lm060_ls040_le000,0,0.17004765852338252
5,rough_seed_29,rough_seed_0,0.034051976337641364,wm060_ws020_we020,lm100_ls000_le000,lm060_ls040_le000,0,0.09047830607175009
5,rough_seed_29,rough_seed_0,0.034051976337641364,wm060_ws000_we040,lm060_ls040_le000,lm060_ls040_le000,1,0.0
5,rough_seed_29,rough_seed_0,0.034051976337641364,wm040_ws060_we000,lm060_ls000_le040,lm040_ls060_le000,0,0.9776530142173523
5,rough_seed_29,rough_seed_0,0.034051976337641364,wm040_ws040_we020,lm100_ls000_le000,lm040_ls060_le000,0,0.19166732824772015
5,rough_seed_29,rough_seed_0,0.034051976337641364,wm040_ws020_we040,lm100_ls000_le000,lm060_ls040_le000,0,0.26325953370435146
5,rough_seed_29,rough_seed_0,0.034051976337641364,wm040_ws000_we060,lm100_ls000_le000,lm080_ls020_le000,0,0.44113512290853335
5,rough_seed_29,rough_seed_0,0.034051976337641364,wm020_ws080_we000,lm060_ls000_le040,lm080_ls020_le000,0,1.4026255381754607
5,rough_seed_29,rough_seed_0,0.034051976337641364,wm020_ws060_we020,lm000_ls060_le040,lm080_ls020_le000,0,0.753726533728449
5,rough_seed_29,rough_seed_0,0.034051976337641364,wm020_ws040_we040,lm000_ls040_le060,lm080_ls020_le000,0,0.9289549773835959
5,rough_seed_29,rough_seed_0,0.034051976337641364,wm020_ws020_we060,lm100_ls000_le000,lm080_ls020_le000,0,0.44497537759300243
5,rough_seed_29,rough_seed_0,0.034051976337641364,wm020_ws000_we080,lm100_ls000_le000,lm080_ls000_le020,0,0.7157867109914122
5,rough_seed_29,rough_seed_0,0.034051976337641364,wm000_ws100_we000,lm000_ls040_le060,lm080_ls020_le000,0,2.2278633803499814
5,rough_seed_29,rough_seed_0,0.034051976337641364,wm000_ws080_we020,lm000_ls040_le060,lm080_ls020_le000,0,1.7334911394185637
5,rough_seed_29,rough_seed_0,0.034051976337641364,wm000_ws060_we040,lm000_ls040_le060,lm080_ls020_le000,0,1.2391188984871457
5,rough_seed_29,rough_seed_0,0.034051976337641364,wm000_ws040_we060,lm100_ls000_le000,lm080_ls020_le000,0,0.44718349356717213
5,rough_seed_29,rough_seed_0,0.034051976337641364,wm000_ws020_we080,lm100_ls000_le000,lm040_ls040_le020,0,0.6332431987151041
5,rough_seed_29,rough_seed_0,0.034051976337641364,wm000_ws000_we100,lm100_ls000_le000,lm080_ls000_le020,0,1.01
5,rough_seed_29,rough_seed_0,0.034051976337641364,balanced,lm100_ls000_le000,lm060_ls040_le000,0,0.22013033405235882
5,rough_seed_29,rough_seed_0,0.034051976337641364,motion,lm100_ls000_le000,lm060_ls040_le000,0,0.021308297543392918
5,rough_seed_29,rough_seed_0,0.034051976337641364,stability,lm000_ls060_le040,lm080_ls020_le000,0,0.9105330537299318
5,rough_seed_29,rough_seed_0,0.034051976337641364,energy,lm100_ls000_le000,lm080_ls000_le020,0,0.5558651539577645
5,rough_seed_18,rough_seed_6,0.027556944869568643,wm100_ws000_we000,lm080_ls020_le000,lm000_ls100_le000,0,0.8004797674529002
5,rough_seed_18,rough_seed_6,0.027556944869568643,wm080_ws020_we000,lm020_ls080_le000,lm000_ls100_le000,0,0.5277282831115051
5,rough_seed_18,rough_seed_6,0.027556944869568643,wm080_ws000_we020,lm100_ls000_le000,lm000_ls100_le000,0,0.5343276184312944
5,rough_seed_18,rough_seed_6,0.027556944869568643,wm060_ws040_we000,lm000_ls080_le020,lm000_ls100_le000,0,0.22403120929439557
5,rough_seed_18,rough_seed_6,0.027556944869568643,wm060_ws020_we020,lm020_ls080_le000,lm000_ls100_le000,0,0.5279861321334463
5,rough_seed_18,rough_seed_6,0.027556944869568643,wm060_ws000_we040,lm100_ls000_le000,lm000_ls100_le000,0,0.9074544984912123
5,rough_seed_18,rough_seed_6,0.027556944869568643,wm040_ws060_we000,lm040_ls020_le040,lm040_ls040_le020,0,22.717147952356118
5,rough_seed_18,rough_seed_6,0.027556944869568643,wm040_ws040_we020,lm000_ls080_le020,lm000_ls100_le000,0,0.018261422436187058
5,rough_seed_18,rough_seed_6,0.027556944869568643,wm040_ws020_we040,lm020_ls080_le000,lm000_ls100_le000,0,0.5282439811553874
5,rough_seed_18,rough_seed_6,0.027556944869568643,wm040_ws000_we060,lm100_ls000_le000,lm000_ls100_le000,0,1.357902943606415
5,rough_seed_18,rough_seed_6,0.027556944869568643,wm020_ws080_we000,lm020_ls040_le040,lm040_ls040_le020,0,16.55491725980749
5,rough_seed_18,rough_seed_6,0.027556944869568643,wm020_ws060_we020,lm000_ls060_le040,lm040_ls040_le020,0,16.34720211333811
5,rough_seed_18,rough_seed_6,0.027556944869568643,wm020_ws040_we040,lm000_ls080_le020,lm000_ls100_le000,0,0.13128462811020114
5,rough_seed_18,rough_seed_6,0.027556944869568643,wm020_ws020_we060,lm020_ls080_le000,lm000_ls100_le000,0,0.5285018301773288
5,rough_seed_18,rough_seed_6,0.027556944869568643,wm020_ws000_we080,lm100_ls000_le000,lm000_ls100_le000,0,1.8083513887216176
5,rough_seed_18,rough_seed_6,0.027556944869568643,wm000_ws100_we000,lm040_ls000_le060,lm040_ls040_le020,0,34.145336136065595
5,rough_seed_18,rough_seed_6,0.027556944869568643,wm000_ws080_we020,lm040_ls000_le060,lm040_ls040_le020,0,27.129937281911605
5,rough_seed_18,rough_seed_6,0.027556944869568643,wm000_ws060_we040,lm040_ls000_le060,lm040_ls040_le020,0,20.114538427757616
5,rough_seed_18,rough_seed_6,0.027556944869568643,wm000_ws040_we060,lm000_ls080_le020,lm000_ls100_le000,0,0.3944094745641781
5,rough_seed_18,rough_seed_6,0.027556944869568643,wm000_ws020_we080,lm020_ls080_le000,lm000_ls100_le000,0,0.5287596791992699
5,rough_seed_18,rough_seed_6,0.027556944869568643,wm000_ws000_we100,lm100_ls000_le000,lm000_ls100_le000,0,2.2587998338368203
5,rough_seed_18,rough_seed_6,0.027556944869568643,balanced,lm000_ls080_le020,lm000_ls100_le000,0,0.11112329085320133
5,rough_seed_18,rough_seed_6,0.027556944869568643,motion,lm020_ls080_le000,lm000_ls100_le000,0,0.39632198195516743
5,rough_seed_18,rough_seed_6,0.027556944869568643,stability,lm000_ls060_le040,lm040_ls040_le020,0,19.14409269441434
5,rough_seed_18,rough_seed_6,0.027556944869568643,energy,lm040_ls060_le000,lm000_ls100_le000,0,0.8617983790568793
5,rough_seed_10,rough_seed_28,0.033377602818933205,wm100_ws000_we000,lm100_ls000_le000,lm060_ls040_le000,0,0.010046092519815277
5,rough_seed_10,rough_seed_28,0.033377602818933205,wm080_ws020_we000,lm060_ls040_le000,lm080_ls020_le000,0,0.11265663854560057
5,rough_seed_10,rough_seed_28,0.033377602818933205,wm080_ws000_we020,lm040_ls060_le000,lm100_ls000_le000,0,0.12279260475765097
5,rough_seed_10,rough_seed_28,0.033377602818933205,wm060_ws040_we000,lm000_ls100_le000,lm080_ls000_le020,0,0.2787847768600343
5,rough_seed_10,rough_seed_28,0.033377602818933205,wm060_ws020_we020,lm040_ls060_le000,lm080_ls020_le000,0,0.11589332092874853
5,rough_seed_10,rough_seed_28,0.033377602818933205,wm060_ws000_we040,lm000_ls100_le000,lm080_ls020_le000,0,0.36901968018537257
5,rough_seed_10,rough_seed_28,0.033377602818933205,wm040_ws060_we000,lm000_ls100_le000,lm020_ls040_le040,0,0.47559469995267134
5,rough_seed_10,rough_seed_28,0.033377602818933205,wm040_ws040_we020,lm000_ls100_le000,lm060_ls020_le020,0,0.3055700173142297
5,rough_seed_10,rough_seed_28,0.033377602818933205,wm040_ws020_we040,lm000_ls100_le000,lm080_ls020_le000,0,0.3165721132890958
5,rough_seed_10,rough_seed_28,0.033377602818933205,wm040_ws000_we060,lm000_ls100_le000,lm080_ls020_le000,0,0.5820551642298637
5,rough_seed_10,rough_seed_28,0.033377602818933205,wm020_ws080_we000,lm000_ls100_le000,lm040_ls000_le060,0,0.6966088269732125
5,rough_seed_10,rough_seed_28,0.033377602818933205,wm020_ws060_we020,lm000_ls100_le000,lm040_ls000_le060,0,0.5231569281928876
5,rough_seed_10,rough_seed_28,0.033377602818933205,wm020_ws040_we040,lm000_ls100_le000,lm060_ls020_le020,0,0.3076790575052877
5,rough_seed_10,rough_seed_28,0.033377602818933205,wm020_ws020_we060,lm000_ls100_le000,lm060_ls020_le020,0,0.5267982700790274
5,rough_seed_10,rough_seed_28,0.033377602818933205,wm020_ws000_we080,lm000_ls100_le000,lm080_ls020_le000,0,0.7950906482743548
5,rough_seed_10,rough_seed_28,0.033377602818933205,wm000_ws100_we000,lm000_ls100_le000,lm000_ls000_le100,0,1.062623275136013
5,rough_seed_10,rough_seed_28,0.033377602818933205,wm000_ws080_we020,lm000_ls100_le000,lm040_ls000_le060,0,0.698264549134874
5,rough_seed_10,rough_seed_28,0.033377602818933205,wm000_ws060_we040,lm000_ls100_le000,lm020_ls040_le040,0,0.4795069203355542
5,rough_seed_10,rough_seed_28,0.033377602818933205,wm000_ws040_we060,lm000_ls100_le000,lm060_ls020_le020,0,0.48783400793090237
5,rough_seed_10,rough_seed_28,0.033377602818933205,wm000_ws020_we080,lm000_ls080_le020,lm080_ls020_le000,0,0.6420319133760657
5,rough_seed_10,rough_seed_28,0.033377602818933205,wm000_ws000_we100,lm000_ls080_le020,lm080_ls020_le000,0,0.9128057092831403
5,rough_seed_10,rough_seed_28,0.033377602818933205,balanced,lm000_ls100_le000,lm060_ls020_le020,0,0.2560874033297659
5,rough_seed_10,rough_seed_28,0.033377602818933205,motion,lm060_ls040_le000,lm080_ls020_le000,0,0.08533933379246236
5,rough_seed_10,rough_seed_28,0.033377602818933205,stability,lm000_ls100_le000,lm040_ls000_le060,0,0.6102968081234654
5,rough_seed_10,rough_seed_28,0.033377602818933205,energy,lm000_ls100_le000,lm080_ls020_le000,0,0.6406411529651291
5,rough_seed_8,rough_seed_6,0.02359398577229964,wm100_ws000_we000,lm080_ls020_le000,lm080_ls020_le000,1,0.0
5,rough_seed_8,rough_seed_6,0.02359398577229964,wm080_ws020_we000,lm020_ls080_le000,lm080_ls020_le000,0,0.8302061120651932
5,rough_seed_8,rough_seed_6,0.02359398577229964,wm080_ws000_we020,lm100_ls000_le000,lm100_ls000_le000,1,0.0
5,rough_seed_8,rough_seed_6,0.02359398577229964,wm060_ws040_we000,lm000_ls080_le020,lm080_ls020_le000,0,1.9785681391454277
5,rough_seed_8,rough_seed_6,0.02359398577229964,wm060_ws020_we020,lm020_ls080_le000,lm080_ls020_le000,0,0.42327518563251504
5,rough_seed_8,rough_seed_6,0.02359398577229964,wm060_ws000_we040,lm100_ls000_le000,lm100_ls000_le000,1,0.0
5,rough_seed_8,rough_seed_6,0.02359398577229964,wm040_ws060_we000,lm040_ls020_le040,lm080_ls020_le000,0,1.3848027241547363
5,rough_seed_8,rough_seed_6,0.02359398577229964,wm040_ws040_we020,lm000_ls080_le020,lm080_ls020_le000,0,1.1200659528391723
5,rough_seed_8,rough_seed_6,0.02359398577229964,wm040_ws020_we040,lm020_ls080_le000,lm100_ls000_le000,0,0.329455178548401
5,rough_seed_8,rough_seed_6,0.02359398577229964,wm040_ws000_we060,lm100_ls000_le000,lm100_ls000_le000,1,0.0
5,rough_seed_8,rough_seed_6,0.02359398577229964,wm020_ws080_we000,lm020_ls040_le040,lm080_ls020_le000,0,0.7721078818918125
5,rough_seed_8,rough_seed_6,0.02359398577229964,wm020_ws060_we020,lm000_ls060_le040,lm080_ls020_le000,0,0.6490454745598804
5,rough_seed_8,rough_seed_6,0.02359398577229964,wm020_ws040_we040,lm000_ls080_le020,lm040_ls060_le000,0,0.3832764477468776
5,rough_seed_8,rough_seed_6,0.02359398577229964,wm020_ws020_we060,lm020_ls080_le000,lm040_ls060_le000,0,0.5926511228496221
5,rough_seed_8,rough_seed_6,0.02359398577229964,wm020_ws000_we080,lm100_ls000_le000,lm040_ls060_le000,0,0.004904601875305503
5,rough_seed_8,rough_seed_6,0.02359398577229964,wm000_ws100_we000,lm040_ls000_le060,lm080_ls020_le000,0,0.7343076393027654
5,rough_seed_8,rough_seed_6,0.02359398577229964,wm000_ws080_we020,lm040_ls000_le060,lm080_ls020_le000,0,0.6545071446001369
5,rough_seed_8,rough_seed_6,0.02359398577229964,wm000_ws060_we040,lm040_ls000_le060,lm080_ls020_le000,0,1.3017439165339102
5,rough_seed_8,rough_seed_6,0.02359398577229964,wm000_ws040_we060,lm000_ls080_le020,lm040_ls060_le000,0,0.3806784625270521
5,rough_seed_8,rough_seed_6,0.02359398577229964,wm000_ws020_we080,lm020_ls080_le000,lm040_ls060_le000,0,0.9185010396698008
5,rough_seed_8,rough_seed_6,0.02359398577229964,wm000_ws000_we100,lm100_ls000_le000,lm040_ls060_le000,0,0.2580335178854549
5,rough_seed_8,rough_seed_6,0.02359398577229964,balanced,lm000_ls080_le020,lm080_ls020_le000,0,0.7668658057023279
5,rough_seed_8,rough_seed_6,0.02359398577229964,motion,lm020_ls080_le000,lm080_ls020_le000,0,0.5768955544300101
5,rough_seed_8,rough_seed_6,0.02359398577229964,stability,lm000_ls060_le040,lm080_ls020_le000,0,0.4884262850148221
5,rough_seed_8,rough_seed_6,0.02359398577229964,energy,lm040_ls060_le000,lm040_ls060_le000,1,0.0
5,rough_seed_22,rough_seed_20,0.02294668601591865,wm100_ws000_we000,lm100_ls000_le000,lm100_ls000_le000,1,0.0
5,rough_seed_22,rough_seed_20,0.02294668601591865,wm080_ws020_we000,lm080_ls000_le020,lm080_ls020_le000,0,0.04700521521449208
5,rough_seed_22,rough_seed_20,0.02294668601591865,wm080_ws000_we020,lm060_ls020_le020,lm080_ls020_le000,0,0.06878281597550367
5,rough_seed_22,rough_seed_20,0.02294668601591865,wm060_ws040_we000,lm000_ls060_le040,lm080_ls000_le020,0,0.4197103922810418
5,rough_seed_22,rough_seed_20,0.02294668601591865,wm060_ws020_we020,lm080_ls000_le020,lm080_ls000_le020,1,0.0
5,rough_seed_22,rough_seed_20,0.02294668601591865,wm060_ws000_we040,lm060_ls020_le020,lm040_ls040_le020,0,0.09172342507914594
5,rough_seed_22,rough_seed_20,0.02294668601591865,wm040_ws060_we000,lm060_ls000_le040,lm040_ls040_le020,0,0.2269874009003014
5,rough_seed_22,rough_seed_20,0.02294668601591865,wm040_ws040_we020,lm040_ls020_le040,lm040_ls040_le020,0,0.19267165723668428
5,rough_seed_22,rough_seed_20,0.02294668601591865,wm040_ws020_we040,lm060_ls020_le020,lm040_ls040_le020,0,0.17154428895773458
5,rough_seed_22,rough_seed_20,0.02294668601591865,wm040_ws000_we060,lm060_ls020_le020,lm040_ls040_le020,0,0.256984051993705
5,rough_seed_22,rough_seed_20,0.02294668601591865,wm020_ws080_we000,lm020_ls020_le060,lm040_ls020_le040,0,0.1216708468231667
5,rough_seed_22,rough_seed_20,0.02294668601591865,wm020_ws060_we020,lm000_ls040_le060,lm040_ls020_le040,0,0.1323276396584846
5,rough_seed_22,rough_seed_20,0.02294668601591865,wm020_ws040_we040,lm000_ls060_le040,lm040_ls020_le040,0,0.030997998752763295
5,rough_seed_22,rough_seed_20,0.02294668601591865,wm020_ws020_we060,lm060_ls020_le020,lm040_ls020_le040,0,0.4068516977402114
5,rough_seed_22,rough_seed_20,0.02294668601591865,wm020_ws000_we080,lm060_ls020_le020,lm040_ls020_le040,0,0.607726521749659
5,rough_seed_22,rough_seed_20,0.02294668601591865,wm000_ws100_we000,lm000_ls000_le100,lm040_ls020_le040,0,0.29575601260210443
5,rough_seed_22,rough_seed_20,0.02294668601591865,wm000_ws080_we020,lm000_ls040_le060,lm040_ls020_le040,0,0.23157034899308748
5,rough_seed_22,rough_seed_20,0.02294668601591865,wm000_ws060_we040,lm000_ls040_le060,lm040_ls020_le040,0,0.46085473905892016
5,rough_seed_22,rough_seed_20,0.02294668601591865,wm000_ws040_we060,lm080_ls000_le020,lm040_ls020_le040,0,0.5743007158726567
5,rough_seed_22,rough_seed_20,0.02294668601591865,wm000_ws020_we080,lm060_ls020_le020,lm040_ls020_le040,0,0.810454756437447
5,rough_seed_22,rough_seed_20,0.02294668601591865,wm000_ws000_we100,lm060_ls020_le020,lm040_ls020_le040,0,1.0113295804468945
5,rough_seed_22,rough_seed_20,0.02294668601591865,balanced,lm000_ls060_le040,lm040_ls040_le020,0,0.1894274549107057
5,rough_seed_22,rough_seed_20,0.02294668601591865,motion,lm080_ls000_le020,lm080_ls020_le000,0,0.06517657456595652
5,rough_seed_22,rough_seed_20,0.02294668601591865,stability,lm000_ls040_le060,lm040_ls020_le040,0,0.09981721947567715
5,rough_seed_22,rough_seed_20,0.02294668601591865,energy,lm060_ls020_le020,lm040_ls020_le040,0,0.5579711684168822
5,rough_seed_20,rough_seed_5,0.01550083385827781,wm100_ws000_we000,lm000_ls100_le000,lm100_ls000_le000,0,0.05862861025197585
5,rough_seed_20,rough_seed_5,0.01550083385827781,wm080_ws020_we000,lm020_ls060_le020,lm080_ls000_le020,0,0.027074427330579243
5,rough_seed_20,rough_seed_5,0.01550083385827781,wm080_ws000_we020,lm060_ls040_le000,lm060_ls020_le020,0,0.1289084985817659
5,rough_seed_20,rough_seed_5,0.01550083385827781,wm060_ws040_we000,lm060_ls020_le020,lm000_ls060_le040,0,0.050181882444492926
5,rough_seed_20,rough_seed_5,0.01550083385827781,wm060_ws020_we020,lm020_ls060_le020,lm080_ls000_le020,0,0.026699834365100372
5,rough_seed_20,rough_seed_5,0.01550083385827781,wm060_ws000_we040,lm080_ls020_le000,lm060_ls020_le020,0,0.30281075896891785
5,rough_seed_20,rough_seed_5,0.01550083385827781,wm040_ws060_we000,lm060_ls020_le020,lm060_ls000_le040,0,0.26235347714890866
5,rough_seed_20,rough_seed_5,0.01550083385827781,wm040_ws040_we020,lm060_ls020_le020,lm040_ls020_le040,0,0.11514690422175702
5,rough_seed_20,rough_seed_5,0.01550083385827781,wm040_ws020_we040,lm060_ls020_le020,lm060_ls020_le020,1,0.0
5,rough_seed_20,rough_seed_5,0.01550083385827781,wm040_ws000_we060,lm000_ls080_le020,lm060_ls020_le020,0,0.006355534349408061
5,rough_seed_20,rough_seed_5,0.01550083385827781,wm020_ws080_we000,lm020_ls040_le040,lm020_ls020_le060,0,0.3651308787080644
5,rough_seed_20,rough_seed_5,0.01550083385827781,wm020_ws060_we020,lm020_ls040_le040,lm000_ls040_le060,0,0.22855532497235784
5,rough_seed_20,rough_seed_5,0.01550083385827781,wm020_ws040_we040,lm000_ls040_le060,lm000_ls060_le040,0,0.0330880180389338
5,rough_seed_20,rough_seed_5,0.01550083385827781,wm020_ws020_we060,lm060_ls020_le020,lm060_ls020_le020,1,0.0
5,rough_seed_20,rough_seed_5,0.01550083385827781,wm020_ws000_we080,lm020_ls060_le020,lm060_ls020_le020,0,0.15052698567644723
5,rough_seed_20,rough_seed_5,0.01550083385827781,wm000_ws100_we000,lm000_ls040_le060,lm000_ls000_le100,0,0.060253460087195745
5,rough_seed_20,rough_seed_5,0.01550083385827781,wm000_ws080_we020,lm000_ls040_le060,lm000_ls040_le060,1,0.0
5,rough_seed_20,rough_seed_5,0.01550083385827781,wm000_ws060_we040,lm000_ls040_le060,lm000_ls040_le060,1,0.0
5,rough_seed_20,rough_seed_5,0.01550083385827781,wm000_ws040_we060,lm060_ls020_le020,lm080_ls000_le020,0,0.013957915710083924
5,rough_seed_20,rough_seed_5,0.01550083385827781,wm000_ws020_we080,lm060_ls020_le020,lm060_ls020_le020,1,0.0
5,rough_seed_20,rough_seed_5,0.01550083385827781,wm000_ws000_we100,lm020_ls060_le020,lm060_ls020_le020,0,0.2243368116267032
5,rough_seed_20,rough_seed_5,0.01550083385827781,balanced,lm060_ls020_le020,lm000_ls060_le040,0,0.05196741740147459
5,rough_seed_20,rough_seed_5,0.01550083385827781,motion,lm100_ls000_le000,lm080_ls000_le020,0,0.046017547975247694
5,rough_seed_20,rough_seed_5,0.01550083385827781,stability,lm020_ls040_le040,lm000_ls040_le060,0,0.320463628928293
5,rough_seed_20,rough_seed_5,0.01550083385827781,energy,lm060_ls020_le020,lm060_ls020_le020,1,0.0
5,rough_seed_28,rough_seed_20,0.02393469294162325,wm100_ws000_we000,lm100_ls000_le000,lm100_ls000_le000,1,0.0
5,rough_seed_28,rough_seed_20,0.02393469294162325,wm080_ws020_we000,lm080_ls000_le020,lm060_ls040_le000,0,0.6919978426353313
5,rough_seed_28,rough_seed_20,0.02393469294162325,wm080_ws000_we020,lm060_ls020_le020,lm040_ls060_le000,0,0.641907278239384
5,rough_seed_28,rough_seed_20,0.02393469294162325,wm060_ws040_we000,lm000_ls060_le040,lm000_ls100_le000,0,1.5048428978289932
5,rough_seed_28,rough_seed_20,0.02393469294162325,wm060_ws020_we020,lm080_ls000_le020,lm040_ls060_le000,0,0.5665814984414934
5,rough_seed_28,rough_seed_20,0.02393469294162325,wm060_ws000_we040,lm060_ls020_le020,lm000_ls100_le000,0,1.1463681677024895
5,rough_seed_28,rough_seed_20,0.02393469294162325,wm040_ws060_we000,lm060_ls000_le040,lm000_ls100_le000,0,2.214121580790592
5,rough_seed_28,rough_seed_20,0.02393469294162325,wm040_ws040_we020,lm040_ls020_le040,lm000_ls100_le000,0,1.245568525128411
5,rough_seed_28,rough_seed_20,0.02393469294162325,wm040_ws020_we040,lm060_ls020_le020,lm000_ls100_le000,0,1.1939000987844488
5,rough_seed_28,rough_seed_20,0.02393469294162325,wm040_ws000_we060,lm060_ls020_le020,lm000_ls100_le000,0,1.8338870568131007
5,rough_seed_28,rough_seed_20,0.02393469294162325,wm020_ws080_we000,lm020_ls020_le060,lm000_ls100_le000,0,4.1211140931308
5,rough_seed_28,rough_seed_20,0.02393469294162325,wm020_ws060_we020,lm000_ls040_le060,lm000_ls100_le000,0,2.659839377215542
5,rough_seed_28,rough_seed_20,0.02393469294162325,wm020_ws040_we040,lm000_ls060_le040,lm000_ls100_le000,0,1.6004281506512443
5,rough_seed_28,rough_seed_20,0.02393469294162325,wm020_ws020_we060,lm060_ls020_le020,lm000_ls100_le000,0,1.8666165403537136
5,rough_seed_28,rough_seed_20,0.02393469294162325,wm020_ws000_we080,lm060_ls020_le020,lm000_ls100_le000,0,2.4859435612783702
5,rough_seed_28,rough_seed_20,0.02393469294162325,wm000_ws100_we000,lm000_ls000_le100,lm000_ls100_le000,0,9.935767327926113
5,rough_seed_28,rough_seed_20,0.02393469294162325,wm000_ws080_we020,lm000_ls040_le060,lm000_ls100_le000,0,3.581226101662601
5,rough_seed_28,rough_seed_20,0.02393469294162325,wm000_ws060_we040,lm000_ls040_le060,lm000_ls100_le000,0,2.668860229370779
5,rough_seed_28,rough_seed_20,0.02393469294162325,wm000_ws040_we060,lm080_ls000_le020,lm000_ls100_le000,0,2.0321734012945702
5,rough_seed_28,rough_seed_20,0.02393469294162325,wm000_ws020_we080,lm060_ls020_le020,lm000_ls080_le020,0,2.5139786398249133
5,rough_seed_28,rough_seed_20,0.02393469294162325,wm000_ws000_we100,lm060_ls020_le020,lm000_ls080_le020,0,3.2099578318895237
5,rough_seed_28,rough_seed_20,0.02393469294162325,balanced,lm000_ls060_le040,lm000_ls100_le000,0,1.297026045482479
5,rough_seed_28,rough_seed_20,0.02393469294162325,motion,lm080_ls000_le020,lm060_ls040_le000,0,0.5992078595373471
5,rough_seed_28,rough_seed_20,0.02393469294162325,stability,lm000_ls040_le060,lm000_ls100_le000,0,3.118277526400263
5,rough_seed_28,rough_seed_20,0.02393469294162325,energy,lm060_ls020_le020,lm000_ls100_le000,0,2.1763686926438712
5,rough_seed_17,rough_seed_5,0.028664475066647606,wm100_ws000_we000,lm000_ls100_le000,lm060_ls040_le000,0,0.16620916889500173
5,rough_seed_17,rough_seed_5,0.028664475066647606,wm080_ws020_we000,lm020_ls060_le020,lm100_ls000_le000,0,0.45568763675561424
5,rough_seed_17,rough_seed_5,0.028664475066647606,wm080_ws000_we020,lm060_ls040_le000,lm100_ls000_le000,0,0.1472017917293572
5,rough_seed_17,rough_seed_5,0.028664475066647606,wm060_ws040_we000,lm060_ls020_le020,lm100_ls000_le000,0,0.3021017003854983
5,rough_seed_17,rough_seed_5,0.028664475066647606,wm060_ws020_we020,lm020_ls060_le020,lm100_ls000_le000,0,0.30203031404822817
5,rough_seed_17,rough_seed_5,0.028664475066647606,wm060_ws000_we040,lm080_ls020_le000,lm100_ls000_le000,0,0.23014839260193276
5,rough_seed_17,rough_seed_5,0.028664475066647606,wm040_ws060_we000,lm060_ls020_le020,lm100_ls000_le000,0,0.3584788321687353
5,rough_seed_17,rough_seed_5,0.028664475066647606,wm040_ws040_we020,lm060_ls020_le020,lm100_ls000_le000,0,0.22401693587680202
5,rough_seed_17,rough_seed_5,0.028664475066647606,wm040_ws020_we040,lm060_ls020_le020,lm100_ls000_le000,0,0.1191117190697149
5,rough_seed_17,rough_seed_5,0.028664475066647606,wm040_ws000_we060,lm000_ls080_le020,lm100_ls000_le000,0,0.0905007483239641
5,rough_seed_17,rough_seed_5,0.028664475066647606,wm020_ws080_we000,lm020_ls040_le040,lm100_ls000_le000,0,0.159176228579185
5,rough_seed_17,rough_seed_5,0.028664475066647606,wm020_ws060_we020,lm020_ls040_le040,lm100_ls000_le000,0,0.15671851831138128
5,rough_seed_17,rough_seed_5,0.028664475066647606,wm020_ws040_we040,lm000_ls040_le060,lm100_ls000_le000,0,0.865933767560186
5,rough_seed_17,rough_seed_5,0.028664475066647606,wm020_ws020_we060,lm060_ls020_le020,lm100_ls000_le000,0,0.0865956281430788
5,rough_seed_17,rough_seed_5,0.028664475066647606,wm020_ws000_we080,lm020_ls060_le020,lm020_ls060_le020,1,0.0
5,rough_seed_17,rough_seed_5,0.028664475066647606,wm000_ws100_we000,lm000_ls040_le060,lm060_ls000_le040,0,2.026374537004292
5,rough_seed_17,rough_seed_5,0.028664475066647606,wm000_ws080_we020,lm000_ls040_le060,lm100_ls000_le000,0,1.5488563947069658
5,rough_seed_17,rough_seed_5,0.028664475066647606,wm000_ws060_we040,lm000_ls040_le060,lm100_ls000_le000,0,1.1160190071895784
5,rough_seed_17,rough_seed_5,0.028664475066647606,wm000_ws040_we060,lm060_ls020_le020,lm100_ls000_le000,0,0.11465537635957276
5,rough_seed_17,rough_seed_5,0.028664475066647606,wm000_ws020_we080,lm060_ls020_le020,lm020_ls060_le020,0,0.1293110533444367
5,rough_seed_17,rough_seed_5,0.028664475066647606,wm000_ws000_we100,lm020_ls060_le020,lm020_ls060_le020,1,0.0
5,rough_seed_17,rough_seed_5,0.028664475066647606,balanced,lm060_ls020_le020,lm100_ls000_le000,0,0.14204112922934917
5,rough_seed_17,rough_seed_5,0.028664475066647606,motion,lm100_ls000_le000,lm100_ls000_le000,1,0.0
5,rough_seed_17,rough_seed_5,0.028664475066647606,stability,lm020_ls040_le040,lm100_ls000_le000,0,0.14010527791531124
5,rough_seed_17,rough_seed_5,0.028664475066647606,energy,lm060_ls020_le020,lm020_ls060_le020,0,0.13818447031194359
6,rough_seed_13,rough_seed_18,0.03178597776037826,wm100_ws000_we000,lm000_ls100_le000,lm100_ls000_le000,0,0.2552291007542472
6,rough_seed_13,rough_seed_18,0.03178597776037826,wm080_ws020_we000,lm000_ls100_le000,lm080_ls020_le000,0,0.09700151249562154
6,rough_seed_13,rough_seed_18,0.03178597776037826,wm080_ws000_we020,lm000_ls100_le000,lm080_ls020_le000,0,0.06192503757867396
6,rough_seed_13,rough_seed_18,0.03178597776037826,wm060_ws040_we000,lm000_ls100_le000,lm040_ls060_le000,0,0.02401635406050992
6,rough_seed_13,rough_seed_18,0.03178597776037826,wm060_ws020_we020,lm000_ls100_le000,lm080_ls020_le000,0,0.020318838861103
6,rough_seed_13,rough_seed_18,0.03178597776037826,wm060_ws000_we040,lm000_ls100_le000,lm020_ls060_le020,0,0.06668252017710302
6,rough_seed_13,rough_seed_18,0.03178597776037826,wm040_ws060_we000,lm040_ls040_le020,lm040_ls060_le000,0,0.5470967463260838
6,rough_seed_13,rough_seed_18,0.03178597776037826,wm040_ws040_we020,lm000_ls100_le000,lm040_ls060_le000,0,0.008561207046983182
6,rough_seed_13,rough_seed_18,0.03178597776037826,wm040_ws020_we040,lm000_ls100_le000,lm040_ls020_le040,0,0.11032387402055932
6,rough_seed_13,rough_seed_18,0.03178597776037826,wm040_ws000_we060,lm000_ls100_le000,lm060_ls000_le040,0,0.26668652623075606
6,rough_seed_13,rough_seed_18,0.03178597776037826,wm020_ws080_we000,lm040_ls040_le020,lm040_ls060_le000,0,0.8008585596380785
6,rough_seed_13,rough_seed_18,0.03178597776037826,wm020_ws060_we020,lm040_ls040_le020,lm040_ls060_le000,0,0.4792395244552077
6,rough_seed_13,rough_seed_18,0.03178597776037826,wm020_ws040_we040,lm000_ls100_le000,lm020_ls000_le080,0,0.1250224073537972
6,rough_seed_13,rough_seed_18,0.03178597776037826,wm020_ws020_we060,lm000_ls100_le000,lm040_ls000_le060,0,0.3433175893655319
6,rough_seed_13,rough_seed_18,0.03178597776037826,wm020_ws000_we080,lm000_ls100_le000,lm040_ls000_le060,0,0.5191865855797919
6,rough_seed_13,rough_seed_18,0.03178597776037826,wm000_ws100_we000,lm040_ls040_le020,lm040_ls060_le000,0,1.054620372950073
6,rough_seed_13,rough_seed_18,0.03178597776037826,wm000_ws080_we020,lm040_ls040_le020,lm020_ls000_le080,0,0.7194983915787648
6,rough_seed_13,rough_seed_18,0.03178597776037826,wm000_ws060_we040,lm040_ls040_le020,lm020_ls000_le080,0,0.541978191630715
6,rough_seed_13,rough_seed_18,0.03178597776037826,wm000_ws040_we060,lm000_ls100_le000,lm020_ls000_le080,0,0.4275951239078808
6,rough_seed_13,rough_seed_18,0.03178597776037826,wm000_ws020_we080,lm000_ls100_le000,lm020_ls000_le080,0,0.6225342314847239
6,rough_seed_13,rough_seed_18,0.03178597776037826,wm000_ws000_we100,lm000_ls100_le000,lm040_ls000_le060,0,0.8175038639219216
6,rough_seed_13,rough_seed_18,0.03178597776037826,balanced,lm000_ls100_le000,lm080_ls020_le000,0,0.03270896035207965
6,rough_seed_13,rough_seed_18,0.03178597776037826,motion,lm000_ls100_le000,lm080_ls020_le000,0,0.07115253433137764
6,rough_seed_13,rough_seed_18,0.03178597776037826,stability,lm040_ls040_le020,lm040_ls060_le000,0,0.6230847365789239
6,rough_seed_13,rough_seed_18,0.03178597776037826,energy,lm000_ls100_le000,lm040_ls000_le060,0,0.4618641580046294
6,rough_seed_7,rough_seed_5,0.03312653293399059,wm100_ws000_we000,lm000_ls100_le000,lm100_ls000_le000,0,0.1556219893731322
6,rough_seed_7,rough_seed_5,0.03312653293399059,wm080_ws020_we000,lm020_ls060_le020,lm080_ls020_le000,0,0.16591749346396836
6,rough_seed_7,rough_seed_5,0.03312653293399059,wm080_ws000_we020,lm060_ls040_le000,lm000_ls100_le000,0,0.07377457538928675
6,rough_seed_7,rough_seed_5,0.03312653293399059,wm060_ws040_we000,lm060_ls020_le020,lm080_ls020_le000,0,0.244982768917322
6,rough_seed_7,rough_seed_5,0.03312653293399059,wm060_ws020_we020,lm020_ls060_le020,lm000_ls100_le000,0,0.047440488616420695
6,rough_seed_7,rough_seed_5,0.03312653293399059,wm060_ws000_we040,lm080_ls020_le000,lm040_ls040_le020,0,0.21274477716896736
6,rough_seed_7,rough_seed_5,0.03312653293399059,wm040_ws060_we000,lm060_ls020_le020,lm080_ls020_le000,0,0.3671248580384804
6,rough_seed_7,rough_seed_5,0.03312653293399059,wm040_ws040_we020,lm060_ls020_le020,lm020_ls080_le000,0,0.2220602966363716
6,rough_seed_7,rough_seed_5,0.03312653293399059,wm040_ws020_we040,lm060_ls020_le020,lm040_ls020_le040,0,0.18289839361111665
6,rough_seed_7,rough_seed_5,0.03312653293399059,wm040_ws000_we060,lm000_ls080_le020,lm040_ls020_le040,0,0.13827169934175015
6,rough_seed_7,rough_seed_5,0.03312653293399059,wm020_ws080_we000,lm020_ls040_le040,lm000_ls060_le040,0,0.5398616554101336
6,rough_seed_7,rough_seed_5,0.03312653293399059,wm020_ws060_we020,lm020_ls040_le040,lm000_ls060_le040,0,0.4044573825591733
6,rough_seed_7,rough_seed_5,0.03312653293399059,wm020_ws040_we040,lm000_ls040_le060,lm000_ls040_le060,1,0.0
6,rough_seed_7,rough_seed_5,0.03312653293399059,wm020_ws020_we060,lm060_ls020_le020,lm040_ls020_le040,0,0.3775356091167842
6,rough_seed_7,rough_seed_5,0.03312653293399059,wm020_ws000_we080,lm020_ls060_le020,lm020_ls020_le060,0,0.2773899087197262
6,rough_seed_7,rough_seed_5,0.03312653293399059,wm000_ws100_we000,lm000_ls040_le060,lm020_ls020_le060,0,0.4750165312451118
6,rough_seed_7,rough_seed_5,0.03312653293399059,wm000_ws080_we020,lm000_ls040_le060,lm020_ls020_le060,0,0.3806829549597384
6,rough_seed_7,rough_seed_5,0.03312653293399059,wm000_ws060_we040,lm000_ls040_le060,lm020_ls020_le060,0,0.28634937867436505
6,rough_seed_7,rough_seed_5,0.03312653293399059,wm000_ws040_we060,lm060_ls020_le020,lm020_ls020_le060,0,0.5496950386822334
6,rough_seed_7,rough_seed_5,0.03312653293399059,wm000_ws020_we080,lm060_ls020_le020,lm020_ls020_le060,0,0.7295943365989371
6,rough_seed_7,rough_seed_5,0.03312653293399059,wm000_ws000_we100,lm020_ls060_le020,lm020_ls020_le060,0,0.5984810906930279
6,rough_seed_7,rough_seed_5,0.03312653293399059,balanced,lm060_ls020_le020,lm000_ls060_le040,0,0.11608609226524153
6,rough_seed_7,rough_seed_5,0.03312653293399059,motion,lm100_ls000_le000,lm000_ls100_le000,0,0.007110061757766156
6,rough_seed_7,rough_seed_5,0.03312653293399059,stability,lm020_ls040_le040,lm020_ls020_le060,0,0.49080240848649415
6,rough_seed_7,rough_seed_5,0.03312653293399059,energy,lm060_ls020_le020,lm020_ls020_le060,0,0.48681445600983564
6,rough_seed_15,rough_seed_18,0.032394879280638736,wm100_ws000_we000,lm000_ls100_le000,lm040_ls060_le000,0,0.04334695684378129
6,rough_seed_15,rough_seed_18,0.032394879280638736,wm080_ws020_we000,lm000_ls100_le000,lm080_ls020_le000,0,0.1004391414930495
6,rough_seed_15,rough_seed_18,0.032394879280638736,wm080_ws000_we020,lm000_ls100_le000,lm020_ls060_le020,0,0.11864741217035818
6,rough_seed_15,rough_seed_18,0.032394879280638736,wm060_ws040_we000,lm000_ls100_le000,lm060_ls040_le000,0,0.259451905567282
6,rough_seed_15,rough_seed_18,0.032394879280638736,wm060_ws020_we020,lm000_ls100_le000,lm060_ls040_le000,0,0.0993409806749303
6,rough_seed_15,rough_seed_18,0.032394879280638736,wm060_ws000_we040,lm000_ls100_le000,lm000_ls080_le020,0,0.2382998414550778
6,rough_seed_15,rough_seed_18,0.032394879280638736,wm040_ws060_we000,lm040_ls040_le020,lm060_ls040_le000,0,0.3897739338756264
6,rough_seed_15,rough_seed_18,0.032394879280638736,wm040_ws040_we020,lm000_ls100_le000,lm060_ls040_le000,0,0.26038466038256025
6,rough_seed_15,rough_seed_18,0.032394879280638736,wm040_ws020_we040,lm000_ls100_le000,lm000_ls080_le020,0,0.2250782862651057
6,rough_seed_15,rough_seed_18,0.032394879280638736,wm040_ws000_we060,lm000_ls100_le000,lm000_ls080_le020,0,0.44369882791500276
6,rough_seed_15,rough_seed_18,0.032394879280638736,wm020_ws080_we000,lm040_ls040_le020,lm000_ls060_le040,0,0.6165182729935832
6,rough_seed_15,rough_seed_18,0.032394879280638736,wm020_ws060_we020,lm040_ls040_le020,lm020_ls040_le040,0,0.4531147233326407
6,rough_seed_15,rough_seed_18,0.032394879280638736,wm020_ws040_we040,lm000_ls100_le000,lm060_ls040_le000,0,0.199710258510842
6,rough_seed_15,rough_seed_18,0.032394879280638736,wm020_ws020_we060,lm000_ls100_le000,lm000_ls080_le020,0,0.39623424118932676
6,rough_seed_15,rough_seed_18,0.032394879280638736,wm020_ws000_we080,lm000_ls100_le000,lm000_ls080_le020,0,0.6490978143749279
6,rough_seed_15,rough_seed_18,0.032394879280638736,wm000_ws100_we000,lm040_ls040_le020,lm000_ls040_le060,0,0.9817642356199189
6,rough_seed_15,rough_seed_18,0.032394879280638736,wm000_ws080_we020,lm040_ls040_le020,lm000_ls040_le060,0,0.7021705437840081
6,rough_seed_15,rough_seed_18,0.032394879280638736,wm000_ws060_we040,lm040_ls040_le020,lm000_ls040_le060,0,0.42257685194809724
6,rough_seed_15,rough_seed_18,0.032394879280638736,wm000_ws040_we060,lm000_ls100_le000,lm000_ls080_le020,0,0.2802835913922429
6,rough_seed_15,rough_seed_18,0.032394879280638736,wm000_ws020_we080,lm000_ls100_le000,lm000_ls080_le020,0,0.5673901961135479
6,rough_seed_15,rough_seed_18,0.032394879280638736,wm000_ws000_we100,lm000_ls100_le000,lm000_ls080_le020,0,0.8544968008348529
6,rough_seed_15,rough_seed_18,0.032394879280638736,balanced,lm000_ls100_le000,lm060_ls040_le000,0,0.16625383256553808
6,rough_seed_15,rough_seed_18,0.032394879280638736,motion,lm000_ls100_le000,lm040_ls060_le000,0,0.0680127075617049
6,rough_seed_15,rough_seed_18,0.032394879280638736,stability,lm040_ls040_le020,lm000_ls040_le060,0,0.5356431541960421
6,rough_seed_15,rough_seed_18,0.032394879280638736,energy,lm000_ls100_le000,lm000_ls080_le020,0,0.5107998811007083
6,rough_seed_0,rough_seed_29,0.03493781455544137,wm100_ws000_we000,lm100_ls000_le000,lm080_ls020_le000,0,0.10619701109911484
6,rough_seed_0,rough_seed_29,0.03493781455544137,wm080_ws020_we000,lm100_ls000_le000,lm100_ls000_le000,1,0.0
6,rough_seed_0,rough_seed_29,0.03493781455544137,wm080_ws000_we020,lm060_ls040_le000,lm060_ls040_le000,1,0.0
6,rough_seed_0,rough_seed_29,0.03493781455544137,wm060_ws040_we000,lm060_ls040_le000,lm100_ls000_le000,0,0.0012496466946972928
6,rough_seed_0,rough_seed_29,0.03493781455544137,wm060_ws020_we020,lm060_ls040_le000,lm100_ls000_le000,0,0.0007869545660379451
6,rough_seed_0,rough_seed_29,0.03493781455544137,wm060_ws000_we040,lm060_ls040_le000,lm060_ls040_le000,1,0.0
6,rough_seed_0,rough_seed_29,0.03493781455544137,wm040_ws060_we000,lm040_ls060_le000,lm060_ls000_le040,0,0.7138502715534418
6,rough_seed_0,rough_seed_29,0.03493781455544137,wm040_ws040_we020,lm040_ls060_le000,lm100_ls000_le000,0,0.39642341795650454
6,rough_seed_0,rough_seed_29,0.03493781455544137,wm040_ws020_we040,lm060_ls040_le000,lm100_ls000_le000,0,0.001028062241099692
6,rough_seed_0,rough_seed_29,0.03493781455544137,wm040_ws000_we060,lm080_ls020_le000,lm100_ls000_le000,0,0.2511986095877981
6,rough_seed_0,rough_seed_29,0.03493781455544137,wm020_ws080_we000,lm080_ls020_le000,lm060_ls000_le040,0,0.6715054323187577
6,rough_seed_0,rough_seed_29,0.03493781455544137,wm020_ws060_we020,lm080_ls020_le000,lm000_ls060_le040,0,0.4591089483824853
6,rough_seed_0,rough_seed_29,0.03493781455544137,wm020_ws040_we040,lm080_ls020_le000,lm000_ls040_le060,0,0.20203819026923883
6,rough_seed_0,rough_seed_29,0.03493781455544137,wm020_ws020_we060,lm080_ls020_le000,lm100_ls000_le000,0,0.1641926964808276
6,rough_seed_0,rough_seed_29,0.03493781455544137,wm020_ws000_we080,lm080_ls000_le020,lm100_ls000_le000,0,0.547354711924831
6,rough_seed_0,rough_seed_29,0.03493781455544137,wm000_ws100_we000,lm080_ls020_le000,lm000_ls040_le060,0,1.01
6,rough_seed_0,rough_seed_29,0.03493781455544137,wm000_ws080_we020,lm080_ls020_le000,lm000_ls040_le060,0,0.713005369643609
6,rough_seed_0,rough_seed_29,0.03493781455544137,wm000_ws060_we040,lm080_ls020_le000,lm000_ls040_le060,0,0.4160107392872179
6,rough_seed_0,rough_seed_29,0.03493781455544137,wm000_ws040_we060,lm080_ls020_le000,lm100_ls000_le000,0,0.14435884429753043
6,rough_seed_0,rough_seed_29,0.03493781455544137,wm000_ws020_we080,lm040_ls040_le020,lm100_ls000_le000,0,0.4022338861377538
6,rough_seed_0,rough_seed_29,0.03493781455544137,wm000_ws000_we100,lm080_ls000_le020,lm100_ls000_le000,0,0.7104021498141614
6,rough_seed_0,rough_seed_29,0.03493781455544137,balanced,lm060_ls040_le000,lm100_ls000_le000,0,0.0014168928852264784
6,rough_seed_0,rough_seed_29,0.03493781455544137,motion,lm060_ls040_le000,lm100_ls000_le000,0,0.0005507276963422764
6,rough_seed_0,rough_seed_29,0.03493781455544137,stability,lm080_ls020_le000,lm000_ls060_le040,0,0.5967024525826499
6,rough_seed_0,rough_seed_29,0.03493781455544137,energy,lm080_ls000_le020,lm100_ls000_le000,0,0.4006664822516466
6,rough_seed_5,rough_seed_20,0.02423917059787224,wm100_ws000_we000,lm100_ls000_le000,lm000_ls100_le000,0,0.07993338923685919
6,rough_seed_5,rough_seed_20,0.02423917059787224,wm080_ws020_we000,lm080_ls000_le020,lm020_ls060_le020,0,0.13264722961626557
6,rough_seed_5,rough_seed_20,0.02423917059787224,wm080_ws000_we020,lm060_ls020_le020,lm060_ls040_le000,0,0.19829155385715025
6,rough_seed_5,rough_seed_20,0.02423917059787224,wm060_ws040_we000,lm000_ls060_le040,lm060_ls020_le020,0,0.3143209184783374
6,rough_seed_5,rough_seed_20,0.02423917059787224,wm060_ws020_we020,lm080_ls000_le020,lm020_ls060_le020,0,0.06492773284257167
6,rough_seed_5,rough_seed_20,0.02423917059787224,wm060_ws000_we040,lm060_ls020_le020,lm080_ls020_le000,0,0.12130412869393269
6,rough_seed_5,rough_seed_20,0.02423917059787224,wm040_ws060_we000,lm060_ls000_le040,lm060_ls020_le020,0,0.025882431685077145
6,rough_seed_5,rough_seed_20,0.02423917059787224,wm040_ws040_we020,lm040_ls020_le040,lm060_ls020_le020,0,0.14547425884553394
6,rough_seed_5,rough_seed_20,0.02423917059787224,wm040_ws020_we040,lm060_ls020_le020,lm060_ls020_le020,1,0.0
6,rough_seed_5,rough_seed_20,0.02423917059787224,wm040_ws000_we060,lm060_ls020_le020,lm000_ls080_le020,0,0.06388077250789115
6,rough_seed_5,rough_seed_20,0.02423917059787224,wm020_ws080_we000,lm020_ls020_le060,lm020_ls040_le040,0,0.017305736878379774
6,rough_seed_5,rough_seed_20,0.02423917059787224,wm020_ws060_we020,lm000_ls040_le060,lm020_ls040_le040,0,0.01606667926839861
6,rough_seed_5,rough_seed_20,0.02423917059787224,wm020_ws040_we040,lm000_ls060_le040,lm000_ls040_le060,0,0.20237742738944983
6,rough_seed_5,rough_seed_20,0.02423917059787224,wm020_ws020_we060,lm060_ls020_le020,lm060_ls020_le020,1,0.0
6,rough_seed_5,rough_seed_20,0.02423917059787224,wm020_ws000_we080,lm060_ls020_le020,lm020_ls060_le020,0,0.06222626491854789
6,rough_seed_5,rough_seed_20,0.02423917059787224,wm000_ws100_we000,lm000_ls000_le100,lm000_ls040_le060,0,0.18069268083781717
6,rough_seed_5,rough_seed_20,0.02423917059787224,wm000_ws080_we020,lm000_ls040_le060,lm000_ls040_le060,1,0.0
6,rough_seed_5,rough_seed_20,0.02423917059787224,wm000_ws060_we040,lm000_ls040_le060,lm000_ls040_le060,1,0.0
6,rough_seed_5,rough_seed_20,0.02423917059787224,wm000_ws040_we060,lm080_ls000_le020,lm060_ls020_le020,0,0.011436351396462763
6,rough_seed_5,rough_seed_20,0.02423917059787224,wm000_ws020_we080,lm060_ls020_le020,lm060_ls020_le020,1,0.0
6,rough_seed_5,rough_seed_20,0.02423917059787224,wm000_ws000_we100,lm060_ls020_le020,lm020_ls060_le020,0,0.11666076961149235
6,rough_seed_5,rough_seed_20,0.02423917059787224,balanced,lm000_ls060_le040,lm060_ls020_le020,0,0.13689095642851945
6,rough_seed_5,rough_seed_20,0.02423917059787224,motion,lm080_ls000_le020,lm100_ls000_le000,0,0.13264142087106134
6,rough_seed_5,rough_seed_20,0.02423917059787224,stability,lm000_ls040_le060,lm020_ls040_le040,0,0.01164500372354349
6,rough_seed_5,rough_seed_20,0.02423917059787224,energy,lm060_ls020_le020,lm060_ls020_le020,1,0.0
6,rough_seed_11,rough_seed_25,0.02327259677499301,wm100_ws000_we000,lm100_ls000_le000,lm100_ls000_le000,1,0.0
6,rough_seed_11,rough_seed_25,0.02327259677499301,wm080_ws020_we000,lm080_ls000_le020,lm080_ls020_le000,0,2.1354641400702934
6,rough_seed_11,rough_seed_25,0.02327259677499301,wm080_ws000_we020,lm100_ls000_le000,lm100_ls000_le000,1,0.0
6,rough_seed_11,rough_seed_25,0.02327259677499301,wm060_ws040_we000,lm040_ls040_le020,lm080_ls020_le000,0,1.288691411737557
6,rough_seed_11,rough_seed_25,0.02327259677499301,wm060_ws020_we020,lm080_ls000_le020,lm100_ls000_le000,0,1.5521758724907906
6,rough_seed_11,rough_seed_25,0.02327259677499301,wm060_ws000_we040,lm100_ls000_le000,lm100_ls000_le000,1,0.0
6,rough_seed_11,rough_seed_25,0.02327259677499301,wm040_ws060_we000,lm040_ls020_le040,lm020_ls080_le000,0,1.1561479405395574
6,rough_seed_11,rough_seed_25,0.02327259677499301,wm040_ws040_we020,lm040_ls040_le020,lm020_ls080_le000,0,0.7648485316839686
6,rough_seed_11,rough_seed_25,0.02327259677499301,wm040_ws020_we040,lm080_ls000_le020,lm020_ls080_le000,0,0.8120492097802556
6,rough_seed_11,rough_seed_25,0.02327259677499301,wm040_ws000_we060,lm100_ls000_le000,lm020_ls080_le000,0,0.23191682346871734
6,rough_seed_11,rough_seed_25,0.02327259677499301,wm020_ws080_we000,lm060_ls000_le040,lm020_ls080_le000,0,0.6318502982233888
6,rough_seed_11,rough_seed_25,0.02327259677499301,wm020_ws060_we020,lm040_ls040_le020,lm020_ls080_le000,0,0.385844206584111
6,rough_seed_11,rough_seed_25,0.02327259677499301,wm020_ws040_we040,lm040_ls040_le020,lm020_ls080_le000,0,0.8327411186969156
6,rough_seed_11,rough_seed_25,0.02327259677499301,wm020_ws020_we060,lm040_ls040_le020,lm020_ls080_le000,0,1.3319835789333498
6,rough_seed_11,rough_seed_25,0.02327259677499301,wm020_ws000_we080,lm100_ls000_le000,lm000_ls100_le000,0,0.595271180557627
6,rough_seed_11,rough_seed_25,0.02327259677499301,wm000_ws100_we000,lm060_ls000_le040,lm020_ls080_le000,0,0.3459023968230178
6,rough_seed_11,rough_seed_25,0.02327259677499301,wm000_ws080_we020,lm060_ls000_le040,lm000_ls100_le000,0,0.7328636660443681
6,rough_seed_11,rough_seed_25,0.02327259677499301,wm000_ws060_we040,lm040_ls040_le020,lm000_ls100_le000,0,1.0026483310600083
6,rough_seed_11,rough_seed_25,0.02327259677499301,wm000_ws040_we060,lm040_ls040_le020,lm000_ls100_le000,0,1.509495665368579
6,rough_seed_11,rough_seed_25,0.02327259677499301,wm000_ws020_we080,lm040_ls040_le020,lm000_ls100_le000,0,2.0163429996771494
6,rough_seed_11,rough_seed_25,0.02327259677499301,wm000_ws000_we100,lm020_ls000_le080,lm000_ls100_le000,0,4.5026255345424335
6,rough_seed_11,rough_seed_25,0.02327259677499301,balanced,lm040_ls040_le020,lm020_ls080_le000,0,0.6410250701151684
6,rough_seed_11,rough_seed_25,0.02327259677499301,motion,lm080_ls000_le020,lm100_ls000_le000,0,1.8935928542009015
6,rough_seed_11,rough_seed_25,0.02327259677499301,stability,lm060_ls000_le040,lm020_ls080_le000,0,0.4792746416983237
6,rough_seed_11,rough_seed_25,0.02327259677499301,energy,lm040_ls040_le020,lm000_ls100_le000,0,1.6193443514917225
6,rough_seed_4,rough_seed_11,0.028533438048238265,wm100_ws000_we000,lm100_ls000_le000,lm080_ls020_le000,0,4.754650046730866
6,rough_seed_4,rough_seed_11,0.028533438048238265,wm080_ws020_we000,lm080_ls020_le000,lm020_ls080_le000,0,0.09839965110788759
6,rough_seed_4,rough_seed_11,0.028533438048238265,wm080_ws000_we020,lm100_ls000_le000,lm020_ls080_le000,0,3.7566741279533673
6,rough_seed_4,rough_seed_11,0.028533438048238265,wm060_ws040_we000,lm080_ls020_le000,lm020_ls080_le000,0,0.1973985281156008
6,rough_seed_4,rough_seed_11,0.028533438048238265,wm060_ws020_we020,lm100_ls000_le000,lm020_ls080_le000,0,2.7526953415465973
6,rough_seed_4,rough_seed_11,0.028533438048238265,wm060_ws000_we040,lm100_ls000_le000,lm020_ls080_le000,0,2.7942562350005606
6,rough_seed_4,rough_seed_11,0.028533438048238265,wm040_ws060_we000,lm020_ls080_le000,lm020_ls080_le000,1,0.0
6,rough_seed_4,rough_seed_11,0.028533438048238265,wm040_ws040_we020,lm020_ls080_le000,lm020_ls080_le000,1,0.0
6,rough_seed_4,rough_seed_11,0.028533438048238265,wm040_ws020_we040,lm020_ls080_le000,lm020_ls080_le000,1,0.0
6,rough_seed_4,rough_seed_11,0.028533438048238265,wm040_ws000_we060,lm020_ls080_le000,lm060_ls040_le000,0,0.015373255811898606
6,rough_seed_4,rough_seed_11,0.028533438048238265,wm020_ws080_we000,lm020_ls080_le000,lm000_ls100_le000,0,0.21060371786897286
6,rough_seed_4,rough_seed_11,0.028533438048238265,wm020_ws060_we020,lm020_ls080_le000,lm000_ls100_le000,0,0.10778733641695704
6,rough_seed_4,rough_seed_11,0.028533438048238265,wm020_ws040_we040,lm020_ls080_le000,lm000_ls100_le000,0,0.004970954964941265
6,rough_seed_4,rough_seed_11,0.028533438048238265,wm020_ws020_we060,lm020_ls080_le000,lm020_ls080_le000,1,0.0
6,rough_seed_4,rough_seed_11,0.028533438048238265,wm020_ws000_we080,lm000_ls100_le000,lm060_ls040_le000,0,0.10234880565295623
6,rough_seed_4,rough_seed_11,0.028533438048238265,wm000_ws100_we000,lm020_ls080_le000,lm000_ls100_le000,0,0.5156048408612597
6,rough_seed_4,rough_seed_11,0.028533438048238265,wm000_ws080_we020,lm000_ls100_le000,lm000_ls100_le000,1,0.0
6,rough_seed_4,rough_seed_11,0.028533438048238265,wm000_ws060_we040,lm000_ls100_le000,lm000_ls100_le000,1,0.0
6,rough_seed_4,rough_seed_11,0.028533438048238265,wm000_ws040_we060,lm000_ls100_le000,lm000_ls100_le000,1,0.0
6,rough_seed_4,rough_seed_11,0.028533438048238265,wm000_ws020_we080,lm000_ls100_le000,lm000_ls100_le000,1,0.0
6,rough_seed_4,rough_seed_11,0.028533438048238265,wm000_ws000_we100,lm000_ls100_le000,lm000_ls100_le000,1,0.0
6,rough_seed_4,rough_seed_11,0.028533438048238265,balanced,lm020_ls080_le000,lm020_ls080_le000,1,0.0
6,rough_seed_4,rough_seed_11,0.028533438048238265,motion,lm100_ls000_le000,lm020_ls080_le000,0,3.2530342113677087
6,rough_seed_4,rough_seed_11,0.028533438048238265,stability,lm020_ls080_le000,lm000_ls100_le000,0,0.20974171252803267
6,rough_seed_4,rough_seed_11,0.028533438048238265,energy,lm000_ls100_le000,lm020_ls080_le000,0,0.042972960747891364
6,rough_seed_25,rough_seed_20,0.01953139358482082,wm100_ws000_we000,lm100_ls000_le000,lm100_ls000_le000,1,0.0
6,rough_seed_25,rough_seed_20,0.01953139358482082,wm080_ws020_we000,lm080_ls000_le020,lm080_ls000_le020,1,0.0
6,rough_seed_25,rough_seed_20,0.01953139358482082,wm080_ws000_we020,lm060_ls020_le020,lm100_ls000_le000,0,0.1298429122893877
6,rough_seed_25,rough_seed_20,0.01953139358482082,wm060_ws040_we000,lm000_ls060_le040,lm040_ls040_le020,0,0.07428654294071038
6,rough_seed_25,rough_seed_20,0.01953139358482082,wm060_ws020_we020,lm080_ls000_le020,lm080_ls000_le020,1,0.0
6,rough_seed_25,rough_seed_20,0.01953139358482082,wm060_ws000_we040,lm060_ls020_le020,lm100_ls000_le000,0,0.07826838498388322
6,rough_seed_25,rough_seed_20,0.01953139358482082,wm040_ws060_we000,lm060_ls000_le040,lm040_ls020_le040,0,0.01405065671602368
6,rough_seed_25,rough_seed_20,0.01953139358482082,wm040_ws040_we020,lm040_ls020_le040,lm040_ls040_le020,0,0.10254147710447435
6,rough_seed_25,rough_seed_20,0.01953139358482082,wm040_ws020_we040,lm060_ls020_le020,lm080_ls000_le020,0,0.014175989978561246
6,rough_seed_25,rough_seed_20,0.01953139358482082,wm040_ws000_we060,lm060_ls020_le020,lm100_ls000_le000,0,0.10756036660727157
6,rough_seed_25,rough_seed_20,0.01953139358482082,wm020_ws080_we000,lm020_ls020_le060,lm060_ls000_le040,0,1.2617878153575424
6,rough_seed_25,rough_seed_20,0.01953139358482082,wm020_ws060_we020,lm000_ls040_le060,lm040_ls040_le020,0,0.8488148575716874
6,rough_seed_25,rough_seed_20,0.01953139358482082,wm020_ws040_we040,lm000_ls060_le040,lm040_ls040_le020,0,0.38321354836975696
6,rough_seed_25,rough_seed_20,0.01953139358482082,wm020_ws020_we060,lm060_ls020_le020,lm040_ls040_le020,0,0.10405014457053319
6,rough_seed_25,rough_seed_20,0.01953139358482082,wm020_ws000_we080,lm060_ls020_le020,lm100_ls000_le000,0,0.14281508471862317
6,rough_seed_25,rough_seed_20,0.01953139358482082,wm000_ws100_we000,lm000_ls000_le100,lm060_ls000_le040,0,0.9485873613742603
6,rough_seed_25,rough_seed_20,0.01953139358482082,wm000_ws080_we020,lm000_ls040_le060,lm060_ls000_le040,0,1.1736860267869018
6,rough_seed_25,rough_seed_20,0.01953139358482082,wm000_ws060_we040,lm000_ls040_le060,lm040_ls040_le020,0,0.8491835271066763
6,rough_seed_25,rough_seed_20,0.01953139358482082,wm000_ws040_we060,lm080_ls000_le020,lm040_ls040_le020,0,0.05253391610729738
6,rough_seed_25,rough_seed_20,0.01953139358482082,wm000_ws020_we080,lm060_ls020_le020,lm040_ls040_le020,0,0.14068046688557378
6,rough_seed_25,rough_seed_20,0.01953139358482082,wm000_ws000_we100,lm060_ls020_le020,lm020_ls000_le080,0,0.2570702497602311
6,rough_seed_25,rough_seed_20,0.01953139358482082,balanced,lm000_ls060_le040,lm040_ls040_le020,0,0.3195472356950745
6,rough_seed_25,rough_seed_20,0.01953139358482082,motion,lm080_ls000_le020,lm080_ls000_le020,1,0.0
6,rough_seed_25,rough_seed_20,0.01953139358482082,stability,lm000_ls040_le060,lm060_ls000_le040,0,1.0469966628044642
6,rough_seed_25,rough_seed_20,0.01953139358482082,energy,lm060_ls020_le020,lm040_ls040_le020,0,0.12298050130616693
6,rough_seed_12,rough_seed_25,0.02501826515677214,wm100_ws000_we000,lm100_ls000_le000,lm100_ls000_le000,1,0.0
6,rough_seed_12,rough_seed_25,0.02501826515677214,wm080_ws020_we000,lm080_ls000_le020,lm100_ls000_le000,0,0.5278478672250952
6,rough_seed_12,rough_seed_25,0.02501826515677214,wm080_ws000_we020,lm100_ls000_le000,lm100_ls000_le000,1,0.0
6,rough_seed_12,rough_seed_25,0.02501826515677214,wm060_ws040_we000,lm040_ls040_le020,lm100_ls000_le000,0,0.20199999999999996
6,rough_seed_12,rough_seed_25,0.02501826515677214,wm060_ws020_we020,lm080_ls000_le020,lm100_ls000_le000,0,0.3478365516236444
6,rough_seed_12,rough_seed_25,0.02501826515677214,wm060_ws000_we040,lm100_ls000_le000,lm100_ls000_le000,1,0.0
6,rough_seed_12,rough_seed_25,0.02501826515677214,wm040_ws060_we000,lm040_ls020_le040,lm040_ls040_le020,0,0.4109815882915101
6,rough_seed_12,rough_seed_25,0.02501826515677214,wm040_ws040_we020,lm040_ls040_le020,lm080_ls000_le020,0,0.03568106681389477
6,rough_seed_12,rough_seed_25,0.02501826515677214,wm040_ws020_we040,lm080_ls000_le020,lm100_ls000_le000,0,0.20740678928664796
6,rough_seed_12,rough_seed_25,0.02501826515677214,wm040_ws000_we060,lm100_ls000_le000,lm100_ls000_le000,1,0.0
6,rough_seed_12,rough_seed_25,0.02501826515677214,wm020_ws080_we000,lm060_ls000_le040,lm040_ls040_le020,0,0.6852379002921356
6,rough_seed_12,rough_seed_25,0.02501826515677214,wm020_ws060_we020,lm040_ls040_le020,lm040_ls040_le020,1,0.0
6,rough_seed_12,rough_seed_25,0.02501826515677214,wm020_ws040_we040,lm040_ls040_le020,lm040_ls040_le020,1,0.0
6,rough_seed_12,rough_seed_25,0.02501826515677214,wm020_ws020_we060,lm040_ls040_le020,lm100_ls000_le000,0,0.22766170783393497
6,rough_seed_12,rough_seed_25,0.02501826515677214,wm020_ws000_we080,lm100_ls000_le000,lm100_ls000_le000,1,0.0
6,rough_seed_12,rough_seed_25,0.02501826515677214,wm000_ws100_we000,lm060_ls000_le040,lm040_ls040_le020,0,1.1046312772819786
6,rough_seed_12,rough_seed_25,0.02501826515677214,wm000_ws080_we020,lm060_ls000_le040,lm040_ls040_le020,0,0.7439415558642656
6,rough_seed_12,rough_seed_25,0.02501826515677214,wm000_ws060_we040,lm040_ls040_le020,lm040_ls040_le020,1,0.0
6,rough_seed_12,rough_seed_25,0.02501826515677214,wm000_ws040_we060,lm040_ls040_le020,lm100_ls000_le000,0,0.023661707833934953
6,rough_seed_12,rough_seed_25,0.02501826515677214,wm000_ws020_we080,lm040_ls040_le020,lm100_ls000_le000,0,0.3682156104452466
6,rough_seed_12,rough_seed_25,0.02501826515677214,wm000_ws000_we100,lm020_ls000_le080,lm100_ls000_le000,0,1.5574969709740396
6,rough_seed_12,rough_seed_25,0.02501826515677214,balanced,lm040_ls040_le020,lm100_ls000_le000,0,0.0023523746305496585
6,rough_seed_12,rough_seed_25,0.02501826515677214,motion,lm080_ls000_le020,lm100_ls000_le000,0,0.4883915582195467
6,rough_seed_12,rough_seed_25,0.02501826515677214,stability,lm060_ls000_le040,lm040_ls040_le020,0,0.6254258118510478
6,rough_seed_12,rough_seed_25,0.02501826515677214,energy,lm040_ls040_le020,lm100_ls000_le000,0,0.34893865913959077
6,rough_seed_6,rough_seed_8,0.025212388046432558,wm100_ws000_we000,lm080_ls020_le000,lm080_ls020_le000,1,0.0
6,rough_seed_6,rough_seed_8,0.025212388046432558,wm080_ws020_we000,lm080_ls020_le000,lm020_ls080_le000,0,0.08433093818259978
6,rough_seed_6,rough_seed_8,0.025212388046432558,wm080_ws000_we020,lm100_ls000_le000,lm100_ls000_le000,1,0.0
6,rough_seed_6,rough_seed_8,0.025212388046432558,wm060_ws040_we000,lm080_ls020_le000,lm000_ls080_le020,0,0.20886232824232728
6,rough_seed_6,rough_seed_8,0.025212388046432558,wm060_ws020_we020,lm080_ls020_le000,lm020_ls080_le000,0,0.08520084321564392
6,rough_seed_6,rough_seed_8,0.025212388046432558,wm060_ws000_we040,lm100_ls000_le000,lm100_ls000_le000,1,0.0
6,rough_seed_6,rough_seed_8,0.025212388046432558,wm040_ws060_we000,lm080_ls020_le000,lm040_ls020_le040,0,0.3766350118542
6,rough_seed_6,rough_seed_8,0.025212388046432558,wm040_ws040_we020,lm080_ls020_le000,lm000_ls080_le020,0,0.23504698157335807
6,rough_seed_6,rough_seed_8,0.025212388046432558,wm040_ws020_we040,lm100_ls000_le000,lm020_ls080_le000,0,0.052026991646858145
6,rough_seed_6,rough_seed_8,0.025212388046432558,wm040_ws000_we060,lm100_ls000_le000,lm100_ls000_le000,1,0.0
6,rough_seed_6,rough_seed_8,0.025212388046432558,wm020_ws080_we000,lm080_ls020_le000,lm020_ls040_le040,0,0.6870138134016378
6,rough_seed_6,rough_seed_8,0.025212388046432558,wm020_ws060_we020,lm080_ls020_le000,lm000_ls060_le040,0,0.4828301378818823
6,rough_seed_6,rough_seed_8,0.025212388046432558,wm020_ws040_we040,lm040_ls060_le000,lm000_ls080_le020,0,0.1554434681994197
6,rough_seed_6,rough_seed_8,0.025212388046432558,wm020_ws020_we060,lm040_ls060_le000,lm020_ls080_le000,0,0.04295936997090953
6,rough_seed_6,rough_seed_8,0.025212388046432558,wm020_ws000_we080,lm040_ls060_le000,lm100_ls000_le000,0,0.09365597498634946
6,rough_seed_6,rough_seed_8,0.025212388046432558,wm000_ws100_we000,lm080_ls020_le000,lm040_ls000_le060,0,1.01
6,rough_seed_6,rough_seed_8,0.025212388046432558,wm000_ws080_we020,lm080_ls020_le000,lm040_ls000_le060,0,0.7100517199364809
6,rough_seed_6,rough_seed_8,0.025212388046432558,wm000_ws060_we040,lm080_ls020_le000,lm040_ls000_le060,0,0.4101034398729618
6,rough_seed_6,rough_seed_8,0.025212388046432558,wm000_ws040_we060,lm040_ls060_le000,lm000_ls080_le020,0,0.15575779108752896
6,rough_seed_6,rough_seed_8,0.025212388046432558,wm000_ws020_we080,lm040_ls060_le000,lm020_ls080_le000,0,0.003516272143646665
6,rough_seed_6,rough_seed_8,0.025212388046432558,wm000_ws000_we100,lm040_ls060_le000,lm100_ls000_le000,0,0.12180385225250068
6,rough_seed_6,rough_seed_8,0.025212388046432558,balanced,lm080_ls020_le000,lm000_ls080_le020,0,0.19646303752110775
6,rough_seed_6,rough_seed_8,0.025212388046432558,motion,lm080_ls020_le000,lm020_ls080_le000,0,0.06378750170648817
6,rough_seed_6,rough_seed_8,0.025212388046432558,stability,lm080_ls020_le000,lm000_ls060_le040,0,0.6144933657514767
6,rough_seed_6,rough_seed_8,0.025212388046432558,energy,lm040_ls060_le000,lm040_ls060_le000,1,0.0
6,rough_seed_29,rough_seed_0,0.03493781455544137,wm100_ws000_we000,lm080_ls020_le000,lm100_ls000_le000,0,0.4081617903513611
6,rough_seed_29,rough_seed_0,0.03493781455544137,wm080_ws020_we000,lm100_ls000_le000,lm100_ls000_le000,1,0.0
6,rough_seed_29,rough_seed_0,0.03493781455544137,wm080_ws000_we020,lm060_ls040_le000,lm060_ls040_le000,1,0.0
6,rough_seed_29,rough_seed_0,0.03493781455544137,wm060_ws040_we000,lm100_ls000_le000,lm060_ls040_le000,0,0.17004765852338252
6,rough_seed_29,rough_seed_0,0.03493781455544137,wm060_ws020_we020,lm100_ls000_le000,lm060_ls040_le000,0,0.09047830607175009
6,rough_seed_29,rough_seed_0,0.03493781455544137,wm060_ws000_we040,lm060_ls040_le000,lm060_ls040_le000,1,0.0
6,rough_seed_29,rough_seed_0,0.03493781455544137,wm040_ws060_we000,lm060_ls000_le040,lm040_ls060_le000,0,0.9776530142173523
6,rough_seed_29,rough_seed_0,0.03493781455544137,wm040_ws040_we020,lm100_ls000_le000,lm040_ls060_le000,0,0.19166732824772015
6,rough_seed_29,rough_seed_0,0.03493781455544137,wm040_ws020_we040,lm100_ls000_le000,lm060_ls040_le000,0,0.26325953370435146
6,rough_seed_29,rough_seed_0,0.03493781455544137,wm040_ws000_we060,lm100_ls000_le000,lm080_ls020_le000,0,0.44113512290853335
6,rough_seed_29,rough_seed_0,0.03493781455544137,wm020_ws080_we000,lm060_ls000_le040,lm080_ls020_le000,0,1.4026255381754607
6,rough_seed_29,rough_seed_0,0.03493781455544137,wm020_ws060_we020,lm000_ls060_le040,lm080_ls020_le000,0,0.753726533728449
6,rough_seed_29,rough_seed_0,0.03493781455544137,wm020_ws040_we040,lm000_ls040_le060,lm080_ls020_le000,0,0.9289549773835959
6,rough_seed_29,rough_seed_0,0.03493781455544137,wm020_ws020_we060,lm100_ls000_le000,lm080_ls020_le000,0,0.44497537759300243
6,rough_seed_29,rough_seed_0,0.03493781455544137,wm020_ws000_we080,lm100_ls000_le000,lm080_ls000_le020,0,0.7157867109914122
6,rough_seed_29,rough_seed_0,0.03493781455544137,wm000_ws100_we000,lm000_ls040_le060,lm080_ls020_le000,0,2.2278633803499814
6,rough_seed_29,rough_seed_0,0.03493781455544137,wm000_ws080_we020,lm000_ls040_le060,lm080_ls020_le000,0,1.7334911394185637
6,rough_seed_29,rough_seed_0,0.03493781455544137,wm000_ws060_we040,lm000_ls040_le060,lm080_ls020_le000,0,1.2391188984871457
6,rough_seed_29,rough_seed_0,0.03493781455544137,wm000_ws040_we060,lm100_ls000_le000,lm080_ls020_le000,0,0.44718349356717213
6,rough_seed_29,rough_seed_0,0.03493781455544137,wm000_ws020_we080,lm100_ls000_le000,lm040_ls040_le020,0,0.6332431987151041
6,rough_seed_29,rough_seed_0,0.03493781455544137,wm000_ws000_we100,lm100_ls000_le000,lm080_ls000_le020,0,1.01
6,rough_seed_29,rough_seed_0,0.03493781455544137,balanced,lm100_ls000_le000,lm060_ls040_le000,0,0.22013033405235882
6,rough_seed_29,rough_seed_0,0.03493781455544137,motion,lm100_ls000_le000,lm060_ls040_le000,0,0.021308297543392918
6,rough_seed_29,rough_seed_0,0.03493781455544137,stability,lm000_ls060_le040,lm080_ls020_le000,0,0.9105330537299318
6,rough_seed_29,rough_seed_0,0.03493781455544137,energy,lm100_ls000_le000,lm080_ls000_le020,0,0.5558651539577645
6,rough_seed_18,rough_seed_6,0.02793929865853388,wm100_ws000_we000,lm080_ls020_le000,lm000_ls100_le000,0,0.8004797674529002
6,rough_seed_18,rough_seed_6,0.02793929865853388,wm080_ws020_we000,lm020_ls080_le000,lm000_ls100_le000,0,0.5277282831115051
6,rough_seed_18,rough_seed_6,0.02793929865853388,wm080_ws000_we020,lm100_ls000_le000,lm000_ls100_le000,0,0.5343276184312944
6,rough_seed_18,rough_seed_6,0.02793929865853388,wm060_ws040_we000,lm000_ls080_le020,lm000_ls100_le000,0,0.22403120929439557
6,rough_seed_18,rough_seed_6,0.02793929865853388,wm060_ws020_we020,lm020_ls080_le000,lm000_ls100_le000,0,0.5279861321334463
6,rough_seed_18,rough_seed_6,0.02793929865853388,wm060_ws000_we040,lm100_ls000_le000,lm000_ls100_le000,0,0.9074544984912123
6,rough_seed_18,rough_seed_6,0.02793929865853388,wm040_ws060_we000,lm040_ls020_le040,lm040_ls040_le020,0,22.717147952356118
6,rough_seed_18,rough_seed_6,0.02793929865853388,wm040_ws040_we020,lm000_ls080_le020,lm000_ls100_le000,0,0.018261422436187058
6,rough_seed_18,rough_seed_6,0.02793929865853388,wm040_ws020_we040,lm020_ls080_le000,lm000_ls100_le000,0,0.5282439811553874
6,rough_seed_18,rough_seed_6,0.02793929865853388,wm040_ws000_we060,lm100_ls000_le000,lm000_ls100_le000,0,1.357902943606415
6,rough_seed_18,rough_seed_6,0.02793929865853388,wm020_ws080_we000,lm020_ls040_le040,lm040_ls040_le020,0,16.55491725980749
6,rough_seed_18,rough_seed_6,0.02793929865853388,wm020_ws060_we020,lm000_ls060_le040,lm040_ls040_le020,0,16.34720211333811
6,rough_seed_18,rough_seed_6,0.02793929865853388,wm020_ws040_we040,lm000_ls080_le020,lm000_ls100_le000,0,0.13128462811020114
6,rough_seed_18,rough_seed_6,0.02793929865853388,wm020_ws020_we060,lm020_ls080_le000,lm000_ls100_le000,0,0.5285018301773288
6,rough_seed_18,rough_seed_6,0.02793929865853388,wm020_ws000_we080,lm100_ls000_le000,lm000_ls100_le000,0,1.8083513887216176
6,rough_seed_18,rough_seed_6,0.02793929865853388,wm000_ws100_we000,lm040_ls000_le060,lm040_ls040_le020,0,34.145336136065595
6,rough_seed_18,rough_seed_6,0.02793929865853388,wm000_ws080_we020,lm040_ls000_le060,lm040_ls040_le020,0,27.129937281911605
6,rough_seed_18,rough_seed_6,0.02793929865853388,wm000_ws060_we040,lm040_ls000_le060,lm040_ls040_le020,0,20.114538427757616
6,rough_seed_18,rough_seed_6,0.02793929865853388,wm000_ws040_we060,lm000_ls080_le020,lm000_ls100_le000,0,0.3944094745641781
6,rough_seed_18,rough_seed_6,0.02793929865853388,wm000_ws020_we080,lm020_ls080_le000,lm000_ls100_le000,0,0.5287596791992699
6,rough_seed_18,rough_seed_6,0.02793929865853388,wm000_ws000_we100,lm100_ls000_le000,lm000_ls100_le000,0,2.2587998338368203
6,rough_seed_18,rough_seed_6,0.02793929865853388,balanced,lm000_ls080_le020,lm000_ls100_le000,0,0.11112329085320133
6,rough_seed_18,rough_seed_6,0.02793929865853388,motion,lm020_ls080_le000,lm000_ls100_le000,0,0.39632198195516743
6,rough_seed_18,rough_seed_6,0.02793929865853388,stability,lm000_ls060_le040,lm040_ls040_le020,0,19.14409269441434
6,rough_seed_18,rough_seed_6,0.02793929865853388,energy,lm040_ls060_le000,lm000_ls100_le000,0,0.8617983790568793
6,rough_seed_10,rough_seed_28,0.03337911746914439,wm100_ws000_we000,lm100_ls000_le000,lm060_ls040_le000,0,0.010046092519815277
6,rough_seed_10,rough_seed_28,0.03337911746914439,wm080_ws020_we000,lm060_ls040_le000,lm080_ls020_le000,0,0.11265663854560057
6,rough_seed_10,rough_seed_28,0.03337911746914439,wm080_ws000_we020,lm040_ls060_le000,lm100_ls000_le000,0,0.12279260475765097
6,rough_seed_10,rough_seed_28,0.03337911746914439,wm060_ws040_we000,lm000_ls100_le000,lm080_ls000_le020,0,0.2787847768600343
6,rough_seed_10,rough_seed_28,0.03337911746914439,wm060_ws020_we020,lm040_ls060_le000,lm080_ls020_le000,0,0.11589332092874853
6,rough_seed_10,rough_seed_28,0.03337911746914439,wm060_ws000_we040,lm000_ls100_le000,lm080_ls020_le000,0,0.36901968018537257
6,rough_seed_10,rough_seed_28,0.03337911746914439,wm040_ws060_we000,lm000_ls100_le000,lm020_ls040_le040,0,0.47559469995267134
6,rough_seed_10,rough_seed_28,0.03337911746914439,wm040_ws040_we020,lm000_ls100_le000,lm060_ls020_le020,0,0.3055700173142297
6,rough_seed_10,rough_seed_28,0.03337911746914439,wm040_ws020_we040,lm000_ls100_le000,lm080_ls020_le000,0,0.3165721132890958
6,rough_seed_10,rough_seed_28,0.03337911746914439,wm040_ws000_we060,lm000_ls100_le000,lm080_ls020_le000,0,0.5820551642298637
6,rough_seed_10,rough_seed_28,0.03337911746914439,wm020_ws080_we000,lm000_ls100_le000,lm040_ls000_le060,0,0.6966088269732125
6,rough_seed_10,rough_seed_28,0.03337911746914439,wm020_ws060_we020,lm000_ls100_le000,lm040_ls000_le060,0,0.5231569281928876
6,rough_seed_10,rough_seed_28,0.03337911746914439,wm020_ws040_we040,lm000_ls100_le000,lm060_ls020_le020,0,0.3076790575052877
6,rough_seed_10,rough_seed_28,0.03337911746914439,wm020_ws020_we060,lm000_ls100_le000,lm060_ls020_le020,0,0.5267982700790274
6,rough_seed_10,rough_seed_28,0.03337911746914439,wm020_ws000_we080,lm000_ls100_le000,lm080_ls020_le000,0,0.7950906482743548
6,rough_seed_10,rough_seed_28,0.03337911746914439,wm000_ws100_we000,lm000_ls100_le000,lm000_ls000_le100,0,1.062623275136013
6,rough_seed_10,rough_seed_28,0.03337911746914439,wm000_ws080_we020,lm000_ls100_le000,lm040_ls000_le060,0,0.698264549134874
6,rough_seed_10,rough_seed_28,0.03337911746914439,wm000_ws060_we040,lm000_ls100_le000,lm020_ls040_le040,0,0.4795069203355542
6,rough_seed_10,rough_seed_28,0.03337911746914439,wm000_ws040_we060,lm000_ls100_le000,lm060_ls020_le020,0,0.48783400793090237
6,rough_seed_10,rough_seed_28,0.03337911746914439,wm000_ws020_we080,lm000_ls080_le020,lm080_ls020_le000,0,0.6420319133760657
6,rough_seed_10,rough_seed_28,0.03337911746914439,wm000_ws000_we100,lm000_ls080_le020,lm080_ls020_le000,0,0.9128057092831403
6,rough_seed_10,rough_seed_28,0.03337911746914439,balanced,lm000_ls100_le000,lm060_ls020_le020,0,0.2560874033297659
6,rough_seed_10,rough_seed_28,0.03337911746914439,motion,lm060_ls040_le000,lm080_ls020_le000,0,0.08533933379246236
6,rough_seed_10,rough_seed_28,0.03337911746914439,stability,lm000_ls100_le000,lm040_ls000_le060,0,0.6102968081234654
6,rough_seed_10,rough_seed_28,0.03337911746914439,energy,lm000_ls100_le000,lm080_ls020_le000,0,0.6406411529651291
6,rough_seed_8,rough_seed_6,0.025212388046432558,wm100_ws000_we000,lm080_ls020_le000,lm080_ls020_le000,1,0.0
6,rough_seed_8,rough_seed_6,0.025212388046432558,wm080_ws020_we000,lm020_ls080_le000,lm080_ls020_le000,0,0.8302061120651932
6,rough_seed_8,rough_seed_6,0.025212388046432558,wm080_ws000_we020,lm100_ls000_le000,lm100_ls000_le000,1,0.0
6,rough_seed_8,rough_seed_6,0.025212388046432558,wm060_ws040_we000,lm000_ls080_le020,lm080_ls020_le000,0,1.9785681391454277
6,rough_seed_8,rough_seed_6,0.025212388046432558,wm060_ws020_we020,lm020_ls080_le000,lm080_ls020_le000,0,0.42327518563251504
6,rough_seed_8,rough_seed_6,0.025212388046432558,wm060_ws000_we040,lm100_ls000_le000,lm100_ls000_le000,1,0.0
6,rough_seed_8,rough_seed_6,0.025212388046432558,wm040_ws060_we000,lm040_ls020_le040,lm080_ls020_le000,0,1.3848027241547363
6,rough_seed_8,rough_seed_6,0.025212388046432558,wm040_ws040_we020,lm000_ls080_le020,lm080_ls020_le000,0,1.1200659528391723
6,rough_seed_8,rough_seed_6,0.025212388046432558,wm040_ws020_we040,lm020_ls080_le000,lm100_ls000_le000,0,0.329455178548401
6,rough_seed_8,rough_seed_6,0.025212388046432558,wm040_ws000_we060,lm100_ls000_le000,lm100_ls000_le000,1,0.0
6,rough_seed_8,rough_seed_6,0.025212388046432558,wm020_ws080_we000,lm020_ls040_le040,lm080_ls020_le000,0,0.7721078818918125
6,rough_seed_8,rough_seed_6,0.025212388046432558,wm020_ws060_we020,lm000_ls060_le040,lm080_ls020_le000,0,0.6490454745598804
6,rough_seed_8,rough_seed_6,0.025212388046432558,wm020_ws040_we040,lm000_ls080_le020,lm040_ls060_le000,0,0.3832764477468776
6,rough_seed_8,rough_seed_6,0.025212388046432558,wm020_ws020_we060,lm020_ls080_le000,lm040_ls060_le000,0,0.5926511228496221
6,rough_seed_8,rough_seed_6,0.025212388046432558,wm020_ws000_we080,lm100_ls000_le000,lm040_ls060_le000,0,0.004904601875305503
6,rough_seed_8,rough_seed_6,0.025212388046432558,wm000_ws100_we000,lm040_ls000_le060,lm080_ls020_le000,0,0.7343076393027654
6,rough_seed_8,rough_seed_6,0.025212388046432558,wm000_ws080_we020,lm040_ls000_le060,lm080_ls020_le000,0,0.6545071446001369
6,rough_seed_8,rough_seed_6,0.025212388046432558,wm000_ws060_we040,lm040_ls000_le060,lm080_ls020_le000,0,1.3017439165339102
6,rough_seed_8,rough_seed_6,0.025212388046432558,wm000_ws040_we060,lm000_ls080_le020,lm040_ls060_le000,0,0.3806784625270521
6,rough_seed_8,rough_seed_6,0.025212388046432558,wm000_ws020_we080,lm020_ls080_le000,lm040_ls060_le000,0,0.9185010396698008
6,rough_seed_8,rough_seed_6,0.025212388046432558,wm000_ws000_we100,lm100_ls000_le000,lm040_ls060_le000,0,0.2580335178854549
6,rough_seed_8,rough_seed_6,0.025212388046432558,balanced,lm000_ls080_le020,lm080_ls020_le000,0,0.7668658057023279
6,rough_seed_8,rough_seed_6,0.025212388046432558,motion,lm020_ls080_le000,lm080_ls020_le000,0,0.5768955544300101
6,rough_seed_8,rough_seed_6,0.025212388046432558,stability,lm000_ls060_le040,lm080_ls020_le000,0,0.4884262850148221
6,rough_seed_8,rough_seed_6,0.025212388046432558,energy,lm040_ls060_le000,lm040_ls060_le000,1,0.0
6,rough_seed_22,rough_seed_20,0.024637895845316924,wm100_ws000_we000,lm100_ls000_le000,lm100_ls000_le000,1,0.0
6,rough_seed_22,rough_seed_20,0.024637895845316924,wm080_ws020_we000,lm080_ls000_le020,lm080_ls020_le000,0,0.04700521521449208
6,rough_seed_22,rough_seed_20,0.024637895845316924,wm080_ws000_we020,lm060_ls020_le020,lm080_ls020_le000,0,0.06878281597550367
6,rough_seed_22,rough_seed_20,0.024637895845316924,wm060_ws040_we000,lm000_ls060_le040,lm080_ls000_le020,0,0.4197103922810418
6,rough_seed_22,rough_seed_20,0.024637895845316924,wm060_ws020_we020,lm080_ls000_le020,lm080_ls000_le020,1,0.0
6,rough_seed_22,rough_seed_20,0.024637895845316924,wm060_ws000_we040,lm060_ls020_le020,lm040_ls040_le020,0,0.09172342507914594
6,rough_seed_22,rough_seed_20,0.024637895845316924,wm040_ws060_we000,lm060_ls000_le040,lm040_ls040_le020,0,0.2269874009003014
6,rough_seed_22,rough_seed_20,0.024637895845316924,wm040_ws040_we020,lm040_ls020_le040,lm040_ls040_le020,0,0.19267165723668428
6,rough_seed_22,rough_seed_20,0.024637895845316924,wm040_ws020_we040,lm060_ls020_le020,lm040_ls040_le020,0,0.17154428895773458
6,rough_seed_22,rough_seed_20,0.024637895845316924,wm040_ws000_we060,lm060_ls020_le020,lm040_ls040_le020,0,0.256984051993705
6,rough_seed_22,rough_seed_20,0.024637895845316924,wm020_ws080_we000,lm020_ls020_le060,lm040_ls020_le040,0,0.1216708468231667
6,rough_seed_22,rough_seed_20,0.024637895845316924,wm020_ws060_we020,lm000_ls040_le060,lm040_ls020_le040,0,0.1323276396584846
6,rough_seed_22,rough_seed_20,0.024637895845316924,wm020_ws040_we040,lm000_ls060_le040,lm040_ls020_le040,0,0.030997998752763295
6,rough_seed_22,rough_seed_20,0.024637895845316924,wm020_ws020_we060,lm060_ls020_le020,lm040_ls020_le040,0,0.4068516977402114
6,rough_seed_22,rough_seed_20,0.024637895845316924,wm020_ws000_we080,lm060_ls020_le020,lm040_ls020_le040,0,0.607726521749659
6,rough_seed_22,rough_seed_20,0.024637895845316924,wm000_ws100_we000,lm000_ls000_le100,lm040_ls020_le040,0,0.29575601260210443
6,rough_seed_22,rough_seed_20,0.024637895845316924,wm000_ws080_we020,lm000_ls040_le060,lm040_ls020_le040,0,0.23157034899308748
6,rough_seed_22,rough_seed_20,0.024637895845316924,wm000_ws060_we040,lm000_ls040_le060,lm040_ls020_le040,0,0.46085473905892016
6,rough_seed_22,rough_seed_20,0.024637895845316924,wm000_ws040_we060,lm080_ls000_le020,lm040_ls020_le040,0,0.5743007158726567
6,rough_seed_22,rough_seed_20,0.024637895845316924,wm000_ws020_we080,lm060_ls020_le020,lm040_ls020_le040,0,0.810454756437447
6,rough_seed_22,rough_seed_20,0.024637895845316924,wm000_ws000_we100,lm060_ls020_le020,lm040_ls020_le040,0,1.0113295804468945
6,rough_seed_22,rough_seed_20,0.024637895845316924,balanced,lm000_ls060_le040,lm040_ls040_le020,0,0.1894274549107057
6,rough_seed_22,rough_seed_20,0.024637895845316924,motion,lm080_ls000_le020,lm080_ls020_le000,0,0.06517657456595652
6,rough_seed_22,rough_seed_20,0.024637895845316924,stability,lm000_ls040_le060,lm040_ls020_le040,0,0.09981721947567715
6,rough_seed_22,rough_seed_20,0.024637895845316924,energy,lm060_ls020_le020,lm040_ls020_le040,0,0.5579711684168822
6,rough_seed_20,rough_seed_25,0.01953139358482082,wm100_ws000_we000,lm100_ls000_le000,lm100_ls000_le000,1,0.0
6,rough_seed_20,rough_seed_25,0.01953139358482082,wm080_ws020_we000,lm080_ls000_le020,lm080_ls000_le020,1,0.0
6,rough_seed_20,rough_seed_25,0.01953139358482082,wm080_ws000_we020,lm100_ls000_le000,lm060_ls020_le020,0,0.08495451774536235
6,rough_seed_20,rough_seed_25,0.01953139358482082,wm060_ws040_we000,lm040_ls040_le020,lm000_ls060_le040,0,0.11487882836637112
6,rough_seed_20,rough_seed_25,0.01953139358482082,wm060_ws020_we020,lm080_ls000_le020,lm080_ls000_le020,1,0.0
6,rough_seed_20,rough_seed_25,0.01953139358482082,wm060_ws000_we040,lm100_ls000_le000,lm060_ls020_le020,0,0.3162158883090218
6,rough_seed_20,rough_seed_25,0.01953139358482082,wm040_ws060_we000,lm040_ls020_le040,lm060_ls000_le040,0,0.03148528699412545
6,rough_seed_20,rough_seed_25,0.01953139358482082,wm040_ws040_we020,lm040_ls040_le020,lm040_ls020_le040,0,0.18174431612879158
6,rough_seed_20,rough_seed_25,0.01953139358482082,wm040_ws020_we040,lm080_ls000_le020,lm060_ls020_le020,0,0.01572903633999803
6,rough_seed_20,rough_seed_25,0.01953139358482082,wm040_ws000_we060,lm100_ls000_le000,lm060_ls020_le020,0,0.5474772588726812
6,rough_seed_20,rough_seed_25,0.01953139358482082,wm020_ws080_we000,lm060_ls000_le040,lm020_ls020_le060,0,0.11161337264068148
6,rough_seed_20,rough_seed_25,0.01953139358482082,wm020_ws060_we020,lm040_ls040_le020,lm000_ls040_le060,0,0.4067354300547983
6,rough_seed_20,rough_seed_25,0.01953139358482082,wm020_ws040_we040,lm040_ls040_le020,lm000_ls060_le040,0,0.16354547967037403
6,rough_seed_20,rough_seed_25,0.01953139358482082,wm020_ws020_we060,lm040_ls040_le020,lm060_ls020_le020,0,0.44109334615686435
6,rough_seed_20,rough_seed_25,0.01953139358482082,wm020_ws000_we080,lm100_ls000_le000,lm060_ls020_le020,0,0.7787386294363406
6,rough_seed_20,rough_seed_25,0.01953139358482082,wm000_ws100_we000,lm060_ls000_le040,lm000_ls000_le100,0,0.27980750689581974
6,rough_seed_20,rough_seed_25,0.01953139358482082,wm000_ws080_we020,lm060_ls000_le040,lm000_ls040_le060,0,0.09354332515700328
6,rough_seed_20,rough_seed_25,0.01953139358482082,wm000_ws060_we040,lm040_ls040_le020,lm000_ls040_le060,0,0.27809318265438393
6,rough_seed_20,rough_seed_25,0.01953139358482082,wm000_ws040_we060,lm040_ls040_le020,lm080_ls000_le020,0,0.30996849466512294
6,rough_seed_20,rough_seed_25,0.01953139358482082,wm000_ws020_we080,lm040_ls040_le020,lm060_ls020_le020,0,0.6364289089712019
6,rough_seed_20,rough_seed_25,0.01953139358482082,wm000_ws000_we100,lm020_ls000_le080,lm060_ls020_le020,0,1.502515561344162
6,rough_seed_20,rough_seed_25,0.01953139358482082,balanced,lm040_ls040_le020,lm000_ls060_le040,0,0.13589150167133868
6,rough_seed_20,rough_seed_25,0.01953139358482082,motion,lm080_ls000_le020,lm080_ls000_le020,1,0.0
6,rough_seed_20,rough_seed_25,0.01953139358482082,stability,lm060_ls000_le040,lm000_ls040_le060,0,0.09788404395344312
6,rough_seed_20,rough_seed_25,0.01953139358482082,energy,lm040_ls040_le020,lm060_ls020_le020,0,0.5750318193644894
6,rough_seed_28,rough_seed_20,0.02723281251658232,wm100_ws000_we000,lm100_ls000_le000,lm100_ls000_le000,1,0.0
6,rough_seed_28,rough_seed_20,0.02723281251658232,wm080_ws020_we000,lm080_ls000_le020,lm060_ls040_le000,0,0.6919978426353313
6,rough_seed_28,rough_seed_20,0.02723281251658232,wm080_ws000_we020,lm060_ls020_le020,lm040_ls060_le000,0,0.641907278239384
6,rough_seed_28,rough_seed_20,0.02723281251658232,wm060_ws040_we000,lm000_ls060_le040,lm000_ls100_le000,0,1.5048428978289932
6,rough_seed_28,rough_seed_20,0.02723281251658232,wm060_ws020_we020,lm080_ls000_le020,lm040_ls060_le000,0,0.5665814984414934
6,rough_seed_28,rough_seed_20,0.02723281251658232,wm060_ws000_we040,lm060_ls020_le020,lm000_ls100_le000,0,1.1463681677024895
6,rough_seed_28,rough_seed_20,0.02723281251658232,wm040_ws060_we000,lm060_ls000_le040,lm000_ls100_le000,0,2.214121580790592
6,rough_seed_28,rough_seed_20,0.02723281251658232,wm040_ws040_we020,lm040_ls020_le040,lm000_ls100_le000,0,1.245568525128411
6,rough_seed_28,rough_seed_20,0.02723281251658232,wm040_ws020_we040,lm060_ls020_le020,lm000_ls100_le000,0,1.1939000987844488
6,rough_seed_28,rough_seed_20,0.02723281251658232,wm040_ws000_we060,lm060_ls020_le020,lm000_ls100_le000,0,1.8338870568131007
6,rough_seed_28,rough_seed_20,0.02723281251658232,wm020_ws080_we000,lm020_ls020_le060,lm000_ls100_le000,0,4.1211140931308
6,rough_seed_28,rough_seed_20,0.02723281251658232,wm020_ws060_we020,lm000_ls040_le060,lm000_ls100_le000,0,2.659839377215542
6,rough_seed_28,rough_seed_20,0.02723281251658232,wm020_ws040_we040,lm000_ls060_le040,lm000_ls100_le000,0,1.6004281506512443
6,rough_seed_28,rough_seed_20,0.02723281251658232,wm020_ws020_we060,lm060_ls020_le020,lm000_ls100_le000,0,1.8666165403537136
6,rough_seed_28,rough_seed_20,0.02723281251658232,wm020_ws000_we080,lm060_ls020_le020,lm000_ls100_le000,0,2.4859435612783702
6,rough_seed_28,rough_seed_20,0.02723281251658232,wm000_ws100_we000,lm000_ls000_le100,lm000_ls100_le000,0,9.935767327926113
6,rough_seed_28,rough_seed_20,0.02723281251658232,wm000_ws080_we020,lm000_ls040_le060,lm000_ls100_le000,0,3.581226101662601
6,rough_seed_28,rough_seed_20,0.02723281251658232,wm000_ws060_we040,lm000_ls040_le060,lm000_ls100_le000,0,2.668860229370779
6,rough_seed_28,rough_seed_20,0.02723281251658232,wm000_ws040_we060,lm080_ls000_le020,lm000_ls100_le000,0,2.0321734012945702
6,rough_seed_28,rough_seed_20,0.02723281251658232,wm000_ws020_we080,lm060_ls020_le020,lm000_ls080_le020,0,2.5139786398249133
6,rough_seed_28,rough_seed_20,0.02723281251658232,wm000_ws000_we100,lm060_ls020_le020,lm000_ls080_le020,0,3.2099578318895237
6,rough_seed_28,rough_seed_20,0.02723281251658232,balanced,lm000_ls060_le040,lm000_ls100_le000,0,1.297026045482479
6,rough_seed_28,rough_seed_20,0.02723281251658232,motion,lm080_ls000_le020,lm060_ls040_le000,0,0.5992078595373471
6,rough_seed_28,rough_seed_20,0.02723281251658232,stability,lm000_ls040_le060,lm000_ls100_le000,0,3.118277526400263
6,rough_seed_28,rough_seed_20,0.02723281251658232,energy,lm060_ls020_le020,lm000_ls100_le000,0,2.1763686926438712
6,rough_seed_17,rough_seed_5,0.0290470879425826,wm100_ws000_we000,lm000_ls100_le000,lm060_ls040_le000,0,0.16620916889500173
6,rough_seed_17,rough_seed_5,0.0290470879425826,wm080_ws020_we000,lm020_ls060_le020,lm100_ls000_le000,0,0.45568763675561424
6,rough_seed_17,rough_seed_5,0.0290470879425826,wm080_ws000_we020,lm060_ls040_le000,lm100_ls000_le000,0,0.1472017917293572
6,rough_seed_17,rough_seed_5,0.0290470879425826,wm060_ws040_we000,lm060_ls020_le020,lm100_ls000_le000,0,0.3021017003854983
6,rough_seed_17,rough_seed_5,0.0290470879425826,wm060_ws020_we020,lm020_ls060_le020,lm100_ls000_le000,0,0.30203031404822817
6,rough_seed_17,rough_seed_5,0.0290470879425826,wm060_ws000_we040,lm080_ls020_le000,lm100_ls000_le000,0,0.23014839260193276
6,rough_seed_17,rough_seed_5,0.0290470879425826,wm040_ws060_we000,lm060_ls020_le020,lm100_ls000_le000,0,0.3584788321687353
6,rough_seed_17,rough_seed_5,0.0290470879425826,wm040_ws040_we020,lm060_ls020_le020,lm100_ls000_le000,0,0.22401693587680202
6,rough_seed_17,rough_seed_5,0.0290470879425826,wm040_ws020_we040,lm060_ls020_le020,lm100_ls000_le000,0,0.1191117190697149
6,rough_seed_17,rough_seed_5,0.0290470879425826,wm040_ws000_we060,lm000_ls080_le020,lm100_ls000_le000,0,0.0905007483239641
6,rough_seed_17,rough_seed_5,0.0290470879425826,wm020_ws080_we000,lm020_ls040_le040,lm100_ls000_le000,0,0.159176228579185
6,rough_seed_17,rough_seed_5,0.0290470879425826,wm020_ws060_we020,lm020_ls040_le040,lm100_ls000_le000,0,0.15671851831138128
6,rough_seed_17,rough_seed_5,0.0290470879425826,wm020_ws040_we040,lm000_ls040_le060,lm100_ls000_le000,0,0.865933767560186
6,rough_seed_17,rough_seed_5,0.0290470879425826,wm020_ws020_we060,lm060_ls020_le020,lm100_ls000_le000,0,0.0865956281430788
6,rough_seed_17,rough_seed_5,0.0290470879425826,wm020_ws000_we080,lm020_ls060_le020,lm020_ls060_le020,1,0.0
6,rough_seed_17,rough_seed_5,0.0290470879425826,wm000_ws100_we000,lm000_ls040_le060,lm060_ls000_le040,0,2.026374537004292
6,rough_seed_17,rough_seed_5,0.0290470879425826,wm000_ws080_we020,lm000_ls040_le060,lm100_ls000_le000,0,1.5488563947069658
6,rough_seed_17,rough_seed_5,0.0290470879425826,wm000_ws060_we040,lm000_ls040_le060,lm100_ls000_le000,0,1.1160190071895784
6,rough_seed_17,rough_seed_5,0.0290470879425826,wm000_ws040_we060,lm060_ls020_le020,lm100_ls000_le000,0,0.11465537635957276
6,rough_seed_17,rough_seed_5,0.0290470879425826,wm000_ws020_we080,lm060_ls020_le020,lm020_ls060_le020,0,0.1293110533444367
6,rough_seed_17,rough_seed_5,0.0290470879425826,wm000_ws000_we100,lm020_ls060_le020,lm020_ls060_le020,1,0.0
6,rough_seed_17,rough_seed_5,0.0290470879425826,balanced,lm060_ls020_le020,lm100_ls000_le000,0,0.14204112922934917
6,rough_seed_17,rough_seed_5,0.0290470879425826,motion,lm100_ls000_le000,lm100_ls000_le000,1,0.0
6,rough_seed_17,rough_seed_5,0.0290470879425826,stability,lm020_ls040_le040,lm100_ls000_le000,0,0.14010527791531124
6,rough_seed_17,rough_seed_5,0.0290470879425826,energy,lm060_ls020_le020,lm020_ls060_le020,0,0.13818447031194359
11,rough_seed_13,rough_seed_18,0.032919674690243976,wm100_ws000_we000,lm000_ls100_le000,lm100_ls000_le000,0,0.2552291007542472
11,rough_seed_13,rough_seed_18,0.032919674690243976,wm080_ws020_we000,lm000_ls100_le000,lm080_ls020_le000,0,0.09700151249562154
11,rough_seed_13,rough_seed_18,0.032919674690243976,wm080_ws000_we020,lm000_ls100_le000,lm080_ls020_le000,0,0.06192503757867396
11,rough_seed_13,rough_seed_18,0.032919674690243976,wm060_ws040_we000,lm000_ls100_le000,lm040_ls060_le000,0,0.02401635406050992
11,rough_seed_13,rough_seed_18,0.032919674690243976,wm060_ws020_we020,lm000_ls100_le000,lm080_ls020_le000,0,0.020318838861103
11,rough_seed_13,rough_seed_18,0.032919674690243976,wm060_ws000_we040,lm000_ls100_le000,lm020_ls060_le020,0,0.06668252017710302
11,rough_seed_13,rough_seed_18,0.032919674690243976,wm040_ws060_we000,lm040_ls040_le020,lm040_ls060_le000,0,0.5470967463260838
11,rough_seed_13,rough_seed_18,0.032919674690243976,wm040_ws040_we020,lm000_ls100_le000,lm040_ls060_le000,0,0.008561207046983182
11,rough_seed_13,rough_seed_18,0.032919674690243976,wm040_ws020_we040,lm000_ls100_le000,lm040_ls020_le040,0,0.11032387402055932
11,rough_seed_13,rough_seed_18,0.032919674690243976,wm040_ws000_we060,lm000_ls100_le000,lm060_ls000_le040,0,0.26668652623075606
11,rough_seed_13,rough_seed_18,0.032919674690243976,wm020_ws080_we000,lm040_ls040_le020,lm040_ls060_le000,0,0.8008585596380785
11,rough_seed_13,rough_seed_18,0.032919674690243976,wm020_ws060_we020,lm040_ls040_le020,lm040_ls060_le000,0,0.4792395244552077
11,rough_seed_13,rough_seed_18,0.032919674690243976,wm020_ws040_we040,lm000_ls100_le000,lm020_ls000_le080,0,0.1250224073537972
11,rough_seed_13,rough_seed_18,0.032919674690243976,wm020_ws020_we060,lm000_ls100_le000,lm040_ls000_le060,0,0.3433175893655319
11,rough_seed_13,rough_seed_18,0.032919674690243976,wm020_ws000_we080,lm000_ls100_le000,lm040_ls000_le060,0,0.5191865855797919
11,rough_seed_13,rough_seed_18,0.032919674690243976,wm000_ws100_we000,lm040_ls040_le020,lm040_ls060_le000,0,1.054620372950073
11,rough_seed_13,rough_seed_18,0.032919674690243976,wm000_ws080_we020,lm040_ls040_le020,lm020_ls000_le080,0,0.7194983915787648
11,rough_seed_13,rough_seed_18,0.032919674690243976,wm000_ws060_we040,lm040_ls040_le020,lm020_ls000_le080,0,0.541978191630715
11,rough_seed_13,rough_seed_18,0.032919674690243976,wm000_ws040_we060,lm000_ls100_le000,lm020_ls000_le080,0,0.4275951239078808
11,rough_seed_13,rough_seed_18,0.032919674690243976,wm000_ws020_we080,lm000_ls100_le000,lm020_ls000_le080,0,0.6225342314847239
11,rough_seed_13,rough_seed_18,0.032919674690243976,wm000_ws000_we100,lm000_ls100_le000,lm040_ls000_le060,0,0.8175038639219216
11,rough_seed_13,rough_seed_18,0.032919674690243976,balanced,lm000_ls100_le000,lm080_ls020_le000,0,0.03270896035207965
11,rough_seed_13,rough_seed_18,0.032919674690243976,motion,lm000_ls100_le000,lm080_ls020_le000,0,0.07115253433137764
11,rough_seed_13,rough_seed_18,0.032919674690243976,stability,lm040_ls040_le020,lm040_ls060_le000,0,0.6230847365789239
11,rough_seed_13,rough_seed_18,0.032919674690243976,energy,lm000_ls100_le000,lm040_ls000_le060,0,0.4618641580046294
11,rough_seed_7,rough_seed_5,0.03549704801703797,wm100_ws000_we000,lm000_ls100_le000,lm100_ls000_le000,0,0.1556219893731322
11,rough_seed_7,rough_seed_5,0.03549704801703797,wm080_ws020_we000,lm020_ls060_le020,lm080_ls020_le000,0,0.16591749346396836
11,rough_seed_7,rough_seed_5,0.03549704801703797,wm080_ws000_we020,lm060_ls040_le000,lm000_ls100_le000,0,0.07377457538928675
11,rough_seed_7,rough_seed_5,0.03549704801703797,wm060_ws040_we000,lm060_ls020_le020,lm080_ls020_le000,0,0.244982768917322
11,rough_seed_7,rough_seed_5,0.03549704801703797,wm060_ws020_we020,lm020_ls060_le020,lm000_ls100_le000,0,0.047440488616420695
11,rough_seed_7,rough_seed_5,0.03549704801703797,wm060_ws000_we040,lm080_ls020_le000,lm040_ls040_le020,0,0.21274477716896736
11,rough_seed_7,rough_seed_5,0.03549704801703797,wm040_ws060_we000,lm060_ls020_le020,lm080_ls020_le000,0,0.3671248580384804
11,rough_seed_7,rough_seed_5,0.03549704801703797,wm040_ws040_we020,lm060_ls020_le020,lm020_ls080_le000,0,0.2220602966363716
11,rough_seed_7,rough_seed_5,0.03549704801703797,wm040_ws020_we040,lm060_ls020_le020,lm040_ls020_le040,0,0.18289839361111665
11,rough_seed_7,rough_seed_5,0.03549704801703797,wm040_ws000_we060,lm000_ls080_le020,lm040_ls020_le040,0,0.13827169934175015
11,rough_seed_7,rough_seed_5,0.03549704801703797,wm020_ws080_we000,lm020_ls040_le040,lm000_ls060_le040,0,0.5398616554101336
11,rough_seed_7,rough_seed_5,0.03549704801703797,wm020_ws060_we020,lm020_ls040_le040,lm000_ls060_le040,0,0.4044573825591733
11,rough_seed_7,rough_seed_5,0.03549704801703797,wm020_ws040_we040,lm000_ls040_le060,lm000_ls040_le060,1,0.0
11,rough_seed_7,rough_seed_5,0.03549704801703797,wm020_ws020_we060,lm060_ls020_le020,lm040_ls020_le040,0,0.3775356091167842
11,rough_seed_7,rough_seed_5,0.03549704801703797,wm020_ws000_we080,lm020_ls060_le020,lm020_ls020_le060,0,0.2773899087197262
11,rough_seed_7,rough_seed_5,0.03549704801703797,wm000_ws100_we000,lm000_ls040_le060,lm020_ls020_le060,0,0.4750165312451118
11,rough_seed_7,rough_seed_5,0.03549704801703797,wm000_ws080_we020,lm000_ls040_le060,lm020_ls020_le060,0,0.3806829549597384
11,rough_seed_7,rough_seed_5,0.03549704801703797,wm000_ws060_we040,lm000_ls040_le060,lm020_ls020_le060,0,0.28634937867436505
11,rough_seed_7,rough_seed_5,0.03549704801703797,wm000_ws040_we060,lm060_ls020_le020,lm020_ls020_le060,0,0.5496950386822334
11,rough_seed_7,rough_seed_5,0.03549704801703797,wm000_ws020_we080,lm060_ls020_le020,lm020_ls020_le060,0,0.7295943365989371
11,rough_seed_7,rough_seed_5,0.03549704801703797,wm000_ws000_we100,lm020_ls060_le020,lm020_ls020_le060,0,0.5984810906930279
11,rough_seed_7,rough_seed_5,0.03549704801703797,balanced,lm060_ls020_le020,lm000_ls060_le040,0,0.11608609226524153
11,rough_seed_7,rough_seed_5,0.03549704801703797,motion,lm100_ls000_le000,lm000_ls100_le000,0,0.007110061757766156
11,rough_seed_7,rough_seed_5,0.03549704801703797,stability,lm020_ls040_le040,lm020_ls020_le060,0,0.49080240848649415
11,rough_seed_7,rough_seed_5,0.03549704801703797,energy,lm060_ls020_le020,lm020_ls020_le060,0,0.48681445600983564
11,rough_seed_15,rough_seed_18,0.03591848716092086,wm100_ws000_we000,lm000_ls100_le000,lm040_ls060_le000,0,0.04334695684378129
11,rough_seed_15,rough_seed_18,0.03591848716092086,wm080_ws020_we000,lm000_ls100_le000,lm080_ls020_le000,0,0.1004391414930495
11,rough_seed_15,rough_seed_18,0.03591848716092086,wm080_ws000_we020,lm000_ls100_le000,lm020_ls060_le020,0,0.11864741217035818
11,rough_seed_15,rough_seed_18,0.03591848716092086,wm060_ws040_we000,lm000_ls100_le000,lm060_ls040_le000,0,0.259451905567282
11,rough_seed_15,rough_seed_18,0.03591848716092086,wm060_ws020_we020,lm000_ls100_le000,lm060_ls040_le000,0,0.0993409806749303
11,rough_seed_15,rough_seed_18,0.03591848716092086,wm060_ws000_we040,lm000_ls100_le000,lm000_ls080_le020,0,0.2382998414550778
11,rough_seed_15,rough_seed_18,0.03591848716092086,wm040_ws060_we000,lm040_ls040_le020,lm060_ls040_le000,0,0.3897739338756264
11,rough_seed_15,rough_seed_18,0.03591848716092086,wm040_ws040_we020,lm000_ls100_le000,lm060_ls040_le000,0,0.26038466038256025
11,rough_seed_15,rough_seed_18,0.03591848716092086,wm040_ws020_we040,lm000_ls100_le000,lm000_ls080_le020,0,0.2250782862651057
11,rough_seed_15,rough_seed_18,0.03591848716092086,wm040_ws000_we060,lm000_ls100_le000,lm000_ls080_le020,0,0.44369882791500276
11,rough_seed_15,rough_seed_18,0.03591848716092086,wm020_ws080_we000,lm040_ls040_le020,lm000_ls060_le040,0,0.6165182729935832
11,rough_seed_15,rough_seed_18,0.03591848716092086,wm020_ws060_we020,lm040_ls040_le020,lm020_ls040_le040,0,0.4531147233326407
11,rough_seed_15,rough_seed_18,0.03591848716092086,wm020_ws040_we040,lm000_ls100_le000,lm060_ls040_le000,0,0.199710258510842
11,rough_seed_15,rough_seed_18,0.03591848716092086,wm020_ws020_we060,lm000_ls100_le000,lm000_ls080_le020,0,0.39623424118932676
11,rough_seed_15,rough_seed_18,0.03591848716092086,wm020_ws000_we080,lm000_ls100_le000,lm000_ls080_le020,0,0.6490978143749279
11,rough_seed_15,rough_seed_18,0.03591848716092086,wm000_ws100_we000,lm040_ls040_le020,lm000_ls040_le060,0,0.9817642356199189
11,rough_seed_15,rough_seed_18,0.03591848716092086,wm000_ws080_we020,lm040_ls040_le020,lm000_ls040_le060,0,0.7021705437840081
11,rough_seed_15,rough_seed_18,0.03591848716092086,wm000_ws060_we040,lm040_ls040_le020,lm000_ls040_le060,0,0.42257685194809724
11,rough_seed_15,rough_seed_18,0.03591848716092086,wm000_ws040_we060,lm000_ls100_le000,lm000_ls080_le020,0,0.2802835913922429
11,rough_seed_15,rough_seed_18,0.03591848716092086,wm000_ws020_we080,lm000_ls100_le000,lm000_ls080_le020,0,0.5673901961135479
11,rough_seed_15,rough_seed_18,0.03591848716092086,wm000_ws000_we100,lm000_ls100_le000,lm000_ls080_le020,0,0.8544968008348529
11,rough_seed_15,rough_seed_18,0.03591848716092086,balanced,lm000_ls100_le000,lm060_ls040_le000,0,0.16625383256553808
11,rough_seed_15,rough_seed_18,0.03591848716092086,motion,lm000_ls100_le000,lm040_ls060_le000,0,0.0680127075617049
11,rough_seed_15,rough_seed_18,0.03591848716092086,stability,lm040_ls040_le020,lm000_ls040_le060,0,0.5356431541960421
11,rough_seed_15,rough_seed_18,0.03591848716092086,energy,lm000_ls100_le000,lm000_ls080_le020,0,0.5107998811007083
11,rough_seed_0,rough_seed_29,0.03668992499352631,wm100_ws000_we000,lm100_ls000_le000,lm080_ls020_le000,0,0.10619701109911484
11,rough_seed_0,rough_seed_29,0.03668992499352631,wm080_ws020_we000,lm100_ls000_le000,lm100_ls000_le000,1,0.0
11,rough_seed_0,rough_seed_29,0.03668992499352631,wm080_ws000_we020,lm060_ls040_le000,lm060_ls040_le000,1,0.0
11,rough_seed_0,rough_seed_29,0.03668992499352631,wm060_ws040_we000,lm060_ls040_le000,lm100_ls000_le000,0,0.0012496466946972928
11,rough_seed_0,rough_seed_29,0.03668992499352631,wm060_ws020_we020,lm060_ls040_le000,lm100_ls000_le000,0,0.0007869545660379451
11,rough_seed_0,rough_seed_29,0.03668992499352631,wm060_ws000_we040,lm060_ls040_le000,lm060_ls040_le000,1,0.0
11,rough_seed_0,rough_seed_29,0.03668992499352631,wm040_ws060_we000,lm040_ls060_le000,lm060_ls000_le040,0,0.7138502715534418
11,rough_seed_0,rough_seed_29,0.03668992499352631,wm040_ws040_we020,lm040_ls060_le000,lm100_ls000_le000,0,0.39642341795650454
11,rough_seed_0,rough_seed_29,0.03668992499352631,wm040_ws020_we040,lm060_ls040_le000,lm100_ls000_le000,0,0.001028062241099692
11,rough_seed_0,rough_seed_29,0.03668992499352631,wm040_ws000_we060,lm080_ls020_le000,lm100_ls000_le000,0,0.2511986095877981
11,rough_seed_0,rough_seed_29,0.03668992499352631,wm020_ws080_we000,lm080_ls020_le000,lm060_ls000_le040,0,0.6715054323187577
11,rough_seed_0,rough_seed_29,0.03668992499352631,wm020_ws060_we020,lm080_ls020_le000,lm000_ls060_le040,0,0.4591089483824853
11,rough_seed_0,rough_seed_29,0.03668992499352631,wm020_ws040_we040,lm080_ls020_le000,lm000_ls040_le060,0,0.20203819026923883
11,rough_seed_0,rough_seed_29,0.03668992499352631,wm020_ws020_we060,lm080_ls020_le000,lm100_ls000_le000,0,0.1641926964808276
11,rough_seed_0,rough_seed_29,0.03668992499352631,wm020_ws000_we080,lm080_ls000_le020,lm100_ls000_le000,0,0.547354711924831
11,rough_seed_0,rough_seed_29,0.03668992499352631,wm000_ws100_we000,lm080_ls020_le000,lm000_ls040_le060,0,1.01
11,rough_seed_0,rough_seed_29,0.03668992499352631,wm000_ws080_we020,lm080_ls020_le000,lm000_ls040_le060,0,0.713005369643609
11,rough_seed_0,rough_seed_29,0.03668992499352631,wm000_ws060_we040,lm080_ls020_le000,lm000_ls040_le060,0,0.4160107392872179
11,rough_seed_0,rough_seed_29,0.03668992499352631,wm000_ws040_we060,lm080_ls020_le000,lm100_ls000_le000,0,0.14435884429753043
11,rough_seed_0,rough_seed_29,0.03668992499352631,wm000_ws020_we080,lm040_ls040_le020,lm100_ls000_le000,0,0.4022338861377538
11,rough_seed_0,rough_seed_29,0.03668992499352631,wm000_ws000_we100,lm080_ls000_le020,lm100_ls000_le000,0,0.7104021498141614
11,rough_seed_0,rough_seed_29,0.03668992499352631,balanced,lm060_ls040_le000,lm100_ls000_le000,0,0.0014168928852264784
11,rough_seed_0,rough_seed_29,0.03668992499352631,motion,lm060_ls040_le000,lm100_ls000_le000,0,0.0005507276963422764
11,rough_seed_0,rough_seed_29,0.03668992499352631,stability,lm080_ls020_le000,lm000_ls060_le040,0,0.5967024525826499
11,rough_seed_0,rough_seed_29,0.03668992499352631,energy,lm080_ls000_le020,lm100_ls000_le000,0,0.4006664822516466
11,rough_seed_5,rough_seed_20,0.027383733443814867,wm100_ws000_we000,lm100_ls000_le000,lm000_ls100_le000,0,0.07993338923685919
11,rough_seed_5,rough_seed_20,0.027383733443814867,wm080_ws020_we000,lm080_ls000_le020,lm020_ls060_le020,0,0.13264722961626557
11,rough_seed_5,rough_seed_20,0.027383733443814867,wm080_ws000_we020,lm060_ls020_le020,lm060_ls040_le000,0,0.19829155385715025
11,rough_seed_5,rough_seed_20,0.027383733443814867,wm060_ws040_we000,lm000_ls060_le040,lm060_ls020_le020,0,0.3143209184783374
11,rough_seed_5,rough_seed_20,0.027383733443814867,wm060_ws020_we020,lm080_ls000_le020,lm020_ls060_le020,0,0.06492773284257167
11,rough_seed_5,rough_seed_20,0.027383733443814867,wm060_ws000_we040,lm060_ls020_le020,lm080_ls020_le000,0,0.12130412869393269
11,rough_seed_5,rough_seed_20,0.027383733443814867,wm040_ws060_we000,lm060_ls000_le040,lm060_ls020_le020,0,0.025882431685077145
11,rough_seed_5,rough_seed_20,0.027383733443814867,wm040_ws040_we020,lm040_ls020_le040,lm060_ls020_le020,0,0.14547425884553394
11,rough_seed_5,rough_seed_20,0.027383733443814867,wm040_ws020_we040,lm060_ls020_le020,lm060_ls020_le020,1,0.0
11,rough_seed_5,rough_seed_20,0.027383733443814867,wm040_ws000_we060,lm060_ls020_le020,lm000_ls080_le020,0,0.06388077250789115
11,rough_seed_5,rough_seed_20,0.027383733443814867,wm020_ws080_we000,lm020_ls020_le060,lm020_ls040_le040,0,0.017305736878379774
11,rough_seed_5,rough_seed_20,0.027383733443814867,wm020_ws060_we020,lm000_ls040_le060,lm020_ls040_le040,0,0.01606667926839861
11,rough_seed_5,rough_seed_20,0.027383733443814867,wm020_ws040_we040,lm000_ls060_le040,lm000_ls040_le060,0,0.20237742738944983
11,rough_seed_5,rough_seed_20,0.027383733443814867,wm020_ws020_we060,lm060_ls020_le020,lm060_ls020_le020,1,0.0
11,rough_seed_5,rough_seed_20,0.027383733443814867,wm020_ws000_we080,lm060_ls020_le020,lm020_ls060_le020,0,0.06222626491854789
11,rough_seed_5,rough_seed_20,0.027383733443814867,wm000_ws100_we000,lm000_ls000_le100,lm000_ls040_le060,0,0.18069268083781717
11,rough_seed_5,rough_seed_20,0.027383733443814867,wm000_ws080_we020,lm000_ls040_le060,lm000_ls040_le060,1,0.0
11,rough_seed_5,rough_seed_20,0.027383733443814867,wm000_ws060_we040,lm000_ls040_le060,lm000_ls040_le060,1,0.0
11,rough_seed_5,rough_seed_20,0.027383733443814867,wm000_ws040_we060,lm080_ls000_le020,lm060_ls020_le020,0,0.011436351396462763
11,rough_seed_5,rough_seed_20,0.027383733443814867,wm000_ws020_we080,lm060_ls020_le020,lm060_ls020_le020,1,0.0
11,rough_seed_5,rough_seed_20,0.027383733443814867,wm000_ws000_we100,lm060_ls020_le020,lm020_ls060_le020,0,0.11666076961149235
11,rough_seed_5,rough_seed_20,0.027383733443814867,balanced,lm000_ls060_le040,lm060_ls020_le020,0,0.13689095642851945
11,rough_seed_5,rough_seed_20,0.027383733443814867,motion,lm080_ls000_le020,lm100_ls000_le000,0,0.13264142087106134
11,rough_seed_5,rough_seed_20,0.027383733443814867,stability,lm000_ls040_le060,lm020_ls040_le040,0,0.01164500372354349
11,rough_seed_5,rough_seed_20,0.027383733443814867,energy,lm060_ls020_le020,lm060_ls020_le020,1,0.0
11,rough_seed_11,rough_seed_25,0.024344968190078364,wm100_ws000_we000,lm100_ls000_le000,lm100_ls000_le000,1,0.0
11,rough_seed_11,rough_seed_25,0.024344968190078364,wm080_ws020_we000,lm080_ls000_le020,lm080_ls020_le000,0,2.1354641400702934
11,rough_seed_11,rough_seed_25,0.024344968190078364,wm080_ws000_we020,lm100_ls000_le000,lm100_ls000_le000,1,0.0
11,rough_seed_11,rough_seed_25,0.024344968190078364,wm060_ws040_we000,lm040_ls040_le020,lm080_ls020_le000,0,1.288691411737557
11,rough_seed_11,rough_seed_25,0.024344968190078364,wm060_ws020_we020,lm080_ls000_le020,lm100_ls000_le000,0,1.5521758724907906
11,rough_seed_11,rough_seed_25,0.024344968190078364,wm060_ws000_we040,lm100_ls000_le000,lm100_ls000_le000,1,0.0
11,rough_seed_11,rough_seed_25,0.024344968190078364,wm040_ws060_we000,lm040_ls020_le040,lm020_ls080_le000,0,1.1561479405395574
11,rough_seed_11,rough_seed_25,0.024344968190078364,wm040_ws040_we020,lm040_ls040_le020,lm020_ls080_le000,0,0.7648485316839686
11,rough_seed_11,rough_seed_25,0.024344968190078364,wm040_ws020_we040,lm080_ls000_le020,lm020_ls080_le000,0,0.8120492097802556
11,rough_seed_11,rough_seed_25,0.024344968190078364,wm040_ws000_we060,lm100_ls000_le000,lm020_ls080_le000,0,0.23191682346871734
11,rough_seed_11,rough_seed_25,0.024344968190078364,wm020_ws080_we000,lm060_ls000_le040,lm020_ls080_le000,0,0.6318502982233888
11,rough_seed_11,rough_seed_25,0.024344968190078364,wm020_ws060_we020,lm040_ls040_le020,lm020_ls080_le000,0,0.385844206584111
11,rough_seed_11,rough_seed_25,0.024344968190078364,wm020_ws040_we040,lm040_ls040_le020,lm020_ls080_le000,0,0.8327411186969156
11,rough_seed_11,rough_seed_25,0.024344968190078364,wm020_ws020_we060,lm040_ls040_le020,lm020_ls080_le000,0,1.3319835789333498
11,rough_seed_11,rough_seed_25,0.024344968190078364,wm020_ws000_we080,lm100_ls000_le000,lm000_ls100_le000,0,0.595271180557627
11,rough_seed_11,rough_seed_25,0.024344968190078364,wm000_ws100_we000,lm060_ls000_le040,lm020_ls080_le000,0,0.3459023968230178
11,rough_seed_11,rough_seed_25,0.024344968190078364,wm000_ws080_we020,lm060_ls000_le040,lm000_ls100_le000,0,0.7328636660443681
11,rough_seed_11,rough_seed_25,0.024344968190078364,wm000_ws060_we040,lm040_ls040_le020,lm000_ls100_le000,0,1.0026483310600083
11,rough_seed_11,rough_seed_25,0.024344968190078364,wm000_ws040_we060,lm040_ls040_le020,lm000_ls100_le000,0,1.509495665368579
11,rough_seed_11,rough_seed_25,0.024344968190078364,wm000_ws020_we080,lm040_ls040_le020,lm000_ls100_le000,0,2.0163429996771494
11,rough_seed_11,rough_seed_25,0.024344968190078364,wm000_ws000_we100,lm020_ls000_le080,lm000_ls100_le000,0,4.5026255345424335
11,rough_seed_11,rough_seed_25,0.024344968190078364,balanced,lm040_ls040_le020,lm020_ls080_le000,0,0.6410250701151684
11,rough_seed_11,rough_seed_25,0.024344968190078364,motion,lm080_ls000_le020,lm100_ls000_le000,0,1.8935928542009015
11,rough_seed_11,rough_seed_25,0.024344968190078364,stability,lm060_ls000_le040,lm020_ls080_le000,0,0.4792746416983237
11,rough_seed_11,rough_seed_25,0.024344968190078364,energy,lm040_ls040_le020,lm000_ls100_le000,0,1.6193443514917225
11,rough_seed_4,rough_seed_11,0.03143600438346798,wm100_ws000_we000,lm100_ls000_le000,lm080_ls020_le000,0,4.754650046730866
11,rough_seed_4,rough_seed_11,0.03143600438346798,wm080_ws020_we000,lm080_ls020_le000,lm020_ls080_le000,0,0.09839965110788759
11,rough_seed_4,rough_seed_11,0.03143600438346798,wm080_ws000_we020,lm100_ls000_le000,lm020_ls080_le000,0,3.7566741279533673
11,rough_seed_4,rough_seed_11,0.03143600438346798,wm060_ws040_we000,lm080_ls020_le000,lm020_ls080_le000,0,0.1973985281156008
11,rough_seed_4,rough_seed_11,0.03143600438346798,wm060_ws020_we020,lm100_ls000_le000,lm020_ls080_le000,0,2.7526953415465973
11,rough_seed_4,rough_seed_11,0.03143600438346798,wm060_ws000_we040,lm100_ls000_le000,lm020_ls080_le000,0,2.7942562350005606
11,rough_seed_4,rough_seed_11,0.03143600438346798,wm040_ws060_we000,lm020_ls080_le000,lm020_ls080_le000,1,0.0
11,rough_seed_4,rough_seed_11,0.03143600438346798,wm040_ws040_we020,lm020_ls080_le000,lm020_ls080_le000,1,0.0
11,rough_seed_4,rough_seed_11,0.03143600438346798,wm040_ws020_we040,lm020_ls080_le000,lm020_ls080_le000,1,0.0
11,rough_seed_4,rough_seed_11,0.03143600438346798,wm040_ws000_we060,lm020_ls080_le000,lm060_ls040_le000,0,0.015373255811898606
11,rough_seed_4,rough_seed_11,0.03143600438346798,wm020_ws080_we000,lm020_ls080_le000,lm000_ls100_le000,0,0.21060371786897286
11,rough_seed_4,rough_seed_11,0.03143600438346798,wm020_ws060_we020,lm020_ls080_le000,lm000_ls100_le000,0,0.10778733641695704
11,rough_seed_4,rough_seed_11,0.03143600438346798,wm020_ws040_we040,lm020_ls080_le000,lm000_ls100_le000,0,0.004970954964941265
11,rough_seed_4,rough_seed_11,0.03143600438346798,wm020_ws020_we060,lm020_ls080_le000,lm020_ls080_le000,1,0.0
11,rough_seed_4,rough_seed_11,0.03143600438346798,wm020_ws000_we080,lm000_ls100_le000,lm060_ls040_le000,0,0.10234880565295623
11,rough_seed_4,rough_seed_11,0.03143600438346798,wm000_ws100_we000,lm020_ls080_le000,lm000_ls100_le000,0,0.5156048408612597
11,rough_seed_4,rough_seed_11,0.03143600438346798,wm000_ws080_we020,lm000_ls100_le000,lm000_ls100_le000,1,0.0
11,rough_seed_4,rough_seed_11,0.03143600438346798,wm000_ws060_we040,lm000_ls100_le000,lm000_ls100_le000,1,0.0
11,rough_seed_4,rough_seed_11,0.03143600438346798,wm000_ws040_we060,lm000_ls100_le000,lm000_ls100_le000,1,0.0
11,rough_seed_4,rough_seed_11,0.03143600438346798,wm000_ws020_we080,lm000_ls100_le000,lm000_ls100_le000,1,0.0
11,rough_seed_4,rough_seed_11,0.03143600438346798,wm000_ws000_we100,lm000_ls100_le000,lm000_ls100_le000,1,0.0
11,rough_seed_4,rough_seed_11,0.03143600438346798,balanced,lm020_ls080_le000,lm020_ls080_le000,1,0.0
11,rough_seed_4,rough_seed_11,0.03143600438346798,motion,lm100_ls000_le000,lm020_ls080_le000,0,3.2530342113677087
11,rough_seed_4,rough_seed_11,0.03143600438346798,stability,lm020_ls080_le000,lm000_ls100_le000,0,0.20974171252803267
11,rough_seed_4,rough_seed_11,0.03143600438346798,energy,lm000_ls100_le000,lm020_ls080_le000,0,0.042972960747891364
11,rough_seed_25,rough_seed_20,0.020656315107061986,wm100_ws000_we000,lm100_ls000_le000,lm100_ls000_le000,1,0.0
11,rough_seed_25,rough_seed_20,0.020656315107061986,wm080_ws020_we000,lm080_ls000_le020,lm080_ls000_le020,1,0.0
11,rough_seed_25,rough_seed_20,0.020656315107061986,wm080_ws000_we020,lm060_ls020_le020,lm100_ls000_le000,0,0.1298429122893877
11,rough_seed_25,rough_seed_20,0.020656315107061986,wm060_ws040_we000,lm000_ls060_le040,lm040_ls040_le020,0,0.07428654294071038
11,rough_seed_25,rough_seed_20,0.020656315107061986,wm060_ws020_we020,lm080_ls000_le020,lm080_ls000_le020,1,0.0
11,rough_seed_25,rough_seed_20,0.020656315107061986,wm060_ws000_we040,lm060_ls020_le020,lm100_ls000_le000,0,0.07826838498388322
11,rough_seed_25,rough_seed_20,0.020656315107061986,wm040_ws060_we000,lm060_ls000_le040,lm040_ls020_le040,0,0.01405065671602368
11,rough_seed_25,rough_seed_20,0.020656315107061986,wm040_ws040_we020,lm040_ls020_le040,lm040_ls040_le020,0,0.10254147710447435
11,rough_seed_25,rough_seed_20,0.020656315107061986,wm040_ws020_we040,lm060_ls020_le020,lm080_ls000_le020,0,0.014175989978561246
11,rough_seed_25,rough_seed_20,0.020656315107061986,wm040_ws000_we060,lm060_ls020_le020,lm100_ls000_le000,0,0.10756036660727157
11,rough_seed_25,rough_seed_20,0.020656315107061986,wm020_ws080_we000,lm020_ls020_le060,lm060_ls000_le040,0,1.2617878153575424
11,rough_seed_25,rough_seed_20,0.020656315107061986,wm020_ws060_we020,lm000_ls040_le060,lm040_ls040_le020,0,0.8488148575716874
11,rough_seed_25,rough_seed_20,0.020656315107061986,wm020_ws040_we040,lm000_ls060_le040,lm040_ls040_le020,0,0.38321354836975696
11,rough_seed_25,rough_seed_20,0.020656315107061986,wm020_ws020_we060,lm060_ls020_le020,lm040_ls040_le020,0,0.10405014457053319
11,rough_seed_25,rough_seed_20,0.020656315107061986,wm020_ws000_we080,lm060_ls020_le020,lm100_ls000_le000,0,0.14281508471862317
11,rough_seed_25,rough_seed_20,0.020656315107061986,wm000_ws100_we000,lm000_ls000_le100,lm060_ls000_le040,0,0.9485873613742603
11,rough_seed_25,rough_seed_20,0.020656315107061986,wm000_ws080_we020,lm000_ls040_le060,lm060_ls000_le040,0,1.1736860267869018
11,rough_seed_25,rough_seed_20,0.020656315107061986,wm000_ws060_we040,lm000_ls040_le060,lm040_ls040_le020,0,0.8491835271066763
11,rough_seed_25,rough_seed_20,0.020656315107061986,wm000_ws040_we060,lm080_ls000_le020,lm040_ls040_le020,0,0.05253391610729738
11,rough_seed_25,rough_seed_20,0.020656315107061986,wm000_ws020_we080,lm060_ls020_le020,lm040_ls040_le020,0,0.14068046688557378
11,rough_seed_25,rough_seed_20,0.020656315107061986,wm000_ws000_we100,lm060_ls020_le020,lm020_ls000_le080,0,0.2570702497602311
11,rough_seed_25,rough_seed_20,0.020656315107061986,balanced,lm000_ls060_le040,lm040_ls040_le020,0,0.3195472356950745
11,rough_seed_25,rough_seed_20,0.020656315107061986,motion,lm080_ls000_le020,lm080_ls000_le020,1,0.0
11,rough_seed_25,rough_seed_20,0.020656315107061986,stability,lm000_ls040_le060,lm060_ls000_le040,0,1.0469966628044642
11,rough_seed_25,rough_seed_20,0.020656315107061986,energy,lm060_ls020_le020,lm040_ls040_le020,0,0.12298050130616693
11,rough_seed_12,rough_seed_11,0.026343203798141288,wm100_ws000_we000,lm100_ls000_le000,lm100_ls000_le000,1,0.0
11,rough_seed_12,rough_seed_11,0.026343203798141288,wm080_ws020_we000,lm080_ls020_le000,lm100_ls000_le000,0,0.1610375623770114
11,rough_seed_12,rough_seed_11,0.026343203798141288,wm080_ws000_we020,lm100_ls000_le000,lm100_ls000_le000,1,0.0
11,rough_seed_12,rough_seed_11,0.026343203798141288,wm060_ws040_we000,lm080_ls020_le000,lm100_ls000_le000,0,0.3216766097399084
11,rough_seed_12,rough_seed_11,0.026343203798141288,wm060_ws020_we020,lm100_ls000_le000,lm100_ls000_le000,1,0.0
11,rough_seed_12,rough_seed_11,0.026343203798141288,wm060_ws000_we040,lm100_ls000_le000,lm100_ls000_le000,1,0.0
11,rough_seed_12,rough_seed_11,0.026343203798141288,wm040_ws060_we000,lm020_ls080_le000,lm040_ls040_le020,0,0.39466507661411054
11,rough_seed_12,rough_seed_11,0.026343203798141288,wm040_ws040_we020,lm020_ls080_le000,lm080_ls000_le020,0,0.166706542994004
11,rough_seed_12,rough_seed_11,0.026343203798141288,wm040_ws020_we040,lm020_ls080_le000,lm100_ls000_le000,0,0.4549548538181382
11,rough_seed_12,rough_seed_11,0.026343203798141288,wm040_ws000_we060,lm020_ls080_le000,lm100_ls000_le000,0,0.9803413936115675
11,rough_seed_12,rough_seed_11,0.026343203798141288,wm020_ws080_we000,lm020_ls080_le000,lm040_ls040_le020,0,0.8609726511459384
11,rough_seed_12,rough_seed_11,0.026343203798141288,wm020_ws060_we020,lm020_ls080_le000,lm040_ls040_le020,0,0.5973330507119367
11,rough_seed_12,rough_seed_11,0.026343203798141288,wm020_ws040_we040,lm020_ls080_le000,lm040_ls040_le020,0,0.3713268556663987
11,rough_seed_12,rough_seed_11,0.026343203798141288,wm020_ws020_we060,lm020_ls080_le000,lm100_ls000_le000,0,0.7798212006824512
11,rough_seed_12,rough_seed_11,0.026343203798141288,wm020_ws000_we080,lm000_ls100_le000,lm100_ls000_le000,0,1.682103057552764
11,rough_seed_12,rough_seed_11,0.026343203798141288,wm000_ws100_we000,lm020_ls080_le000,lm040_ls040_le020,0,1.3272802256777656
11,rough_seed_12,rough_seed_11,0.026343203798141288,wm000_ws080_we020,lm000_ls100_le000,lm040_ls040_le020,0,1.2895681233307752
11,rough_seed_12,rough_seed_11,0.026343203798141288,wm000_ws060_we040,lm000_ls100_le000,lm040_ls040_le020,0,0.7941846077260204
11,rough_seed_12,rough_seed_11,0.026343203798141288,wm000_ws040_we060,lm000_ls100_le000,lm100_ls000_le000,0,0.8637656978815723
11,rough_seed_12,rough_seed_11,0.026343203798141288,wm000_ws020_we080,lm000_ls100_le000,lm100_ls000_le000,0,1.4824633343406592
11,rough_seed_12,rough_seed_11,0.026343203798141288,wm000_ws000_we100,lm000_ls100_le000,lm100_ls000_le000,0,2.1011609707997456
11,rough_seed_12,rough_seed_11,0.026343203798141288,balanced,lm020_ls080_le000,lm100_ls000_le000,0,0.212985942910623
11,rough_seed_12,rough_seed_11,0.026343203798141288,motion,lm100_ls000_le000,lm100_ls000_le000,1,0.0
11,rough_seed_12,rough_seed_11,0.026343203798141288,stability,lm020_ls080_le000,lm040_ls040_le020,0,0.7798198444533939
11,rough_seed_12,rough_seed_11,0.026343203798141288,energy,lm000_ls100_le000,lm100_ls000_le000,0,1.3228443085201944
11,rough_seed_6,rough_seed_8,0.027403412461873004,wm100_ws000_we000,lm080_ls020_le000,lm080_ls020_le000,1,0.0
11,rough_seed_6,rough_seed_8,0.027403412461873004,wm080_ws020_we000,lm080_ls020_le000,lm020_ls080_le000,0,0.08433093818259978
11,rough_seed_6,rough_seed_8,0.027403412461873004,wm080_ws000_we020,lm100_ls000_le000,lm100_ls000_le000,1,0.0
11,rough_seed_6,rough_seed_8,0.027403412461873004,wm060_ws040_we000,lm080_ls020_le000,lm000_ls080_le020,0,0.20886232824232728
11,rough_seed_6,rough_seed_8,0.027403412461873004,wm060_ws020_we020,lm080_ls020_le000,lm020_ls080_le000,0,0.08520084321564392
11,rough_seed_6,rough_seed_8,0.027403412461873004,wm060_ws000_we040,lm100_ls000_le000,lm100_ls000_le000,1,0.0
11,rough_seed_6,rough_seed_8,0.027403412461873004,wm040_ws060_we000,lm080_ls020_le000,lm040_ls020_le040,0,0.3766350118542
11,rough_seed_6,rough_seed_8,0.027403412461873004,wm040_ws040_we020,lm080_ls020_le000,lm000_ls080_le020,0,0.23504698157335807
11,rough_seed_6,rough_seed_8,0.027403412461873004,wm040_ws020_we040,lm100_ls000_le000,lm020_ls080_le000,0,0.052026991646858145
11,rough_seed_6,rough_seed_8,0.027403412461873004,wm040_ws000_we060,lm100_ls000_le000,lm100_ls000_le000,1,0.0
11,rough_seed_6,rough_seed_8,0.027403412461873004,wm020_ws080_we000,lm080_ls020_le000,lm020_ls040_le040,0,0.6870138134016378
11,rough_seed_6,rough_seed_8,0.027403412461873004,wm020_ws060_we020,lm080_ls020_le000,lm000_ls060_le040,0,0.4828301378818823
11,rough_seed_6,rough_seed_8,0.027403412461873004,wm020_ws040_we040,lm040_ls060_le000,lm000_ls080_le020,0,0.1554434681994197
11,rough_seed_6,rough_seed_8,0.027403412461873004,wm020_ws020_we060,lm040_ls060_le000,lm020_ls080_le000,0,0.04295936997090953
11,rough_seed_6,rough_seed_8,0.027403412461873004,wm020_ws000_we080,lm040_ls060_le000,lm100_ls000_le000,0,0.09365597498634946
11,rough_seed_6,rough_seed_8,0.027403412461873004,wm000_ws100_we000,lm080_ls020_le000,lm040_ls000_le060,0,1.01
11,rough_seed_6,rough_seed_8,0.027403412461873004,wm000_ws080_we020,lm080_ls020_le000,lm040_ls000_le060,0,0.7100517199364809
11,rough_seed_6,rough_seed_8,0.027403412461873004,wm000_ws060_we040,lm080_ls020_le000,lm040_ls000_le060,0,0.4101034398729618
11,rough_seed_6,rough_seed_8,0.027403412461873004,wm000_ws040_we060,lm040_ls060_le000,lm000_ls080_le020,0,0.15575779108752896
11,rough_seed_6,rough_seed_8,0.027403412461873004,wm000_ws020_we080,lm040_ls060_le000,lm020_ls080_le000,0,0.003516272143646665
11,rough_seed_6,rough_seed_8,0.027403412461873004,wm000_ws000_we100,lm040_ls060_le000,lm100_ls000_le000,0,0.12180385225250068
11,rough_seed_6,rough_seed_8,0.027403412461873004,balanced,lm080_ls020_le000,lm000_ls080_le020,0,0.19646303752110775
11,rough_seed_6,rough_seed_8,0.027403412461873004,motion,lm080_ls020_le000,lm020_ls080_le000,0,0.06378750170648817
11,rough_seed_6,rough_seed_8,0.027403412461873004,stability,lm080_ls020_le000,lm000_ls060_le040,0,0.6144933657514767
11,rough_seed_6,rough_seed_8,0.027403412461873004,energy,lm040_ls060_le000,lm040_ls060_le000,1,0.0
11,rough_seed_29,rough_seed_0,0.03668992499352631,wm100_ws000_we000,lm080_ls020_le000,lm100_ls000_le000,0,0.4081617903513611
11,rough_seed_29,rough_seed_0,0.03668992499352631,wm080_ws020_we000,lm100_ls000_le000,lm100_ls000_le000,1,0.0
11,rough_seed_29,rough_seed_0,0.03668992499352631,wm080_ws000_we020,lm060_ls040_le000,lm060_ls040_le000,1,0.0
11,rough_seed_29,rough_seed_0,0.03668992499352631,wm060_ws040_we000,lm100_ls000_le000,lm060_ls040_le000,0,0.17004765852338252
11,rough_seed_29,rough_seed_0,0.03668992499352631,wm060_ws020_we020,lm100_ls000_le000,lm060_ls040_le000,0,0.09047830607175009
11,rough_seed_29,rough_seed_0,0.03668992499352631,wm060_ws000_we040,lm060_ls040_le000,lm060_ls040_le000,1,0.0
11,rough_seed_29,rough_seed_0,0.03668992499352631,wm040_ws060_we000,lm060_ls000_le040,lm040_ls060_le000,0,0.9776530142173523
11,rough_seed_29,rough_seed_0,0.03668992499352631,wm040_ws040_we020,lm100_ls000_le000,lm040_ls060_le000,0,0.19166732824772015
11,rough_seed_29,rough_seed_0,0.03668992499352631,wm040_ws020_we040,lm100_ls000_le000,lm060_ls040_le000,0,0.26325953370435146
11,rough_seed_29,rough_seed_0,0.03668992499352631,wm040_ws000_we060,lm100_ls000_le000,lm080_ls020_le000,0,0.44113512290853335
11,rough_seed_29,rough_seed_0,0.03668992499352631,wm020_ws080_we000,lm060_ls000_le040,lm080_ls020_le000,0,1.4026255381754607
11,rough_seed_29,rough_seed_0,0.03668992499352631,wm020_ws060_we020,lm000_ls060_le040,lm080_ls020_le000,0,0.753726533728449
11,rough_seed_29,rough_seed_0,0.03668992499352631,wm020_ws040_we040,lm000_ls040_le060,lm080_ls020_le000,0,0.9289549773835959
11,rough_seed_29,rough_seed_0,0.03668992499352631,wm020_ws020_we060,lm100_ls000_le000,lm080_ls020_le000,0,0.44497537759300243
11,rough_seed_29,rough_seed_0,0.03668992499352631,wm020_ws000_we080,lm100_ls000_le000,lm080_ls000_le020,0,0.7157867109914122
11,rough_seed_29,rough_seed_0,0.03668992499352631,wm000_ws100_we000,lm000_ls040_le060,lm080_ls020_le000,0,2.2278633803499814
11,rough_seed_29,rough_seed_0,0.03668992499352631,wm000_ws080_we020,lm000_ls040_le060,lm080_ls020_le000,0,1.7334911394185637
11,rough_seed_29,rough_seed_0,0.03668992499352631,wm000_ws060_we040,lm000_ls040_le060,lm080_ls020_le000,0,1.2391188984871457
11,rough_seed_29,rough_seed_0,0.03668992499352631,wm000_ws040_we060,lm100_ls000_le000,lm080_ls020_le000,0,0.44718349356717213
11,rough_seed_29,rough_seed_0,0.03668992499352631,wm000_ws020_we080,lm100_ls000_le000,lm040_ls040_le020,0,0.6332431987151041
11,rough_seed_29,rough_seed_0,0.03668992499352631,wm000_ws000_we100,lm100_ls000_le000,lm080_ls000_le020,0,1.01
11,rough_seed_29,rough_seed_0,0.03668992499352631,balanced,lm100_ls000_le000,lm060_ls040_le000,0,0.22013033405235882
11,rough_seed_29,rough_seed_0,0.03668992499352631,motion,lm100_ls000_le000,lm060_ls040_le000,0,0.021308297543392918
11,rough_seed_29,rough_seed_0,0.03668992499352631,stability,lm000_ls060_le040,lm080_ls020_le000,0,0.9105330537299318
11,rough_seed_29,rough_seed_0,0.03668992499352631,energy,lm100_ls000_le000,lm080_ls000_le020,0,0.5558651539577645
11,rough_seed_18,rough_seed_6,0.028592206812805238,wm100_ws000_we000,lm080_ls020_le000,lm000_ls100_le000,0,0.8004797674529002
11,rough_seed_18,rough_seed_6,0.028592206812805238,wm080_ws020_we000,lm020_ls080_le000,lm000_ls100_le000,0,0.5277282831115051
11,rough_seed_18,rough_seed_6,0.028592206812805238,wm080_ws000_we020,lm100_ls000_le000,lm000_ls100_le000,0,0.5343276184312944
11,rough_seed_18,rough_seed_6,0.028592206812805238,wm060_ws040_we000,lm000_ls080_le020,lm000_ls100_le000,0,0.22403120929439557
11,rough_seed_18,rough_seed_6,0.028592206812805238,wm060_ws020_we020,lm020_ls080_le000,lm000_ls100_le000,0,0.5279861321334463
11,rough_seed_18,rough_seed_6,0.028592206812805238,wm060_ws000_we040,lm100_ls000_le000,lm000_ls100_le000,0,0.9074544984912123
11,rough_seed_18,rough_seed_6,0.028592206812805238,wm040_ws060_we000,lm040_ls020_le040,lm040_ls040_le020,0,22.717147952356118
11,rough_seed_18,rough_seed_6,0.028592206812805238,wm040_ws040_we020,lm000_ls080_le020,lm000_ls100_le000,0,0.018261422436187058
11,rough_seed_18,rough_seed_6,0.028592206812805238,wm040_ws020_we040,lm020_ls080_le000,lm000_ls100_le000,0,0.5282439811553874
11,rough_seed_18,rough_seed_6,0.028592206812805238,wm040_ws000_we060,lm100_ls000_le000,lm000_ls100_le000,0,1.357902943606415
11,rough_seed_18,rough_seed_6,0.028592206812805238,wm020_ws080_we000,lm020_ls040_le040,lm040_ls040_le020,0,16.55491725980749
11,rough_seed_18,rough_seed_6,0.028592206812805238,wm020_ws060_we020,lm000_ls060_le040,lm040_ls040_le020,0,16.34720211333811
11,rough_seed_18,rough_seed_6,0.028592206812805238,wm020_ws040_we040,lm000_ls080_le020,lm000_ls100_le000,0,0.13128462811020114
11,rough_seed_18,rough_seed_6,0.028592206812805238,wm020_ws020_we060,lm020_ls080_le000,lm000_ls100_le000,0,0.5285018301773288
11,rough_seed_18,rough_seed_6,0.028592206812805238,wm020_ws000_we080,lm100_ls000_le000,lm000_ls100_le000,0,1.8083513887216176
11,rough_seed_18,rough_seed_6,0.028592206812805238,wm000_ws100_we000,lm040_ls000_le060,lm040_ls040_le020,0,34.145336136065595
11,rough_seed_18,rough_seed_6,0.028592206812805238,wm000_ws080_we020,lm040_ls000_le060,lm040_ls040_le020,0,27.129937281911605
11,rough_seed_18,rough_seed_6,0.028592206812805238,wm000_ws060_we040,lm040_ls000_le060,lm040_ls040_le020,0,20.114538427757616
11,rough_seed_18,rough_seed_6,0.028592206812805238,wm000_ws040_we060,lm000_ls080_le020,lm000_ls100_le000,0,0.3944094745641781
11,rough_seed_18,rough_seed_6,0.028592206812805238,wm000_ws020_we080,lm020_ls080_le000,lm000_ls100_le000,0,0.5287596791992699
11,rough_seed_18,rough_seed_6,0.028592206812805238,wm000_ws000_we100,lm100_ls000_le000,lm000_ls100_le000,0,2.2587998338368203
11,rough_seed_18,rough_seed_6,0.028592206812805238,balanced,lm000_ls080_le020,lm000_ls100_le000,0,0.11112329085320133
11,rough_seed_18,rough_seed_6,0.028592206812805238,motion,lm020_ls080_le000,lm000_ls100_le000,0,0.39632198195516743
11,rough_seed_18,rough_seed_6,0.028592206812805238,stability,lm000_ls060_le040,lm040_ls040_le020,0,19.14409269441434
11,rough_seed_18,rough_seed_6,0.028592206812805238,energy,lm040_ls060_le000,lm000_ls100_le000,0,0.8617983790568793
11,rough_seed_10,rough_seed_28,0.03576905215719163,wm100_ws000_we000,lm100_ls000_le000,lm060_ls040_le000,0,0.010046092519815277
11,rough_seed_10,rough_seed_28,0.03576905215719163,wm080_ws020_we000,lm060_ls040_le000,lm080_ls020_le000,0,0.11265663854560057
11,rough_seed_10,rough_seed_28,0.03576905215719163,wm080_ws000_we020,lm040_ls060_le000,lm100_ls000_le000,0,0.12279260475765097
11,rough_seed_10,rough_seed_28,0.03576905215719163,wm060_ws040_we000,lm000_ls100_le000,lm080_ls000_le020,0,0.2787847768600343
11,rough_seed_10,rough_seed_28,0.03576905215719163,wm060_ws020_we020,lm040_ls060_le000,lm080_ls020_le000,0,0.11589332092874853
11,rough_seed_10,rough_seed_28,0.03576905215719163,wm060_ws000_we040,lm000_ls100_le000,lm080_ls020_le000,0,0.36901968018537257
11,rough_seed_10,rough_seed_28,0.03576905215719163,wm040_ws060_we000,lm000_ls100_le000,lm020_ls040_le040,0,0.47559469995267134
11,rough_seed_10,rough_seed_28,0.03576905215719163,wm040_ws040_we020,lm000_ls100_le000,lm060_ls020_le020,0,0.3055700173142297
11,rough_seed_10,rough_seed_28,0.03576905215719163,wm040_ws020_we040,lm000_ls100_le000,lm080_ls020_le000,0,0.3165721132890958
11,rough_seed_10,rough_seed_28,0.03576905215719163,wm040_ws000_we060,lm000_ls100_le000,lm080_ls020_le000,0,0.5820551642298637
11,rough_seed_10,rough_seed_28,0.03576905215719163,wm020_ws080_we000,lm000_ls100_le000,lm040_ls000_le060,0,0.6966088269732125
11,rough_seed_10,rough_seed_28,0.03576905215719163,wm020_ws060_we020,lm000_ls100_le000,lm040_ls000_le060,0,0.5231569281928876
11,rough_seed_10,rough_seed_28,0.03576905215719163,wm020_ws040_we040,lm000_ls100_le000,lm060_ls020_le020,0,0.3076790575052877
11,rough_seed_10,rough_seed_28,0.03576905215719163,wm020_ws020_we060,lm000_ls100_le000,lm060_ls020_le020,0,0.5267982700790274
11,rough_seed_10,rough_seed_28,0.03576905215719163,wm020_ws000_we080,lm000_ls100_le000,lm080_ls020_le000,0,0.7950906482743548
11,rough_seed_10,rough_seed_28,0.03576905215719163,wm000_ws100_we000,lm000_ls100_le000,lm000_ls000_le100,0,1.062623275136013
11,rough_seed_10,rough_seed_28,0.03576905215719163,wm000_ws080_we020,lm000_ls100_le000,lm040_ls000_le060,0,0.698264549134874
11,rough_seed_10,rough_seed_28,0.03576905215719163,wm000_ws060_we040,lm000_ls100_le000,lm020_ls040_le040,0,0.4795069203355542
11,rough_seed_10,rough_seed_28,0.03576905215719163,wm000_ws040_we060,lm000_ls100_le000,lm060_ls020_le020,0,0.48783400793090237
11,rough_seed_10,rough_seed_28,0.03576905215719163,wm000_ws020_we080,lm000_ls080_le020,lm080_ls020_le000,0,0.6420319133760657
11,rough_seed_10,rough_seed_28,0.03576905215719163,wm000_ws000_we100,lm000_ls080_le020,lm080_ls020_le000,0,0.9128057092831403
11,rough_seed_10,rough_seed_28,0.03576905215719163,balanced,lm000_ls100_le000,lm060_ls020_le020,0,0.2560874033297659
11,rough_seed_10,rough_seed_28,0.03576905215719163,motion,lm060_ls040_le000,lm080_ls020_le000,0,0.08533933379246236
11,rough_seed_10,rough_seed_28,0.03576905215719163,stability,lm000_ls100_le000,lm040_ls000_le060,0,0.6102968081234654
11,rough_seed_10,rough_seed_28,0.03576905215719163,energy,lm000_ls100_le000,lm080_ls020_le000,0,0.6406411529651291
11,rough_seed_8,rough_seed_6,0.027403412461873004,wm100_ws000_we000,lm080_ls020_le000,lm080_ls020_le000,1,0.0
11,rough_seed_8,rough_seed_6,0.027403412461873004,wm080_ws020_we000,lm020_ls080_le000,lm080_ls020_le000,0,0.8302061120651932
11,rough_seed_8,rough_seed_6,0.027403412461873004,wm080_ws000_we020,lm100_ls000_le000,lm100_ls000_le000,1,0.0
11,rough_seed_8,rough_seed_6,0.027403412461873004,wm060_ws040_we000,lm000_ls080_le020,lm080_ls020_le000,0,1.9785681391454277
11,rough_seed_8,rough_seed_6,0.027403412461873004,wm060_ws020_we020,lm020_ls080_le000,lm080_ls020_le000,0,0.42327518563251504
11,rough_seed_8,rough_seed_6,0.027403412461873004,wm060_ws000_we040,lm100_ls000_le000,lm100_ls000_le000,1,0.0
11,rough_seed_8,rough_seed_6,0.027403412461873004,wm040_ws060_we000,lm040_ls020_le040,lm080_ls020_le000,0,1.3848027241547363
11,rough_seed_8,rough_seed_6,0.027403412461873004,wm040_ws040_we020,lm000_ls080_le020,lm080_ls020_le000,0,1.1200659528391723
11,rough_seed_8,rough_seed_6,0.027403412461873004,wm040_ws020_we040,lm020_ls080_le000,lm100_ls000_le000,0,0.329455178548401
11,rough_seed_8,rough_seed_6,0.027403412461873004,wm040_ws000_we060,lm100_ls000_le000,lm100_ls000_le000,1,0.0
11,rough_seed_8,rough_seed_6,0.027403412461873004,wm020_ws080_we000,lm020_ls040_le040,lm080_ls020_le000,0,0.7721078818918125
11,rough_seed_8,rough_seed_6,0.027403412461873004,wm020_ws060_we020,lm000_ls060_le040,lm080_ls020_le000,0,0.6490454745598804
11,rough_seed_8,rough_seed_6,0.027403412461873004,wm020_ws040_we040,lm000_ls080_le020,lm040_ls060_le000,0,0.3832764477468776
11,rough_seed_8,rough_seed_6,0.027403412461873004,wm020_ws020_we060,lm020_ls080_le000,lm040_ls060_le000,0,0.5926511228496221
11,rough_seed_8,rough_seed_6,0.027403412461873004,wm020_ws000_we080,lm100_ls000_le000,lm040_ls060_le000,0,0.004904601875305503
11,rough_seed_8,rough_seed_6,0.027403412461873004,wm000_ws100_we000,lm040_ls000_le060,lm080_ls020_le000,0,0.7343076393027654
11,rough_seed_8,rough_seed_6,0.027403412461873004,wm000_ws080_we020,lm040_ls000_le060,lm080_ls020_le000,0,0.6545071446001369
11,rough_seed_8,rough_seed_6,0.027403412461873004,wm000_ws060_we040,lm040_ls000_le060,lm080_ls020_le000,0,1.3017439165339102
11,rough_seed_8,rough_seed_6,0.027403412461873004,wm000_ws040_we060,lm000_ls080_le020,lm040_ls060_le000,0,0.3806784625270521
11,rough_seed_8,rough_seed_6,0.027403412461873004,wm000_ws020_we080,lm020_ls080_le000,lm040_ls060_le000,0,0.9185010396698008
11,rough_seed_8,rough_seed_6,0.027403412461873004,wm000_ws000_we100,lm100_ls000_le000,lm040_ls060_le000,0,0.2580335178854549
11,rough_seed_8,rough_seed_6,0.027403412461873004,balanced,lm000_ls080_le020,lm080_ls020_le000,0,0.7668658057023279
11,rough_seed_8,rough_seed_6,0.027403412461873004,motion,lm020_ls080_le000,lm080_ls020_le000,0,0.5768955544300101
11,rough_seed_8,rough_seed_6,0.027403412461873004,stability,lm000_ls060_le040,lm080_ls020_le000,0,0.4884262850148221
11,rough_seed_8,rough_seed_6,0.027403412461873004,energy,lm040_ls060_le000,lm040_ls060_le000,1,0.0
11,rough_seed_22,rough_seed_20,0.02796242312610436,wm100_ws000_we000,lm100_ls000_le000,lm100_ls000_le000,1,0.0
11,rough_seed_22,rough_seed_20,0.02796242312610436,wm080_ws020_we000,lm080_ls000_le020,lm080_ls020_le000,0,0.04700521521449208
11,rough_seed_22,rough_seed_20,0.02796242312610436,wm080_ws000_we020,lm060_ls020_le020,lm080_ls020_le000,0,0.06878281597550367
11,rough_seed_22,rough_seed_20,0.02796242312610436,wm060_ws040_we000,lm000_ls060_le040,lm080_ls000_le020,0,0.4197103922810418
11,rough_seed_22,rough_seed_20,0.02796242312610436,wm060_ws020_we020,lm080_ls000_le020,lm080_ls000_le020,1,0.0
11,rough_seed_22,rough_seed_20,0.02796242312610436,wm060_ws000_we040,lm060_ls020_le020,lm040_ls040_le020,0,0.09172342507914594
11,rough_seed_22,rough_seed_20,0.02796242312610436,wm040_ws060_we000,lm060_ls000_le040,lm040_ls040_le020,0,0.2269874009003014
11,rough_seed_22,rough_seed_20,0.02796242312610436,wm040_ws040_we020,lm040_ls020_le040,lm040_ls040_le020,0,0.19267165723668428
11,rough_seed_22,rough_seed_20,0.02796242312610436,wm040_ws020_we040,lm060_ls020_le020,lm040_ls040_le020,0,0.17154428895773458
11,rough_seed_22,rough_seed_20,0.02796242312610436,wm040_ws000_we060,lm060_ls020_le020,lm040_ls040_le020,0,0.256984051993705
11,rough_seed_22,rough_seed_20,0.02796242312610436,wm020_ws080_we000,lm020_ls020_le060,lm040_ls020_le040,0,0.1216708468231667
11,rough_seed_22,rough_seed_20,0.02796242312610436,wm020_ws060_we020,lm000_ls040_le060,lm040_ls020_le040,0,0.1323276396584846
11,rough_seed_22,rough_seed_20,0.02796242312610436,wm020_ws040_we040,lm000_ls060_le040,lm040_ls020_le040,0,0.030997998752763295
11,rough_seed_22,rough_seed_20,0.02796242312610436,wm020_ws020_we060,lm060_ls020_le020,lm040_ls020_le040,0,0.4068516977402114
11,rough_seed_22,rough_seed_20,0.02796242312610436,wm020_ws000_we080,lm060_ls020_le020,lm040_ls020_le040,0,0.607726521749659
11,rough_seed_22,rough_seed_20,0.02796242312610436,wm000_ws100_we000,lm000_ls000_le100,lm040_ls020_le040,0,0.29575601260210443
11,rough_seed_22,rough_seed_20,0.02796242312610436,wm000_ws080_we020,lm000_ls040_le060,lm040_ls020_le040,0,0.23157034899308748
11,rough_seed_22,rough_seed_20,0.02796242312610436,wm000_ws060_we040,lm000_ls040_le060,lm040_ls020_le040,0,0.46085473905892016
11,rough_seed_22,rough_seed_20,0.02796242312610436,wm000_ws040_we060,lm080_ls000_le020,lm040_ls020_le040,0,0.5743007158726567
11,rough_seed_22,rough_seed_20,0.02796242312610436,wm000_ws020_we080,lm060_ls020_le020,lm040_ls020_le040,0,0.810454756437447
11,rough_seed_22,rough_seed_20,0.02796242312610436,wm000_ws000_we100,lm060_ls020_le020,lm040_ls020_le040,0,1.0113295804468945
11,rough_seed_22,rough_seed_20,0.02796242312610436,balanced,lm000_ls060_le040,lm040_ls040_le020,0,0.1894274549107057
11,rough_seed_22,rough_seed_20,0.02796242312610436,motion,lm080_ls000_le020,lm080_ls020_le000,0,0.06517657456595652
11,rough_seed_22,rough_seed_20,0.02796242312610436,stability,lm000_ls040_le060,lm040_ls020_le040,0,0.09981721947567715
11,rough_seed_22,rough_seed_20,0.02796242312610436,energy,lm060_ls020_le020,lm040_ls020_le040,0,0.5579711684168822
11,rough_seed_20,rough_seed_25,0.020656315107061986,wm100_ws000_we000,lm100_ls000_le000,lm100_ls000_le000,1,0.0
11,rough_seed_20,rough_seed_25,0.020656315107061986,wm080_ws020_we000,lm080_ls000_le020,lm080_ls000_le020,1,0.0
11,rough_seed_20,rough_seed_25,0.020656315107061986,wm080_ws000_we020,lm100_ls000_le000,lm060_ls020_le020,0,0.08495451774536235
11,rough_seed_20,rough_seed_25,0.020656315107061986,wm060_ws040_we000,lm040_ls040_le020,lm000_ls060_le040,0,0.11487882836637112
11,rough_seed_20,rough_seed_25,0.020656315107061986,wm060_ws020_we020,lm080_ls000_le020,lm080_ls000_le020,1,0.0
11,rough_seed_20,rough_seed_25,0.020656315107061986,wm060_ws000_we040,lm100_ls000_le000,lm060_ls020_le020,0,0.3162158883090218
11,rough_seed_20,rough_seed_25,0.020656315107061986,wm040_ws060_we000,lm040_ls020_le040,lm060_ls000_le040,0,0.03148528699412545
11,rough_seed_20,rough_seed_25,0.020656315107061986,wm040_ws040_we020,lm040_ls040_le020,lm040_ls020_le040,0,0.18174431612879158
11,rough_seed_20,rough_seed_25,0.020656315107061986,wm040_ws020_we040,lm080_ls000_le020,lm060_ls020_le020,0,0.01572903633999803
11,rough_seed_20,rough_seed_25,0.020656315107061986,wm040_ws000_we060,lm100_ls000_le000,lm060_ls020_le020,0,0.5474772588726812
11,rough_seed_20,rough_seed_25,0.020656315107061986,wm020_ws080_we000,lm060_ls000_le040,lm020_ls020_le060,0,0.11161337264068148
11,rough_seed_20,rough_seed_25,0.020656315107061986,wm020_ws060_we020,lm040_ls040_le020,lm000_ls040_le060,0,0.4067354300547983
11,rough_seed_20,rough_seed_25,0.020656315107061986,wm020_ws040_we040,lm040_ls040_le020,lm000_ls060_le040,0,0.16354547967037403
11,rough_seed_20,rough_seed_25,0.020656315107061986,wm020_ws020_we060,lm040_ls040_le020,lm060_ls020_le020,0,0.44109334615686435
11,rough_seed_20,rough_seed_25,0.020656315107061986,wm020_ws000_we080,lm100_ls000_le000,lm060_ls020_le020,0,0.7787386294363406
11,rough_seed_20,rough_seed_25,0.020656315107061986,wm000_ws100_we000,lm060_ls000_le040,lm000_ls000_le100,0,0.27980750689581974
11,rough_seed_20,rough_seed_25,0.020656315107061986,wm000_ws080_we020,lm060_ls000_le040,lm000_ls040_le060,0,0.09354332515700328
11,rough_seed_20,rough_seed_25,0.020656315107061986,wm000_ws060_we040,lm040_ls040_le020,lm000_ls040_le060,0,0.27809318265438393
11,rough_seed_20,rough_seed_25,0.020656315107061986,wm000_ws040_we060,lm040_ls040_le020,lm080_ls000_le020,0,0.30996849466512294
11,rough_seed_20,rough_seed_25,0.020656315107061986,wm000_ws020_we080,lm040_ls040_le020,lm060_ls020_le020,0,0.6364289089712019
11,rough_seed_20,rough_seed_25,0.020656315107061986,wm000_ws000_we100,lm020_ls000_le080,lm060_ls020_le020,0,1.502515561344162
11,rough_seed_20,rough_seed_25,0.020656315107061986,balanced,lm040_ls040_le020,lm000_ls060_le040,0,0.13589150167133868
11,rough_seed_20,rough_seed_25,0.020656315107061986,motion,lm080_ls000_le020,lm080_ls000_le020,1,0.0
11,rough_seed_20,rough_seed_25,0.020656315107061986,stability,lm060_ls000_le040,lm000_ls040_le060,0,0.09788404395344312
11,rough_seed_20,rough_seed_25,0.020656315107061986,energy,lm040_ls040_le020,lm060_ls020_le020,0,0.5750318193644894
11,rough_seed_28,rough_seed_20,0.029539154760496636,wm100_ws000_we000,lm100_ls000_le000,lm100_ls000_le000,1,0.0
11,rough_seed_28,rough_seed_20,0.029539154760496636,wm080_ws020_we000,lm080_ls000_le020,lm060_ls040_le000,0,0.6919978426353313
11,rough_seed_28,rough_seed_20,0.029539154760496636,wm080_ws000_we020,lm060_ls020_le020,lm040_ls060_le000,0,0.641907278239384
11,rough_seed_28,rough_seed_20,0.029539154760496636,wm060_ws040_we000,lm000_ls060_le040,lm000_ls100_le000,0,1.5048428978289932
11,rough_seed_28,rough_seed_20,0.029539154760496636,wm060_ws020_we020,lm080_ls000_le020,lm040_ls060_le000,0,0.5665814984414934
11,rough_seed_28,rough_seed_20,0.029539154760496636,wm060_ws000_we040,lm060_ls020_le020,lm000_ls100_le000,0,1.1463681677024895
11,rough_seed_28,rough_seed_20,0.029539154760496636,wm040_ws060_we000,lm060_ls000_le040,lm000_ls100_le000,0,2.214121580790592
11,rough_seed_28,rough_seed_20,0.029539154760496636,wm040_ws040_we020,lm040_ls020_le040,lm000_ls100_le000,0,1.245568525128411
11,rough_seed_28,rough_seed_20,0.029539154760496636,wm040_ws020_we040,lm060_ls020_le020,lm000_ls100_le000,0,1.1939000987844488
11,rough_seed_28,rough_seed_20,0.029539154760496636,wm040_ws000_we060,lm060_ls020_le020,lm000_ls100_le000,0,1.8338870568131007
11,rough_seed_28,rough_seed_20,0.029539154760496636,wm020_ws080_we000,lm020_ls020_le060,lm000_ls100_le000,0,4.1211140931308
11,rough_seed_28,rough_seed_20,0.029539154760496636,wm020_ws060_we020,lm000_ls040_le060,lm000_ls100_le000,0,2.659839377215542
11,rough_seed_28,rough_seed_20,0.029539154760496636,wm020_ws040_we040,lm000_ls060_le040,lm000_ls100_le000,0,1.6004281506512443
11,rough_seed_28,rough_seed_20,0.029539154760496636,wm020_ws020_we060,lm060_ls020_le020,lm000_ls100_le000,0,1.8666165403537136
11,rough_seed_28,rough_seed_20,0.029539154760496636,wm020_ws000_we080,lm060_ls020_le020,lm000_ls100_le000,0,2.4859435612783702
11,rough_seed_28,rough_seed_20,0.029539154760496636,wm000_ws100_we000,lm000_ls000_le100,lm000_ls100_le000,0,9.935767327926113
11,rough_seed_28,rough_seed_20,0.029539154760496636,wm000_ws080_we020,lm000_ls040_le060,lm000_ls100_le000,0,3.581226101662601
11,rough_seed_28,rough_seed_20,0.029539154760496636,wm000_ws060_we040,lm000_ls040_le060,lm000_ls100_le000,0,2.668860229370779
11,rough_seed_28,rough_seed_20,0.029539154760496636,wm000_ws040_we060,lm080_ls000_le020,lm000_ls100_le000,0,2.0321734012945702
11,rough_seed_28,rough_seed_20,0.029539154760496636,wm000_ws020_we080,lm060_ls020_le020,lm000_ls080_le020,0,2.5139786398249133
11,rough_seed_28,rough_seed_20,0.029539154760496636,wm000_ws000_we100,lm060_ls020_le020,lm000_ls080_le020,0,3.2099578318895237
11,rough_seed_28,rough_seed_20,0.029539154760496636,balanced,lm000_ls060_le040,lm000_ls100_le000,0,1.297026045482479
11,rough_seed_28,rough_seed_20,0.029539154760496636,motion,lm080_ls000_le020,lm060_ls040_le000,0,0.5992078595373471
11,rough_seed_28,rough_seed_20,0.029539154760496636,stability,lm000_ls040_le060,lm000_ls100_le000,0,3.118277526400263
11,rough_seed_28,rough_seed_20,0.029539154760496636,energy,lm060_ls020_le020,lm000_ls100_le000,0,2.1763686926438712
11,rough_seed_17,rough_seed_5,0.03353300158183606,wm100_ws000_we000,lm000_ls100_le000,lm060_ls040_le000,0,0.16620916889500173
11,rough_seed_17,rough_seed_5,0.03353300158183606,wm080_ws020_we000,lm020_ls060_le020,lm100_ls000_le000,0,0.45568763675561424
11,rough_seed_17,rough_seed_5,0.03353300158183606,wm080_ws000_we020,lm060_ls040_le000,lm100_ls000_le000,0,0.1472017917293572
11,rough_seed_17,rough_seed_5,0.03353300158183606,wm060_ws040_we000,lm060_ls020_le020,lm100_ls000_le000,0,0.3021017003854983
11,rough_seed_17,rough_seed_5,0.03353300158183606,wm060_ws020_we020,lm020_ls060_le020,lm100_ls000_le000,0,0.30203031404822817
11,rough_seed_17,rough_seed_5,0.03353300158183606,wm060_ws000_we040,lm080_ls020_le000,lm100_ls000_le000,0,0.23014839260193276
11,rough_seed_17,rough_seed_5,0.03353300158183606,wm040_ws060_we000,lm060_ls020_le020,lm100_ls000_le000,0,0.3584788321687353
11,rough_seed_17,rough_seed_5,0.03353300158183606,wm040_ws040_we020,lm060_ls020_le020,lm100_ls000_le000,0,0.22401693587680202
11,rough_seed_17,rough_seed_5,0.03353300158183606,wm040_ws020_we040,lm060_ls020_le020,lm100_ls000_le000,0,0.1191117190697149
11,rough_seed_17,rough_seed_5,0.03353300158183606,wm040_ws000_we060,lm000_ls080_le020,lm100_ls000_le000,0,0.0905007483239641
11,rough_seed_17,rough_seed_5,0.03353300158183606,wm020_ws080_we000,lm020_ls040_le040,lm100_ls000_le000,0,0.159176228579185
11,rough_seed_17,rough_seed_5,0.03353300158183606,wm020_ws060_we020,lm020_ls040_le040,lm100_ls000_le000,0,0.15671851831138128
11,rough_seed_17,rough_seed_5,0.03353300158183606,wm020_ws040_we040,lm000_ls040_le060,lm100_ls000_le000,0,0.865933767560186
11,rough_seed_17,rough_seed_5,0.03353300158183606,wm020_ws020_we060,lm060_ls020_le020,lm100_ls000_le000,0,0.0865956281430788
11,rough_seed_17,rough_seed_5,0.03353300158183606,wm020_ws000_we080,lm020_ls060_le020,lm020_ls060_le020,1,0.0
11,rough_seed_17,rough_seed_5,0.03353300158183606,wm000_ws100_we000,lm000_ls040_le060,lm060_ls000_le040,0,2.026374537004292
11,rough_seed_17,rough_seed_5,0.03353300158183606,wm000_ws080_we020,lm000_ls040_le060,lm100_ls000_le000,0,1.5488563947069658
11,rough_seed_17,rough_seed_5,0.03353300158183606,wm000_ws060_we040,lm000_ls040_le060,lm100_ls000_le000,0,1.1160190071895784
11,rough_seed_17,rough_seed_5,0.03353300158183606,wm000_ws040_we060,lm060_ls020_le020,lm100_ls000_le000,0,0.11465537635957276
11,rough_seed_17,rough_seed_5,0.03353300158183606,wm000_ws020_we080,lm060_ls020_le020,lm020_ls060_le020,0,0.1293110533444367
11,rough_seed_17,rough_seed_5,0.03353300158183606,wm000_ws000_we100,lm020_ls060_le020,lm020_ls060_le020,1,0.0
11,rough_seed_17,rough_seed_5,0.03353300158183606,balanced,lm060_ls020_le020,lm100_ls000_le000,0,0.14204112922934917
11,rough_seed_17,rough_seed_5,0.03353300158183606,motion,lm100_ls000_le000,lm100_ls000_le000,1,0.0
11,rough_seed_17,rough_seed_5,0.03353300158183606,stability,lm020_ls040_le040,lm100_ls000_le000,0,0.14010527791531124
11,rough_seed_17,rough_seed_5,0.03353300158183606,energy,lm060_ls020_le020,lm020_ls060_le020,0,0.13818447031194359
17,rough_seed_13,rough_seed_18,0.03372071134728922,wm100_ws000_we000,lm000_ls100_le000,lm100_ls000_le000,0,0.2552291007542472
17,rough_seed_13,rough_seed_18,0.03372071134728922,wm080_ws020_we000,lm000_ls100_le000,lm080_ls020_le000,0,0.09700151249562154
17,rough_seed_13,rough_seed_18,0.03372071134728922,wm080_ws000_we020,lm000_ls100_le000,lm080_ls020_le000,0,0.06192503757867396
17,rough_seed_13,rough_seed_18,0.03372071134728922,wm060_ws040_we000,lm000_ls100_le000,lm040_ls060_le000,0,0.02401635406050992
17,rough_seed_13,rough_seed_18,0.03372071134728922,wm060_ws020_we020,lm000_ls100_le000,lm080_ls020_le000,0,0.020318838861103
17,rough_seed_13,rough_seed_18,0.03372071134728922,wm060_ws000_we040,lm000_ls100_le000,lm020_ls060_le020,0,0.06668252017710302
17,rough_seed_13,rough_seed_18,0.03372071134728922,wm040_ws060_we000,lm040_ls040_le020,lm040_ls060_le000,0,0.5470967463260838
17,rough_seed_13,rough_seed_18,0.03372071134728922,wm040_ws040_we020,lm000_ls100_le000,lm040_ls060_le000,0,0.008561207046983182
17,rough_seed_13,rough_seed_18,0.03372071134728922,wm040_ws020_we040,lm000_ls100_le000,lm040_ls020_le040,0,0.11032387402055932
17,rough_seed_13,rough_seed_18,0.03372071134728922,wm040_ws000_we060,lm000_ls100_le000,lm060_ls000_le040,0,0.26668652623075606
17,rough_seed_13,rough_seed_18,0.03372071134728922,wm020_ws080_we000,lm040_ls040_le020,lm040_ls060_le000,0,0.8008585596380785
17,rough_seed_13,rough_seed_18,0.03372071134728922,wm020_ws060_we020,lm040_ls040_le020,lm040_ls060_le000,0,0.4792395244552077
17,rough_seed_13,rough_seed_18,0.03372071134728922,wm020_ws040_we040,lm000_ls100_le000,lm020_ls000_le080,0,0.1250224073537972
17,rough_seed_13,rough_seed_18,0.03372071134728922,wm020_ws020_we060,lm000_ls100_le000,lm040_ls000_le060,0,0.3433175893655319
17,rough_seed_13,rough_seed_18,0.03372071134728922,wm020_ws000_we080,lm000_ls100_le000,lm040_ls000_le060,0,0.5191865855797919
17,rough_seed_13,rough_seed_18,0.03372071134728922,wm000_ws100_we000,lm040_ls040_le020,lm040_ls060_le000,0,1.054620372950073
17,rough_seed_13,rough_seed_18,0.03372071134728922,wm000_ws080_we020,lm040_ls040_le020,lm020_ls000_le080,0,0.7194983915787648
17,rough_seed_13,rough_seed_18,0.03372071134728922,wm000_ws060_we040,lm040_ls040_le020,lm020_ls000_le080,0,0.541978191630715
17,rough_seed_13,rough_seed_18,0.03372071134728922,wm000_ws040_we060,lm000_ls100_le000,lm020_ls000_le080,0,0.4275951239078808
17,rough_seed_13,rough_seed_18,0.03372071134728922,wm000_ws020_we080,lm000_ls100_le000,lm020_ls000_le080,0,0.6225342314847239
17,rough_seed_13,rough_seed_18,0.03372071134728922,wm000_ws000_we100,lm000_ls100_le000,lm040_ls000_le060,0,0.8175038639219216
17,rough_seed_13,rough_seed_18,0.03372071134728922,balanced,lm000_ls100_le000,lm080_ls020_le000,0,0.03270896035207965
17,rough_seed_13,rough_seed_18,0.03372071134728922,motion,lm000_ls100_le000,lm080_ls020_le000,0,0.07115253433137764
17,rough_seed_13,rough_seed_18,0.03372071134728922,stability,lm040_ls040_le020,lm040_ls060_le000,0,0.6230847365789239
17,rough_seed_13,rough_seed_18,0.03372071134728922,energy,lm000_ls100_le000,lm040_ls000_le060,0,0.4618641580046294
17,rough_seed_7,rough_seed_5,0.03609859271508346,wm100_ws000_we000,lm000_ls100_le000,lm100_ls000_le000,0,0.1556219893731322
17,rough_seed_7,rough_seed_5,0.03609859271508346,wm080_ws020_we000,lm020_ls060_le020,lm080_ls020_le000,0,0.16591749346396836
17,rough_seed_7,rough_seed_5,0.03609859271508346,wm080_ws000_we020,lm060_ls040_le000,lm000_ls100_le000,0,0.07377457538928675
17,rough_seed_7,rough_seed_5,0.03609859271508346,wm060_ws040_we000,lm060_ls020_le020,lm080_ls020_le000,0,0.244982768917322
17,rough_seed_7,rough_seed_5,0.03609859271508346,wm060_ws020_we020,lm020_ls060_le020,lm000_ls100_le000,0,0.047440488616420695
17,rough_seed_7,rough_seed_5,0.03609859271508346,wm060_ws000_we040,lm080_ls020_le000,lm040_ls040_le020,0,0.21274477716896736
17,rough_seed_7,rough_seed_5,0.03609859271508346,wm040_ws060_we000,lm060_ls020_le020,lm080_ls020_le000,0,0.3671248580384804
17,rough_seed_7,rough_seed_5,0.03609859271508346,wm040_ws040_we020,lm060_ls020_le020,lm020_ls080_le000,0,0.2220602966363716
17,rough_seed_7,rough_seed_5,0.03609859271508346,wm040_ws020_we040,lm060_ls020_le020,lm040_ls020_le040,0,0.18289839361111665
17,rough_seed_7,rough_seed_5,0.03609859271508346,wm040_ws000_we060,lm000_ls080_le020,lm040_ls020_le040,0,0.13827169934175015
17,rough_seed_7,rough_seed_5,0.03609859271508346,wm020_ws080_we000,lm020_ls040_le040,lm000_ls060_le040,0,0.5398616554101336
17,rough_seed_7,rough_seed_5,0.03609859271508346,wm020_ws060_we020,lm020_ls040_le040,lm000_ls060_le040,0,0.4044573825591733
17,rough_seed_7,rough_seed_5,0.03609859271508346,wm020_ws040_we040,lm000_ls040_le060,lm000_ls040_le060,1,0.0
17,rough_seed_7,rough_seed_5,0.03609859271508346,wm020_ws020_we060,lm060_ls020_le020,lm040_ls020_le040,0,0.3775356091167842
17,rough_seed_7,rough_seed_5,0.03609859271508346,wm020_ws000_we080,lm020_ls060_le020,lm020_ls020_le060,0,0.2773899087197262
17,rough_seed_7,rough_seed_5,0.03609859271508346,wm000_ws100_we000,lm000_ls040_le060,lm020_ls020_le060,0,0.4750165312451118
17,rough_seed_7,rough_seed_5,0.03609859271508346,wm000_ws080_we020,lm000_ls040_le060,lm020_ls020_le060,0,0.3806829549597384
17,rough_seed_7,rough_seed_5,0.03609859271508346,wm000_ws060_we040,lm000_ls040_le060,lm020_ls020_le060,0,0.28634937867436505
17,rough_seed_7,rough_seed_5,0.03609859271508346,wm000_ws040_we060,lm060_ls020_le020,lm020_ls020_le060,0,0.5496950386822334
17,rough_seed_7,rough_seed_5,0.03609859271508346,wm000_ws020_we080,lm060_ls020_le020,lm020_ls020_le060,0,0.7295943365989371
17,rough_seed_7,rough_seed_5,0.03609859271508346,wm000_ws000_we100,lm020_ls060_le020,lm020_ls020_le060,0,0.5984810906930279
17,rough_seed_7,rough_seed_5,0.03609859271508346,balanced,lm060_ls020_le020,lm000_ls060_le040,0,0.11608609226524153
17,rough_seed_7,rough_seed_5,0.03609859271508346,motion,lm100_ls000_le000,lm000_ls100_le000,0,0.007110061757766156
17,rough_seed_7,rough_seed_5,0.03609859271508346,stability,lm020_ls040_le040,lm020_ls020_le060,0,0.49080240848649415
17,rough_seed_7,rough_seed_5,0.03609859271508346,energy,lm060_ls020_le020,lm020_ls020_le060,0,0.48681445600983564
17,rough_seed_15,rough_seed_18,0.03619974072003531,wm100_ws000_we000,lm000_ls100_le000,lm040_ls060_le000,0,0.04334695684378129
17,rough_seed_15,rough_seed_18,0.03619974072003531,wm080_ws020_we000,lm000_ls100_le000,lm080_ls020_le000,0,0.1004391414930495
17,rough_seed_15,rough_seed_18,0.03619974072003531,wm080_ws000_we020,lm000_ls100_le000,lm020_ls060_le020,0,0.11864741217035818
17,rough_seed_15,rough_seed_18,0.03619974072003531,wm060_ws040_we000,lm000_ls100_le000,lm060_ls040_le000,0,0.259451905567282
17,rough_seed_15,rough_seed_18,0.03619974072003531,wm060_ws020_we020,lm000_ls100_le000,lm060_ls040_le000,0,0.0993409806749303
17,rough_seed_15,rough_seed_18,0.03619974072003531,wm060_ws000_we040,lm000_ls100_le000,lm000_ls080_le020,0,0.2382998414550778
17,rough_seed_15,rough_seed_18,0.03619974072003531,wm040_ws060_we000,lm040_ls040_le020,lm060_ls040_le000,0,0.3897739338756264
17,rough_seed_15,rough_seed_18,0.03619974072003531,wm040_ws040_we020,lm000_ls100_le000,lm060_ls040_le000,0,0.26038466038256025
17,rough_seed_15,rough_seed_18,0.03619974072003531,wm040_ws020_we040,lm000_ls100_le000,lm000_ls080_le020,0,0.2250782862651057
17,rough_seed_15,rough_seed_18,0.03619974072003531,wm040_ws000_we060,lm000_ls100_le000,lm000_ls080_le020,0,0.44369882791500276
17,rough_seed_15,rough_seed_18,0.03619974072003531,wm020_ws080_we000,lm040_ls040_le020,lm000_ls060_le040,0,0.6165182729935832
17,rough_seed_15,rough_seed_18,0.03619974072003531,wm020_ws060_we020,lm040_ls040_le020,lm020_ls040_le040,0,0.4531147233326407
17,rough_seed_15,rough_seed_18,0.03619974072003531,wm020_ws040_we040,lm000_ls100_le000,lm060_ls040_le000,0,0.199710258510842
17,rough_seed_15,rough_seed_18,0.03619974072003531,wm020_ws020_we060,lm000_ls100_le000,lm000_ls080_le020,0,0.39623424118932676
17,rough_seed_15,rough_seed_18,0.03619974072003531,wm020_ws000_we080,lm000_ls100_le000,lm000_ls080_le020,0,0.6490978143749279
17,rough_seed_15,rough_seed_18,0.03619974072003531,wm000_ws100_we000,lm040_ls040_le020,lm000_ls040_le060,0,0.9817642356199189
17,rough_seed_15,rough_seed_18,0.03619974072003531,wm000_ws080_we020,lm040_ls040_le020,lm000_ls040_le060,0,0.7021705437840081
17,rough_seed_15,rough_seed_18,0.03619974072003531,wm000_ws060_we040,lm040_ls040_le020,lm000_ls040_le060,0,0.42257685194809724
17,rough_seed_15,rough_seed_18,0.03619974072003531,wm000_ws040_we060,lm000_ls100_le000,lm000_ls080_le020,0,0.2802835913922429
17,rough_seed_15,rough_seed_18,0.03619974072003531,wm000_ws020_we080,lm000_ls100_le000,lm000_ls080_le020,0,0.5673901961135479
17,rough_seed_15,rough_seed_18,0.03619974072003531,wm000_ws000_we100,lm000_ls100_le000,lm000_ls080_le020,0,0.8544968008348529
17,rough_seed_15,rough_seed_18,0.03619974072003531,balanced,lm000_ls100_le000,lm060_ls040_le000,0,0.16625383256553808
17,rough_seed_15,rough_seed_18,0.03619974072003531,motion,lm000_ls100_le000,lm040_ls060_le000,0,0.0680127075617049
17,rough_seed_15,rough_seed_18,0.03619974072003531,stability,lm040_ls040_le020,lm000_ls040_le060,0,0.5356431541960421
17,rough_seed_15,rough_seed_18,0.03619974072003531,energy,lm000_ls100_le000,lm000_ls080_le020,0,0.5107998811007083
17,rough_seed_0,rough_seed_29,0.03716741390581859,wm100_ws000_we000,lm100_ls000_le000,lm080_ls020_le000,0,0.10619701109911484
17,rough_seed_0,rough_seed_29,0.03716741390581859,wm080_ws020_we000,lm100_ls000_le000,lm100_ls000_le000,1,0.0
17,rough_seed_0,rough_seed_29,0.03716741390581859,wm080_ws000_we020,lm060_ls040_le000,lm060_ls040_le000,1,0.0
17,rough_seed_0,rough_seed_29,0.03716741390581859,wm060_ws040_we000,lm060_ls040_le000,lm100_ls000_le000,0,0.0012496466946972928
17,rough_seed_0,rough_seed_29,0.03716741390581859,wm060_ws020_we020,lm060_ls040_le000,lm100_ls000_le000,0,0.0007869545660379451
17,rough_seed_0,rough_seed_29,0.03716741390581859,wm060_ws000_we040,lm060_ls040_le000,lm060_ls040_le000,1,0.0
17,rough_seed_0,rough_seed_29,0.03716741390581859,wm040_ws060_we000,lm040_ls060_le000,lm060_ls000_le040,0,0.7138502715534418
17,rough_seed_0,rough_seed_29,0.03716741390581859,wm040_ws040_we020,lm040_ls060_le000,lm100_ls000_le000,0,0.39642341795650454
17,rough_seed_0,rough_seed_29,0.03716741390581859,wm040_ws020_we040,lm060_ls040_le000,lm100_ls000_le000,0,0.001028062241099692
17,rough_seed_0,rough_seed_29,0.03716741390581859,wm040_ws000_we060,lm080_ls020_le000,lm100_ls000_le000,0,0.2511986095877981
17,rough_seed_0,rough_seed_29,0.03716741390581859,wm020_ws080_we000,lm080_ls020_le000,lm060_ls000_le040,0,0.6715054323187577
17,rough_seed_0,rough_seed_29,0.03716741390581859,wm020_ws060_we020,lm080_ls020_le000,lm000_ls060_le040,0,0.4591089483824853
17,rough_seed_0,rough_seed_29,0.03716741390581859,wm020_ws040_we040,lm080_ls020_le000,lm000_ls040_le060,0,0.20203819026923883
17,rough_seed_0,rough_seed_29,0.03716741390581859,wm020_ws020_we060,lm080_ls020_le000,lm100_ls000_le000,0,0.1641926964808276
17,rough_seed_0,rough_seed_29,0.03716741390581859,wm020_ws000_we080,lm080_ls000_le020,lm100_ls000_le000,0,0.547354711924831
17,rough_seed_0,rough_seed_29,0.03716741390581859,wm000_ws100_we000,lm080_ls020_le000,lm000_ls040_le060,0,1.01
17,rough_seed_0,rough_seed_29,0.03716741390581859,wm000_ws080_we020,lm080_ls020_le000,lm000_ls040_le060,0,0.713005369643609
17,rough_seed_0,rough_seed_29,0.03716741390581859,wm000_ws060_we040,lm080_ls020_le000,lm000_ls040_le060,0,0.4160107392872179
17,rough_seed_0,rough_seed_29,0.03716741390581859,wm000_ws040_we060,lm080_ls020_le000,lm100_ls000_le000,0,0.14435884429753043
17,rough_seed_0,rough_seed_29,0.03716741390581859,wm000_ws020_we080,lm040_ls040_le020,lm100_ls000_le000,0,0.4022338861377538
17,rough_seed_0,rough_seed_29,0.03716741390581859,wm000_ws000_we100,lm080_ls000_le020,lm100_ls000_le000,0,0.7104021498141614
17,rough_seed_0,rough_seed_29,0.03716741390581859,balanced,lm060_ls040_le000,lm100_ls000_le000,0,0.0014168928852264784
17,rough_seed_0,rough_seed_29,0.03716741390581859,motion,lm060_ls040_le000,lm100_ls000_le000,0,0.0005507276963422764
17,rough_seed_0,rough_seed_29,0.03716741390581859,stability,lm080_ls020_le000,lm000_ls060_le040,0,0.5967024525826499
17,rough_seed_0,rough_seed_29,0.03716741390581859,energy,lm080_ls000_le020,lm100_ls000_le000,0,0.4006664822516466
17,rough_seed_5,rough_seed_20,0.027642678154035313,wm100_ws000_we000,lm100_ls000_le000,lm000_ls100_le000,0,0.07993338923685919
17,rough_seed_5,rough_seed_20,0.027642678154035313,wm080_ws020_we000,lm080_ls000_le020,lm020_ls060_le020,0,0.13264722961626557
17,rough_seed_5,rough_seed_20,0.027642678154035313,wm080_ws000_we020,lm060_ls020_le020,lm060_ls040_le000,0,0.19829155385715025
17,rough_seed_5,rough_seed_20,0.027642678154035313,wm060_ws040_we000,lm000_ls060_le040,lm060_ls020_le020,0,0.3143209184783374
17,rough_seed_5,rough_seed_20,0.027642678154035313,wm060_ws020_we020,lm080_ls000_le020,lm020_ls060_le020,0,0.06492773284257167
17,rough_seed_5,rough_seed_20,0.027642678154035313,wm060_ws000_we040,lm060_ls020_le020,lm080_ls020_le000,0,0.12130412869393269
17,rough_seed_5,rough_seed_20,0.027642678154035313,wm040_ws060_we000,lm060_ls000_le040,lm060_ls020_le020,0,0.025882431685077145
17,rough_seed_5,rough_seed_20,0.027642678154035313,wm040_ws040_we020,lm040_ls020_le040,lm060_ls020_le020,0,0.14547425884553394
17,rough_seed_5,rough_seed_20,0.027642678154035313,wm040_ws020_we040,lm060_ls020_le020,lm060_ls020_le020,1,0.0
17,rough_seed_5,rough_seed_20,0.027642678154035313,wm040_ws000_we060,lm060_ls020_le020,lm000_ls080_le020,0,0.06388077250789115
17,rough_seed_5,rough_seed_20,0.027642678154035313,wm020_ws080_we000,lm020_ls020_le060,lm020_ls040_le040,0,0.017305736878379774
17,rough_seed_5,rough_seed_20,0.027642678154035313,wm020_ws060_we020,lm000_ls040_le060,lm020_ls040_le040,0,0.01606667926839861
17,rough_seed_5,rough_seed_20,0.027642678154035313,wm020_ws040_we040,lm000_ls060_le040,lm000_ls040_le060,0,0.20237742738944983
17,rough_seed_5,rough_seed_20,0.027642678154035313,wm020_ws020_we060,lm060_ls020_le020,lm060_ls020_le020,1,0.0
17,rough_seed_5,rough_seed_20,0.027642678154035313,wm020_ws000_we080,lm060_ls020_le020,lm020_ls060_le020,0,0.06222626491854789
17,rough_seed_5,rough_seed_20,0.027642678154035313,wm000_ws100_we000,lm000_ls000_le100,lm000_ls040_le060,0,0.18069268083781717
17,rough_seed_5,rough_seed_20,0.027642678154035313,wm000_ws080_we020,lm000_ls040_le060,lm000_ls040_le060,1,0.0
17,rough_seed_5,rough_seed_20,0.027642678154035313,wm000_ws060_we040,lm000_ls040_le060,lm000_ls040_le060,1,0.0
17,rough_seed_5,rough_seed_20,0.027642678154035313,wm000_ws040_we060,lm080_ls000_le020,lm060_ls020_le020,0,0.011436351396462763
17,rough_seed_5,rough_seed_20,0.027642678154035313,wm000_ws020_we080,lm060_ls020_le020,lm060_ls020_le020,1,0.0
17,rough_seed_5,rough_seed_20,0.027642678154035313,wm000_ws000_we100,lm060_ls020_le020,lm020_ls060_le020,0,0.11666076961149235
17,rough_seed_5,rough_seed_20,0.027642678154035313,balanced,lm000_ls060_le040,lm060_ls020_le020,0,0.13689095642851945
17,rough_seed_5,rough_seed_20,0.027642678154035313,motion,lm080_ls000_le020,lm100_ls000_le000,0,0.13264142087106134
17,rough_seed_5,rough_seed_20,0.027642678154035313,stability,lm000_ls040_le060,lm020_ls040_le040,0,0.01164500372354349
17,rough_seed_5,rough_seed_20,0.027642678154035313,energy,lm060_ls020_le020,lm060_ls020_le020,1,0.0
17,rough_seed_11,rough_seed_25,0.02529621237606391,wm100_ws000_we000,lm100_ls000_le000,lm100_ls000_le000,1,0.0
17,rough_seed_11,rough_seed_25,0.02529621237606391,wm080_ws020_we000,lm080_ls000_le020,lm080_ls020_le000,0,2.1354641400702934
17,rough_seed_11,rough_seed_25,0.02529621237606391,wm080_ws000_we020,lm100_ls000_le000,lm100_ls000_le000,1,0.0
17,rough_seed_11,rough_seed_25,0.02529621237606391,wm060_ws040_we000,lm040_ls040_le020,lm080_ls020_le000,0,1.288691411737557
17,rough_seed_11,rough_seed_25,0.02529621237606391,wm060_ws020_we020,lm080_ls000_le020,lm100_ls000_le000,0,1.5521758724907906
17,rough_seed_11,rough_seed_25,0.02529621237606391,wm060_ws000_we040,lm100_ls000_le000,lm100_ls000_le000,1,0.0
17,rough_seed_11,rough_seed_25,0.02529621237606391,wm040_ws060_we000,lm040_ls020_le040,lm020_ls080_le000,0,1.1561479405395574
17,rough_seed_11,rough_seed_25,0.02529621237606391,wm040_ws040_we020,lm040_ls040_le020,lm020_ls080_le000,0,0.7648485316839686
17,rough_seed_11,rough_seed_25,0.02529621237606391,wm040_ws020_we040,lm080_ls000_le020,lm020_ls080_le000,0,0.8120492097802556
17,rough_seed_11,rough_seed_25,0.02529621237606391,wm040_ws000_we060,lm100_ls000_le000,lm020_ls080_le000,0,0.23191682346871734
17,rough_seed_11,rough_seed_25,0.02529621237606391,wm020_ws080_we000,lm060_ls000_le040,lm020_ls080_le000,0,0.6318502982233888
17,rough_seed_11,rough_seed_25,0.02529621237606391,wm020_ws060_we020,lm040_ls040_le020,lm020_ls080_le000,0,0.385844206584111
17,rough_seed_11,rough_seed_25,0.02529621237606391,wm020_ws040_we040,lm040_ls040_le020,lm020_ls080_le000,0,0.8327411186969156
17,rough_seed_11,rough_seed_25,0.02529621237606391,wm020_ws020_we060,lm040_ls040_le020,lm020_ls080_le000,0,1.3319835789333498
17,rough_seed_11,rough_seed_25,0.02529621237606391,wm020_ws000_we080,lm100_ls000_le000,lm000_ls100_le000,0,0.595271180557627
17,rough_seed_11,rough_seed_25,0.02529621237606391,wm000_ws100_we000,lm060_ls000_le040,lm020_ls080_le000,0,0.3459023968230178
17,rough_seed_11,rough_seed_25,0.02529621237606391,wm000_ws080_we020,lm060_ls000_le040,lm000_ls100_le000,0,0.7328636660443681
17,rough_seed_11,rough_seed_25,0.02529621237606391,wm000_ws060_we040,lm040_ls040_le020,lm000_ls100_le000,0,1.0026483310600083
17,rough_seed_11,rough_seed_25,0.02529621237606391,wm000_ws040_we060,lm040_ls040_le020,lm000_ls100_le000,0,1.509495665368579
17,rough_seed_11,rough_seed_25,0.02529621237606391,wm000_ws020_we080,lm040_ls040_le020,lm000_ls100_le000,0,2.0163429996771494
17,rough_seed_11,rough_seed_25,0.02529621237606391,wm000_ws000_we100,lm020_ls000_le080,lm000_ls100_le000,0,4.5026255345424335
17,rough_seed_11,rough_seed_25,0.02529621237606391,balanced,lm040_ls040_le020,lm020_ls080_le000,0,0.6410250701151684
17,rough_seed_11,rough_seed_25,0.02529621237606391,motion,lm080_ls000_le020,lm100_ls000_le000,0,1.8935928542009015
17,rough_seed_11,rough_seed_25,0.02529621237606391,stability,lm060_ls000_le040,lm020_ls080_le000,0,0.4792746416983237
17,rough_seed_11,rough_seed_25,0.02529621237606391,energy,lm040_ls040_le020,lm000_ls100_le000,0,1.6193443514917225
17,rough_seed_4,rough_seed_11,0.03181431844066288,wm100_ws000_we000,lm100_ls000_le000,lm080_ls020_le000,0,4.754650046730866
17,rough_seed_4,rough_seed_11,0.03181431844066288,wm080_ws020_we000,lm080_ls020_le000,lm020_ls080_le000,0,0.09839965110788759
17,rough_seed_4,rough_seed_11,0.03181431844066288,wm080_ws000_we020,lm100_ls000_le000,lm020_ls080_le000,0,3.7566741279533673
17,rough_seed_4,rough_seed_11,0.03181431844066288,wm060_ws040_we000,lm080_ls020_le000,lm020_ls080_le000,0,0.1973985281156008
17,rough_seed_4,rough_seed_11,0.03181431844066288,wm060_ws020_we020,lm100_ls000_le000,lm020_ls080_le000,0,2.7526953415465973
17,rough_seed_4,rough_seed_11,0.03181431844066288,wm060_ws000_we040,lm100_ls000_le000,lm020_ls080_le000,0,2.7942562350005606
17,rough_seed_4,rough_seed_11,0.03181431844066288,wm040_ws060_we000,lm020_ls080_le000,lm020_ls080_le000,1,0.0
17,rough_seed_4,rough_seed_11,0.03181431844066288,wm040_ws040_we020,lm020_ls080_le000,lm020_ls080_le000,1,0.0
17,rough_seed_4,rough_seed_11,0.03181431844066288,wm040_ws020_we040,lm020_ls080_le000,lm020_ls080_le000,1,0.0
17,rough_seed_4,rough_seed_11,0.03181431844066288,wm040_ws000_we060,lm020_ls080_le000,lm060_ls040_le000,0,0.015373255811898606
17,rough_seed_4,rough_seed_11,0.03181431844066288,wm020_ws080_we000,lm020_ls080_le000,lm000_ls100_le000,0,0.21060371786897286
17,rough_seed_4,rough_seed_11,0.03181431844066288,wm020_ws060_we020,lm020_ls080_le000,lm000_ls100_le000,0,0.10778733641695704
17,rough_seed_4,rough_seed_11,0.03181431844066288,wm020_ws040_we040,lm020_ls080_le000,lm000_ls100_le000,0,0.004970954964941265
17,rough_seed_4,rough_seed_11,0.03181431844066288,wm020_ws020_we060,lm020_ls080_le000,lm020_ls080_le000,1,0.0
17,rough_seed_4,rough_seed_11,0.03181431844066288,wm020_ws000_we080,lm000_ls100_le000,lm060_ls040_le000,0,0.10234880565295623
17,rough_seed_4,rough_seed_11,0.03181431844066288,wm000_ws100_we000,lm020_ls080_le000,lm000_ls100_le000,0,0.5156048408612597
17,rough_seed_4,rough_seed_11,0.03181431844066288,wm000_ws080_we020,lm000_ls100_le000,lm000_ls100_le000,1,0.0
17,rough_seed_4,rough_seed_11,0.03181431844066288,wm000_ws060_we040,lm000_ls100_le000,lm000_ls100_le000,1,0.0
17,rough_seed_4,rough_seed_11,0.03181431844066288,wm000_ws040_we060,lm000_ls100_le000,lm000_ls100_le000,1,0.0
17,rough_seed_4,rough_seed_11,0.03181431844066288,wm000_ws020_we080,lm000_ls100_le000,lm000_ls100_le000,1,0.0
17,rough_seed_4,rough_seed_11,0.03181431844066288,wm000_ws000_we100,lm000_ls100_le000,lm000_ls100_le000,1,0.0
17,rough_seed_4,rough_seed_11,0.03181431844066288,balanced,lm020_ls080_le000,lm020_ls080_le000,1,0.0
17,rough_seed_4,rough_seed_11,0.03181431844066288,motion,lm100_ls000_le000,lm020_ls080_le000,0,3.2530342113677087
17,rough_seed_4,rough_seed_11,0.03181431844066288,stability,lm020_ls080_le000,lm000_ls100_le000,0,0.20974171252803267
17,rough_seed_4,rough_seed_11,0.03181431844066288,energy,lm000_ls100_le000,lm020_ls080_le000,0,0.042972960747891364
17,rough_seed_25,rough_seed_20,0.022037529572129386,wm100_ws000_we000,lm100_ls000_le000,lm100_ls000_le000,1,0.0
17,rough_seed_25,rough_seed_20,0.022037529572129386,wm080_ws020_we000,lm080_ls000_le020,lm080_ls000_le020,1,0.0
17,rough_seed_25,rough_seed_20,0.022037529572129386,wm080_ws000_we020,lm060_ls020_le020,lm100_ls000_le000,0,0.1298429122893877
17,rough_seed_25,rough_seed_20,0.022037529572129386,wm060_ws040_we000,lm000_ls060_le040,lm040_ls040_le020,0,0.07428654294071038
17,rough_seed_25,rough_seed_20,0.022037529572129386,wm060_ws020_we020,lm080_ls000_le020,lm080_ls000_le020,1,0.0
17,rough_seed_25,rough_seed_20,0.022037529572129386,wm060_ws000_we040,lm060_ls020_le020,lm100_ls000_le000,0,0.07826838498388322
17,rough_seed_25,rough_seed_20,0.022037529572129386,wm040_ws060_we000,lm060_ls000_le040,lm040_ls020_le040,0,0.01405065671602368
17,rough_seed_25,rough_seed_20,0.022037529572129386,wm040_ws040_we020,lm040_ls020_le040,lm040_ls040_le020,0,0.10254147710447435
17,rough_seed_25,rough_seed_20,0.022037529572129386,wm040_ws020_we040,lm060_ls020_le020,lm080_ls000_le020,0,0.014175989978561246
17,rough_seed_25,rough_seed_20,0.022037529572129386,wm040_ws000_we060,lm060_ls020_le020,lm100_ls000_le000,0,0.10756036660727157
17,rough_seed_25,rough_seed_20,0.022037529572129386,wm020_ws080_we000,lm020_ls020_le060,lm060_ls000_le040,0,1.2617878153575424
17,rough_seed_25,rough_seed_20,0.022037529572129386,wm020_ws060_we020,lm000_ls040_le060,lm040_ls040_le020,0,0.8488148575716874
17,rough_seed_25,rough_seed_20,0.022037529572129386,wm020_ws040_we040,lm000_ls060_le040,lm040_ls040_le020,0,0.38321354836975696
17,rough_seed_25,rough_seed_20,0.022037529572129386,wm020_ws020_we060,lm060_ls020_le020,lm040_ls040_le020,0,0.10405014457053319
17,rough_seed_25,rough_seed_20,0.022037529572129386,wm020_ws000_we080,lm060_ls020_le020,lm100_ls000_le000,0,0.14281508471862317
17,rough_seed_25,rough_seed_20,0.022037529572129386,wm000_ws100_we000,lm000_ls000_le100,lm060_ls000_le040,0,0.9485873613742603
17,rough_seed_25,rough_seed_20,0.022037529572129386,wm000_ws080_we020,lm000_ls040_le060,lm060_ls000_le040,0,1.1736860267869018
17,rough_seed_25,rough_seed_20,0.022037529572129386,wm000_ws060_we040,lm000_ls040_le060,lm040_ls040_le020,0,0.8491835271066763
17,rough_seed_25,rough_seed_20,0.022037529572129386,wm000_ws040_we060,lm080_ls000_le020,lm040_ls040_le020,0,0.05253391610729738
17,rough_seed_25,rough_seed_20,0.022037529572129386,wm000_ws020_we080,lm060_ls020_le020,lm040_ls040_le020,0,0.14068046688557378
17,rough_seed_25,rough_seed_20,0.022037529572129386,wm000_ws000_we100,lm060_ls020_le020,lm020_ls000_le080,0,0.2570702497602311
17,rough_seed_25,rough_seed_20,0.022037529572129386,balanced,lm000_ls060_le040,lm040_ls040_le020,0,0.3195472356950745
17,rough_seed_25,rough_seed_20,0.022037529572129386,motion,lm080_ls000_le020,lm080_ls000_le020,1,0.0
17,rough_seed_25,rough_seed_20,0.022037529572129386,stability,lm000_ls040_le060,lm060_ls000_le040,0,1.0469966628044642
17,rough_seed_25,rough_seed_20,0.022037529572129386,energy,lm060_ls020_le020,lm040_ls040_le020,0,0.12298050130616693
17,rough_seed_12,rough_seed_11,0.02732087694148443,wm100_ws000_we000,lm100_ls000_le000,lm100_ls000_le000,1,0.0
17,rough_seed_12,rough_seed_11,0.02732087694148443,wm080_ws020_we000,lm080_ls020_le000,lm100_ls000_le000,0,0.1610375623770114
17,rough_seed_12,rough_seed_11,0.02732087694148443,wm080_ws000_we020,lm100_ls000_le000,lm100_ls000_le000,1,0.0
17,rough_seed_12,rough_seed_11,0.02732087694148443,wm060_ws040_we000,lm080_ls020_le000,lm100_ls000_le000,0,0.3216766097399084
17,rough_seed_12,rough_seed_11,0.02732087694148443,wm060_ws020_we020,lm100_ls000_le000,lm100_ls000_le000,1,0.0
17,rough_seed_12,rough_seed_11,0.02732087694148443,wm060_ws000_we040,lm100_ls000_le000,lm100_ls000_le000,1,0.0
17,rough_seed_12,rough_seed_11,0.02732087694148443,wm040_ws060_we000,lm020_ls080_le000,lm040_ls040_le020,0,0.39466507661411054
17,rough_seed_12,rough_seed_11,0.02732087694148443,wm040_ws040_we020,lm020_ls080_le000,lm080_ls000_le020,0,0.166706542994004
17,rough_seed_12,rough_seed_11,0.02732087694148443,wm040_ws020_we040,lm020_ls080_le000,lm100_ls000_le000,0,0.4549548538181382
17,rough_seed_12,rough_seed_11,0.02732087694148443,wm040_ws000_we060,lm020_ls080_le000,lm100_ls000_le000,0,0.9803413936115675
17,rough_seed_12,rough_seed_11,0.02732087694148443,wm020_ws080_we000,lm020_ls080_le000,lm040_ls040_le020,0,0.8609726511459384
17,rough_seed_12,rough_seed_11,0.02732087694148443,wm020_ws060_we020,lm020_ls080_le000,lm040_ls040_le020,0,0.5973330507119367
17,rough_seed_12,rough_seed_11,0.02732087694148443,wm020_ws040_we040,lm020_ls080_le000,lm040_ls040_le020,0,0.3713268556663987
17,rough_seed_12,rough_seed_11,0.02732087694148443,wm020_ws020_we060,lm020_ls080_le000,lm100_ls000_le000,0,0.7798212006824512
17,rough_seed_12,rough_seed_11,0.02732087694148443,wm020_ws000_we080,lm000_ls100_le000,lm100_ls000_le000,0,1.682103057552764
17,rough_seed_12,rough_seed_11,0.02732087694148443,wm000_ws100_we000,lm020_ls080_le000,lm040_ls040_le020,0,1.3272802256777656
17,rough_seed_12,rough_seed_11,0.02732087694148443,wm000_ws080_we020,lm000_ls100_le000,lm040_ls040_le020,0,1.2895681233307752
17,rough_seed_12,rough_seed_11,0.02732087694148443,wm000_ws060_we040,lm000_ls100_le000,lm040_ls040_le020,0,0.7941846077260204
17,rough_seed_12,rough_seed_11,0.02732087694148443,wm000_ws040_we060,lm000_ls100_le000,lm100_ls000_le000,0,0.8637656978815723
17,rough_seed_12,rough_seed_11,0.02732087694148443,wm000_ws020_we080,lm000_ls100_le000,lm100_ls000_le000,0,1.4824633343406592
17,rough_seed_12,rough_seed_11,0.02732087694148443,wm000_ws000_we100,lm000_ls100_le000,lm100_ls000_le000,0,2.1011609707997456
17,rough_seed_12,rough_seed_11,0.02732087694148443,balanced,lm020_ls080_le000,lm100_ls000_le000,0,0.212985942910623
17,rough_seed_12,rough_seed_11,0.02732087694148443,motion,lm100_ls000_le000,lm100_ls000_le000,1,0.0
17,rough_seed_12,rough_seed_11,0.02732087694148443,stability,lm020_ls080_le000,lm040_ls040_le020,0,0.7798198444533939
17,rough_seed_12,rough_seed_11,0.02732087694148443,energy,lm000_ls100_le000,lm100_ls000_le000,0,1.3228443085201944
17,rough_seed_6,rough_seed_8,0.027952054366840715,wm100_ws000_we000,lm080_ls020_le000,lm080_ls020_le000,1,0.0
17,rough_seed_6,rough_seed_8,0.027952054366840715,wm080_ws020_we000,lm080_ls020_le000,lm020_ls080_le000,0,0.08433093818259978
17,rough_seed_6,rough_seed_8,0.027952054366840715,wm080_ws000_we020,lm100_ls000_le000,lm100_ls000_le000,1,0.0
17,rough_seed_6,rough_seed_8,0.027952054366840715,wm060_ws040_we000,lm080_ls020_le000,lm000_ls080_le020,0,0.20886232824232728
17,rough_seed_6,rough_seed_8,0.027952054366840715,wm060_ws020_we020,lm080_ls020_le000,lm020_ls080_le000,0,0.08520084321564392
17,rough_seed_6,rough_seed_8,0.027952054366840715,wm060_ws000_we040,lm100_ls000_le000,lm100_ls000_le000,1,0.0
17,rough_seed_6,rough_seed_8,0.027952054366840715,wm040_ws060_we000,lm080_ls020_le000,lm040_ls020_le040,0,0.3766350118542
17,rough_seed_6,rough_seed_8,0.027952054366840715,wm040_ws040_we020,lm080_ls020_le000,lm000_ls080_le020,0,0.23504698157335807
17,rough_seed_6,rough_seed_8,0.027952054366840715,wm040_ws020_we040,lm100_ls000_le000,lm020_ls080_le000,0,0.052026991646858145
17,rough_seed_6,rough_seed_8,0.027952054366840715,wm040_ws000_we060,lm100_ls000_le000,lm100_ls000_le000,1,0.0
17,rough_seed_6,rough_seed_8,0.027952054366840715,wm020_ws080_we000,lm080_ls020_le000,lm020_ls040_le040,0,0.6870138134016378
17,rough_seed_6,rough_seed_8,0.027952054366840715,wm020_ws060_we020,lm080_ls020_le000,lm000_ls060_le040,0,0.4828301378818823
17,rough_seed_6,rough_seed_8,0.027952054366840715,wm020_ws040_we040,lm040_ls060_le000,lm000_ls080_le020,0,0.1554434681994197
17,rough_seed_6,rough_seed_8,0.027952054366840715,wm020_ws020_we060,lm040_ls060_le000,lm020_ls080_le000,0,0.04295936997090953
17,rough_seed_6,rough_seed_8,0.027952054366840715,wm020_ws000_we080,lm040_ls060_le000,lm100_ls000_le000,0,0.09365597498634946
17,rough_seed_6,rough_seed_8,0.027952054366840715,wm000_ws100_we000,lm080_ls020_le000,lm040_ls000_le060,0,1.01
17,rough_seed_6,rough_seed_8,0.027952054366840715,wm000_ws080_we020,lm080_ls020_le000,lm040_ls000_le060,0,0.7100517199364809
17,rough_seed_6,rough_seed_8,0.027952054366840715,wm000_ws060_we040,lm080_ls020_le000,lm040_ls000_le060,0,0.4101034398729618
17,rough_seed_6,rough_seed_8,0.027952054366840715,wm000_ws040_we060,lm040_ls060_le000,lm000_ls080_le020,0,0.15575779108752896
17,rough_seed_6,rough_seed_8,0.027952054366840715,wm000_ws020_we080,lm040_ls060_le000,lm020_ls080_le000,0,0.003516272143646665
17,rough_seed_6,rough_seed_8,0.027952054366840715,wm000_ws000_we100,lm040_ls060_le000,lm100_ls000_le000,0,0.12180385225250068
17,rough_seed_6,rough_seed_8,0.027952054366840715,balanced,lm080_ls020_le000,lm000_ls080_le020,0,0.19646303752110775
17,rough_seed_6,rough_seed_8,0.027952054366840715,motion,lm080_ls020_le000,lm020_ls080_le000,0,0.06378750170648817
17,rough_seed_6,rough_seed_8,0.027952054366840715,stability,lm080_ls020_le000,lm000_ls060_le040,0,0.6144933657514767
17,rough_seed_6,rough_seed_8,0.027952054366840715,energy,lm040_ls060_le000,lm040_ls060_le000,1,0.0
17,rough_seed_29,rough_seed_0,0.03716741390581859,wm100_ws000_we000,lm080_ls020_le000,lm100_ls000_le000,0,0.4081617903513611
17,rough_seed_29,rough_seed_0,0.03716741390581859,wm080_ws020_we000,lm100_ls000_le000,lm100_ls000_le000,1,0.0
17,rough_seed_29,rough_seed_0,0.03716741390581859,wm080_ws000_we020,lm060_ls040_le000,lm060_ls040_le000,1,0.0
17,rough_seed_29,rough_seed_0,0.03716741390581859,wm060_ws040_we000,lm100_ls000_le000,lm060_ls040_le000,0,0.17004765852338252
17,rough_seed_29,rough_seed_0,0.03716741390581859,wm060_ws020_we020,lm100_ls000_le000,lm060_ls040_le000,0,0.09047830607175009
17,rough_seed_29,rough_seed_0,0.03716741390581859,wm060_ws000_we040,lm060_ls040_le000,lm060_ls040_le000,1,0.0
17,rough_seed_29,rough_seed_0,0.03716741390581859,wm040_ws060_we000,lm060_ls000_le040,lm040_ls060_le000,0,0.9776530142173523
17,rough_seed_29,rough_seed_0,0.03716741390581859,wm040_ws040_we020,lm100_ls000_le000,lm040_ls060_le000,0,0.19166732824772015
17,rough_seed_29,rough_seed_0,0.03716741390581859,wm040_ws020_we040,lm100_ls000_le000,lm060_ls040_le000,0,0.26325953370435146
17,rough_seed_29,rough_seed_0,0.03716741390581859,wm040_ws000_we060,lm100_ls000_le000,lm080_ls020_le000,0,0.44113512290853335
17,rough_seed_29,rough_seed_0,0.03716741390581859,wm020_ws080_we000,lm060_ls000_le040,lm080_ls020_le000,0,1.4026255381754607
17,rough_seed_29,rough_seed_0,0.03716741390581859,wm020_ws060_we020,lm000_ls060_le040,lm080_ls020_le000,0,0.753726533728449
17,rough_seed_29,rough_seed_0,0.03716741390581859,wm020_ws040_we040,lm000_ls040_le060,lm080_ls020_le000,0,0.9289549773835959
17,rough_seed_29,rough_seed_0,0.03716741390581859,wm020_ws020_we060,lm100_ls000_le000,lm080_ls020_le000,0,0.44497537759300243
17,rough_seed_29,rough_seed_0,0.03716741390581859,wm020_ws000_we080,lm100_ls000_le000,lm080_ls000_le020,0,0.7157867109914122
17,rough_seed_29,rough_seed_0,0.03716741390581859,wm000_ws100_we000,lm000_ls040_le060,lm080_ls020_le000,0,2.2278633803499814
17,rough_seed_29,rough_seed_0,0.03716741390581859,wm000_ws080_we020,lm000_ls040_le060,lm080_ls020_le000,0,1.7334911394185637
17,rough_seed_29,rough_seed_0,0.03716741390581859,wm000_ws060_we040,lm000_ls040_le060,lm080_ls020_le000,0,1.2391188984871457
17,rough_seed_29,rough_seed_0,0.03716741390581859,wm000_ws040_we060,lm100_ls000_le000,lm080_ls020_le000,0,0.44718349356717213
17,rough_seed_29,rough_seed_0,0.03716741390581859,wm000_ws020_we080,lm100_ls000_le000,lm040_ls040_le020,0,0.6332431987151041
17,rough_seed_29,rough_seed_0,0.03716741390581859,wm000_ws000_we100,lm100_ls000_le000,lm080_ls000_le020,0,1.01
17,rough_seed_29,rough_seed_0,0.03716741390581859,balanced,lm100_ls000_le000,lm060_ls040_le000,0,0.22013033405235882
17,rough_seed_29,rough_seed_0,0.03716741390581859,motion,lm100_ls000_le000,lm060_ls040_le000,0,0.021308297543392918
17,rough_seed_29,rough_seed_0,0.03716741390581859,stability,lm000_ls060_le040,lm080_ls020_le000,0,0.9105330537299318
17,rough_seed_29,rough_seed_0,0.03716741390581859,energy,lm100_ls000_le000,lm080_ls000_le020,0,0.5558651539577645
17,rough_seed_18,rough_seed_6,0.029777924253508448,wm100_ws000_we000,lm080_ls020_le000,lm000_ls100_le000,0,0.8004797674529002
17,rough_seed_18,rough_seed_6,0.029777924253508448,wm080_ws020_we000,lm020_ls080_le000,lm000_ls100_le000,0,0.5277282831115051
17,rough_seed_18,rough_seed_6,0.029777924253508448,wm080_ws000_we020,lm100_ls000_le000,lm000_ls100_le000,0,0.5343276184312944
17,rough_seed_18,rough_seed_6,0.029777924253508448,wm060_ws040_we000,lm000_ls080_le020,lm000_ls100_le000,0,0.22403120929439557
17,rough_seed_18,rough_seed_6,0.029777924253508448,wm060_ws020_we020,lm020_ls080_le000,lm000_ls100_le000,0,0.5279861321334463
17,rough_seed_18,rough_seed_6,0.029777924253508448,wm060_ws000_we040,lm100_ls000_le000,lm000_ls100_le000,0,0.9074544984912123
17,rough_seed_18,rough_seed_6,0.029777924253508448,wm040_ws060_we000,lm040_ls020_le040,lm040_ls040_le020,0,22.717147952356118
17,rough_seed_18,rough_seed_6,0.029777924253508448,wm040_ws040_we020,lm000_ls080_le020,lm000_ls100_le000,0,0.018261422436187058
17,rough_seed_18,rough_seed_6,0.029777924253508448,wm040_ws020_we040,lm020_ls080_le000,lm000_ls100_le000,0,0.5282439811553874
17,rough_seed_18,rough_seed_6,0.029777924253508448,wm040_ws000_we060,lm100_ls000_le000,lm000_ls100_le000,0,1.357902943606415
17,rough_seed_18,rough_seed_6,0.029777924253508448,wm020_ws080_we000,lm020_ls040_le040,lm040_ls040_le020,0,16.55491725980749
17,rough_seed_18,rough_seed_6,0.029777924253508448,wm020_ws060_we020,lm000_ls060_le040,lm040_ls040_le020,0,16.34720211333811
17,rough_seed_18,rough_seed_6,0.029777924253508448,wm020_ws040_we040,lm000_ls080_le020,lm000_ls100_le000,0,0.13128462811020114
17,rough_seed_18,rough_seed_6,0.029777924253508448,wm020_ws020_we060,lm020_ls080_le000,lm000_ls100_le000,0,0.5285018301773288
17,rough_seed_18,rough_seed_6,0.029777924253508448,wm020_ws000_we080,lm100_ls000_le000,lm000_ls100_le000,0,1.8083513887216176
17,rough_seed_18,rough_seed_6,0.029777924253508448,wm000_ws100_we000,lm040_ls000_le060,lm040_ls040_le020,0,34.145336136065595
17,rough_seed_18,rough_seed_6,0.029777924253508448,wm000_ws080_we020,lm040_ls000_le060,lm040_ls040_le020,0,27.129937281911605
17,rough_seed_18,rough_seed_6,0.029777924253508448,wm000_ws060_we040,lm040_ls000_le060,lm040_ls040_le020,0,20.114538427757616
17,rough_seed_18,rough_seed_6,0.029777924253508448,wm000_ws040_we060,lm000_ls080_le020,lm000_ls100_le000,0,0.3944094745641781
17,rough_seed_18,rough_seed_6,0.029777924253508448,wm000_ws020_we080,lm020_ls080_le000,lm000_ls100_le000,0,0.5287596791992699
17,rough_seed_18,rough_seed_6,0.029777924253508448,wm000_ws000_we100,lm100_ls000_le000,lm000_ls100_le000,0,2.2587998338368203
17,rough_seed_18,rough_seed_6,0.029777924253508448,balanced,lm000_ls080_le020,lm000_ls100_le000,0,0.11112329085320133
17,rough_seed_18,rough_seed_6,0.029777924253508448,motion,lm020_ls080_le000,lm000_ls100_le000,0,0.39632198195516743
17,rough_seed_18,rough_seed_6,0.029777924253508448,stability,lm000_ls060_le040,lm040_ls040_le020,0,19.14409269441434
17,rough_seed_18,rough_seed_6,0.029777924253508448,energy,lm040_ls060_le000,lm000_ls100_le000,0,0.8617983790568793
17,rough_seed_10,rough_seed_28,0.036472510424242544,wm100_ws000_we000,lm100_ls000_le000,lm060_ls040_le000,0,0.010046092519815277
17,rough_seed_10,rough_seed_28,0.036472510424242544,wm080_ws020_we000,lm060_ls040_le000,lm080_ls020_le000,0,0.11265663854560057
17,rough_seed_10,rough_seed_28,0.036472510424242544,wm080_ws000_we020,lm040_ls060_le000,lm100_ls000_le000,0,0.12279260475765097
17,rough_seed_10,rough_seed_28,0.036472510424242544,wm060_ws040_we000,lm000_ls100_le000,lm080_ls000_le020,0,0.2787847768600343
17,rough_seed_10,rough_seed_28,0.036472510424242544,wm060_ws020_we020,lm040_ls060_le000,lm080_ls020_le000,0,0.11589332092874853
17,rough_seed_10,rough_seed_28,0.036472510424242544,wm060_ws000_we040,lm000_ls100_le000,lm080_ls020_le000,0,0.36901968018537257
17,rough_seed_10,rough_seed_28,0.036472510424242544,wm040_ws060_we000,lm000_ls100_le000,lm020_ls040_le040,0,0.47559469995267134
17,rough_seed_10,rough_seed_28,0.036472510424242544,wm040_ws040_we020,lm000_ls100_le000,lm060_ls020_le020,0,0.3055700173142297
17,rough_seed_10,rough_seed_28,0.036472510424242544,wm040_ws020_we040,lm000_ls100_le000,lm080_ls020_le000,0,0.3165721132890958
17,rough_seed_10,rough_seed_28,0.036472510424242544,wm040_ws000_we060,lm000_ls100_le000,lm080_ls020_le000,0,0.5820551642298637
17,rough_seed_10,rough_seed_28,0.036472510424242544,wm020_ws080_we000,lm000_ls100_le000,lm040_ls000_le060,0,0.6966088269732125
17,rough_seed_10,rough_seed_28,0.036472510424242544,wm020_ws060_we020,lm000_ls100_le000,lm040_ls000_le060,0,0.5231569281928876
17,rough_seed_10,rough_seed_28,0.036472510424242544,wm020_ws040_we040,lm000_ls100_le000,lm060_ls020_le020,0,0.3076790575052877
17,rough_seed_10,rough_seed_28,0.036472510424242544,wm020_ws020_we060,lm000_ls100_le000,lm060_ls020_le020,0,0.5267982700790274
17,rough_seed_10,rough_seed_28,0.036472510424242544,wm020_ws000_we080,lm000_ls100_le000,lm080_ls020_le000,0,0.7950906482743548
17,rough_seed_10,rough_seed_28,0.036472510424242544,wm000_ws100_we000,lm000_ls100_le000,lm000_ls000_le100,0,1.062623275136013
17,rough_seed_10,rough_seed_28,0.036472510424242544,wm000_ws080_we020,lm000_ls100_le000,lm040_ls000_le060,0,0.698264549134874
17,rough_seed_10,rough_seed_28,0.036472510424242544,wm000_ws060_we040,lm000_ls100_le000,lm020_ls040_le040,0,0.4795069203355542
17,rough_seed_10,rough_seed_28,0.036472510424242544,wm000_ws040_we060,lm000_ls100_le000,lm060_ls020_le020,0,0.48783400793090237
17,rough_seed_10,rough_seed_28,0.036472510424242544,wm000_ws020_we080,lm000_ls080_le020,lm080_ls020_le000,0,0.6420319133760657
17,rough_seed_10,rough_seed_28,0.036472510424242544,wm000_ws000_we100,lm000_ls080_le020,lm080_ls020_le000,0,0.9128057092831403
17,rough_seed_10,rough_seed_28,0.036472510424242544,balanced,lm000_ls100_le000,lm060_ls020_le020,0,0.2560874033297659
17,rough_seed_10,rough_seed_28,0.036472510424242544,motion,lm060_ls040_le000,lm080_ls020_le000,0,0.08533933379246236
17,rough_seed_10,rough_seed_28,0.036472510424242544,stability,lm000_ls100_le000,lm040_ls000_le060,0,0.6102968081234654
17,rough_seed_10,rough_seed_28,0.036472510424242544,energy,lm000_ls100_le000,lm080_ls020_le000,0,0.6406411529651291
17,rough_seed_8,rough_seed_6,0.027952054366840715,wm100_ws000_we000,lm080_ls020_le000,lm080_ls020_le000,1,0.0
17,rough_seed_8,rough_seed_6,0.027952054366840715,wm080_ws020_we000,lm020_ls080_le000,lm080_ls020_le000,0,0.8302061120651932
17,rough_seed_8,rough_seed_6,0.027952054366840715,wm080_ws000_we020,lm100_ls000_le000,lm100_ls000_le000,1,0.0
17,rough_seed_8,rough_seed_6,0.027952054366840715,wm060_ws040_we000,lm000_ls080_le020,lm080_ls020_le000,0,1.9785681391454277
17,rough_seed_8,rough_seed_6,0.027952054366840715,wm060_ws020_we020,lm020_ls080_le000,lm080_ls020_le000,0,0.42327518563251504
17,rough_seed_8,rough_seed_6,0.027952054366840715,wm060_ws000_we040,lm100_ls000_le000,lm100_ls000_le000,1,0.0
17,rough_seed_8,rough_seed_6,0.027952054366840715,wm040_ws060_we000,lm040_ls020_le040,lm080_ls020_le000,0,1.3848027241547363
17,rough_seed_8,rough_seed_6,0.027952054366840715,wm040_ws040_we020,lm000_ls080_le020,lm080_ls020_le000,0,1.1200659528391723
17,rough_seed_8,rough_seed_6,0.027952054366840715,wm040_ws020_we040,lm020_ls080_le000,lm100_ls000_le000,0,0.329455178548401
17,rough_seed_8,rough_seed_6,0.027952054366840715,wm040_ws000_we060,lm100_ls000_le000,lm100_ls000_le000,1,0.0
17,rough_seed_8,rough_seed_6,0.027952054366840715,wm020_ws080_we000,lm020_ls040_le040,lm080_ls020_le000,0,0.7721078818918125
17,rough_seed_8,rough_seed_6,0.027952054366840715,wm020_ws060_we020,lm000_ls060_le040,lm080_ls020_le000,0,0.6490454745598804
17,rough_seed_8,rough_seed_6,0.027952054366840715,wm020_ws040_we040,lm000_ls080_le020,lm040_ls060_le000,0,0.3832764477468776
17,rough_seed_8,rough_seed_6,0.027952054366840715,wm020_ws020_we060,lm020_ls080_le000,lm040_ls060_le000,0,0.5926511228496221
17,rough_seed_8,rough_seed_6,0.027952054366840715,wm020_ws000_we080,lm100_ls000_le000,lm040_ls060_le000,0,0.004904601875305503
17,rough_seed_8,rough_seed_6,0.027952054366840715,wm000_ws100_we000,lm040_ls000_le060,lm080_ls020_le000,0,0.7343076393027654
17,rough_seed_8,rough_seed_6,0.027952054366840715,wm000_ws080_we020,lm040_ls000_le060,lm080_ls020_le000,0,0.6545071446001369
17,rough_seed_8,rough_seed_6,0.027952054366840715,wm000_ws060_we040,lm040_ls000_le060,lm080_ls020_le000,0,1.3017439165339102
17,rough_seed_8,rough_seed_6,0.027952054366840715,wm000_ws040_we060,lm000_ls080_le020,lm040_ls060_le000,0,0.3806784625270521
17,rough_seed_8,rough_seed_6,0.027952054366840715,wm000_ws020_we080,lm020_ls080_le000,lm040_ls060_le000,0,0.9185010396698008
17,rough_seed_8,rough_seed_6,0.027952054366840715,wm000_ws000_we100,lm100_ls000_le000,lm040_ls060_le000,0,0.2580335178854549
17,rough_seed_8,rough_seed_6,0.027952054366840715,balanced,lm000_ls080_le020,lm080_ls020_le000,0,0.7668658057023279
17,rough_seed_8,rough_seed_6,0.027952054366840715,motion,lm020_ls080_le000,lm080_ls020_le000,0,0.5768955544300101
17,rough_seed_8,rough_seed_6,0.027952054366840715,stability,lm000_ls060_le040,lm080_ls020_le000,0,0.4884262850148221
17,rough_seed_8,rough_seed_6,0.027952054366840715,energy,lm040_ls060_le000,lm040_ls060_le000,1,0.0
17,rough_seed_22,rough_seed_20,0.028663269055350243,wm100_ws000_we000,lm100_ls000_le000,lm100_ls000_le000,1,0.0
17,rough_seed_22,rough_seed_20,0.028663269055350243,wm080_ws020_we000,lm080_ls000_le020,lm080_ls020_le000,0,0.04700521521449208
17,rough_seed_22,rough_seed_20,0.028663269055350243,wm080_ws000_we020,lm060_ls020_le020,lm080_ls020_le000,0,0.06878281597550367
17,rough_seed_22,rough_seed_20,0.028663269055350243,wm060_ws040_we000,lm000_ls060_le040,lm080_ls000_le020,0,0.4197103922810418
17,rough_seed_22,rough_seed_20,0.028663269055350243,wm060_ws020_we020,lm080_ls000_le020,lm080_ls000_le020,1,0.0
17,rough_seed_22,rough_seed_20,0.028663269055350243,wm060_ws000_we040,lm060_ls020_le020,lm040_ls040_le020,0,0.09172342507914594
17,rough_seed_22,rough_seed_20,0.028663269055350243,wm040_ws060_we000,lm060_ls000_le040,lm040_ls040_le020,0,0.2269874009003014
17,rough_seed_22,rough_seed_20,0.028663269055350243,wm040_ws040_we020,lm040_ls020_le040,lm040_ls040_le020,0,0.19267165723668428
17,rough_seed_22,rough_seed_20,0.028663269055350243,wm040_ws020_we040,lm060_ls020_le020,lm040_ls040_le020,0,0.17154428895773458
17,rough_seed_22,rough_seed_20,0.028663269055350243,wm040_ws000_we060,lm060_ls020_le020,lm040_ls040_le020,0,0.256984051993705
17,rough_seed_22,rough_seed_20,0.028663269055350243,wm020_ws080_we000,lm020_ls020_le060,lm040_ls020_le040,0,0.1216708468231667
17,rough_seed_22,rough_seed_20,0.028663269055350243,wm020_ws060_we020,lm000_ls040_le060,lm040_ls020_le040,0,0.1323276396584846
17,rough_seed_22,rough_seed_20,0.028663269055350243,wm020_ws040_we040,lm000_ls060_le040,lm040_ls020_le040,0,0.030997998752763295
17,rough_seed_22,rough_seed_20,0.028663269055350243,wm020_ws020_we060,lm060_ls020_le020,lm040_ls020_le040,0,0.4068516977402114
17,rough_seed_22,rough_seed_20,0.028663269055350243,wm020_ws000_we080,lm060_ls020_le020,lm040_ls020_le040,0,0.607726521749659
17,rough_seed_22,rough_seed_20,0.028663269055350243,wm000_ws100_we000,lm000_ls000_le100,lm040_ls020_le040,0,0.29575601260210443
17,rough_seed_22,rough_seed_20,0.028663269055350243,wm000_ws080_we020,lm000_ls040_le060,lm040_ls020_le040,0,0.23157034899308748
17,rough_seed_22,rough_seed_20,0.028663269055350243,wm000_ws060_we040,lm000_ls040_le060,lm040_ls020_le040,0,0.46085473905892016
17,rough_seed_22,rough_seed_20,0.028663269055350243,wm000_ws040_we060,lm080_ls000_le020,lm040_ls020_le040,0,0.5743007158726567
17,rough_seed_22,rough_seed_20,0.028663269055350243,wm000_ws020_we080,lm060_ls020_le020,lm040_ls020_le040,0,0.810454756437447
17,rough_seed_22,rough_seed_20,0.028663269055350243,wm000_ws000_we100,lm060_ls020_le020,lm040_ls020_le040,0,1.0113295804468945
17,rough_seed_22,rough_seed_20,0.028663269055350243,balanced,lm000_ls060_le040,lm040_ls040_le020,0,0.1894274549107057
17,rough_seed_22,rough_seed_20,0.028663269055350243,motion,lm080_ls000_le020,lm080_ls020_le000,0,0.06517657456595652
17,rough_seed_22,rough_seed_20,0.028663269055350243,stability,lm000_ls040_le060,lm040_ls020_le040,0,0.09981721947567715
17,rough_seed_22,rough_seed_20,0.028663269055350243,energy,lm060_ls020_le020,lm040_ls020_le040,0,0.5579711684168822
17,rough_seed_20,rough_seed_25,0.022037529572129386,wm100_ws000_we000,lm100_ls000_le000,lm100_ls000_le000,1,0.0
17,rough_seed_20,rough_seed_25,0.022037529572129386,wm080_ws020_we000,lm080_ls000_le020,lm080_ls000_le020,1,0.0
17,rough_seed_20,rough_seed_25,0.022037529572129386,wm080_ws000_we020,lm100_ls000_le000,lm060_ls020_le020,0,0.08495451774536235
17,rough_seed_20,rough_seed_25,0.022037529572129386,wm060_ws040_we000,lm040_ls040_le020,lm000_ls060_le040,0,0.11487882836637112
17,rough_seed_20,rough_seed_25,0.022037529572129386,wm060_ws020_we020,lm080_ls000_le020,lm080_ls000_le020,1,0.0
17,rough_seed_20,rough_seed_25,0.022037529572129386,wm060_ws000_we040,lm100_ls000_le000,lm060_ls020_le020,0,0.3162158883090218
17,rough_seed_20,rough_seed_25,0.022037529572129386,wm040_ws060_we000,lm040_ls020_le040,lm060_ls000_le040,0,0.03148528699412545
17,rough_seed_20,rough_seed_25,0.022037529572129386,wm040_ws040_we020,lm040_ls040_le020,lm040_ls020_le040,0,0.18174431612879158
17,rough_seed_20,rough_seed_25,0.022037529572129386,wm040_ws020_we040,lm080_ls000_le020,lm060_ls020_le020,0,0.01572903633999803
17,rough_seed_20,rough_seed_25,0.022037529572129386,wm040_ws000_we060,lm100_ls000_le000,lm060_ls020_le020,0,0.5474772588726812
17,rough_seed_20,rough_seed_25,0.022037529572129386,wm020_ws080_we000,lm060_ls000_le040,lm020_ls020_le060,0,0.11161337264068148
17,rough_seed_20,rough_seed_25,0.022037529572129386,wm020_ws060_we020,lm040_ls040_le020,lm000_ls040_le060,0,0.4067354300547983
17,rough_seed_20,rough_seed_25,0.022037529572129386,wm020_ws040_we040,lm040_ls040_le020,lm000_ls060_le040,0,0.16354547967037403
17,rough_seed_20,rough_seed_25,0.022037529572129386,wm020_ws020_we060,lm040_ls040_le020,lm060_ls020_le020,0,0.44109334615686435
17,rough_seed_20,rough_seed_25,0.022037529572129386,wm020_ws000_we080,lm100_ls000_le000,lm060_ls020_le020,0,0.7787386294363406
17,rough_seed_20,rough_seed_25,0.022037529572129386,wm000_ws100_we000,lm060_ls000_le040,lm000_ls000_le100,0,0.27980750689581974
17,rough_seed_20,rough_seed_25,0.022037529572129386,wm000_ws080_we020,lm060_ls000_le040,lm000_ls040_le060,0,0.09354332515700328
17,rough_seed_20,rough_seed_25,0.022037529572129386,wm000_ws060_we040,lm040_ls040_le020,lm000_ls040_le060,0,0.27809318265438393
17,rough_seed_20,rough_seed_25,0.022037529572129386,wm000_ws040_we060,lm040_ls040_le020,lm080_ls000_le020,0,0.30996849466512294
17,rough_seed_20,rough_seed_25,0.022037529572129386,wm000_ws020_we080,lm040_ls040_le020,lm060_ls020_le020,0,0.6364289089712019
17,rough_seed_20,rough_seed_25,0.022037529572129386,wm000_ws000_we100,lm020_ls000_le080,lm060_ls020_le020,0,1.502515561344162
17,rough_seed_20,rough_seed_25,0.022037529572129386,balanced,lm040_ls040_le020,lm000_ls060_le040,0,0.13589150167133868
17,rough_seed_20,rough_seed_25,0.022037529572129386,motion,lm080_ls000_le020,lm080_ls000_le020,1,0.0
17,rough_seed_20,rough_seed_25,0.022037529572129386,stability,lm060_ls000_le040,lm000_ls040_le060,0,0.09788404395344312
17,rough_seed_20,rough_seed_25,0.022037529572129386,energy,lm040_ls040_le020,lm060_ls020_le020,0,0.5750318193644894
17,rough_seed_28,rough_seed_20,0.03010622923142307,wm100_ws000_we000,lm100_ls000_le000,lm100_ls000_le000,1,0.0
17,rough_seed_28,rough_seed_20,0.03010622923142307,wm080_ws020_we000,lm080_ls000_le020,lm060_ls040_le000,0,0.6919978426353313
17,rough_seed_28,rough_seed_20,0.03010622923142307,wm080_ws000_we020,lm060_ls020_le020,lm040_ls060_le000,0,0.641907278239384
17,rough_seed_28,rough_seed_20,0.03010622923142307,wm060_ws040_we000,lm000_ls060_le040,lm000_ls100_le000,0,1.5048428978289932
17,rough_seed_28,rough_seed_20,0.03010622923142307,wm060_ws020_we020,lm080_ls000_le020,lm040_ls060_le000,0,0.5665814984414934
17,rough_seed_28,rough_seed_20,0.03010622923142307,wm060_ws000_we040,lm060_ls020_le020,lm000_ls100_le000,0,1.1463681677024895
17,rough_seed_28,rough_seed_20,0.03010622923142307,wm040_ws060_we000,lm060_ls000_le040,lm000_ls100_le000,0,2.214121580790592
17,rough_seed_28,rough_seed_20,0.03010622923142307,wm040_ws040_we020,lm040_ls020_le040,lm000_ls100_le000,0,1.245568525128411
17,rough_seed_28,rough_seed_20,0.03010622923142307,wm040_ws020_we040,lm060_ls020_le020,lm000_ls100_le000,0,1.1939000987844488
17,rough_seed_28,rough_seed_20,0.03010622923142307,wm040_ws000_we060,lm060_ls020_le020,lm000_ls100_le000,0,1.8338870568131007
17,rough_seed_28,rough_seed_20,0.03010622923142307,wm020_ws080_we000,lm020_ls020_le060,lm000_ls100_le000,0,4.1211140931308
17,rough_seed_28,rough_seed_20,0.03010622923142307,wm020_ws060_we020,lm000_ls040_le060,lm000_ls100_le000,0,2.659839377215542
17,rough_seed_28,rough_seed_20,0.03010622923142307,wm020_ws040_we040,lm000_ls060_le040,lm000_ls100_le000,0,1.6004281506512443
17,rough_seed_28,rough_seed_20,0.03010622923142307,wm020_ws020_we060,lm060_ls020_le020,lm000_ls100_le000,0,1.8666165403537136
17,rough_seed_28,rough_seed_20,0.03010622923142307,wm020_ws000_we080,lm060_ls020_le020,lm000_ls100_le000,0,2.4859435612783702
17,rough_seed_28,rough_seed_20,0.03010622923142307,wm000_ws100_we000,lm000_ls000_le100,lm000_ls100_le000,0,9.935767327926113
17,rough_seed_28,rough_seed_20,0.03010622923142307,wm000_ws080_we020,lm000_ls040_le060,lm000_ls100_le000,0,3.581226101662601
17,rough_seed_28,rough_seed_20,0.03010622923142307,wm000_ws060_we040,lm000_ls040_le060,lm000_ls100_le000,0,2.668860229370779
17,rough_seed_28,rough_seed_20,0.03010622923142307,wm000_ws040_we060,lm080_ls000_le020,lm000_ls100_le000,0,2.0321734012945702
17,rough_seed_28,rough_seed_20,0.03010622923142307,wm000_ws020_we080,lm060_ls020_le020,lm000_ls080_le020,0,2.5139786398249133
17,rough_seed_28,rough_seed_20,0.03010622923142307,wm000_ws000_we100,lm060_ls020_le020,lm000_ls080_le020,0,3.2099578318895237
17,rough_seed_28,rough_seed_20,0.03010622923142307,balanced,lm000_ls060_le040,lm000_ls100_le000,0,1.297026045482479
17,rough_seed_28,rough_seed_20,0.03010622923142307,motion,lm080_ls000_le020,lm060_ls040_le000,0,0.5992078595373471
17,rough_seed_28,rough_seed_20,0.03010622923142307,stability,lm000_ls040_le060,lm000_ls100_le000,0,3.118277526400263
17,rough_seed_28,rough_seed_20,0.03010622923142307,energy,lm060_ls020_le020,lm000_ls100_le000,0,2.1763686926438712
17,rough_seed_17,rough_seed_5,0.03378902515810299,wm100_ws000_we000,lm000_ls100_le000,lm060_ls040_le000,0,0.16620916889500173
17,rough_seed_17,rough_seed_5,0.03378902515810299,wm080_ws020_we000,lm020_ls060_le020,lm100_ls000_le000,0,0.45568763675561424
17,rough_seed_17,rough_seed_5,0.03378902515810299,wm080_ws000_we020,lm060_ls040_le000,lm100_ls000_le000,0,0.1472017917293572
17,rough_seed_17,rough_seed_5,0.03378902515810299,wm060_ws040_we000,lm060_ls020_le020,lm100_ls000_le000,0,0.3021017003854983
17,rough_seed_17,rough_seed_5,0.03378902515810299,wm060_ws020_we020,lm020_ls060_le020,lm100_ls000_le000,0,0.30203031404822817
17,rough_seed_17,rough_seed_5,0.03378902515810299,wm060_ws000_we040,lm080_ls020_le000,lm100_ls000_le000,0,0.23014839260193276
17,rough_seed_17,rough_seed_5,0.03378902515810299,wm040_ws060_we000,lm060_ls020_le020,lm100_ls000_le000,0,0.3584788321687353
17,rough_seed_17,rough_seed_5,0.03378902515810299,wm040_ws040_we020,lm060_ls020_le020,lm100_ls000_le000,0,0.22401693587680202
17,rough_seed_17,rough_seed_5,0.03378902515810299,wm040_ws020_we040,lm060_ls020_le020,lm100_ls000_le000,0,0.1191117190697149
17,rough_seed_17,rough_seed_5,0.03378902515810299,wm040_ws000_we060,lm000_ls080_le020,lm100_ls000_le000,0,0.0905007483239641
17,rough_seed_17,rough_seed_5,0.03378902515810299,wm020_ws080_we000,lm020_ls040_le040,lm100_ls000_le000,0,0.159176228579185
17,rough_seed_17,rough_seed_5,0.03378902515810299,wm020_ws060_we020,lm020_ls040_le040,lm100_ls000_le000,0,0.15671851831138128
17,rough_seed_17,rough_seed_5,0.03378902515810299,wm020_ws040_we040,lm000_ls040_le060,lm100_ls000_le000,0,0.865933767560186
17,rough_seed_17,rough_seed_5,0.03378902515810299,wm020_ws020_we060,lm060_ls020_le020,lm100_ls000_le000,0,0.0865956281430788
17,rough_seed_17,rough_seed_5,0.03378902515810299,wm020_ws000_we080,lm020_ls060_le020,lm020_ls060_le020,1,0.0
17,rough_seed_17,rough_seed_5,0.03378902515810299,wm000_ws100_we000,lm000_ls040_le060,lm060_ls000_le040,0,2.026374537004292
17,rough_seed_17,rough_seed_5,0.03378902515810299,wm000_ws080_we020,lm000_ls040_le060,lm100_ls000_le000,0,1.5488563947069658
17,rough_seed_17,rough_seed_5,0.03378902515810299,wm000_ws060_we040,lm000_ls040_le060,lm100_ls000_le000,0,1.1160190071895784
17,rough_seed_17,rough_seed_5,0.03378902515810299,wm000_ws040_we060,lm060_ls020_le020,lm100_ls000_le000,0,0.11465537635957276
17,rough_seed_17,rough_seed_5,0.03378902515810299,wm000_ws020_we080,lm060_ls020_le020,lm020_ls060_le020,0,0.1293110533444367
17,rough_seed_17,rough_seed_5,0.03378902515810299,wm000_ws000_we100,lm020_ls060_le020,lm020_ls060_le020,1,0.0
17,rough_seed_17,rough_seed_5,0.03378902515810299,balanced,lm060_ls020_le020,lm100_ls000_le000,0,0.14204112922934917
17,rough_seed_17,rough_seed_5,0.03378902515810299,motion,lm100_ls000_le000,lm100_ls000_le000,1,0.0
17,rough_seed_17,rough_seed_5,0.03378902515810299,stability,lm020_ls040_le040,lm100_ls000_le000,0,0.14010527791531124
17,rough_seed_17,rough_seed_5,0.03378902515810299,energy,lm060_ls020_le020,lm020_ls060_le020,0,0.13818447031194359
