beta_name,beta_motion,beta_stability,beta_energy,lambda_motion,lambda_stability,lambda_energy,group,terrain,seed,episode_index,raw_path,policy_steps,settling_steps,decision_time_s,progress_m,energy_abs_j,roll_rms_rad,pitch_rms_rad,max_abs_roll_rad,max_abs_pitch_rad,established_slip_fraction_ge_0p002,established_slip_fraction_ge_0p05,established_slip_fraction_ge_0p10,J_motion_s_per_m,J_stability_attitude,J_stability_slip,J_stability,J_stability_dominant,J_energy_j_per_m,context_id,source_stage,source_role,context_friction_mu,context_height_std_m,context_height_relief_p95_p05_m,context_slope_rms,context_slope_q95
lm100_ls000_le000,0.7,0.15,0.15,1.0,0.0,0.0,flat,flat,27100,0,results/icra27/os_t5p3_train_beta_response_atlas_v0/env_logs/lm100_ls000_le000/flat/episode_0000.jsonl,38,5,7.6,1.7013071379891918,171.0662440332289,0.0031941105693340842,0.028181990490340196,0.005907732984521106,0.04440185660242956,0.03934686472389971,0.003515137770723137,0.000226783081982172,4.467153420035954,0.10764727422495432,0.03934686472389971,0.10764727422495432,attitude,100.54988909022944,flat,OS-T5.3b,frozen_existing_physical_row,0.8,0.0,0.0,0.0,0.0
lm080_ls020_le000,0.59,0.26,0.15,0.8,0.2,0.0,flat,flat,27100,0,results/icra27/os_t5p3_train_beta_response_atlas_v0/env_logs/lm080_ls020_le000/flat/episode_0000.jsonl,38,5,7.6,1.7002442916330474,170.994615417883,0.0031936523108788014,0.02820429675951864,0.005911968606419604,0.044421758665729394,0.03945578231293331,0.003514739229025777,0.00022675736961460036,4.469945899774418,0.10773247789699482,0.03945578231293331,0.10773247789699482,attitude,100.57061579877232,flat,OS-T5.3b,frozen_existing_physical_row,0.8,0.0,0.0,0.0,0.0
lm080_ls000_le020,0.59,0.15,0.26,0.8,0.0,0.2,flat,flat,27100,0,results/icra27/os_t5p3_train_beta_response_atlas_v0/env_logs/lm080_ls000_le020/flat/episode_0000.jsonl,38,5,7.6,1.6955220654760814,170.82154479518465,0.0032040761827003394,0.02818415880658894,0.005872449849051858,0.0443430996966776,0.03958711433757623,0.0034029038112530835,0.00022686025408357247,4.482395219000594,0.10765555658293449,0.03958711433757623,0.10765555658293449,attitude,100.74864153845152,flat,OS-T5.3b,frozen_existing_physical_row,0.8,0.0,0.0,0.0,0.0
lm060_ls040_le000,0.48,0.37,0.15,0.6,0.4,0.0,flat,flat,27100,0,results/icra27/os_t5p3_train_beta_response_atlas_v0/env_logs/lm060_ls040_le000/flat/episode_0000.jsonl,38,5,7.6,1.6990465492193252,170.87176222379122,0.0032134194753089423,0.028212348240577945,0.005950057404920073,0.04444224523572604,0.039460256264890775,0.003515137770723137,0.000226783081982172,4.473096986949553,0.10776323228923,0.039460256264890775,0.10776323228923,attitude,100.56920588921066,flat,OS-T5.3b,frozen_existing_physical_row,0.8,0.0,0.0,0.0,0.0
lm060_ls020_le020,0.48,0.26,0.26,0.6,0.2,0.2,flat,flat,27100,0,results/icra27/os_t5p3_train_beta_response_atlas_v0/env_logs/lm060_ls020_le020/flat/episode_0000.jsonl,38,5,7.6,1.6946464579070544,170.7632932302882,0.0032039049956871365,0.028199125777915952,0.005877928247743379,0.044364645064106645,0.03958711433757623,0.0034029038112530835,0.00022686025408357247,4.4847112296132,0.10771272620220991,0.03958711433757623,0.10771272620220991,attitude,100.76632352047439,flat,OS-T5.3b,frozen_existing_physical_row,0.8,0.0,0.0,0.0,0.0
lm060_ls000_le040,0.48,0.15,0.37,0.6,0.0,0.4,flat,flat,27100,0,results/icra27/os_t5p3_train_beta_response_atlas_v0/env_logs/lm060_ls000_le040/flat/episode_0000.jsonl,38,5,7.6,1.6890744194255338,170.39250985247165,0.0031690452015637562,0.028212704925141437,0.005824878116498369,0.04427897752494725,0.039478162223490834,0.003289846851957687,0.0002268859897902183,4.499505713066695,0.1077645947239037,0.039478162223490834,0.1077645947239037,attitude,100.87921994012753,flat,OS-T5.3b,frozen_existing_physical_row,0.8,0.0,0.0,0.0,0.0
lm040_ls060_le000,0.37,0.48,0.15,0.4,0.6,0.0,flat,flat,27100,0,results/icra27/os_t5p3_train_beta_response_atlas_v0/env_logs/lm040_ls060_le000/flat/episode_0000.jsonl,38,5,7.6,1.697713380161425,170.82533956479557,0.0031937947363089095,0.028236475934890832,0.005920326911790549,0.04446272038977628,0.03945578231293331,0.003514739229025777,0.00022675736961460036,4.476609590764586,0.10785539329279735,0.03945578231293331,0.10785539329279735,attitude,100.62083597912908,flat,OS-T5.3b,frozen_existing_physical_row,0.8,0.0,0.0,0.0,0.0
lm040_ls040_le020,0.37,0.37,0.26,0.4,0.4,0.2,flat,flat,27100,0,results/icra27/os_t5p3_train_beta_response_atlas_v0/env_logs/lm040_ls040_le020/flat/episode_0000.jsonl,38,5,7.6,1.693806062616045,170.55445069049574,0.0031819666780354403,0.02825334141595883,0.005883943922914046,0.04438505889281319,0.039464731231579925,0.0034021320027225205,0.00022680880018153494,4.4869363546036505,0.10791981468510763,0.039464731231579925,0.10791981468510763,attitude,100.69302174245277,flat,OS-T5.3b,frozen_existing_physical_row,0.8,0.0,0.0,0.0,0.0
lm040_ls020_le040,0.36999999999999994,0.26,0.37,0.4,0.2,0.4,flat,flat,27100,0,results/icra27/os_t5p3_train_beta_response_atlas_v0/env_logs/lm040_ls020_le040/flat/episode_0000.jsonl,38,5,7.6,1.6883711608399388,170.3485305982671,0.0031698711916653493,0.028227202635883086,0.0058321428737415915,0.04430153148995619,0.039478162223490834,0.003289846851957687,0.0002268859897902183,4.501379895768366,0.1078199718997769,0.039478162223490834,0.1078199718997769,attitude,100.89519090904237,flat,OS-T5.3b,frozen_existing_physical_row,0.8,0.0,0.0,0.0,0.0
lm040_ls000_le060,0.37,0.15,0.48,0.4,0.0,0.6,flat,flat,27100,0,results/icra27/os_t5p3_train_beta_response_atlas_v0/env_logs/lm040_ls000_le060/flat/episode_0000.jsonl,38,5,7.6,1.6821341547837196,170.0148457673998,0.0031404219943801733,0.0282421375722712,0.00583657445141973,0.04422270661487682,0.039487121298090525,0.0032905934415076604,0.00022693747872469923,4.518070082809281,0.10787701915459925,0.039487121298090525,0.10787701915459925,attitude,101.07091951251621,flat,OS-T5.3b,frozen_existing_physical_row,0.8,0.0,0.0,0.0,0.0
lm020_ls080_le000,0.26,0.59,0.15,0.2,0.8,0.0,flat,flat,27100,0,results/icra27/os_t5p3_train_beta_response_atlas_v0/env_logs/lm020_ls080_le000/flat/episode_0000.jsonl,38,5,7.6,1.6962781232349418,170.7289320009615,0.0031935612689669565,0.0282529309870039,0.005924412238111083,0.04448357757332344,0.03945578231293331,0.003514739229025777,0.00022675736961460036,4.480397345163054,0.10791824696198046,0.03945578231293331,0.10791824696198046,attitude,100.64913864205676,flat,OS-T5.3b,frozen_existing_physical_row,0.8,0.0,0.0,0.0,0.0
lm020_ls060_le020,0.26,0.48,0.26,0.2,0.6,0.2,flat,flat,27100,0,results/icra27/os_t5p3_train_beta_response_atlas_v0/env_logs/lm020_ls060_le020/flat/episode_0000.jsonl,38,5,7.6,1.6927022787537753,170.47985120563322,0.00318159450915394,0.02826944442838906,0.005888943320569667,0.044405314567796506,0.039464731231579925,0.0034021320027225205,0.00022680880018153494,4.489862213451604,0.10798132366175422,0.039464731231579925,0.10798132366175422,attitude,100.71461080039796,flat,OS-T5.3b,frozen_existing_physical_row,0.8,0.0,0.0,0.0,0.0
lm020_ls040_le040,0.26,0.36999999999999994,0.37,0.2,0.4,0.4,flat,flat,27100,0,results/icra27/os_t5p3_train_beta_response_atlas_v0/env_logs/lm020_ls040_le040/flat/episode_0000.jsonl,38,5,7.6,1.6875652540608257,170.2897225401342,0.0031703153951109534,0.028241289232105803,0.005839029330457249,0.04432422139164882,0.03936471922859575,0.003289846851957687,0.0002268859897902183,4.503529556390161,0.10787377873386135,0.03936471922859575,0.10787377873386135,attitude,100.90852613275976,flat,OS-T5.3b,frozen_existing_physical_row,0.8,0.0,0.0,0.0,0.0
lm020_ls020_le060,0.26,0.26,0.48,0.2,0.2,0.6,flat,flat,27100,0,results/icra27/os_t5p3_train_beta_response_atlas_v0/env_logs/lm020_ls020_le060/flat/episode_0000.jsonl,38,5,7.6,1.6815795626380772,169.9759310494993,0.003141117043771982,0.028255200781392036,0.0058292778213281885,0.0442413239578876,0.039487121298090525,0.0032905934415076604,0.00022693747872469923,4.519560161683371,0.10792691693790064,0.039487121298090525,0.10792691693790064,attitude,101.08111137057324,flat,OS-T5.3b,frozen_existing_physical_row,0.8,0.0,0.0,0.0,0.0
lm020_ls000_le080,0.26,0.15,0.59,0.2,0.0,0.8,flat,flat,27100,0,results/icra27/os_t5p3_train_beta_response_atlas_v0/env_logs/lm020_ls000_le080/flat/episode_0000.jsonl,38,5,7.6,1.6750755495211178,169.48243011995274,0.0031208076766035477,0.02826323571049068,0.0058668766756774515,0.04416418325509208,0.039373652558728184,0.0032905934415076604,0.00022693747872469923,4.5371087902111285,0.10795760810630325,0.039373652558728184,0.10795760810630325,attitude,101.17897677415537,flat,OS-T5.3b,frozen_existing_physical_row,0.8,0.0,0.0,0.0,0.0
lm000_ls100_le000,0.15,0.7,0.15,0.0,1.0,0.0,flat,flat,27100,0,results/icra27/os_t5p3_train_beta_response_atlas_v0/env_logs/lm000_ls100_le000/flat/episode_0000.jsonl,38,5,7.6,1.694741097339714,170.62558086005194,0.003193178019850939,0.028270259195387372,0.005928644080598042,0.044503826349143516,0.03945578231293331,0.003401360544218502,0.00022675736961460036,4.484460789869289,0.1079844358424402,0.03945578231293331,0.1079844358424402,attitude,100.67943777836511,flat,OS-T5.3b,frozen_existing_physical_row,0.8,0.0,0.0,0.0,0.0
lm000_ls080_le020,0.15,0.59,0.26,0.0,0.8,0.2,flat,flat,27100,0,results/icra27/os_t5p3_train_beta_response_atlas_v0/env_logs/lm000_ls080_le020/flat/episode_0000.jsonl,38,5,7.6,1.6914000425548534,170.32405923426828,0.0031797653355389805,0.028254120275960304,0.005893653713647121,0.04442454629693615,0.039460256264890775,0.003401746229732076,0.000226783081982172,4.493319030854598,0.10792278971116868,0.039460256264890775,0.10792278971116868,attitude,100.70004431180836,flat,OS-T5.3b,frozen_existing_physical_row,0.8,0.0,0.0,0.0,0.0
lm000_ls060_le040,0.15,0.48,0.37,0.0,0.6,0.4,flat,flat,27100,0,results/icra27/os_t5p3_train_beta_response_atlas_v0/env_logs/lm000_ls060_le040/flat/episode_0000.jsonl,38,5,7.6,1.6866532905020208,170.22687621618377,0.0031697718346813783,0.028255763342670274,0.005844181861292539,0.044342932374464405,0.03936471922859575,0.003289846851957687,0.0002268859897902183,4.5059645884530966,0.10792906576369801,0.03936471922859575,0.10792906576369801,attitude,100.92582582014641,flat,OS-T5.3b,frozen_existing_physical_row,0.8,0.0,0.0,0.0,0.0
lm000_ls040_le060,0.15,0.37,0.48,0.0,0.4,0.6,flat,flat,27100,0,results/icra27/os_t5p3_train_beta_response_atlas_v0/env_logs/lm000_ls040_le060/flat/episode_0000.jsonl,38,5,7.6,1.680928564611603,169.92709727817433,0.0031415879043306225,0.028268487705770697,0.0058215085483048976,0.04426152310210818,0.039487121298090525,0.0032905934415076604,0.00022693747872469923,4.5213105184848015,0.10797766925054109,0.039487121298090525,0.10797766925054109,attitude,101.09120688149996,flat,OS-T5.3b,frozen_existing_physical_row,0.8,0.0,0.0,0.0,0.0
lm000_ls020_le080,0.15,0.26,0.59,0.0,0.2,0.8,flat,flat,27100,0,results/icra27/os_t5p3_train_beta_response_atlas_v0/env_logs/lm000_ls020_le080/flat/episode_0000.jsonl,38,5,7.6,1.6746247600382078,169.44857049494627,0.0031218572728155666,0.02827568593838561,0.005860110671907146,0.044183727549456764,0.039373652558728184,0.0032905934415076604,0.00022693747872469923,4.538330127058792,0.10800516447379362,0.039373652558728184,0.10800516447379362,attitude,101.18599374529741,flat,OS-T5.3b,frozen_existing_physical_row,0.8,0.0,0.0,0.0,0.0
lm000_ls000_le100,0.15,0.15,0.7,0.0,0.0,1.0,flat,flat,27100,0,results/icra27/os_t5p3_train_beta_response_atlas_v0/env_logs/lm000_ls000_le100/flat/episode_0000.jsonl,38,5,7.6,1.66801816484001,169.00139835600916,0.003112905112560862,0.02827722937492661,0.0058966849093821765,0.04411069462710593,0.03937812074444752,0.0032909668633689304,0.00022696323195651097,4.556305297028323,0.10801105996711,0.03937812074444752,0.10801105996711,attitude,101.3186798071945,flat,OS-T5.3b,frozen_existing_physical_row,0.8,0.0,0.0,0.0,0.0
lm100_ls000_le000,0.7,0.15,0.15,1.0,0.0,0.0,low_friction,low_friction,27200,0,results/icra27/os_t5p3_train_beta_response_atlas_v0/env_logs/lm100_ls000_le000/low_friction/episode_0000.jsonl,38,5,7.6,1.6742948798906299,185.14915166500603,0.0028409590221638455,0.02712612316831215,0.009683075869299992,0.04481105030780741,0.25137314479378425,0.08531027229170884,0.05036811966811883,4.539224297512309,0.10361415813975515,0.25137314479378425,0.25137314479378425,slip,110.58335893441934,low_friction,OS-T5.3b,frozen_existing_physical_row,0.152,0.0,0.0,0.0,0.0
lm080_ls020_le000,0.59,0.26,0.15,0.8,0.2,0.0,low_friction,low_friction,27200,0,results/icra27/os_t5p3_train_beta_response_atlas_v0/env_logs/lm080_ls020_le000/low_friction/episode_0000.jsonl,38,5,7.6,1.6730723469352264,184.89467170129905,0.002841220713224474,0.027114654466108383,0.009629220888097015,0.04470784641249037,0.2509052680762073,0.08562083868708718,0.049643733208747966,4.542541160232466,0.10357035092423726,0.2509052680762073,0.2509052680762073,slip,110.51206006721317,low_friction,OS-T5.3b,frozen_existing_physical_row,0.152,0.0,0.0,0.0,0.0
lm080_ls000_le020,0.59,0.15,0.26,0.8,0.0,0.2,low_friction,low_friction,27200,0,results/icra27/os_t5p3_train_beta_response_atlas_v0/env_logs/lm080_ls000_le020/low_friction/episode_0000.jsonl,38,5,7.6,1.6681231694994865,184.6387787413338,0.0027440905091893554,0.027293260751482737,0.009383633208032167,0.04500024374722056,0.2507302254936805,0.08458932118239886,0.04965533356701628,4.556018487699771,0.10425257668066791,0.2507302254936805,0.2507302254936805,slip,110.68653809102952,low_friction,OS-T5.3b,frozen_existing_physical_row,0.152,0.0,0.0,0.0,0.0
lm060_ls040_le000,0.48,0.37,0.15,0.6,0.4,0.0,low_friction,low_friction,27200,0,results/icra27/os_t5p3_train_beta_response_atlas_v0/env_logs/lm060_ls040_le000/low_friction/episode_0000.jsonl,38,5,7.6,1.672285181217058,184.95337807358572,0.0029230306377957013,0.027113898164015365,0.009923414105634104,0.04468536278107482,0.2505255781359973,0.08584442887177687,0.05092268161645563,4.544679391626769,0.10356746206303948,0.2505255781359973,0.2505255781359973,slip,110.59918496615518,low_friction,OS-T5.3b,frozen_existing_physical_row,0.152,0.0,0.0,0.0,0.0
lm060_ls020_le020,0.48,0.26,0.26,0.6,0.2,0.2,low_friction,low_friction,27200,0,results/icra27/os_t5p3_train_beta_response_atlas_v0/env_logs/lm060_ls020_le020/low_friction/episode_0000.jsonl,38,5,7.6,1.66711092455902,184.65427422027074,0.0028553352059299012,0.027193404443469224,0.00942916317952867,0.04488038526335214,0.2507302254936805,0.08493982941934237,0.04988900572497869,4.558784834314689,0.10387115368020573,0.2507302254936805,0.2507302254936805,slip,110.76304011931,low_friction,OS-T5.3b,frozen_existing_physical_row,0.152,0.0,0.0,0.0,0.0
lm060_ls000_le040,0.48,0.15,0.37,0.6,0.0,0.4,low_friction,low_friction,27200,0,results/icra27/os_t5p3_train_beta_response_atlas_v0/env_logs/lm060_ls000_le040/low_friction/episode_0000.jsonl,38,5,7.6,1.6612214280123316,184.2318401384618,0.002829110457722607,0.02724511058871211,0.009689454220684693,0.04470083341188236,0.25000000000004763,0.08278841662776128,0.048341896310146015,4.5749470069703335,0.10406865660669291,0.25000000000004763,0.25000000000004763,slip,110.90143495132799,low_friction,OS-T5.3b,frozen_existing_physical_row,0.152,0.0,0.0,0.0,0.0
lm040_ls060_le000,0.37,0.48,0.15,0.4,0.6,0.0,low_friction,low_friction,27200,0,results/icra27/os_t5p3_train_beta_response_atlas_v0/env_logs/lm040_ls060_le000/low_friction/episode_0000.jsonl,38,5,7.6,1.671350957291653,184.89688471730457,0.0029226184169102547,0.02712718067309844,0.009918411555085441,0.04466344613537543,0.25017519271203076,0.08596122401309901,0.050922681616455676,4.547219700831385,0.10361819751049309,0.25017519271203076,0.25017519271203076,slip,110.62720484327328,low_friction,OS-T5.3b,frozen_existing_physical_row,0.152,0.0,0.0,0.0,0.0
lm040_ls040_le020,0.37,0.37,0.26,0.4,0.4,0.2,low_friction,low_friction,27200,0,results/icra27/os_t5p3_train_beta_response_atlas_v0/env_logs/lm040_ls040_le020/low_friction/episode_0000.jsonl,38,5,7.6,1.6663864957040926,184.61332894697384,0.002854973825542895,0.027207176700306906,0.00943106409292918,0.04488090118525778,0.2507302254936805,0.08493982941934237,0.0501226778829411,4.5607666766339205,0.10392375982628368,0.2507302254936805,0.2507302254936805,slip,110.78662088471246,low_friction,OS-T5.3b,frozen_existing_physical_row,0.152,0.0,0.0,0.0,0.0
lm040_ls020_le040,0.36999999999999994,0.26,0.37,0.4,0.2,0.4,low_friction,low_friction,27200,0,results/icra27/os_t5p3_train_beta_response_atlas_v0/env_logs/lm040_ls020_le040/low_friction/episode_0000.jsonl,38,5,7.6,1.6606291115226415,184.19225342193886,0.0028293381089224013,0.027255520074044606,0.009700285163578078,0.044682280877865965,0.24988323213456426,0.08278841662776128,0.048808967772079756,4.576578808155128,0.10410841791178993,0.24988323213456426,0.24988323213456426,slip,110.91715311015582,low_friction,OS-T5.3b,frozen_existing_physical_row,0.152,0.0,0.0,0.0,0.0
lm040_ls000_le060,0.37,0.15,0.48,0.4,0.0,0.6,low_friction,low_friction,27200,0,results/icra27/os_t5p3_train_beta_response_atlas_v0/env_logs/lm040_ls000_le060/low_friction/episode_0000.jsonl,39,5,7.800000000000001,1.6963582285378398,188.45310003522124,0.0028457836085742025,0.027381855521503004,0.009589322843136872,0.04482422379802964,0.2530325359936935,0.08287042285456589,0.051014624192277924,4.598085397754187,0.10459098377460747,0.2530325359936935,0.2530325359936935,slip,111.09274967095638,low_friction,OS-T5.3b,frozen_existing_physical_row,0.152,0.0,0.0,0.0,0.0
lm020_ls080_le000,0.26,0.59,0.15,0.2,0.8,0.0,low_friction,low_friction,27200,0,results/icra27/os_t5p3_train_beta_response_atlas_v0/env_logs/lm020_ls080_le000/low_friction/episode_0000.jsonl,38,5,7.6,1.6702606559221165,184.83484898150815,0.002926937986263713,0.02713167183415182,0.009949098979391807,0.04462998930136197,0.24997079780404255,0.08562083868708713,0.0506950122649332,4.550188003922176,0.10363535248205791,0.24997079780404255,0.24997079780404255,slip,110.6622779661086,low_friction,OS-T5.3b,frozen_existing_physical_row,0.152,0.0,0.0,0.0,0.0
lm020_ls060_le020,0.26,0.48,0.26,0.2,0.6,0.2,low_friction,low_friction,27200,0,results/icra27/os_t5p3_train_beta_response_atlas_v0/env_logs/lm020_ls060_le020/low_friction/episode_0000.jsonl,38,5,7.6,1.6655750063634596,184.5597243710019,0.0028414832319065926,0.027226036381499476,0.009514054223915939,0.044852525068248994,0.25055484172414566,0.08620488260718998,0.05127905618503612,4.5629887402029965,0.10399579850197012,0.25055484172414566,0.25055484172414566,slip,110.8084137105066,low_friction,OS-T5.3b,frozen_existing_physical_row,0.152,0.0,0.0,0.0,0.0
lm020_ls040_le040,0.26,0.36999999999999994,0.37,0.2,0.4,0.4,low_friction,low_friction,27200,0,results/icra27/os_t5p3_train_beta_response_atlas_v0/env_logs/lm020_ls040_le040/low_friction/episode_0000.jsonl,38,5,7.6,1.6599550296125505,184.14870033680364,0.0028298706039088777,0.027265377693690095,0.00971169746908604,0.04466272751568123,0.24976646426908078,0.08290518449324472,0.048925735637563195,4.578437285601594,0.10414607124523872,0.24976646426908078,0.24976646426908078,slip,110.93595733119693,low_friction,OS-T5.3b,frozen_existing_physical_row,0.152,0.0,0.0,0.0,0.0
lm020_ls020_le060,0.26,0.26,0.48,0.2,0.2,0.6,low_friction,low_friction,27200,0,results/icra27/os_t5p3_train_beta_response_atlas_v0/env_logs/lm020_ls020_le060/low_friction/episode_0000.jsonl,39,5,7.800000000000001,1.6958104729852534,188.4102035887455,0.0028444194309649824,0.02739286061343252,0.009600569462808125,0.04480729375701298,0.2529191701621552,0.08264369119148912,0.05124135585535469,4.599570603116465,0.1046330201293218,0.2529191701621552,0.2529191701621552,slip,111.10333766076694,low_friction,OS-T5.3b,frozen_existing_physical_row,0.152,0.0,0.0,0.0,0.0
lm020_ls000_le080,0.26,0.15,0.59,0.2,0.0,0.8,low_friction,low_friction,27200,0,results/icra27/os_t5p3_train_beta_response_atlas_v0/env_logs/lm020_ls000_le080/low_friction/episode_0000.jsonl,39,5,7.800000000000001,1.6912602752838568,188.16966481141043,0.0026866576780998205,0.02764540994681745,0.00924777877132495,0.04523146162503644,0.2545062918036926,0.08355061784379621,0.0504477950345859,4.6119453723294415,0.10559768752410838,0.2545062918036926,0.2545062918036926,slip,111.2600275435598,low_friction,OS-T5.3b,frozen_existing_physical_row,0.152,0.0,0.0,0.0,0.0
lm000_ls100_le000,0.15,0.7,0.15,0.0,1.0,0.0,low_friction,low_friction,27200,0,results/icra27/os_t5p3_train_beta_response_atlas_v0/env_logs/lm000_ls100_le000/low_friction/episode_0000.jsonl,38,5,7.6,1.6691428622528075,184.7727288020379,0.002925439050601024,0.02714525343074203,0.009952362999014553,0.0446141480147193,0.2499707978040426,0.08562083868708707,0.0505782034809126,4.553235179487535,0.1036872303596358,0.2499707978040426,0.2499707978040426,slip,110.69916960412483,low_friction,OS-T5.3b,frozen_existing_physical_row,0.152,0.0,0.0,0.0,0.0
lm000_ls080_le020,0.15,0.59,0.26,0.0,0.8,0.2,low_friction,low_friction,27200,0,results/icra27/os_t5p3_train_beta_response_atlas_v0/env_logs/lm000_ls080_le020/low_friction/episode_0000.jsonl,38,5,7.6,1.6641651754594964,183.83667259223864,0.002926704147814697,0.02719780499931404,0.009850914353247793,0.04467590120171305,0.2496795992077843,0.08644995922173546,0.0520796924152507,4.566854367627028,0.10388796256536703,0.2496795992077843,0.2496795992077843,slip,110.4678040997217,low_friction,OS-T5.3b,frozen_existing_physical_row,0.152,0.0,0.0,0.0,0.0
lm000_ls060_le040,0.15,0.48,0.37,0.0,0.6,0.4,low_friction,low_friction,27200,0,results/icra27/os_t5p3_train_beta_response_atlas_v0/env_logs/lm000_ls060_le040/low_friction/episode_0000.jsonl,38,5,7.6,1.659695628839353,184.10827006838448,0.002759162469502999,0.02736343450612461,0.009251045276465282,0.04504775594514432,0.2501460450987745,0.08517350157730483,0.04907115317211024,4.579152868718935,0.10452062067890563,0.2501460450987745,0.2501460450987745,slip,110.92893592612148,low_friction,OS-T5.3b,frozen_existing_physical_row,0.152,0.0,0.0,0.0,0.0
lm000_ls040_le060,0.15,0.37,0.48,0.0,0.4,0.6,low_friction,low_friction,27200,0,results/icra27/os_t5p3_train_beta_response_atlas_v0/env_logs/lm000_ls040_le060/low_friction/episode_0000.jsonl,39,5,7.800000000000001,1.6951938650206613,188.3732798774758,0.0028442509033953555,0.02740489520106913,0.009604986815025581,0.04479511476674736,0.25314590182523194,0.08264369119148912,0.051354721686893076,4.6012436459029615,0.10467898886797232,0.25314590182523194,0.25314590182523194,slip,111.12196885822252,low_friction,OS-T5.3b,frozen_existing_physical_row,0.152,0.0,0.0,0.0,0.0
lm000_ls020_le080,0.15,0.26,0.59,0.0,0.2,0.8,low_friction,low_friction,27200,0,results/icra27/os_t5p3_train_beta_response_atlas_v0/env_logs/lm000_ls020_le080/low_friction/episode_0000.jsonl,39,5,7.800000000000001,1.6906720075835773,188.09545282941465,0.002683510900944877,0.02765229426110375,0.009364759699287288,0.0450740100014182,0.25405282847753896,0.08343725201225782,0.0503344292030475,4.6135500942896,0.10562398366767149,0.25405282847753896,0.25405282847753896,slip,111.25484540212705,low_friction,OS-T5.3b,frozen_existing_physical_row,0.152,0.0,0.0,0.0,0.0
lm000_ls000_le100,0.15,0.15,0.7,0.0,0.0,1.0,low_friction,low_friction,27200,0,results/icra27/os_t5p3_train_beta_response_atlas_v0/env_logs/lm000_ls000_le100/low_friction/episode_0000.jsonl,39,5,7.800000000000001,1.6859831660172444,187.89576374428847,0.0026792091270272022,0.027687677357595177,0.009214318885709488,0.04524040421818665,0.2546464188577031,0.08397552130554478,0.050317316409800805,4.626380711988806,0.10575913714067568,0.2546464188577031,0.2546464188577031,slip,111.44581246807458,low_friction,OS-T5.3b,frozen_existing_physical_row,0.152,0.0,0.0,0.0,0.0
lm100_ls000_le000,0.7,0.15,0.15,1.0,0.0,0.0,rough,rough_perlin,13,0,results/icra27/os_t5p3_train_beta_response_atlas_v0/env_logs/lm100_ls000_le000/rough/episode_0000.jsonl,37,5,7.4,1.6720258715629854,247.89785759817238,0.008121959065137489,0.12791446553201682,0.01729239652561013,0.19180601305535716,0.10512266429390613,0.010296173890938742,0.0011440193212153968,4.425768838781536,0.48859726757708033,0.10512266429390613,0.48859726757708033,attitude,148.2619747782019,rough_seed_13,OS-T5.3b,frozen_existing_physical_row,0.8,0.057342560135515086,0.17930769038200378,0.1402044779409948,0.2214621045737986
lm080_ls020_le000,0.59,0.26,0.15,0.8,0.2,0.0,rough,rough_perlin,13,0,results/icra27/os_t5p3_train_beta_response_atlas_v0/env_logs/lm080_ls020_le000/rough/episode_0000.jsonl,37,5,7.4,1.6692545402779353,246.06198662497684,0.008164640307936224,0.12718033710656135,0.01707128804930671,0.18990563743673317,0.10645325203254057,0.008892276422765969,0.001270325203252247,4.433116592732395,0.4857931035504681,0.10645325203254057,0.4857931035504681,attitude,147.4083075334975,rough_seed_13,OS-T5.3b,frozen_existing_physical_row,0.8,0.057342560135515086,0.17930769038200378,0.1402044779409948,0.2214621045737986
lm080_ls000_le020,0.59,0.15,0.26,0.8,0.0,0.2,rough,rough_perlin,13,0,results/icra27/os_t5p3_train_beta_response_atlas_v0/env_logs/lm080_ls000_le020/rough/episode_0000.jsonl,37,5,7.4,1.664766621629657,246.17202562905538,0.008134124249838979,0.12789634514408377,0.017130918309598432,0.19201835208945117,0.10705225773720929,0.01014713343480685,0.002156265854896347,4.44506749706218,0.4885280527936334,0.10705225773720929,0.4885280527936334,attitude,147.87179321752322,rough_seed_13,OS-T5.3b,frozen_existing_physical_row,0.8,0.057342560135515086,0.17930769038200378,0.1402044779409948,0.2214621045737986
lm060_ls040_le000,0.48,0.37,0.15,0.6,0.4,0.0,rough,rough_perlin,13,0,results/icra27/os_t5p3_train_beta_response_atlas_v0/env_logs/lm060_ls040_le000/rough/episode_0000.jsonl,37,5,7.4,1.6684580635368151,246.01912106036804,0.008147372789494508,0.12736775970330988,0.017049842737743626,0.18981533604660483,0.10806697108069026,0.009893455098936453,0.001268391679350798,4.435232842660367,0.4865090051357397,0.10806697108069026,0.4865090051357397,attitude,147.45298454721367,rough_seed_13,OS-T5.3b,frozen_existing_physical_row,0.8,0.057342560135515086,0.17930769038200378,0.1402044779409948,0.2214621045737986
lm060_ls020_le020,0.48,0.26,0.26,0.6,0.2,0.2,rough,rough_perlin,13,0,results/icra27/os_t5p3_train_beta_response_atlas_v0/env_logs/lm060_ls020_le020/rough/episode_0000.jsonl,37,5,7.4,1.664513887423276,246.84636663881201,0.008261300556938612,0.12901159811446303,0.01692511415372977,0.19195214167352237,0.10611830413812595,0.009393247017011282,0.002284843869002659,4.445742421203497,0.49278800534644407,0.10611830413812595,0.49278800534644407,attitude,148.29937347109706,rough_seed_13,OS-T5.3b,frozen_existing_physical_row,0.8,0.057342560135515086,0.17930769038200378,0.1402044779409948,0.2214621045737986
lm060_ls000_le040,0.48,0.15,0.37,0.6,0.0,0.4,rough,rough_perlin,13,0,results/icra27/os_t5p3_train_beta_response_atlas_v0/env_logs/lm060_ls000_le040/rough/episode_0000.jsonl,37,5,7.4,1.6529444211644897,241.80401387817483,0.008322280366212588,0.12785243098857837,0.017042058214498487,0.18898551985993306,0.10630795350661566,0.010186757215621723,0.0013059945148232585,4.476859539407105,0.48836031307554406,0.10630795350661566,0.48836031307554406,attitude,146.28683867532902,rough_seed_13,OS-T5.3b,frozen_existing_physical_row,0.8,0.057342560135515086,0.17930769038200378,0.1402044779409948,0.2214621045737986
lm040_ls060_le000,0.37,0.48,0.15,0.4,0.6,0.0,rough,rough_perlin,13,0,results/icra27/os_t5p3_train_beta_response_atlas_v0/env_logs/lm040_ls060_le000/rough/episode_0000.jsonl,37,5,7.4,1.664595049000547,245.66550850985845,0.008476202804207956,0.12580656815379537,0.01925680385702834,0.19158741781079214,0.11043256997457503,0.009923664122139488,0.0016539440203565084,4.445525657692599,0.480545692682495,0.11043256997457503,0.480545692682495,attitude,147.58274612036152,rough_seed_13,OS-T5.3b,frozen_existing_physical_row,0.8,0.057342560135515086,0.17930769038200378,0.1402044779409948,0.2214621045737986
lm040_ls040_le020,0.37,0.37,0.26,0.4,0.4,0.2,rough,rough_perlin,13,0,results/icra27/os_t5p3_train_beta_response_atlas_v0/env_logs/lm040_ls040_le020/rough/episode_0000.jsonl,37,5,7.4,1.6676072049854862,246.97264221707587,0.008104992125936392,0.12852418971108986,0.016895214825445037,0.19184706694595088,0.10561769191664434,0.010421962379259861,0.001906456532791367,4.437495819085529,0.4909262423856113,0.10561769191664434,0.4909262423856113,attitude,148.10000909010546,rough_seed_13,OS-T5.3b,frozen_existing_physical_row,0.8,0.057342560135515086,0.17930769038200378,0.1402044779409948,0.2214621045737986
lm040_ls020_le040,0.36999999999999994,0.26,0.37,0.4,0.2,0.4,rough,rough_perlin,13,0,results/icra27/os_t5p3_train_beta_response_atlas_v0/env_logs/lm040_ls020_le040/rough/episode_0000.jsonl,37,5,7.4,1.6539683078922724,242.93686027100443,0.0084133170934872,0.12808799945447294,0.01700013734460808,0.18896573923838678,0.10770623222138112,0.009956038272564693,0.0009050943884149435,4.47408814587878,0.48926011833435273,0.10770623222138112,0.48926011833435273,attitude,146.88120631560952,rough_seed_13,OS-T5.3b,frozen_existing_physical_row,0.8,0.057342560135515086,0.17930769038200378,0.1402044779409948,0.2214621045737986
lm040_ls000_le060,0.37,0.15,0.48,0.4,0.0,0.6,rough,rough_perlin,13,0,results/icra27/os_t5p3_train_beta_response_atlas_v0/env_logs/lm040_ls000_le060/rough/episode_0000.jsonl,37,5,7.4,1.6489101721458395,239.63148780513575,0.0071948861456698114,0.1276931762930398,0.01599323149649116,0.1858371479076173,0.10194174757283528,0.01111394992335424,0.002043944813490368,4.487812692895135,0.48775200494741067,0.10194174757283528,0.48775200494741067,attitude,145.32719359313973,rough_seed_13,OS-T5.3b,frozen_existing_physical_row,0.8,0.057342560135515086,0.17930769038200378,0.1402044779409948,0.2214621045737986
lm020_ls080_le000,0.26,0.59,0.15,0.2,0.8,0.0,rough,rough_perlin,13,0,results/icra27/os_t5p3_train_beta_response_atlas_v0/env_logs/lm020_ls080_le000/rough/episode_0000.jsonl,37,5,7.4,1.6674829658144708,247.21587596886155,0.008266415521184827,0.12762560356491034,0.017451689937318896,0.19158166336965676,0.10893466447619919,0.009730822696829903,0.0016428661695946137,4.4378264436335755,0.48749389613861044,0.10893466447619919,0.48749389613861044,attitude,148.25691238657458,rough_seed_13,OS-T5.3b,frozen_existing_physical_row,0.8,0.057342560135515086,0.17930769038200378,0.1402044779409948,0.2214621045737986
lm020_ls060_le020,0.26,0.48,0.26,0.2,0.6,0.2,rough,rough_perlin,13,0,results/icra27/os_t5p3_train_beta_response_atlas_v0/env_logs/lm020_ls060_le020/rough/episode_0000.jsonl,37,5,7.4,1.6590080431414242,244.22738929481358,0.008322380675444848,0.1284092087278528,0.01717253455525927,0.191655205265423,0.10638024183176675,0.009776177000259241,0.0021867764342684234,4.46049675924879,0.4904870473813614,0.10638024183176675,0.4904870473813614,attitude,147.21290249585252,rough_seed_13,OS-T5.3b,frozen_existing_physical_row,0.8,0.057342560135515086,0.17930769038200378,0.1402044779409948,0.2214621045737986
lm020_ls040_le040,0.26,0.36999999999999994,0.37,0.2,0.4,0.4,rough,rough_perlin,13,0,results/icra27/os_t5p3_train_beta_response_atlas_v0/env_logs/lm020_ls040_le040/rough/episode_0000.jsonl,37,5,7.4,1.6528426990445109,242.14044741049815,0.00813024763617739,0.1279158229510305,0.017306478465713176,0.18897378955225586,0.10138489678601437,0.00966814737392407,0.0011758557616934385,4.477135062082952,0.4886024525357813,0.10138489678601437,0.4886024525357813,attitude,146.49939014189113,rough_seed_13,OS-T5.3b,frozen_existing_physical_row,0.8,0.057342560135515086,0.17930769038200378,0.1402044779409948,0.2214621045737986
lm020_ls020_le060,0.26,0.26,0.48,0.2,0.2,0.6,rough,rough_perlin,13,0,results/icra27/os_t5p3_train_beta_response_atlas_v0/env_logs/lm020_ls020_le060/rough/episode_0000.jsonl,37,5,7.4,1.6476935705603641,240.85780953128466,0.007538818315886156,0.12784677125130753,0.01611182121081696,0.1861554298258583,0.09854294478529538,0.01073619631902051,0.0019171779141107976,4.491126343039218,0.4883386944716259,0.09854294478529538,0.4883386944716259,attitude,146.1787639611723,rough_seed_13,OS-T5.3b,frozen_existing_physical_row,0.8,0.057342560135515086,0.17930769038200378,0.1402044779409948,0.2214621045737986
lm020_ls000_le080,0.26,0.15,0.59,0.2,0.0,0.8,rough,rough_perlin,13,0,results/icra27/os_t5p3_train_beta_response_atlas_v0/env_logs/lm020_ls000_le080/rough/episode_0000.jsonl,38,5,7.6,1.6820172929717865,244.45792091041602,0.007151021129294574,0.12621268774872202,0.016014625285764715,0.18619924279163613,0.09663654618475527,0.009036144578314857,0.0023845381526108023,4.518383985560771,0.48209695526695223,0.09663654618475527,0.48209695526695223,attitude,145.33615197172438,rough_seed_13,OS-T5.3b,frozen_existing_physical_row,0.8,0.057342560135515086,0.17930769038200378,0.1402044779409948,0.2214621045737986
lm000_ls100_le000,0.15,0.7,0.15,0.0,1.0,0.0,rough,rough_perlin,13,0,results/icra27/os_t5p3_train_beta_response_atlas_v0/env_logs/lm000_ls100_le000/rough/episode_0000.jsonl,37,5,7.4,1.6632304927764445,245.66352497530187,0.008457390010675974,0.12590535986155096,0.019210056911202297,0.1913659919825914,0.10876478819490658,0.00954077089429028,0.0016537336216769054,4.449172879007959,0.48092304920951395,0.10876478819490658,0.48092304920951395,attitude,147.70263414616318,rough_seed_13,OS-T5.3b,frozen_existing_physical_row,0.8,0.057342560135515086,0.17930769038200378,0.1402044779409948,0.2214621045737986
lm000_ls080_le020,0.15,0.59,0.26,0.0,0.8,0.2,rough,rough_perlin,13,0,results/icra27/os_t5p3_train_beta_response_atlas_v0/env_logs/lm000_ls080_le020/rough/episode_0000.jsonl,37,5,7.4,1.6612401720701526,246.41922368637023,0.008238545190480607,0.12899499398854458,0.017158461602608446,0.19186653292724376,0.10471540537069933,0.008351535397663158,0.00244121803931685,4.454503403188534,0.49272458225726873,0.10471540537069933,0.49272458225726873,attitude,148.3344960164882,rough_seed_13,OS-T5.3b,frozen_existing_physical_row,0.8,0.057342560135515086,0.17930769038200378,0.1402044779409948,0.2214621045737986
lm000_ls060_le040,0.15,0.48,0.37,0.0,0.6,0.4,rough,rough_perlin,13,0,results/icra27/os_t5p3_train_beta_response_atlas_v0/env_logs/lm000_ls060_le040/rough/episode_0000.jsonl,37,5,7.4,1.652683994309769,243.29927465118038,0.00834992261634115,0.12824643277248565,0.01720383850278659,0.18901363118769665,0.1036655948553252,0.010546623794214303,0.0010289389067525832,4.477564994565434,0.4898652890314449,0.1036655948553252,0.4898652890314449,attitude,147.21463721368735,rough_seed_13,OS-T5.3b,frozen_existing_physical_row,0.8,0.057342560135515086,0.17930769038200378,0.1402044779409948,0.2214621045737986
lm000_ls040_le060,0.15,0.37,0.48,0.0,0.4,0.6,rough,rough_perlin,13,0,results/icra27/os_t5p3_train_beta_response_atlas_v0/env_logs/lm000_ls040_le060/rough/episode_0000.jsonl,37,5,7.4,1.6477437217345947,242.1717326889929,0.008221323893520194,0.12763418973293514,0.016632150317960954,0.18886774739347922,0.10581319399087519,0.009013716525148843,0.0013063357282823776,4.490989649901353,0.4875266928846112,0.10581319399087519,0.4875266928846112,attitude,146.97172229796544,rough_seed_13,OS-T5.3b,frozen_existing_physical_row,0.8,0.057342560135515086,0.17930769038200378,0.1402044779409948,0.2214621045737986
lm000_ls020_le080,0.15,0.26,0.59,0.0,0.2,0.8,rough,rough_perlin,13,0,results/icra27/os_t5p3_train_beta_response_atlas_v0/env_logs/lm000_ls020_le080/rough/episode_0000.jsonl,38,5,7.6,1.6814654901229567,245.48764819641383,0.007404632996024755,0.12640650560439742,0.01665947354830049,0.18632338057899503,0.09950062421974186,0.009238451935082832,0.002372034956304961,4.519866773741668,0.48283728494191736,0.09950062421974186,0.48283728494191736,attitude,145.9962453219677,rough_seed_13,OS-T5.3b,frozen_existing_physical_row,0.8,0.057342560135515086,0.17930769038200378,0.1402044779409948,0.2214621045737986
lm000_ls000_le100,0.15,0.15,0.7,0.0,0.0,1.0,rough,rough_perlin,13,0,results/icra27/os_t5p3_train_beta_response_atlas_v0/env_logs/lm000_ls000_le100/rough/episode_0000.jsonl,38,5,7.6,1.6773137415751103,245.40458243381272,0.007445982324410906,0.12655218070092014,0.01633452326552357,0.1861442103003832,0.0976042590949584,0.010394219799723018,0.0016478641145902544,4.531054513905723,0.48339372282264487,0.0976042590949584,0.48339372282264487,attitude,146.30809749603634,rough_seed_13,OS-T5.3b,frozen_existing_physical_row,0.8,0.057342560135515086,0.17930769038200378,0.1402044779409948,0.2214621045737986
lm100_ls000_le000,0.7,0.15,0.15,1.0,0.0,0.0,rough,rough_perlin,7,1,results/icra27/os_t5p3_train_beta_response_atlas_v0/env_logs/lm100_ls000_le000/rough/episode_0001.jsonl,38,5,7.6,1.7051088503806648,226.32284245574934,0.006294509638746507,0.08473219957778991,0.019093808791521123,0.17816436179211825,0.08203643382798423,0.0061527325370989636,0.0009651345156236346,4.457193450320372,0.32365316164450253,0.08203643382798423,0.32365316164450253,attitude,132.73219619100732,rough_seed_7,OS-T5.3b,frozen_existing_physical_row,0.8,0.05006112014961697,0.1443606530427933,0.1386379300857214,0.20846310682149058
lm080_ls020_le000,0.59,0.26,0.15,0.8,0.2,0.0,rough,rough_perlin,7,1,results/icra27/os_t5p3_train_beta_response_atlas_v0/env_logs/lm080_ls020_le000/rough/episode_0001.jsonl,38,5,7.6,1.7033308985658198,227.2954068921305,0.006161461696793784,0.08443989211864208,0.018862811752647517,0.17707712433607403,0.08528550512447082,0.005734504636409705,0.0007320644216694858,4.461845908155069,0.32253662939587835,0.08528550512447082,0.32253662939587835,attitude,133.44172120843342,rough_seed_7,OS-T5.3b,frozen_existing_physical_row,0.8,0.05006112014961697,0.1443606530427933,0.1386379300857214,0.20846310682149058
lm080_ls000_le020,0.59,0.15,0.26,0.8,0.0,0.2,rough,rough_perlin,7,1,results/icra27/os_t5p3_train_beta_response_atlas_v0/env_logs/lm080_ls000_le020/rough/episode_0001.jsonl,38,5,7.6,1.7013900899631937,226.1908505492278,0.006330583437157794,0.08558073424248654,0.01997389370939472,0.1783544254707754,0.08556475170401365,0.0071811100292131615,0.00036514118792605236,4.466935622132612,0.32689432531501356,0.08556475170401365,0.32689432531501356,attitude,132.94473259458152,rough_seed_7,OS-T5.3b,frozen_existing_physical_row,0.8,0.05006112014961697,0.1443606530427933,0.1386379300857214,0.20846310682149058
lm060_ls040_le000,0.48,0.37,0.15,0.6,0.4,0.0,rough,rough_perlin,7,1,results/icra27/os_t5p3_train_beta_response_atlas_v0/env_logs/lm060_ls040_le000/rough/episode_0001.jsonl,38,5,7.6,1.702899803177374,227.4808615289942,0.006079709792265545,0.08445286922451417,0.0189596377282474,0.17709962603377138,0.08576287657922328,0.005709426627795837,0.00012147716229350691,4.462975440962209,0.322586198288996,0.08576287657922328,0.322586198288996,attitude,133.5844076701087,rough_seed_7,OS-T5.3b,frozen_existing_physical_row,0.8,0.05006112014961697,0.1443606530427933,0.1386379300857214,0.20846310682149058
lm060_ls020_le020,0.48,0.26,0.26,0.6,0.2,0.2,rough,rough_perlin,7,1,results/icra27/os_t5p3_train_beta_response_atlas_v0/env_logs/lm060_ls020_le020/rough/episode_0001.jsonl,38,5,7.6,1.7004525720819954,226.38529547567228,0.00633368209946173,0.08548510460759104,0.020364355678592183,0.17812544536474073,0.08774914924649739,0.0076567817209549985,0.00036460865337876124,4.469398397095388,0.32652904701662094,0.08774914924649739,0.32652904701662094,attitude,133.13237851643888,rough_seed_7,OS-T5.3b,frozen_existing_physical_row,0.8,0.05006112014961697,0.1443606530427933,0.1386379300857214,0.20846310682149058
lm060_ls000_le040,0.48,0.15,0.37,0.6,0.0,0.4,rough,rough_perlin,7,1,results/icra27/os_t5p3_train_beta_response_atlas_v0/env_logs/lm060_ls000_le040/rough/episode_0001.jsonl,38,5,7.6,1.689741405694846,222.20022595018267,0.005786875292661117,0.08548559756630603,0.018108202142770775,0.17272368566408347,0.08234430441700237,0.004649455524288494,0.0,4.497729637438085,0.3265309299802105,0.08234430441700237,0.3265309299802105,attitude,131.49954496073363,rough_seed_7,OS-T5.3b,frozen_existing_physical_row,0.8,0.05006112014961697,0.1443606530427933,0.1386379300857214,0.20846310682149058
lm040_ls060_le000,0.37,0.48,0.15,0.4,0.6,0.0,rough,rough_perlin,7,1,results/icra27/os_t5p3_train_beta_response_atlas_v0/env_logs/lm040_ls060_le000/rough/episode_0001.jsonl,38,5,7.6,1.7017702792706597,227.89406555935975,0.006250998351373318,0.08448374808361961,0.018574300523975466,0.1773080131357656,0.08490222276207526,0.00607312036924758,0.00012146240738493243,4.465937672420268,0.322704146842524,0.08490222276207526,0.322704146842524,attitude,133.91588061875777,rough_seed_7,OS-T5.3b,frozen_existing_physical_row,0.8,0.05006112014961697,0.1443606530427933,0.1386379300857214,0.20846310682149058
lm040_ls040_le020,0.37,0.37,0.26,0.4,0.4,0.2,rough,rough_perlin,7,1,results/icra27/os_t5p3_train_beta_response_atlas_v0/env_logs/lm040_ls040_le020/rough/episode_0001.jsonl,38,5,7.6,1.6937013126789688,223.21950333406144,0.006059053078393511,0.08505910038678476,0.02102328272899268,0.17478605390955848,0.08379888268158359,0.007286859363616497,0.0003643429681807689,4.4872138570754805,0.32490183075615703,0.08379888268158359,0.32490183075615703,attitude,131.7939011223825,rough_seed_7,OS-T5.3b,frozen_existing_physical_row,0.8,0.05006112014961697,0.1443606530427933,0.1386379300857214,0.20846310682149058
lm040_ls020_le040,0.36999999999999994,0.26,0.37,0.4,0.2,0.4,rough,rough_perlin,7,1,results/icra27/os_t5p3_train_beta_response_atlas_v0/env_logs/lm040_ls020_le040/rough/episode_0001.jsonl,38,5,7.6,1.686810396913212,221.1596559818523,0.006077053112473167,0.08519489100887694,0.01993331616370526,0.17023541817954466,0.08187706220214624,0.005865819381646642,0.0004888182818038664,4.505544911216852,0.3254205127257129,0.08187706220214624,0.3254205127257129,attitude,131.11115297046106,rough_seed_7,OS-T5.3b,frozen_existing_physical_row,0.8,0.05006112014961697,0.1443606530427933,0.1386379300857214,0.20846310682149058
lm040_ls000_le060,0.37,0.15,0.48,0.4,0.0,0.6,rough,rough_perlin,7,1,results/icra27/os_t5p3_train_beta_response_atlas_v0/env_logs/lm040_ls000_le060/rough/episode_0001.jsonl,39,5,7.800000000000001,1.7206922940733818,228.07564984342665,0.0063995197818708695,0.0850198176648476,0.020800141087688254,0.17253102632528639,0.08256227758008915,0.004982206405695033,0.00011862396204039806,4.53305918022979,0.32475178181117137,0.08256227758008915,0.32475178181117137,attitude,132.54877157815642,rough_seed_7,OS-T5.3b,frozen_existing_physical_row,0.8,0.05006112014961697,0.1443606530427933,0.1386379300857214,0.20846310682149058
lm020_ls080_le000,0.26,0.59,0.15,0.2,0.8,0.0,rough,rough_perlin,7,1,results/icra27/os_t5p3_train_beta_response_atlas_v0/env_logs/lm020_ls080_le000/rough/episode_0001.jsonl,38,5,7.6,1.7017833009007965,226.5664381297648,0.006252591144594172,0.08449450770257666,0.019016172867496642,0.17731414647817867,0.0844132251423235,0.006418796172945976,0.0009688748940297761,4.46590350015606,0.32274524555955125,0.0844132251423235,0.32274524555955125,attitude,133.13471698179052,rough_seed_7,OS-T5.3b,frozen_existing_physical_row,0.8,0.05006112014961697,0.1443606530427933,0.1386379300857214,0.20846310682149058
lm020_ls060_le020,0.26,0.48,0.26,0.2,0.6,0.2,rough,rough_perlin,7,1,results/icra27/os_t5p3_train_beta_response_atlas_v0/env_logs/lm020_ls060_le020/rough/episode_0001.jsonl,38,5,7.6,1.692688489627511,223.73132304726775,0.006224002930959044,0.08504330736027887,0.02173623556101554,0.17462925773267046,0.08934583934586049,0.006373256373258055,0.00120250120250176,4.489898789157855,0.324841505838522,0.08934583934586049,0.324841505838522,attitude,132.17513111139635,rough_seed_7,OS-T5.3b,frozen_existing_physical_row,0.8,0.05006112014961697,0.1443606530427933,0.1386379300857214,0.20846310682149058
lm020_ls040_le040,0.26,0.36999999999999994,0.37,0.2,0.4,0.4,rough,rough_perlin,7,1,results/icra27/os_t5p3_train_beta_response_atlas_v0/env_logs/lm020_ls040_le040/rough/episode_0001.jsonl,38,5,7.6,1.6878622487227815,221.71547065469312,0.005577371748676958,0.08532484363100723,0.016285228309218528,0.1726033325251517,0.08105134474329524,0.004889975550123794,0.0,4.5027371195433625,0.3259168951780278,0.08105134474329524,0.3259168951780278,attitude,131.35874732814656,rough_seed_7,OS-T5.3b,frozen_existing_physical_row,0.8,0.05006112014961697,0.1443606530427933,0.1386379300857214,0.20846310682149058
lm020_ls020_le060,0.26,0.26,0.48,0.2,0.2,0.6,rough,rough_perlin,7,1,results/icra27/os_t5p3_train_beta_response_atlas_v0/env_logs/lm020_ls020_le060/rough/episode_0001.jsonl,39,5,7.800000000000001,1.7085390861129244,222.67919727121208,0.006539767717214067,0.08375898812615112,0.01857712255669413,0.16478352082089698,0.08220640569396734,0.004626334519573889,0.00011862396204039732,4.565303810371516,0.3199357677276557,0.08220640569396734,0.3199357677276557,attitude,130.33310099906856,rough_seed_7,OS-T5.3b,frozen_existing_physical_row,0.8,0.05006112014961697,0.1443606530427933,0.1386379300857214,0.20846310682149058
lm020_ls000_le080,0.26,0.15,0.59,0.2,0.0,0.8,rough,rough_perlin,7,1,results/icra27/os_t5p3_train_beta_response_atlas_v0/env_logs/lm020_ls000_le080/rough/episode_0001.jsonl,39,5,7.800000000000001,1.7075659853443232,223.17326598624467,0.0064973332159842054,0.08474826081927186,0.01893742239093883,0.1660591781432037,0.09157682739013936,0.0036725506456589067,0.0,4.567905467165396,0.32371451106787963,0.09157682739013936,0.32371451106787963,attitude,130.69671561842617,rough_seed_7,OS-T5.3b,frozen_existing_physical_row,0.8,0.05006112014961697,0.1443606530427933,0.1386379300857214,0.20846310682149058
lm000_ls100_le000,0.15,0.7,0.15,0.0,1.0,0.0,rough,rough_perlin,7,1,results/icra27/os_t5p3_train_beta_response_atlas_v0/env_logs/lm000_ls100_le000/rough/episode_0001.jsonl,38,5,7.6,1.6987601113743798,224.97816662214726,0.006137474581775928,0.08457160481971984,0.019589665923348556,0.1762587621932572,0.08106480366178742,0.006624909660324569,0.0010840761262351278,4.4738512219075055,0.32303973485454657,0.08106480366178742,0.32303973485454657,attitude,132.4366902164479,rough_seed_7,OS-T5.3b,frozen_existing_physical_row,0.8,0.05006112014961697,0.1443606530427933,0.1386379300857214,0.20846310682149058
lm000_ls080_le020,0.15,0.59,0.26,0.0,0.8,0.2,rough,rough_perlin,7,1,results/icra27/os_t5p3_train_beta_response_atlas_v0/env_logs/lm000_ls080_le020/rough/episode_0001.jsonl,38,5,7.6,1.692144455082711,223.31313328071232,0.006247455145081251,0.08508922104154996,0.021586330474046508,0.1746418752934047,0.08878729547644068,0.006135707410973723,0.0010827718960543843,4.491342318424296,0.32501688318243815,0.08878729547644068,0.32501688318243815,attitude,131.9704902320511,rough_seed_7,OS-T5.3b,frozen_existing_physical_row,0.8,0.05006112014961697,0.1443606530427933,0.1386379300857214,0.20846310682149058
lm000_ls060_le040,0.15,0.48,0.37,0.0,0.6,0.4,rough,rough_perlin,7,1,results/icra27/os_t5p3_train_beta_response_atlas_v0/env_logs/lm000_ls060_le040/rough/episode_0001.jsonl,39,5,7.800000000000001,1.7225005585327635,227.12394157003362,0.006838493594969372,0.08417020654744935,0.021595521577645643,0.17017560008652222,0.08335312277370507,0.005580622180006352,0.00047494656851114627,4.528300418459131,0.3215065063942171,0.08335312277370507,0.3215065063942171,attitude,131.85710764790647,rough_seed_7,OS-T5.3b,frozen_existing_physical_row,0.8,0.05006112014961697,0.1443606530427933,0.1386379300857214,0.20846310682149058
lm000_ls040_le060,0.15,0.37,0.48,0.0,0.4,0.6,rough,rough_perlin,7,1,results/icra27/os_t5p3_train_beta_response_atlas_v0/env_logs/lm000_ls040_le060/rough/episode_0001.jsonl,39,5,7.800000000000001,1.7123724213261389,224.96133271686372,0.006824926923965242,0.08457103567771296,0.022034938753680514,0.16832502801613036,0.09172470782672527,0.006492739936254706,0.0005902490851142451,4.555083872443663,0.32303756089221736,0.09172470782672527,0.32303756089221736,attitude,131.37406904897676,rough_seed_7,OS-T5.3b,frozen_existing_physical_row,0.8,0.05006112014961697,0.1443606530427933,0.1386379300857214,0.20846310682149058
lm000_ls020_le080,0.15,0.26,0.59,0.0,0.2,0.8,rough,rough_perlin,7,1,results/icra27/os_t5p3_train_beta_response_atlas_v0/env_logs/lm000_ls020_le080/rough/episode_0001.jsonl,39,5,7.800000000000001,1.7084299431397552,223.12075568766087,0.006410058586558863,0.08485519867492623,0.019143073684412024,0.16617787755124014,0.09311118988540396,0.003899326479972529,0.00011816140848405417,4.56559546460837,0.3241229835878246,0.09311118988540396,0.3241229835878246,attitude,130.59988592661236,rough_seed_7,OS-T5.3b,frozen_existing_physical_row,0.8,0.05006112014961697,0.1443606530427933,0.1386379300857214,0.20846310682149058
lm000_ls000_le100,0.15,0.15,0.7,0.0,0.0,1.0,rough,rough_perlin,7,1,results/icra27/os_t5p3_train_beta_response_atlas_v0/env_logs/lm000_ls000_le100/rough/episode_0001.jsonl,39,5,7.800000000000001,1.7056056923844989,223.0613876668058,0.006171958096865643,0.0851675203875557,0.016557673927748442,0.16631114033171013,0.0848102771500106,0.003687403354348256,0.00011894849530159965,4.573155468949753,0.3253159646534224,0.0848102771500106,0.3253159646534224,attitude,130.78133396409922,rough_seed_7,OS-T5.3b,frozen_existing_physical_row,0.8,0.05006112014961697,0.1443606530427933,0.1386379300857214,0.20846310682149058
lm100_ls000_le000,0.7,0.15,0.15,1.0,0.0,0.0,rough,rough_perlin,15,2,results/icra27/os_t5p3_train_beta_response_atlas_v0/env_logs/lm100_ls000_le000/rough/episode_0002.jsonl,37,5,7.4,1.6588624348083991,252.94761017273981,0.010237305212421234,0.11541934424242756,0.026925245176595412,0.1964401900998234,0.105039309189349,0.012243845856427042,0.0029642995231350232,4.460888283876722,0.4408694199505785,0.105039309189349,0.4408694199505785,attitude,152.48257171002587,rough_seed_15,OS-T5.3b,frozen_existing_physical_row,0.8,0.040298195722818564,0.13083636277914049,0.14957532438805252,0.2616771163208163
lm080_ls020_le000,0.59,0.26,0.15,0.8,0.2,0.0,rough,rough_perlin,15,2,results/icra27/os_t5p3_train_beta_response_atlas_v0/env_logs/lm080_ls020_le000/rough/episode_0002.jsonl,37,5,7.4,1.6594129577263643,252.98200875878695,0.010226397403981428,0.11544243974227052,0.026982626632792495,0.1964905919376774,0.10530381050465498,0.0122296601441835,0.0029608650875392185,4.459408350130682,0.44095763826169493,0.10530381050465498,0.44095763826169493,attitude,152.45271382321184,rough_seed_15,OS-T5.3b,frozen_existing_physical_row,0.8,0.040298195722818564,0.13083636277914049,0.14957532438805252,0.2616771163208163
lm080_ls000_le020,0.59,0.15,0.26,0.8,0.0,0.2,rough,rough_perlin,15,2,results/icra27/os_t5p3_train_beta_response_atlas_v0/env_logs/lm080_ls000_le020/rough/episode_0002.jsonl,37,5,7.4,1.6596783106028496,252.51220833761198,0.010634500069016499,0.1161791567599138,0.030430532417579842,0.19579344431033419,0.11301068510373102,0.012570710245131348,0.0027655562539288603,4.458695370497478,0.4437716899821233,0.11301068510373102,0.4437716899821233,attitude,152.1452722039196,rough_seed_15,OS-T5.3b,frozen_existing_physical_row,0.8,0.040298195722818564,0.13083636277914049,0.14957532438805252,0.2616771163208163
lm060_ls040_le000,0.48,0.37,0.15,0.6,0.4,0.0,rough,rough_perlin,15,2,results/icra27/os_t5p3_train_beta_response_atlas_v0/env_logs/lm060_ls040_le000/rough/episode_0002.jsonl,37,5,7.4,1.6588986797177063,252.81461982109823,0.010240878607878166,0.1153623767636965,0.027144270934125858,0.19650447474206345,0.10673868312759288,0.012217078189302656,0.0029578189300417507,4.4607908189180385,0.4406518202105258,0.10673868312759288,0.4406518202105258,attitude,152.39907229543368,rough_seed_15,OS-T5.3b,frozen_existing_physical_row,0.8,0.040298195722818564,0.13083636277914049,0.14957532438805252,0.2616771163208163
lm060_ls020_le020,0.48,0.26,0.26,0.6,0.2,0.2,rough,rough_perlin,15,2,results/icra27/os_t5p3_train_beta_response_atlas_v0/env_logs/lm060_ls020_le020/rough/episode_0002.jsonl,37,5,7.4,1.6603830998448994,252.94813937926574,0.010567077232153707,0.11632923481796116,0.02990150560708144,0.195854556472137,0.11314831093811131,0.01218133869145038,0.002888358658797471,4.4568027708131055,0.44434494593703217,0.11314831093811131,0.44434494593703217,attitude,152.34323898074743,rough_seed_15,OS-T5.3b,frozen_existing_physical_row,0.8,0.040298195722818564,0.13083636277914049,0.14957532438805252,0.2616771163208163
lm060_ls000_le040,0.48,0.15,0.37,0.6,0.0,0.4,rough,rough_perlin,15,2,results/icra27/os_t5p3_train_beta_response_atlas_v0/env_logs/lm060_ls000_le040/rough/episode_0002.jsonl,37,5,7.4,1.657101535659268,254.3050446738464,0.010538819939812451,0.11680634792685025,0.029399194227200283,0.19946270379216724,0.11043489286169303,0.01153797388107241,0.0017750729047803391,4.465628593516422,0.44616738376967957,0.11043489286169303,0.44616738376967957,attitude,153.46376742851345,rough_seed_15,OS-T5.3b,frozen_existing_physical_row,0.8,0.040298195722818564,0.13083636277914049,0.14957532438805252,0.2616771163208163
lm040_ls060_le000,0.37,0.48,0.15,0.4,0.6,0.0,rough,rough_perlin,15,2,results/icra27/os_t5p3_train_beta_response_atlas_v0/env_logs/lm040_ls060_le000/rough/episode_0002.jsonl,37,5,7.4,1.661623650830135,253.22194745237255,0.010195039674124122,0.11562160569828053,0.028160114728361076,0.1964559590527932,0.10088111352319713,0.012131273145194434,0.0024262546290389495,4.453475368085315,0.44164200180248164,0.10088111352319713,0.44164200180248164,attitude,152.39428454563986,rough_seed_15,OS-T5.3b,frozen_existing_physical_row,0.8,0.040298195722818564,0.13083636277914049,0.14957532438805252,0.2616771163208163
lm040_ls040_le020,0.37,0.37,0.26,0.4,0.4,0.2,rough,rough_perlin,15,2,results/icra27/os_t5p3_train_beta_response_atlas_v0/env_logs/lm040_ls040_le020/rough/episode_0002.jsonl,37,5,7.4,1.659978597719692,252.01543314899834,0.010490386212387761,0.11619484927935265,0.030524444605464544,0.1959191613147091,0.11113920849667151,0.011632317612848437,0.002655202933367539,4.457888800593791,0.4438316309910415,0.11113920849667151,0.4438316309910415,attitude,151.8184833799612,rough_seed_15,OS-T5.3b,frozen_existing_physical_row,0.8,0.040298195722818564,0.13083636277914049,0.14957532438805252,0.2616771163208163
lm040_ls020_le040,0.36999999999999994,0.26,0.37,0.4,0.2,0.4,rough,rough_perlin,15,2,results/icra27/os_t5p3_train_beta_response_atlas_v0/env_logs/lm040_ls020_le040/rough/episode_0002.jsonl,38,5,7.6,1.693892619915711,258.46405623077214,0.010676994460676652,0.11525669898496758,0.030404689668358287,0.19932721063648806,0.10652793261490634,0.010776662950577746,0.0023535240926548747,4.486707073780261,0.4402481608298935,0.10652793261490634,0.4402481608298935,attitude,152.58585650112428,rough_seed_15,OS-T5.3b,frozen_existing_physical_row,0.8,0.040298195722818564,0.13083636277914049,0.14957532438805252,0.2616771163208163
lm040_ls000_le060,0.37,0.15,0.48,0.4,0.0,0.6,rough,rough_perlin,15,2,results/icra27/os_t5p3_train_beta_response_atlas_v0/env_logs/lm040_ls000_le060/rough/episode_0002.jsonl,38,5,7.6,1.6905934019902629,258.1843103174742,0.010311833305421847,0.11558185773970764,0.028967945953286053,0.20168718433642918,0.10582403965305305,0.011400247831476435,0.0021065675340771277,4.495462948721347,0.4414901757844491,0.10582403965305305,0.4414901757844491,attitude,152.71815802281316,rough_seed_15,OS-T5.3b,frozen_existing_physical_row,0.8,0.040298195722818564,0.13083636277914049,0.14957532438805252,0.2616771163208163
lm020_ls080_le000,0.26,0.59,0.15,0.2,0.8,0.0,rough,rough_perlin,15,2,results/icra27/os_t5p3_train_beta_response_atlas_v0/env_logs/lm020_ls080_le000/rough/episode_0002.jsonl,37,5,7.4,1.6603344399757392,254.48306183632246,0.010265465008841207,0.11606961962422405,0.028232334810863405,0.19827671896704072,0.10466760961812518,0.012472675839014758,0.0029574386010035553,4.456933387533737,0.4433532889437916,0.10466760961812518,0.4433532889437916,attitude,153.2721695756916,rough_seed_15,OS-T5.3b,frozen_existing_physical_row,0.8,0.040298195722818564,0.13083636277914049,0.14957532438805252,0.2616771163208163
lm020_ls060_le020,0.26,0.48,0.26,0.2,0.6,0.2,rough,rough_perlin,15,2,results/icra27/os_t5p3_train_beta_response_atlas_v0/env_logs/lm020_ls060_le020/rough/episode_0002.jsonl,37,5,7.4,1.660729379944627,252.09787644084224,0.010468605112632952,0.11623101110110927,0.030161325257398033,0.195899159683117,0.11091571410629032,0.012435623665371143,0.0021354101243566386,4.455873479065406,0.44396975897545204,0.11091571410629032,0.44396975897545204,attitude,151.79949212992656,rough_seed_15,OS-T5.3b,frozen_existing_physical_row,0.8,0.040298195722818564,0.13083636277914049,0.14957532438805252,0.2616771163208163
lm020_ls040_le040,0.26,0.36999999999999994,0.37,0.2,0.4,0.4,rough,rough_perlin,15,2,results/icra27/os_t5p3_train_beta_response_atlas_v0/env_logs/lm020_ls040_le040/rough/episode_0002.jsonl,38,5,7.6,1.6938459243261126,258.43384651048945,0.010723204759126408,0.11522160551937215,0.03092668494661288,0.19936415281528852,0.10633036597430015,0.01063303659743003,0.002349159248269389,4.486830762380952,0.44011411366541975,0.10633036597430015,0.44011411366541975,attitude,152.57222796890807,rough_seed_15,OS-T5.3b,frozen_existing_physical_row,0.8,0.040298195722818564,0.13083636277914049,0.14957532438805252,0.2616771163208163
lm020_ls020_le060,0.26,0.26,0.48,0.2,0.2,0.6,rough,rough_perlin,15,2,results/icra27/os_t5p3_train_beta_response_atlas_v0/env_logs/lm020_ls020_le060/rough/episode_0002.jsonl,38,5,7.6,1.6891306844627998,258.08664726641945,0.010343367806070055,0.11555648280246339,0.028885404630719428,0.20170860873121302,0.10502112851107841,0.011434253044993133,0.002112851106139996,4.499355834280552,0.44139325066381546,0.10502112851107841,0.44139325066381546,attitude,152.79258712211464,rough_seed_15,OS-T5.3b,frozen_existing_physical_row,0.8,0.040298195722818564,0.13083636277914049,0.14957532438805252,0.2616771163208163
lm020_ls000_le080,0.26,0.15,0.59,0.2,0.0,0.8,rough,rough_perlin,15,2,results/icra27/os_t5p3_train_beta_response_atlas_v0/env_logs/lm020_ls000_le080/rough/episode_0002.jsonl,38,5,7.6,1.6828476166721866,257.6821679408906,0.010974487625339703,0.1153392555694286,0.03177651903733578,0.19959368939527944,0.10733628754309986,0.010955194485476938,0.002092565238798925,4.516154596949734,0.4405635037539356,0.10733628754309986,0.4405635037539356,attitude,153.12269832871402,rough_seed_15,OS-T5.3b,frozen_existing_physical_row,0.8,0.040298195722818564,0.13083636277914049,0.14957532438805252,0.2616771163208163
lm000_ls100_le000,0.15,0.7,0.15,0.0,1.0,0.0,rough,rough_perlin,15,2,results/icra27/os_t5p3_train_beta_response_atlas_v0/env_logs/lm000_ls100_le000/rough/episode_0002.jsonl,37,5,7.4,1.6608203081740847,254.72357086987597,0.010250207687765371,0.11619505872124254,0.028245399814667727,0.19823765789211323,0.10755624918717112,0.012485368708546924,0.0031213421771367853,4.455629524506238,0.4438324310001311,0.10755624918717112,0.4438324310001311,attitude,153.37214364263195,rough_seed_15,OS-T5.3b,frozen_existing_physical_row,0.8,0.040298195722818564,0.13083636277914049,0.14957532438805252,0.2616771163208163
lm000_ls080_le020,0.15,0.59,0.26,0.0,0.8,0.2,rough,rough_perlin,15,2,results/icra27/os_t5p3_train_beta_response_atlas_v0/env_logs/lm000_ls080_le020/rough/episode_0002.jsonl,37,5,7.4,1.658423440084826,250.60045788491362,0.010609112466162121,0.11569408409780244,0.031540541607591066,0.19595243368699644,0.10061242344708969,0.0127484064491964,0.002249718785152282,4.462069108008689,0.44191884889571287,0.10061242344708969,0.44191884889571287,attitude,151.10764345690615,rough_seed_15,OS-T5.3b,frozen_existing_physical_row,0.8,0.040298195722818564,0.13083636277914049,0.14957532438805252,0.2616771163208163
lm000_ls060_le040,0.15,0.48,0.37,0.0,0.6,0.4,rough,rough_perlin,15,2,results/icra27/os_t5p3_train_beta_response_atlas_v0/env_logs/lm000_ls060_le040/rough/episode_0002.jsonl,38,5,7.6,1.690655743144102,259.9962125268035,0.011114631450706482,0.11505994113795714,0.03204938914412213,0.19939862142502895,0.10197775030904023,0.01161928306551485,0.0024721878862797213,4.495297183249339,0.4394966012152416,0.10197775030904023,0.4394966012152416,attitude,153.784242345689,rough_seed_15,OS-T5.3b,frozen_existing_physical_row,0.8,0.040298195722818564,0.13083636277914049,0.14957532438805252,0.2616771163208163
lm000_ls040_le060,0.15,0.37,0.48,0.0,0.4,0.6,rough,rough_perlin,15,2,results/icra27/os_t5p3_train_beta_response_atlas_v0/env_logs/lm000_ls040_le060/rough/episode_0002.jsonl,38,5,7.6,1.6875133768117663,256.86934320626307,0.010931913336580149,0.11493749414571415,0.031188521215141644,0.19952893435284302,0.107526881720448,0.011119257087000862,0.0024437927663737667,4.503668003129401,0.4390288881572686,0.107526881720448,0.4390288881572686,attitude,152.21766341880416,rough_seed_15,OS-T5.3b,frozen_existing_physical_row,0.8,0.040298195722818564,0.13083636277914049,0.14957532438805252,0.2616771163208163
lm000_ls020_le080,0.15,0.26,0.59,0.0,0.2,0.8,rough,rough_perlin,15,2,results/icra27/os_t5p3_train_beta_response_atlas_v0/env_logs/lm000_ls020_le080/rough/episode_0002.jsonl,38,5,7.6,1.682246154877087,258.1387665708865,0.011124457785323002,0.11531617435229725,0.03182576003193142,0.19961012817617285,0.11034482758622498,0.01059113300492786,0.0024630541871924726,4.517769280058358,0.4404753399987589,0.11034482758622498,0.4404753399987589,attitude,153.4488670534351,rough_seed_15,OS-T5.3b,frozen_existing_physical_row,0.8,0.040298195722818564,0.13083636277914049,0.14957532438805252,0.2616771163208163
lm000_ls000_le100,0.15,0.15,0.7,0.0,0.0,1.0,rough,rough_perlin,15,2,results/icra27/os_t5p3_train_beta_response_atlas_v0/env_logs/lm000_ls000_le100/rough/episode_0002.jsonl,38,5,7.6,1.674937999482557,259.9675566768228,0.011272166210914489,0.11575518813479287,0.0311910062589996,0.19953713922752914,0.11317944899480623,0.009928021841649707,0.0034748076445773103,4.537481388772532,0.44215224912443035,0.11317944899480623,0.44215224912443035,attitude,155.2102565928621,rough_seed_15,OS-T5.3b,frozen_existing_physical_row,0.8,0.040298195722818564,0.13083636277914049,0.14957532438805252,0.2616771163208163
lm100_ls000_le000,0.7,0.15,0.15,1.0,0.0,0.0,rough,rough_perlin,0,0,results/icra27/os_t5p5b_remaining_rough_train_atlas_v0/env_logs/lm100_ls000_le000/rough/episode_0000.jsonl,38,5,7.6,1.6860430369541295,218.69918028625852,0.009916359238680979,0.09553548817825532,0.02348011279229087,0.17015539056502127,0.07803777170686689,0.007720631904027865,0.002138021142653877,4.507595496334157,0.3649186844224,0.07803777170686689,0.3649186844224,attitude,129.7115052776725,rough_seed_0,OS-T5.5b,new_physical_metric_reconstruction,0.8,0.03384702754803588,0.10045801520347597,0.1200794462979478,0.22203379632234477
lm080_ls020_le000,0.59,0.26,0.15,0.8,0.2,0.0,rough,rough_perlin,0,0,results/icra27/os_t5p5b_remaining_rough_train_atlas_v0/env_logs/lm080_ls020_le000/rough/episode_0000.jsonl,38,5,7.6,1.6891317212288708,222.86477280542988,0.011105515039960996,0.09593634896420714,0.027161692069071278,0.17244287711347472,0.0857725527831239,0.008157389635318004,0.002999040307102203,4.499353072637152,0.3664498598362224,0.0857725527831239,0.3664498598362224,attitude,131.9404342506173,rough_seed_0,OS-T5.5b,new_physical_metric_reconstruction,0.8,0.03384702754803588,0.10045801520347597,0.1200794462979478,0.22203379632234477
lm080_ls000_le020,0.59,0.15,0.26,0.8,0.0,0.2,rough,rough_perlin,0,0,results/icra27/os_t5p5b_remaining_rough_train_atlas_v0/env_logs/lm080_ls000_le020/rough/episode_0000.jsonl,38,5,7.6,1.6851330458783018,224.03263617173144,0.011563454845690104,0.09616091761711236,0.027055020744378037,0.1736228036497942,0.08434458728825177,0.00937162080980565,0.002883575633786353,4.510029649343701,0.36730764890438294,0.08434458728825177,0.36730764890438294,attitude,132.9465567835709,rough_seed_0,OS-T5.5b,new_physical_metric_reconstruction,0.8,0.03384702754803588,0.10045801520347597,0.1200794462979478,0.22203379632234477
lm060_ls040_le000,0.48,0.37,0.15,0.6,0.4,0.0,rough,rough_perlin,0,0,results/icra27/os_t5p5b_remaining_rough_train_atlas_v0/env_logs/lm060_ls040_le000/rough/episode_0000.jsonl,38,5,7.6,1.6865063074985842,219.5718697873026,0.010260555203370833,0.0955392981483007,0.024264481614318753,0.1698074942380079,0.08543434102044697,0.007169315330387113,0.002748237543315054,4.506357293897271,0.3649332374359781,0.08543434102044697,0.3649332374359781,attitude,130.1933285461412,rough_seed_0,OS-T5.5b,new_physical_metric_reconstruction,0.8,0.03384702754803588,0.10045801520347597,0.1200794462979478,0.22203379632234477
lm060_ls020_le020,0.48,0.26,0.26,0.6,0.2,0.2,rough,rough_perlin,0,0,results/icra27/os_t5p5b_remaining_rough_train_atlas_v0/env_logs/lm060_ls020_le020/rough/episode_0000.jsonl,38,5,7.6,1.6824976652829473,220.80050913727956,0.010742417623441957,0.09571235997522837,0.02601736166125749,0.17180189478069607,0.08169621466220855,0.008984187829421663,0.003114518447532837,4.517093935296427,0.36559428492116336,0.08169621466220855,0.36559428492116336,attitude,131.23376851768012,rough_seed_0,OS-T5.5b,new_physical_metric_reconstruction,0.8,0.03384702754803588,0.10045801520347597,0.1200794462979478,0.22203379632234477
lm060_ls000_le040,0.48,0.15,0.37,0.6,0.0,0.4,rough,rough_perlin,0,0,results/icra27/os_t5p5b_remaining_rough_train_atlas_v0/env_logs/lm060_ls000_le040/rough/episode_0000.jsonl,39,5,7.800000000000001,1.7135475807313203,229.92547890952972,0.012663442434849797,0.09492526169151944,0.03507000826599084,0.17654930621137255,0.09209765127850307,0.008908943653824936,0.0035867175749165195,4.551959973396864,0.3625877909399292,0.09209765127850307,0.3625877909399292,attitude,134.1809713923441,rough_seed_0,OS-T5.5b,new_physical_metric_reconstruction,0.8,0.03384702754803588,0.10045801520347597,0.1200794462979478,0.22203379632234477
lm040_ls060_le000,0.37,0.48,0.15,0.4,0.6,0.0,rough,rough_perlin,0,0,results/icra27/os_t5p5b_remaining_rough_train_atlas_v0/env_logs/lm040_ls060_le000/rough/episode_0000.jsonl,38,5,7.6,1.6883844765461018,227.72059759287282,0.012554302399938587,0.09665346029274585,0.029017894539536584,0.1774159665944237,0.08955765047137107,0.008339376359682257,0.0030215131737979157,4.501344394937334,0.3691890233406416,0.08955765047137107,0.3691890233406416,attitude,134.87484678769187,rough_seed_0,OS-T5.5b,new_physical_metric_reconstruction,0.8,0.03384702754803588,0.10045801520347597,0.1200794462979478,0.22203379632234477
lm040_ls040_le020,0.37,0.37,0.26,0.4,0.4,0.2,rough,rough_perlin,0,0,results/icra27/os_t5p5b_remaining_rough_train_atlas_v0/env_logs/lm040_ls040_le020/rough/episode_0000.jsonl,38,5,7.6,1.678654014230714,222.8161206122807,0.011460792706999186,0.09613910251752698,0.026168074543098052,0.1734776497413244,0.0864760989671062,0.006846024501562497,0.0024021138601973604,4.527436824724655,0.3672243213619896,0.0864760989671062,0.3672243213619896,attitude,132.73498810556973,rough_seed_0,OS-T5.5b,new_physical_metric_reconstruction,0.8,0.03384702754803588,0.10045801520347597,0.1200794462979478,0.22203379632234477
lm040_ls020_le040,0.36999999999999994,0.26,0.37,0.4,0.2,0.4,rough,rough_perlin,0,0,results/icra27/os_t5p5b_remaining_rough_train_atlas_v0/env_logs/lm040_ls020_le040/rough/episode_0000.jsonl,39,5,7.800000000000001,1.7129799224908218,229.81420900748782,0.01269187566358225,0.09491709139269265,0.035425232189336506,0.1763619213841192,0.09170810685788158,0.009251763617440643,0.0032381172661042185,4.55346843100071,0.3625565826972535,0.09170810685788158,0.3625565826972535,attitude,134.1604802193583,rough_seed_0,OS-T5.5b,new_physical_metric_reconstruction,0.8,0.03384702754803588,0.10045801520347597,0.1200794462979478,0.22203379632234477
lm040_ls000_le060,0.37,0.15,0.48,0.4,0.0,0.6,rough,rough_perlin,0,0,results/icra27/os_t5p5b_remaining_rough_train_atlas_v0/env_logs/lm040_ls000_le060/rough/episode_0000.jsonl,39,5,7.800000000000001,1.703068369434342,227.21730785916264,0.012236952793047625,0.09513930006828818,0.032948080687877086,0.17603638394501875,0.09420955882354237,0.007582720588236205,0.0028722426470591585,4.5799688021865474,0.36340535731610785,0.09420955882354237,0.36340535731610785,attitude,133.4164335015104,rough_seed_0,OS-T5.5b,new_physical_metric_reconstruction,0.8,0.03384702754803588,0.10045801520347597,0.1200794462979478,0.22203379632234477
lm020_ls080_le000,0.26,0.59,0.15,0.2,0.8,0.0,rough,rough_perlin,0,0,results/icra27/os_t5p5b_remaining_rough_train_atlas_v0/env_logs/lm020_ls080_le000/rough/episode_0000.jsonl,38,5,7.6,1.6869124675215152,223.3580868457342,0.011141143045968298,0.09607036305894498,0.027016573916954365,0.17268658380876123,0.08663694421016029,0.007832268948067279,0.0027714182431622654,4.505272292620048,0.3669617559711387,0.08663694421016029,0.3669617559711387,attitude,132.40644736825115,rough_seed_0,OS-T5.5b,new_physical_metric_reconstruction,0.8,0.03384702754803588,0.10045801520347597,0.1200794462979478,0.22203379632234477
lm020_ls060_le020,0.26,0.48,0.26,0.2,0.6,0.2,rough,rough_perlin,0,0,results/icra27/os_t5p5b_remaining_rough_train_atlas_v0/env_logs/lm020_ls060_le020/rough/episode_0000.jsonl,38,5,7.6,1.6758939939660773,218.8602931153672,0.01067841759497157,0.09569655803108781,0.02532864000343176,0.1705188508669475,0.09077895741382964,0.007038053202911815,0.002027913634737304,4.5348930346210405,0.365533925940673,0.09077895741382964,0.365533925940673,attitude,130.5931603689471,rough_seed_0,OS-T5.5b,new_physical_metric_reconstruction,0.8,0.03384702754803588,0.10045801520347597,0.1200794462979478,0.22203379632234477
lm020_ls040_le040,0.26,0.36999999999999994,0.37,0.2,0.4,0.4,rough,rough_perlin,0,0,results/icra27/os_t5p5b_remaining_rough_train_atlas_v0/env_logs/lm020_ls040_le040/rough/episode_0000.jsonl,39,5,7.800000000000001,1.712025704122612,229.94367005985242,0.012836612143712222,0.09482638519159152,0.03617714513367245,0.1759158317517877,0.09041444778885178,0.009377170641353252,0.003241491085899884,4.556006362064164,0.36221011053066954,0.09041444778885178,0.36221011053066954,attitude,134.31087483449625,rough_seed_0,OS-T5.5b,new_physical_metric_reconstruction,0.8,0.03384702754803588,0.10045801520347597,0.1200794462979478,0.22203379632234477
lm020_ls020_le060,0.26,0.26,0.48,0.2,0.2,0.6,rough,rough_perlin,0,0,results/icra27/os_t5p5b_remaining_rough_train_atlas_v0/env_logs/lm020_ls020_le060/rough/episode_0000.jsonl,39,5,7.800000000000001,1.70273625050944,227.2150148785899,0.012306184547664993,0.09518679434148854,0.03292982019839328,0.17623983303593893,0.09598342732191435,0.007365634710554459,0.002877201058810324,4.5808621256911195,0.36358677207646933,0.09598342732191435,0.36358677207646933,attitude,133.44110974944573,rough_seed_0,OS-T5.5b,new_physical_metric_reconstruction,0.8,0.03384702754803588,0.10045801520347597,0.1200794462979478,0.22203379632234477
lm020_ls000_le080,0.26,0.15,0.59,0.2,0.0,0.8,rough,rough_perlin,0,0,results/icra27/os_t5p5b_remaining_rough_train_atlas_v0/env_logs/lm020_ls000_le080/rough/episode_0000.jsonl,39,5,7.800000000000001,1.7004761328033535,228.09500441640705,0.012514692621544542,0.09528262925172326,0.03383545016064821,0.17861046725167506,0.09837962962964235,0.008217592592593548,0.0028935185185188484,4.5869505896217175,0.3639528344689003,0.09837962962964235,0.3639528344689003,attitude,134.1359634612316,rough_seed_0,OS-T5.5b,new_physical_metric_reconstruction,0.8,0.03384702754803588,0.10045801520347597,0.1200794462979478,0.22203379632234477
lm000_ls100_le000,0.15,0.7,0.15,0.0,1.0,0.0,rough,rough_perlin,0,0,results/icra27/os_t5p5b_remaining_rough_train_atlas_v0/env_logs/lm000_ls100_le000/rough/episode_0000.jsonl,38,5,7.6,1.685561974549306,224.0507294897268,0.01176865249804885,0.09633094816399224,0.027949987889281182,0.17369984829387722,0.08659992763238697,0.007357375467375437,0.0024122542515985046,4.508881972157758,0.36795711775268414,0.08659992763238697,0.36795711775268414,attitude,132.92345987434524,rough_seed_0,OS-T5.5b,new_physical_metric_reconstruction,0.8,0.03384702754803588,0.10045801520347597,0.1200794462979478,0.22203379632234477
lm000_ls080_le020,0.15,0.59,0.26,0.0,0.8,0.2,rough,rough_perlin,0,0,results/icra27/os_t5p5b_remaining_rough_train_atlas_v0/env_logs/lm000_ls080_le020/rough/episode_0000.jsonl,38,5,7.6,1.6751901424685018,219.12920710753838,0.010725358669906794,0.09567060515948958,0.02532799568720435,0.1703231515772421,0.09077878643097619,0.006808408982323151,0.002150023889154677,4.536798425043801,0.3654347932734181,0.09077878643097619,0.3654347932734181,attitude,130.80855811665486,rough_seed_0,OS-T5.5b,new_physical_metric_reconstruction,0.8,0.03384702754803588,0.10045801520347597,0.1200794462979478,0.22203379632234477
lm000_ls060_le040,0.15,0.48,0.37,0.0,0.6,0.4,rough,rough_perlin,0,0,results/icra27/os_t5p5b_remaining_rough_train_atlas_v0/env_logs/lm000_ls060_le040/rough/episode_0000.jsonl,39,5,7.800000000000001,1.7120001569511285,227.5325042547355,0.012191138211372441,0.09485064200652982,0.03206389434396812,0.17266318808877767,0.08855790324444045,0.00935226879113374,0.003232883038910423,4.556074348667634,0.3623027647386958,0.08855790324444045,0.3623027647386958,attitude,132.90448796450124,rough_seed_0,OS-T5.5b,new_physical_metric_reconstruction,0.8,0.03384702754803588,0.10045801520347597,0.1200794462979478,0.22203379632234477
lm000_ls040_le060,0.15,0.37,0.48,0.0,0.4,0.6,rough,rough_perlin,0,0,results/icra27/os_t5p5b_remaining_rough_train_atlas_v0/env_logs/lm000_ls040_le060/rough/episode_0000.jsonl,39,5,7.800000000000001,1.7038961876238432,224.7379800768664,0.011774683858856468,0.09479144656637145,0.030674158139488216,0.17291961579091986,0.10250805338243404,0.008168430740912147,0.0026461113667743544,4.5777436774933085,0.3620766548128629,0.10250805338243404,0.3620766548128629,attitude,131.8965214601913,rough_seed_0,OS-T5.5b,new_physical_metric_reconstruction,0.8,0.03384702754803588,0.10045801520347597,0.1200794462979478,0.22203379632234477
lm000_ls020_le080,0.15,0.26,0.59,0.0,0.2,0.8,rough,rough_perlin,0,0,results/icra27/os_t5p5b_remaining_rough_train_atlas_v0/env_logs/lm000_ls020_le080/rough/episode_0000.jsonl,39,5,7.800000000000001,1.6995646771470332,229.94393934518195,0.012571870200019264,0.09597821810795981,0.03500227683300265,0.18167250677905544,0.10042908500523118,0.008581700104373015,0.0024353473269166682,4.589410514869865,0.3666097881848127,0.10042908500523118,0.3666097881848127,attitude,135.29578628992004,rough_seed_0,OS-T5.5b,new_physical_metric_reconstruction,0.8,0.03384702754803588,0.10045801520347597,0.1200794462979478,0.22203379632234477
lm000_ls000_le100,0.15,0.15,0.7,0.0,0.0,1.0,rough,rough_perlin,0,0,results/icra27/os_t5p5b_remaining_rough_train_atlas_v0/env_logs/lm000_ls000_le100/rough/episode_0000.jsonl,39,5,7.800000000000001,1.6875454217632104,225.1649208382438,0.011944737173554647,0.09593377031964265,0.03197229764435406,0.1785096934693411,0.08357822969320416,0.008698718702246165,0.0024685553073941838,4.622097811062336,0.3664400101395284,0.08357822969320416,0.3664400101395284,attitude,133.4274727864706,rough_seed_0,OS-T5.5b,new_physical_metric_reconstruction,0.8,0.03384702754803588,0.10045801520347597,0.1200794462979478,0.22203379632234477
lm100_ls000_le000,0.7,0.15,0.15,1.0,0.0,0.0,rough,rough_perlin,5,1,results/icra27/os_t5p5b_remaining_rough_train_atlas_v0/env_logs/lm100_ls000_le000/rough/episode_0001.jsonl,38,5,7.6,1.663750076232156,217.46291918738768,0.007351862330114333,0.07974215582076101,0.017031698937773537,0.1720451779466885,0.07544006705785149,0.0046700993892954835,0.0008382229673094338,4.5679937801785035,0.3045925985202785,0.07544006705785149,0.3045925985202785,attitude,130.70648187729572,rough_seed_5,OS-T5.5b,new_physical_metric_reconstruction,0.8,0.03688246351025861,0.12396946787834169,0.10815084037346305,0.17043191519638226
lm080_ls020_le000,0.59,0.26,0.15,0.8,0.2,0.0,rough,rough_perlin,5,1,results/icra27/os_t5p5b_remaining_rough_train_atlas_v0/env_logs/lm080_ls020_le000/rough/episode_0001.jsonl,38,5,7.6,1.6641239092780615,217.04612490744523,0.0073059165926575445,0.07983725514502281,0.017167596821169317,0.17238469031840165,0.07546041616839494,0.004424778761062698,0.0008371203061469844,4.566967614387002,0.3049558511812616,0.07546041616839494,0.3049558511812616,attitude,130.4266609579603,rough_seed_5,OS-T5.5b,new_physical_metric_reconstruction,0.8,0.03688246351025861,0.12396946787834169,0.10815084037346305,0.17043191519638226
lm080_ls000_le020,0.59,0.15,0.26,0.8,0.0,0.2,rough,rough_perlin,5,1,results/icra27/os_t5p5b_remaining_rough_train_atlas_v0/env_logs/lm080_ls000_le020/rough/episode_0001.jsonl,38,5,7.6,1.6524974996577326,215.58777233399252,0.0071623806329209885,0.07953462245219317,0.01690579227620871,0.16936049365436912,0.07681314755271225,0.005835417410981392,0.0010718113612005933,4.599099243160199,0.3037998794451405,0.07681314755271225,0.3037998794451405,attitude,130.46178428629716,rough_seed_5,OS-T5.5b,new_physical_metric_reconstruction,0.8,0.03688246351025861,0.12396946787834169,0.10815084037346305,0.17043191519638226
lm060_ls040_le000,0.48,0.37,0.15,0.6,0.4,0.0,rough,rough_perlin,5,1,results/icra27/os_t5p5b_remaining_rough_train_atlas_v0/env_logs/lm060_ls040_le000/rough/episode_0001.jsonl,38,5,7.6,1.666278167195682,217.3631202972972,0.0072428476487605906,0.08007918027592359,0.01706064445598601,0.17279528813503853,0.07407407407408804,0.004301075268818031,0.000836320191159028,4.56106318238009,0.30587993711184597,0.07407407407408804,0.30587993711184597,attitude,130.44827963095483,rough_seed_5,OS-T5.5b,new_physical_metric_reconstruction,0.8,0.03688246351025861,0.12396946787834169,0.10815084037346305,0.17043191519638226
lm060_ls020_le020,0.48,0.26,0.26,0.6,0.2,0.2,rough,rough_perlin,5,1,results/icra27/os_t5p5b_remaining_rough_train_atlas_v0/env_logs/lm060_ls020_le020/rough/episode_0001.jsonl,38,5,7.6,1.6551585238727464,215.879822341225,0.007225739707839116,0.0794578901023373,0.016378792951080738,0.16927269698532266,0.07687709230034985,0.005738880918222119,0.0010760401721665951,4.591705199461795,0.3035067834585496,0.07687709230034985,0.3035067834585496,attitude,130.4284871977752,rough_seed_5,OS-T5.5b,new_physical_metric_reconstruction,0.8,0.03688246351025861,0.12396946787834169,0.10815084037346305,0.17043191519638226
lm060_ls000_le040,0.48,0.15,0.37,0.6,0.0,0.4,rough,rough_perlin,5,1,results/icra27/os_t5p5b_remaining_rough_train_atlas_v0/env_logs/lm060_ls000_le040/rough/episode_0001.jsonl,39,5,7.800000000000001,1.668681487294568,220.24648328965253,0.006712731386529006,0.0781414829357649,0.016308946330098384,0.1665091120137301,0.08821133480741662,0.0029093448155478856,0.0008146165483534043,4.674349214867922,0.29847847847419134,0.08821133480741662,0.29847847847419134,attitude,131.98833028748822,rough_seed_5,OS-T5.5b,new_physical_metric_reconstruction,0.8,0.03688246351025861,0.12396946787834169,0.10815084037346305,0.17043191519638226
lm040_ls060_le000,0.37,0.48,0.15,0.4,0.6,0.0,rough,rough_perlin,5,1,results/icra27/os_t5p5b_remaining_rough_train_atlas_v0/env_logs/lm040_ls060_le000/rough/episode_0001.jsonl,38,5,7.6,1.6670823430048345,217.99385102942182,0.0072425959298968905,0.08034770395571189,0.017316679790098616,0.17316610992696302,0.07576661496242935,0.004534065147357982,0.0009545400310226967,4.558862993114888,0.30690562201525873,0.07576661496242935,0.30690562201525873,attitude,130.7636973927146,rough_seed_5,OS-T5.5b,new_physical_metric_reconstruction,0.8,0.03688246351025861,0.12396946787834169,0.10815084037346305,0.17043191519638226
lm040_ls040_le020,0.37,0.37,0.26,0.4,0.4,0.2,rough,rough_perlin,5,1,results/icra27/os_t5p5b_remaining_rough_train_atlas_v0/env_logs/lm040_ls040_le020/rough/episode_0001.jsonl,38,5,7.6,1.65691156585546,215.83169116415814,0.007272136258728522,0.079517384091945,0.016583267033622277,0.1693074497972622,0.07805402820943441,0.0049007889074836036,0.0010757829309109971,4.586847093481501,0.30373403375927743,0.07805402820943441,0.30373403375927743,attitude,130.2614428023047,rough_seed_5,OS-T5.5b,new_physical_metric_reconstruction,0.8,0.03688246351025861,0.12396946787834169,0.10815084037346305,0.17043191519638226
lm040_ls020_le040,0.36999999999999994,0.26,0.37,0.4,0.2,0.4,rough,rough_perlin,5,1,results/icra27/os_t5p5b_remaining_rough_train_atlas_v0/env_logs/lm040_ls020_le040/rough/episode_0001.jsonl,39,5,7.800000000000001,1.66898912791402,220.432631790061,0.0067751607361912,0.07817155556908044,0.016346543598446953,0.16665210965698196,0.08753346525435084,0.003259224770108641,0.000814806192527157,4.673487603690266,0.29859334747204636,0.08753346525435084,0.29859334747204636,attitude,132.07553488713728,rough_seed_5,OS-T5.5b,new_physical_metric_reconstruction,0.8,0.03688246351025861,0.12396946787834169,0.10815084037346305,0.17043191519638226
lm040_ls000_le060,0.37,0.15,0.48,0.4,0.0,0.6,rough,rough_perlin,5,1,results/icra27/os_t5p5b_remaining_rough_train_atlas_v0/env_logs/lm040_ls000_le060/rough/episode_0001.jsonl,39,5,7.800000000000001,1.6644412250494338,220.48728515434,0.0066847828513133655,0.07800492303749482,0.015920782636509992,0.166454476103864,0.08920679227728759,0.00314026517794871,0.0008141428239126252,4.686257395341996,0.29795685808608396,0.08920679227728759,0.29795685808608396,attitude,132.46925264530836,rough_seed_5,OS-T5.5b,new_physical_metric_reconstruction,0.8,0.03688246351025861,0.12396946787834169,0.10815084037346305,0.17043191519638226
lm020_ls080_le000,0.26,0.59,0.15,0.2,0.8,0.0,rough,rough_perlin,5,1,results/icra27/os_t5p5b_remaining_rough_train_atlas_v0/env_logs/lm020_ls080_le000/rough/episode_0001.jsonl,38,5,7.6,1.6670317919661382,218.33907133451083,0.007346319254788995,0.08042573707963807,0.017592308652585573,0.17384893151363046,0.07646356033454249,0.005854241338113371,0.00071684587813631,4.559001235985052,0.30720368659280484,0.07646356033454249,0.30720368659280484,attitude,130.9747494839294,rough_seed_5,OS-T5.5b,new_physical_metric_reconstruction,0.8,0.03688246351025861,0.12396946787834169,0.10815084037346305,0.17043191519638226
lm020_ls060_le020,0.26,0.48,0.26,0.2,0.6,0.2,rough,rough_perlin,5,1,results/icra27/os_t5p5b_remaining_rough_train_atlas_v0/env_logs/lm020_ls060_le020/rough/episode_0001.jsonl,38,5,7.6,1.6603633823380337,216.15080841381018,0.007295675852123703,0.07972041186811175,0.016541183242352618,0.16923292099897647,0.07871198568874528,0.005247465712582984,0.0009540846750150566,4.57731125658655,0.30450954273916286,0.07871198568874528,0.30450954273916286,attitude,130.1828326937916,rough_seed_5,OS-T5.5b,new_physical_metric_reconstruction,0.8,0.03688246351025861,0.12396946787834169,0.10815084037346305,0.17043191519638226
lm020_ls040_le040,0.26,0.36999999999999994,0.37,0.2,0.4,0.4,rough,rough_perlin,5,1,results/icra27/os_t5p5b_remaining_rough_train_atlas_v0/env_logs/lm020_ls040_le040/rough/episode_0001.jsonl,39,5,7.800000000000001,1.6709125487559249,220.29574945284855,0.006746754875007051,0.07826171061208993,0.016309676456004386,0.16681587792726837,0.08684057971015942,0.0033623188405800895,0.0008115942028986392,4.668107858671286,0.2989377143697973,0.08684057971015942,0.2989377143697973,attitude,131.84157939137472,rough_seed_5,OS-T5.5b,new_physical_metric_reconstruction,0.8,0.03688246351025861,0.12396946787834169,0.10815084037346305,0.17043191519638226
lm020_ls020_le060,0.26,0.26,0.48,0.2,0.2,0.6,rough,rough_perlin,5,1,results/icra27/os_t5p5b_remaining_rough_train_atlas_v0/env_logs/lm020_ls020_le060/rough/episode_0001.jsonl,39,5,7.800000000000001,1.667113745664546,219.33436202372275,0.006559899724758839,0.07806283377087973,0.015896075066525146,0.1640630087839552,0.08246578547199811,0.0033922096151601105,0.0005848637267517321,4.678744938840847,0.29817806079351483,0.08246578547199811,0.29817806079351483,attitude,131.56532515799728,rough_seed_5,OS-T5.5b,new_physical_metric_reconstruction,0.8,0.03688246351025861,0.12396946787834169,0.10815084037346305,0.17043191519638226
lm020_ls000_le080,0.26,0.15,0.59,0.2,0.0,0.8,rough,rough_perlin,5,1,results/icra27/os_t5p5b_remaining_rough_train_atlas_v0/env_logs/lm020_ls000_le080/rough/episode_0001.jsonl,39,5,7.800000000000001,1.6642002701117655,220.22139105686563,0.006601941359050795,0.0782473673193108,0.015728427920987907,0.16594608814906997,0.08024618298024597,0.003787430465144514,0.0008285004142502906,4.686935905542284,0.298882927027093,0.08024618298024597,0.298882927027093,attitude,132.32865960421688,rough_seed_5,OS-T5.5b,new_physical_metric_reconstruction,0.8,0.03688246351025861,0.12396946787834169,0.10815084037346305,0.17043191519638226
lm000_ls100_le000,0.15,0.7,0.15,0.0,1.0,0.0,rough,rough_perlin,5,1,results/icra27/os_t5p5b_remaining_rough_train_atlas_v0/env_logs/lm000_ls100_le000/rough/episode_0001.jsonl,38,5,7.6,1.667219756450354,218.24333705415825,0.007351246319631595,0.08055203596584967,0.017639235964874052,0.17400035049149887,0.0763349659539028,0.005614621908972479,0.0009556803249314564,4.558487248364316,0.3076861128019467,0.0763349659539028,0.3076861128019467,attitude,130.90256171077053,rough_seed_5,OS-T5.5b,new_physical_metric_reconstruction,0.8,0.03688246351025861,0.12396946787834169,0.10815084037346305,0.17043191519638226
lm000_ls080_le020,0.15,0.59,0.26,0.0,0.8,0.2,rough,rough_perlin,5,1,results/icra27/os_t5p5b_remaining_rough_train_atlas_v0/env_logs/lm000_ls080_le020/rough/episode_0001.jsonl,38,5,7.6,1.6619985483553674,216.5815390796497,0.007329394509520384,0.07981139983586566,0.016403148801836576,0.16944484154669226,0.07924573338108831,0.004773839360306396,0.0008354218880535984,4.572807844820676,0.3048570911750809,0.07924573338108831,0.3048570911750809,attitude,130.3139159140471,rough_seed_5,OS-T5.5b,new_physical_metric_reconstruction,0.8,0.03688246351025861,0.12396946787834169,0.10815084037346305,0.17043191519638226
lm000_ls060_le040,0.15,0.48,0.37,0.0,0.6,0.4,rough,rough_perlin,5,1,results/icra27/os_t5p5b_remaining_rough_train_atlas_v0/env_logs/lm000_ls060_le040/rough/episode_0001.jsonl,39,5,7.800000000000001,1.670572502738885,221.03279018072686,0.006861543581621455,0.0781065865066006,0.016495375614317444,0.1671676437551941,0.087890166627567,0.0035203003989677925,0.0009387467730580745,4.669058054775825,0.2983451839334453,0.087890166627567,0.2983451839334453,attitude,132.30960632857662,rough_seed_5,OS-T5.5b,new_physical_metric_reconstruction,0.8,0.03688246351025861,0.12396946787834169,0.10815084037346305,0.17043191519638226
lm000_ls040_le060,0.15,0.37,0.48,0.0,0.4,0.6,rough,rough_perlin,5,1,results/icra27/os_t5p5b_remaining_rough_train_atlas_v0/env_logs/lm000_ls040_le060/rough/episode_0001.jsonl,39,5,7.800000000000001,1.6671628155450116,218.70648589610784,0.00653440379004027,0.07781894334585653,0.01603844060938545,0.16344981004921078,0.08557714820886411,0.0038632638726301713,0.00046827440880361143,4.6786072285628,0.2972464679923494,0.08557714820886411,0.2972464679923494,attitude,131.1848392111664,rough_seed_5,OS-T5.5b,new_physical_metric_reconstruction,0.8,0.03688246351025861,0.12396946787834169,0.10815084037346305,0.17043191519638226
lm000_ls020_le080,0.15,0.26,0.59,0.0,0.2,0.8,rough,rough_perlin,5,1,results/icra27/os_t5p5b_remaining_rough_train_atlas_v0/env_logs/lm000_ls020_le080/rough/episode_0001.jsonl,39,5,7.800000000000001,1.6648599800608705,218.87563977182526,0.0064208453306553535,0.07785341688183114,0.016184387366357883,0.16247596785023632,0.08103631846682892,0.0036673370401048774,0.0004732047793683222,4.685078681340408,0.2973781472000986,0.08103631846682892,0.2973781472000986,attitude,131.46789663586168,rough_seed_5,OS-T5.5b,new_physical_metric_reconstruction,0.8,0.03688246351025861,0.12396946787834169,0.10815084037346305,0.17043191519638226
lm000_ls000_le100,0.15,0.15,0.7,0.0,0.0,1.0,rough,rough_perlin,5,1,results/icra27/os_t5p5b_remaining_rough_train_atlas_v0/env_logs/lm000_ls000_le100/rough/episode_0001.jsonl,39,5,7.800000000000001,1.6597065496539485,219.23772070310838,0.006410955151223762,0.07830790357603931,0.01565014634310216,0.16336841449257733,0.07907413934908987,0.002349900129244834,0.0005874750323111889,4.69962596799194,0.299114158494964,0.07907413934908987,0.299114158494964,attitude,132.0942673563708,rough_seed_5,OS-T5.5b,new_physical_metric_reconstruction,0.8,0.03688246351025861,0.12396946787834169,0.10815084037346305,0.17043191519638226
lm100_ls000_le000,0.7,0.15,0.15,1.0,0.0,0.0,rough,rough_perlin,11,2,results/icra27/os_t5p5b_remaining_rough_train_atlas_v0/env_logs/lm100_ls000_le000/rough/episode_0002.jsonl,37,5,7.4,1.6539623429270782,207.7063873385219,0.00653952022947546,0.08463166200445399,0.014903851113846376,0.13819163969033177,0.06628487876204674,0.0034117217009878307,0.00036554161082010927,4.474104281542436,0.3232691364021935,0.06628487876204674,0.3232691364021935,attitude,125.58108606689088,rough_seed_11,OS-T5.5b,new_physical_metric_reconstruction,0.8,0.02186876050049635,0.06406399381160738,0.11090602708266509,0.18823607756293656
lm080_ls020_le000,0.59,0.26,0.15,0.8,0.2,0.0,rough,rough_perlin,11,2,results/icra27/os_t5p5b_remaining_rough_train_atlas_v0/env_logs/lm080_ls020_le000/rough/episode_0002.jsonl,37,5,7.4,1.6533402082601134,207.6348729491599,0.006556156669634639,0.08461353305636318,0.014910341549004447,0.13819916647168687,0.06570941834997775,0.003407155025554532,0.00048673643222206444,4.475787840294142,0.32319988892135254,0.06570941834997775,0.32319988892135254,attitude,125.58508642795526,rough_seed_11,OS-T5.5b,new_physical_metric_reconstruction,0.8,0.02186876050049635,0.06406399381160738,0.11090602708266509,0.18823607756293656
lm080_ls000_le020,0.59,0.15,0.26,0.8,0.0,0.2,rough,rough_perlin,11,2,results/icra27/os_t5p5b_remaining_rough_train_atlas_v0/env_logs/lm080_ls000_le020/rough/episode_0002.jsonl,38,5,7.6,1.68117092240493,211.86196200976843,0.0067593355239543495,0.08386843894301854,0.014875868474858866,0.13816277069031568,0.0637794343864747,0.003549875754349367,0.00011832919181164995,4.520658725840994,0.3203538390523732,0.0637794343864747,0.3203538390523732,attitude,126.02047726753328,rough_seed_11,OS-T5.5b,new_physical_metric_reconstruction,0.8,0.02186876050049635,0.06406399381160738,0.11090602708266509,0.18823607756293656
lm060_ls040_le000,0.48,0.37,0.15,0.6,0.4,0.0,rough,rough_perlin,11,2,results/icra27/os_t5p5b_remaining_rough_train_atlas_v0/env_logs/lm060_ls040_le000/rough/episode_0002.jsonl,37,5,7.4,1.65222322279666,207.53432037156722,0.006502377130000784,0.08463439326556524,0.014922726004850655,0.13819936028009527,0.06543420092436343,0.0034054974458777804,0.00048649963512538565,4.478813696538099,0.32327956905115507,0.06543420092436343,0.32327956905115507,attitude,125.60912926782447,rough_seed_11,OS-T5.5b,new_physical_metric_reconstruction,0.8,0.02186876050049635,0.06406399381160738,0.11090602708266509,0.18823607756293656
lm060_ls020_le020,0.48,0.26,0.26,0.6,0.2,0.2,rough,rough_perlin,11,2,results/icra27/os_t5p5b_remaining_rough_train_atlas_v0/env_logs/lm060_ls020_le020/rough/episode_0002.jsonl,38,5,7.6,1.6813401417496072,211.99085807874854,0.006783278291002232,0.08387181951551063,0.014882395874553402,0.13816773409363137,0.06428317745946466,0.003551556765716409,0.0001183852255238847,4.520203741814799,0.32036675188811553,0.06428317745946466,0.32036675188811553,attitude,126.08445656816964,rough_seed_11,OS-T5.5b,new_physical_metric_reconstruction,0.8,0.02186876050049635,0.06406399381160738,0.11090602708266509,0.18823607756293656
lm060_ls000_le040,0.48,0.15,0.37,0.6,0.0,0.4,rough,rough_perlin,11,2,results/icra27/os_t5p5b_remaining_rough_train_atlas_v0/env_logs/lm060_ls000_le040/rough/episode_0002.jsonl,38,5,7.6,1.6744445277088778,211.6323750334289,0.0069677672041107055,0.08393819002691152,0.014847253595227752,0.13813632989220115,0.0626469205453805,0.003996238834039375,0.00011753643629528112,4.538818619688159,0.32062026856727527,0.0626469205453805,0.32062026856727527,attitude,126.38960056980982,rough_seed_11,OS-T5.5b,new_physical_metric_reconstruction,0.8,0.02186876050049635,0.06406399381160738,0.11090602708266509,0.18823607756293656
lm040_ls060_le000,0.37,0.48,0.15,0.4,0.6,0.0,rough,rough_perlin,11,2,results/icra27/os_t5p5b_remaining_rough_train_atlas_v0/env_logs/lm040_ls060_le000/rough/episode_0002.jsonl,37,5,7.4,1.6511096115975192,207.53228022519147,0.006516893962443096,0.0846483788924323,0.014927729747208693,0.13821010321386185,0.06618810074219685,0.0032850711765429973,0.00048667721133969024,4.481834487560268,0.3233329902107102,0.06618810074219685,0.3233329902107102,attitude,125.69261226963309,rough_seed_11,OS-T5.5b,new_physical_metric_reconstruction,0.8,0.02186876050049635,0.06406399381160738,0.11090602708266509,0.18823607756293656
lm040_ls040_le020,0.37,0.37,0.26,0.4,0.4,0.2,rough,rough_perlin,11,2,results/icra27/os_t5p5b_remaining_rough_train_atlas_v0/env_logs/lm040_ls040_le020/rough/episode_0002.jsonl,38,5,7.6,1.681819519629926,211.97056930176387,0.006762312258805441,0.08390107973703996,0.014889039803660282,0.13817257508284708,0.06359414076457036,0.003572704537335542,0.00011909015124452247,4.5189153243222755,0.3204785177015321,0.06359414076457036,0.3204785177015321,attitude,126.03645446356022,rough_seed_11,OS-T5.5b,new_physical_metric_reconstruction,0.8,0.02186876050049635,0.06406399381160738,0.11090602708266509,0.18823607756293656
lm040_ls020_le040,0.36999999999999994,0.26,0.37,0.4,0.2,0.4,rough,rough_perlin,11,2,results/icra27/os_t5p5b_remaining_rough_train_atlas_v0/env_logs/lm040_ls020_le040/rough/episode_0002.jsonl,38,5,7.6,1.6759684914035913,211.6706780499087,0.007027516015082421,0.08382246620295454,0.01485776477312706,0.13813526627366124,0.062251345658798994,0.0038614556517677203,0.0003510414228879639,4.534691456899137,0.32017823612048524,0.062251345658798994,0.32017823612048524,attitude,126.29752834591693,rough_seed_11,OS-T5.5b,new_physical_metric_reconstruction,0.8,0.02186876050049635,0.06406399381160738,0.11090602708266509,0.18823607756293656
lm040_ls000_le060,0.37,0.15,0.48,0.4,0.0,0.6,rough,rough_perlin,11,2,results/icra27/os_t5p5b_remaining_rough_train_atlas_v0/env_logs/lm040_ls000_le060/rough/episode_0002.jsonl,38,5,7.6,1.6702948576587162,211.62191505227554,0.0070357359051509165,0.0841610149008902,0.01617416291394652,0.13897979326053234,0.06331187829140997,0.003744880046811822,0.00023405500292574701,4.550094832150212,0.3214713968905761,0.06331187829140997,0.3214713968905761,attitude,126.69733974330136,rough_seed_11,OS-T5.5b,new_physical_metric_reconstruction,0.8,0.02186876050049635,0.06406399381160738,0.11090602708266509,0.18823607756293656
lm020_ls080_le000,0.26,0.59,0.15,0.2,0.8,0.0,rough,rough_perlin,11,2,results/icra27/os_t5p5b_remaining_rough_train_atlas_v0/env_logs/lm020_ls080_le000/rough/episode_0002.jsonl,38,5,7.6,1.6931665554252004,212.2831868565924,0.00645447655686224,0.08357698767048982,0.014934769642684961,0.13821800341402413,0.06349396149708171,0.0031089322013637985,0.00047829726174827055,4.488631065649316,0.31924057719573234,0.06349396149708171,0.31924057719573234,attitude,125.37643516309728,rough_seed_11,OS-T5.5b,new_physical_metric_reconstruction,0.8,0.02186876050049635,0.06406399381160738,0.11090602708266509,0.18823607756293656
lm020_ls060_le020,0.26,0.48,0.26,0.2,0.6,0.2,rough,rough_perlin,11,2,results/icra27/os_t5p5b_remaining_rough_train_atlas_v0/env_logs/lm020_ls060_le020/rough/episode_0002.jsonl,38,5,7.6,1.6806801187600924,212.15640627868459,0.0067341892285497475,0.08392373820360938,0.014895326217997103,0.13817746507487505,0.06390532544379854,0.0035502958579889388,0.00011834319526630233,4.52197887936393,0.32056506666850976,0.06390532544379854,0.32056506666850976,attitude,126.23247214657432,rough_seed_11,OS-T5.5b,new_physical_metric_reconstruction,0.8,0.02186876050049635,0.06406399381160738,0.11090602708266509,0.18823607756293656
lm020_ls040_le040,0.26,0.36999999999999994,0.37,0.2,0.4,0.4,rough,rough_perlin,11,2,results/icra27/os_t5p5b_remaining_rough_train_atlas_v0/env_logs/lm020_ls040_le040/rough/episode_0002.jsonl,38,5,7.6,1.6753434992831961,211.74009134369737,0.007079032154547214,0.08384285877199245,0.014861774404116032,0.13814255427971345,0.06346785546692842,0.003871421867668574,0.00035194744251531424,4.536383137697849,0.32025612999643865,0.06346785546692842,0.32025612999643865,attitude,126.38607630870409,rough_seed_11,OS-T5.5b,new_physical_metric_reconstruction,0.8,0.02186876050049635,0.06406399381160738,0.11090602708266509,0.18823607756293656
lm020_ls020_le060,0.26,0.26,0.48,0.2,0.2,0.6,rough,rough_perlin,11,2,results/icra27/os_t5p5b_remaining_rough_train_atlas_v0/env_logs/lm020_ls020_le060/rough/episode_0002.jsonl,38,5,7.6,1.6703248546758036,211.76688290485396,0.007011679992914884,0.08419270540942918,0.01618186622057548,0.138982781073675,0.06260296540363551,0.0037655919039782226,0.00023534949399864707,4.550013117942316,0.32159244571656986,0.06260296540363551,0.32159244571656986,attitude,126.78185462668948,rough_seed_11,OS-T5.5b,new_physical_metric_reconstruction,0.8,0.02186876050049635,0.06406399381160738,0.11090602708266509,0.18823607756293656
lm020_ls000_le080,0.26,0.15,0.59,0.2,0.0,0.8,rough,rough_perlin,11,2,results/icra27/os_t5p5b_remaining_rough_train_atlas_v0/env_logs/lm020_ls000_le080/rough/episode_0002.jsonl,38,5,7.6,1.6649393518526068,210.8261058418941,0.006924974937504745,0.08435020273848794,0.016135514985877827,0.13895197648919266,0.06303456356181576,0.003280609256005438,0.00023432923257182258,4.56473083631746,0.3221940411992132,0.06303456356181576,0.3221940411992132,attitude,126.62689821542403,rough_seed_11,OS-T5.5b,new_physical_metric_reconstruction,0.8,0.02186876050049635,0.06406399381160738,0.11090602708266509,0.18823607756293656
lm000_ls100_le000,0.15,0.7,0.15,0.0,1.0,0.0,rough,rough_perlin,11,2,results/icra27/os_t5p5b_remaining_rough_train_atlas_v0/env_logs/lm000_ls100_le000/rough/episode_0002.jsonl,38,5,7.6,1.6925678103270907,212.05135163733348,0.006549914022519302,0.08359173144214459,0.014941812956136178,0.13822605998926885,0.06288708909005412,0.00309671272034367,0.0004764173415913277,4.490218916860584,0.3192968942550605,0.06288708909005412,0.3192968942550605,attitude,125.28381453523822,rough_seed_11,OS-T5.5b,new_physical_metric_reconstruction,0.8,0.02186876050049635,0.06406399381160738,0.11090602708266509,0.18823607756293656
lm000_ls080_le020,0.15,0.59,0.26,0.0,0.8,0.2,rough,rough_perlin,11,2,results/icra27/os_t5p5b_remaining_rough_train_atlas_v0/env_logs/lm000_ls080_le020/rough/episode_0002.jsonl,38,5,7.6,1.680221804370308,212.07323249616906,0.006733482437651705,0.08389172115594896,0.014901993142515526,0.13818255668526236,0.06409495548962581,0.0035608308605348973,0.0001186943620178343,4.523212340318503,0.3204427705549491,0.06409495548962581,0.3204427705549491,attitude,126.21740293130354,rough_seed_11,OS-T5.5b,new_physical_metric_reconstruction,0.8,0.02186876050049635,0.06406399381160738,0.11090602708266509,0.18823607756293656
lm000_ls060_le040,0.15,0.48,0.37,0.0,0.6,0.4,rough,rough_perlin,11,2,results/icra27/os_t5p5b_remaining_rough_train_atlas_v0/env_logs/lm000_ls060_le040/rough/episode_0002.jsonl,38,5,7.6,1.674606226748202,211.7459626091375,0.00715224939230706,0.08431944404935406,0.016244806215182147,0.13901811318223212,0.06181432110417586,0.0037749203727742266,0.00023593252329839735,4.538380353904389,0.3220765516611648,0.06181432110417586,0.3220765516611648,attitude,126.44522588472147,rough_seed_11,OS-T5.5b,new_physical_metric_reconstruction,0.8,0.02186876050049635,0.06406399381160738,0.11090602708266509,0.18823607756293656
lm000_ls040_le060,0.15,0.37,0.48,0.0,0.4,0.6,rough,rough_perlin,11,2,results/icra27/os_t5p5b_remaining_rough_train_atlas_v0/env_logs/lm000_ls040_le060/rough/episode_0002.jsonl,38,5,7.6,1.6705969536465282,211.72484570435984,0.007035285482486771,0.08418879644757507,0.016189504266564743,0.13898675050052134,0.062103034580109864,0.0037638202775825648,0.00023523876734891846,4.549272033216002,0.32157751458213535,0.062103034580109864,0.32157751458213535,attitude,126.73604201313387,rough_seed_11,OS-T5.5b,new_physical_metric_reconstruction,0.8,0.02186876050049635,0.06406399381160738,0.11090602708266509,0.18823607756293656
lm000_ls020_le080,0.15,0.26,0.59,0.0,0.2,0.8,rough,rough_perlin,11,2,results/icra27/os_t5p5b_remaining_rough_train_atlas_v0/env_logs/lm000_ls020_le080/rough/episode_0002.jsonl,38,5,7.6,1.6647520646708573,210.8116865750922,0.006912673839984997,0.08435009521091483,0.016145072126803453,0.13895313060295078,0.062089971883797654,0.0032802249297102194,0.0002343017806935927,4.565244375595723,0.3221936304741385,0.062089971883797654,0.3221936304741385,attitude,126.63248242720898,rough_seed_11,OS-T5.5b,new_physical_metric_reconstruction,0.8,0.02186876050049635,0.06406399381160738,0.11090602708266509,0.18823607756293656
lm000_ls000_le100,0.15,0.15,0.7,0.0,0.0,1.0,rough,rough_perlin,11,2,results/icra27/os_t5p5b_remaining_rough_train_atlas_v0/env_logs/lm000_ls000_le100/rough/episode_0002.jsonl,38,5,7.6,1.6571367036039346,210.7746100681216,0.006754008648234294,0.08445628171583087,0.016105386469774875,0.13892560928323783,0.06556603773586067,0.003066037735849759,0.00023584905660383165,4.586223926771732,0.32259923304566746,0.06556603773586067,0.32259923304566746,attitude,127.192047348737,rough_seed_11,OS-T5.5b,new_physical_metric_reconstruction,0.8,0.02186876050049635,0.06406399381160738,0.11090602708266509,0.18823607756293656
lm100_ls000_le000,0.7,0.15,0.15,1.0,0.0,0.0,rough,rough_perlin,4,3,results/icra27/os_t5p5b_remaining_rough_train_atlas_v0/env_logs/lm100_ls000_le000/rough/episode_0003.jsonl,39,5,7.800000000000001,1.684504264963319,204.72859826565102,0.005898941547048584,0.05834182790411516,0.015816166933609682,0.15843650229945383,0.05929828494564484,0.003474946754848729,0.0006725703396481475,4.630442416938522,0.2228493671989584,0.05929828494564484,0.2228493671989584,attitude,121.53640838072268,rough_seed_4,OS-T5.5b,new_physical_metric_reconstruction,0.8,0.026860635424611593,0.08186260461807249,0.10131288193470335,0.15396571032320125
lm080_ls020_le000,0.59,0.26,0.15,0.8,0.2,0.0,rough,rough_perlin,4,3,results/icra27/os_t5p5b_remaining_rough_train_atlas_v0/env_logs/lm080_ls020_le000/rough/episode_0003.jsonl,39,5,7.800000000000001,1.6862860636727655,205.03358024495876,0.005868287559400267,0.058339555729722783,0.015829832028139257,0.15846187127506894,0.06096052187606587,0.003261725340232284,0.0006748397255653061,4.625549702410184,0.22284068813209168,0.06096052187606587,0.22284068813209168,attitude,121.5888482161748,rough_seed_4,OS-T5.5b,new_physical_metric_reconstruction,0.8,0.026860635424611593,0.08186260461807249,0.10131288193470335,0.15396571032320125
lm080_ls000_le020,0.59,0.15,0.26,0.8,0.0,0.2,rough,rough_perlin,4,3,results/icra27/os_t5p5b_remaining_rough_train_atlas_v0/env_logs/lm080_ls000_le020/rough/episode_0003.jsonl,39,5,7.800000000000001,1.6758668880363845,204.53650434537093,0.0059259111746699945,0.05824182729782764,0.01577066484896823,0.1583620958453773,0.06320744144347128,0.00369830774403291,0.0006724195898241768,4.6543076038331845,0.22246739301969012,0.06320744144347128,0.22246739301969012,attitude,122.04818044052809,rough_seed_4,OS-T5.5b,new_physical_metric_reconstruction,0.8,0.026860635424611593,0.08186260461807249,0.10131288193470335,0.15396571032320125
lm060_ls040_le000,0.48,0.37,0.15,0.6,0.4,0.0,rough,rough_perlin,4,3,results/icra27/os_t5p5b_remaining_rough_train_atlas_v0/env_logs/lm060_ls040_le000/rough/episode_0003.jsonl,39,5,7.800000000000001,1.6862143961614544,204.54590426222393,0.005867207902010509,0.05833501140102357,0.015845079745835905,0.15850001041603345,0.06062303899597667,0.0033617212012556283,0.0006723442402511331,4.625746297597826,0.22282333007507935,0.06062303899597667,0.22282333007507935,attitude,121.30480247817712,rough_seed_4,OS-T5.5b,new_physical_metric_reconstruction,0.8,0.026860635424611593,0.08186260461807249,0.10131288193470335,0.15396571032320125
lm060_ls020_le020,0.48,0.26,0.26,0.6,0.2,0.2,rough,rough_perlin,4,3,results/icra27/os_t5p5b_remaining_rough_train_atlas_v0/env_logs/lm060_ls020_le020/rough/episode_0003.jsonl,39,5,7.800000000000001,1.6748425988552762,204.41493062773588,0.005881149773570811,0.05823678496904346,0.015784186711638754,0.15839483444804814,0.06732384899743464,0.003696650610508085,0.0006721182928196631,4.657154054554831,0.2224481327424734,0.06732384899743464,0.2224481327424734,attitude,122.05023371596214,rough_seed_4,OS-T5.5b,new_physical_metric_reconstruction,0.8,0.026860635424611593,0.08186260461807249,0.10131288193470335,0.15396571032320125
lm060_ls000_le040,0.48,0.15,0.37,0.6,0.0,0.4,rough,rough_perlin,4,3,results/icra27/os_t5p5b_remaining_rough_train_atlas_v0/env_logs/lm060_ls000_le040/rough/episode_0003.jsonl,39,5,7.800000000000001,1.6693225804432523,204.00341624815857,0.005823725887217283,0.05843281498750867,0.01569213682662545,0.15834598784994536,0.06515168476436725,0.0038061121683651356,0.0006716668532409187,4.672554059580792,0.2231969122568686,0.06515168476436725,0.2231969122568686,attitude,122.20730650752348,rough_seed_4,OS-T5.5b,new_physical_metric_reconstruction,0.8,0.026860635424611593,0.08186260461807249,0.10131288193470335,0.15396571032320125
lm040_ls060_le000,0.37,0.48,0.15,0.4,0.6,0.0,rough,rough_perlin,4,3,results/icra27/os_t5p5b_remaining_rough_train_atlas_v0/env_logs/lm040_ls060_le000/rough/episode_0003.jsonl,39,5,7.800000000000001,1.6853025300309086,204.71936081489162,0.0057773071202294425,0.058253349814865504,0.015859803472543798,0.1585271575222471,0.06034772854740284,0.003589455973079708,0.0006730229949524554,4.628249148748948,0.2225114057927326,0.06034772854740284,0.2225114057927326,attitude,121.47335992614754,rough_seed_4,OS-T5.5b,new_physical_metric_reconstruction,0.8,0.026860635424611593,0.08186260461807249,0.10131288193470335,0.15396571032320125
lm040_ls040_le020,0.37,0.37,0.26,0.4,0.4,0.2,rough,rough_perlin,4,3,results/icra27/os_t5p5b_remaining_rough_train_atlas_v0/env_logs/lm040_ls040_le020/rough/episode_0003.jsonl,39,5,7.800000000000001,1.6756283518358557,204.2151249591911,0.005875373957291912,0.05825363599334455,0.015798199037599197,0.15841818600080027,0.0623598026020742,0.003701211305518816,0.0006729475100943415,4.654970173698808,0.22251249891400174,0.0623598026020742,0.22251249891400174,attitude,121.8737584234884,rough_seed_4,OS-T5.5b,new_physical_metric_reconstruction,0.8,0.026860635424611593,0.08186260461807249,0.10131288193470335,0.15396571032320125
lm040_ls020_le040,0.36999999999999994,0.26,0.37,0.4,0.2,0.4,rough,rough_perlin,4,3,results/icra27/os_t5p5b_remaining_rough_train_atlas_v0/env_logs/lm040_ls020_le040/rough/episode_0003.jsonl,39,5,7.800000000000001,1.6704088074093981,204.30625792991268,0.00589287785885544,0.05838088299245582,0.01573716258934391,0.1583188215343374,0.06379871953275204,0.003818937436819692,0.0006739301359093699,4.66951560923392,0.22299854664765378,0.06379871953275204,0.22299854664765378,attitude,122.30913595742287,rough_seed_4,OS-T5.5b,new_physical_metric_reconstruction,0.8,0.026860635424611593,0.08186260461807249,0.10131288193470335,0.15396571032320125
lm040_ls000_le060,0.37,0.15,0.48,0.4,0.0,0.6,rough,rough_perlin,4,3,results/icra27/os_t5p5b_remaining_rough_train_atlas_v0/env_logs/lm040_ls000_le060/rough/episode_0003.jsonl,40,5,8.0,1.69141126481144,207.63865008644487,0.006100266026890417,0.0587794621583232,0.0156498961295932,0.1582706682267259,0.06875136195250435,0.0037045107866642626,0.0006537371976466467,4.729778124595763,0.2245210069147235,0.06875136195250435,0.2245210069147235,attitude,122.76059312493263,rough_seed_4,OS-T5.5b,new_physical_metric_reconstruction,0.8,0.026860635424611593,0.08186260461807249,0.10131288193470335,0.15396571032320125
lm020_ls080_le000,0.26,0.59,0.15,0.2,0.8,0.0,rough,rough_perlin,4,3,results/icra27/os_t5p5b_remaining_rough_train_atlas_v0/env_logs/lm020_ls080_le000/rough/episode_0003.jsonl,39,5,7.800000000000001,1.6862633595189065,204.56791498827928,0.005871866398603787,0.05818371518626336,0.015874679101653105,0.15855460734608995,0.0592178770949824,0.0031284916201122924,0.001005586592178933,4.6256119816452355,0.22224542110427503,0.0592178770949824,0.22224542110427503,attitude,121.31433315768827,rough_seed_4,OS-T5.5b,new_physical_metric_reconstruction,0.8,0.026860635424611593,0.08186260461807249,0.10131288193470335,0.15396571032320125
lm020_ls060_le020,0.26,0.48,0.26,0.2,0.6,0.2,rough,rough_perlin,4,3,results/icra27/os_t5p5b_remaining_rough_train_atlas_v0/env_logs/lm020_ls060_le020/rough/episode_0003.jsonl,39,5,7.800000000000001,1.6744281449737197,204.2606577879507,0.005838580474950997,0.058164921793733136,0.01581193306283333,0.1584421883882572,0.06552738795836344,0.0038478949751025128,0.0006790402897239855,4.65830679173302,0.22217363563262738,0.06552738795836344,0.22217363563262738,attitude,121.98830890480319,rough_seed_4,OS-T5.5b,new_physical_metric_reconstruction,0.8,0.026860635424611593,0.08186260461807249,0.10131288193470335,0.15396571032320125
lm020_ls040_le040,0.26,0.36999999999999994,0.37,0.2,0.4,0.4,rough,rough_perlin,4,3,results/icra27/os_t5p5b_remaining_rough_train_atlas_v0/env_logs/lm020_ls040_le040/rough/episode_0003.jsonl,39,5,7.800000000000001,1.6691682829687133,203.89899177769587,0.005750463569565814,0.05830424232701575,0.01575228965241724,0.15834563743275876,0.06652408824854707,0.003939666816749879,0.0006753714542999907,4.672985989242046,0.22270580086973443,0.06652408824854707,0.22270580086973443,attitude,122.15604253817332,rough_seed_4,OS-T5.5b,new_physical_metric_reconstruction,0.8,0.026860635424611593,0.08186260461807249,0.10131288193470335,0.15396571032320125
lm020_ls020_le060,0.26,0.26,0.48,0.2,0.2,0.6,rough,rough_perlin,4,3,results/icra27/os_t5p5b_remaining_rough_train_atlas_v0/env_logs/lm020_ls020_le060/rough/episode_0003.jsonl,40,5,8.0,1.6912602178574994,207.5293573718072,0.00604181451056477,0.0588081987653534,0.015664873914820493,0.15829614194427855,0.06804507165518903,0.003719505524560175,0.000546986106552973,4.730200542489232,0.22463077266808057,0.06804507165518903,0.22463077266808057,attitude,122.70693485282051,rough_seed_4,OS-T5.5b,new_physical_metric_reconstruction,0.8,0.026860635424611593,0.08186260461807249,0.10131288193470335,0.15396571032320125
lm020_ls000_le080,0.26,0.15,0.59,0.2,0.0,0.8,rough,rough_perlin,4,3,results/icra27/os_t5p5b_remaining_rough_train_atlas_v0/env_logs/lm020_ls000_le080/rough/episode_0003.jsonl,40,5,8.0,1.6864941976498293,207.01935141173684,0.0061804572024961105,0.05858211086199809,0.015612771759813274,0.1582077103475661,0.06866254474455957,0.0035795639440291444,0.0004338865386701971,4.7435680544576995,0.22376718049066585,0.06866254474455957,0.22376718049066585,attitude,122.75129775140842,rough_seed_4,OS-T5.5b,new_physical_metric_reconstruction,0.8,0.026860635424611593,0.08186260461807249,0.10131288193470335,0.15396571032320125
lm000_ls100_le000,0.15,0.7,0.15,0.0,1.0,0.0,rough,rough_perlin,4,3,results/icra27/os_t5p5b_remaining_rough_train_atlas_v0/env_logs/lm000_ls100_le000/rough/episode_0003.jsonl,39,5,7.800000000000001,1.6859072522900496,204.44156925001124,0.00581903509882468,0.058021189042702204,0.015888581190444326,0.15858072256334377,0.05753701211306491,0.003813369223868086,0.00100942126514148,4.626589030567893,0.2216246169651689,0.05753701211306491,0.2216246169651689,attitude,121.26501560053696,rough_seed_4,OS-T5.5b,new_physical_metric_reconstruction,0.8,0.026860635424611593,0.08186260461807249,0.10131288193470335,0.15396571032320125
lm000_ls080_le020,0.15,0.59,0.26,0.0,0.8,0.2,rough,rough_perlin,4,3,results/icra27/os_t5p5b_remaining_rough_train_atlas_v0/env_logs/lm000_ls080_le020/rough/episode_0003.jsonl,39,5,7.800000000000001,1.6742201829225423,204.31068373333562,0.005842113138846635,0.05813275605874176,0.015827616961512202,0.1584751231002337,0.06518535313457641,0.003854438272305384,0.0006801949892303744,4.658885419947699,0.22205077157529793,0.06518535313457641,0.22205077157529793,attitude,122.0333417416388,rough_seed_4,OS-T5.5b,new_physical_metric_reconstruction,0.8,0.026860635424611593,0.08186260461807249,0.10131288193470335,0.15396571032320125
lm000_ls060_le040,0.15,0.48,0.37,0.0,0.6,0.4,rough,rough_perlin,4,3,results/icra27/os_t5p5b_remaining_rough_train_atlas_v0/env_logs/lm000_ls060_le040/rough/episode_0003.jsonl,39,5,7.800000000000001,1.669576976705641,203.9259453469093,0.005792239966976061,0.05826377451595543,0.01576660627525249,0.15837115345014952,0.06454504706410714,0.0039220080681315545,0.0006723442402511349,4.671842094630896,0.22255122521774182,0.06454504706410714,0.22255122521774182,attitude,122.14228405885773,rough_seed_4,OS-T5.5b,new_physical_metric_reconstruction,0.8,0.026860635424611593,0.08186260461807249,0.10131288193470335,0.15396571032320125
lm000_ls040_le060,0.15,0.37,0.48,0.0,0.4,0.6,rough,rough_perlin,4,3,results/icra27/os_t5p5b_remaining_rough_train_atlas_v0/env_logs/lm000_ls040_le060/rough/episode_0003.jsonl,40,5,8.0,1.6924200133477452,207.5213645273927,0.006021488785696542,0.05876881284615673,0.015680306845201053,0.15832065183383692,0.06858890345129791,0.004041065967671998,0.0005460899956313595,4.726958991802127,0.22448032953859975,0.06858890345129791,0.22448032953859975,attitude,122.61812250547574,rough_seed_4,OS-T5.5b,new_physical_metric_reconstruction,0.8,0.026860635424611593,0.08186260461807249,0.10131288193470335,0.15396571032320125
lm000_ls020_le080,0.15,0.26,0.59,0.0,0.2,0.8,rough,rough_perlin,4,3,results/icra27/os_t5p5b_remaining_rough_train_atlas_v0/env_logs/lm000_ls020_le080/rough/episode_0003.jsonl,40,5,8.0,1.6862937598277714,207.429480511359,0.006246124372629191,0.05856295421170516,0.01562642524877509,0.15822885697704692,0.06845912968363001,0.003671309793759295,0.000431918799265798,4.744131888869158,0.223694007476573,0.06845912968363001,0.223694007476573,attitude,123.00910164818774,rough_seed_4,OS-T5.5b,new_physical_metric_reconstruction,0.8,0.026860635424611593,0.08186260461807249,0.10131288193470335,0.15396571032320125
lm000_ls000_le100,0.15,0.15,0.7,0.0,0.0,1.0,rough,rough_perlin,4,3,results/icra27/os_t5p5b_remaining_rough_train_atlas_v0/env_logs/lm000_ls000_le100/rough/episode_0003.jsonl,40,5,8.0,1.6825679236345945,207.3308977242975,0.006184245883025725,0.058575492763472625,0.015574170597541487,0.1581411101104815,0.07303553961526954,0.00369525051624874,0.0004347353548527915,4.754637175489963,0.22374190121640514,0.07303553961526954,0.22374190121640514,attitude,123.22289924345652,rough_seed_4,OS-T5.5b,new_physical_metric_reconstruction,0.8,0.026860635424611593,0.08186260461807249,0.10131288193470335,0.15396571032320125
lm100_ls000_le000,0.7,0.15,0.15,1.0,0.0,0.0,rough,rough_perlin,25,4,results/icra27/os_t5p5b_remaining_rough_train_atlas_v0/env_logs/lm100_ls000_le000/rough/episode_0004.jsonl,38,5,7.6,1.6584684019433844,190.23021159668664,0.006142271208009273,0.06135926721491072,0.01874760587346987,0.11437185879174216,0.06357552581263136,0.0031070745697901435,0.0,4.582541332167897,0.2343751363619884,0.06357552581263136,0.2343751363619884,attitude,114.70234306169228,rough_seed_25,OS-T5.5b,new_physical_metric_reconstruction,0.8,0.01826920683430378,0.0524684572219849,0.08233369340363154,0.13852312398148353
lm080_ls020_le000,0.59,0.26,0.15,0.8,0.2,0.0,rough,rough_perlin,25,4,results/icra27/os_t5p5b_remaining_rough_train_atlas_v0/env_logs/lm080_ls020_le000/rough/episode_0004.jsonl,38,5,7.6,1.6577297127304853,190.2061523522691,0.006157712395056417,0.061559605918186835,0.01892094762629895,0.11463867831261543,0.06261973180077789,0.0032327586206901382,0.0,4.584583326000631,0.23514037384004471,0.06261973180077789,0.23514037384004471,attitude,114.73894139170378,rough_seed_25,OS-T5.5b,new_physical_metric_reconstruction,0.8,0.01826920683430378,0.0524684572219849,0.08233369340363154,0.13852312398148353
lm080_ls000_le020,0.59,0.15,0.26,0.8,0.0,0.2,rough,rough_perlin,25,4,results/icra27/os_t5p5b_remaining_rough_train_atlas_v0/env_logs/lm080_ls000_le020/rough/episode_0004.jsonl,38,5,7.6,1.6550168686546343,189.9400511556808,0.006312405914442916,0.06087754677375354,0.018839380130342035,0.11235297951153878,0.0628444131785797,0.0032829171063435757,0.0,4.592098209958459,0.23253509981642262,0.0628444131785797,0.23253509981642262,attitude,114.76623275150263,rough_seed_25,OS-T5.5b,new_physical_metric_reconstruction,0.8,0.01826920683430378,0.0524684572219849,0.08233369340363154,0.13852312398148353
lm060_ls040_le000,0.48,0.37,0.15,0.6,0.4,0.0,rough,rough_perlin,25,4,results/icra27/os_t5p5b_remaining_rough_train_atlas_v0/env_logs/lm060_ls040_le000/rough/episode_0004.jsonl,38,5,7.6,1.6566735562696073,190.2331910382818,0.006182776861046599,0.06148611059088402,0.01915694911418384,0.11443463823081657,0.06330625895844459,0.0031055900621122685,0.0,4.587506072779479,0.23485964236881912,0.06330625895844459,0.23485964236881912,attitude,114.82841041214955,rough_seed_25,OS-T5.5b,new_physical_metric_reconstruction,0.8,0.01826920683430378,0.0524684572219849,0.08233369340363154,0.13852312398148353
lm060_ls020_le020,0.48,0.26,0.26,0.6,0.2,0.2,rough,rough_perlin,25,4,results/icra27/os_t5p5b_remaining_rough_train_atlas_v0/env_logs/lm060_ls020_le020/rough/episode_0004.jsonl,38,5,7.6,1.6544489331081,189.90091511575966,0.006298713175917939,0.06087381313312084,0.018877331445164153,0.11237175289477719,0.06272716613906744,0.0034001641458558454,0.0,4.593674575208797,0.23252083835972445,0.06272716613906744,0.23252083835972445,attitude,114.78197441791437,rough_seed_25,OS-T5.5b,new_physical_metric_reconstruction,0.8,0.01826920683430378,0.0524684572219849,0.08233369340363154,0.13852312398148353
lm060_ls000_le040,0.48,0.15,0.37,0.6,0.0,0.4,rough,rough_perlin,25,4,results/icra27/os_t5p5b_remaining_rough_train_atlas_v0/env_logs/lm060_ls000_le040/rough/episode_0004.jsonl,38,5,7.6,1.6497933388908828,189.75954674099398,0.006189250216959935,0.0604233571739249,0.0186158201367031,0.11231112297171132,0.06347691206301172,0.0034602076124572653,0.0,4.606637583534736,0.23080022333849481,0.06347691206301172,0.23080022333849481,attitude,115.02019208573412,rough_seed_25,OS-T5.5b,new_physical_metric_reconstruction,0.8,0.01826920683430378,0.0524684572219849,0.08233369340363154,0.13852312398148353
lm040_ls060_le000,0.37,0.48,0.15,0.4,0.6,0.0,rough,rough_perlin,25,4,results/icra27/os_t5p5b_remaining_rough_train_atlas_v0/env_logs/lm040_ls060_le000/rough/episode_0004.jsonl,38,5,7.6,1.6565129582838134,190.38847646547265,0.006049793553155754,0.06170629195686518,0.01819069965990011,0.11495822542563294,0.062388379569008105,0.0029765448267655434,0.0,4.587950828874758,0.23570067323536217,0.062388379569008105,0.23570067323536217,attitude,114.93328531683785,rough_seed_25,OS-T5.5b,new_physical_metric_reconstruction,0.8,0.01826920683430378,0.0524684572219849,0.08233369340363154,0.13852312398148353
lm040_ls040_le020,0.37,0.37,0.26,0.4,0.4,0.2,rough,rough_perlin,25,4,results/icra27/os_t5p5b_remaining_rough_train_atlas_v0/env_logs/lm040_ls040_le020/rough/episode_0004.jsonl,38,5,7.6,1.6532043868158453,189.62828818621466,0.006369605265703238,0.06072345597910217,0.019438481615252436,0.11239038990415827,0.0631307204881609,0.003285613705703398,0.0,4.597132732413069,0.23194651633673324,0.0631307204881609,0.23194651633673324,attitude,114.70347508056658,rough_seed_25,OS-T5.5b,new_physical_metric_reconstruction,0.8,0.01826920683430378,0.0524684572219849,0.08233369340363154,0.13852312398148353
lm040_ls020_le040,0.36999999999999994,0.26,0.37,0.4,0.2,0.4,rough,rough_perlin,25,4,results/icra27/os_t5p5b_remaining_rough_train_atlas_v0/env_logs/lm040_ls020_le040/rough/episode_0004.jsonl,38,5,7.6,1.6506425207247837,190.0197855471966,0.006257588707259794,0.06070361694084046,0.018998402655056527,0.11257499291340078,0.06363636363637575,0.003349282296651218,0.0,4.604267674301097,0.23187073679260028,0.06363636363637575,0.23187073679260028,attitude,115.11867843060317,rough_seed_25,OS-T5.5b,new_physical_metric_reconstruction,0.8,0.01826920683430378,0.0524684572219849,0.08233369340363154,0.13852312398148353
lm040_ls000_le060,0.37,0.15,0.48,0.4,0.0,0.6,rough,rough_perlin,25,4,results/icra27/os_t5p5b_remaining_rough_train_atlas_v0/env_logs/lm040_ls000_le060/rough/episode_0004.jsonl,39,5,7.800000000000001,1.6864400877862722,194.0237331187886,0.006184569853535708,0.062446675430534504,0.01841888638276351,0.12253466882803088,0.0677185304618333,0.003685362202004358,0.0,4.625127246731174,0.2385287297861947,0.0677185304618333,0.2385287297861947,attitude,115.04928904618036,rough_seed_25,OS-T5.5b,new_physical_metric_reconstruction,0.8,0.01826920683430378,0.0524684572219849,0.08233369340363154,0.13852312398148353
lm020_ls080_le000,0.26,0.59,0.15,0.2,0.8,0.0,rough,rough_perlin,25,4,results/icra27/os_t5p5b_remaining_rough_train_atlas_v0/env_logs/lm020_ls080_le000/rough/episode_0004.jsonl,38,5,7.6,1.6556184580898519,190.5171009167586,0.006196610836589691,0.06150478743153494,0.01930766220561155,0.11401021926947585,0.06168290943666455,0.003090087948657471,0.0,4.590429614301595,0.23493098264508153,0.06168290943666455,0.23493098264508153,attitude,115.07307132620714,rough_seed_25,OS-T5.5b,new_physical_metric_reconstruction,0.8,0.01826920683430378,0.0524684572219849,0.08233369340363154,0.13852312398148353
lm020_ls060_le020,0.26,0.48,0.26,0.2,0.6,0.2,rough,rough_perlin,25,4,results/icra27/os_t5p5b_remaining_rough_train_atlas_v0/env_logs/lm020_ls060_le020/rough/episode_0004.jsonl,38,5,7.6,1.652814900833435,190.70392260523684,0.0062534375713767685,0.06102417873745149,0.019098775596410354,0.11240949017775281,0.06354277600285217,0.0033132173707258647,0.0,4.598216047161534,0.2330951926605298,0.06354277600285217,0.2330951926605298,attitude,115.38129436579622,rough_seed_25,OS-T5.5b,new_physical_metric_reconstruction,0.8,0.01826920683430378,0.0524684572219849,0.08233369340363154,0.13852312398148353
lm020_ls040_le040,0.26,0.36999999999999994,0.37,0.2,0.4,0.4,rough,rough_perlin,25,4,results/icra27/os_t5p5b_remaining_rough_train_atlas_v0/env_logs/lm020_ls040_le040/rough/episode_0004.jsonl,38,5,7.6,1.64964592810371,190.24377808600943,0.006213129750388827,0.06087253591632461,0.0188609897654442,0.11259351943033225,0.06150341685650382,0.0034768013427651733,0.0,4.6070492282767015,0.23251595975092798,0.06150341685650382,0.23251595975092798,attitude,115.32400671257814,rough_seed_25,OS-T5.5b,new_physical_metric_reconstruction,0.8,0.01826920683430378,0.0524684572219849,0.08233369340363154,0.13852312398148353
lm020_ls020_le060,0.26,0.26,0.48,0.2,0.2,0.6,rough,rough_perlin,25,4,results/icra27/os_t5p5b_remaining_rough_train_atlas_v0/env_logs/lm020_ls020_le060/rough/episode_0004.jsonl,39,5,7.800000000000001,1.6864192230663457,193.9759690404478,0.006180192244229457,0.0624186930397392,0.018381232142715788,0.12137337646571122,0.06692642677058137,0.0036672014668810006,0.0,4.625184469741507,0.23842184492664426,0.06692642677058137,0.23842184492664426,attitude,115.02238968063314,rough_seed_25,OS-T5.5b,new_physical_metric_reconstruction,0.8,0.01826920683430378,0.0524684572219849,0.08233369340363154,0.13852312398148353
lm020_ls000_le080,0.26,0.15,0.59,0.2,0.0,0.8,rough,rough_perlin,25,4,results/icra27/os_t5p5b_remaining_rough_train_atlas_v0/env_logs/lm020_ls000_le080/rough/episode_0004.jsonl,39,5,7.800000000000001,1.6793973923561023,192.57148549218545,0.006042681604114862,0.06162746558353532,0.01766620271311809,0.12139472278722652,0.06529445397370917,0.0034305317324188856,0.0,4.6445231101955144,0.23539957866828726,0.06529445397370917,0.23539957866828726,attitude,114.66701470937633,rough_seed_25,OS-T5.5b,new_physical_metric_reconstruction,0.8,0.01826920683430378,0.0524684572219849,0.08233369340363154,0.13852312398148353
lm000_ls100_le000,0.15,0.7,0.15,0.0,1.0,0.0,rough,rough_perlin,25,4,results/icra27/os_t5p5b_remaining_rough_train_atlas_v0/env_logs/lm000_ls100_le000/rough/episode_0004.jsonl,38,5,7.6,1.654479559926443,190.51963203747357,0.006250795978222619,0.06157100323117854,0.01914273286625928,0.1138378386492811,0.06178977272728419,0.003077651515151988,0.0,4.593589539624104,0.23518390836885902,0.06178977272728419,0.23518390836885902,attitude,115.15381431847,rough_seed_25,OS-T5.5b,new_physical_metric_reconstruction,0.8,0.01826920683430378,0.0524684572219849,0.08233369340363154,0.13852312398148353
lm000_ls080_le020,0.15,0.59,0.26,0.0,0.8,0.2,rough,rough_perlin,25,4,results/icra27/os_t5p5b_remaining_rough_train_atlas_v0/env_logs/lm000_ls080_le020/rough/episode_0004.jsonl,38,5,7.6,1.6519399581391006,190.63598305303145,0.006272834008053456,0.06109825492661604,0.019589039783286896,0.11242833508589034,0.06352410353836369,0.003443362621705581,0.0,4.600651471958672,0.23337814286063258,0.06352410353836369,0.23337814286063258,attitude,115.401278426476,rough_seed_25,OS-T5.5b,new_physical_metric_reconstruction,0.8,0.01826920683430378,0.0524684572219849,0.08233369340363154,0.13852312398148353
lm000_ls060_le040,0.15,0.48,0.37,0.0,0.6,0.4,rough,rough_perlin,25,4,results/icra27/os_t5p5b_remaining_rough_train_atlas_v0/env_logs/lm000_ls060_le040/rough/episode_0004.jsonl,38,5,7.6,1.6504991280361758,190.14788515060147,0.006172252320519377,0.06090912957050912,0.01892160604013808,0.11261213958553129,0.06267225883763924,0.003475134811264747,0.0,4.604667685612629,0.23265573721371022,0.06267225883763924,0.23265573721371022,attitude,115.20629240007317,rough_seed_25,OS-T5.5b,new_physical_metric_reconstruction,0.8,0.01826920683430378,0.0524684572219849,0.08233369340363154,0.13852312398148353
lm000_ls040_le060,0.15,0.37,0.48,0.0,0.4,0.6,rough,rough_perlin,25,4,results/icra27/os_t5p5b_remaining_rough_train_atlas_v0/env_logs/lm000_ls040_le060/rough/episode_0004.jsonl,39,5,7.800000000000001,1.6862786700222314,193.91185485714863,0.006220138685678548,0.062405653024444376,0.018842244035574614,0.12129919371354769,0.06708571428572485,0.003428571428571817,0.0,4.62556998357642,0.23837203573723229,0.06708571428572485,0.23837203573723229,attitude,114.99395580600694,rough_seed_25,OS-T5.5b,new_physical_metric_reconstruction,0.8,0.01826920683430378,0.0524684572219849,0.08233369340363154,0.13852312398148353
lm000_ls020_le080,0.15,0.26,0.59,0.0,0.2,0.8,rough,rough_perlin,25,4,results/icra27/os_t5p5b_remaining_rough_train_atlas_v0/env_logs/lm000_ls020_le080/rough/episode_0004.jsonl,39,5,7.800000000000001,1.6789683833753626,192.52340660012578,0.006049035475533759,0.06166253479949751,0.01765774298688211,0.12138727288483397,0.0656675437593057,0.003432101590207432,0.0,4.6457098759174045,0.23553353320598502,0.0656675437593057,0.23553353320598502,attitude,114.6676783830085,rough_seed_25,OS-T5.5b,new_physical_metric_reconstruction,0.8,0.01826920683430378,0.0524684572219849,0.08233369340363154,0.13852312398148353
lm000_ls000_le100,0.15,0.15,0.7,0.0,0.0,1.0,rough,rough_perlin,25,4,results/icra27/os_t5p5b_remaining_rough_train_atlas_v0/env_logs/lm000_ls000_le100/rough/episode_0004.jsonl,39,5,7.800000000000001,1.6755147078236412,193.04744616656575,0.0059621020250004595,0.061554250262123814,0.017716285273551395,0.12070689317943573,0.07045946870369353,0.003420362558431551,0.0,4.655285903238398,0.2351199167407824,0.07045946870369353,0.2351199167407824,attitude,115.21680189684449,rough_seed_25,OS-T5.5b,new_physical_metric_reconstruction,0.8,0.01826920683430378,0.0524684572219849,0.08233369340363154,0.13852312398148353
lm100_ls000_le000,0.7,0.15,0.15,1.0,0.0,0.0,rough,rough_perlin,12,5,results/icra27/os_t5p5b_remaining_rough_train_atlas_v0/env_logs/lm100_ls000_le000/rough/episode_0005.jsonl,38,5,7.6,1.6990928317273621,222.99531803403977,0.009063083013459374,0.08863840207357167,0.016997421184274927,0.16945201221677197,0.08230926779315136,0.008192524321557607,0.0007680491551460256,4.4729751418429275,0.3385737561066201,0.08230926779315136,0.3385737561066201,attitude,131.24375188337078,rough_seed_12,OS-T5.5b,new_physical_metric_reconstruction,0.8,0.026123337145604907,0.08341258668899532,0.0913345092246674,0.14660657941556096
lm080_ls020_le000,0.59,0.26,0.15,0.8,0.2,0.0,rough,rough_perlin,12,5,results/icra27/os_t5p5b_remaining_rough_train_atlas_v0/env_logs/lm080_ls020_le000/rough/episode_0005.jsonl,38,5,7.6,1.6987496741392403,225.0201263965679,0.009492527215180326,0.0890018498332511,0.019676677984718283,0.1725544687801408,0.08261595785688017,0.009250931517410885,0.0011563664396763607,4.473878709557919,0.33996202428682787,0.08261595785688017,0.33996202428682787,attitude,132.46220430363644,rough_seed_12,OS-T5.5b,new_physical_metric_reconstruction,0.8,0.026123337145604907,0.08341258668899532,0.0913345092246674,0.14660657941556096
lm080_ls000_le020,0.59,0.15,0.26,0.8,0.0,0.2,rough,rough_perlin,12,5,results/icra27/os_t5p5b_remaining_rough_train_atlas_v0/env_logs/lm080_ls000_le020/rough/episode_0005.jsonl,38,5,7.6,1.6913677231875242,223.26140528422013,0.008747233472999485,0.08859331693920074,0.016241870584337882,0.16533259354232044,0.08441393338419863,0.008009153318078914,0.000889905924230981,4.493404891088476,0.3384015435787378,0.08441393338419863,0.3384015435787378,attitude,132.00051190728962,rough_seed_12,OS-T5.5b,new_physical_metric_reconstruction,0.8,0.026123337145604907,0.08341258668899532,0.0913345092246674,0.14660657941556096
lm060_ls040_le000,0.48,0.37,0.15,0.6,0.4,0.0,rough,rough_perlin,12,5,results/icra27/os_t5p5b_remaining_rough_train_atlas_v0/env_logs/lm060_ls040_le000/rough/episode_0005.jsonl,38,5,7.6,1.6965317438699428,224.2202412716914,0.00922770101682569,0.08875019386666405,0.018184175198773044,0.1698397774938023,0.08598685058657993,0.009281938893903423,0.0012891581797088087,4.479727554442165,0.3390007693018463,0.08598685058657993,0.3390007693018463,attitude,132.16389382742977,rough_seed_12,OS-T5.5b,new_physical_metric_reconstruction,0.8,0.026123337145604907,0.08341258668899532,0.0913345092246674,0.14660657941556096
lm060_ls020_le020,0.48,0.26,0.26,0.6,0.2,0.2,rough,rough_perlin,12,5,results/icra27/os_t5p5b_remaining_rough_train_atlas_v0/env_logs/lm060_ls020_le020/rough/episode_0005.jsonl,38,5,7.6,1.6907075084951508,223.2413715876437,0.008759184253350805,0.08861454061484299,0.016220886275831826,0.16535590460622784,0.0852092076815602,0.008012209080504732,0.0008902454533894053,4.49515954818497,0.33848261204807484,0.0852092076815602,0.33848261204807484,attitude,132.0402082950139,rough_seed_12,OS-T5.5b,new_physical_metric_reconstruction,0.8,0.026123337145604907,0.08341258668899532,0.0913345092246674,0.14660657941556096
lm060_ls000_le040,0.48,0.15,0.37,0.6,0.0,0.4,rough,rough_perlin,12,5,results/icra27/os_t5p5b_remaining_rough_train_atlas_v0/env_logs/lm060_ls000_le040/rough/episode_0005.jsonl,38,5,7.6,1.684014129488813,222.79439124012356,0.00878220605243653,0.08868120171660707,0.016333303855305494,0.1656419265955298,0.08900919048219957,0.006294850812036634,0.0011330731461665841,4.51302626677307,0.33873723870065975,0.08900919048219957,0.33873723870065975,attitude,132.2995973363676,rough_seed_12,OS-T5.5b,new_physical_metric_reconstruction,0.8,0.026123337145604907,0.08341258668899532,0.0913345092246674,0.14660657941556096
lm040_ls060_le000,0.37,0.48,0.15,0.4,0.6,0.0,rough,rough_perlin,12,5,results/icra27/os_t5p5b_remaining_rough_train_atlas_v0/env_logs/lm040_ls060_le000/rough/episode_0005.jsonl,38,5,7.6,1.6970856489035084,225.2297519624181,0.00947508065196775,0.08917981780904896,0.01980591365742232,0.17271287232826116,0.0885309278350649,0.008505154639176307,0.0011597938144331326,4.478265433987012,0.3406418118802748,0.0885309278350649,0.3406418118802748,attitude,132.71560696299545,rough_seed_12,OS-T5.5b,new_physical_metric_reconstruction,0.8,0.026123337145604907,0.08341258668899532,0.0913345092246674,0.14660657941556096
lm040_ls040_le020,0.37,0.37,0.26,0.4,0.4,0.2,rough,rough_perlin,12,5,results/icra27/os_t5p5b_remaining_rough_train_atlas_v0/env_logs/lm040_ls040_le020/rough/episode_0005.jsonl,38,5,7.6,1.6905236219282092,222.7734952546047,0.008882413817428552,0.08818160131268854,0.016199077061497657,0.16530028065131352,0.07998981021527252,0.009425550885238842,0.0017832123296397649,4.4956485087924705,0.3368289057281556,0.07998981021527252,0.3368289057281556,attitude,131.77780680787504,rough_seed_12,OS-T5.5b,new_physical_metric_reconstruction,0.8,0.026123337145604907,0.08341258668899532,0.0913345092246674,0.14660657941556096
lm040_ls020_le040,0.36999999999999994,0.26,0.37,0.4,0.2,0.4,rough,rough_perlin,12,5,results/icra27/os_t5p5b_remaining_rough_train_atlas_v0/env_logs/lm040_ls020_le040/rough/episode_0005.jsonl,38,5,7.6,1.6819716016190038,222.4633138262147,0.008853187714434933,0.08846236806973633,0.016312445629426874,0.16589934233154513,0.09062303335432559,0.006796727501574269,0.0012586532410322616,4.518506729058041,0.33790135574191643,0.09062303335432559,0.33790135574191643,attitude,132.2634184858292,rough_seed_12,OS-T5.5b,new_physical_metric_reconstruction,0.8,0.026123337145604907,0.08341258668899532,0.0913345092246674,0.14660657941556096
lm040_ls000_le060,0.37,0.15,0.48,0.4,0.0,0.6,rough,rough_perlin,12,5,results/icra27/os_t5p5b_remaining_rough_train_atlas_v0/env_logs/lm040_ls000_le060/rough/episode_0005.jsonl,38,5,7.6,1.6783701973634122,223.4634860057604,0.009048282628325315,0.08911038133873786,0.016419509386694148,0.1667448295787639,0.09457441513192191,0.009208561473371079,0.00199104031856672,4.528202426341342,0.340376584100734,0.09457441513192191,0.340376584100734,attitude,133.1431446749972,rough_seed_12,OS-T5.5b,new_physical_metric_reconstruction,0.8,0.026123337145604907,0.08341258668899532,0.0913345092246674,0.14660657941556096
lm020_ls080_le000,0.26,0.59,0.15,0.2,0.8,0.0,rough,rough_perlin,12,5,results/icra27/os_t5p5b_remaining_rough_train_atlas_v0/env_logs/lm020_ls080_le000/rough/episode_0005.jsonl,38,5,7.6,1.6941614998882912,224.41729482073782,0.009264013613994863,0.0887819009334754,0.01814801930811389,0.1703423049389372,0.08834513844173891,0.009529942047650885,0.001159047005795378,4.485994989557445,0.33912188137578164,0.08834513844173891,0.33912188137578164,attitude,132.46511317577182,rough_seed_12,OS-T5.5b,new_physical_metric_reconstruction,0.8,0.026123337145604907,0.08341258668899532,0.0913345092246674,0.14660657941556096
lm020_ls060_le020,0.26,0.48,0.26,0.2,0.6,0.2,rough,rough_perlin,12,5,results/icra27/os_t5p5b_remaining_rough_train_atlas_v0/env_logs/lm020_ls060_le020/rough/episode_0005.jsonl,38,5,7.6,1.6876913727023874,222.55318704975275,0.008746736917304722,0.08839472825818646,0.01617710471404427,0.16587533984856306,0.08874761602035755,0.0075015893197721,0.0005085823267642101,4.503193014390201,0.3376429906933253,0.08874761602035755,0.3376429906933253,attitude,131.8684154279898,rough_seed_12,OS-T5.5b,new_physical_metric_reconstruction,0.8,0.026123337145604907,0.08341258668899532,0.0913345092246674,0.14660657941556096
lm020_ls040_le040,0.26,0.36999999999999994,0.37,0.2,0.4,0.4,rough,rough_perlin,12,5,results/icra27/os_t5p5b_remaining_rough_train_atlas_v0/env_logs/lm020_ls040_le040/rough/episode_0005.jsonl,38,5,7.6,1.6807173900092347,222.51712583255454,0.008794591170736984,0.08860455509206407,0.01629207304469387,0.16657864642157882,0.09205548549812337,0.006557377049181302,0.0013871374527114056,4.521878600874262,0.33844447016064394,0.09205548549812337,0.33844447016064394,attitude,132.39413547766762,rough_seed_12,OS-T5.5b,new_physical_metric_reconstruction,0.8,0.026123337145604907,0.08341258668899532,0.0913345092246674,0.14660657941556096
lm020_ls020_le060,0.26,0.26,0.48,0.2,0.2,0.6,rough,rough_perlin,12,5,results/icra27/os_t5p5b_remaining_rough_train_atlas_v0/env_logs/lm020_ls020_le060/rough/episode_0005.jsonl,38,5,7.6,1.677355692318399,223.0751727452507,0.009050390066183732,0.08894911073985073,0.01640068006423697,0.16653998807622483,0.09304065851834908,0.008855076078823843,0.0017460713394863916,4.530941192023184,0.3397605757890154,0.09304065851834908,0.3397605757890154,attitude,132.9921696196242,rough_seed_12,OS-T5.5b,new_physical_metric_reconstruction,0.8,0.026123337145604907,0.08341258668899532,0.0913345092246674,0.14660657941556096
lm020_ls000_le080,0.26,0.15,0.59,0.2,0.0,0.8,rough,rough_perlin,12,5,results/icra27/os_t5p5b_remaining_rough_train_atlas_v0/env_logs/lm020_ls000_le080/rough/episode_0005.jsonl,38,5,7.6,1.6746659899115592,221.74375211194223,0.008867012167244375,0.08910178161205864,0.01649686266348782,0.16872842060293292,0.09472899055198042,0.010691198408753662,0.0016161113873696896,4.538218394464058,0.3403437355644884,0.09472899055198042,0.3403437355644884,attitude,132.4107335120914,rough_seed_12,OS-T5.5b,new_physical_metric_reconstruction,0.8,0.026123337145604907,0.08341258668899532,0.0913345092246674,0.14660657941556096
lm000_ls100_le000,0.15,0.7,0.15,0.0,1.0,0.0,rough,rough_perlin,12,5,results/icra27/os_t5p5b_remaining_rough_train_atlas_v0/env_logs/lm000_ls100_le000/rough/episode_0005.jsonl,38,5,7.6,1.69405100379415,225.00060716148056,0.009543100068798067,0.08898889563625817,0.019534547474709146,0.17247369809190638,0.09197024114932138,0.009107234479221248,0.0011544381734224119,4.486287592863705,0.3399125428991828,0.09197024114932138,0.3399125428991828,attitude,132.81808319675667,rough_seed_12,OS-T5.5b,new_physical_metric_reconstruction,0.8,0.026123337145604907,0.08341258668899532,0.0913345092246674,0.14660657941556096
lm000_ls080_le020,0.15,0.59,0.26,0.0,0.8,0.2,rough,rough_perlin,12,5,results/icra27/os_t5p5b_remaining_rough_train_atlas_v0/env_logs/lm000_ls080_le020/rough/episode_0005.jsonl,38,5,7.6,1.6859265741945908,223.0621654725132,0.008870182749506572,0.08843741014243181,0.016154839940263586,0.16455885331389153,0.086664979757099,0.007717611336033389,0.0003795546558704945,4.5079068782284955,0.33780602348192024,0.086664979757099,0.33780602348192024,attitude,132.30835131659015,rough_seed_12,OS-T5.5b,new_physical_metric_reconstruction,0.8,0.026123337145604907,0.08341258668899532,0.0913345092246674,0.14660657941556096
lm000_ls060_le040,0.15,0.48,0.37,0.0,0.6,0.4,rough,rough_perlin,12,5,results/icra27/os_t5p5b_remaining_rough_train_atlas_v0/env_logs/lm000_ls060_le040/rough/episode_0005.jsonl,38,5,7.6,1.6809510145598634,222.49339573602106,0.008768271515037878,0.08863879144101199,0.01627054136540313,0.16613376883902875,0.09252489600404863,0.00630278583133833,0.0011345014496408892,4.521250134103383,0.33857524338068745,0.09252489600404863,0.33857524338068745,attitude,132.36161780376347,rough_seed_12,OS-T5.5b,new_physical_metric_reconstruction,0.8,0.026123337145604907,0.08341258668899532,0.0913345092246674,0.14660657941556096
lm000_ls040_le060,0.15,0.37,0.48,0.0,0.4,0.6,rough,rough_perlin,12,5,results/icra27/os_t5p5b_remaining_rough_train_atlas_v0/env_logs/lm000_ls040_le060/rough/episode_0005.jsonl,38,5,7.6,1.6764351372491126,223.06540477857146,0.008997642239703434,0.08901095892887136,0.016380364033610713,0.16658539471751443,0.0923288355822241,0.007871064467767174,0.0018740629685159937,4.533429198144196,0.33999681846910934,0.0923288355822241,0.33999681846910934,attitude,133.05937093671443,rough_seed_12,OS-T5.5b,new_physical_metric_reconstruction,0.8,0.026123337145604907,0.08341258668899532,0.0913345092246674,0.14660657941556096
lm000_ls020_le080,0.15,0.26,0.59,0.0,0.2,0.8,rough,rough_perlin,12,5,results/icra27/os_t5p5b_remaining_rough_train_atlas_v0/env_logs/lm000_ls020_le080/rough/episode_0005.jsonl,38,5,7.6,1.6741882777530346,221.70728372271952,0.00881354559438111,0.08902368052216135,0.016479586013276183,0.1686308696312424,0.09288194444446038,0.008928571428572877,0.0012400793650795354,4.5395133277364295,0.3400454113760559,0.09288194444446038,0.3400454113760559,attitude,132.42673280467463,rough_seed_12,OS-T5.5b,new_physical_metric_reconstruction,0.8,0.026123337145604907,0.08341258668899532,0.0913345092246674,0.14660657941556096
lm000_ls000_le100,0.15,0.15,0.7,0.0,0.0,1.0,rough,rough_perlin,12,5,results/icra27/os_t5p5b_remaining_rough_train_atlas_v0/env_logs/lm000_ls000_le100/rough/episode_0005.jsonl,38,5,7.6,1.6702486908785765,221.49335567467898,0.008732026087270882,0.08917622774356063,0.016566631571916436,0.16872959644389685,0.09349289454003058,0.010097232610323213,0.0013712291199204064,4.550220599785223,0.340628098840231,0.09349289454003058,0.340628098840231,attitude,132.6110039087473,rough_seed_12,OS-T5.5b,new_physical_metric_reconstruction,0.8,0.026123337145604907,0.08341258668899532,0.0913345092246674,0.14660657941556096
lm100_ls000_le000,0.7,0.15,0.15,1.0,0.0,0.0,rough,rough_perlin,6,6,results/icra27/os_t5p5b_remaining_rough_train_atlas_v0/env_logs/lm100_ls000_le000/rough/episode_0006.jsonl,39,5,7.800000000000001,1.677042848105813,199.62291767555627,0.0061249208697759915,0.056972209868667224,0.014046132484025016,0.08912172997476264,0.05387857386947102,0.002505980179975348,0.0,4.651043954428443,0.21761781166721403,0.05387857386947102,0.21761781166721403,attitude,119.03268774618753,rough_seed_6,OS-T5.5b,new_physical_metric_reconstruction,0.8,0.024318955251665265,0.08186260461807249,0.07999057183688178,0.12816551007246907
lm080_ls020_le000,0.59,0.26,0.15,0.8,0.2,0.0,rough,rough_perlin,6,6,results/icra27/os_t5p5b_remaining_rough_train_atlas_v0/env_logs/lm080_ls020_le000/rough/episode_0006.jsonl,39,5,7.800000000000001,1.6774252082990506,200.13870979515002,0.0061360477367307835,0.05711112172697632,0.014036440127551973,0.08886455296715967,0.05252962625342729,0.0023928896991799744,0.0,4.649983773589159,0.21814841588090939,0.05252962625342729,0.21814841588090939,attitude,119.31304525827144,rough_seed_6,OS-T5.5b,new_physical_metric_reconstruction,0.8,0.024318955251665265,0.08186260461807249,0.07999057183688178,0.12816551007246907
lm080_ls000_le020,0.59,0.15,0.26,0.8,0.0,0.2,rough,rough_perlin,6,6,results/icra27/os_t5p5b_remaining_rough_train_atlas_v0/env_logs/lm080_ls000_le020/rough/episode_0006.jsonl,39,5,7.800000000000001,1.6698889711663634,199.5413891408337,0.006205442470998574,0.056967224014103986,0.014081857903626708,0.08887957940792157,0.05862068965518218,0.0035632183908057375,0.0,4.67096922890146,0.2175987671056314,0.05862068965518218,0.2175987671056314,attitude,119.4938062268059,rough_seed_6,OS-T5.5b,new_physical_metric_reconstruction,0.8,0.024318955251665265,0.08186260461807249,0.07999057183688178,0.12816551007246907
lm060_ls040_le000,0.48,0.37,0.15,0.6,0.4,0.0,rough,rough_perlin,6,6,results/icra27/os_t5p5b_remaining_rough_train_atlas_v0/env_logs/lm060_ls040_le000/rough/episode_0006.jsonl,39,5,7.800000000000001,1.676418534762809,199.8843550019597,0.006144953999877144,0.05694182482737736,0.0140329880858772,0.08890717393413206,0.055435401252143794,0.003073420603301556,0.0,4.652776045036747,0.21750174935879804,0.055435401252143794,0.21750174935879804,attitude,119.2329665039409,rough_seed_6,OS-T5.5b,new_physical_metric_reconstruction,0.8,0.024318955251665265,0.08186260461807249,0.07999057183688178,0.12816551007246907
lm060_ls020_le020,0.48,0.26,0.26,0.6,0.2,0.2,rough,rough_perlin,6,6,results/icra27/os_t5p5b_remaining_rough_train_atlas_v0/env_logs/lm060_ls020_le020/rough/episode_0006.jsonl,39,5,7.800000000000001,1.6704324550517944,199.43577779534093,0.00621293837175312,0.056637413445431176,0.014071330043128959,0.08884550206641673,0.0569965870307263,0.003299203640501477,0.00045506257110378265,4.66944950477399,0.21633898353071393,0.0569965870307263,0.21633898353071393,attitude,119.39170434111153,rough_seed_6,OS-T5.5b,new_physical_metric_reconstruction,0.8,0.024318955251665265,0.08186260461807249,0.07999057183688178,0.12816551007246907
lm060_ls000_le040,0.48,0.15,0.37,0.6,0.0,0.4,rough,rough_perlin,6,6,results/icra27/os_t5p5b_remaining_rough_train_atlas_v0/env_logs/lm060_ls000_le040/rough/episode_0006.jsonl,39,5,7.800000000000001,1.665552662229713,199.4544347367683,0.006259693265069595,0.05642350622406043,0.014156992601088447,0.08796295324937198,0.05974085540650046,0.0020639834881324556,0.0,4.683130216704145,0.215521918131253,0.05974085540650046,0.215521918131253,attitude,119.75270386812875,rough_seed_6,OS-T5.5b,new_physical_metric_reconstruction,0.8,0.024318955251665265,0.08186260461807249,0.07999057183688178,0.12816551007246907
lm040_ls060_le000,0.37,0.48,0.15,0.4,0.6,0.0,rough,rough_perlin,6,6,results/icra27/os_t5p5b_remaining_rough_train_atlas_v0/env_logs/lm040_ls060_le000/rough/episode_0006.jsonl,39,5,7.800000000000001,1.6764141812783397,199.6447934029128,0.00617113246682591,0.05693802916208697,0.014041898867185194,0.08925086418036088,0.054518552242212706,0.0029592533576148477,0.0,4.652788127843298,0.21748725098535912,0.054518552242212706,0.21748725098535912,attitude,119.09037493984621,rough_seed_6,OS-T5.5b,new_physical_metric_reconstruction,0.8,0.024318955251665265,0.08186260461807249,0.07999057183688178,0.12816551007246907
lm040_ls040_le020,0.37,0.37,0.26,0.4,0.4,0.2,rough,rough_perlin,6,6,results/icra27/os_t5p5b_remaining_rough_train_atlas_v0/env_logs/lm040_ls040_le020/rough/episode_0006.jsonl,39,5,7.800000000000001,1.6707791190619257,199.47303464258675,0.006179584780766715,0.0566768908930261,0.014082430078325645,0.08863010300207597,0.05707139608914098,0.0030695770804919113,0.000682128240109524,4.668480657323143,0.21648977627292312,0.05707139608914098,0.21648977627292312,attitude,119.38923126749556,rough_seed_6,OS-T5.5b,new_physical_metric_reconstruction,0.8,0.024318955251665265,0.08186260461807249,0.07999057183688178,0.12816551007246907
lm040_ls020_le040,0.36999999999999994,0.26,0.37,0.4,0.2,0.4,rough,rough_perlin,6,6,results/icra27/os_t5p5b_remaining_rough_train_atlas_v0/env_logs/lm040_ls020_le040/rough/episode_0006.jsonl,39,5,7.800000000000001,1.6662961678451078,198.96343830225987,0.0061927487737961275,0.056451718256628945,0.014146321653963078,0.08800567699581197,0.055828852534044356,0.003317698203867855,0.0,4.681040592013806,0.21562968015776376,0.055828852534044356,0.21562968015776376,attitude,119.4046065409632,rough_seed_6,OS-T5.5b,new_physical_metric_reconstruction,0.8,0.024318955251665265,0.08186260461807249,0.07999057183688178,0.12816551007246907
lm040_ls000_le060,0.37,0.15,0.48,0.4,0.0,0.6,rough,rough_perlin,6,6,results/icra27/os_t5p5b_remaining_rough_train_atlas_v0/env_logs/lm040_ls000_le060/rough/episode_0006.jsonl,39,5,7.800000000000001,1.657792650955701,197.7206335845243,0.006177113830857837,0.056228069238301745,0.013885920280559771,0.08763118513527623,0.057497438232961204,0.0020494136399866985,0.0,4.705051621204484,0.2147754038349376,0.057497438232961204,0.2147754038349376,attitude,119.26740866569791,rough_seed_6,OS-T5.5b,new_physical_metric_reconstruction,0.8,0.024318955251665265,0.08186260461807249,0.07999057183688178,0.12816551007246907
lm020_ls080_le000,0.26,0.59,0.15,0.2,0.8,0.0,rough,rough_perlin,6,6,results/icra27/os_t5p5b_remaining_rough_train_atlas_v0/env_logs/lm020_ls080_le000/rough/episode_0006.jsonl,39,5,7.800000000000001,1.6765267505934063,199.71898983883545,0.00618445516461382,0.05674088248956541,0.01403380464691143,0.08899803185370403,0.055511408786477215,0.003405607901011049,0.0,4.652475719363972,0.2167342061666569,0.055511408786477215,0.2167342061666569,attitude,119.12663473347202,rough_seed_6,OS-T5.5b,new_physical_metric_reconstruction,0.8,0.024318955251665265,0.08186260461807249,0.07999057183688178,0.12816551007246907
lm020_ls060_le020,0.26,0.48,0.26,0.2,0.6,0.2,rough,rough_perlin,6,6,results/icra27/os_t5p5b_remaining_rough_train_atlas_v0/env_logs/lm020_ls060_le020/rough/episode_0006.jsonl,39,5,7.800000000000001,1.670827982073253,199.45802986438042,0.006166088576506101,0.05660146607996261,0.014078570017827375,0.08828267971564085,0.05703249261532427,0.0030674846625773655,0.0004544421722338389,4.668344128592665,0.21620167470898305,0.05703249261532427,0.21620167470898305,attitude,119.37675931000521,rough_seed_6,OS-T5.5b,new_physical_metric_reconstruction,0.8,0.024318955251665265,0.08186260461807249,0.07999057183688178,0.12816551007246907
lm020_ls040_le040,0.26,0.36999999999999994,0.37,0.2,0.4,0.4,rough,rough_perlin,6,6,results/icra27/os_t5p5b_remaining_rough_train_atlas_v0/env_logs/lm020_ls040_le040/rough/episode_0006.jsonl,39,5,7.800000000000001,1.665693354345449,199.06873030708368,0.006270335494470744,0.05632181852794825,0.014126016650322025,0.08775649037192013,0.05572684709376309,0.0033116364051625547,0.0,4.682734658003777,0.21513349974354387,0.05572684709376309,0.21513349974354387,attitude,119.51103111971635,rough_seed_6,OS-T5.5b,new_physical_metric_reconstruction,0.8,0.024318955251665265,0.08186260461807249,0.07999057183688178,0.12816551007246907
lm020_ls020_le060,0.26,0.26,0.48,0.2,0.2,0.6,rough,rough_perlin,6,6,results/icra27/os_t5p5b_remaining_rough_train_atlas_v0/env_logs/lm020_ls020_le060/rough/episode_0006.jsonl,39,5,7.800000000000001,1.6552582586014917,198.34254323506013,0.006374268571847277,0.05639613636711516,0.014246861761554345,0.0876180476667685,0.06413927385180429,0.003206963692590313,0.0,4.712255600881357,0.2154173729786636,0.06413927385180429,0.2154173729786636,attitude,119.82573849390573,rough_seed_6,OS-T5.5b,new_physical_metric_reconstruction,0.8,0.024318955251665265,0.08186260461807249,0.07999057183688178,0.12816551007246907
lm020_ls000_le080,0.26,0.15,0.59,0.2,0.0,0.8,rough,rough_perlin,6,6,results/icra27/os_t5p5b_remaining_rough_train_atlas_v0/env_logs/lm020_ls000_le080/rough/episode_0006.jsonl,40,5,8.0,1.6842258862295374,203.02608220930853,0.0061134892092444505,0.056557467038043055,0.013870504521411631,0.08804690046501729,0.05667745174607714,0.0025661050987396137,0.0,4.749956680638328,0.21603361074867575,0.05667745174607714,0.21603361074867575,attitude,120.54563694174144,rough_seed_6,OS-T5.5b,new_physical_metric_reconstruction,0.8,0.024318955251665265,0.08186260461807249,0.07999057183688178,0.12816551007246907
lm000_ls100_le000,0.15,0.7,0.15,0.0,1.0,0.0,rough,rough_perlin,6,6,results/icra27/os_t5p5b_remaining_rough_train_atlas_v0/env_logs/lm000_ls100_le000/rough/episode_0006.jsonl,39,5,7.800000000000001,1.6762543363804847,199.6943207002803,0.0062107125927007185,0.05679523606611908,0.014025954072845499,0.08911033780130873,0.05529064486831032,0.003065395095368424,0.0,4.653231810181291,0.21694182153585467,0.05529064486831032,0.21694182153585467,attitude,119.13127761475491,rough_seed_6,OS-T5.5b,new_physical_metric_reconstruction,0.8,0.024318955251665265,0.08186260461807249,0.07999057183688178,0.12816551007246907
lm000_ls080_le020,0.15,0.59,0.26,0.0,0.8,0.2,rough,rough_perlin,6,6,results/icra27/os_t5p5b_remaining_rough_train_atlas_v0/env_logs/lm000_ls080_le020/rough/episode_0006.jsonl,39,5,7.800000000000001,1.6711070129500056,199.10162700805085,0.006235387196147769,0.056596119939443655,0.014074799641031954,0.08925026894606947,0.05818965517242355,0.002722323049002403,0.0003402903811254184,4.667564638024383,0.21618125395642174,0.05818965517242355,0.21618125395642174,attitude,119.1435530251152,rough_seed_6,OS-T5.5b,new_physical_metric_reconstruction,0.8,0.024318955251665265,0.08186260461807249,0.07999057183688178,0.12816551007246907
lm000_ls060_le040,0.15,0.48,0.37,0.0,0.6,0.4,rough,rough_perlin,6,6,results/icra27/os_t5p5b_remaining_rough_train_atlas_v0/env_logs/lm000_ls060_le040/rough/episode_0006.jsonl,39,5,7.800000000000001,1.6654295995778128,198.7084580021903,0.006207001817508034,0.05627371869319617,0.014115640261148883,0.08779348047372415,0.0560811580987213,0.003533568904594786,0.0,4.683476264609026,0.21494977190843914,0.0560811580987213,0.21494977190843914,attitude,119.31363418337406,rough_seed_6,OS-T5.5b,new_physical_metric_reconstruction,0.8,0.024318955251665265,0.08186260461807249,0.07999057183688178,0.12816551007246907
lm000_ls040_le060,0.15,0.37,0.48,0.0,0.4,0.6,rough,rough_perlin,6,6,results/icra27/os_t5p5b_remaining_rough_train_atlas_v0/env_logs/lm000_ls040_le060/rough/episode_0006.jsonl,39,5,7.800000000000001,1.6566610188922597,198.19173753876646,0.006336721289885012,0.05670212544493904,0.014236115110305574,0.08874910398333791,0.06401484402181448,0.0023193784065874243,0.0,4.708265548021125,0.21658616516109083,0.06401484402181448,0.21658616516109083,attitude,119.63324740464348,rough_seed_6,OS-T5.5b,new_physical_metric_reconstruction,0.8,0.024318955251665265,0.08186260461807249,0.07999057183688178,0.12816551007246907
lm000_ls020_le080,0.15,0.26,0.59,0.0,0.2,0.8,rough,rough_perlin,6,6,results/icra27/os_t5p5b_remaining_rough_train_atlas_v0/env_logs/lm000_ls020_le080/rough/episode_0006.jsonl,40,5,8.0,1.6840115915180662,202.65861020828618,0.006154469861748356,0.05663435871523559,0.013920893257856327,0.08806772328430923,0.056834612390178056,0.002780558336114268,0.0,4.7505611245753565,0.21632731532086338,0.056834612390178056,0.21632731532086338,attitude,120.34276440199434,rough_seed_6,OS-T5.5b,new_physical_metric_reconstruction,0.8,0.024318955251665265,0.08186260461807249,0.07999057183688178,0.12816551007246907
lm000_ls000_le100,0.15,0.15,0.7,0.0,0.0,1.0,rough,rough_perlin,6,6,results/icra27/os_t5p5b_remaining_rough_train_atlas_v0/env_logs/lm000_ls000_le100/rough/episode_0006.jsonl,40,5,8.0,1.681838654151928,202.81542963571297,0.006152964276962993,0.056655103321941305,0.01393691550720413,0.08786655829253842,0.05611960281156703,0.0032355238201504,0.0,4.756698854703172,0.21640655388165647,0.05611960281156703,0.21640655388165647,attitude,120.59149023304096,rough_seed_6,OS-T5.5b,new_physical_metric_reconstruction,0.8,0.024318955251665265,0.08186260461807249,0.07999057183688178,0.12816551007246907
lm100_ls000_le000,0.7,0.15,0.15,1.0,0.0,0.0,rough,rough_perlin,29,7,results/icra27/os_t5p5b_remaining_rough_train_atlas_v0/env_logs/lm100_ls000_le000/rough/episode_0007.jsonl,37,5,7.4,1.6660287603862076,220.39702598730258,0.007486247019356221,0.08540681751905935,0.017290636410934854,0.1426204035422185,0.08033721795191406,0.004339201586908942,0.0,4.441700033008183,0.32623001236573873,0.08033721795191406,0.32623001236573873,attitude,132.28884832469015,rough_seed_29,OS-T5.5b,new_physical_metric_reconstruction,0.8,0.039327672044314206,0.12587610363960255,0.14127126239177348,0.2157699311377689
lm080_ls020_le000,0.59,0.26,0.15,0.8,0.2,0.0,rough,rough_perlin,29,7,results/icra27/os_t5p5b_remaining_rough_train_atlas_v0/env_logs/lm080_ls020_le000/rough/episode_0007.jsonl,37,5,7.4,1.6628994086470497,218.97696776698348,0.007455369591209623,0.08475244357664519,0.01929835284975509,0.14346365824015694,0.08423005565864454,0.004576376004948518,0.0,4.450058711621474,0.3237304880241609,0.08423005565864454,0.3237304880241609,attitude,131.6838328453945,rough_seed_29,OS-T5.5b,new_physical_metric_reconstruction,0.8,0.039327672044314206,0.12587610363960255,0.14127126239177348,0.2157699311377689
lm080_ls000_le020,0.59,0.15,0.26,0.8,0.0,0.2,rough,rough_perlin,29,7,results/icra27/os_t5p5b_remaining_rough_train_atlas_v0/env_logs/lm080_ls000_le020/rough/episode_0007.jsonl,37,5,7.4,1.662494652287495,218.55785954239985,0.00752174938733084,0.08568734709802214,0.01805796641727983,0.14397136945029532,0.08455927803191289,0.004574112992954437,0.0,4.451142137400583,0.32730155642594877,0.08455927803191289,0.32730155642594877,attitude,131.4637970363857,rough_seed_29,OS-T5.5b,new_physical_metric_reconstruction,0.8,0.039327672044314206,0.12587610363960255,0.14127126239177348,0.2157699311377689
lm060_ls040_le000,0.48,0.37,0.15,0.6,0.4,0.0,rough,rough_perlin,29,7,results/icra27/os_t5p5b_remaining_rough_train_atlas_v0/env_logs/lm060_ls040_le000/rough/episode_0007.jsonl,37,5,7.4,1.6645997033075948,219.31358052298253,0.007413753075515415,0.0849875753867246,0.018383620530385343,0.1434740461340167,0.08211543225168945,0.005078028238792351,0.0,4.445513227772445,0.3246286253806157,0.08211543225168945,0.3246286253806157,attitude,131.75154368176433,rough_seed_29,OS-T5.5b,new_physical_metric_reconstruction,0.8,0.039327672044314206,0.12587610363960255,0.14127126239177348,0.2157699311377689
lm060_ls020_le020,0.48,0.26,0.26,0.6,0.2,0.2,rough,rough_perlin,29,7,results/icra27/os_t5p5b_remaining_rough_train_atlas_v0/env_logs/lm060_ls020_le020/rough/episode_0007.jsonl,37,5,7.4,1.6597778541645625,219.29386010102132,0.007114531219404405,0.08583591654109313,0.01753000537344451,0.14397831972047737,0.08352926617994566,0.004578641257271183,0.0002474941220146452,4.458427964581284,0.32786904989612053,0.08352926617994566,0.32786904989612053,attitude,132.1224159912661,rough_seed_29,OS-T5.5b,new_physical_metric_reconstruction,0.8,0.039327672044314206,0.12587610363960255,0.14127126239177348,0.2157699311377689
lm060_ls000_le040,0.48,0.15,0.37,0.6,0.0,0.4,rough,rough_perlin,29,7,results/icra27/os_t5p5b_remaining_rough_train_atlas_v0/env_logs/lm060_ls000_le040/rough/episode_0007.jsonl,37,5,7.4,1.659761819299021,222.1471310398067,0.007769596411684695,0.08646794088988362,0.017980669561526986,0.14393277930349724,0.08551810237205268,0.0054931335830224,0.0,4.458471037202973,0.33028320507846715,0.08551810237205268,0.33028320507846715,attitude,133.8427769917178,rough_seed_29,OS-T5.5b,new_physical_metric_reconstruction,0.8,0.039327672044314206,0.12587610363960255,0.14127126239177348,0.2157699311377689
lm040_ls060_le000,0.37,0.48,0.15,0.4,0.6,0.0,rough,rough_perlin,29,7,results/icra27/os_t5p5b_remaining_rough_train_atlas_v0/env_logs/lm040_ls060_le000/rough/episode_0007.jsonl,37,5,7.4,1.6642737624331585,219.2854392886697,0.007415386107778369,0.08496327772833528,0.017735001592937772,0.14348461353923136,0.08225108225109957,0.005071119356834813,0.0,4.446383862460971,0.32453581516209845,0.08225108225109957,0.32453581516209845,attitude,131.76043763862242,rough_seed_29,OS-T5.5b,new_physical_metric_reconstruction,0.8,0.039327672044314206,0.12587610363960255,0.14127126239177348,0.2157699311377689
lm040_ls040_le020,0.37,0.37,0.26,0.4,0.4,0.2,rough,rough_perlin,29,7,results/icra27/os_t5p5b_remaining_rough_train_atlas_v0/env_logs/lm040_ls040_le020/rough/episode_0007.jsonl,37,5,7.4,1.658306539099755,218.1840897697155,0.007511441874387786,0.08556295313704582,0.01736508932096196,0.14341011086867117,0.08351948374288147,0.0052122114668664045,0.0001241002730206221,4.462383657979929,0.3268264064952249,0.08351948374288147,0.3268264064952249,attitude,131.5704211648114,rough_seed_29,OS-T5.5b,new_physical_metric_reconstruction,0.8,0.039327672044314206,0.12587610363960255,0.14127126239177348,0.2157699311377689
lm040_ls020_le040,0.36999999999999994,0.26,0.37,0.4,0.2,0.4,rough,rough_perlin,29,7,results/icra27/os_t5p5b_remaining_rough_train_atlas_v0/env_logs/lm040_ls020_le040/rough/episode_0007.jsonl,37,5,7.4,1.659029989008985,221.99054370792481,0.007781365678163039,0.08640809514884625,0.01778971664612252,0.14393953252947034,0.0855760883046191,0.005581049237257806,0.00012402331638350158,4.460437755209211,0.33005461118624885,0.0855760883046191,0.33005461118624885,attitude,133.80743276408765,rough_seed_29,OS-T5.5b,new_physical_metric_reconstruction,0.8,0.039327672044314206,0.12587610363960255,0.14127126239177348,0.2157699311377689
lm040_ls000_le060,0.37,0.15,0.48,0.4,0.0,0.6,rough,rough_perlin,29,7,results/icra27/os_t5p5b_remaining_rough_train_atlas_v0/env_logs/lm040_ls000_le060/rough/episode_0007.jsonl,37,5,7.4,1.6507121822837227,219.76941568538928,0.0076562524978185985,0.08677014628035645,0.017146589076366184,0.1438929754148186,0.08571428571430328,0.005962732919255934,0.0008695652173914541,4.482913544481309,0.3314375446398136,0.08571428571430328,0.3314375446398136,attitude,133.1361203025371,rough_seed_29,OS-T5.5b,new_physical_metric_reconstruction,0.8,0.039327672044314206,0.12587610363960255,0.14127126239177348,0.2157699311377689
lm020_ls080_le000,0.26,0.59,0.15,0.2,0.8,0.0,rough,rough_perlin,29,7,results/icra27/os_t5p5b_remaining_rough_train_atlas_v0/env_logs/lm020_ls080_le000/rough/episode_0007.jsonl,37,5,7.4,1.6627810232734472,219.21042397063945,0.007419376766857411,0.0850386247658189,0.01837333204877765,0.143495064117241,0.08108108108109799,0.004835110339698622,0.0,4.450375543396527,0.3248236196452068,0.08108108108109799,0.3248236196452068,attitude,131.8336094184483,rough_seed_29,OS-T5.5b,new_physical_metric_reconstruction,0.8,0.039327672044314206,0.12587610363960255,0.14127126239177348,0.2157699311377689
lm020_ls060_le020,0.26,0.48,0.26,0.2,0.6,0.2,rough,rough_perlin,29,7,results/icra27/os_t5p5b_remaining_rough_train_atlas_v0/env_logs/lm020_ls060_le020/rough/episode_0007.jsonl,37,5,7.4,1.6599783824212402,218.4649778714653,0.007721800101368315,0.08572936522777945,0.017900342471646995,0.14341932136545932,0.083230427266009,0.005803902198074884,0.00012348728081009808,4.457889378779969,0.3274620538591572,0.083230427266009,0.3274620538591572,attitude,131.60712222819,rough_seed_29,OS-T5.5b,new_physical_metric_reconstruction,0.8,0.039327672044314206,0.12587610363960255,0.14127126239177348,0.2157699311377689
lm020_ls040_le040,0.26,0.36999999999999994,0.37,0.2,0.4,0.4,rough,rough_perlin,29,7,results/icra27/os_t5p5b_remaining_rough_train_atlas_v0/env_logs/lm020_ls040_le040/rough/episode_0007.jsonl,37,5,7.4,1.6583731153546648,222.13179629471313,0.007737780381101642,0.08653869008278334,0.018049862080652897,0.1439458720624225,0.08553946053947817,0.005994005994007256,0.0,4.462204513257207,0.33055344708894124,0.08553946053947817,0.33055344708894124,attitude,133.94560864381074,rough_seed_29,OS-T5.5b,new_physical_metric_reconstruction,0.8,0.039327672044314206,0.12587610363960255,0.14127126239177348,0.2157699311377689
lm020_ls020_le060,0.26,0.26,0.48,0.2,0.2,0.6,rough,rough_perlin,29,7,results/icra27/os_t5p5b_remaining_rough_train_atlas_v0/env_logs/lm020_ls020_le060/rough/episode_0007.jsonl,38,5,7.6,1.6936656060375788,224.5981380836979,0.00757292505975495,0.08571302383519645,0.01764878238313093,0.14389903067182708,0.08248669569425686,0.005926463473634336,0.0009675858732463826,4.487308458592724,0.32739963433739905,0.08248669569425686,0.32739963433739905,attitude,132.61067431673084,rough_seed_29,OS-T5.5b,new_physical_metric_reconstruction,0.8,0.039327672044314206,0.12587610363960255,0.14127126239177348,0.2157699311377689
lm020_ls000_le080,0.26,0.15,0.59,0.2,0.0,0.8,rough,rough_perlin,29,7,results/icra27/os_t5p5b_remaining_rough_train_atlas_v0/env_logs/lm020_ls000_le080/rough/episode_0007.jsonl,38,5,7.6,1.6863312530226855,224.84312233310504,0.007706440491209339,0.0862871808138945,0.017680169477755452,0.1438594641959119,0.08344418914017616,0.007860684484219477,0.0006046680372476335,4.506825089303946,0.3295927524478911,0.08344418914017616,0.3295927524478911,attitude,133.33271380108872,rough_seed_29,OS-T5.5b,new_physical_metric_reconstruction,0.8,0.039327672044314206,0.12587610363960255,0.14127126239177348,0.2157699311377689
lm000_ls100_le000,0.15,0.7,0.15,0.0,1.0,0.0,rough,rough_perlin,29,7,results/icra27/os_t5p5b_remaining_rough_train_atlas_v0/env_logs/lm000_ls100_le000/rough/episode_0007.jsonl,37,5,7.4,1.6620525747777297,219.33429396633323,0.007347333562002418,0.08511537467226736,0.01802360932171735,0.14350544381429908,0.08132305396669182,0.004600845560806855,0.0,4.452326064949913,0.3251167826930415,0.08132305396669182,0.3251167826930415,attitude,131.9659181032016,rough_seed_29,OS-T5.5b,new_physical_metric_reconstruction,0.8,0.039327672044314206,0.12587610363960255,0.14127126239177348,0.2157699311377689
lm000_ls080_le020,0.15,0.59,0.26,0.0,0.8,0.2,rough,rough_perlin,29,7,results/icra27/os_t5p5b_remaining_rough_train_atlas_v0/env_logs/lm000_ls080_le020/rough/episode_0007.jsonl,37,5,7.4,1.6582388268781085,218.83105746996802,0.007266842103098873,0.08559592162802097,0.01702526409071795,0.14342789260957,0.08460968379448422,0.00555830039525816,0.00012351778656128634,4.462565874139883,0.3269523368545443,0.08460968379448422,0.3269523368545443,attitude,131.96594719830037,rough_seed_29,OS-T5.5b,new_physical_metric_reconstruction,0.8,0.039327672044314206,0.12587610363960255,0.14127126239177348,0.2157699311377689
lm000_ls060_le040,0.15,0.48,0.37,0.0,0.6,0.4,rough,rough_perlin,29,7,results/icra27/os_t5p5b_remaining_rough_train_atlas_v0/env_logs/lm000_ls060_le040/rough/episode_0007.jsonl,37,5,7.4,1.6566126698358956,221.11923032704442,0.007844211313450433,0.08603071829093725,0.018479316341437395,0.14395322402509447,0.08901705115347866,0.0047642928786369556,0.0,4.46694639896304,0.32861313776997597,0.08901705115347866,0.32861313776997597,attitude,133.47672292579324,rough_seed_29,OS-T5.5b,new_physical_metric_reconstruction,0.8,0.039327672044314206,0.12587610363960255,0.14127126239177348,0.2157699311377689
lm000_ls040_le060,0.15,0.37,0.48,0.0,0.4,0.6,rough,rough_perlin,29,7,results/icra27/os_t5p5b_remaining_rough_train_atlas_v0/env_logs/lm000_ls040_le060/rough/episode_0007.jsonl,37,5,7.4,1.6505221976798348,220.4377068106479,0.007315551399171821,0.08681465874440357,0.017035358501854996,0.14390522862913693,0.08376768428892267,0.0060809133780107315,0.0009928021841649768,4.483429553629935,0.3316075697281888,0.08376768428892267,0.3316075697281888,attitude,133.55634181746885,rough_seed_29,OS-T5.5b,new_physical_metric_reconstruction,0.8,0.039327672044314206,0.12587610363960255,0.14127126239177348,0.2157699311377689
lm000_ls020_le080,0.15,0.26,0.59,0.0,0.2,0.8,rough,rough_perlin,29,7,results/icra27/os_t5p5b_remaining_rough_train_atlas_v0/env_logs/lm000_ls020_le080/rough/episode_0007.jsonl,38,5,7.6,1.683821509716744,224.65896301659046,0.007437763438749809,0.0860668800477608,0.016748103882639826,0.14386485733696186,0.08117675781251364,0.0069580078125011675,0.0004882812500000648,4.513542531760678,0.32875126550636047,0.08117675781251364,0.32875126550636047,attitude,133.42207693639872,rough_seed_29,OS-T5.5b,new_physical_metric_reconstruction,0.8,0.039327672044314206,0.12587610363960255,0.14127126239177348,0.2157699311377689
lm000_ls000_le100,0.15,0.15,0.7,0.0,0.0,1.0,rough,rough_perlin,29,7,results/icra27/os_t5p5b_remaining_rough_train_atlas_v0/env_logs/lm000_ls000_le100/rough/episode_0007.jsonl,38,5,7.6,1.6823484453554125,226.05314164369122,0.007553594705135949,0.08624967643504616,0.017325108200511332,0.14383434158786912,0.08353599221791287,0.006444552529183986,0.00024319066147863178,4.5174945897693775,0.32944949627313985,0.08353599221791287,0.32944949627313985,attitude,134.36761110207183,rough_seed_29,OS-T5.5b,new_physical_metric_reconstruction,0.8,0.039327672044314206,0.12587610363960255,0.14127126239177348,0.2157699311377689
lm100_ls000_le000,0.7,0.15,0.15,1.0,0.0,0.0,rough,rough_perlin,18,8,results/icra27/os_t5p5b_remaining_rough_train_atlas_v0/env_logs/lm100_ls000_le000/rough/episode_0008.jsonl,40,5,8.0,1.6677408082387781,198.3532521912463,0.007707292417671476,0.03347686459079001,0.01916028685078814,0.07019973307986804,0.05568145030755055,0.0016186468112660913,0.00010790978741772583,4.796908464720258,0.12787220349221448,0.05568145030755055,0.12787220349221448,attitude,118.93529930512268,rough_seed_18,OS-T5.5b,new_physical_metric_reconstruction,0.8,0.040881540089481694,0.12686725449562064,0.13215684892031676,0.222976404496537
lm080_ls020_le000,0.59,0.26,0.15,0.8,0.2,0.0,rough,rough_perlin,18,8,results/icra27/os_t5p5b_remaining_rough_train_atlas_v0/env_logs/lm080_ls020_le000/rough/episode_0008.jsonl,40,5,8.0,1.6671960273913136,198.34530385114408,0.007750064468666076,0.03313668887382135,0.019392638849326425,0.06940543708507807,0.054643628509726754,0.0012958963282939768,0.00010799136069115175,4.798475925184226,0.1265728279672051,0.054643628509726754,0.1265728279672051,attitude,118.96939567538314,rough_seed_18,OS-T5.5b,new_physical_metric_reconstruction,0.8,0.040881540089481694,0.12686725449562064,0.13215684892031676,0.222976404496537
lm080_ls000_le020,0.59,0.15,0.26,0.8,0.0,0.2,rough,rough_perlin,18,8,results/icra27/os_t5p5b_remaining_rough_train_atlas_v0/env_logs/lm080_ls000_le020/rough/episode_0008.jsonl,40,5,8.0,1.662897726718482,197.34271174321702,0.0076128836010207375,0.033249404022466116,0.016374789763374288,0.06975945032549324,0.05715841045183116,0.0015242242787155736,0.00010887316276538517,4.810879148765803,0.12700336812084076,0.05715841045183116,0.12700336812084076,attitude,118.6739921357929,rough_seed_18,OS-T5.5b,new_physical_metric_reconstruction,0.8,0.040881540089481694,0.12686725449562064,0.13215684892031676,0.222976404496537
lm060_ls040_le000,0.48,0.37,0.15,0.6,0.4,0.0,rough,rough_perlin,18,8,results/icra27/os_t5p5b_remaining_rough_train_atlas_v0/env_logs/lm060_ls040_le000/rough/episode_0008.jsonl,40,5,8.0,1.6683963125530035,198.2802556491741,0.007779402812469039,0.03333414473319057,0.01958580779916677,0.07003755585728721,0.05580045156435559,0.001505214493065565,0.00010751532093324015,4.795023784102164,0.12732705379267076,0.05580045156435559,0.12732705379267076,attitude,118.84481771945592,rough_seed_18,OS-T5.5b,new_physical_metric_reconstruction,0.8,0.040881540089481694,0.12686725449562064,0.13215684892031676,0.222976404496537
lm060_ls020_le020,0.48,0.26,0.26,0.6,0.2,0.2,rough,rough_perlin,18,8,results/icra27/os_t5p5b_remaining_rough_train_atlas_v0/env_logs/lm060_ls020_le020/rough/episode_0008.jsonl,40,5,8.0,1.6656453155283646,197.5149743429682,0.007732993286030997,0.03300471380895432,0.01687107782633055,0.06937727787475367,0.056269046582506324,0.0013060513713541314,0.0001088376142795019,4.802943294960905,0.12606872035268202,0.056269046582506324,0.12606872035268202,attitude,118.5816527093668,rough_seed_18,OS-T5.5b,new_physical_metric_reconstruction,0.8,0.040881540089481694,0.12686725449562064,0.13215684892031676,0.222976404496537
lm060_ls000_le040,0.48,0.15,0.37,0.6,0.0,0.4,rough,rough_perlin,18,8,results/icra27/os_t5p5b_remaining_rough_train_atlas_v0/env_logs/lm060_ls000_le040/rough/episode_0008.jsonl,41,5,8.200000000000001,1.6758828297115866,202.526533210501,0.007722932517210182,0.03406918840682228,0.017294895097532972,0.07001644548702535,0.06203368151780588,0.0010658708164571812,0.00010658708164570746,4.892943500955369,0.13013471380979666,0.06203368151780588,0.13013471380979666,attitude,120.84766883455394,rough_seed_18,OS-T5.5b,new_physical_metric_reconstruction,0.8,0.040881540089481694,0.12686725449562064,0.13215684892031676,0.222976404496537
lm040_ls060_le000,0.37,0.48,0.15,0.4,0.6,0.0,rough,rough_perlin,18,8,results/icra27/os_t5p5b_remaining_rough_train_atlas_v0/env_logs/lm040_ls060_le000/rough/episode_0008.jsonl,40,5,8.0,1.6691312645285503,198.02862981662634,0.007884980033759906,0.033112546275940576,0.01961269012614099,0.06879565151123068,0.05652080652081423,0.0013942513942516918,0.00010725010725011457,4.79291243895046,0.12648061003620176,0.05652080652081423,0.12648061003620176,attitude,118.64173538955305,rough_seed_18,OS-T5.5b,new_physical_metric_reconstruction,0.8,0.040881540089481694,0.12686725449562064,0.13215684892031676,0.222976404496537
lm040_ls040_le020,0.37,0.37,0.26,0.4,0.4,0.2,rough,rough_perlin,18,8,results/icra27/os_t5p5b_remaining_rough_train_atlas_v0/env_logs/lm040_ls040_le020/rough/episode_0008.jsonl,40,5,8.0,1.6663705516599807,197.44765181767286,0.007691694314859286,0.03297440098844202,0.016787102448802965,0.06923207871916759,0.05746252444058975,0.001086248099066005,0.00010862480990658964,4.8008529627643,0.12595293390731585,0.05746252444058975,0.12595293390731585,attitude,118.4896430274661,rough_seed_18,OS-T5.5b,new_physical_metric_reconstruction,0.8,0.040881540089481694,0.12686725449562064,0.13215684892031676,0.222976404496537
lm040_ls020_le040,0.36999999999999994,0.26,0.37,0.4,0.2,0.4,rough,rough_perlin,18,8,results/icra27/os_t5p5b_remaining_rough_train_atlas_v0/env_logs/lm040_ls020_le040/rough/episode_0008.jsonl,41,5,8.200000000000001,1.6768373214978414,202.50593109570102,0.007745585246888807,0.034025975977170934,0.01725394730059126,0.0700635541833714,0.06268656716418491,0.00106609808102359,0.00010660980810234837,4.8901583325181,0.12996965448702813,0.06268656716418491,0.12996965448702813,attitude,120.76659345511932,rough_seed_18,OS-T5.5b,new_physical_metric_reconstruction,0.8,0.040881540089481694,0.12686725449562064,0.13215684892031676,0.222976404496537
lm040_ls000_le060,0.37,0.15,0.48,0.4,0.0,0.6,rough,rough_perlin,18,8,results/icra27/os_t5p5b_remaining_rough_train_atlas_v0/env_logs/lm040_ls000_le060/rough/episode_0008.jsonl,41,5,8.200000000000001,1.6708972173301844,202.09991784293973,0.007588641741600711,0.033907600940566,0.01680832384200097,0.07074652899568679,0.058942440685185456,0.0009575486753910852,0.00010639429726566957,4.90754303433591,0.1295174951538835,0.058942440685185456,0.1295174951538835,attitude,120.95293220121688,rough_seed_18,OS-T5.5b,new_physical_metric_reconstruction,0.8,0.040881540089481694,0.12686725449562064,0.13215684892031676,0.222976404496537
lm020_ls080_le000,0.26,0.59,0.15,0.2,0.8,0.0,rough,rough_perlin,18,8,results/icra27/os_t5p5b_remaining_rough_train_atlas_v0/env_logs/lm020_ls080_le000/rough/episode_0008.jsonl,40,5,8.0,1.6698261788576871,197.41285708049546,0.007872179924208631,0.033073973858544575,0.018786829585457417,0.06845857341621153,0.054106280193244226,0.0011808910359637822,0.0001073537305421436,4.790917822041051,0.12633327425470792,0.054106280193244226,0.12633327425470792,attitude,118.22359691087355,rough_seed_18,OS-T5.5b,new_physical_metric_reconstruction,0.8,0.040881540089481694,0.12686725449562064,0.13215684892031676,0.222976404496537
lm020_ls060_le020,0.26,0.48,0.26,0.2,0.6,0.2,rough,rough_perlin,18,8,results/icra27/os_t5p5b_remaining_rough_train_atlas_v0/env_logs/lm020_ls060_le020/rough/episode_0008.jsonl,40,5,8.0,1.6654419973546213,197.74653467286458,0.007612816199683097,0.03301173589296353,0.01694464423319731,0.06964707775147283,0.05805609915199708,0.0013046314416179355,0.00010871928680148557,4.80352964120465,0.12609554273782295,0.05805609915199708,0.12609554273782295,attitude,118.73516759332601,rough_seed_18,OS-T5.5b,new_physical_metric_reconstruction,0.8,0.040881540089481694,0.12686725449562064,0.13215684892031676,0.222976404496537
lm020_ls040_le040,0.26,0.36999999999999994,0.37,0.2,0.4,0.4,rough,rough_perlin,18,8,results/icra27/os_t5p5b_remaining_rough_train_atlas_v0/env_logs/lm020_ls040_le040/rough/episode_0008.jsonl,41,5,8.200000000000001,1.6767257388194983,202.0664108223306,0.007701818802620149,0.03354626125192223,0.017088998533448668,0.06973655027573145,0.06091696056428931,0.0014962060489474584,0.00010687186063909656,4.890483762581963,0.12813727921189286,0.06091696056428931,0.12813727921189286,attitude,120.51250013290534,rough_seed_18,OS-T5.5b,new_physical_metric_reconstruction,0.8,0.040881540089481694,0.12686725449562064,0.13215684892031676,0.222976404496537
lm020_ls020_le060,0.26,0.26,0.48,0.2,0.2,0.6,rough,rough_perlin,18,8,results/icra27/os_t5p5b_remaining_rough_train_atlas_v0/env_logs/lm020_ls020_le060/rough/episode_0008.jsonl,41,5,8.200000000000001,1.6720793965491874,202.13965890007216,0.007684040276450214,0.0337793798718807,0.016803410844321826,0.07059018367032155,0.058622894905143656,0.0010658708164571346,0.00010658708164570754,4.904073345394387,0.1290277267485285,0.058622894905143656,0.1290277267485285,attitude,120.89118454377525,rough_seed_18,OS-T5.5b,new_physical_metric_reconstruction,0.8,0.040881540089481694,0.12686725449562064,0.13215684892031676,0.222976404496537
lm020_ls000_le080,0.26,0.15,0.59,0.2,0.0,0.8,rough,rough_perlin,18,8,results/icra27/os_t5p5b_remaining_rough_train_atlas_v0/env_logs/lm020_ls000_le080/rough/episode_0008.jsonl,41,5,8.200000000000001,1.6660153074417816,201.08786123955485,0.007644774847988297,0.03383799217712624,0.017651976757106086,0.07003997431939935,0.057789214109580794,0.0011793717165219666,0.00010721561059290498,4.92192356419063,0.12925160926306864,0.057789214109580794,0.12925160926306864,attitude,120.69988813508054,rough_seed_18,OS-T5.5b,new_physical_metric_reconstruction,0.8,0.040881540089481694,0.12686725449562064,0.13215684892031676,0.222976404496537
lm000_ls100_le000,0.15,0.7,0.15,0.0,1.0,0.0,rough,rough_perlin,18,8,results/icra27/os_t5p5b_remaining_rough_train_atlas_v0/env_logs/lm000_ls100_le000/rough/episode_0008.jsonl,40,5,8.0,1.6703573331874069,197.31798665544787,0.00789038686026436,0.03300200452257884,0.01883421543664234,0.06851724540797344,0.05466480146347463,0.0012912945227593552,0.00010760787689659601,4.789394365536296,0.1260583716410282,0.05466480146347463,0.1260583716410282,attitude,118.129206688321,rough_seed_18,OS-T5.5b,new_physical_metric_reconstruction,0.8,0.040881540089481694,0.12686725449562064,0.13215684892031676,0.222976404496537
lm000_ls080_le020,0.15,0.59,0.26,0.0,0.8,0.2,rough,rough_perlin,18,8,results/icra27/os_t5p5b_remaining_rough_train_atlas_v0/env_logs/lm000_ls080_le020/rough/episode_0008.jsonl,40,5,8.0,1.6662446391181338,197.62060001555233,0.00759241162657355,0.03299403381205565,0.017094961523308742,0.06977986634160183,0.05946944988041639,0.0011959121548164497,0.00010871928680148557,4.801215747187058,0.1260279257695149,0.05946944988041639,0.1260279257695149,attitude,118.60239209540309,rough_seed_18,OS-T5.5b,new_physical_metric_reconstruction,0.8,0.040881540089481694,0.12686725449562064,0.13215684892031676,0.222976404496537
lm000_ls060_le040,0.15,0.48,0.37,0.0,0.6,0.4,rough,rough_perlin,18,8,results/icra27/os_t5p5b_remaining_rough_train_atlas_v0/env_logs/lm000_ls060_le040/rough/episode_0008.jsonl,41,5,8.200000000000001,1.6778245553561753,202.2090201981015,0.007718335794535027,0.03372693248359439,0.017010991538205594,0.06969504331689746,0.06193741963138187,0.0016073724817832838,0.0001071581654522102,4.887280957846795,0.12882739248217587,0.06193741963138187,0.12882739248217587,attitude,120.51857242915113,rough_seed_18,OS-T5.5b,new_physical_metric_reconstruction,0.8,0.040881540089481694,0.12686725449562064,0.13215684892031676,0.222976404496537
lm000_ls040_le060,0.15,0.37,0.48,0.0,0.4,0.6,rough,rough_perlin,18,8,results/icra27/os_t5p5b_remaining_rough_train_atlas_v0/env_logs/lm000_ls040_le060/rough/episode_0008.jsonl,41,5,8.200000000000001,1.672997642127223,202.1164983603056,0.0076759351697904855,0.03371693565831819,0.016676607724338564,0.07046642062661412,0.05808376851753779,0.0011723329425557777,0.00010657572205051987,4.901381683702596,0.12878920742238548,0.05808376851753779,0.12878920742238548,attitude,120.8109881752814,rough_seed_18,OS-T5.5b,new_physical_metric_reconstruction,0.8,0.040881540089481694,0.12686725449562064,0.13215684892031676,0.222976404496537
lm000_ls020_le080,0.15,0.26,0.59,0.0,0.2,0.8,rough,rough_perlin,18,8,results/icra27/os_t5p5b_remaining_rough_train_atlas_v0/env_logs/lm000_ls020_le080/rough/episode_0008.jsonl,41,5,8.200000000000001,1.6668696473926303,200.98576282342535,0.007564982504599461,0.03385150434388648,0.017351891475959114,0.07015334878872981,0.0584631918323544,0.0011821601289629632,0.00010746910263299556,4.919400873863591,0.1293032219382312,0.0584631918323544,0.1293032219382312,attitude,120.57677283752426,rough_seed_18,OS-T5.5b,new_physical_metric_reconstruction,0.8,0.040881540089481694,0.12686725449562064,0.13215684892031676,0.222976404496537
lm000_ls000_le100,0.15,0.15,0.7,0.0,0.0,1.0,rough,rough_perlin,18,8,results/icra27/os_t5p5b_remaining_rough_train_atlas_v0/env_logs/lm000_ls000_le100/rough/episode_0008.jsonl,41,5,8.200000000000001,1.6636093457891217,201.35362473950653,0.0076319737317791176,0.03378489379434057,0.01678668337563384,0.07079139486741237,0.05836065573771014,0.002185792349726875,0.00010928961748634072,4.929041797436157,0.12904878838089603,0.05836065573771014,0.12904878838089603,attitude,121.03419907393933,rough_seed_18,OS-T5.5b,new_physical_metric_reconstruction,0.8,0.040881540089481694,0.12686725449562064,0.13215684892031676,0.222976404496537
lm100_ls000_le000,0.7,0.15,0.15,1.0,0.0,0.0,rough,rough_perlin,10,9,results/icra27/os_t5p5b_remaining_rough_train_atlas_v0/env_logs/lm100_ls000_le000/rough/episode_0009.jsonl,38,5,7.6,1.6627400485803079,198.95413639081735,0.00696616737040002,0.054073618393268304,0.016669405092897292,0.09293185570646734,0.07202895166940536,0.0030352556619197826,0.0,4.570768597586306,0.20654600779568358,0.07202895166940536,0.20654600779568358,attitude,119.65438407566458,rough_seed_10,OS-T5.5b,new_physical_metric_reconstruction,0.8,0.05846809056280435,0.17162962913513188,0.14080927136506144,0.24579271241230943
lm080_ls020_le000,0.59,0.26,0.15,0.8,0.2,0.0,rough,rough_perlin,10,9,results/icra27/os_t5p5b_remaining_rough_train_atlas_v0/env_logs/lm080_ls020_le000/rough/episode_0009.jsonl,38,5,7.6,1.6607522399554413,198.49805215950576,0.0070334290913604686,0.05210232795371224,0.01526306971952781,0.09305001286021342,0.07225971608100183,0.002792646032115958,0.0,4.576239499881036,0.19901623297028015,0.07225971608100183,0.19901623297028015,attitude,119.52297722918112,rough_seed_10,OS-T5.5b,new_physical_metric_reconstruction,0.8,0.05846809056280435,0.17162962913513188,0.14080927136506144,0.24579271241230943
lm080_ls000_le020,0.59,0.15,0.26,0.8,0.0,0.2,rough,rough_perlin,10,9,results/icra27/os_t5p5b_remaining_rough_train_atlas_v0/env_logs/lm080_ls000_le020/rough/episode_0009.jsonl,39,5,7.800000000000001,1.6966296487420995,203.41001892116714,0.007260494904321918,0.05161266705183077,0.016863875394131752,0.09373730565774929,0.0759064723822573,0.003727549983057127,0.00011295606009263755,4.597349813957931,0.19714586609892165,0.0759064723822573,0.19714586609892165,attitude,119.89064264671882,rough_seed_10,OS-T5.5b,new_physical_metric_reconstruction,0.8,0.05846809056280435,0.17162962913513188,0.14080927136506144,0.24579271241230943
lm060_ls040_le000,0.48,0.37,0.15,0.6,0.4,0.0,rough,rough_perlin,10,9,results/icra27/os_t5p5b_remaining_rough_train_atlas_v0/env_logs/lm060_ls040_le000/rough/episode_0009.jsonl,38,5,7.6,1.6631581313092991,199.7609011433078,0.007145784711297061,0.05442796271723546,0.017567179140912926,0.09298453347305703,0.07229056824840402,0.0032806092560053006,0.00011716461628590034,4.569619603168461,0.2078995034128659,0.07229056824840402,0.2078995034128659,attitude,120.1093855014548,rough_seed_10,OS-T5.5b,new_physical_metric_reconstruction,0.8,0.05846809056280435,0.17162962913513188,0.14080927136506144,0.24579271241230943
lm060_ls020_le020,0.48,0.26,0.26,0.6,0.2,0.2,rough,rough_perlin,10,9,results/icra27/os_t5p5b_remaining_rough_train_atlas_v0/env_logs/lm060_ls020_le020/rough/episode_0009.jsonl,39,5,7.800000000000001,1.6953547271934564,202.84942964562796,0.0072021066188426505,0.051513245820998414,0.01685819071259558,0.09374854407750655,0.07687965680742019,0.0034996613230982732,0.00011289230074510276,4.60080706113485,0.19676610497087565,0.07687965680742019,0.19676610497087565,attitude,119.65013952061307,rough_seed_10,OS-T5.5b,new_physical_metric_reconstruction,0.8,0.05846809056280435,0.17162962913513188,0.14080927136506144,0.24579271241230943
lm060_ls000_le040,0.48,0.15,0.37,0.6,0.0,0.4,rough,rough_perlin,10,9,results/icra27/os_t5p5b_remaining_rough_train_atlas_v0/env_logs/lm060_ls000_le040/rough/episode_0009.jsonl,39,5,7.800000000000001,1.6923496183139326,203.38041055113584,0.007388590165963975,0.051434079416834665,0.01845207254344166,0.09535304244656562,0.0768623024830841,0.00575620767494465,0.0003386004514673095,4.60897672418956,0.19646371158168832,0.0768623024830841,0.19646371158168832,attitude,120.17635620337202,rough_seed_10,OS-T5.5b,new_physical_metric_reconstruction,0.8,0.05846809056280435,0.17162962913513188,0.14080927136506144,0.24579271241230943
lm040_ls060_le000,0.37,0.48,0.15,0.4,0.6,0.0,rough,rough_perlin,10,9,results/icra27/os_t5p5b_remaining_rough_train_atlas_v0/env_logs/lm040_ls060_le000/rough/episode_0009.jsonl,38,5,7.6,1.6626954392197695,199.9320138588638,0.007103573609675568,0.054460245573096894,0.01666609057112168,0.09282376780028057,0.07159624413147032,0.003990610328639222,0.00011737089201879796,4.570891229223765,0.20802281483896518,0.07159624413147032,0.20802281483896518,attitude,120.24572218270063,rough_seed_10,OS-T5.5b,new_physical_metric_reconstruction,0.8,0.05846809056280435,0.17162962913513188,0.14080927136506144,0.24579271241230943
lm040_ls040_le020,0.37,0.37,0.26,0.4,0.4,0.2,rough,rough_perlin,10,9,results/icra27/os_t5p5b_remaining_rough_train_atlas_v0/env_logs/lm040_ls040_le020/rough/episode_0009.jsonl,39,5,7.800000000000001,1.6945155593175794,202.78765277855058,0.007226790444020085,0.0515998959745433,0.017084309732464952,0.09370838517436164,0.07487895507264065,0.0033779979732016983,0.0002251998648801074,4.603085499634622,0.19709708417702781,0.07487895507264065,0.19709708417702781,attitude,119.67293641152393,rough_seed_10,OS-T5.5b,new_physical_metric_reconstruction,0.8,0.05846809056280435,0.17162962913513188,0.14080927136506144,0.24579271241230943
lm040_ls020_le040,0.36999999999999994,0.26,0.37,0.4,0.2,0.4,rough,rough_perlin,10,9,results/icra27/os_t5p5b_remaining_rough_train_atlas_v0/env_logs/lm040_ls020_le040/rough/episode_0009.jsonl,39,5,7.800000000000001,1.6916835870726283,203.1546492651904,0.007366732112492797,0.051477473248023146,0.018027363735589323,0.09528300350447982,0.07500844689718664,0.005068138303863783,0.0002252505912828287,4.610791320318654,0.19662946380728855,0.07500844689718664,0.19662946380728855,attitude,120.09021711722053,rough_seed_10,OS-T5.5b,new_physical_metric_reconstruction,0.8,0.05846809056280435,0.17162962913513188,0.14080927136506144,0.24579271241230943
lm040_ls000_le060,0.37,0.15,0.48,0.4,0.0,0.6,rough,rough_perlin,10,9,results/icra27/os_t5p5b_remaining_rough_train_atlas_v0/env_logs/lm040_ls000_le060/rough/episode_0009.jsonl,39,5,7.800000000000001,1.6870913599882906,202.5529082241392,0.007497704791351615,0.05105986840660329,0.020664793985042493,0.09483039010507976,0.07238696583607175,0.0054121095952203505,0.0002255045664674974,4.623341797005076,0.19503433081278268,0.07238696583607175,0.19503433081278268,attitude,120.06042649969177,rough_seed_10,OS-T5.5b,new_physical_metric_reconstruction,0.8,0.05846809056280435,0.17162962913513188,0.14080927136506144,0.24579271241230943
lm020_ls080_le000,0.26,0.59,0.15,0.2,0.8,0.0,rough,rough_perlin,10,9,results/icra27/os_t5p5b_remaining_rough_train_atlas_v0/env_logs/lm020_ls080_le000/rough/episode_0009.jsonl,38,5,7.6,1.6586427743749237,198.88152686067394,0.006895810289187558,0.0523041936101052,0.01597586850118755,0.09279554702876025,0.0728422531912549,0.003513291954562061,0.0,4.58205957148557,0.19978730297961048,0.0728422531912549,0.19978730297961048,attitude,119.90618470310731,rough_seed_10,OS-T5.5b,new_physical_metric_reconstruction,0.8,0.05846809056280435,0.17162962913513188,0.14080927136506144,0.24579271241230943
lm020_ls060_le020,0.26,0.48,0.26,0.2,0.6,0.2,rough,rough_perlin,10,9,results/icra27/os_t5p5b_remaining_rough_train_atlas_v0/env_logs/lm020_ls060_le020/rough/episode_0009.jsonl,39,5,7.800000000000001,1.694497309048786,203.83275128436037,0.007182813855610422,0.05170364761080884,0.01737081931835611,0.09325301968143918,0.07903079710146393,0.002943840579710584,0.00022644927536234584,4.603135076312731,0.1974933862354006,0.07903079710146393,0.1974933862354006,attitude,120.29098553056,rough_seed_10,OS-T5.5b,new_physical_metric_reconstruction,0.8,0.05846809056280435,0.17162962913513188,0.14080927136506144,0.24579271241230943
lm020_ls040_le040,0.26,0.36999999999999994,0.37,0.2,0.4,0.4,rough,rough_perlin,10,9,results/icra27/os_t5p5b_remaining_rough_train_atlas_v0/env_logs/lm020_ls040_le040/rough/episode_0009.jsonl,39,5,7.800000000000001,1.691158606050051,202.6357531704163,0.007417804262094453,0.05137711812205526,0.01867923346089396,0.09425825469551796,0.07418230864337656,0.004271102618860879,0.00011239743733844188,4.612222633699654,0.19624613546259098,0.07418230864337656,0.19624613546259098,attitude,119.82066758581671,rough_seed_10,OS-T5.5b,new_physical_metric_reconstruction,0.8,0.05846809056280435,0.17162962913513188,0.14080927136506144,0.24579271241230943
lm020_ls020_le060,0.26,0.26,0.48,0.2,0.2,0.6,rough,rough_perlin,10,9,results/icra27/os_t5p5b_remaining_rough_train_atlas_v0/env_logs/lm020_ls020_le060/rough/episode_0009.jsonl,39,5,7.800000000000001,1.6859176388456012,203.39499547271203,0.007537248666585284,0.05129761830639234,0.02093745286629116,0.09576914197405295,0.07151720248168311,0.0051889452904691265,0.0003384094754653541,4.626560527203984,0.1959424685352874,0.07151720248168311,0.1959424685352874,attitude,120.6434945493439,rough_seed_10,OS-T5.5b,new_physical_metric_reconstruction,0.8,0.05846809056280435,0.17162962913513188,0.14080927136506144,0.24579271241230943
lm020_ls000_le080,0.26,0.15,0.59,0.2,0.0,0.8,rough,rough_perlin,10,9,results/icra27/os_t5p5b_remaining_rough_train_atlas_v0/env_logs/lm020_ls000_le080/rough/episode_0009.jsonl,39,5,7.800000000000001,1.6738098273999962,202.28528369211887,0.007392227000887131,0.05111215462584411,0.023722583119759524,0.0971674781221119,0.072415381073005,0.0034538337554693107,0.00034538337554695155,4.660027604280524,0.19523404945872902,0.072415381073005,0.19523404945872902,attitude,120.85320589038342,rough_seed_10,OS-T5.5b,new_physical_metric_reconstruction,0.8,0.05846809056280435,0.17162962913513188,0.14080927136506144,0.24579271241230943
lm000_ls100_le000,0.15,0.7,0.15,0.0,1.0,0.0,rough,rough_perlin,10,9,results/icra27/os_t5p5b_remaining_rough_train_atlas_v0/env_logs/lm000_ls100_le000/rough/episode_0009.jsonl,38,5,7.6,1.6596801597899995,199.98153511686553,0.007122270997148394,0.05464434854424836,0.018404435485618778,0.09325643716131382,0.07323350491344485,0.0038605521759482826,0.00011698642957418763,4.579195548714418,0.208726036388485,0.07323350491344485,0.208726036388485,attitude,120.49402045160878,rough_seed_10,OS-T5.5b,new_physical_metric_reconstruction,0.8,0.05846809056280435,0.17162962913513188,0.14080927136506144,0.24579271241230943
lm000_ls080_le020,0.15,0.59,0.26,0.0,0.8,0.2,rough,rough_perlin,10,9,results/icra27/os_t5p5b_remaining_rough_train_atlas_v0/env_logs/lm000_ls080_le020/rough/episode_0009.jsonl,39,5,7.800000000000001,1.6936687940864075,203.9214595407374,0.007152582038489419,0.05167082374444854,0.016685227997184512,0.09301723959674413,0.07901262398558749,0.0028178539224530752,0.00022542831379623903,4.605386854404109,0.1973680083014175,0.07901262398558749,0.1973680083014175,attitude,120.4022062948476,rough_seed_10,OS-T5.5b,new_physical_metric_reconstruction,0.8,0.05846809056280435,0.17162962913513188,0.14080927136506144,0.24579271241230943
lm000_ls060_le040,0.15,0.48,0.37,0.0,0.6,0.4,rough,rough_perlin,10,9,results/icra27/os_t5p5b_remaining_rough_train_atlas_v0/env_logs/lm000_ls060_le040/rough/episode_0009.jsonl,39,5,7.800000000000001,1.6899921304255592,203.0364961131894,0.007440428717917627,0.05146980641528053,0.01893755661015077,0.0953038433060962,0.07518881749522262,0.004734528238079777,0.00011272686281142118,4.615406107267418,0.19660017866339624,0.07518881749522262,0.19660017866339624,attitude,120.14049796910149,rough_seed_10,OS-T5.5b,new_physical_metric_reconstruction,0.8,0.05846809056280435,0.17162962913513188,0.14080927136506144,0.24579271241230943
lm000_ls040_le060,0.15,0.37,0.48,0.0,0.4,0.6,rough,rough_perlin,10,9,results/icra27/os_t5p5b_remaining_rough_train_atlas_v0/env_logs/lm000_ls040_le060/rough/episode_0009.jsonl,39,5,7.800000000000001,1.6843668556017268,202.9083684110861,0.007474320969428361,0.05118311870719241,0.02144218007896522,0.09513365167030807,0.07088750706615249,0.004974561899379155,0.00022611644997176265,4.630820164894252,0.19550511228261439,0.07088750706615249,0.19550511228261439,attitude,120.46566205946783,rough_seed_10,OS-T5.5b,new_physical_metric_reconstruction,0.8,0.05846809056280435,0.17162962913513188,0.14080927136506144,0.24579271241230943
lm000_ls020_le080,0.15,0.26,0.59,0.0,0.2,0.8,rough,rough_perlin,10,9,results/icra27/os_t5p5b_remaining_rough_train_atlas_v0/env_logs/lm000_ls020_le080/rough/episode_0009.jsonl,39,5,7.800000000000001,1.6727016356828188,203.31542579272983,0.007328378117497343,0.05112056028783269,0.023750030074523216,0.0971158596756674,0.07088319088320374,0.00330484330484403,0.0003418803418804361,4.6631149474639795,0.19526615672245962,0.07088319088320374,0.19526615672245962,attitude,121.54912834154896,rough_seed_10,OS-T5.5b,new_physical_metric_reconstruction,0.8,0.05846809056280435,0.17162962913513188,0.14080927136506144,0.24579271241230943
lm000_ls000_le100,0.15,0.15,0.7,0.0,0.0,1.0,rough,rough_perlin,10,9,results/icra27/os_t5p5b_remaining_rough_train_atlas_v0/env_logs/lm000_ls000_le100/rough/episode_0009.jsonl,39,5,7.800000000000001,1.664839755100391,200.6062404344794,0.007258362947957003,0.0502748634523542,0.023054410436474083,0.09749784953081053,0.07562154696134045,0.0026473296500926042,0.00011510128913445216,4.685135597047089,0.19203583276109382,0.07562154696134045,0.19203583276109382,attitude,120.49582539094442,rough_seed_10,OS-T5.5b,new_physical_metric_reconstruction,0.8,0.05846809056280435,0.17162962913513188,0.14080927136506144,0.24579271241230943
lm100_ls000_le000,0.7,0.15,0.15,1.0,0.0,0.0,rough,rough_perlin,8,10,results/icra27/os_t5p5b_remaining_rough_train_atlas_v0/env_logs/lm100_ls000_le000/rough/episode_0010.jsonl,37,5,7.4,1.6638245417551636,214.92185095171732,0.008886824199941032,0.0879565206392986,0.02727588195140705,0.15961536793203893,0.0647956070775006,0.005369127516779642,0.002562538133008395,4.447584354173404,0.33596916088580847,0.0647956070775006,0.33596916088580847,attitude,129.17338671119546,rough_seed_8,OS-T5.5b,new_physical_metric_reconstruction,0.8,0.03185586939267924,0.10211763763427734,0.13904054667983431,0.22890852594913713
lm080_ls020_le000,0.59,0.26,0.15,0.8,0.2,0.0,rough,rough_perlin,8,10,results/icra27/os_t5p5b_remaining_rough_train_atlas_v0/env_logs/lm080_ls020_le000/rough/episode_0010.jsonl,37,5,7.4,1.6648832383480785,215.57981394134237,0.006580627189134588,0.08647326577773619,0.016182602241973085,0.1600945941708991,0.062130177514807455,0.005300788954636149,0.002712031558185887,4.444756142384128,0.33030354465182266,0.062130177514807455,0.33030354465182266,attitude,129.48644624186608,rough_seed_8,OS-T5.5b,new_physical_metric_reconstruction,0.8,0.03185586939267924,0.10211763763427734,0.13904054667983431,0.22890852594913713
lm080_ls000_le020,0.59,0.15,0.26,0.8,0.0,0.2,rough,rough_perlin,8,10,results/icra27/os_t5p5b_remaining_rough_train_atlas_v0/env_logs/lm080_ls000_le020/rough/episode_0010.jsonl,38,5,7.6,1.6976041172107788,220.35647955983114,0.009521818121435665,0.08792420930685994,0.029828983657975622,0.1560705829659388,0.06317204301076479,0.0076979472140775405,0.0025659824046924363,4.476897718937592,0.3358457406871966,0.06317204301076479,0.3358457406871966,attitude,129.80439745980607,rough_seed_8,OS-T5.5b,new_physical_metric_reconstruction,0.8,0.03185586939267924,0.10211763763427734,0.13904054667983431,0.22890852594913713
lm060_ls040_le000,0.48,0.37,0.15,0.6,0.4,0.0,rough,rough_perlin,8,10,results/icra27/os_t5p5b_remaining_rough_train_atlas_v0/env_logs/lm060_ls040_le000/rough/episode_0010.jsonl,37,5,7.4,1.6620378570371892,215.3042151320937,0.008255089485525181,0.08752172491692285,0.024638296112277778,0.16053256486601364,0.06346653470247626,0.005443523444266856,0.0027217617221333527,4.452365491356206,0.33430836356297705,0.06346653470247626,0.33430836356297705,attitude,129.54230508076574,rough_seed_8,OS-T5.5b,new_physical_metric_reconstruction,0.8,0.03185586939267924,0.10211763763427734,0.13904054667983431,0.22890852594913713
lm060_ls020_le020,0.48,0.26,0.26,0.6,0.2,0.2,rough,rough_perlin,8,10,results/icra27/os_t5p5b_remaining_rough_train_atlas_v0/env_logs/lm060_ls020_le020/rough/episode_0010.jsonl,38,5,7.6,1.697225877800411,219.72675270878807,0.009283070708641077,0.08756830943307245,0.028944808694827007,0.157171537947006,0.0630348318669521,0.006146800048211361,0.0021694588405450866,4.477895428892193,0.3344863033073791,0.0630348318669521,0.3344863033073791,attitude,129.4622923105273,rough_seed_8,OS-T5.5b,new_physical_metric_reconstruction,0.8,0.03185586939267924,0.10211763763427734,0.13904054667983431,0.22890852594913713
lm060_ls000_le040,0.48,0.15,0.37,0.6,0.0,0.4,rough,rough_perlin,8,10,results/icra27/os_t5p5b_remaining_rough_train_atlas_v0/env_logs/lm060_ls000_le040/rough/episode_0010.jsonl,38,5,7.6,1.6945576888690557,220.40876930582942,0.009146498981039728,0.08727391679961048,0.0290503050741271,0.15634122013373108,0.06551640926642205,0.005429536679537542,0.0018098455598458208,4.484946160240921,0.33336180627957157,0.06551640926642205,0.33336180627957157,attitude,130.06861362915876,rough_seed_8,OS-T5.5b,new_physical_metric_reconstruction,0.8,0.03185586939267924,0.10211763763427734,0.13904054667983431,0.22890852594913713
lm040_ls060_le000,0.37,0.48,0.15,0.4,0.6,0.0,rough,rough_perlin,8,10,results/icra27/os_t5p5b_remaining_rough_train_atlas_v0/env_logs/lm040_ls060_le000/rough/episode_0010.jsonl,37,5,7.4,1.6604605361303757,214.3089363044923,0.008257838992583824,0.08750231906541857,0.02406058365705053,0.16046337807703082,0.0642416769420619,0.006041923551172895,0.002712700369914172,4.456594925914559,0.3342342386703735,0.0642416769420619,0.3342342386703735,attitude,129.06596190712793,rough_seed_8,OS-T5.5b,new_physical_metric_reconstruction,0.8,0.03185586939267924,0.10211763763427734,0.13904054667983431,0.22890852594913713
lm040_ls040_le020,0.37,0.37,0.26,0.4,0.4,0.2,rough,rough_perlin,8,10,results/icra27/os_t5p5b_remaining_rough_train_atlas_v0/env_logs/lm040_ls040_le020/rough/episode_0010.jsonl,38,5,7.6,1.6969541606215723,219.77048559182043,0.009285086813395715,0.08756527724344725,0.029026844557808087,0.1571392266040872,0.06420913142996063,0.006023370678232527,0.002168413444163665,4.478612431826808,0.3344747211961652,0.06420913142996063,0.3344747211961652,attitude,129.50879327896598,rough_seed_8,OS-T5.5b,new_physical_metric_reconstruction,0.8,0.03185586939267924,0.10211763763427734,0.13904054667983431,0.22890852594913713
lm040_ls020_le040,0.36999999999999994,0.26,0.37,0.4,0.2,0.4,rough,rough_perlin,8,10,results/icra27/os_t5p5b_remaining_rough_train_atlas_v0/env_logs/lm040_ls020_le040/rough/episode_0010.jsonl,38,5,7.6,1.6944465429948314,219.9323904873212,0.009087215283280176,0.08728264845135343,0.02832770263312081,0.1563160198990201,0.06499580285407205,0.0055162489507144,0.00179877683175467,4.48524034671962,0.3333951587324415,0.06499580285407205,0.3333951587324415,attitude,129.79600412687202,rough_seed_8,OS-T5.5b,new_physical_metric_reconstruction,0.8,0.03185586939267924,0.10211763763427734,0.13904054667983431,0.22890852594913713
lm040_ls000_le060,0.37,0.15,0.48,0.4,0.0,0.6,rough,rough_perlin,8,10,results/icra27/os_t5p5b_remaining_rough_train_atlas_v0/env_logs/lm040_ls000_le060/rough/episode_0010.jsonl,38,5,7.6,1.6893699683761985,221.03170113136616,0.008875254147727527,0.08755164733801167,0.02791098810831608,0.15364954345707615,0.07278594478309028,0.005019720329868171,0.0019122744113783134,4.498718541389146,0.3344226587923905,0.07278594478309028,0.3344226587923905,attitude,130.83676475190282,rough_seed_8,OS-T5.5b,new_physical_metric_reconstruction,0.8,0.03185586939267924,0.10211763763427734,0.13904054667983431,0.22890852594913713
lm020_ls080_le000,0.26,0.59,0.15,0.2,0.8,0.0,rough,rough_perlin,8,10,results/icra27/os_t5p5b_remaining_rough_train_atlas_v0/env_logs/lm020_ls080_le000/rough/episode_0010.jsonl,37,5,7.4,1.6603393238513597,215.20800570086544,0.006576578083335353,0.08647384677400309,0.016177294419435717,0.1599472779278193,0.06235337696013311,0.005556241511298772,0.002839856772441545,4.456920277497733,0.3303057638940898,0.06235337696013311,0.3303057638940898,attitude,129.6168816875723,rough_seed_8,OS-T5.5b,new_physical_metric_reconstruction,0.8,0.03185586939267924,0.10211763763427734,0.13904054667983431,0.22890852594913713
lm020_ls060_le020,0.26,0.48,0.26,0.2,0.6,0.2,rough,rough_perlin,8,10,results/icra27/os_t5p5b_remaining_rough_train_atlas_v0/env_logs/lm020_ls060_le020/rough/episode_0010.jsonl,38,5,7.6,1.6960096537472136,219.71629424673728,0.009245691400583294,0.08740500821994142,0.028678854632042852,0.15701613002178472,0.06362212314737958,0.0062658151584538465,0.002168936016387828,4.481106568708696,0.3338625386205941,0.06362212314737958,0.3338625386205941,attitude,129.54896439491935,rough_seed_8,OS-T5.5b,new_physical_metric_reconstruction,0.8,0.03185586939267924,0.10211763763427734,0.13904054667983431,0.22890852594913713
lm020_ls040_le040,0.26,0.36999999999999994,0.37,0.2,0.4,0.4,rough,rough_perlin,8,10,results/icra27/os_t5p5b_remaining_rough_train_atlas_v0/env_logs/lm020_ls040_le040/rough/episode_0010.jsonl,38,5,7.6,1.6927666269822144,219.64529216255318,0.009205560112493726,0.08747350508195134,0.02855827594048365,0.15589881874980427,0.0661995651123585,0.007368929693163886,0.002174438270113864,4.489691537426471,0.334124177360798,0.0661995651123585,0.334124177360798,attitude,129.7552117707605,rough_seed_8,OS-T5.5b,new_physical_metric_reconstruction,0.8,0.03185586939267924,0.10211763763427734,0.13904054667983431,0.22890852594913713
lm020_ls020_le060,0.26,0.26,0.48,0.2,0.2,0.6,rough,rough_perlin,8,10,results/icra27/os_t5p5b_remaining_rough_train_atlas_v0/env_logs/lm020_ls020_le060/rough/episode_0010.jsonl,38,5,7.6,1.6864822435535687,220.89221046479355,0.009233988036808064,0.08770358525754926,0.030087966507178328,0.15368819694366298,0.0747763864043075,0.006320810971974942,0.0021466905187838567,4.5064215938533225,0.33500301889489065,0.0747763864043075,0.33500301889489065,attitude,130.97808252007084,rough_seed_8,OS-T5.5b,new_physical_metric_reconstruction,0.8,0.03185586939267924,0.10211763763427734,0.13904054667983431,0.22890852594913713
lm020_ls000_le080,0.26,0.15,0.59,0.2,0.0,0.8,rough,rough_perlin,8,10,results/icra27/os_t5p5b_remaining_rough_train_atlas_v0/env_logs/lm020_ls000_le080/rough/episode_0010.jsonl,38,5,7.6,1.68565198561526,220.69180831161236,0.009191720647793474,0.08744759386393976,0.029612449807060733,0.15360529414288293,0.07353641123276035,0.007377439314613381,0.0020228462636842585,4.508641205216516,0.33402520379852424,0.07353641123276035,0.33402520379852424,attitude,130.92370797466847,rough_seed_8,OS-T5.5b,new_physical_metric_reconstruction,0.8,0.03185586939267924,0.10211763763427734,0.13904054667983431,0.22890852594913713
lm000_ls100_le000,0.15,0.7,0.15,0.0,1.0,0.0,rough,rough_perlin,8,10,results/icra27/os_t5p5b_remaining_rough_train_atlas_v0/env_logs/lm000_ls100_le000/rough/episode_0010.jsonl,37,5,7.4,1.6589905328123842,215.97736081661282,0.009541027059509993,0.088637758187496,0.029554071872269893,0.15887176979327822,0.07184966838616244,0.006509457135840394,0.002702038811103409,4.46054383894237,0.3385712966429786,0.07184966838616244,0.3385712966429786,attitude,130.18601164075346,rough_seed_8,OS-T5.5b,new_physical_metric_reconstruction,0.8,0.03185586939267924,0.10211763763427734,0.13904054667983431,0.22890852594913713
lm000_ls080_le020,0.15,0.59,0.26,0.0,0.8,0.2,rough,rough_perlin,8,10,results/icra27/os_t5p5b_remaining_rough_train_atlas_v0/env_logs/lm000_ls080_le020/rough/episode_0010.jsonl,38,5,7.6,1.695157327297583,219.56155920766463,0.00930161150999712,0.08741607382005823,0.028792392358388534,0.1570091793063162,0.06318449873632248,0.0057768684558921046,0.0021663256709595125,4.483359672648147,0.33390480609955897,0.06318449873632248,0.33390480609955897,attitude,129.52282108097265,rough_seed_8,OS-T5.5b,new_physical_metric_reconstruction,0.8,0.03185586939267924,0.10211763763427734,0.13904054667983431,0.22890852594913713
lm000_ls060_le040,0.15,0.48,0.37,0.0,0.6,0.4,rough,rough_perlin,8,10,results/icra27/os_t5p5b_remaining_rough_train_atlas_v0/env_logs/lm000_ls060_le040/rough/episode_0010.jsonl,38,5,7.6,1.6910664842880727,219.45883271434502,0.009310485610627653,0.0874475738281698,0.028915785918066213,0.15588518544619845,0.06731117824774645,0.007492447129910616,0.002175226586103029,4.494205325818132,0.33402512726752037,0.06731117824774645,0.33402512726752037,attitude,129.77540194508418,rough_seed_8,OS-T5.5b,new_physical_metric_reconstruction,0.8,0.03185586939267924,0.10211763763427734,0.13904054667983431,0.22890852594913713
lm000_ls040_le060,0.15,0.37,0.48,0.0,0.4,0.6,rough,rough_perlin,8,10,results/icra27/os_t5p5b_remaining_rough_train_atlas_v0/env_logs/lm000_ls040_le060/rough/episode_0010.jsonl,38,5,7.6,1.6860404568688165,220.93589978873194,0.009161513563398064,0.08769022558978015,0.029571308781021294,0.15358470767125731,0.07453786523555374,0.005963029218844248,0.0022659511031607373,4.507602394140725,0.3349519887229662,0.07453786523555374,0.3349519887229662,attitude,131.0383145841215,rough_seed_8,OS-T5.5b,new_physical_metric_reconstruction,0.8,0.03185586939267924,0.10211763763427734,0.13904054667983431,0.22890852594913713
lm000_ls020_le080,0.15,0.26,0.59,0.0,0.2,0.8,rough,rough_perlin,8,10,results/icra27/os_t5p5b_remaining_rough_train_atlas_v0/env_logs/lm000_ls020_le080/rough/episode_0010.jsonl,38,5,7.6,1.6865588379481362,221.3983609450686,0.008749722825380245,0.0874815143921783,0.02824363395692649,0.15268092523041576,0.06858775899024917,0.0070254822576815605,0.0020242914979760065,4.506216936520366,0.3341547706723191,0.06858775899024917,0.3341547706723191,attitude,131.27224260638386,rough_seed_8,OS-T5.5b,new_physical_metric_reconstruction,0.8,0.03185586939267924,0.10211763763427734,0.13904054667983431,0.22890852594913713
lm000_ls000_le100,0.15,0.15,0.7,0.0,0.0,1.0,rough,rough_perlin,8,10,results/icra27/os_t5p5b_remaining_rough_train_atlas_v0/env_logs/lm000_ls000_le100/rough/episode_0010.jsonl,38,5,7.6,1.6840574841564173,221.26978310147672,0.008932999465748903,0.08714395185199535,0.028202156460584656,0.15352813979648072,0.06793802145412531,0.005601907032182204,0.0019070321811683376,4.512910082643059,0.3328653767473725,0.06793802145412531,0.3328653767473725,attitude,131.39087304511804,rough_seed_8,OS-T5.5b,new_physical_metric_reconstruction,0.8,0.03185586939267924,0.10211763763427734,0.13904054667983431,0.22890852594913713
lm100_ls000_le000,0.7,0.15,0.15,1.0,0.0,0.0,rough,rough_perlin,22,11,results/icra27/os_t5p5b_remaining_rough_train_atlas_v0/env_logs/lm100_ls000_le000/rough/episode_0011.jsonl,37,5,7.4,1.660621961903754,214.6987364796339,0.008902390898651172,0.07760861777782686,0.023588942898401872,0.13192333888946894,0.07688576279410135,0.00824642250788536,0.0013339801115698222,4.456161709144545,0.2964430835008966,0.07688576279410135,0.2964430835008966,attitude,129.28814709489995,rough_seed_22,OS-T5.5b,new_physical_metric_reconstruction,0.8,0.03229416988136743,0.10150000333786008,0.12706122492412386,0.18276942504797955
lm080_ls020_le000,0.59,0.26,0.15,0.8,0.2,0.0,rough,rough_perlin,22,11,results/icra27/os_t5p5b_remaining_rough_train_atlas_v0/env_logs/lm080_ls020_le000/rough/episode_0011.jsonl,37,5,7.4,1.6604331656949312,214.6677891830102,0.008895181811121195,0.07759668259974013,0.02358940273205263,0.13191142803903766,0.07637289368410227,0.008728330706755393,0.0009698145229728275,4.456668388036517,0.2963974944787562,0.07637289368410227,0.2963974944787562,attitude,129.2842094569742,rough_seed_22,OS-T5.5b,new_physical_metric_reconstruction,0.8,0.03229416988136743,0.10150000333786008,0.12706122492412386,0.18276942504797955
lm080_ls000_le020,0.59,0.15,0.26,0.8,0.0,0.2,rough,rough_perlin,22,11,results/icra27/os_t5p5b_remaining_rough_train_atlas_v0/env_logs/lm080_ls000_le020/rough/episode_0011.jsonl,37,5,7.4,1.6554129844962793,213.95568577166296,0.008649309985016949,0.07721830761027529,0.022900638644080967,0.13116930863942478,0.07622723435051987,0.00783982631769632,0.0014473525509594446,4.470183615390527,0.29495220848078,0.07622723435051987,0.29495220848078,attitude,129.24610823731513,rough_seed_22,OS-T5.5b,new_physical_metric_reconstruction,0.8,0.03229416988136743,0.10150000333786008,0.12706122492412386,0.18276942504797955
lm060_ls040_le000,0.48,0.37,0.15,0.6,0.4,0.0,rough,rough_perlin,22,11,results/icra27/os_t5p5b_remaining_rough_train_atlas_v0/env_logs/lm060_ls040_le000/rough/episode_0011.jsonl,37,5,7.4,1.6596964450465037,214.61864922467794,0.008924382386304509,0.07765267364249512,0.023583431514256275,0.13189541485823164,0.0755013288234066,0.008214544575987342,0.0007248127567047103,4.458646653179194,0.296611364508116,0.0755013288234066,0.296611364508116,attitude,129.31198946965537,rough_seed_22,OS-T5.5b,new_physical_metric_reconstruction,0.8,0.03229416988136743,0.10150000333786008,0.12706122492412386,0.18276942504797955
lm060_ls020_le020,0.48,0.26,0.26,0.6,0.2,0.2,rough,rough_perlin,22,11,results/icra27/os_t5p5b_remaining_rough_train_atlas_v0/env_logs/lm060_ls020_le020/rough/episode_0011.jsonl,37,5,7.4,1.6549467524795036,213.96661307189248,0.008736245020175913,0.07724576895580351,0.022813781549050696,0.13113536398126557,0.07732522796354524,0.008145896656537605,0.0017021276595751984,4.4714429566468175,0.2950571030940145,0.07732522796354524,0.2950571030940145,attitude,129.28912229430924,rough_seed_22,OS-T5.5b,new_physical_metric_reconstruction,0.8,0.03229416988136743,0.10150000333786008,0.12706122492412386,0.18276942504797955
lm060_ls000_le040,0.48,0.15,0.37,0.6,0.0,0.4,rough,rough_perlin,22,11,results/icra27/os_t5p5b_remaining_rough_train_atlas_v0/env_logs/lm060_ls000_le040/rough/episode_0011.jsonl,37,5,7.4,1.649651691956779,214.8195745758357,0.008844002901586828,0.07741275257596826,0.02304596981819549,0.13090002582520086,0.07676424146728526,0.0072877444430970335,0.0010931616664645247,4.485795417347943,0.2956949335395649,0.07676424146728526,0.2956949335395649,attitude,130.2211707012052,rough_seed_22,OS-T5.5b,new_physical_metric_reconstruction,0.8,0.03229416988136743,0.10150000333786008,0.12706122492412386,0.18276942504797955
lm040_ls060_le000,0.37,0.48,0.15,0.4,0.6,0.0,rough,rough_perlin,22,11,results/icra27/os_t5p5b_remaining_rough_train_atlas_v0/env_logs/lm040_ls060_le000/rough/episode_0011.jsonl,37,5,7.4,1.6590672970513205,214.9073625794208,0.008872551385925916,0.07767815054541023,0.02357418050290376,0.13185893080909494,0.07730402222492666,0.007488827153040153,0.0007247252083586899,4.46033745174298,0.2967086791089227,0.07730402222492666,0.2967086791089227,attitude,129.53504837409437,rough_seed_22,OS-T5.5b,new_physical_metric_reconstruction,0.8,0.03229416988136743,0.10150000333786008,0.12706122492412386,0.18276942504797955
lm040_ls040_le020,0.37,0.37,0.26,0.4,0.4,0.2,rough,rough_perlin,22,11,results/icra27/os_t5p5b_remaining_rough_train_atlas_v0/env_logs/lm040_ls040_le020/rough/episode_0011.jsonl,37,5,7.4,1.6518087346770673,213.0405017065142,0.008628920521995142,0.07696734274228295,0.022874815450789735,0.131029623920812,0.07587124878995169,0.007502420135530105,0.001694094869313419,4.479937564591411,0.29399359329797875,0.07587124878995169,0.29399359329797875,attitude,128.9740738343802,rough_seed_22,OS-T5.5b,new_physical_metric_reconstruction,0.8,0.03229416988136743,0.10150000333786008,0.12706122492412386,0.18276942504797955
lm040_ls020_le040,0.36999999999999994,0.26,0.37,0.4,0.2,0.4,rough,rough_perlin,22,11,results/icra27/os_t5p5b_remaining_rough_train_atlas_v0/env_logs/lm040_ls020_le040/rough/episode_0011.jsonl,38,5,7.6,1.6880377787043885,216.99278052314264,0.008569798626019937,0.07641681583186945,0.022856804501488553,0.13093048263476859,0.07147954329211857,0.006660323501428951,0.0009514747859184027,4.502268904095968,0.2918907353996407,0.07147954329211857,0.2918907353996407,attitude,128.5473484424561,rough_seed_22,OS-T5.5b,new_physical_metric_reconstruction,0.8,0.03229416988136743,0.10150000333786008,0.12706122492412386,0.18276942504797955
lm040_ls000_le060,0.37,0.15,0.48,0.4,0.0,0.6,rough,rough_perlin,22,11,results/icra27/os_t5p5b_remaining_rough_train_atlas_v0/env_logs/lm040_ls000_le060/rough/episode_0011.jsonl,38,5,7.6,1.6778496675152894,217.3280587177186,0.008640005235436657,0.0766555733898673,0.023045176690833207,0.13093563835895639,0.07360075730684343,0.006863093125075852,0.0010649627263048785,4.529607239041125,0.29280272209298247,0.07360075730684343,0.29280272209298247,attitude,129.5277300019122,rough_seed_22,OS-T5.5b,new_physical_metric_reconstruction,0.8,0.03229416988136743,0.10150000333786008,0.12706122492412386,0.18276942504797955
lm020_ls080_le000,0.26,0.59,0.15,0.2,0.8,0.0,rough,rough_perlin,22,11,results/icra27/os_t5p5b_remaining_rough_train_atlas_v0/env_logs/lm020_ls080_le000/rough/episode_0011.jsonl,37,5,7.4,1.6582017711271164,214.879081621048,0.008878804111940374,0.0777018883522837,0.02357334624880978,0.13184412300940362,0.0784408667231783,0.006899891054353814,0.000726304321510908,4.462665598873445,0.29679935085217246,0.0784408667231783,0.29679935085217246,attitude,129.58560614429325,rough_seed_22,OS-T5.5b,new_physical_metric_reconstruction,0.8,0.03229416988136743,0.10150000333786008,0.12706122492412386,0.18276942504797955
lm020_ls060_le020,0.26,0.48,0.26,0.2,0.6,0.2,rough,rough_perlin,22,11,results/icra27/os_t5p5b_remaining_rough_train_atlas_v0/env_logs/lm020_ls060_le020/rough/episode_0011.jsonl,37,5,7.4,1.6508366111136363,212.9730716581086,0.008621712430943814,0.07698345902430627,0.02289392459265509,0.13099668015522647,0.0755265068990754,0.007867344468654405,0.0015734688937309915,4.482575652964251,0.2940551529607373,0.0755265068990754,0.2940551529607373,attitude,129.00917645292546,rough_seed_22,OS-T5.5b,new_physical_metric_reconstruction,0.8,0.03229416988136743,0.10150000333786008,0.12706122492412386,0.18276942504797955
lm020_ls040_le040,0.26,0.36999999999999994,0.37,0.2,0.4,0.4,rough,rough_perlin,22,11,results/icra27/os_t5p5b_remaining_rough_train_atlas_v0/env_logs/lm020_ls040_le040/rough/episode_0011.jsonl,38,5,7.6,1.6881161191373792,219.23357208615346,0.008806255438667828,0.07698616881347949,0.02289226683645416,0.1314577741365559,0.07429934406680173,0.006917113893859858,0.0010733452593920194,4.502059967227592,0.29406550359293704,0.07429934406680173,0.29406550359293704,attitude,129.86877478439158,rough_seed_22,OS-T5.5b,new_physical_metric_reconstruction,0.8,0.03229416988136743,0.10150000333786008,0.12706122492412386,0.18276942504797955
lm020_ls020_le060,0.26,0.26,0.48,0.2,0.2,0.6,rough,rough_perlin,22,11,results/icra27/os_t5p5b_remaining_rough_train_atlas_v0/env_logs/lm020_ls020_le060/rough/episode_0011.jsonl,38,5,7.6,1.6778081903569375,216.91762237988956,0.008636585900818287,0.0766266362843228,0.02309616969328601,0.1309296890618239,0.07297457125962535,0.006623299822591887,0.0009461856889416832,4.5297192156292745,0.2926921904917142,0.07297457125962535,0.2926921904917142,attitude,129.28630556615798,rough_seed_22,OS-T5.5b,new_physical_metric_reconstruction,0.8,0.03229416988136743,0.10150000333786008,0.12706122492412386,0.18276942504797955
lm020_ls000_le080,0.26,0.15,0.59,0.2,0.0,0.8,rough,rough_perlin,22,11,results/icra27/os_t5p5b_remaining_rough_train_atlas_v0/env_logs/lm020_ls000_le080/rough/episode_0011.jsonl,38,5,7.6,1.672888068738694,217.14335528250422,0.00861067203365683,0.07674516520614325,0.022979493407224688,0.13079650846830249,0.07111584427879902,0.00709975150869899,0.0009466335344931846,4.543041547143178,0.2931449376230841,0.07111584427879902,0.2931449376230841,attitude,129.80148483348538,rough_seed_22,OS-T5.5b,new_physical_metric_reconstruction,0.8,0.03229416988136743,0.10150000333786008,0.12706122492412386,0.18276942504797955
lm000_ls100_le000,0.15,0.7,0.15,0.0,1.0,0.0,rough,rough_perlin,22,11,results/icra27/os_t5p5b_remaining_rough_train_atlas_v0/env_logs/lm000_ls100_le000/rough/episode_0011.jsonl,37,5,7.4,1.6572587582594602,215.03882131936115,0.008856041106087594,0.07776200793301126,0.02359558586744622,0.13179445320993843,0.07958267621013887,0.006914958146307995,0.0007278903311902954,4.46520494347658,0.29702899073495814,0.07958267621013887,0.29702899073495814,attitude,129.7557308100795,rough_seed_22,OS-T5.5b,new_physical_metric_reconstruction,0.8,0.03229416988136743,0.10150000333786008,0.12706122492412386,0.18276942504797955
lm000_ls080_le020,0.15,0.59,0.26,0.0,0.8,0.2,rough,rough_perlin,22,11,results/icra27/os_t5p5b_remaining_rough_train_atlas_v0/env_logs/lm000_ls080_le020/rough/episode_0011.jsonl,37,5,7.4,1.649553111031257,212.8193266782975,0.00869124936956485,0.07710157738121264,0.02293257741554868,0.13106731010981343,0.07534827377348993,0.008237431859482062,0.0010902483343432092,4.486063498357877,0.2945063318496543,0.07534827377348993,0.2945063318496543,attitude,129.01635312927178,rough_seed_22,OS-T5.5b,new_physical_metric_reconstruction,0.8,0.03229416988136743,0.10150000333786008,0.12706122492412386,0.18276942504797955
lm000_ls060_le040,0.15,0.48,0.37,0.0,0.6,0.4,rough,rough_perlin,22,11,results/icra27/os_t5p5b_remaining_rough_train_atlas_v0/env_logs/lm000_ls060_le040/rough/episode_0011.jsonl,38,5,7.6,1.685564476860779,217.1922707299127,0.008637768506895157,0.07653519403822716,0.02288675195931102,0.13089130494163315,0.07207953603978379,0.007338146526218309,0.0016570008285010653,4.508875278479027,0.2923429068403491,0.07207953603978379,0.2923429068403491,attitude,128.8543237066878,rough_seed_22,OS-T5.5b,new_physical_metric_reconstruction,0.8,0.03229416988136743,0.10150000333786008,0.12706122492412386,0.18276942504797955
lm000_ls040_le060,0.15,0.37,0.48,0.0,0.4,0.6,rough,rough_perlin,22,11,results/icra27/os_t5p5b_remaining_rough_train_atlas_v0/env_logs/lm000_ls040_le060/rough/episode_0011.jsonl,38,5,7.6,1.6770967093842781,216.9993492786512,0.008632997481424,0.07668925686165755,0.023075594577658474,0.1309195079505705,0.07289940828403946,0.00674556213017925,0.0009467455621304077,4.531640875254135,0.2929313834778445,0.07289940828403946,0.2929313834778445,attitude,129.38988435456378,rough_seed_22,OS-T5.5b,new_physical_metric_reconstruction,0.8,0.03229416988136743,0.10150000333786008,0.12706122492412386,0.18276942504797955
lm000_ls020_le080,0.15,0.26,0.59,0.0,0.2,0.8,rough,rough_perlin,22,11,results/icra27/os_t5p5b_remaining_rough_train_atlas_v0/env_logs/lm000_ls020_le080/rough/episode_0011.jsonl,38,5,7.6,1.6726256897813458,217.0378805808333,0.0085823112875956,0.07677891585087632,0.023004379966015304,0.1307980266597739,0.07063416942736965,0.0069805963085677976,0.0009465215333651094,4.54375419822322,0.29327385558968744,0.07063416942736965,0.29327385558968744,attitude,129.75878698192517,rough_seed_22,OS-T5.5b,new_physical_metric_reconstruction,0.8,0.03229416988136743,0.10150000333786008,0.12706122492412386,0.18276942504797955
lm000_ls000_le100,0.15,0.15,0.7,0.0,0.0,1.0,rough,rough_perlin,22,11,results/icra27/os_t5p5b_remaining_rough_train_atlas_v0/env_logs/lm000_ls000_le100/rough/episode_0011.jsonl,38,5,7.6,1.665343779696942,217.30919125190235,0.008557841009960066,0.07676580849657023,0.022975819793246675,0.13044556013692343,0.07337600758654952,0.006875296348982316,0.000948316737790647,4.563622293880392,0.29322378918419933,0.07337600758654952,0.29322378918419933,attitude,130.48908813977624,rough_seed_22,OS-T5.5b,new_physical_metric_reconstruction,0.8,0.03229416988136743,0.10150000333786008,0.12706122492412386,0.18276942504797955
lm100_ls000_le000,0.7,0.15,0.15,1.0,0.0,0.0,rough,rough_perlin,20,12,results/icra27/os_t5p5b_remaining_rough_train_atlas_v0/env_logs/lm100_ls000_le000/rough/episode_0012.jsonl,39,5,7.800000000000001,1.6837172514320509,210.29089955010323,0.009899749528481896,0.059623332912793946,0.03334758186439621,0.1173004439939227,0.06122448979592946,0.005681818181819026,0.000811688311688412,4.632606806971819,0.22774435576043645,0.06122448979592946,0.22774435576043645,attitude,124.89680162820964,rough_seed_20,OS-T5.5b,new_physical_metric_reconstruction,0.8,0.033410253635635344,0.11250001311302188,0.12017198228655322,0.20563640721785
lm080_ls020_le000,0.59,0.26,0.15,0.8,0.2,0.0,rough,rough_perlin,20,12,results/icra27/os_t5p5b_remaining_rough_train_atlas_v0/env_logs/lm080_ls020_le000/rough/episode_0012.jsonl,39,5,7.800000000000001,1.6835702504762315,210.1980089310907,0.009866807105622957,0.05967633567020172,0.03342542295008907,0.11749704763043134,0.06358986282261116,0.005231341548477784,0.0006975122064636993,4.63301130308855,0.22794681138057118,0.06358986282261116,0.22794681138057118,attitude,124.85253221339114,rough_seed_20,OS-T5.5b,new_physical_metric_reconstruction,0.8,0.033410253635635344,0.11250001311302188,0.12017198228655322,0.20563640721785
lm080_ls000_le020,0.59,0.15,0.26,0.8,0.0,0.2,rough,rough_perlin,20,12,results/icra27/os_t5p5b_remaining_rough_train_atlas_v0/env_logs/lm080_ls000_le020/rough/episode_0012.jsonl,39,5,7.800000000000001,1.6761059503867415,207.99783495820466,0.009636518883765034,0.05907360368209978,0.03175919132019568,0.11646833482591612,0.057743083457707844,0.0050510848352664,0.0008035816783378304,4.653643761720578,0.2256445447741865,0.057743083457707844,0.2256445447741865,attitude,124.09587526982506,rough_seed_20,OS-T5.5b,new_physical_metric_reconstruction,0.8,0.033410253635635344,0.11250001311302188,0.12017198228655322,0.20563640721785
lm060_ls040_le000,0.48,0.37,0.15,0.6,0.4,0.0,rough,rough_perlin,20,12,results/icra27/os_t5p5b_remaining_rough_train_atlas_v0/env_logs/lm060_ls040_le000/rough/episode_0012.jsonl,39,5,7.800000000000001,1.6821202715874806,210.5763874425246,0.009924967738716695,0.05980803527871841,0.03339252864359655,0.11778050484541591,0.061558080222594,0.005448643635521337,0.0004637143519592507,4.637004934634576,0.22844986682933996,0.061558080222594,0.22844986682933996,attitude,125.18509585750114,rough_seed_20,OS-T5.5b,new_physical_metric_reconstruction,0.8,0.033410253635635344,0.11250001311302188,0.12017198228655322,0.20563640721785
lm060_ls020_le020,0.48,0.26,0.26,0.6,0.2,0.2,rough,rough_perlin,20,12,results/icra27/os_t5p5b_remaining_rough_train_atlas_v0/env_logs/lm060_ls020_le020/rough/episode_0012.jsonl,39,5,7.800000000000001,1.6763145024034893,207.132679516082,0.009690160097700552,0.05915138582789627,0.0317064622162077,0.11660944352631097,0.05647650623071804,0.0051446210129193716,0.0010289242025838666,4.653064797098879,0.22594165068589384,0.05647650623071804,0.22594165068589384,attitude,123.5643306903904,rough_seed_20,OS-T5.5b,new_physical_metric_reconstruction,0.8,0.033410253635635344,0.11250001311302188,0.12017198228655322,0.20563640721785
lm060_ls000_le040,0.48,0.15,0.37,0.6,0.0,0.4,rough,rough_perlin,20,12,results/icra27/os_t5p5b_remaining_rough_train_atlas_v0/env_logs/lm060_ls000_le040/rough/episode_0012.jsonl,39,5,7.800000000000001,1.6615216135292408,207.03538281336466,0.009804576586565477,0.05828695277074596,0.03164888921882965,0.11489354740792623,0.059312254788841924,0.005077313639511606,0.0004615739672283057,4.69449204661985,0.22263975962947358,0.059312254788841924,0.22263975962947358,attitude,124.60589204951746,rough_seed_20,OS-T5.5b,new_physical_metric_reconstruction,0.8,0.033410253635635344,0.11250001311302188,0.12017198228655322,0.20563640721785
lm040_ls060_le000,0.37,0.48,0.15,0.4,0.6,0.0,rough,rough_perlin,20,12,results/icra27/os_t5p5b_remaining_rough_train_atlas_v0/env_logs/lm040_ls060_le000/rough/episode_0012.jsonl,39,5,7.800000000000001,1.6810687672239217,210.49511450514598,0.009892289346274296,0.05970086067104446,0.03333968751332489,0.11770667587021832,0.06275327081163576,0.005673266180387553,0.00046312376982754374,4.639905369773029,0.2280404899832941,0.06275327081163576,0.2280404899832941,attitude,125.2150528337712,rough_seed_20,OS-T5.5b,new_physical_metric_reconstruction,0.8,0.033410253635635344,0.11250001311302188,0.12017198228655322,0.20563640721785
lm040_ls040_le020,0.37,0.37,0.26,0.4,0.4,0.2,rough,rough_perlin,20,12,results/icra27/os_t5p5b_remaining_rough_train_atlas_v0/env_logs/lm040_ls040_le020/rough/episode_0012.jsonl,39,5,7.800000000000001,1.6754529333722545,209.18543217654192,0.009873050336323144,0.05945865957252554,0.03168208932809561,0.11772646262339492,0.06205633157775412,0.005724753835585995,0.0006869704602702905,4.6554575450237285,0.22711534993405635,0.06205633157775412,0.22711534993405635,attitude,124.85306391478608,rough_seed_20,OS-T5.5b,new_physical_metric_reconstruction,0.8,0.033410253635635344,0.11250001311302188,0.12017198228655322,0.20563640721785
lm040_ls020_le040,0.36999999999999994,0.26,0.37,0.4,0.2,0.4,rough,rough_perlin,20,12,results/icra27/os_t5p5b_remaining_rough_train_atlas_v0/env_logs/lm040_ls020_le040/rough/episode_0012.jsonl,39,5,7.800000000000001,1.661634877944297,207.07460784814606,0.009808665526738663,0.0584155480085286,0.03161035540720105,0.11512655154499662,0.05830164765527176,0.005069708491762611,0.00046088259016021526,4.694172049186776,0.223130957255502,0.05830164765527176,0.223130957255502,attitude,124.62100464834357,rough_seed_20,OS-T5.5b,new_physical_metric_reconstruction,0.8,0.033410253635635344,0.11250001311302188,0.12017198228655322,0.20563640721785
lm040_ls000_le060,0.37,0.15,0.48,0.4,0.0,0.6,rough,rough_perlin,20,12,results/icra27/os_t5p5b_remaining_rough_train_atlas_v0/env_logs/lm040_ls000_le060/rough/episode_0012.jsonl,40,5,8.0,1.6897298024370346,211.54721888468347,0.009763899909002699,0.05860819019414611,0.03187794868885359,0.1139301034073339,0.054492559024289525,0.008280183506771144,0.000671366230278678,4.734484761091328,0.2238667962016393,0.054492559024289525,0.2238667962016393,attitude,125.19588550759818,rough_seed_20,OS-T5.5b,new_physical_metric_reconstruction,0.8,0.033410253635635344,0.11250001311302188,0.12017198228655322,0.20563640721785
lm020_ls080_le000,0.26,0.59,0.15,0.2,0.8,0.0,rough,rough_perlin,20,12,results/icra27/os_t5p5b_remaining_rough_train_atlas_v0/env_logs/lm020_ls080_le000/rough/episode_0012.jsonl,39,5,7.800000000000001,1.6808462372938489,210.40893996608162,0.009977396086938588,0.05965049080273795,0.033314562650550224,0.1178235339691842,0.06269483893315937,0.0051957048839632435,0.00046184043413006266,4.6405196542891085,0.22784809125872127,0.06269483893315937,0.22784809125872127,attitude,125.18036171163318,rough_seed_20,OS-T5.5b,new_physical_metric_reconstruction,0.8,0.033410253635635344,0.11250001311302188,0.12017198228655322,0.20563640721785
lm020_ls060_le020,0.26,0.48,0.26,0.2,0.6,0.2,rough,rough_perlin,20,12,results/icra27/os_t5p5b_remaining_rough_train_atlas_v0/env_logs/lm020_ls060_le020/rough/episode_0012.jsonl,39,5,7.800000000000001,1.675572246336152,207.53686995296482,0.009763639900119336,0.059330385876473754,0.03166915798735479,0.11677019149135193,0.05759341789510859,0.004799451491258759,0.0005713632727688954,4.655126042494244,0.22662538050696893,0.05759341789510859,0.22662538050696893,attitude,123.86029334561378,rough_seed_20,OS-T5.5b,new_physical_metric_reconstruction,0.8,0.033410253635635344,0.11250001311302188,0.12017198228655322,0.20563640721785
lm020_ls040_le040,0.26,0.36999999999999994,0.37,0.2,0.4,0.4,rough,rough_perlin,20,12,results/icra27/os_t5p5b_remaining_rough_train_atlas_v0/env_logs/lm020_ls040_le040/rough/episode_0012.jsonl,39,5,7.800000000000001,1.6631370931451213,208.33540729385305,0.009980628694917644,0.05889008586923248,0.03159585602590893,0.11645663659275485,0.05814755228684228,0.00689496667432881,0.0006894966674328619,4.689932076044071,0.22494355836466862,0.05814755228684228,0.22494355836466862,attitude,125.26652682604453,rough_seed_20,OS-T5.5b,new_physical_metric_reconstruction,0.8,0.033410253635635344,0.11250001311302188,0.12017198228655322,0.20563640721785
lm020_ls020_le060,0.26,0.26,0.48,0.2,0.2,0.6,rough,rough_perlin,20,12,results/icra27/os_t5p5b_remaining_rough_train_atlas_v0/env_logs/lm020_ls020_le060/rough/episode_0012.jsonl,39,5,7.800000000000001,1.6556347667765392,206.0321105939731,0.009908984517679527,0.05792724320872775,0.03182984356230069,0.11406195600173397,0.05604483586870557,0.007663273475924925,0.0006862632963514505,4.711183986058905,0.2212657703125307,0.05604483586870557,0.2212657703125307,attitude,124.442971800544,rough_seed_20,OS-T5.5b,new_physical_metric_reconstruction,0.8,0.033410253635635344,0.11250001311302188,0.12017198228655322,0.20563640721785
lm020_ls000_le080,0.26,0.15,0.59,0.2,0.0,0.8,rough,rough_perlin,20,12,results/icra27/os_t5p5b_remaining_rough_train_atlas_v0/env_logs/lm020_ls000_le080/rough/episode_0012.jsonl,40,5,8.0,1.6850935388011128,211.5577082804224,0.009725789037144179,0.058307366524323154,0.030259636498344854,0.11354839855962506,0.05758285905591793,0.0069188706617573145,0.0015623256332999997,4.747510933839156,0.22271773442440645,0.05758285905591793,0.22271773442440645,attitude,125.54656664990749,rough_seed_20,OS-T5.5b,new_physical_metric_reconstruction,0.8,0.033410253635635344,0.11250001311302188,0.12017198228655322,0.20563640721785
lm000_ls100_le000,0.15,0.7,0.15,0.0,1.0,0.0,rough,rough_perlin,20,12,results/icra27/os_t5p5b_remaining_rough_train_atlas_v0/env_logs/lm000_ls100_le000/rough/episode_0012.jsonl,39,5,7.800000000000001,1.6807429583879891,210.77471058647117,0.009972508846458271,0.05983685909897342,0.03315651222987102,0.1179125049522094,0.0643490272821571,0.005410383331415632,0.00046045815586514063,4.6408048066320795,0.228559965712677,0.0643490272821571,0.228559965712677,attitude,125.40567820592061,rough_seed_20,OS-T5.5b,new_physical_metric_reconstruction,0.8,0.033410253635635344,0.11250001311302188,0.12017198228655322,0.20563640721785
lm000_ls080_le020,0.15,0.59,0.26,0.0,0.8,0.2,rough,rough_perlin,20,12,results/icra27/os_t5p5b_remaining_rough_train_atlas_v0/env_logs/lm000_ls080_le020/rough/episode_0012.jsonl,39,5,7.800000000000001,1.6755531431430886,207.15293160174852,0.00975789113121333,0.05946894106602919,0.031701987662450255,0.11707107218687107,0.05690127970750577,0.004684643510055447,0.0005712979890311475,4.655179116174352,0.2271546223463797,0.05690127970750577,0.2271546223463797,attitude,123.63256423676329,rough_seed_20,OS-T5.5b,new_physical_metric_reconstruction,0.8,0.033410253635635344,0.11250001311302188,0.12017198228655322,0.20563640721785
lm000_ls060_le040,0.15,0.48,0.37,0.0,0.6,0.4,rough,rough_perlin,20,12,results/icra27/os_t5p5b_remaining_rough_train_atlas_v0/env_logs/lm000_ls060_le040/rough/episode_0012.jsonl,39,5,7.800000000000001,1.6634510311500696,206.79473652521125,0.009742863404584332,0.058787684616249,0.03154475704810777,0.11535682676814907,0.057723204039488364,0.0056231351847610585,0.0003442735827404613,4.689046959565302,0.22455241439048165,0.057723204039488364,0.22455241439048165,attitude,124.31669622533967,rough_seed_20,OS-T5.5b,new_physical_metric_reconstruction,0.8,0.033410253635635344,0.11250001311302188,0.12017198228655322,0.20563640721785
lm000_ls040_le060,0.15,0.37,0.48,0.0,0.4,0.6,rough,rough_perlin,20,12,results/icra27/os_t5p5b_remaining_rough_train_atlas_v0/env_logs/lm000_ls040_le060/rough/episode_0012.jsonl,39,5,7.800000000000001,1.6550640037715834,205.9413061553014,0.009846960464572802,0.057869193562012644,0.031187886327911578,0.11389963337098097,0.055396261039120515,0.008143135680699024,0.0006881523110449288,4.712808678229512,0.22104403699526398,0.055396261039120515,0.22104403699526398,attitude,124.43102241725964,rough_seed_20,OS-T5.5b,new_physical_metric_reconstruction,0.8,0.033410253635635344,0.11250001311302188,0.12017198228655322,0.20563640721785
lm000_ls020_le080,0.15,0.26,0.59,0.0,0.2,0.8,rough,rough_perlin,20,12,results/icra27/os_t5p5b_remaining_rough_train_atlas_v0/env_logs/lm000_ls020_le080/rough/episode_0012.jsonl,40,5,8.0,1.6841785598562513,212.07955635717383,0.009804835265002374,0.058612689887424435,0.03018503570030383,0.11379622415578838,0.05695850483925688,0.007119813104906932,0.001557459116698332,4.750090157116606,0.2238839837639027,0.05695850483925688,0.2238839837639027,attitude,125.9246266472335,rough_seed_20,OS-T5.5b,new_physical_metric_reconstruction,0.8,0.033410253635635344,0.11250001311302188,0.12017198228655322,0.20563640721785
lm000_ls000_le100,0.15,0.15,0.7,0.0,0.0,1.0,rough,rough_perlin,20,12,results/icra27/os_t5p5b_remaining_rough_train_atlas_v0/env_logs/lm000_ls000_le100/rough/episode_0012.jsonl,40,5,8.0,1.675801728395073,209.21029231678696,0.009682477455657118,0.057754545537185245,0.02914028412943699,0.11253082259416214,0.06146308874291094,0.00623538581449806,0.0017815388041422533,4.773834436644039,0.2206061137984559,0.06146308874291094,0.2206061137984559,attitude,124.84191224528043,rough_seed_20,OS-T5.5b,new_physical_metric_reconstruction,0.8,0.033410253635635344,0.11250001311302188,0.12017198228655322,0.20563640721785
lm100_ls000_le000,0.7,0.15,0.15,1.0,0.0,0.0,rough,rough_perlin,28,13,results/icra27/os_t5p5b_remaining_rough_train_atlas_v0/env_logs/lm100_ls000_le000/rough/episode_0013.jsonl,40,5,8.0,1.708277040440526,204.51435689813303,0.008054993600418335,0.06641503582692543,0.01645941006641367,0.12109055967909144,0.06607027376591064,0.007329165768486425,0.0014011640439752838,4.683081145864362,0.25368674993953216,0.06607027376591064,0.25368674993953216,attitude,119.71966610602774,rough_seed_28,OS-T5.5b,new_physical_metric_reconstruction,0.8,0.04496555643989241,0.13832479476928705,0.1352546070971019,0.22898015455671245
lm080_ls020_le000,0.59,0.26,0.15,0.8,0.2,0.0,rough,rough_perlin,28,13,results/icra27/os_t5p5b_remaining_rough_train_atlas_v0/env_logs/lm080_ls020_le000/rough/episode_0013.jsonl,40,5,8.0,1.7075585331720076,204.35977421281092,0.008127928953111055,0.06638666055606542,0.016676749964549577,0.12107955964055117,0.06440532417347744,0.006977243452127037,0.0013954486904253645,4.685051694912607,0.2535783643886776,0.06440532417347744,0.2535783643886776,attitude,119.67951331846095,rough_seed_28,OS-T5.5b,new_physical_metric_reconstruction,0.8,0.04496555643989241,0.13832479476928705,0.1352546070971019,0.22898015455671245
lm080_ls000_le020,0.59,0.15,0.26,0.8,0.0,0.2,rough,rough_perlin,28,13,results/icra27/os_t5p5b_remaining_rough_train_atlas_v0/env_logs/lm080_ls000_le020/rough/episode_0013.jsonl,40,5,8.0,1.6975217309491577,204.29541290967194,0.008245098263187109,0.06648861054326984,0.016728391775632963,0.12032987418510577,0.06321777396158759,0.0076204786948602865,0.0008586454867448214,4.7127526288142745,0.25396778465455927,0.06321777396158759,0.25396778465455927,attitude,120.34921803059426,rough_seed_28,OS-T5.5b,new_physical_metric_reconstruction,0.8,0.04496555643989241,0.13832479476928705,0.1352546070971019,0.22898015455671245
lm060_ls040_le000,0.48,0.37,0.15,0.6,0.4,0.0,rough,rough_perlin,28,13,results/icra27/os_t5p5b_remaining_rough_train_atlas_v0/env_logs/lm060_ls040_le000/rough/episode_0013.jsonl,40,5,8.0,1.7080886520657599,204.37218853308633,0.008077993209199679,0.0663849021410567,0.016563984631765925,0.12105563029604238,0.06418774110588474,0.006858122588942916,0.0013930561508789365,4.683597651869422,0.25357164773810215,0.06418774110588474,0.25357164773810215,attitude,119.64963779012226,rough_seed_28,OS-T5.5b,new_physical_metric_reconstruction,0.8,0.04496555643989241,0.13832479476928705,0.1352546070971019,0.22898015455671245
lm060_ls020_le020,0.48,0.26,0.26,0.6,0.2,0.2,rough,rough_perlin,28,13,results/icra27/os_t5p5b_remaining_rough_train_atlas_v0/env_logs/lm060_ls020_le020/rough/episode_0013.jsonl,40,5,8.0,1.6979057707307659,204.2257035115765,0.008139244457898967,0.06640800538144642,0.016657715645459422,0.12032875626870299,0.0625805066552284,0.00751395448690567,0.0009660798626021598,4.711686677734101,0.2536598956159293,0.0625805066552284,0.2536598956159293,attitude,120.28094081079618,rough_seed_28,OS-T5.5b,new_physical_metric_reconstruction,0.8,0.04496555643989241,0.13832479476928705,0.1352546070971019,0.22898015455671245
lm060_ls000_le040,0.48,0.15,0.37,0.6,0.0,0.4,rough,rough_perlin,28,13,results/icra27/os_t5p5b_remaining_rough_train_atlas_v0/env_logs/lm060_ls000_le040/rough/episode_0013.jsonl,40,5,8.0,1.6911805460628768,203.6618449817792,0.00805772843227888,0.06660998014820552,0.016381140448553926,0.12028150246766645,0.060579928856322046,0.008300097014122739,0.0012935216125904913,4.730423383017419,0.25443138239615826,0.060579928856322046,0.25443138239615826,attitude,120.42584421628464,rough_seed_28,OS-T5.5b,new_physical_metric_reconstruction,0.8,0.04496555643989241,0.13832479476928705,0.1352546070971019,0.22898015455671245
lm040_ls060_le000,0.37,0.48,0.15,0.4,0.6,0.0,rough,rough_perlin,28,13,results/icra27/os_t5p5b_remaining_rough_train_atlas_v0/env_logs/lm040_ls060_le000/rough/episode_0013.jsonl,40,5,8.0,1.706489962969565,204.15865580616025,0.008116747800676689,0.0663850857058058,0.016528430556930013,0.12104526057568155,0.062359850507219934,0.006727175654032514,0.0013881473571812262,4.6879853814544115,0.2535723489037948,0.062359850507219934,0.2535723489037948,attitude,119.63659923958275,rough_seed_28,OS-T5.5b,new_physical_metric_reconstruction,0.8,0.04496555643989241,0.13832479476928705,0.1352546070971019,0.22898015455671245
lm040_ls040_le020,0.37,0.37,0.26,0.4,0.4,0.2,rough,rough_perlin,28,13,results/icra27/os_t5p5b_remaining_rough_train_atlas_v0/env_logs/lm040_ls040_le020/rough/episode_0013.jsonl,40,5,8.0,1.7003434383175517,204.02372591322808,0.00811067386674392,0.06646641459636138,0.01665180267857893,0.12027299292006455,0.062385715822319415,0.007529310530280051,0.0009680542110360027,4.7049318506594195,0.25388300238254924,0.062385715822319415,0.25388300238254924,attitude,119.9897157924193,rough_seed_28,OS-T5.5b,new_physical_metric_reconstruction,0.8,0.04496555643989241,0.13832479476928705,0.1352546070971019,0.22898015455671245
lm040_ls020_le040,0.36999999999999994,0.26,0.37,0.4,0.2,0.4,rough,rough_perlin,28,13,results/icra27/os_t5p5b_remaining_rough_train_atlas_v0/env_logs/lm040_ls020_le040/rough/episode_0013.jsonl,40,5,8.0,1.6905672686957571,203.58457071513726,0.008020594410254118,0.06657408060735429,0.01591480169358591,0.12021997999815026,0.0628639206383551,0.008949751994826146,0.0010782833728705827,4.732139411507629,0.25429425625100943,0.0628639206383551,0.25429425625100943,attitude,120.42382133199537,rough_seed_28,OS-T5.5b,new_physical_metric_reconstruction,0.8,0.04496555643989241,0.13832479476928705,0.1352546070971019,0.22898015455671245
lm040_ls000_le060,0.37,0.15,0.48,0.4,0.0,0.6,rough,rough_perlin,28,13,results/icra27/os_t5p5b_remaining_rough_train_atlas_v0/env_logs/lm040_ls000_le060/rough/episode_0013.jsonl,40,5,8.0,1.6848381970823798,203.05307870275942,0.008268853683921254,0.06670361107557003,0.016702545671806384,0.12015446593002976,0.060824631284326115,0.00699752395306433,0.0016148132199380464,4.748230431772934,0.25478902619415045,0.060824631284326115,0.25478902619415045,attitude,120.51785094520336,rough_seed_28,OS-T5.5b,new_physical_metric_reconstruction,0.8,0.04496555643989241,0.13832479476928705,0.1352546070971019,0.22898015455671245
lm020_ls080_le000,0.26,0.59,0.15,0.2,0.8,0.0,rough,rough_perlin,28,13,results/icra27/os_t5p5b_remaining_rough_train_atlas_v0/env_logs/lm020_ls080_le000/rough/episode_0013.jsonl,40,5,8.0,1.7057099047769382,204.4738765466032,0.008117986601005088,0.06638353318368924,0.01646205362841855,0.12100253109603609,0.06336824107716565,0.006732207736697336,0.0011754648429153187,4.690129299006556,0.25356641870613617,0.06336824107716565,0.25356641870613617,attitude,119.87611490908414,rough_seed_28,OS-T5.5b,new_physical_metric_reconstruction,0.8,0.04496555643989241,0.13832479476928705,0.1352546070971019,0.22898015455671245
lm020_ls060_le020,0.26,0.48,0.26,0.2,0.6,0.2,rough,rough_perlin,28,13,results/icra27/os_t5p5b_remaining_rough_train_atlas_v0/env_logs/lm020_ls060_le020/rough/episode_0013.jsonl,40,5,8.0,1.6993969431098879,203.8945531214053,0.008166813038816103,0.06642129229130796,0.016547058254850467,0.12024879214830708,0.06320420645993186,0.007296920270416674,0.0009657688593198538,4.707552306973108,0.25371064787311837,0.06320420645993186,0.25371064787311837,attitude,119.9805342407403,rough_seed_28,OS-T5.5b,new_physical_metric_reconstruction,0.8,0.04496555643989241,0.13832479476928705,0.1352546070971019,0.22898015455671245
lm020_ls040_le040,0.26,0.36999999999999994,0.37,0.2,0.4,0.4,rough,rough_perlin,28,13,results/icra27/os_t5p5b_remaining_rough_train_atlas_v0/env_logs/lm020_ls040_le040/rough/episode_0013.jsonl,40,5,8.0,1.6897490574878573,202.7501388482305,0.008162150278983591,0.06656907259570755,0.01689775782778734,0.12022610462854888,0.06250667806390789,0.00801367667486001,0.0011753392456461066,4.73443081062792,0.254275127055602,0.06250667806390789,0.254275127055602,attitude,119.98831302776891,rough_seed_28,OS-T5.5b,new_physical_metric_reconstruction,0.8,0.04496555643989241,0.13832479476928705,0.1352546070971019,0.22898015455671245
lm020_ls020_le060,0.26,0.26,0.48,0.2,0.2,0.6,rough,rough_perlin,28,13,results/icra27/os_t5p5b_remaining_rough_train_atlas_v0/env_logs/lm020_ls020_le060/rough/episode_0013.jsonl,40,5,8.0,1.6844616358590037,202.50965165024564,0.008237412757780064,0.06670419308654539,0.016619630294400233,0.12018942792622012,0.06298533218292775,0.00690250215703356,0.001725625539258522,4.749291898191757,0.25479124931231834,0.06298533218292775,0.25479124931231834,attitude,120.22218098601833,rough_seed_28,OS-T5.5b,new_physical_metric_reconstruction,0.8,0.04496555643989241,0.13832479476928705,0.1352546070971019,0.22898015455671245
lm020_ls000_le080,0.26,0.15,0.59,0.2,0.0,0.8,rough,rough_perlin,28,13,results/icra27/os_t5p5b_remaining_rough_train_atlas_v0/env_logs/lm020_ls000_le080/rough/episode_0013.jsonl,40,5,8.0,1.6793556535828686,203.0744202319416,0.008065306115920464,0.06701001334322414,0.01576109465263885,0.12029113956844184,0.06336972810962414,0.005566259901521214,0.0012845215157356,4.763731841395344,0.2559593966454717,0.06336972810962414,0.2559593966454717,attitude,120.92401022897486,rough_seed_28,OS-T5.5b,new_physical_metric_reconstruction,0.8,0.04496555643989241,0.13832479476928705,0.1352546070971019,0.22898015455671245
lm000_ls100_le000,0.15,0.7,0.15,0.0,1.0,0.0,rough,rough_perlin,28,13,results/icra27/os_t5p5b_remaining_rough_train_atlas_v0/env_logs/lm000_ls100_le000/rough/episode_0013.jsonl,40,5,8.0,1.7057105494430074,203.81297139904507,0.008100248230291424,0.06634542436185346,0.016398734413533962,0.12099814459128666,0.06332087560065332,0.0065136145221583565,0.0012813667912441697,4.690127526392075,0.25342085372924245,0.06332087560065332,0.25342085372924245,attitude,119.48860342430275,rough_seed_28,OS-T5.5b,new_physical_metric_reconstruction,0.8,0.04496555643989241,0.13832479476928705,0.1352546070971019,0.22898015455671245
lm000_ls080_le020,0.15,0.59,0.26,0.0,0.8,0.2,rough,rough_perlin,28,13,results/icra27/os_t5p5b_remaining_rough_train_atlas_v0/env_logs/lm000_ls080_le020/rough/episode_0013.jsonl,40,5,8.0,1.6974495548888437,202.78069335352063,0.008108992463161139,0.066364648717096,0.016581230596324364,0.1209800283362581,0.06205787781351554,0.007288317256164325,0.0007502679528404755,4.712953016458786,0.253494285357193,0.06205787781351554,0.253494285357193,attitude,119.4619850525099,rough_seed_28,OS-T5.5b,new_physical_metric_reconstruction,0.8,0.04496555643989241,0.13832479476928705,0.1352546070971019,0.22898015455671245
lm000_ls060_le040,0.15,0.48,0.37,0.0,0.6,0.4,rough,rough_perlin,28,13,results/icra27/os_t5p5b_remaining_rough_train_atlas_v0/env_logs/lm000_ls060_le040/rough/episode_0013.jsonl,40,5,8.0,1.6886077368856034,202.59518351889028,0.008258898313140008,0.06662745996582287,0.016785519571068816,0.12023428828281468,0.061296534017983725,0.007916131792898538,0.0012836970474970047,4.737630786149814,0.2544981503812338,0.061296534017983725,0.2544981503812338,attitude,119.97764732059576,rough_seed_28,OS-T5.5b,new_physical_metric_reconstruction,0.8,0.04496555643989241,0.13832479476928705,0.1352546070971019,0.22898015455671245
lm000_ls040_le060,0.15,0.37,0.48,0.0,0.4,0.6,rough,rough_perlin,28,13,results/icra27/os_t5p5b_remaining_rough_train_atlas_v0/env_logs/lm000_ls040_le060/rough/episode_0013.jsonl,40,5,8.0,1.685055753725346,202.8673880242946,0.008242463817680325,0.06665513279823225,0.017132582394516833,0.12018542254419717,0.060350421804033855,0.007895306078305858,0.0019467878001304428,4.7476173902931595,0.25460385281484915,0.060350421804033855,0.25460385281484915,attitude,120.3920924134364,rough_seed_28,OS-T5.5b,new_physical_metric_reconstruction,0.8,0.04496555643989241,0.13832479476928705,0.1352546070971019,0.22898015455671245
lm000_ls020_le080,0.15,0.26,0.59,0.0,0.2,0.8,rough,rough_perlin,28,13,results/icra27/os_t5p5b_remaining_rough_train_atlas_v0/env_logs/lm000_ls020_le080/rough/episode_0013.jsonl,40,5,8.0,1.6806025630572226,203.0763872794709,0.008018259813584483,0.0670230908112336,0.016245816929645652,0.12009412325126312,0.06241256860003272,0.005810825352417073,0.0015065102765525263,4.760197429097702,0.2560093488937156,0.06241256860003272,0.2560093488937156,attitude,120.83546207977335,rough_seed_28,OS-T5.5b,new_physical_metric_reconstruction,0.8,0.04496555643989241,0.13832479476928705,0.1352546070971019,0.22898015455671245
lm000_ls000_le100,0.15,0.15,0.7,0.0,0.0,1.0,rough,rough_perlin,28,13,results/icra27/os_t5p5b_remaining_rough_train_atlas_v0/env_logs/lm000_ls000_le100/rough/episode_0013.jsonl,40,5,8.0,1.6745391192326105,202.4315829131043,0.008101031949184698,0.06703021972849808,0.016216512862928342,0.12027387027277125,0.06079417745907181,0.006850048164402535,0.001177352028256698,4.777433926814533,0.2560365793518325,0.06079417745907181,0.2560365793518325,attitude,120.88793900847921,rough_seed_28,OS-T5.5b,new_physical_metric_reconstruction,0.8,0.04496555643989241,0.13832479476928705,0.1352546070971019,0.22898015455671245
lm100_ls000_le000,0.7,0.15,0.15,1.0,0.0,0.0,rough,rough_perlin,17,14,results/icra27/os_t5p5b_remaining_rough_train_atlas_v0/env_logs/lm100_ls000_le000/rough/episode_0014.jsonl,38,5,7.6,1.6754155956910581,199.2634507313064,0.00682056455041113,0.05495721617773821,0.01620768411264095,0.09372036574538867,0.06751868820835584,0.0024113817217269696,0.0002411381721727157,4.536187928264587,0.20992110271816597,0.06751868820835584,0.20992110271816597,attitude,118.9337447041707,rough_seed_17,OS-T5.5b,new_physical_metric_reconstruction,0.8,0.04138910317258634,0.12599998581409458,0.12457512674316608,0.19298766090581543
lm080_ls020_le000,0.59,0.26,0.15,0.8,0.2,0.0,rough,rough_perlin,17,14,results/icra27/os_t5p5b_remaining_rough_train_atlas_v0/env_logs/lm080_ls020_le000/rough/episode_0014.jsonl,38,5,7.6,1.674832773136322,199.56245537600074,0.006848849997627881,0.055039991892385655,0.017031240588604463,0.09372518386780215,0.06650514839492432,0.002665051483949575,0.0002422774076317991,4.537766469525255,0.21023728265786448,0.06650514839492432,0.21023728265786448,attitude,119.15366033965081,rough_seed_17,OS-T5.5b,new_physical_metric_reconstruction,0.8,0.04138910317258634,0.12599998581409458,0.12457512674316608,0.19298766090581543
lm080_ls000_le020,0.59,0.15,0.26,0.8,0.0,0.2,rough,rough_perlin,17,14,results/icra27/os_t5p5b_remaining_rough_train_atlas_v0/env_logs/lm080_ls000_le020/rough/episode_0014.jsonl,38,5,7.6,1.6691862785116507,198.56801528169274,0.006437728279283097,0.05521360744787798,0.016274180091733786,0.09372259805595173,0.061266004547097325,0.002871843963145161,0.00011966016513105834,4.553116747866288,0.21090044523036647,0.061266004547097325,0.21090044523036647,attitude,118.96096789074268,rough_seed_17,OS-T5.5b,new_physical_metric_reconstruction,0.8,0.04138910317258634,0.12599998581409458,0.12457512674316608,0.19298766090581543
lm060_ls040_le000,0.48,0.37,0.15,0.6,0.4,0.0,rough,rough_perlin,17,14,results/icra27/os_t5p5b_remaining_rough_train_atlas_v0/env_logs/lm060_ls040_le000/rough/episode_0014.jsonl,38,5,7.6,1.6754221121546577,199.73612242198936,0.006835471862339991,0.05518451642034781,0.01687280114542557,0.0937300579698721,0.06732049884975175,0.0027848407797558877,0.00024216006780487966,4.536170285007224,0.21078932569042128,0.06732049884975175,0.21078932569042128,attitude,119.21540307542018,rough_seed_17,OS-T5.5b,new_physical_metric_reconstruction,0.8,0.04138910317258634,0.12599998581409458,0.12457512674316608,0.19298766090581543
lm060_ls020_le020,0.48,0.26,0.26,0.6,0.2,0.2,rough,rough_perlin,17,14,results/icra27/os_t5p5b_remaining_rough_train_atlas_v0/env_logs/lm060_ls020_le020/rough/episode_0014.jsonl,38,5,7.6,1.6683661724921657,198.514744101943,0.006420881280217264,0.055219227463808015,0.016176808092291932,0.09372649368975283,0.06204335848605738,0.002754820936639593,0.00011977482333216604,4.555354888697665,0.21092191210993896,0.06204335848605738,0.21092191210993896,attitude,118.98751447675686,rough_seed_17,OS-T5.5b,new_physical_metric_reconstruction,0.8,0.04138910317258634,0.12599998581409458,0.12457512674316608,0.19298766090581543
lm060_ls000_le040,0.48,0.15,0.37,0.6,0.0,0.4,rough,rough_perlin,17,14,results/icra27/os_t5p5b_remaining_rough_train_atlas_v0/env_logs/lm060_ls000_le040/rough/episode_0014.jsonl,38,5,7.6,1.6627991610893482,198.23257611478454,0.006301545601239854,0.05491503533974495,0.015547711476514015,0.09401449307497223,0.05669099756692012,0.0038929440389300616,0.0002433090024331508,4.570606106765785,0.20975998378527672,0.05669099756692012,0.20975998378527672,attitude,119.21618723028257,rough_seed_17,OS-T5.5b,new_physical_metric_reconstruction,0.8,0.04138910317258634,0.12599998581409458,0.12457512674316608,0.19298766090581543
lm040_ls060_le000,0.37,0.48,0.15,0.4,0.6,0.0,rough,rough_perlin,17,14,results/icra27/os_t5p5b_remaining_rough_train_atlas_v0/env_logs/lm040_ls060_le000/rough/episode_0014.jsonl,38,5,7.6,1.6739710116888742,199.5945992275475,0.006903719855487354,0.055108302276738304,0.016748668528983553,0.09373488587418666,0.06879011747609323,0.0029066246820884114,0.00024221872350738778,4.540102514877087,0.21049820910588604,0.06879011747609323,0.21049820910588604,attitude,119.23420288274642,rough_seed_17,OS-T5.5b,new_physical_metric_reconstruction,0.8,0.04138910317258634,0.12599998581409458,0.12457512674316608,0.19298766090581543
lm040_ls040_le020,0.37,0.37,0.26,0.4,0.4,0.2,rough,rough_perlin,17,14,results/icra27/os_t5p5b_remaining_rough_train_atlas_v0/env_logs/lm040_ls040_le020/rough/episode_0014.jsonl,38,5,7.6,1.668658215123739,198.5524147888508,0.006389850070618731,0.05528523189425577,0.01636109149468894,0.0937312641202539,0.06201271440567263,0.0027587861341014683,0.00011994722322181281,4.554557626671573,0.21117403046286037,0.06201271440567263,0.21117403046286037,attitude,118.9892651408708,rough_seed_17,OS-T5.5b,new_physical_metric_reconstruction,0.8,0.04138910317258634,0.12599998581409458,0.12457512674316608,0.19298766090581543
lm040_ls020_le040,0.36999999999999994,0.26,0.37,0.4,0.2,0.4,rough,rough_perlin,17,14,results/icra27/os_t5p5b_remaining_rough_train_atlas_v0/env_logs/lm040_ls020_le040/rough/episode_0014.jsonl,38,5,7.6,1.6636644143672699,197.97763734808785,0.006193778612567579,0.05525237798276968,0.015077608977203706,0.09401890086072395,0.05751570807154251,0.0035041082648628263,0.00024166263895607825,4.568228985585687,0.21104853776495042,0.05751570807154251,0.21104853776495042,attitude,119.00094492517191,rough_seed_17,OS-T5.5b,new_physical_metric_reconstruction,0.8,0.04138910317258634,0.12599998581409458,0.12457512674316608,0.19298766090581543
lm040_ls000_le060,0.37,0.15,0.48,0.4,0.0,0.6,rough,rough_perlin,17,14,results/icra27/os_t5p5b_remaining_rough_train_atlas_v0/env_logs/lm040_ls000_le060/rough/episode_0014.jsonl,39,5,7.800000000000001,1.6898670506958153,202.55819648454965,0.00655290635643565,0.05545418642576565,0.016548559057561,0.09401408209776685,0.056704075605442085,0.0033077377436507133,0.00011813349084467864,4.615747728076178,0.2118193892352021,0.056704075605442085,0.2118193892352021,attitude,119.86635067009846,rough_seed_17,OS-T5.5b,new_physical_metric_reconstruction,0.8,0.04138910317258634,0.12599998581409458,0.12457512674316608,0.19298766090581543
lm020_ls080_le000,0.26,0.59,0.15,0.2,0.8,0.0,rough,rough_perlin,17,14,results/icra27/os_t5p5b_remaining_rough_train_atlas_v0/env_logs/lm020_ls080_le000/rough/episode_0014.jsonl,38,5,7.6,1.6740926450053975,199.3278035716025,0.00688479363156088,0.05523466784431336,0.017101009987868145,0.09374523999441031,0.06891103548858771,0.0029168692270301424,0.00024307243558586547,4.539772647991949,0.21098089001907444,0.06891103548858771,0.21098089001907444,attitude,119.06617245245697,rough_seed_17,OS-T5.5b,new_physical_metric_reconstruction,0.8,0.04138910317258634,0.12599998581409458,0.12457512674316608,0.19298766090581543
lm020_ls060_le020,0.26,0.48,0.26,0.2,0.6,0.2,rough,rough_perlin,17,14,results/icra27/os_t5p5b_remaining_rough_train_atlas_v0/env_logs/lm020_ls060_le020/rough/episode_0014.jsonl,38,5,7.6,1.6680125077266563,198.2094055604712,0.0064308664394664835,0.05536072728200632,0.016460799071877957,0.09373618271214412,0.06291271461160935,0.002881498379157651,0.00012006243246491212,4.556320749871404,0.2114624016022477,0.06291271461160935,0.2114624016022477,attitude,118.82968781248044,rough_seed_17,OS-T5.5b,new_physical_metric_reconstruction,0.8,0.04138910317258634,0.12599998581409458,0.12457512674316608,0.19298766090581543
lm020_ls040_le040,0.26,0.36999999999999994,0.37,0.2,0.4,0.4,rough,rough_perlin,17,14,results/icra27/os_t5p5b_remaining_rough_train_atlas_v0/env_logs/lm020_ls040_le040/rough/episode_0014.jsonl,38,5,7.6,1.66224808654178,198.16293617848018,0.006247945481796917,0.055043866440275445,0.015247676196985164,0.09373093698588386,0.05569036641592853,0.0033972336811459065,0.0001213297743266501,4.572121370770474,0.21025208234063825,0.05569036641592853,0.21025208234063825,attitude,119.21381518371773,rough_seed_17,OS-T5.5b,new_physical_metric_reconstruction,0.8,0.04138910317258634,0.12599998581409458,0.12457512674316608,0.19298766090581543
lm020_ls020_le060,0.26,0.26,0.48,0.2,0.2,0.6,rough,rough_perlin,17,14,results/icra27/os_t5p5b_remaining_rough_train_atlas_v0/env_logs/lm020_ls020_le060/rough/episode_0014.jsonl,39,5,7.800000000000001,1.6904411015093244,202.58400853220206,0.006562655304970982,0.05561191995657126,0.016537349837663095,0.09401972768761069,0.05607366308583007,0.0036595443277067127,0.00011804981702280776,4.614180282907051,0.21242188694205932,0.05607366308583007,0.21242188694205932,attitude,119.84091510276416,rough_seed_17,OS-T5.5b,new_physical_metric_reconstruction,0.8,0.04138910317258634,0.12599998581409458,0.12457512674316608,0.19298766090581543
lm020_ls000_le080,0.26,0.15,0.59,0.2,0.0,0.8,rough,rough_perlin,17,14,results/icra27/os_t5p5b_remaining_rough_train_atlas_v0/env_logs/lm020_ls000_le080/rough/episode_0014.jsonl,39,5,7.800000000000001,1.6849285579970061,201.3573967348668,0.00647444840548691,0.05568424270913884,0.015496353627872215,0.09401364841274296,0.05368968779565577,0.002838221381268084,0.00011825922421951335,4.629276394527025,0.21269813950771874,0.05368968779565577,0.21269813950771874,attitude,119.50500558565794,rough_seed_17,OS-T5.5b,new_physical_metric_reconstruction,0.8,0.04138910317258634,0.12599998581409458,0.12457512674316608,0.19298766090581543
lm000_ls100_le000,0.15,0.7,0.15,0.0,1.0,0.0,rough,rough_perlin,17,14,results/icra27/os_t5p5b_remaining_rough_train_atlas_v0/env_logs/lm000_ls100_le000/rough/episode_0014.jsonl,38,5,7.6,1.6733316768161068,199.223372725842,0.0069627056726780595,0.055386131614900976,0.017067481301935004,0.0937498741544267,0.06761997091615332,0.0031507513330106983,0.0002423654871546898,4.541837165516835,0.21155943900599497,0.06761997091615332,0.21155943900599497,attitude,119.05791032708451,rough_seed_17,OS-T5.5b,new_physical_metric_reconstruction,0.8,0.04138910317258634,0.12599998581409458,0.12457512674316608,0.19298766090581543
lm000_ls080_le020,0.15,0.59,0.26,0.0,0.8,0.2,rough,rough_perlin,17,14,results/icra27/os_t5p5b_remaining_rough_train_atlas_v0/env_logs/lm000_ls080_le020/rough/episode_0014.jsonl,38,5,7.6,1.6675044626514397,198.25266603786045,0.006433823076258351,0.05542314487311568,0.015503767228063469,0.0937415476859611,0.06491480681546644,0.002879769618431016,0.00011999040076796899,4.557708941849253,0.21170081923811035,0.06491480681546644,0.21170081923811035,attitude,118.89183536134345,rough_seed_17,OS-T5.5b,new_physical_metric_reconstruction,0.8,0.04138910317258634,0.12599998581409458,0.12457512674316608,0.19298766090581543
lm000_ls060_le040,0.15,0.48,0.37,0.0,0.6,0.4,rough,rough_perlin,17,14,results/icra27/os_t5p5b_remaining_rough_train_atlas_v0/env_logs/lm000_ls060_le040/rough/episode_0014.jsonl,38,5,7.6,1.661060583238395,198.1619463629836,0.006214256520769605,0.05507557772840815,0.015122961523470545,0.09373563331407686,0.054421768707492865,0.002915451895044217,0.00012147716229351916,4.575390010870693,0.2103732105388334,0.054421768707492865,0.2103732105388334,attitude,119.29844604261702,rough_seed_17,OS-T5.5b,new_physical_metric_reconstruction,0.8,0.04138910317258634,0.12599998581409458,0.12457512674316608,0.19298766090581543
lm000_ls040_le060,0.15,0.37,0.48,0.0,0.4,0.6,rough,rough_perlin,17,14,results/icra27/os_t5p5b_remaining_rough_train_atlas_v0/env_logs/lm000_ls040_le060/rough/episode_0014.jsonl,39,5,7.800000000000001,1.690906657936766,202.4870688455294,0.006562827326681002,0.05580923217454339,0.016442573294673482,0.09402328773545143,0.05673338860595362,0.0037901219945521286,0.0001184413123297647,4.612909863113032,0.21317556409780386,0.05673338860595362,0.21317556409780386,attitude,119.7505893628705,rough_seed_17,OS-T5.5b,new_physical_metric_reconstruction,0.8,0.04138910317258634,0.12599998581409458,0.12457512674316608,0.19298766090581543
lm000_ls020_le080,0.15,0.26,0.59,0.0,0.2,0.8,rough,rough_perlin,17,14,results/icra27/os_t5p5b_remaining_rough_train_atlas_v0/env_logs/lm000_ls020_le080/rough/episode_0014.jsonl,39,5,7.800000000000001,1.6847666204694622,201.31981729722233,0.006439618809551806,0.055720019854688205,0.015494142399088787,0.09401712886315661,0.05404446546831428,0.0031929990539265847,0.00011825922421951335,4.629721354419119,0.21283479813725234,0.05404446546831428,0.21283479813725234,attitude,119.49418682162893,rough_seed_17,OS-T5.5b,new_physical_metric_reconstruction,0.8,0.04138910317258634,0.12599998581409458,0.12457512674316608,0.19298766090581543
lm000_ls000_le100,0.15,0.15,0.7,0.0,0.0,1.0,rough,rough_perlin,17,14,results/icra27/os_t5p5b_remaining_rough_train_atlas_v0/env_logs/lm000_ls000_le100/rough/episode_0014.jsonl,39,5,7.800000000000001,1.6813098673259508,201.74975413949713,0.00649332316224778,0.05527076961030555,0.015509478174509834,0.09401593101749306,0.05298639858072925,0.0031933767001777916,0.0001182732111177062,4.639240006606014,0.21111878860736255,0.05298639858072925,0.21111878860736255,attitude,119.99558086242081,rough_seed_17,OS-T5.5b,new_physical_metric_reconstruction,0.8,0.04138910317258634,0.12599998581409458,0.12457512674316608,0.19298766090581543
