fold,held_context,fold_pca_rank,fold_k95,fold_k95_explained_variance,selector_context_dim,selector_input_dim,preference_name,w_motion,w_stability,w_energy,target_beta_name,target_lambda_motion,target_lambda_stability,target_lambda_energy,pred_lambda_motion,pred_lambda_stability,pred_lambda_energy,pred_beta_motion,pred_beta_stability,pred_beta_energy,projected_beta_name,projection_lambda_distance,lambda_mae,beta_mae,projected_exact,oracle_score,projected_score,score_excess,train_final_loss,train_lambda_mae,train_projected_exact
1,rough_seed_13,16,6,0.9551316101869018,7,10,wm100_ws000_we000,1.0,0.0,0.0,lm100_ls000_le000,1.0,0.0,0.0,3.400237730266653e-11,0.9999949932098389,5.019084255764028e-06,0.1500000000187013,0.6999972462654115,0.15000276049634068,lm000_ls100_le000,7.089369117575333e-06,0.6666666707533642,0.3666666689143503,0,0.0,0.2552291007542472,0.2552291007542472,0.0030501794535666704,0.024418744900652066,0.9410526315789474
1,rough_seed_13,16,6,0.9551316101869018,7,10,wm080_ws020_we000,0.8,0.2,0.0,lm080_ls020_le000,0.8,0.2,0.0,6.541636676793416e-11,0.9999924898147583,7.5277457654010504e-06,0.150000000035979,0.6999958693981171,0.15000414026017098,lm000_ls100_le000,1.0633430240398885e-05,0.5333333391650358,0.2933333365407697,0,0.1072576846278984,0.20425919712351995,0.09700151249562154,0.0030501794535666704,0.024418744900652066,0.9410526315789474
1,rough_seed_13,16,6,0.9551316101869018,7,10,wm080_ws000_we020,0.8,0.0,0.2,lm080_ls020_le000,0.8,0.2,0.0,1.6703799801676134e-11,0.9999799728393555,1.9994942704215646e-05,0.1500000000091871,0.6999889850616455,0.15001099721848732,lm000_ls100_le000,2.8299909844856518e-05,0.533333322588452,0.2933333274236486,0,0.1438770625572425,0.20580210013591646,0.06192503757867396,0.0030501794535666704,0.024418744900652066,0.9410526315789474
1,rough_seed_13,16,6,0.9551316101869018,7,10,wm060_ws040_we000,0.6,0.4,0.0,lm040_ls060_le000,0.4,0.6,0.0,1.5539134423647738e-09,0.9999508857727051,4.913692100672051e-05,0.1500000008546524,0.6999729871749879,0.15002702530655368,lm000_ls100_le000,6.947405509406075e-05,0.26666667371326613,0.1466666705422964,0,0.12927293943228274,0.15328929349279266,0.02401635406050992,0.0030501794535666704,0.024418744900652066,0.9410526315789474
1,rough_seed_13,16,6,0.9551316101869018,7,10,wm060_ws020_we020,0.6,0.2,0.2,lm080_ls020_le000,0.8,0.2,0.0,2.6781269910070016e-11,0.9999872446060181,1.2697173588094302e-05,0.15000000001472968,0.69999298453331,0.15000698344547345,lm000_ls100_le000,1.7997730211370114e-05,0.5333333139176083,0.29333332265468465,0,0.1447740629231317,0.1650929017842347,0.020318838861103,0.0030501794535666704,0.024418744900652066,0.9410526315789474
1,rough_seed_13,16,6,0.9551316101869018,7,10,wm060_ws000_we040,0.6,0.0,0.4,lm020_ls060_le020,0.2,0.6,0.2,5.421155278156897e-12,0.9998776912689209,0.00012229743879288435,0.15000000000298164,0.6999327301979066,0.15006726359133607,lm000_ls100_le000,0.00017296268162086094,0.2665851312749023,0.14662182220119632,0,0.2618352378713939,0.3285177580484969,0.06668252017710302,0.0030501794535666704,0.024418744900652066,0.9410526315789474
1,rough_seed_13,16,6,0.9551316101869018,7,10,wm040_ws060_we000,0.4,0.6,0.0,lm040_ls060_le000,0.4,0.6,0.0,2.4586242375335132e-08,0.9997685551643372,0.0002314069279236719,0.1500000135224333,0.6998727053403855,0.150127273810358,lm000_ls100_le000,0.00032728562273731893,0.2666666458353395,0.14666665520943675,0,0.08618195962152184,0.10231938986206536,0.016137430240543524,0.0030501794535666704,0.024418744900652066,0.9410526315789474
1,rough_seed_13,16,6,0.9551316101869018,7,10,wm040_ws040_we020,0.4,0.4,0.2,lm040_ls060_le000,0.4,0.6,0.0,3.0227897962475936e-10,0.9999517202377319,4.821920447284356e-05,0.15000000016625342,0.6999734461307526,0.15002652056246005,lm000_ls100_le000,6.823508719673682e-05,0.2666666463799753,0.14666665550898642,0,0.15610220709746428,0.16466341414444746,0.008561207046983182,0.0030501794535666704,0.024418744900652066,0.9410526315789474
1,rough_seed_13,16,6,0.9551316101869018,7,10,wm040_ws020_we040,0.4,0.2,0.4,lm040_ls020_le040,0.4,0.2,0.4,7.3465704006348e-12,0.9999502897262573,4.9685811973176897e-05,0.1500000000040406,0.6999726593494416,0.15002732719658524,lm000_ls100_le000,7.028364836151936e-05,0.5333002013023126,0.2933151107162719,0,0.21776439638815032,0.32808827040870964,0.11032387402055932,0.0030501794535666704,0.024418744900652066,0.9410526315789474
1,rough_seed_13,16,6,0.9551316101869018,7,10,wm040_ws000_we060,0.4,0.0,0.6,lm060_ls000_le040,0.6,0.0,0.4,2.9467103670327566e-12,0.9998334646224976,0.00016652951308060437,0.1500000000016207,0.6999084055423738,0.15009159123219432,lm000_ls100_le000,0.0002355124427429342,0.66655564503549,0.3666056047695196,0,0.2248266004422157,0.49151312667297176,0.26668652623075606,0.0030501794535666704,0.024418744900652066,0.9410526315789474
1,rough_seed_13,16,6,0.9551316101869018,7,10,wm020_ws080_we000,0.2,0.8,0.0,lm040_ls060_le000,0.4,0.6,0.0,1.2142682237481495e-07,0.99724280834198,0.002757080364972353,0.1500000667847523,0.698483544588089,0.1515163942007348,lm000_ls100_le000,0.003899179143450034,0.26666658909337665,0.1466666240013572,0,0.04309097981076092,0.051349486231338066,0.008258506420577148,0.0030501794535666704,0.024418744900652066,0.9410526315789474
1,rough_seed_13,16,6,0.9551316101869018,7,10,wm020_ws060_we020,0.2,0.6,0.2,lm040_ls060_le000,0.4,0.6,0.0,5.884085219065582e-09,0.9997681975364685,0.0002318397891940549,0.15000000323624688,0.6998725086450578,0.15012751188405674,lm000_ls100_le000,0.00032784458206204346,0.26666667714719244,0.1466666724309559,0,0.1556755637330013,0.1642339265046602,0.008558362771658917,0.0030501794535666704,0.024418744900652066,0.9410526315789474
1,rough_seed_13,16,6,0.9551316101869018,7,10,wm020_ws040_we040,0.2,0.4,0.4,lm020_ls000_le080,0.2,0.0,0.8,1.8901553933137194e-10,0.9998500347137451,0.0001500005164416507,0.15000000010395853,0.6999175190925598,0.1500825002840429,lm000_ls100_le000,0.000212107854673764,0.6665666780027627,0.36661167290151947,0,0.20263637541512522,0.3276587827689224,0.1250224073537972,0.0030501794535666704,0.024418744900652066,0.9410526315789474
1,rough_seed_13,16,6,0.9551316101869018,7,10,wm020_ws020_we060,0.2,0.2,0.6,lm040_ls000_le060,0.4,0.0,0.6,1.2219018115031122e-12,0.999818742275238,0.00018123775953426957,0.15000000000067204,0.6999003082513809,0.15009968076774385,lm000_ls100_le000,0.000256323015484145,0.6665458348381607,0.36660020916098834,0,0.14776604966765258,0.4910836390331845,0.3433175893655319,0.0030501794535666704,0.024418744900652066,0.9410526315789474
1,rough_seed_13,16,6,0.9551316101869018,7,10,wm020_ws000_we080,0.2,0.0,0.8,lm040_ls000_le060,0.4,0.0,0.6,9.627076696591685e-13,0.9999797344207764,2.0245377527317032e-05,0.1500000000005295,0.6999888539314271,0.15001113495764,lm000_ls100_le000,2.8645575792658322e-05,0.6666531630140954,0.36665923965775254,0,0.13532190971765484,0.6545084952974468,0.5191865855797919,0.0030501794535666704,0.024418744900652066,0.9410526315789474
1,rough_seed_13,16,6,0.9551316101869018,7,10,wm000_ws100_we000,0.0,1.0,0.0,lm040_ls060_le000,0.4,0.6,0.0,5.394091999733064e-07,0.975155234336853,0.02484414540231228,0.15000029667505999,0.6863353788852692,0.16366427997127175,lm000_ls100_le000,0.03513536597103954,0.26666628010998844,0.14666645406049364,0,0.0,0.03833784266168755,0.03833784266168755,0.0030501794535666704,0.024418744900652066,0.9410526315789474
1,rough_seed_13,16,6,0.9551316101869018,7,10,wm000_ws080_we020,0.0,0.8,0.2,lm020_ls000_le080,0.2,0.0,0.8,6.037392097368866e-08,0.9934211373329163,0.006578804925084114,0.15000003320565652,0.696381625533104,0.15361834270879626,lm000_ls100_le000,0.00930387597930584,0.6622807573446371,0.36425441653955043,0,0.12608753011067786,0.16380443886487295,0.03771690875419509,0.0030501794535666704,0.024418744900652066,0.9410526315789474
1,rough_seed_13,16,6,0.9551316101869018,7,10,wm000_ws060_we040,0.0,0.6,0.4,lm020_ls000_le080,0.2,0.0,0.8,2.2713209091307363e-09,0.9992604851722717,0.0007395457942038774,0.1500000012492265,0.6995932668447495,0.15040675018681213,lm000_ls100_le000,0.0010458537957859014,0.666173645702249,0.3663955051362369,0,0.09457327879809715,0.3272292951291352,0.23265601633103802,0.0030501794535666704,0.024418744900652066,0.9410526315789474
1,rough_seed_13,16,6,0.9551316101869018,7,10,wm000_ws040_we060,0.0,0.4,0.6,lm020_ls000_le080,0.2,0.0,0.8,3.7591268986503223e-10,0.9991932511329651,0.0008067687158472836,0.15000000020675197,0.6995562881231309,0.150443722793716,lm000_ls100_le000,0.0011409292245061176,0.6661288273470684,0.3663708550408877,0,0.06305902748551644,0.49065415139339724,0.4275951239078808,0.0030501794535666704,0.024418744900652066,0.9410526315789474
1,rough_seed_13,16,6,0.9551316101869018,7,10,wm000_ws020_we080,0.0,0.2,0.8,lm020_ls000_le080,0.2,0.0,0.8,3.5939542899869614e-13,0.9998292922973633,0.00017068404122255743,0.15000000000019767,0.6999061107635499,0.1500938762226724,lm000_ls100_le000,0.00024140041770380198,0.6665528694185938,0.36660407818022667,0,0.03154477617293572,0.6540790076576596,0.6225342314847239,0.0030501794535666704,0.024418744900652066,0.9410526315789474
1,rough_seed_13,16,6,0.9551316101869018,7,10,wm000_ws000_we100,0.0,0.0,1.0,lm040_ls000_le060,0.4,0.0,0.6,1.1852893883404492e-12,0.9999872446060181,1.2801664524886291e-05,0.15000000000065192,0.69999298453331,0.1500070409154887,lm000_ls100_le000,1.8071598995165904e-05,0.6666581476467693,0.3666619812057232,0,0.0,0.8175038639219216,0.8175038639219216,0.0030501794535666704,0.024418744900652066,0.9410526315789474
1,rough_seed_13,16,6,0.9551316101869018,7,10,balanced,0.3333333333333333,0.3333333333333333,0.3333333333333333,lm080_ls020_le000,0.8,0.2,0.0,8.631152043081514e-11,0.9999384880065918,6.150268745841458e-05,0.15000000004747133,0.6999661684036256,0.15003382647810212,lm000_ls100_le000,8.698451527522413e-05,0.5333333302025797,0.29333333161141883,0,0.2407611954219468,0.27347015577402645,0.03270896035207965,0.0030501794535666704,0.024418744900652066,0.9410526315789474
1,rough_seed_13,16,6,0.9551316101869018,7,10,motion,0.7,0.15,0.15,lm080_ls020_le000,0.8,0.2,0.0,2.2533138549496456e-11,0.9999914169311523,8.58584371599136e-06,0.15000000001239322,0.6999952793121339,0.1500047222140438,lm000_ls100_le000,1.2140254657936268e-05,0.5333333342507784,0.2933333338379282,0,0.10877888823607601,0.17993142256745365,0.07115253433137764,0.0030501794535666704,0.024418744900652066,0.9410526315789474
1,rough_seed_13,16,6,0.9551316101869018,7,10,stability,0.15,0.7,0.15,lm040_ls060_le000,0.4,0.6,0.0,2.7704370353376362e-08,0.9990739822387695,0.0009259360376745462,0.1500000152374037,0.6994906902313233,0.150509264820721,lm000_ls100_le000,0.0013095290912180074,0.26666663019069126,0.14666664660488019,0,0.11675667279975097,0.12327034052864783,0.00651366772889686,0.0030501794535666704,0.024418744900652066,0.9410526315789474
1,rough_seed_13,16,6,0.9551316101869018,7,10,energy,0.15,0.15,0.7,lm040_ls000_le060,0.4,0.0,0.6,3.426973873947581e-13,0.999849796295166,0.0001501705264672637,0.15000000000018848,0.6999173879623414,0.150082593789557,lm000_ls100_le000,0.00021239665714250272,0.6665665419227853,0.3666115980575319,0,0.11082453725073943,0.5726886952553688,0.4618641580046294,0.0030501794535666704,0.024418744900652066,0.9410526315789474
2,rough_seed_7,16,6,0.9617853073716038,7,10,wm100_ws000_we000,1.0,0.0,0.0,lm100_ls000_le000,1.0,0.0,0.0,1.2340714387881757e-11,0.9992289543151855,0.0007710250210948288,0.1500000000067874,0.6995759248733521,0.15042406376160214,lm000_ls100_le000,0.0010904086533154761,0.6666666597746466,0.3666666628760557,0,0.0,0.1556219893731322,0.1556219893731322,0.00332850543782115,0.02505099883807316,0.9305263157894736
2,rough_seed_7,16,6,0.9617853073716038,7,10,wm080_ws020_we000,0.8,0.2,0.0,lm080_ls020_le000,0.8,0.2,0.0,9.130834109638553e-12,0.8311878442764282,0.1688121110200882,0.15000000000502195,0.6071533143520356,0.24284666106104852,lm000_ls080_le020,0.04410630396705258,0.5333333184291286,0.2933333251360208,0,0.0800047950810735,0.25676418518128025,0.17675939010020675,0.00332850543782115,0.02505099883807316,0.9305263157894736
2,rough_seed_7,16,6,0.9617853073716038,7,10,wm080_ws000_we020,0.8,0.0,0.2,lm000_ls100_le000,0.0,1.0,0.0,3.660851136122467e-11,0.9973050355911255,0.0026949685998260975,0.15000000002013467,0.6985177695751191,0.15148223272990435,lm000_ls100_le000,0.0038112581805945637,0.0017966443484363735,0.0009881543916399893,1,0.13792513460456318,0.13792513460456318,0.0,0.00332850543782115,0.02505099883807316,0.9305263157894736
2,rough_seed_7,16,6,0.9617853073716038,7,10,wm060_ws040_we000,0.6,0.4,0.0,lm080_ls020_le000,0.8,0.2,0.0,3.761081886471257e-13,0.02021816000342369,0.9797818660736084,0.15000000000020686,0.161119988001883,0.6888800263404847,lm000_ls000_le100,0.028592777643830766,0.6531879020232695,0.3592533461127983,0,0.15957924677669388,0.6532746726273024,0.49369542585060855,0.00332850543782115,0.02505099883807316,0.9305263157894736
2,rough_seed_7,16,6,0.9617853073716038,7,10,wm060_ws020_we020,0.6,0.2,0.2,lm000_ls100_le000,0.0,1.0,0.0,1.322111951168603e-11,0.46909332275390625,0.5309066772460938,0.15000000000727162,0.40800132751464846,0.44199867248535163,lm000_ls040_le060,0.09771271410799576,0.35393778483513616,0.19466578165932494,0,0.13855825830360913,0.5503236880120252,0.4117654297084161,0.00332850543782115,0.02505099883807316,0.9305263157894736
2,rough_seed_7,16,6,0.9617853073716038,7,10,wm060_ws000_we040,0.6,0.0,0.4,lm040_ls040_le020,0.4,0.4,0.2,5.591199725429874e-11,0.9916242957115173,0.008375763893127441,0.1500000000307516,0.6953933626413346,0.1546066701412201,lm000_ls100_le000,0.011845076746122174,0.3944161772541593,0.2169288974897876,0,0.19151342886230452,0.2743094574331547,0.0827960285708502,0.00332850543782115,0.02505099883807316,0.9305263157894736
2,rough_seed_7,16,6,0.9617853073716038,7,10,wm040_ws060_we000,0.4,0.6,0.0,lm080_ls020_le000,0.8,0.2,0.0,1.734063637310896e-14,0.0038620042614638805,0.9961380362510681,0.15000000000000954,0.15212410234380513,0.6978759199380875,lm000_ls000_le100,0.005461670157893938,0.6640920106631957,0.3652506058647576,0,0.23915369847231424,0.4986527684660576,0.2594990699937434,0.00332850543782115,0.02505099883807316,0.9305263157894736
2,rough_seed_7,16,6,0.9617853073716038,7,10,wm040_ws040_we020,0.4,0.4,0.2,lm020_ls080_le000,0.2,0.8,0.0,1.2179489459075016e-13,0.02216135896742344,0.9778386354446411,0.15000000000006697,0.1621887474320829,0.6878112494945526,lm000_ls000_le100,0.031340898363616136,0.6518924254923654,0.35854083402080095,0,0.18407690973964297,0.43689253482204354,0.2528156250824006,0.00332850543782115,0.02505099883807316,0.9305263157894736
2,rough_seed_7,16,6,0.9617853073716038,7,10,wm040_ws020_we040,0.4,0.2,0.4,lm040_ls020_le040,0.4,0.2,0.4,9.308227799653679e-12,0.3277699053287506,0.6722301244735718,0.1500000000051195,0.3302734479308128,0.5197265684604645,lm000_ls040_le060,0.10214880056899997,0.2666666765976714,0.14666667212871928,0,0.18335006280574745,0.36808897422439707,0.18473891141864962,0.00332850543782115,0.02505099883807316,0.9305263157894736
2,rough_seed_7,16,6,0.9617853073716038,7,10,wm040_ws000_we060,0.4,0.0,0.6,lm040_ls020_le040,0.4,0.2,0.4,1.2372507532387722e-11,0.9781206250190735,0.02187938801944256,0.15000000000680488,0.6879663437604905,0.1620336634106934,lm000_ls100_le000,0.03094211805389734,0.5187470789957529,0.2853108934476641,0,0.18218737676117047,0.4106937802617463,0.22850640350057583,0.00332850543782115,0.02505099883807316,0.9305263157894736
2,rough_seed_7,16,6,0.9617853073716038,7,10,wm020_ws080_we000,0.2,0.8,0.0,lm000_ls060_le040,0.0,0.6,0.4,1.2937934607919866e-16,0.008199046365916729,0.9918009638786316,0.15000000000000008,0.15450947550125418,0.6954905301332475,lm000_ls000_le100,0.01159519532521795,0.39453397250423833,0.21699368487733114,0,0.193752997998557,0.6612949368580506,0.46754193885949363,0.00332850543782115,0.02505099883807316,0.9305263157894736
2,rough_seed_7,16,6,0.9617853073716038,7,10,wm020_ws060_we020,0.2,0.6,0.2,lm000_ls060_le040,0.0,0.6,0.4,2.1763583813924208e-16,0.032535430043935776,0.9674646258354187,0.1500000000000001,0.16789448652416467,0.6821055442094803,lm000_ls000_le100,0.046012006913121524,0.3783097319304944,0.2080703525617719,0,0.14662411497341107,0.49679589646237865,0.35017178148896755,0.00332850543782115,0.02505099883807316,0.9305263157894736
2,rough_seed_7,16,6,0.9617853073716038,7,10,wm020_ws040_we040,0.2,0.4,0.4,lm000_ls040_le060,0.0,0.4,0.6,1.2412311541814321e-14,0.20889809727668762,0.79110187292099,0.15000000000000682,0.2648939535021782,0.5851060301065445,lm000_ls020_le080,0.012583830921448661,0.12740125854810494,0.07007069220145772,0,0.193157007511989,0.25884505410697867,0.06568804659498967,0.00332850543782115,0.02505099883807316,0.9305263157894736
2,rough_seed_7,16,6,0.9617853073716038,7,10,wm020_ws020_we060,0.2,0.2,0.6,lm040_ls020_le040,0.4,0.2,0.4,4.616878168835215e-13,0.6492329835891724,0.3507670760154724,0.15000000000025393,0.5070781409740448,0.34292189180850985,lm000_ls060_le040,0.06962591096106385,0.2994886358577461,0.16471874972176034,0,0.17038578739111646,0.2988843720276392,0.12849858463652272,0.00332850543782115,0.02505099883807316,0.9305263157894736
2,rough_seed_7,16,6,0.9617853073716038,7,10,wm020_ws000_we080,0.2,0.0,0.8,lm020_ls020_le060,0.2,0.2,0.6,1.2900149004568817e-10,0.7094181180000305,0.29058191180229187,0.15000000007095082,0.5401799649000169,0.3098200514912606,lm000_ls080_le020,0.1281021471030622,0.339612068689579,0.1867866377792685,0,0.202,0.42622586663645956,0.22422586663645955,0.00332850543782115,0.02505099883807316,0.9305263157894736
2,rough_seed_7,16,6,0.9617853073716038,7,10,wm000_ws100_we000,0.0,1.0,0.0,lm020_ls020_le060,0.2,0.2,0.6,1.9616038927069528e-20,0.014092603698372841,0.9859074354171753,0.15,0.15775093203410506,0.6922490894794465,lm000_ls000_le100,0.019929923620537967,0.2572716105729342,0.14149938581511382,0,0.0,0.8239371052500434,0.8239371052500434,0.00332850543782115,0.02505099883807316,0.9305263157894736
2,rough_seed_7,16,6,0.9617853073716038,7,10,wm000_ws080_we020,0.0,0.8,0.2,lm020_ls020_le060,0.2,0.2,0.6,9.999873020623928e-20,0.15388673543930054,0.8461132645606995,0.15,0.2346377044916153,0.6153622955083847,lm000_ls020_le080,0.06521400414703976,0.164075509707133,0.09024153033892317,0,0.0,0.5131643911691384,0.5131643911691384,0.00332850543782115,0.02505099883807316,0.9305263157894736
2,rough_seed_7,16,6,0.9617853073716038,7,10,wm000_ws060_we040,0.0,0.6,0.4,lm020_ls020_le060,0.2,0.2,0.6,3.7325155123565833e-19,0.6551828384399414,0.3448171615600586,0.15,0.5103505611419678,0.3396494388580322,lm000_ls060_le040,0.07804031853200853,0.3034552256266276,0.16690037409464517,0,0.0,0.19949071832047377,0.19949071832047377,0.00332850543782115,0.02505099883807316,0.9305263157894736
2,rough_seed_7,16,6,0.9617853073716038,7,10,wm000_ws040_we060,0.0,0.4,0.6,lm020_ls020_le060,0.2,0.2,0.6,3.256691863240239e-16,0.7459192872047424,0.25408074259757996,0.15000000000000016,0.5602556079626083,0.289744408428669,lm000_ls080_le020,0.07648169857128462,0.3639461815357207,0.20017039984464638,0,0.0,0.3222773170922544,0.3222773170922544,0.00332850543782115,0.02505099883807316,0.9305263157894736
2,rough_seed_7,16,6,0.9617853073716038,7,10,wm000_ws020_we080,0.0,0.2,0.8,lm020_ls020_le060,0.2,0.2,0.6,6.006315236839477e-12,0.26574963331222534,0.7342503666877747,0.15000000000330346,0.2961622983217239,0.5538377016782761,lm000_ls020_le080,0.09298402315120695,0.13333333333133124,0.07333333333223217,0,0.0,0.12893475537083043,0.12893475537083043,0.00332850543782115,0.02505099883807316,0.9305263157894736
2,rough_seed_7,16,6,0.9617853073716038,7,10,wm000_ws000_we100,0.0,0.0,1.0,lm020_ls020_le060,0.2,0.2,0.6,3.5698726197352926e-09,0.041969962418079376,0.9580300450325012,0.15000000196342994,0.17308347932994367,0.6769165247678758,lm000_ls000_le100,0.05935448479558123,0.23868669301484977,0.1312776811581674,0,0.0,0.14563223044009582,0.14563223044009582,0.00332850543782115,0.02505099883807316,0.9305263157894736
2,rough_seed_7,16,6,0.9617853073716038,7,10,balanced,0.3333333333333333,0.3333333333333333,0.3333333333333333,lm000_ls060_le040,0.0,0.6,0.4,4.357463283428953e-13,0.09411513060331345,0.905884861946106,0.15000000000023966,0.20176332183182238,0.6482366740703583,lm000_ls000_le100,0.13309889939207717,0.33725657711440943,0.1854911174129252,0,0.22386239429317928,0.3643174295636502,0.14045503527047093,0.00332850543782115,0.02505099883807316,0.9305263157894736
2,rough_seed_7,16,6,0.9617853073716038,7,10,motion,0.7,0.15,0.15,lm000_ls100_le000,0.0,1.0,0.0,1.5638601524869955e-11,0.8744961023330688,0.12550391256809235,0.15000000000860123,0.6309728562831879,0.21902715191245078,lm000_ls080_le020,0.1053533877266483,0.08366927008355403,0.04601809854595473,0,0.11065640030868305,0.22526614246393714,0.11460974215525409,0.00332850543782115,0.02505099883807316,0.9305263157894736
2,rough_seed_7,16,6,0.9617853073716038,7,10,stability,0.15,0.7,0.15,lm020_ls020_le060,0.2,0.2,0.6,3.9301379149256325e-17,0.033959418535232544,0.9660406112670898,0.15000000000000002,0.1686776801943779,0.6813223361968995,lm000_ls000_le100,0.0480258491894105,0.24402706424395246,0.1342148853341739,0,0.1515,0.5785811986592948,0.42708119865929484,0.00332850543782115,0.02505099883807316,0.9305263157894736
2,rough_seed_7,16,6,0.9617853073716038,7,10,energy,0.15,0.15,0.7,lm020_ls020_le060,0.2,0.2,0.6,2.1127140835408564e-12,0.6025246381759644,0.39747536182403564,0.15000000000116198,0.48138855099678046,0.3686114490032196,lm000_ls060_le040,0.0035703775485336955,0.268349758783272,0.1475923673307996,0,0.1515,0.3479518581698677,0.19645185816986768,0.00332850543782115,0.02505099883807316,0.9305263157894736
3,rough_seed_15,16,6,0.9606309127785133,7,10,wm100_ws000_we000,1.0,0.0,0.0,lm040_ls060_le000,0.4,0.6,0.0,0.0009590634726919234,0.9878899455070496,0.01115103717893362,0.15052748490998055,0.6933394700288773,0.15613307044841349,lm000_ls100_le000,0.016489962181061572,0.26602730640443045,0.14631501852243675,0,0.0,0.04334695684378129,0.04334695684378129,0.0024037857074290514,0.020885648086432996,0.9515789473684211
3,rough_seed_15,16,6,0.9606309127785133,7,10,wm080_ws020_we000,0.8,0.2,0.0,lm080_ls020_le000,0.8,0.2,0.0,8.522730058757588e-05,0.6823330521583557,0.3175816535949707,0.15004687501532316,0.5252831786870956,0.3246699094772339,lm000_ls060_le040,0.11649687792186837,0.5332764928175796,0.2933020710496688,0,0.0962897550200626,0.673436038978238,0.5771462839581754,0.0024037857074290514,0.020885648086432996,0.9515789473684211
3,rough_seed_15,16,6,0.9606309127785133,7,10,wm080_ws000_we020,0.8,0.0,0.2,lm020_ls060_le020,0.2,0.6,0.2,0.022943615913391113,0.4445129334926605,0.532543420791626,0.1626189887523651,0.3944821134209633,0.44289888143539435,lm000_ls040_le060,0.08401309920362936,0.22169562379519145,0.12193259308735531,0,0.05259529022903838,0.8088294257062947,0.7562341354772563,0.0024037857074290514,0.020885648086432996,0.9515789473684211
3,rough_seed_15,16,6,0.9606309127785133,7,10,wm060_ws040_we000,0.6,0.4,0.0,lm060_ls040_le000,0.6,0.4,0.0,0.00014302604540716857,0.014236061833798885,0.98562091588974,0.15007866432497394,0.15782983400858938,0.692091503739357,lm000_ls000_le100,0.020234721960910213,0.6570806093368446,0.3613943351352645,0,0.13357670966840973,1.016773978116544,0.8831972684481342,0.0024037857074290514,0.020885648086432996,0.9515789473684211
3,rough_seed_15,16,6,0.9606309127785133,7,10,wm060_ws020_we020,0.6,0.2,0.2,lm060_ls040_le000,0.6,0.4,0.0,9.692755702417344e-05,0.012899491935968399,0.9870036244392395,0.15005331015636328,0.1570947205647826,0.6928519934415818,lm000_ls000_le100,0.018311528196023323,0.658002401648749,0.361901320906812,0,0.0989941531530156,1.0185752243606283,0.9195810712076127,0.0024037857074290514,0.020885648086432996,0.9515789473684211
3,rough_seed_15,16,6,0.9606309127785133,7,10,wm060_ws000_we040,0.6,0.0,0.4,lm000_ls080_le020,0.0,0.8,0.2,0.5163492560386658,0.06756774336099625,0.41608303785324097,0.4339920908212662,0.18716225884854792,0.37884567081928255,lm060_ls000_le040,0.10872677229997645,0.4882881835103035,0.26855850093066697,0,0.10375638555318287,0.3570810046778294,0.25332461912464654,0.0024037857074290514,0.020885648086432996,0.9515789473684211
3,rough_seed_15,16,6,0.9606309127785133,7,10,wm040_ws060_we000,0.4,0.6,0.0,lm060_ls040_le000,0.6,0.4,0.0,7.213994194898987e-06,0.0006685057305730879,0.9993243217468262,0.15000396769680718,0.1503676781518152,0.6996283769607544,lm000_ls000_le100,0.0009505225170049039,0.6662162006740194,0.36641891037071067,0,0.19963632702685763,0.6799564783133918,0.48032015128653416,0.0024037857074290514,0.020885648086432996,0.9515789473684211
3,rough_seed_15,16,6,0.9606309127785133,7,10,wm040_ws040_we020,0.4,0.4,0.2,lm060_ls040_le000,0.6,0.4,0.0,6.9032444116601255e-06,6.641916843364015e-05,0.9999266862869263,0.1500037967844264,0.1500365305426385,0.6999596774578095,lm000_ls000_le100,9.916683540115947e-05,0.666617787958027,0.36663978337691483,0,0.13425019216796522,0.6817577245574763,0.5475075323895111,0.0024037857074290514,0.020885648086432996,0.9515789473684211
3,rough_seed_15,16,6,0.9606309127785133,7,10,wm040_ws020_we040,0.4,0.2,0.4,lm000_ls080_le020,0.0,0.8,0.2,0.0001230415073223412,0.001593993161804974,0.9982830286026001,0.15006767282902728,0.15087669623899272,0.6990556657314301,lm000_ls000_le100,0.0023460486337445233,0.5322706923160392,0.2927488807738216,0,0.11883651661357011,0.6835589708015608,0.5647224541879907,0.0024037857074290514,0.020885648086432996,0.9515789473684211
3,rough_seed_15,16,6,0.9606309127785133,7,10,wm040_ws000_we060,0.4,0.0,0.6,lm000_ls080_le020,0.0,0.8,0.2,0.0039293644949793816,0.6088299751281738,0.3872406482696533,0.15216115047223866,0.4848564863204956,0.36298235654830935,lm000_ls060_le040,0.016006543120776415,0.12744667921215297,0.07009567356668416,0,0.06917092370212191,0.6093329045289048,0.5401619808267828,0.0024037857074290514,0.020885648086432996,0.9515789473684211
3,rough_seed_15,16,6,0.9606309127785133,7,10,wm020_ws080_we000,0.2,0.8,0.0,lm000_ls060_le040,0.0,0.6,0.4,9.544767465285986e-08,0.00029692790121771395,0.9997029900550842,0.15000005249622106,0.15016331034566974,0.6998366445302964,lm000_ls000_le100,0.0004199774934573098,0.39980205253384704,0.21989112889361587,0,0.16906897526761827,0.5141228240430271,0.34505384877540884,0.0024037857074290514,0.020885648086432996,0.9515789473684211
3,rough_seed_15,16,6,0.9606309127785133,7,10,wm020_ws060_we020,0.2,0.6,0.2,lm020_ls040_le040,0.2,0.4,0.4,7.846856533433311e-07,3.769654881580209e-07,0.9999988079071045,0.15000043157710932,0.1500002073310185,0.6999993443489075,lm000_ls000_le100,1.4761165351506858e-06,0.3999992154186544,0.21999956848025992,0,0.13665082942840379,0.38949449614535786,0.2528436667169541,0.0024037857074290514,0.020885648086432996,0.9515789473684211
3,rough_seed_15,16,6,0.9606309127785133,7,10,wm020_ws040_we040,0.2,0.4,0.4,lm060_ls040_le000,0.6,0.4,0.0,5.6015789340335687e-08,2.8854827860413934e-07,0.9999996423721313,0.15000003080868413,0.15000015870155323,0.6999998033046723,lm000_ls000_le100,4.629206953438687e-07,0.6666664326026878,0.36666653793147824,0,0.19653083135451732,0.6251154170645873,0.42858458571006997,0.0024037857074290514,0.020885648086432996,0.9515789473684211
3,rough_seed_15,16,6,0.9606309127785133,7,10,wm020_ws020_we060,0.2,0.2,0.6,lm000_ls080_le020,0.0,0.8,0.2,2.5677995836304035e-06,0.0008200221927836537,0.9991773962974548,0.15000141228977099,0.150451012206031,0.6995475679636002,lm000_ls000_le100,0.0011615161822779007,0.5327866473014183,0.2930326560157801,0,0.11849408629821308,0.9334708618588745,0.8149767755606614,0.0024037857074290514,0.020885648086432996,0.9515789473684211
3,rough_seed_15,16,6,0.9606309127785133,7,10,wm020_ws000_we080,0.2,0.0,0.8,lm000_ls080_le020,0.0,0.8,0.2,4.4421336497180164e-05,0.22901087999343872,0.7709447145462036,0.15002443173507343,0.2759559839963913,0.574019593000412,lm000_ls020_le080,0.04105901538091766,0.38065941862975405,0.20936268024636476,0,0.034585461851060956,0.7093202556305883,0.6747347937795274,0.0024037857074290514,0.020885648086432996,0.9515789473684211
3,rough_seed_15,16,6,0.9606309127785133,7,10,wm000_ws100_we000,0.0,1.0,0.0,lm000_ls040_le060,0.0,0.4,0.6,1.164523855123889e-08,1.2096038517483976e-05,0.9999878406524658,0.1500000064048812,0.1500066528211846,0.6999933123588563,lm000_ls000_le100,1.715121033294731e-05,0.266658585419729,0.14666222198085097,0,0.0,0.638469349415856,0.638469349415856,0.0024037857074290514,0.020885648086432996,0.9515789473684211
3,rough_seed_15,16,6,0.9606309127785133,7,10,wm000_ws080_we020,0.0,0.8,0.2,lm000_ls040_le060,0.0,0.4,0.6,8.500726522697732e-08,1.0601802102883084e-08,0.9999998807907104,0.15000004675399586,0.15000000583099116,0.6999999344348908,lm000_ls000_le100,1.4679743888910448e-07,0.2666666517320579,0.14666665845263185,0,0.0837719963357539,0.5138410215181869,0.430069025182433,0.0024037857074290514,0.020885648086432996,0.9515789473684211
3,rough_seed_15,16,6,0.9606309127785133,7,10,wm000_ws060_we040,0.0,0.6,0.4,lm000_ls040_le060,0.0,0.4,0.6,4.401864650560583e-09,2.8921356975963874e-10,1.0,0.15000000242102554,0.15000000015906745,0.7000000000000001,lm000_ls000_le100,4.4113554482480726e-09,0.2666666680375504,0.14666666742065274,0,0.1675439926715078,0.6230323682956626,0.4554883756241548,0.0024037857074290514,0.020885648086432996,0.9515789473684211
3,rough_seed_15,16,6,0.9606309127785133,7,10,wm000_ws040_we060,0.0,0.4,0.6,lm000_ls080_le020,0.0,0.8,0.2,1.2474183908040004e-09,1.1741679628585189e-07,0.9999998807907104,0.1500000006860801,0.15000006457923795,0.6999999344348908,lm000_ls000_le100,1.6732936029841554e-07,0.5333332548737776,0.2933332901805777,0,0.23630331196571208,0.9313878130899498,0.6950845011242377,0.0024037857074290514,0.020885648086432996,0.9515789473684211
3,rough_seed_15,16,6,0.9606309127785133,7,10,wm000_ws020_we080,0.0,0.2,0.8,lm000_ls080_le020,0.0,0.8,0.2,9.332667083583601e-09,4.855962106375955e-05,0.9999514818191528,0.15000000513296688,0.15002670779158506,0.6999733150005342,lm000_ls000_le100,6.864437892262623e-05,0.5333009771769187,0.2933155374473054,0,0.11815165598285604,1.2397432578842373,1.1215916019013812,0.0024037857074290514,0.020885648086432996,0.9515789473684211
3,rough_seed_15,16,6,0.9606309127785133,7,10,wm000_ws000_we100,0.0,0.0,1.0,lm000_ls080_le020,0.0,0.8,0.2,1.0859072062885389e-05,0.0007900467608124018,0.9991990923881531,0.15000597248963457,0.15043452571844682,0.6995595008134843,lm000_ls000_le100,0.0011250532460424165,0.5328066348998012,0.2930436491948907,0,0.0,1.5480987026785247,1.5480987026785247,0.0024037857074290514,0.020885648086432996,0.9515789473684211
3,rough_seed_15,16,6,0.9606309127785133,7,10,balanced,0.3333333333333333,0.3333333333333333,0.3333333333333333,lm060_ls040_le000,0.6,0.4,0.0,1.1382853699615225e-06,2.174155270040501e-05,0.9999771118164062,0.15000062605695347,0.15001195785398522,0.6999874114990235,lm000_ls000_le100,3.158891824088257e-05,0.6666514106594453,0.3666582758626949,0,0.16401860528735004,0.5706860554524819,0.40666745016513184,0.0024037857074290514,0.020885648086432996,0.9515789473684211
3,rough_seed_15,16,6,0.9606309127785133,7,10,motion,0.7,0.15,0.15,lm040_ls060_le000,0.4,0.6,0.0,0.00022993184393271804,0.13083003461360931,0.8689400553703308,0.15012646251416298,0.22195651903748512,0.627917030453682,lm000_ls020_le080,0.09765893822211878,0.5792933629709296,0.3186113496340113,0,0.08084593725688764,0.9073779861482598,0.8265320488913722,0.0024037857074290514,0.020885648086432996,0.9515789473684211
3,rough_seed_15,16,6,0.9606309127785133,7,10,stability,0.15,0.7,0.15,lm000_ls040_le060,0.0,0.4,0.6,3.5202458548155846e-07,5.676056957781839e-07,0.9999990463256836,0.15000019361352201,0.15000031218313267,0.699999475479126,lm000_ls000_le100,1.1642990322233491e-06,0.2666662769148578,0.1466664523031718,0,0.15212206927972094,0.45173820946298243,0.2996161401832615,0.0024037857074290514,0.020885648086432996,0.9515789473684211
3,rough_seed_15,16,6,0.9606309127785133,7,10,energy,0.15,0.15,0.7,lm000_ls080_le020,0.0,0.8,0.2,1.352828348899493e-06,0.003137820865958929,0.9968608617782593,0.15000074405559188,0.1517258014762774,0.6982734739780426,lm000_ls000_le100,0.004438480640059759,0.5312414645802165,0.29218280551911907,0,0.08887056472365981,1.087127822063787,0.9982572573401272,0.0024037857074290514,0.020885648086432996,0.9515789473684211
4,rough_seed_0,16,6,0.9627390765219628,7,10,wm100_ws000_we000,1.0,0.0,0.0,lm080_ls020_le000,0.8,0.2,0.0,0.990094006061554,0.00990600697696209,4.765861316702313e-12,0.6945517033338547,0.15544830383732913,0.15000000000262123,lm100_ls000_le000,0.014009200196162213,0.1267293330297859,0.06970113316638225,0,0.0,0.10619701109911484,0.10619701109911484,0.003364980686455965,0.02816766897281179,0.9263157894736842
4,rough_seed_0,16,6,0.9627390765219628,7,10,wm080_ws020_we000,0.8,0.2,0.0,lm100_ls000_le000,1.0,0.0,0.0,0.9747398495674133,0.025260183960199356,4.158037629486966e-12,0.6861069172620774,0.16389310117810965,0.15000000000228692,lm100_ls000_le000,0.035723271036958826,0.01684011146564802,0.009262061306106415,1,0.1321155908798785,0.1321155908798785,0.0,0.003364980686455965,0.02816766897281179,0.9263157894736842
4,rough_seed_0,16,6,0.9627390765219628,7,10,wm080_ws000_we020,0.8,0.0,0.2,lm060_ls040_le000,0.6,0.4,0.0,0.9991612434387207,0.000838723499327898,2.5884124081306317e-14,0.6995386838912965,0.15046129792463034,0.15000000000001423,lm100_ls000_le000,0.0011861575263909534,0.2661075066464729,0.1463591286555601,0,0.07240453062202368,0.08495760887929187,0.012553078257268188,0.003364980686455965,0.02816766897281179,0.9263157894736842
4,rough_seed_0,16,6,0.9627390765219628,7,10,wm060_ws040_we000,0.6,0.4,0.0,lm100_ls000_le000,1.0,0.0,0.0,0.9873628616333008,0.012637188658118248,1.1485682196998859e-11,0.6930495738983155,0.15695045376196504,0.1500000000063171,lm100_ls000_le000,0.01787164802921023,0.008424775678767716,0.004633626623322257,1,0.26317972620432023,0.26317972620432023,0.0,0.003364980686455965,0.02816766897281179,0.9263157894736842
4,rough_seed_0,16,6,0.9627390765219628,7,10,wm060_ws020_we020,0.6,0.2,0.2,lm100_ls000_le000,1.0,0.0,0.0,0.517146646976471,0.48285332322120667,1.3938235331537041e-12,0.4344306558370591,0.41556932777166367,0.1500000000007666,lm060_ls040_le000,0.11717231446053827,0.3219022254153765,0.17704622397845707,0,0.13190529976879115,0.1326922543348291,0.0007869545660379451,0.003364980686455965,0.02816766897281179,0.9263157894736842
4,rough_seed_0,16,6,0.9627390765219628,7,10,wm060_ws000_we040,0.6,0.0,0.4,lm060_ls040_le000,0.6,0.4,0.0,0.9952431321144104,0.004756883718073368,1.2830470532050088e-14,0.6973837226629258,0.15261628604494035,0.15000000000000704,lm100_ls000_le000,0.006727238273483791,0.26349541613211663,0.14492247887266416,0,0.0545652943321587,0.0637182066594689,0.009152912327310199,0.003364980686455965,0.02816766897281179,0.9263157894736842
4,rough_seed_0,16,6,0.9627390765219628,7,10,wm040_ws060_we000,0.4,0.6,0.0,lm060_ls000_le040,0.6,0.0,0.4,0.9999922513961792,7.723239832557738e-06,1.3498474907280844e-11,0.6999957382678986,0.1500042477819079,0.15000000000742417,lm100_ls000_le000,1.094026026578514e-05,0.2666666582075044,0.14666666201412745,0,0.2718203446830262,0.3942438615287619,0.12242351684573571,0.003364980686455965,0.02816766897281179,0.9263157894736842
4,rough_seed_0,16,6,0.9627390765219628,7,10,wm040_ws040_we020,0.4,0.4,0.2,lm100_ls000_le000,1.0,0.0,0.0,0.7059085965156555,0.29409143328666687,1.003399967280938e-11,0.5382497280836106,0.3117502883076668,0.1500000000055187,lm080_ls020_le000,0.133065359983705,0.19606094559368178,0.10783352007652498,0,0.26296943509323284,0.40496923238952953,0.1419997972962967,0.003364980686455965,0.02816766897281179,0.9263157894736842
4,rough_seed_0,16,6,0.9627390765219628,7,10,wm040_ws020_we040,0.4,0.2,0.4,lm100_ls000_le000,1.0,0.0,0.0,0.012012352235615253,0.9879876375198364,3.8270320072697483e-13,0.15660679372958838,0.6933932006359101,0.1500000000002105,lm000_ls100_le000,0.016988038691600992,0.6586584284282013,0.36226213563551074,0,0.13169500865770378,0.28530761232936086,0.15361260367165708,0.003364980686455965,0.02816766897281179,0.9263157894736842
4,rough_seed_0,16,6,0.9627390765219628,7,10,wm040_ws000_we060,0.4,0.0,0.6,lm100_ls000_le000,1.0,0.0,0.0,0.5246224999427795,0.4753774404525757,3.645038643747961e-13,0.43854237496852877,0.41145759224891665,0.15000000000020047,lm060_ls040_le000,0.10659984073185971,0.3169183135033869,0.1743050724268628,0,0.04247880443964593,0.06384108008844247,0.021362275648796537,0.003364980686455965,0.02816766897281179,0.9263157894736842
4,rough_seed_0,16,6,0.9627390765219628,7,10,wm020_ws080_we000,0.2,0.8,0.0,lm060_ls000_le040,0.6,0.0,0.4,1.0,5.255478185972606e-08,3.2247246539718333e-10,0.7000000000000001,0.15000002890513,0.15000000017735984,lm100_ls000_le000,5.2555771184659926e-08,0.2666666840774365,0.14666667624259008,0,0.1364945676812423,0.5253079968532036,0.3888134291719613,0.003364980686455965,0.02816766897281179,0.9263157894736842
4,rough_seed_0,16,6,0.9627390765219628,7,10,wm020_ws060_we020,0.2,0.6,0.2,lm000_ls060_le040,0.0,0.6,0.4,0.9999613761901855,3.8677073462167755e-05,6.049510718753037e-12,0.6999787569046021,0.1500212723904042,0.15000000000332722,lm100_ls000_le000,5.465999173235396e-05,0.666640899703558,0.3666524948369569,0,0.14786028400704418,0.39403357041767456,0.24617328641063038,0.003364980686455965,0.02816766897281179,0.9263157894736842
4,rough_seed_0,16,6,0.9627390765219628,7,10,wm020_ws040_we040,0.2,0.4,0.4,lm000_ls040_le060,0.0,0.4,0.6,0.05782520771026611,0.9421747922897339,3.96386656137393e-12,0.18180386424064637,0.6681961357593537,0.1500000000021801,lm000_ls100_le000,0.0817771929908996,0.39999999999867875,0.2199999999992733,0,0.2039002745098202,0.5462781307096136,0.34237785619979344,0.003364980686455965,0.02816766897281179,0.9263157894736842
4,rough_seed_0,16,6,0.9627390765219628,7,10,wm020_ws020_we060,0.2,0.2,0.6,lm100_ls000_le000,1.0,0.0,0.0,3.196686884621158e-05,0.9999680519104004,1.142998591824665e-13,0.15001758177786542,0.6999824285507202,0.15000000000006286,lm000_ls100_le000,4.519470248707874e-05,0.6666453616805562,0.3666549489243059,0,0.13148471754661642,0.426130534382292,0.2946458168356756,0.003364980686455965,0.02816766897281179,0.9263157894736842
4,rough_seed_0,16,6,0.9627390765219628,7,10,wm020_ws000_we080,0.2,0.0,0.8,lm100_ls000_le000,1.0,0.0,0.0,0.0008689144742675126,0.9991311430931091,4.988281922940763e-13,0.15047790296084712,0.6995221287012101,0.15000000000027436,lm000_ls100_le000,0.0012287899284432453,0.6660874095397802,0.3663480752468791,0,0.021239402219822966,0.5645072547375974,0.5432678525177744,0.003364980686455965,0.02816766897281179,0.9263157894736842
4,rough_seed_0,16,6,0.9627390765219628,7,10,wm000_ws100_we000,0.0,1.0,0.0,lm000_ls040_le060,0.0,0.4,0.6,1.0,2.8114454764249786e-08,1.6994386342616963e-08,0.7000000000000001,0.1500000154629501,0.1500000093469125,lm100_ls000_le000,3.285166257365331e-08,0.6666666516303863,0.3666666583967125,0,0.0,0.6563721321776453,0.6563721321776453,0.003364980686455965,0.02816766897281179,0.9263157894736842
4,rough_seed_0,16,6,0.9627390765219628,7,10,wm000_ws080_we020,0.0,0.8,0.2,lm000_ls040_le060,0.0,0.4,0.6,0.9999998807907104,1.3218469518960774e-07,9.149168922473194e-11,0.6999999344348908,0.15000007270158236,0.15000000005032044,lm100_ls000_le000,1.7799903575104193e-07,0.6666665828381745,0.366666620560996,0,0.09596386274592054,0.5250977057421163,0.4291338429961958,0.003364980686455965,0.02816766897281179,0.9263157894736842
4,rough_seed_0,16,6,0.9627390765219628,7,10,wm000_ws060_we040,0.0,0.6,0.4,lm000_ls040_le060,0.0,0.4,0.6,0.9982588887214661,0.0017411337466910481,1.2746904226590416e-11,0.6990423887968064,0.15095762356068007,0.1500000000070108,lm100_ls000_le000,0.0024623190711409604,0.665505918320676,0.3660282550763718,0,0.1919277254918411,0.39382327930658717,0.20189555381474608,0.003364980686455965,0.02816766897281179,0.9263157894736842
4,rough_seed_0,16,6,0.9627390765219628,7,10,wm000_ws040_we060,0.0,0.4,0.6,lm100_ls000_le000,1.0,0.0,0.0,0.0014152613002806902,0.9985847473144531,1.601633539335956e-12,0.15077839371515436,0.6992216110229493,0.1500000000008809,lm000_ls100_le000,0.0020014756336313045,0.665723162005258,0.36614773910289194,0,0.26254885287105817,0.5474317108238262,0.2848828579527681,0.003364980686455965,0.02816766897281179,0.9263157894736842
4,rough_seed_0,16,6,0.9627390765219628,7,10,wm000_ws020_we080,0.0,0.2,0.8,lm100_ls000_le000,1.0,0.0,0.0,4.1821002128017426e-07,0.9999995231628418,1.5455555401038684e-13,0.1500002300155117,0.699999737739563,0.150000000000085,lm000_ls100_le000,6.342501851339262e-07,0.6666663683176584,0.36666650257471217,0,0.13127442643552908,0.5669534564352231,0.435679029999694,0.003364980686455965,0.02816766897281179,0.9263157894736842
4,rough_seed_0,16,6,0.9627390765219628,7,10,wm000_ws000_we100,0.0,0.0,1.0,lm100_ls000_le000,1.0,0.0,0.0,7.130230414986727e-07,0.9999992847442627,6.488885492296481e-13,0.15000039216267283,0.6999996066093446,0.15000000000035688,lm000_ls100_le000,1.0099468438763058e-06,0.6666661905739567,0.36666640481567625,0,0.0,0.7053301767905286,0.7053301767905286,0.003364980686455965,0.02816766897281179,0.9263157894736842
4,rough_seed_0,16,6,0.9627390765219628,7,10,balanced,0.3333333333333333,0.3333333333333333,0.3333333333333333,lm100_ls000_le000,1.0,0.0,0.0,0.0328696146607399,0.9671304225921631,1.684622927267121e-12,0.16807828806340694,0.6819217324256898,0.15000000000092653,lm000_ls100_le000,0.04648462850142303,0.6447536026443693,0.35461448145440316,0,0.21914119591102738,0.4554343700123235,0.23629317410129613,0.003364980686455965,0.02816766897281179,0.9263157894736842
4,rough_seed_0,16,6,0.9627390765219628,7,10,motion,0.7,0.15,0.15,lm100_ls000_le000,1.0,0.0,0.0,0.915039598941803,0.08496037125587463,8.211328210265545e-13,0.6532717794179917,0.19672820419073106,0.1500000000004516,lm100_ls000_le000,0.12015213036773728,0.05664025743829759,0.031152141591063665,1,0.09919183871545255,0.09919183871545255,0.0,0.003364980686455965,0.02816766897281179,0.9263157894736842
4,rough_seed_0,16,6,0.9627390765219628,7,10,stability,0.15,0.7,0.15,lm000_ls060_le040,0.0,0.6,0.4,0.9999995231628418,4.555417092433345e-07,1.6536241126408058e-11,0.699999737739563,0.15000025054794008,0.1500000000090949,lm100_ls000_le000,6.594633610573206e-07,0.6666663558681988,0.36666649572750937,0,0.11102447170949731,0.45961821085766724,0.34859373914816993,0.003364980686455965,0.02816766897281179,0.9263157894736842
4,rough_seed_0,16,6,0.9627390765219628,7,10,energy,0.15,0.15,0.7,lm100_ls000_le000,1.0,0.0,0.0,6.8779027060372755e-06,0.999993085861206,1.0329778888816185e-13,0.15000378284648833,0.6999961972236634,0.1500000000000568,lm000_ls100_le000,9.75247973059439e-06,0.6666620693195344,0.366664138125744,0,0.09861353815996232,0.4959304449843511,0.3973169068243888,0.003364980686455965,0.02816766897281179,0.9263157894736842
5,rough_seed_5,16,6,0.9631899341097631,7,10,wm100_ws000_we000,1.0,0.0,0.0,lm000_ls100_le000,0.0,1.0,0.0,0.9999991655349731,8.154596002896142e-07,8.892146741157347e-11,0.6999995410442353,0.15000044850278016,0.1500000000489068,lm100_ls000_le000,1.166750294045998e-06,0.6666661167214315,0.3666663641967874,0,0.0,0.07993338923685919,0.07993338923685919,0.0032543540000915527,0.02745672755275509,0.9410526315789474
5,rough_seed_5,16,6,0.9631899341097631,7,10,wm080_ws020_we000,0.8,0.2,0.0,lm020_ls060_le020,0.2,0.6,0.2,0.9999825954437256,1.738846185617149e-05,7.320074768557561e-09,0.6999904274940492,0.15000956365402088,0.1500000040260411,lm100_ls000_le000,2.4602382779240537e-05,0.5333217332205982,0.29332695327132907,0,0.1417892183131797,0.14277574632460413,0.0009865280114244313,0.0032543540000915527,0.02745672755275509,0.9410526315789474
5,rough_seed_5,16,6,0.9631899341097631,7,10,wm080_ws000_we020,0.8,0.0,0.2,lm060_ls040_le000,0.6,0.4,0.0,0.9999876022338867,1.2369217074592598e-05,4.996369096232911e-09,0.6999931812286377,0.15000680306939101,0.150000002748003,lm100_ls000_le000,1.751291410935719e-05,0.26665841267106044,0.14666212696908323,0,0.02538358769848591,0.06443914666791985,0.03905555896943394,0.0032543540000915527,0.02745672755275509,0.9410526315789474
5,rough_seed_5,16,6,0.9631899341097631,7,10,wm060_ws040_we000,0.6,0.4,0.0,lm060_ls020_le020,0.6,0.2,0.2,0.9996353387832642,0.00036322386586107314,1.4501296163871302e-06,0.6997994363307953,0.1501997731262236,0.150000797571289,lm100_ls000_le000,0.0005146955241676678,0.26642355492926223,0.14653295521109425,0,0.24392489939300094,0.2847600729537938,0.04083517356079286,0.0032543540000915527,0.02745672755275509,0.9410526315789474
5,rough_seed_5,16,6,0.9631899341097631,7,10,wm060_ws020_we020,0.6,0.2,0.2,lm020_ls060_le020,0.2,0.6,0.2,0.9994256496429443,0.0005738972104154527,4.7614599907319644e-07,0.6996841073036194,0.15031564346572848,0.1500002618802995,lm100_ls000_le000,0.0008119338442801973,0.5329504254288432,0.2931227339858638,0,0.14147579821119285,0.1431098976639537,0.0016340994527608566,0.0032543540000915527,0.02745672755275509,0.9410526315789474
5,rough_seed_5,16,6,0.9631899341097631,7,10,wm060_ws000_we040,0.6,0.0,0.4,lm080_ls020_le000,0.8,0.2,0.0,0.9989659786224365,0.001033671316690743,3.332330607008771e-07,0.6994312882423401,0.1505685192241799,0.15000018327818337,lm100_ls000_le000,0.0014620795844452917,0.13264421351293548,0.07295431743211452,0,0.04674099175401099,0.09994677806061128,0.05320578630660029,0.0032543540000915527,0.02745672755275509,0.9410526315789474
5,rough_seed_5,16,6,0.9631899341097631,7,10,wm040_ws060_we000,0.4,0.6,0.0,lm060_ls020_le020,0.6,0.2,0.2,0.993769109249115,0.0057299453765153885,0.0005009087035432458,0.6965730100870133,0.15315146995708345,0.1502754997869488,lm100_ls000_le000,0.00847981032197064,0.2625127517230188,0.14438201344766036,0,0.3645046502644354,0.4267443995829834,0.06223974931854798,0.0032543540000915527,0.02745672755275509,0.9410526315789474
5,rough_seed_5,16,6,0.9631899341097631,7,10,wm040_ws040_we020,0.4,0.4,0.2,lm060_ls020_le020,0.6,0.2,0.2,0.971743643283844,0.02814340405166149,0.00011288924724794924,0.6844590038061142,0.16547887222841381,0.15006208908598637,lm100_ls000_le000,0.0398808930500293,0.24782911666164487,0.13630601416390467,0,0.2436028312879478,0.2850942242931434,0.04149139300519561,0.0032543540000915527,0.02745672755275509,0.9410526315789474
5,rough_seed_5,16,6,0.9631899341097631,7,10,wm040_ws020_we040,0.4,0.2,0.4,lm060_ls020_le020,0.6,0.2,0.2,0.4502112567424774,0.54974764585495,4.1121995309367776e-05,0.39761619120836256,0.4523612052202225,0.15002261709742015,lm040_ls060_le000,0.07103851836712959,0.2331650890390544,0.1282407989714799,0,0.12270101231146018,0.18800302896119914,0.06530201664973896,0.0032543540000915527,0.02745672755275509,0.9410526315789474
5,rough_seed_5,16,6,0.9631899341097631,7,10,wm040_ws000_we060,0.4,0.0,0.6,lm000_ls080_le020,0.0,0.8,0.2,0.9507946372032166,0.049204934388399124,4.3044983044637775e-07,0.6729370504617692,0.17706271391361952,0.15000023674740673,lm100_ls000_le000,0.06958658848021672,0.633863090788329,0.348624699933581,0,0.04853432683236005,0.14952445724320967,0.10099013041084962,0.0032543540000915527,0.02745672755275509,0.9410526315789474
5,rough_seed_5,16,6,0.9631899341097631,7,10,wm020_ws080_we000,0.2,0.8,0.0,lm020_ls040_le040,0.2,0.4,0.4,0.9262776970863342,0.02217598631978035,0.0515463650226593,0.6594527333974839,0.16219679247587918,0.17835050076246262,lm100_ls000_le000,0.09264869164321,0.48418511524796487,0.2663018133863807,0,0.18563973238387022,0.5687287262121732,0.38308899382830297,0.0032543540000915527,0.02745672755275509,0.9410526315789474
5,rough_seed_5,16,6,0.9631899341097631,7,10,wm020_ws060_we020,0.2,0.6,0.2,lm020_ls040_le040,0.2,0.4,0.4,0.5437390804290771,0.4300268590450287,0.02623399719595909,0.4490564942359925,0.3865147724747658,0.1644286984577775,lm060_ls040_le000,0.06895742123914914,0.2491773140927156,0.1370475227509936,0,0.1868755992148271,0.5014477137902943,0.3145721145754672,0.0032543540000915527,0.02745672755275509,0.9410526315789474
5,rough_seed_5,16,6,0.9631899341097631,7,10,wm020_ws040_we040,0.2,0.4,0.4,lm000_ls040_le060,0.0,0.4,0.6,0.13598288595676422,0.8629435896873474,0.001073521445505321,0.2247905872762203,0.6246189743280411,0.15059043679502793,lm020_ls080_le000,0.0897844018827756,0.39928431806620207,0.2196063749364112,0,0.20388455696645139,0.38682874605650774,0.18294418909005636,0.0032543540000915527,0.02745672755275509,0.9410526315789474
5,rough_seed_5,16,6,0.9631899341097631,7,10,wm020_ws020_we060,0.2,0.2,0.6,lm060_ls020_le020,0.6,0.2,0.2,0.08346091955900192,0.9165239334106445,1.5162421732384246e-05,0.19590350575745105,0.6540881633758545,0.15000833933195282,lm000_ls100_le000,0.1180422763960596,0.47768261714330335,0.2627254394288169,0,0.12237894420640703,0.20707861163763164,0.0846996674312246,0.0032543540000915527,0.02745672755275509,0.9410526315789474
5,rough_seed_5,16,6,0.9631899341097631,7,10,wm020_ws000_we080,0.2,0.0,0.8,lm020_ls060_le020,0.2,0.6,0.2,0.9019360542297363,0.09806383401155472,1.5752370075006183e-07,0.646064829826355,0.2039351087063551,0.1500000866380354,lm100_ls000_le000,0.13868328306289762,0.4679573542314936,0.2573765448273215,0,0.031655430300672395,0.19910213642580812,0.16744670612513574,0.0032543540000915527,0.02745672755275509,0.9410526315789474
5,rough_seed_5,16,6,0.9631899341097631,7,10,wm000_ws100_we000,0.0,1.0,0.0,lm000_ls040_le060,0.0,0.4,0.6,0.39700427651405334,0.15673060715198517,0.4462650716304779,0.3683523520827293,0.23620183393359184,0.3954457893967629,lm040_ls020_le040,0.06341665057075578,0.2646695325771968,0.14556824291745818,0,0.0,0.13030599213905777,0.13030599213905777,0.0032543540000915527,0.02745672755275509,0.9410526315789474
5,rough_seed_5,16,6,0.9631899341097631,7,10,wm000_ws080_we020,0.0,0.8,0.2,lm000_ls040_le060,0.0,0.4,0.6,0.1919870525598526,0.6781238913536072,0.12988907098770142,0.25559287890791893,0.522968140244484,0.22143898904323578,lm020_ls060_le020,0.10527626557717727,0.3134072909752528,0.17237401003638905,0,0.0951701268057946,0.5621421516209291,0.46697202481513445,0.0032543540000915527,0.02745672755275509,0.9410526315789474
5,rough_seed_5,16,6,0.9631899341097631,7,10,wm000_ws060_we040,0.0,0.6,0.4,lm000_ls040_le060,0.0,0.4,0.6,0.06056942418217659,0.9298065900802612,0.009624085389077663,0.18331318330019714,0.6613936245441437,0.15529324696399271,lm000_ls100_le000,0.09321154950700679,0.39358397629112,0.21647118696011605,0,0.1903402536115892,0.6073536542022285,0.4170134005906393,0.0032543540000915527,0.02745672755275509,0.9410526315789474
5,rough_seed_5,16,6,0.9631899341097631,7,10,wm000_ws040_we060,0.0,0.4,0.6,lm060_ls020_le020,0.6,0.2,0.2,0.0046076467260718346,0.9952351450920105,0.00015721343515906483,0.1525342056993395,0.6973793298006058,0.15008646738933748,lm000_ls100_le000,0.00663015585870096,0.5301567616435932,0.29158621890397624,0,0.2429586950778415,0.4060304813033429,0.1630717862255014,0.0032543540000915527,0.02745672755275509,0.9410526315789474
5,rough_seed_5,16,6,0.9631899341097631,7,10,wm000_ws020_we080,0.0,0.2,0.8,lm060_ls020_le020,0.6,0.2,0.2,0.00793476402759552,0.9920604228973389,4.819776677322807e-06,0.15436412021517754,0.6956332325935365,0.15000265087717252,lm000_ls100_le000,0.011224855810787596,0.5280402796976886,0.2904221538337288,0,0.12205687610135389,0.2754381488501756,0.15338127274882168,0.0032543540000915527,0.02745672755275509,0.9410526315789474
5,rough_seed_5,16,6,0.9631899341097631,7,10,wm000_ws000_we100,0.0,0.0,1.0,lm020_ls060_le020,0.2,0.6,0.2,0.2559809386730194,0.7440186738967896,4.6999139158288017e-07,0.2907895162701607,0.5592102706432343,0.15000025849526535,lm020_ls080_le000,0.07916927666214493,0.13333304752613914,0.07333317613937654,0,0.0,0.37607949664094387,0.37607949664094387,0.0032543540000915527,0.02745672755275509,0.9410526315789474
5,rough_seed_5,16,6,0.9631899341097631,7,10,balanced,0.3333333333333333,0.3333333333333333,0.3333333333333333,lm060_ls020_le020,0.6,0.2,0.2,0.4382832646369934,0.5613930821418762,0.0003235891053918749,0.3910557955503464,0.45876619517803197,0.15017797400796554,lm040_ls060_le000,0.05437101403945959,0.24092874279983026,0.13251080853990668,0,0.2031948689274342,0.31241755422823403,0.10922268530079982,0.0032543540000915527,0.02745672755275509,0.9410526315789474
5,rough_seed_5,16,6,0.9631899341097631,7,10,motion,0.7,0.15,0.15,lm100_ls000_le000,1.0,0.0,0.0,0.9999188184738159,8.116824028547853e-05,4.620720162051839e-08,0.6999553501605988,0.15004464253215702,0.15000002541396087,lm100_ls000_le000,0.00011479863047843149,5.413199122372703e-05,2.9772595173042465e-05,1,0.10753027817181889,0.10753027817181889,0.0,0.0032543540000915527,0.02745672755275509,0.9410526315789474
5,rough_seed_5,16,6,0.9631899341097631,7,10,stability,0.15,0.7,0.15,lm020_ls040_le040,0.2,0.4,0.4,0.5463619232177734,0.36844515800476074,0.08519285917282104,0.4504990577697754,0.3526448369026184,0.19685607254505158,lm060_ls040_le000,0.10550153832186838,0.2309079686800639,0.12699938277403514,0,0.14056170513887578,0.5849004521663305,0.4443387470274547,0.0032543540000915527,0.02745672755275509,0.9410526315789474
5,rough_seed_5,16,6,0.9631899341097631,7,10,energy,0.15,0.15,0.7,lm060_ls020_le020,0.6,0.2,0.2,0.15789638459682465,0.8420977592468262,5.897018581890734e-06,0.23684301152825354,0.6131537675857545,0.15000324336022003,lm020_ls080_le000,0.05953936343627692,0.42806515921047317,0.23543583756576028,0,0.09207297243602183,0.2646927496077526,0.17261977717173074,0.0032543540000915527,0.02745672755275509,0.9410526315789474
6,rough_seed_11,16,6,0.9624515578724525,7,10,wm100_ws000_we000,1.0,0.0,0.0,lm100_ls000_le000,1.0,0.0,0.0,1.0,5.019900939373656e-09,2.017823497688932e-21,0.7000000000000001,0.15000000276094552,0.15,lm100_ls000_le000,5.019900939373656e-09,1.6733003131252246e-09,9.20315175919247e-10,1,0.0,0.0,0.0,0.003693391801789403,0.03126489185061971,0.9031578947368422
6,rough_seed_11,16,6,0.9624515578724525,7,10,wm080_ws020_we000,0.8,0.2,0.0,lm080_ls020_le000,0.8,0.2,0.0,1.0,5.17783177444997e-11,1.2352036055661475e-21,0.7000000000000001,0.15000000002847808,0.15,lm100_ls000_le000,5.17783177444997e-11,0.1333333333160739,0.07333333332384064,0,0.19936358426270173,0.202,0.002636415737298281,0.003693391801789403,0.03126489185061971,0.9031578947368422
6,rough_seed_11,16,6,0.9624515578724525,7,10,wm080_ws000_we020,0.8,0.0,0.2,lm100_ls000_le000,1.0,0.0,0.0,0.9999998807907104,1.2400585092109395e-07,1.0472683117579738e-21,0.6999999344348908,0.150000068203218,0.15,lm100_ls000_le000,1.7201251634072034e-07,8.107171349062542e-08,4.4589442416143044e-08,1,0.19931779513940673,0.19931779513940673,0.0,0.003693391801789403,0.03126489185061971,0.9031578947368422
6,rough_seed_11,16,6,0.9624515578724525,7,10,wm060_ws040_we000,0.6,0.4,0.0,lm080_ls020_le000,0.8,0.2,0.0,1.0,2.0076019839609938e-12,7.703423992574809e-21,0.7000000000000001,0.15000000000110417,0.15,lm100_ls000_le000,2.0076019839609938e-12,0.13333333333266414,0.07333333333296528,0,0.3976824295546058,0.404,0.006317570445394216,0.003693391801789403,0.03126489185061971,0.9031578947368422
6,rough_seed_11,16,6,0.9624515578724525,7,10,wm060_ws020_we020,0.6,0.2,0.2,lm100_ls000_le000,1.0,0.0,0.0,1.0,6.069514335571569e-10,4.2033702339119844e-22,0.7000000000000001,0.1500000003338233,0.15,lm100_ls000_le000,6.069514335571569e-10,2.0231714451919238e-10,1.1127443411140803e-10,1,0.20397344351623176,0.20397344351623176,0.0,0.003693391801789403,0.03126489185061971,0.9031578947368422
6,rough_seed_11,16,6,0.9624515578724525,7,10,wm060_ws000_we040,0.6,0.0,0.4,lm100_ls000_le000,1.0,0.0,0.0,0.9999974966049194,2.4757418941590004e-06,2.877805375821382e-21,0.6999986231327058,0.1500013616580418,0.15,lm100_ls000_le000,3.520835817799245e-06,1.6597123249084697e-06,9.128417786941068e-07,1,0.39863559027881346,0.39863559027881346,0.0,0.003693391801789403,0.03126489185061971,0.9031578947368422
6,rough_seed_11,16,6,0.9624515578724525,7,10,wm040_ws060_we000,0.4,0.6,0.0,lm020_ls080_le000,0.2,0.8,0.0,1.0,8.230967448417947e-13,2.2213288081282235e-18,0.7000000000000001,0.1500000000004527,0.15,lm100_ls000_le000,8.230967448447922e-13,0.533333333333059,0.2933333333331825,0,0.3641919698033767,0.606,0.24180803019662328,0.003693391801789403,0.03126489185061971,0.9031578947368422
6,rough_seed_11,16,6,0.9624515578724525,7,10,wm040_ws040_we020,0.4,0.4,0.2,lm020_ls080_le000,0.2,0.8,0.0,1.0,2.5763682853785497e-11,3.2488207202035984e-21,0.7000000000000001,0.15000000001417002,0.15,lm100_ls000_le000,2.5763682853785497e-11,0.5333333333247454,0.29333333332861006,0,0.36480683385208534,0.40597344351623177,0.041166609664146425,0.003693391801789403,0.03126489185061971,0.9031578947368422
6,rough_seed_11,16,6,0.9624515578724525,7,10,wm040_ws020_we040,0.4,0.2,0.4,lm020_ls080_le000,0.2,0.8,0.0,0.9999995231628418,4.969413112121401e-07,3.3883705727955907e-20,0.699999737739563,0.15000027331772117,0.15,lm100_ls000_le000,6.887120895065464e-07,0.5333330087405103,0.29333315480728067,0,0.36542169790079404,0.40063559027881346,0.03521389237801942,0.003693391801789403,0.03126489185061971,0.9031578947368422
6,rough_seed_11,16,6,0.9624515578724525,7,10,wm040_ws000_we060,0.4,0.0,0.6,lm020_ls080_le000,0.2,0.8,0.0,0.9996916055679321,0.00030841774423606694,2.200094151225798e-19,0.6998303830623628,0.15016962975932982,0.15,lm100_ls000_le000,0.0004361520728944536,0.5331277292745654,0.293220251101011,0,0.36603656194950274,0.5979533854182201,0.23191682346871734,0.003693391801789403,0.03126489185061971,0.9031578947368422
6,rough_seed_11,16,6,0.9624515578724525,7,10,wm020_ws080_we000,0.2,0.8,0.0,lm020_ls080_le000,0.2,0.8,0.0,1.0,3.3125310827664123e-10,1.1124137228772993e-13,0.7000000000000001,0.1500000001821892,0.15000000000006117,lm100_ls000_le000,3.312531269551717e-10,0.5333333332229527,0.29333333327262406,0,0.18209598490168835,0.808,0.6259040150983117,0.003693391801789403,0.03126489185061971,0.9031578947368422
6,rough_seed_11,16,6,0.9624515578724525,7,10,wm020_ws060_we020,0.2,0.6,0.2,lm020_ls080_le000,0.2,0.8,0.0,1.0,2.3862167450316996e-11,2.534022725212816e-18,0.7000000000000001,0.1500000000131242,0.15,lm100_ls000_le000,2.3862167450317128e-11,0.5333333333253792,0.29333333332895867,0,0.18271084895039702,0.6079734435162317,0.4252625945658347,0.003693391801789403,0.03126489185061971,0.9031578947368422
6,rough_seed_11,16,6,0.9624515578724525,7,10,wm020_ws040_we040,0.2,0.4,0.4,lm020_ls080_le000,0.2,0.8,0.0,0.9999998807907104,8.37904536865608e-08,1.0410323400993979e-18,0.6999999344348908,0.1500000460847495,0.15,lm100_ls000_le000,1.4571099767760049e-07,0.5333332656667523,0.2933332961167138,0,0.1833257129991057,0.4079468870324635,0.22462117403335782,0.003693391801789403,0.03126489185061971,0.9031578947368422
6,rough_seed_11,16,6,0.9624515578724525,7,10,wm020_ws020_we060,0.2,0.2,0.6,lm020_ls080_le000,0.2,0.8,0.0,0.9992007613182068,0.0007993121398612857,3.211043338653684e-17,0.6995604187250138,0.1504396216769237,0.15000000000000002,lm100_ls000_le000,0.0011303461272566824,0.5328004830594485,0.29304026568269675,0,0.1881067373023103,0.5999533854182201,0.41184664811590976,0.003693391801789403,0.03126489185061971,0.9031578947368422
6,rough_seed_11,16,6,0.9624515578724525,7,10,wm020_ws000_we080,0.2,0.0,0.8,lm000_ls100_le000,0.0,1.0,0.0,0.7132281064987183,0.28677189350128174,7.218061140245669e-16,0.542275458574295,0.30772454142570493,0.15000000000000038,lm080_ls020_le000,0.12271398862230648,0.47548540433247904,0.2615169723828635,0,0.202,0.8082089477941595,0.6062089477941595,0.003693391801789403,0.03126489185061971,0.9031578947368422
6,rough_seed_11,16,6,0.9624515578724525,7,10,wm000_ws100_we000,0.0,1.0,0.0,lm020_ls080_le000,0.2,0.8,0.0,0.9999998807907104,6.87640806518175e-08,3.991875718867277e-09,0.6999999344348908,0.15000003782024435,0.15000000219553164,lm100_ls000_le000,1.376782066081867e-07,0.5333332720061685,0.2933332996033927,0,0.0,1.01,1.01,0.003693391801789403,0.03126489185061971,0.9031578947368422
6,rough_seed_11,16,6,0.9624515578724525,7,10,wm000_ws080_we020,0.0,0.8,0.2,lm000_ls100_le000,0.0,1.0,0.0,1.0,3.7527986052054985e-08,1.1088829507399645e-12,0.7000000000000001,0.15000002064039233,0.15000000000060987,lm100_ls000_le000,3.752798606843771e-08,0.6666666541577076,0.36666665978673924,0,0.011295399075726409,0.8099734435162318,0.7986780444405054,0.003693391801789403,0.03126489185061971,0.9031578947368422
6,rough_seed_11,16,6,0.9624515578724525,7,10,wm000_ws060_we040,0.0,0.6,0.4,lm000_ls100_le000,0.0,1.0,0.0,0.9999998807907104,8.485952918135808e-08,1.2821800302801993e-15,0.6999999344348908,0.15000004667274106,0.1500000000000007,lm100_ls000_le000,1.463283786833018e-07,0.6666665986437276,0.3666666292540502,0,0.008471549306794807,0.6099468870324635,0.6014753377256686,0.003693391801789403,0.03126489185061971,0.9031578947368422
6,rough_seed_11,16,6,0.9624515578724525,7,10,wm000_ws040_we060,0.0,0.4,0.6,lm000_ls100_le000,0.0,1.0,0.0,0.9985034465789795,0.0014965756563469768,2.8378617476245392e-14,0.6991768956184388,0.15082311661099082,0.1500000000000156,lm100_ls000_le000,0.0021164618676315834,0.6656689569742203,0.3661179263358212,0,0.0056476995378632044,0.6019533854182201,0.5963056858803568,0.003693391801789403,0.03126489185061971,0.9031578947368422
6,rough_seed_11,16,6,0.9624515578724525,7,10,wm000_ws020_we080,0.0,0.2,0.8,lm000_ls100_le000,0.0,1.0,0.0,0.3045128583908081,0.6954870820045471,2.158033951191185e-13,0.3174820721149445,0.5325178951025009,0.15000000000011868,lm040_ls060_le000,0.13503916854911754,0.2030085921288256,0.1116547256708541,0,0.0028238497689316022,1.0984120047918373,1.0955881550229056,0.003693391801789403,0.03126489185061971,0.9031578947368422
6,rough_seed_11,16,6,0.9624515578724525,7,10,wm000_ws000_we100,0.0,0.0,1.0,lm000_ls100_le000,0.0,1.0,0.0,0.0020090050529688597,0.9979909658432007,1.1005753871185658e-13,0.15110495277913286,0.6988950312137604,0.15000000000006053,lm000_ls100_le000,0.0028411827723750457,0.0013393464032927446,0.0007366405218110217,1,0.0,0.0,0.0,0.003693391801789403,0.03126489185061971,0.9031578947368422
6,rough_seed_11,16,6,0.9624515578724525,7,10,balanced,0.3333333333333333,0.3333333333333333,0.3333333333333333,lm020_ls080_le000,0.2,0.8,0.0,1.0,6.58160415056841e-09,2.204704519918045e-20,0.7000000000000001,0.15000000361988228,0.15,lm100_ls000_le000,6.58160415056841e-09,0.5333333311394653,0.2933333321267059,0,0.30451808158399496,0.3399557391937196,0.035437657609724615,0.003693391801789403,0.03126489185061971,0.9031578947368422
6,rough_seed_11,16,6,0.9624515578724525,7,10,motion,0.7,0.15,0.15,lm100_ls000_le000,1.0,0.0,0.0,1.0,7.103916899175999e-10,3.183915819764008e-22,0.7000000000000001,0.15000000039071543,0.15,lm100_ls000_le000,7.103916899175999e-10,2.367972299726394e-10,1.3023847741007918e-10,1,0.1529800826371738,0.1529800826371738,0.0,0.003693391801789403,0.03126489185061971,0.9031578947368422
6,rough_seed_11,16,6,0.9624515578724525,7,10,stability,0.15,0.7,0.15,lm020_ls080_le000,0.2,0.8,0.0,1.0,1.3872225590461085e-10,4.662902080953938e-16,0.7000000000000001,0.15000000007629724,0.15000000000000024,lm100_ls000_le000,1.3872225590539452e-10,0.5333333332870928,0.29333333330790107,0,0.13703313671279774,0.7084800826371738,0.5714469459243761,0.003693391801789403,0.03126489185061971,0.9031578947368422
6,rough_seed_11,16,6,0.9624515578724525,7,10,energy,0.15,0.15,0.7,lm000_ls100_le000,0.0,1.0,0.0,0.9697756767272949,0.030224326997995377,6.494765942299829e-16,0.6833766222000123,0.16662337984889747,0.15000000000000036,lm100_ls000_le000,0.0427436505199864,0.6465171165764334,0.3555844141170384,0,0.15152096918145247,0.6991122829879235,0.547591313806471,0.003693391801789403,0.03126489185061971,0.9031578947368422
7,rough_seed_4,16,6,0.9632155007360184,7,10,wm100_ws000_we000,1.0,0.0,0.0,lm080_ls020_le000,0.8,0.2,0.0,1.7794748146116035e-06,0.9881382584571838,0.011859994381666183,0.15000097871114804,0.6934760421514512,0.1565229969099164,lm000_ls100_le000,0.016773800473603315,0.5333321577880118,0.29333268678340657,0,0.0,1.01,1.01,0.004899188410490751,0.030721952678262835,0.9221052631578948
7,rough_seed_4,16,6,0.9632155007360184,7,10,wm080_ws020_we000,0.8,0.2,0.0,lm020_ls080_le000,0.2,0.8,0.0,7.647439126401423e-09,0.9201853275299072,0.07981467992067337,0.15000000420609153,0.656101930141449,0.19389807395637035,lm000_ls100_le000,0.11287499755192815,0.13333333326771382,0.07333333329724259,0,0.10360034889211242,0.808,0.7043996511078876,0.004899188410490751,0.030721952678262835,0.9221052631578948
7,rough_seed_4,16,6,0.9632155007360184,7,10,wm080_ws000_we020,0.8,0.0,0.2,lm020_ls080_le000,0.2,0.8,0.0,1.3749051674949442e-07,0.995089590549469,0.004910297691822052,0.1500000756197842,0.697299274802208,0.15270066373050212,lm000_ls100_le000,0.006944288618215751,0.13333325025025808,0.07333328763764195,0,0.048722039426145156,0.808,0.7592779605738549,0.004899188410490751,0.030721952678262835,0.9221052631578948
7,rough_seed_4,16,6,0.9632155007360184,7,10,wm060_ws040_we000,0.6,0.4,0.0,lm020_ls080_le000,0.2,0.8,0.0,2.4914384444407744e-10,0.8031676411628723,0.19683238863945007,0.1500000001370291,0.5917422026395798,0.25825781375169754,lm000_ls080_le020,0.004479700019890604,0.13333334318439283,0.07333333875141605,0,0.20660147188439923,19.43842428222095,19.23182281033655,0.004899188410490751,0.030721952678262835,0.9221052631578948
7,rough_seed_4,16,6,0.9632155007360184,7,10,wm060_ws020_we020,0.6,0.2,0.2,lm020_ls080_le000,0.2,0.8,0.0,1.0618721457689162e-09,0.8643180727958679,0.13568194210529327,0.15000000058402968,0.6253749400377274,0.2246250681579113,lm000_ls080_le020,0.09095948031690489,0.13333333794642968,0.07333333587053632,0,0.10378509043238345,19.44246861646988,19.3386835260375,0.004899188410490751,0.030721952678262835,0.9221052631578948
7,rough_seed_4,16,6,0.9632155007360184,7,10,wm060_ws000_we040,0.6,0.0,0.4,lm020_ls080_le000,0.2,0.8,0.0,1.1726236834874726e-06,0.9735115766525269,0.026487257331609726,0.15000064494302592,0.6854313671588899,0.16456799153238535,lm000_ls100_le000,0.03745946307358022,0.1333325537868177,0.07333290458274974,0,0.06188605302759792,0.606,0.5441139469724021,0.004899188410490751,0.030721952678262835,0.9221052631578948
7,rough_seed_4,16,6,0.9632155007360184,7,10,wm040_ws060_we000,0.4,0.6,0.0,lm020_ls080_le000,0.2,0.8,0.0,1.0228076718910017e-10,0.7389392256736755,0.2610607445240021,0.1500000000562544,0.5564165741205216,0.29358340948820116,lm000_ls080_le020,0.08635295410786928,0.1740405062493486,0.09572227843714176,0,0.309602594876686,12.960117640095511,12.650515045218825,0.004899188410490751,0.030721952678262835,0.9221052631578948
7,rough_seed_4,16,6,0.9632155007360184,7,10,wm040_ws040_we020,0.4,0.4,0.2,lm020_ls080_le000,0.2,0.8,0.0,6.754839465550333e-10,0.635364294052124,0.364635705947876,0.15000000037151617,0.4994503617286682,0.3505496382713318,lm000_ls060_le040,0.05001266427226401,0.24309047040675602,0.13369975872371584,0,0.20678621342467027,18.002904259465804,17.796118046041133,0.004899188410490751,0.030721952678262835,0.9221052631578948
7,rough_seed_4,16,6,0.9632155007360184,7,10,wm040_ws020_we040,0.4,0.2,0.4,lm020_ls080_le000,0.2,0.8,0.0,3.8675782576547135e-08,0.5398949980735779,0.46010497212409973,0.1500000212716804,0.44694224894046786,0.4030577346682549,lm000_ls060_le040,0.08500128781739429,0.3067366451249131,0.1687051548187022,0,0.10396983197265448,18.006798358378074,17.90282852640542,0.004899188410490751,0.030721952678262835,0.9221052631578948
7,rough_seed_4,16,6,0.9632155007360184,7,10,wm040_ws000_we060,0.4,0.0,0.6,lm060_ls040_le000,0.6,0.4,0.0,0.00017588131595402956,0.7027485370635986,0.29707562923431396,0.15009673472377472,0.5365116953849792,0.3133915960788727,lm000_ls080_le020,0.13741017345431722,0.39988276166065284,0.21993551891335905,0,0.07715621077958547,12.972250642842306,12.89509443206272,0.004899188410490751,0.030721952678262835,0.9221052631578948
7,rough_seed_4,16,6,0.9632155007360184,7,10,wm020_ws080_we000,0.2,0.8,0.0,lm000_ls100_le000,0.0,1.0,0.0,1.2066886379002995e-10,0.42452484369277954,0.5754752159118652,0.15000000006636788,0.38348866403102877,0.4665113687515259,lm000_ls040_le060,0.03468332441858615,0.3836501241132515,0.21100756826228836,0,0.202,19.72832317308654,19.52632317308654,0.004899188410490751,0.030721952678262835,0.9221052631578948
7,rough_seed_4,16,6,0.9632155007360184,7,10,wm020_ws060_we020,0.2,0.6,0.2,lm000_ls100_le000,0.0,1.0,0.0,1.1716307923848035e-09,0.4212401807308197,0.5787598490715027,0.15000000064439692,0.38168209940195086,0.46831791698932645,lm000_ls040_le060,0.030038130583364027,0.38583988983743794,0.21221193941059088,0,0.202,19.731983381328856,19.529983381328854,0.004899188410490751,0.030721952678262835,0.9221052631578948
7,rough_seed_4,16,6,0.9632155007360184,7,10,wm020_ws040_we040,0.2,0.4,0.4,lm000_ls100_le000,0.0,1.0,0.0,7.1817964908404974e-09,0.4567902088165283,0.5432097911834717,0.15000000394998805,0.4012346148490906,0.44876538515090947,lm000_ls040_le060,0.08031348351833476,0.3621398631829133,0.19917692475060234,0,0.202,19.735643589571172,19.53364358957117,0.004899188410490751,0.030721952678262835,0.9221052631578948
7,rough_seed_4,16,6,0.9632155007360184,7,10,wm020_ws020_we060,0.2,0.2,0.6,lm020_ls080_le000,0.2,0.8,0.0,1.6982301076495787e-06,0.4003235101699829,0.5996747612953186,0.1500009340265592,0.3701779305934906,0.4798211187124253,lm000_ls040_le060,0.00045873950025114883,0.39978318429840937,0.2198807513641252,0,0.10415457351292551,19.739303797813488,19.635149224300562,0.004899188410490751,0.030721952678262835,0.9221052631578948
7,rough_seed_4,16,6,0.9632155007360184,7,10,wm020_ws000_we080,0.2,0.0,0.8,lm060_ls040_le000,0.6,0.4,0.0,0.0002686752413865179,0.4515346586704254,0.5481966137886047,0.15014777138276258,0.398344062268734,0.45150813758373265,lm000_ls040_le060,0.07307177330289419,0.39982086573921455,0.219901476156568,0,0.09965119434704378,19.742964006055804,19.64331281170876,0.004899188410490751,0.030721952678262835,0.9221052631578948
7,rough_seed_4,16,6,0.9632155007360184,7,10,wm000_ws100_we000,0.0,1.0,0.0,lm000_ls100_le000,0.0,1.0,0.0,6.920555795097982e-11,0.14573729038238525,0.8542627096176147,0.15000000003806305,0.2301555097103119,0.6198444902896881,lm000_ls020_le080,0.07673905987234374,0.5695084731014783,0.3132296602058131,0,0.0,1.7187188327201526,1.7187188327201526,0.004899188410490751,0.030721952678262835,0.9221052631578948
7,rough_seed_4,16,6,0.9632155007360184,7,10,wm000_ws080_we020,0.0,0.8,0.2,lm000_ls100_le000,0.0,1.0,0.0,9.307105086620027e-10,0.16725152730941772,0.8327484130859375,0.15000000051189077,0.24198834002017977,0.6080116271972656,lm000_ls020_le080,0.04631329207919703,0.5551656289024102,0.3053410958963256,0,0.0,1.385746594202819,1.385746594202819,0.004899188410490751,0.030721952678262835,0.9221052631578948
7,rough_seed_4,16,6,0.9632155007360184,7,10,wm000_ws060_we040,0.0,0.6,0.4,lm000_ls100_le000,0.0,1.0,0.0,6.620753723041162e-09,0.28798624873161316,0.7120137810707092,0.15000000364141455,0.30839243680238726,0.54160757958889,lm000_ls020_le080,0.12443132518515759,0.4746758463199499,0.26107171547597247,0,0.0,2.18605887228022,2.18605887228022,0.004899188410490751,0.030721952678262835,0.9221052631578948
7,rough_seed_4,16,6,0.9632155007360184,7,10,wm000_ws040_we060,0.0,0.4,0.6,lm000_ls100_le000,0.0,1.0,0.0,4.966886280044491e-08,0.2752726376056671,0.7247273325920105,0.15000002731787454,0.3013999506831169,0.5486000329256058,lm000_ls020_le080,0.10645160605096744,0.4831515815517354,0.26573336985345447,0,0.0,3.270579799347458,3.270579799347458,0.004899188410490751,0.030721952678262835,0.9221052631578948
7,rough_seed_4,16,6,0.9632155007360184,7,10,wm000_ws020_we080,0.0,0.2,0.8,lm000_ls100_le000,0.0,1.0,0.0,3.4315133234485984e-05,0.35031405091285706,0.6496517062187195,0.15001887332327896,0.3426727280020714,0.5073084384202957,lm000_ls040_le060,0.07024234224916309,0.43312399014636566,0.2382181945805011,0,0.0,3.3808555572300203,3.3808555572300203,0.004899188410490751,0.030721952678262835,0.9221052631578948
7,rough_seed_4,16,6,0.9632155007360184,7,10,wm000_ws000_we100,0.0,0.0,1.0,lm000_ls100_le000,0.0,1.0,0.0,0.00017068286251742393,0.2501430809497833,0.7496862411499023,0.15009387557438458,0.28757869452238083,0.5623274326324463,lm000_ls020_le080,0.07103402022553605,0.49990461435421213,0.2749475378948167,0,0.0,5.439621653481934,5.439621653481934,0.004899188410490751,0.030721952678262835,0.9221052631578948
7,rough_seed_4,16,6,0.9632155007360184,7,10,balanced,0.3333333333333333,0.3333333333333333,0.3333333333333333,lm020_ls080_le000,0.2,0.8,0.0,3.1772826591947023e-09,0.5694646239280701,0.43053537607192993,0.15000000174750547,0.4632055431604386,0.3867944568395615,lm000_ls060_le040,0.043183542973086284,0.28702358298885905,0.1578629706438725,0,0.17257566678742198,15.006935246600149,14.834359579812727,0.004899188410490751,0.030721952678262835,0.9221052631578948
7,rough_seed_4,16,6,0.9632155007360184,7,10,motion,0.7,0.15,0.15,lm020_ls080_le000,0.2,0.8,0.0,3.099453138588615e-09,0.940546989440918,0.05945298820734024,0.1500000017046992,0.6673008441925049,0.18269914351403713,lm000_ls100_le000,0.08407923805149799,0.13333332484960167,0.07333332866728091,0,0.07798862429924398,0.707,0.6290113757007559,0.004899188410490751,0.030721952678262835,0.9221052631578948
7,rough_seed_4,16,6,0.9632155007360184,7,10,stability,0.15,0.7,0.15,lm000_ls100_le000,0.0,1.0,0.0,6.97424507034583e-10,0.3296126425266266,0.6703873872756958,0.15000000038358346,0.33128695338964465,0.5187130630016327,lm000_ls040_le060,0.09954277663187444,0.44692491514883126,0.2458087033318572,0,0.1515,14.80485831200693,14.65335831200693,0.004899188410490751,0.030721952678262835,0.9221052631578948
7,rough_seed_4,16,6,0.9632155007360184,7,10,energy,0.15,0.15,0.7,lm020_ls080_le000,0.2,0.8,0.0,2.3977196178748272e-05,0.3559226095676422,0.6440534591674805,0.1500131874578983,0.34575743526220326,0.5042294025421142,lm000_ls040_le060,0.06231792829397745,0.4293689574678865,0.23615292660733758,0,0.10852703925210863,14.814923884673298,14.70639684542119,0.004899188410490751,0.030721952678262835,0.9221052631578948
8,rough_seed_25,16,6,0.9609919383363333,7,10,wm100_ws000_we000,1.0,0.0,0.0,lm100_ls000_le000,1.0,0.0,0.0,1.0,1.8583777572356297e-10,4.721912097438441e-11,0.7000000000000001,0.15000000010221076,0.1500000000259705,lm100_ls000_le000,1.917428597666021e-10,7.768563223264913e-11,4.272709038429431e-11,1,0.0,0.0,0.0,0.0031887181103229523,0.026525007261991643,0.9326315789473684
8,rough_seed_25,16,6,0.9609919383363333,7,10,wm080_ws020_we000,0.8,0.2,0.0,lm080_ls000_le020,0.8,0.0,0.2,1.0,8.65390870075089e-10,1.7676817787304344e-09,0.7000000000000001,0.15000000047596498,0.15000000097222496,lm100_ls000_le000,1.968146394165056e-09,0.1333333330325697,0.07333333316791334,0,0.12533871318045423,0.15700731493130615,0.03166860175085193,0.0031887181103229523,0.026525007261991643,0.9326315789473684
8,rough_seed_25,16,6,0.9609919383363333,7,10,wm080_ws000_we020,0.8,0.0,0.2,lm100_ls000_le000,1.0,0.0,0.0,1.0,3.780410984255411e-10,3.8548184089215454e-10,0.7000000000000001,0.1500000002079226,0.150000000212015,lm100_ls000_le000,5.399178842716678e-10,2.545076464392319e-10,1.3997920415379875e-10,1,0.015800089386051264,0.015800089386051264,0.0,0.0031887181103229523,0.026525007261991643,0.9326315789473684
8,rough_seed_25,16,6,0.9609919383363333,7,10,wm060_ws040_we000,0.6,0.4,0.0,lm040_ls040_le020,0.4,0.4,0.2,1.0,1.5090346749957462e-08,4.966901911984678e-08,0.7000000000000001,0.1500000082996907,0.1500000273179605,lm100_ls000_le000,5.1910789103631017e-08,0.3999999784135447,0.2199999881274496,0,0.14365801486556262,0.3140146298626123,0.17035661499704968,0.0031887181103229523,0.026525007261991643,0.9326315789473684
8,rough_seed_25,16,6,0.9609919383363333,7,10,wm060_ws020_we020,0.6,0.2,0.2,lm080_ls000_le020,0.8,0.0,0.2,1.0,9.555282121098685e-10,1.1596704041494377e-08,0.7000000000000001,0.15000000052554052,0.15000000637818722,lm100_ls000_le000,1.163600355749988e-08,0.1333333297862747,0.0733333313824511,0,0.09463197959606273,0.1571637514598809,0.06253177186381817,0.0031887181103229523,0.026525007261991643,0.9326315789473684
8,rough_seed_25,16,6,0.9609919383363333,7,10,wm060_ws000_we040,0.6,0.0,0.4,lm100_ls000_le000,1.0,0.0,0.0,1.0,5.545956582864164e-09,1.852024489323867e-08,0.7000000000000001,0.1500000030502761,0.15000001018613468,lm100_ls000_le000,1.9332798693529795e-08,8.022067158700944e-09,4.412136933584776e-09,1,0.03160017877210253,0.03160017877210253,0.0,0.0031887181103229523,0.026525007261991643,0.9326315789473684
8,rough_seed_25,16,6,0.9609919383363333,7,10,wm040_ws060_we000,0.4,0.6,0.0,lm040_ls020_le040,0.4,0.2,0.4,0.9999998807907104,1.752548506317453e-08,7.686448810773072e-08,0.6999999344348908,0.15000000963901677,0.15000004227546845,lm100_ls000_le000,1.4292007162734363e-07,0.3999999288002458,0.2199999608401352,0,0.14300978688508584,0.47102194479391835,0.32801215790883254,0.0031887181103229523,0.026525007261991643,0.9326315789473684
8,rough_seed_25,16,6,0.9609919383363333,7,10,wm040_ws040_we020,0.4,0.4,0.2,lm040_ls040_le020,0.4,0.4,0.2,0.9999984502792358,1.7804070751026302e-07,1.4083447013035766e-06,0.6999991476535797,0.15000009792238914,0.15000077458958572,lm100_ls000_le000,2.1016107484712183e-06,0.39999895463127566,0.21999942504720163,0,0.10179164621421029,0.314171066391187,0.21237942017697675,0.0031887181103229523,0.026525007261991643,0.9326315789473684
8,rough_seed_25,16,6,0.9609919383363333,7,10,wm040_ws020_we040,0.4,0.2,0.4,lm080_ls000_le020,0.8,0.0,0.2,0.9999994039535522,1.2842234298204858e-07,5.038695007897331e-07,0.6999996721744538,0.15000007063228862,0.15000027712822542,lm100_ls000_le000,7.909792284776787e-07,0.13333300950213148,0.07333315522617231,0,0.0901187931790877,0.15732018798845568,0.06720139480936797,0.0031887181103229523,0.026525007261991643,0.9326315789473684
8,rough_seed_25,16,6,0.9609919383363333,7,10,wm040_ws000_we060,0.4,0.0,0.6,lm100_ls000_le000,1.0,0.0,0.0,1.0,1.382775316471907e-08,3.249114755021765e-08,0.7000000000000001,0.15000000760526425,0.15000001787013115,lm100_ls000_le000,3.5311208230736206e-08,1.5439633571645572e-08,8.491798468105808e-09,1,0.04740026815815378,0.04740026815815378,0.0,0.0031887181103229523,0.026525007261991643,0.9326315789473684
8,rough_seed_25,16,6,0.9609919383363333,7,10,wm020_ws080_we000,0.2,0.8,0.0,lm060_ls000_le040,0.6,0.0,0.4,0.9999980926513672,5.300530006024928e-07,1.4535473837895552e-06,0.699998950958252,0.15000029152915031,0.15000079945106107,lm100_ls000_le000,2.4559590769108675e-06,0.266665723052328,0.14666614767878042,0,0.07853022180055476,0.6280292597252246,0.5494990379246698,0.0031887181103229523,0.026525007261991643,0.9326315789473684
8,rough_seed_25,16,6,0.9609919383363333,7,10,wm020_ws060_we020,0.2,0.6,0.2,lm040_ls040_le020,0.4,0.4,0.2,0.9999576807022095,1.3562696040025912e-05,2.877538645407185e-05,0.6999767243862153,0.15000745948282201,0.15001582646254974,lm100_ls000_le000,5.294235124112499e-05,0.3999717808732384,0.2199844794802812,0,0.15166508730912093,0.4711783813224931,0.3195132940133722,0.0031887181103229523,0.026525007261991643,0.9326315789473684
8,rough_seed_25,16,6,0.9609919383363333,7,10,wm020_ws040_we040,0.2,0.4,0.4,lm040_ls040_le020,0.4,0.4,0.2,0.9999822378158569,7.694608939345926e-06,1.004657860903535e-05,0.6999902307987214,0.15000423203491664,0.15000552561823496,lm100_ls000_le000,2.1809079164632068e-05,0.3999881655427695,0.21999349104852325,0,0.10148226669681978,0.3143275029197618,0.21284523622294202,0.0031887181103229523,0.026525007261991643,0.9326315789473684
8,rough_seed_25,16,6,0.9609919383363333,7,10,wm020_ws020_we060,0.2,0.2,0.6,lm040_ls040_le020,0.4,0.4,0.2,0.9999992847442627,4.792016170540592e-07,2.5520401436551765e-07,0.6999996066093446,0.15000026356088939,0.1500001403622079,lm100_ls000_le000,8.979721869204929e-07,0.39999951677954376,0.2199997342287491,0,0.05129944608451861,0.15747662451703043,0.10617717843251182,0.0031887181103229523,0.026525007261991643,0.9326315789473684
8,rough_seed_25,16,6,0.9609919383363333,7,10,wm020_ws000_we080,0.2,0.0,0.8,lm100_ls000_le000,1.0,0.0,0.0,0.9999997615814209,2.0929189759044675e-07,4.411093712519687e-08,0.6999998688697816,0.15000011511054367,0.1500000242610154,lm100_ls000_le000,3.203003153789911e-07,1.6394047127240205e-07,9.016725918686852e-08,1,0.06320035754420505,0.06320035754420505,0.0,0.0031887181103229523,0.026525007261991643,0.9326315789473684
8,rough_seed_25,16,6,0.9609919383363333,7,10,wm000_ws100_we000,0.0,1.0,0.0,lm060_ls000_le040,0.6,0.0,0.4,0.999713122844696,9.511376265436411e-05,0.00019170442828908563,0.6998422175645829,0.1500523125694599,0.15010543743555899,lm100_ls000_le000,0.0003579046212431539,0.26653884405968714,0.14659636423282793,0,0.0,0.7850365746565307,0.7850365746565307,0.0031887181103229523,0.026525007261991643,0.9326315789473684
8,rough_seed_25,16,6,0.9609919383363333,7,10,wm000_ws080_we020,0.0,0.8,0.2,lm060_ls000_le040,0.6,0.0,0.4,0.9998962879180908,4.121638630749658e-05,6.242950621526688e-05,0.69994295835495,0.1500226690124691,0.15003433622841839,lm100_ls000_le000,0.00012787661897496053,0.2666250249327277,0.14664376371300025,0,0.15795342125440343,0.6281856962537993,0.47023227499939585,0.0031887181103229523,0.026525007261991643,0.9326315789473684
8,rough_seed_25,16,6,0.9609919383363333,7,10,wm000_ws060_we040,0.0,0.6,0.4,lm040_ls040_le020,0.4,0.4,0.2,0.9999861717224121,5.087912086310098e-06,8.69166342454264e-06,0.6999923944473267,0.15000279835164745,0.1500047804148835,lm100_ls000_le000,1.710710739813458e-05,0.3999907973823004,0.21999493856026528,0,0.15135570779173044,0.4713348178510679,0.31997911005933743,0.0031887181103229523,0.026525007261991643,0.9326315789473684
8,rough_seed_25,16,6,0.9609919383363333,7,10,wm000_ws040_we060,0.0,0.4,0.6,lm040_ls040_le020,0.4,0.4,0.2,0.9999903440475464,6.854010280221701e-06,2.863161171262618e-06,0.6999946892261506,0.15000376970565413,0.1500015747386442,lm100_ls000_le000,1.2182469642911122e-05,0.3999935422920316,0.21999644826061746,0,0.1011728871794293,0.3144839394483366,0.2133110522689073,0.0031887181103229523,0.026525007261991643,0.9326315789473684
8,rough_seed_25,16,6,0.9609919383363333,7,10,wm000_ws020_we080,0.0,0.2,0.8,lm040_ls040_le020,0.4,0.4,0.2,0.9999982118606567,1.607795525160327e-06,2.61597278949921e-07,0.6999990165233613,0.15000088428753883,0.1500001438785034,lm100_ls000_le000,2.4188596275931403e-06,0.39999878082261753,0.2199993294524397,0,0.06572393126688088,0.1576330610456052,0.09190912977872433,0.0031887181103229523,0.026525007261991643,0.9326315789473684
8,rough_seed_25,16,6,0.9609919383363333,7,10,wm000_ws000_we100,0.0,0.0,1.0,lm020_ls000_le080,0.2,0.0,0.8,0.9999990463256836,8.667806241646758e-07,6.0452293837443e-08,0.699999475479126,0.15000047672934327,0.1500000332487616,lm100_ls000_le000,1.2901386871303573e-06,0.5333332842180046,0.29333330631990256,0,0.0,0.0790004469302563,0.0790004469302563,0.0031887181103229523,0.026525007261991643,0.9326315789473684
8,rough_seed_25,16,6,0.9609919383363333,7,10,balanced,0.3333333333333333,0.3333333333333333,0.3333333333333333,lm040_ls040_le020,0.4,0.4,0.2,0.9999897480010986,2.397631305939285e-06,7.812195690348744e-06,0.6999943614006043,0.15000131869721825,0.1500042967076297,lm100_ls000_le000,1.3110397356951376e-05,0.3999931793913674,0.21999624866525214,0,0.08496091283764638,0.26193958576646814,0.17697867292882175,0.0031887181103229523,0.026525007261991643,0.9326315789473684
8,rough_seed_25,16,6,0.9609919383363333,7,10,motion,0.7,0.15,0.15,lm080_ls000_le020,0.8,0.0,0.2,1.0,3.108850954447462e-10,1.8872263751745777e-09,0.7000000000000001,0.1500000001709868,0.1500000010379745,lm100_ls000_le000,1.912661217708004e-09,0.13333333280788623,0.07333333304433744,0,0.10990658261383564,0.11787281359491067,0.007966230981075031,0.0031887181103229523,0.026525007261991643,0.9326315789473684
8,rough_seed_25,16,6,0.9609919383363333,7,10,stability,0.15,0.7,0.15,lm060_ls000_le040,0.6,0.0,0.4,0.9999306201934814,2.8709917387459427e-05,4.0635935874888673e-05,0.6999618411064149,0.1500157904545631,0.1500223497647312,lm100_ls000_le000,8.537620390585946e-05,0.266639564724998,0.14665176059874893,0,0.11904821115219281,0.5496429296560026,0.43059471850380976,0.0031887181103229523,0.026525007261991643,0.9326315789473684
8,rough_seed_25,16,6,0.9609919383363333,7,10,energy,0.15,0.15,0.7,lm040_ls040_le020,0.4,0.4,0.2,0.9999992847442627,5.719562068406958e-07,1.478033198054618e-07,0.6999996066093446,0.15000031457591376,0.15000008129182588,lm100_ls000_le000,9.276693881100015e-07,0.39999952166157865,0.21999973691386832,0,0.05779925412517968,0.11830301404849126,0.060503759923311584,0.0031887181103229523,0.026525007261991643,0.9326315789473684
9,rough_seed_12,16,6,0.9627202199121234,7,10,wm100_ws000_we000,1.0,0.0,0.0,lm100_ls000_le000,1.0,0.0,0.0,0.9896026253700256,0.009309436194598675,0.0010879493784159422,0.6942814439535142,0.15512018990702928,0.15059837215812877,lm100_ls000_le000,0.01399837973864597,0.0069315867343296604,0.003812372703881304,1,0.0,0.0,0.0,0.0036121017765253782,0.027461112228154637,0.9221052631578948
9,rough_seed_12,16,6,0.9627202199121234,7,10,wm080_ws020_we000,0.8,0.2,0.0,lm100_ls000_le000,1.0,0.0,0.0,0.4288061261177063,0.1884983479976654,0.3826954960823059,0.3858433693647385,0.253674091398716,0.36048252284526827,lm040_ls020_le040,0.03551797793413215,0.3807959059874217,0.20943774829308193,0,0.202,1.6238168042235483,1.4218168042235484,0.0036121017765253782,0.027461112228154637,0.9221052631578948
9,rough_seed_12,16,6,0.9627202199121234,7,10,wm080_ws000_we020,0.8,0.0,0.2,lm100_ls000_le000,1.0,0.0,0.0,0.8165299892425537,0.08425363898277283,0.09921634197235107,0.5990914940834046,0.19633950144052506,0.2045689880847931,lm080_ls000_le020,0.13239811913933083,0.12231333057085673,0.06727233181397123,0,0.0,0.7300452624058027,0.7300452624058027,0.0036121017765253782,0.027461112228154637,0.9221052631578948
9,rough_seed_12,16,6,0.9627202199121234,7,10,wm060_ws040_we000,0.6,0.4,0.0,lm100_ls000_le000,1.0,0.0,0.0,0.06018451973795891,0.08667764812707901,0.8531377911567688,0.1831014858558774,0.19767270646989346,0.6192257851362228,lm000_ls020_le080,0.1388803682999122,0.6265436398486296,0.34459900191674625,0,0.404,1.7857659869820834,1.3817659869820833,0.0036121017765253782,0.027461112228154637,0.9221052631578948
9,rough_seed_12,16,6,0.9627202199121234,7,10,wm060_ws020_we020,0.6,0.2,0.2,lm100_ls000_le000,1.0,0.0,0.0,0.05761484056711197,0.20061251521110535,0.7417726516723633,0.1816881623119116,0.26033688336610794,0.5579749584197998,lm000_ls020_le080,0.08191623234576594,0.6282567754387856,0.34554122649133207,0,0.202,1.7852055675154022,1.5832055675154022,0.0036121017765253782,0.027461112228154637,0.9221052631578948
9,rough_seed_12,16,6,0.9627202199121234,7,10,wm060_ws000_we040,0.6,0.0,0.4,lm100_ls000_le000,1.0,0.0,0.0,0.29695945978164673,0.6730616688728333,0.029978830367326736,0.31332770287990575,0.5201839178800584,0.16648835670202972,lm040_ls060_le000,0.12982330552395657,0.46869367981950444,0.25778152390072745,0,0.0,0.78715691276437,0.78715691276437,0.0036121017765253782,0.027461112228154637,0.9221052631578948
9,rough_seed_12,16,6,0.9627202199121234,7,10,wm040_ws060_we000,0.4,0.6,0.0,lm040_ls040_le020,0.4,0.4,0.2,0.022087695077061653,0.013576691970229149,0.9643356204032898,0.1621482322923839,0.15746718058362602,0.6803845912218095,lm000_ls000_le100,0.04409241216683407,0.509557077785333,0.2802563927819332,0,0.404,1.3894440810438038,0.9854440810438038,0.0036121017765253782,0.027461112228154637,0.9221052631578948
9,rough_seed_12,16,6,0.9627202199121234,7,10,wm040_ws040_we020,0.4,0.4,0.2,lm080_ls000_le020,0.8,0.0,0.2,0.0759773701429367,0.1467743217945099,0.7772483229637146,0.19178755357861518,0.23072587698698044,0.5774865776300431,lm000_ls020_le080,0.09551529930976835,0.48268175820509596,0.26547496701280276,0,0.3697303579644351,1.1960949977656807,0.8263646398012456,0.0036121017765253782,0.027461112228154637,0.9221052631578948
9,rough_seed_12,16,6,0.9627202199121234,7,10,wm040_ws020_we040,0.4,0.2,0.4,lm100_ls000_le000,1.0,0.0,0.0,0.11056601256132126,0.8401229977607727,0.049310989677906036,0.21081130690872668,0.612067648768425,0.1771210443228483,lm020_ls080_le000,0.10972632665640125,0.5929559916257858,0.32612579539418224,0,0.202,0.6569548538181382,0.4549548538181382,0.0036121017765253782,0.027461112228154637,0.9221052631578948
9,rough_seed_12,16,6,0.9627202199121234,7,10,wm040_ws000_we060,0.4,0.0,0.6,lm100_ls000_le000,1.0,0.0,0.0,0.03318085893988609,0.9537149667739868,0.013104160316288471,0.16824947241693736,0.6745432317256929,0.15720728817395865,lm000_ls100_le000,0.05843793903207704,0.644546089383463,0.3545003491609047,0,0.0,1.2630451443057824,1.2630451443057824,0.0036121017765253782,0.027461112228154637,0.9221052631578948
9,rough_seed_12,16,6,0.9627202199121234,7,10,wm020_ws080_we000,0.2,0.8,0.0,lm040_ls040_le020,0.4,0.4,0.2,0.0002922027197200805,0.037161264568567276,0.9625464677810669,0.15016071149584603,0.170438695512712,0.6794005572795868,lm000_ls000_le100,0.05276184267478843,0.5083643334975932,0.27960038342367627,0,0.202,1.766132538931278,1.5641325389312781,0.0036121017765253782,0.027461112228154637,0.9221052631578948
9,rough_seed_12,16,6,0.9627202199121234,7,10,wm020_ws060_we020,0.2,0.6,0.2,lm040_ls040_le020,0.4,0.4,0.2,0.009169474244117737,0.7852991819381714,0.20553135871887207,0.15504321083426476,0.5819145500659942,0.2630422472953796,lm000_ls080_le020,0.018187612236832195,0.26055368880430857,0.1433045288423697,0,0.20341142477832982,0.34525540875600363,0.1418439839776738,0.0036121017765253782,0.027461112228154637,0.9221052631578948
9,rough_seed_12,16,6,0.9627202199121234,7,10,wm020_ws040_we040,0.2,0.4,0.4,lm040_ls040_le020,0.4,0.4,0.2,0.1679513156414032,0.7871066331863403,0.04494200274348259,0.24237322360277175,0.5829086482524872,0.17471810150891542,lm020_ls080_le000,0.05668457186487119,0.2580711049338182,0.14193910771360002,0,0.2871078052226233,0.658434660889022,0.3713268556663987,0.0036121017765253782,0.027461112228154637,0.9221052631578948
9,rough_seed_12,16,6,0.9627202199121234,7,10,wm020_ws020_we060,0.2,0.2,0.6,lm100_ls000_le000,1.0,0.0,0.0,0.008102788589894772,0.9604435563087463,0.03145362809300423,0.15445653372444212,0.6782439559698106,0.16729949545115233,lm000_ls100_le000,0.05118298682809431,0.6612647986039519,0.3636956392321736,0,0.202,1.2654054210936774,1.0634054210936774,0.0036121017765253782,0.027461112228154637,0.9221052631578948
9,rough_seed_12,16,6,0.9627202199121234,7,10,wm020_ws000_we080,0.2,0.0,0.8,lm100_ls000_le000,1.0,0.0,0.0,0.004233926068991423,0.9649794697761536,0.030786613002419472,0.1523286593379453,0.6807387083768845,0.16693263715133072,lm000_ls100_le000,0.04682071344263958,0.6638440522365272,0.3651142287300901,0,0.0,1.682103057552764,1.682103057552764,0.0036121017765253782,0.027461112228154637,0.9221052631578948
9,rough_seed_12,16,6,0.9627202199121234,7,10,wm000_ws100_we000,0.0,1.0,0.0,lm040_ls040_le020,0.4,0.4,0.2,5.312417215463938e-06,0.07743334025144577,0.9225614070892334,0.1500029218294685,0.19258833713829518,0.6574087738990785,lm000_ls000_le100,0.10951099434630926,0.48170758480685744,0.2649391716437716,0,0.0,2.199148471729092,2.199148471729092,0.0036121017765253782,0.027461112228154637,0.9221052631578948
9,rough_seed_12,16,6,0.9627202199121234,7,10,wm000_ws080_we020,0.0,0.8,0.2,lm040_ls040_le020,0.4,0.4,0.2,0.00011225150956306607,0.8544142246246338,0.14547358453273773,0.15006173833025968,0.6199278235435486,0.23001047149300574,lm000_ls080_le020,0.07703278799063419,0.30294279619411096,0.16661853790676104,0,0.14255390261131165,0.455294286052671,0.31274038344135935,0.0036121017765253782,0.027461112228154637,0.9221052631578948
9,rough_seed_12,16,6,0.9627202199121234,7,10,wm000_ws060_we040,0.0,0.6,0.4,lm040_ls040_le020,0.4,0.4,0.2,0.009528342634439468,0.9487227201461792,0.041748933494091034,0.1552405884489417,0.6717974960803986,0.17296191342175007,lm000_ls100_le000,0.0668066028956747,0.3658151480058829,0.20119833140323562,0,0.2851078052226233,1.0792924129486436,0.7941846077260204,0.0036121017765253782,0.027461112228154637,0.9221052631578948
9,rough_seed_12,16,6,0.9627202199121234,7,10,wm000_ws040_we060,0.0,0.4,0.6,lm100_ls000_le000,1.0,0.0,0.0,0.041551508009433746,0.8706544637680054,0.08779392391443253,0.17285332940518855,0.628859955072403,0.1982866581529379,lm000_ls080_le020,0.13895605268833228,0.6389656265576681,0.35143109460671756,0,0.404,0.8547523405236159,0.4507523405236159,0.0036121017765253782,0.027461112228154637,0.9221052631578948
9,rough_seed_12,16,6,0.9627202199121234,7,10,wm000_ws020_we080,0.0,0.2,0.8,lm100_ls000_le000,1.0,0.0,0.0,0.0006978574092499912,0.9553580284118652,0.0439441092312336,0.15038382157508748,0.6754469156265259,0.17416926007717848,lm000_ls100_le000,0.06264564923732586,0.6662014267446162,0.36641078470953903,0,0.202,1.6844633343406592,1.4824633343406592,0.0036121017765253782,0.027461112228154637,0.9221052631578948
9,rough_seed_12,16,6,0.9627202199121234,7,10,wm000_ws000_we100,0.0,0.0,1.0,lm100_ls000_le000,1.0,0.0,0.0,0.0006259286310523748,0.9674835801124573,0.03189045563340187,0.1503442607470788,0.6821159690618516,0.16753975059837103,lm000_ls100_le000,0.045548990213396916,0.6662493690382689,0.36643715297104795,0,0.0,2.1011609707997456,2.1011609707997456,0.0036121017765253782,0.027461112228154637,0.9221052631578948
9,rough_seed_12,16,6,0.9627202199121234,7,10,balanced,0.3333333333333333,0.3333333333333333,0.3333333333333333,lm100_ls000_le000,1.0,0.0,0.0,0.21075871586799622,0.6581541299819946,0.13108716905117035,0.2659172937273979,0.511984771490097,0.2220979429781437,lm020_ls060_le020,0.0908109633825838,0.5261608610550562,0.28938847358028097,0,0.33666666666666667,0.4529983466223192,0.11633167995565252,0.0036121017765253782,0.027461112228154637,0.9221052631578948
9,rough_seed_12,16,6,0.9627202199121234,7,10,motion,0.7,0.15,0.15,lm100_ls000_le000,1.0,0.0,0.0,0.15501762926578522,0.1452818661928177,0.6997005343437195,0.23525969609618186,0.22990502640604973,0.5348352938890457,lm020_ls020_le060,0.1223016123877124,0.563321590423584,0.3098268747329712,0,0.1515,1.8134808787450907,1.6619808787450907,0.0036121017765253782,0.027461112228154637,0.9221052631578948
9,rough_seed_12,16,6,0.9627202199121234,7,10,stability,0.15,0.7,0.15,lm040_ls040_le020,0.4,0.4,0.2,0.0016629756428301334,0.6249969005584717,0.3733401894569397,0.15091463660355656,0.49374829530715947,0.3553371042013168,lm000_ls060_le040,0.03658354853907203,0.26555803812419376,0.14605692096830658,0,0.15255856858374736,0.7130121169743352,0.5604535483905878,0.0036121017765253782,0.027461112228154637,0.9221052631578948
9,rough_seed_12,16,6,0.9627202199121234,7,10,energy,0.15,0.15,0.7,lm100_ls000_le000,1.0,0.0,0.0,0.0024446765892207623,0.9645214676856995,0.03303380310535431,0.1513445721240714,0.6804868072271347,0.16816859170794488,lm000_ls100_le000,0.04853797324163904,0.6650368647339443,0.36577027560366937,0,0.1515,1.4743443085201944,1.3228443085201944,0.0036121017765253782,0.027461112228154637,0.9221052631578948
10,rough_seed_6,16,6,0.9614045923216937,7,10,wm100_ws000_we000,1.0,0.0,0.0,lm080_ls020_le000,0.8,0.2,0.0,1.0,2.285500455556644e-09,2.39101165082356e-13,0.7000000000000001,0.15000000125702526,0.1500000000001315,lm100_ls000_le000,2.285500468063613e-09,0.13333333257157953,0.07333333291436875,0,0.0,0.019444788457276867,0.019444788457276867,0.002433744492009282,0.02457764350191548,0.9389473684210526
10,rough_seed_6,16,6,0.9614045923216937,7,10,wm080_ws020_we000,0.8,0.2,0.0,lm020_ls080_le000,0.2,0.8,0.0,1.0,8.990316824331046e-11,5.009911552993941e-14,0.7000000000000001,0.15000000004944675,0.15000000000002756,lm100_ls000_le000,8.990318220233566e-11,0.5333333333033824,0.29333333331686035,0,0.11766906181740024,0.17037765631515675,0.052708594497756514,0.002433744492009282,0.02457764350191548,0.9389473684210526
10,rough_seed_6,16,6,0.9614045923216937,7,10,wm080_ws000_we020,0.8,0.0,0.2,lm100_ls000_le000,1.0,0.0,0.0,0.9999998807907104,8.67209237753741e-08,3.6386790802644953e-10,0.6999999344348908,0.15000004769650807,0.15000000020012735,lm100_ls000_le000,1.4741609727404516e-07,6.876469374472727e-08,3.782058155543666e-08,1,0.015555830765821493,0.015555830765821493,0.0,0.002433744492009282,0.02457764350191548,0.9389473684210526
10,rough_seed_6,16,6,0.9614045923216937,7,10,wm060_ws040_we000,0.6,0.4,0.0,lm000_ls080_le020,0.0,0.8,0.2,1.0,3.415510235749153e-11,1.4294595780499353e-14,0.7000000000000001,0.1500000000187853,0.15000000000000785,lm100_ls000_le000,3.4155105348779e-11,0.6666666666552769,0.3666666666604023,0,0.19513767175767274,0.34056278997232065,0.1454251182146479,0.002433744492009282,0.02457764350191548,0.9389473684210526
10,rough_seed_6,16,6,0.9614045923216937,7,10,wm060_ws020_we020,0.6,0.2,0.2,lm020_ls080_le000,0.2,0.8,0.0,1.0,1.5794845986683015e-10,2.002260857114635e-11,0.7000000000000001,0.15000000008687164,0.15000000001101244,lm100_ls000_le000,1.5921250211053464e-10,0.5333333332873581,0.29333333330804695,0,0.11797135871125086,0.17033915178355818,0.05236779307230732,0.002433744492009282,0.02457764350191548,0.9389473684210526
10,rough_seed_6,16,6,0.9614045923216937,7,10,wm060_ws000_we040,0.6,0.0,0.4,lm100_ls000_le000,1.0,0.0,0.0,1.0,1.4604572662335613e-08,3.1801252742269526e-09,0.7000000000000001,0.15000000803251495,0.15000000174906888,lm100_ls000_le000,1.4946796961530513e-08,5.928232645520855e-09,3.2605279494853554e-09,1,0.011666873074366119,0.011666873074366119,0.0,0.002433744492009282,0.02457764350191548,0.9389473684210526
10,rough_seed_6,16,6,0.9614045923216937,7,10,wm040_ws060_we000,0.4,0.6,0.0,lm040_ls020_le040,0.4,0.2,0.4,1.0,1.3162504419739207e-09,2.3368180762824153e-13,0.7000000000000001,0.15000000072393774,0.15000000000012853,lm100_ls000_le000,1.3162504627173845e-09,0.399999999561172,0.2199999997586446,0,0.2293649881458,0.5107479236294845,0.28138293548368454,0.002433744492009282,0.02457764350191548,0.9389473684210526
10,rough_seed_6,16,6,0.9614045923216937,7,10,wm040_ws040_we020,0.4,0.4,0.2,lm000_ls080_le020,0.0,0.8,0.2,1.0,4.842628034684715e-11,1.5264388711355714e-11,0.7000000000000001,0.15000000002663444,0.15000000000839542,lm100_ls000_le000,5.077505481004229e-11,0.6666666666454364,0.3666666666549901,0,0.17012522035353672,0.3405242854407221,0.1703990650871854,0.002433744492009282,0.02457764350191548,0.9389473684210526
10,rough_seed_6,16,6,0.9614045923216937,7,10,wm040_ws020_we040,0.4,0.2,0.4,lm020_ls080_le000,0.2,0.8,0.0,1.0,1.4426235206421723e-10,1.8974153359607726e-09,0.7000000000000001,0.15000000007934428,0.15000000104357844,lm100_ls000_le000,1.902891637314703e-09,0.5333333339177176,0.29333333365474473,0,0.11827365560510147,0.17030064725195962,0.052026991646858145,0.002433744492009282,0.02457764350191548,0.9389473684210526
10,rough_seed_6,16,6,0.9614045923216937,7,10,wm040_ws000_we060,0.4,0.0,0.6,lm100_ls000_le000,1.0,0.0,0.0,1.0,3.2503528757388267e-09,1.5295684718807934e-08,0.7000000000000001,0.15000000178769407,0.1500000084126266,lm100_ls000_le000,1.5637223693290258e-08,6.1820125315155865e-09,3.400106890483201e-09,1,0.007777915382910746,0.007777915382910746,0.0,0.002433744492009282,0.02457764350191548,0.9389473684210526
10,rough_seed_6,16,6,0.9614045923216937,7,10,wm020_ws080_we000,0.2,0.8,0.0,lm020_ls040_le040,0.2,0.4,0.4,0.9999948740005493,5.100092039356241e-06,2.807227228451836e-10,0.6999971807003021,0.15000280505062163,0.1500000001543975,lm100_ls000_le000,7.230961848683663e-06,0.5333299245425959,0.2933314584984276,0,0.1209861865983622,0.6809330572866485,0.5599468706882863,0.002433744492009282,0.02457764350191548,0.9389473684210526
10,rough_seed_6,16,6,0.9614045923216937,7,10,wm020_ws060_we020,0.2,0.6,0.2,lm000_ls060_le040,0.0,0.6,0.4,0.9999998807907104,1.7619358061438106e-07,1.974329499887517e-08,0.6999999344348908,0.15000009690646934,0.15000001085881223,lm100_ls000_le000,2.1364650772322727e-07,0.6666665616179449,0.36666660888986974,0,0.12434206404501243,0.5107094190978859,0.3863673550528735,0.002433744492009282,0.02457764350191548,0.9389473684210526
10,rough_seed_6,16,6,0.9614045923216937,7,10,wm020_ws040_we040,0.2,0.4,0.4,lm000_ls080_le020,0.0,0.8,0.2,1.0,4.2809897293771826e-10,5.1983434445901366e-08,0.7000000000000001,0.15000000023545443,0.15000002859088893,lm100_ls000_le000,5.1985197176907535e-08,0.6666666491961555,0.3666666570578856,0,0.16995024233665781,0.3404857809091235,0.1705355385724657,0.002433744492009282,0.02457764350191548,0.9389473684210526
10,rough_seed_6,16,6,0.9614045923216937,7,10,wm020_ws020_we060,0.2,0.2,0.6,lm020_ls080_le000,0.2,0.8,0.0,0.9999998807907104,2.911845764508314e-10,6.215706349621541e-08,0.6999999344348908,0.15000000016015153,0.1500000341863849,lm100_ls000_le000,1.344412140905166e-07,0.5333333142188631,0.2933333228203748,0,0.12027080222910068,0.17026214272036105,0.049991340491260375,0.002433744492009282,0.02457764350191548,0.9389473684210526
10,rough_seed_6,16,6,0.9614045923216937,7,10,wm020_ws000_we080,0.2,0.0,0.8,lm100_ls000_le000,1.0,0.0,0.0,0.9999998807907104,2.256879350071017e-09,8.4712034720269e-08,0.6999999344348908,0.15000000124128363,0.15000004659161909,lm100_ls000_le000,1.462603057772369e-07,6.87260678737071e-08,3.77993373175863e-08,1,0.003888957691455373,0.003888957691455373,0.0,0.002433744492009282,0.02457764350191548,0.9389473684210526
10,rough_seed_6,16,6,0.9614045923216937,7,10,wm000_ws100_we000,0.0,1.0,0.0,lm040_ls000_le060,0.4,0.0,0.6,0.998999297618866,0.0010007513919845223,5.735710573162578e-08,0.6994496136903764,0.1505504132655915,0.15000003154640815,lm100_ls000_le000,0.0014152415367901412,0.3999999972179149,0.21999999846985321,0,0.0,0.8511181909438124,0.8511181909438124,0.002433744492009282,0.02457764350191548,0.9389473684210526
10,rough_seed_6,16,6,0.9614045923216937,7,10,wm000_ws080_we020,0.0,0.8,0.2,lm040_ls000_le060,0.4,0.0,0.6,0.9999463558197021,5.048591265222058e-05,3.0508024337905226e-06,0.6999704957008362,0.1500277672519587,0.1500016779413386,lm100_ls000_le000,7.372810082760897e-05,0.3999979303099735,0.21999886167048546,0,0.09912048199041387,0.68089455275505,0.581774070764636,0.002433744492009282,0.02457764350191548,0.9389473684210526
10,rough_seed_6,16,6,0.9614045923216937,7,10,wm000_ws060_we040,0.0,0.6,0.4,lm040_ls000_le060,0.4,0.0,0.6,0.9999954700469971,5.299098404520919e-08,4.547228400042513e-06,0.6999975085258484,0.1500000291450412,0.15000250097562,lm100_ls000_le000,6.4187668889978374e-06,0.399996991936527,0.21999834556508988,0,0.19824096398082774,0.5106709145662873,0.3124299505854596,0.002433744492009282,0.02457764350191548,0.9389473684210526
10,rough_seed_6,16,6,0.9614045923216937,7,10,wm000_ws040_we060,0.0,0.4,0.6,lm000_ls080_le020,0.0,0.8,0.2,0.9999978542327881,1.6625637533351778e-09,2.1222690520517062e-06,0.6999988198280335,0.15000000091441007,0.15000116724797863,lm100_ls000_le000,3.0180035820290425e-06,0.6666652434337241,0.3666658838885483,0,0.1697752643197789,0.340447276377525,0.17067201205774607,0.002433744492009282,0.02457764350191548,0.9389473684210526
10,rough_seed_6,16,6,0.9614045923216937,7,10,wm000_ws020_we080,0.0,0.2,0.8,lm020_ls080_le000,0.2,0.8,0.0,0.9999995231628418,5.732343488773495e-10,4.585361068620841e-07,0.699999737739563,0.15000000031527888,0.15000025219485877,lm100_ls000_le000,6.615356115411229e-07,0.5333333270419048,0.29333332987304767,0,0.15985324492759392,0.1702236381887625,0.010370393261168565,0.002433744492009282,0.02457764350191548,0.9389473684210526
10,rough_seed_6,16,6,0.9614045923216937,7,10,wm000_ws000_we100,0.0,0.0,1.0,lm100_ls000_le000,1.0,0.0,0.0,0.9999997615814209,2.1367783098469317e-09,2.0759269148129533e-07,0.6999998688697816,0.15000000117522808,0.1500001141759803,lm100_ls000_le000,3.161371699734179e-07,1.4938268296423493e-07,8.21604756173766e-08,1,0.0,0.0,0.0,0.002433744492009282,0.02457764350191548,0.9389473684210526
10,rough_seed_6,16,6,0.9614045923216937,7,10,balanced,0.3333333333333333,0.3333333333333333,0.3333333333333333,lm000_ls080_le020,0.0,0.8,0.2,1.0,9.846529147594651e-11,1.6412088355011178e-09,0.7000000000000001,0.1500000000541559,0.15000000090266485,lm100_ls000_le000,1.6441599238980308e-09,0.6666666660867754,0.36666666634772643,0,0.14215729902371685,0.2837702378672684,0.14161293884355156,0.002433744492009282,0.02457764350191548,0.9389473684210526
10,rough_seed_6,16,6,0.9614045923216937,7,10,motion,0.7,0.15,0.15,lm020_ls080_le000,0.2,0.8,0.0,1.0,9.124933586512896e-10,1.1928210155720542e-11,0.7000000000000001,0.15000000050187134,0.1500000000065605,lm100_ls000_le000,9.125713187363659e-10,0.533333333033145,0.2933333331682298,0,0.08859164973868289,0.12780249450216682,0.03921084476348394,0.002433744492009282,0.02457764350191548,0.9389473684210526
10,rough_seed_6,16,6,0.9614045923216937,7,10,stability,0.15,0.7,0.15,lm000_ls060_le040,0.0,0.6,0.4,0.9999954700469971,4.5667457015952095e-06,4.164740019518831e-08,0.6999975085258484,0.15000251171013587,0.1500000229060701,lm100_ls000_le000,6.432524777856129e-06,0.6666636205512985,0.3666649913032141,0,0.09338578569369428,0.5958116120593676,0.5024258263656733,0.002433744492009282,0.02457764350191548,0.9389473684210526
10,rough_seed_6,16,6,0.9614045923216937,7,10,energy,0.15,0.15,0.7,lm040_ls060_le000,0.4,0.6,0.0,0.9999998807907104,4.882576010167838e-10,9.923391530719528e-08,0.6999999344348908,0.15000000026854168,0.15000005457865342,lm100_ls000_le000,1.551079077864264e-07,0.39999999317878937,0.2199999962483342,0,0.12272412383380095,0.12769660704027078,0.004972483206469827,0.002433744492009282,0.02457764350191548,0.9389473684210526
11,rough_seed_29,16,6,0.9635856524448488,7,10,wm100_ws000_we000,1.0,0.0,0.0,lm100_ls000_le000,1.0,0.0,0.0,1.0,4.7661843089193636e-23,6.2110821377613425e-24,0.7000000000000001,0.15,0.15,lm100_ls000_le000,4.8064839831012995e-23,1.7957641742318325e-23,0.0,1,0.0,0.0,0.0,0.005034336820244789,0.025747887267524333,0.9452631578947368
11,rough_seed_29,16,6,0.9635856524448488,7,10,wm080_ws020_we000,0.8,0.2,0.0,lm100_ls000_le000,1.0,0.0,0.0,1.0,1.8001559439715892e-19,3.488485599426076e-19,0.7000000000000001,0.15,0.15,lm100_ls000_le000,3.9255691561886097e-19,1.7628805144658885e-19,0.0,1,0.14138735532087288,0.14138735532087288,0.0,0.005034336820244789,0.025747887267524333,0.9452631578947368
11,rough_seed_29,16,6,0.9635856524448488,7,10,wm080_ws000_we020,0.8,0.0,0.2,lm060_ls040_le000,0.6,0.4,0.0,1.0,3.137065812365039e-22,5.6919177876781954e-24,0.7000000000000001,0.15,0.15,lm100_ls000_le000,3.137582142975653e-22,0.26666666666666666,0.1466666666666667,0,0.14965890669506476,0.202,0.05234109330493525,0.005034336820244789,0.025747887267524333,0.9452631578947368
11,rough_seed_29,16,6,0.9635856524448488,7,10,wm060_ws040_we000,0.6,0.4,0.0,lm060_ls040_le000,0.6,0.4,0.0,1.0,5.115419162750063e-15,1.6147434612838983e-14,0.7000000000000001,0.1500000000000028,0.15000000000000888,lm100_ls000_le000,1.693833397316693e-14,0.2666666666666703,0.14666666666666872,0,0.11272705211836323,0.28277471064174575,0.17004765852338252,0.005034336820244789,0.025747887267524333,0.9452631578947368
11,rough_seed_29,16,6,0.9635856524448488,7,10,wm060_ws020_we020,0.6,0.2,0.2,lm060_ls040_le000,0.6,0.4,0.0,1.0,1.6200709698005524e-18,2.2790767165336e-19,0.7000000000000001,0.15,0.15,lm100_ls000_le000,1.6360231825952095e-18,0.26666666666666666,0.1466666666666667,0,0.11292156873340709,0.20339987480515717,0.09047830607175009,0.005034336820244789,0.025747887267524333,0.9452631578947368
11,rough_seed_29,16,6,0.9635856524448488,7,10,wm060_ws000_we040,0.6,0.0,0.4,lm060_ls040_le000,0.6,0.4,0.0,1.0,5.626082769744252e-22,3.8329646979421654e-24,0.7000000000000001,0.15,0.15,lm100_ls000_le000,5.6262133352594015e-22,0.26666666666666666,0.1466666666666667,0,0.14200604974727948,0.404,0.26199395025272054,0.005034336820244789,0.025747887267524333,0.9452631578947368
11,rough_seed_29,16,6,0.9635856524448488,7,10,wm040_ws060_we000,0.4,0.6,0.0,lm040_ls060_le000,0.4,0.6,0.0,1.0,6.415259434788823e-10,1.1914529085554904e-10,0.7000000000000001,0.15000000035283925,0.1500000000655299,lm100_ls000_le000,6.524960815894019e-10,0.39999999982587314,0.21999999990423025,0,0.13756749512136274,0.4241620659626185,0.2865945708412558,0.005034336820244789,0.025747887267524333,0.9452631578947368
11,rough_seed_29,16,6,0.9635856524448488,7,10,wm040_ws040_we020,0.4,0.4,0.2,lm040_ls060_le000,0.4,0.6,0.0,1.0,4.791088722587086e-14,3.1617296230950203e-15,0.7000000000000001,0.15000000000002633,0.15000000000000174,lm100_ls000_le000,4.80150981356872e-14,0.39999999999998503,0.21999999999999184,0,0.0931073823940256,0.28477471064174575,0.19166732824772015,0.005034336820244789,0.025747887267524333,0.9452631578947368
11,rough_seed_29,16,6,0.9635856524448488,7,10,wm040_ws020_we040,0.4,0.2,0.4,lm060_ls040_le000,0.6,0.4,0.0,1.0,7.665148762356589e-19,3.1940525990923866e-20,0.7000000000000001,0.15,0.15,lm100_ls000_le000,7.671800653635001e-19,0.26666666666666666,0.1466666666666667,0,0.1421403411008057,0.40539987480515716,0.26325953370435146,0.005034336820244789,0.025747887267524333,0.9452631578947368
11,rough_seed_29,16,6,0.9635856524448488,7,10,wm040_ws000_we060,0.4,0.0,0.6,lm080_ls020_le000,0.8,0.2,0.0,1.0,1.2686259129372575e-22,9.379263298466767e-25,0.7000000000000001,0.15,0.15,lm100_ls000_le000,1.268660584063331e-22,0.13333333333333333,0.07333333333333333,0,0.16486487709146663,0.606,0.44113512290853335,0.005034336820244789,0.025747887267524333,0.9452631578947368
11,rough_seed_29,16,6,0.9635856524448488,7,10,wm020_ws080_we000,0.2,0.8,0.0,lm080_ls020_le000,0.8,0.2,0.0,0.9999998807907104,1.267034548391166e-07,3.121985869825039e-08,0.6999999344348908,0.15000006968690016,0.1500000171709223,lm100_ls000_le000,1.7674642785784606e-07,0.1333332617690381,0.07333329397297096,0,0.08163235807027222,0.5655494212834915,0.48391706321321926,0.005034336820244789,0.025747887267524333,0.9452631578947368
11,rough_seed_29,16,6,0.9635856524448488,7,10,wm020_ws060_we020,0.2,0.6,0.2,lm080_ls020_le000,0.8,0.2,0.0,1.0,1.1009164690989337e-09,1.1788568385351361e-11,0.7000000000000001,0.15000000060550406,0.1500000000064837,lm100_ls000_le000,1.100979583043137e-09,0.13333333297029068,0.07333333313365988,0,0.08216574505391296,0.4261620659626185,0.3439963209087056,0.005034336820244789,0.025747887267524333,0.9452631578947368
11,rough_seed_29,16,6,0.9635856524448488,7,10,wm020_ws040_we040,0.2,0.4,0.4,lm080_ls020_le000,0.8,0.2,0.0,1.0,2.085070702521289e-14,6.953480075956743e-17,0.7000000000000001,0.15000000000001146,0.15000000000000002,lm100_ls000_le000,2.085082297032371e-14,0.1333333333333264,0.07333333333332952,0,0.1085524118644407,0.40679974961031434,0.29824733774587364,0.005034336820244789,0.025747887267524333,0.9452631578947368
11,rough_seed_29,16,6,0.9635856524448488,7,10,wm020_ws020_we060,0.2,0.2,0.6,lm080_ls020_le000,0.8,0.2,0.0,1.0,4.2493408025130706e-19,4.662214498960475e-21,0.7000000000000001,0.15,0.15,lm100_ls000_le000,4.24959655500447e-19,0.13333333333333333,0.07333333333333333,0,0.1624244972121547,0.6073998748051571,0.44497537759300243,0.005034336820244789,0.025747887267524333,0.9452631578947368
11,rough_seed_29,16,6,0.9635856524448488,7,10,wm020_ws000_we080,0.2,0.0,0.8,lm080_ls000_le020,0.8,0.0,0.2,1.0,3.977377361784269e-23,4.340417224595949e-25,0.7000000000000001,0.15,0.15,lm100_ls000_le000,3.9776141844329685e-23,0.13333333333333333,0.07333333333333333,0,0.09221328900858783,0.808,0.7157867109914122,0.005034336820244789,0.025747887267524333,0.9452631578947368
11,rough_seed_29,16,6,0.9635856524448488,7,10,wm000_ws100_we000,0.0,1.0,0.0,lm080_ls020_le000,0.8,0.2,0.0,0.9999994039535522,6.168638577719321e-08,4.486819591420499e-07,0.6999996721744538,0.15000003392751218,0.15000024677507753,lm100_ls000_le000,7.485934000042018e-07,0.13333326364970852,0.07333329500733969,0,0.0,0.7069367766043643,0.7069367766043643,0.005034336820244789,0.025747887267524333,0.9452631578947368
11,rough_seed_29,16,6,0.9635856524448488,7,10,wm000_ws080_we020,0.0,0.8,0.2,lm080_ls020_le000,0.8,0.2,0.0,0.9999998807907104,1.4745917553682375e-07,3.146836347056592e-09,0.6999999344348908,0.15000008110254653,0.15000000173075997,lm100_ls000_le000,1.8964431376710708e-07,0.1333332454927904,0.07333328502103474,0,0.05387208534771405,0.5675494212834915,0.5136773359357775,0.005034336820244789,0.025747887267524333,0.9452631578947368
11,rough_seed_29,16,6,0.9635856524448488,7,10,wm000_ws060_we040,0.0,0.6,0.4,lm080_ls020_le000,0.8,0.2,0.0,1.0,6.064607704914238e-10,4.03348768230824e-13,0.7000000000000001,0.15000000033355343,0.15000000000022184,lm100_ls000_le000,6.064609046222849e-10,0.13333333313131418,0.07333333322222281,0,0.1077441706954281,0.4281620659626185,0.32041789526719044,0.005034336820244789,0.025747887267524333,0.9452631578947368
11,rough_seed_29,16,6,0.9635856524448488,7,10,wm000_ws040_we060,0.0,0.4,0.6,lm080_ls020_le000,0.8,0.2,0.0,1.0,1.4765468172141596e-14,8.415087869694875e-18,0.7000000000000001,0.15000000000000813,0.15,lm100_ls000_le000,1.4765470570091233e-14,0.1333333333333284,0.07333333333333063,0,0.16161625604314211,0.6087997496103142,0.44718349356717213,0.005034336820244789,0.025747887267524333,0.9452631578947368
11,rough_seed_29,16,6,0.9635856524448488,7,10,wm000_ws020_we080,0.0,0.2,0.8,lm040_ls040_le020,0.4,0.4,0.2,1.0,1.602478906123081e-19,2.0906145838000316e-21,0.7000000000000001,0.15,0.15,lm100_ls000_le000,1.60261527245413e-19,0.39999999999999997,0.22,0,0.17615667609005298,0.8093998748051572,0.6332431987151041,0.005034336820244789,0.025747887267524333,0.9452631578947368
11,rough_seed_29,16,6,0.9635856524448488,7,10,wm000_ws000_we100,0.0,0.0,1.0,lm080_ls000_le020,0.8,0.0,0.2,1.0,4.891079607333213e-24,6.058734755947119e-25,0.7000000000000001,0.15,0.15,lm100_ls000_le000,4.928462477659745e-24,0.13333333333333333,0.07333333333333333,0,0.0,1.01,1.01,0.005034336820244789,0.025747887267524333,0.9452631578947368
11,rough_seed_29,16,6,0.9635856524448488,7,10,balanced,0.3333333333333333,0.3333333333333333,0.3333333333333333,lm060_ls040_le000,0.6,0.4,0.0,1.0,6.41335548815685e-16,1.577118934069731e-17,0.7000000000000001,0.15000000000000036,0.15,lm100_ls000_le000,6.415294354805054e-16,0.26666666666666644,0.14666666666666658,0,0.11886945728956978,0.3389997913419286,0.22013033405235882,0.005034336820244789,0.025747887267524333,0.9452631578947368
11,rough_seed_29,16,6,0.9635856524448488,7,10,motion,0.7,0.15,0.15,lm060_ls040_le000,0.6,0.4,0.0,1.0,1.0206512431162478e-19,1.5538802679897433e-20,0.7000000000000001,0.15,0.15,lm100_ls000_le000,1.032411932780332e-19,0.26666666666666666,0.1466666666666667,0,0.13124160856047495,0.15254990610386787,0.021308297543392918,0.005034336820244789,0.025747887267524333,0.9452631578947368
11,rough_seed_29,16,6,0.9635856524448488,7,10,stability,0.15,0.7,0.15,lm080_ls020_le000,0.8,0.2,0.0,1.0,2.7816343006747957e-08,4.858960456211037e-10,0.7000000000000001,0.15000001529898865,0.1500000002672428,lm100_ls000_le000,2.782058650057914e-08,0.13333332422318434,0.07333332832275138,0,0.06162430879043471,0.496355743623055,0.4347314348326203,0.005034336820244789,0.025747887267524333,0.9452631578947368
11,rough_seed_29,16,6,0.9635856524448488,7,10,energy,0.15,0.15,0.7,lm080_ls000_le020,0.8,0.0,0.2,1.0,2.6641737849467016e-20,3.4847694460955354e-22,0.7000000000000001,0.15,0.15,lm100_ls000_le000,2.664401681092113e-20,0.13333333333333333,0.07333333333333333,0,0.15218475214610336,0.7080499061038679,0.5558651539577645,0.005034336820244789,0.025747887267524333,0.9452631578947368
12,rough_seed_18,16,6,0.9599784118002878,7,10,wm100_ws000_we000,1.0,0.0,0.0,lm000_ls100_le000,0.0,1.0,0.0,0.9999938011169434,6.1412683862727135e-06,6.5388731755600116e-12,0.699996590614319,0.15000337769761243,0.15000000000359637,lm100_ls000_le000,8.725899870052465e-06,0.666662553285032,0.36666440430676767,0,0.0,0.6623184343415022,0.6623184343415022,0.0037044251803308725,0.02580540293519409,0.9284210526315789
12,rough_seed_18,16,6,0.9599784118002878,7,10,wm080_ws020_we000,0.8,0.2,0.0,lm000_ls100_le000,0.0,1.0,0.0,0.9994982481002808,0.0005017208168283105,6.895161091396984e-12,0.6997240364551545,0.15027594644925557,0.15000000000379232,lm100_ls000_le000,0.0007095623629468601,0.6663321757634492,0.3664826966698971,0,0.202,3.682226257741588,3.480226257741588,0.0037044251803308725,0.02580540293519409,0.9284210526315789
12,rough_seed_18,16,6,0.9599784118002878,7,10,wm080_ws000_we020,0.8,0.0,0.2,lm000_ls100_le000,0.0,1.0,0.0,0.9998136162757874,0.00018641247879713774,4.396980834986408e-10,0.6998974889516831,0.15010252686333841,0.15000000024183394,lm100_ls000_le000,0.00026360672393332935,0.6665424014122294,0.3665983207767262,0,0.0,0.5343276184312944,0.5343276184312944,0.0037044251803308725,0.02580540293519409,0.9284210526315789
12,rough_seed_18,16,6,0.9599784118002878,7,10,wm060_ws040_we000,0.6,0.4,0.0,lm000_ls100_le000,0.0,1.0,0.0,0.999527096748352,0.00047292656381614506,4.552209303954058e-13,0.6997399032115937,0.15026010961009886,0.15000000000025038,lm100_ls000_le000,0.0006688026765662275,0.6663513900616637,0.3664932645339151,0,0.404,7.357894907222369,6.953894907222369,0.0037044251803308725,0.02580540293519409,0.9284210526315789
12,rough_seed_18,16,6,0.9599784118002878,7,10,wm060_ws020_we020,0.6,0.2,0.2,lm000_ls100_le000,0.0,1.0,0.0,0.9978798627853394,0.0021201821509748697,3.311048102361269e-10,0.6988339245319367,0.15116610018303617,0.15000000018210763,lm100_ls000_le000,0.002998358578005895,0.6652532269884898,0.36588927484366945,0,0.202,3.6853876070475193,3.4833876070475194,0.0037044251803308725,0.02580540293519409,0.9284210526315789
12,rough_seed_18,16,6,0.9599784118002878,7,10,wm060_ws000_we040,0.6,0.0,0.4,lm000_ls100_le000,0.0,1.0,0.0,0.8883848786354065,0.11161454766988754,5.251376933301799e-07,0.6386116832494736,0.21138800121843815,0.15000028882573133,lm080_ls020_le000,0.12499549974007017,0.5922569520344041,0.3257413236189223,0,0.0,0.9464926417888249,0.9464926417888249,0.0037044251803308725,0.02580540293519409,0.9284210526315789
12,rough_seed_18,16,6,0.9599784118002878,7,10,wm040_ws060_we000,0.4,0.6,0.0,lm040_ls040_le020,0.4,0.4,0.2,0.9998117089271545,0.00018832407658919692,3.4585043027146253e-14,0.6998964399099351,0.15010357824212406,0.150000000000019,lm100_ls000_le000,0.00026630712708537794,0.39987446161684365,0.219930953889264,0,0.404,11.033563556703148,10.629563556703149,0.0037044251803308725,0.02580540293519409,0.9284210526315789
12,rough_seed_18,16,6,0.9599784118002878,7,10,wm040_ws040_we020,0.4,0.4,0.2,lm000_ls100_le000,0.0,1.0,0.0,0.9997718930244446,0.0002280878834426403,4.074054461844501e-12,0.6998745411634446,0.15012544833589345,0.15000000000224073,lm100_ls000_le000,0.0003225784786224655,0.6665146017150253,0.3665830309432639,0,0.404,7.3610562565283,6.9570562565283005,0.0037044251803308725,0.02580540293519409,0.9284210526315789
12,rough_seed_18,16,6,0.9599784118002878,7,10,wm040_ws020_we040,0.4,0.2,0.4,lm000_ls100_le000,0.0,1.0,0.0,0.9982603192329407,0.0017396879848092794,1.1627116158763329e-08,0.6990431755781175,0.1509568283916451,0.15000000639491387,lm100_ls000_le000,0.002460285238727633,0.6655068809584158,0.3660287845271288,0,0.202,3.6885489563534506,3.4865489563534506,0.0037044251803308725,0.02580540293519409,0.9284210526315789
12,rough_seed_18,16,6,0.9599784118002878,7,10,wm040_ws000_we060,0.4,0.0,0.6,lm000_ls100_le000,0.0,1.0,0.0,0.974689781665802,0.025309262797236443,9.424796871826402e-07,0.6860793799161912,0.16392009453848003,0.15000051836382794,lm100_ls000_le000,0.03579337838696729,0.6497938204494176,0.35738660124717975,0,0.0,1.357902943606415,1.357902943606415,0.0037044251803308725,0.02580540293519409,0.9284210526315789
12,rough_seed_18,16,6,0.9599784118002878,7,10,wm020_ws080_we000,0.2,0.8,0.0,lm040_ls040_le020,0.4,0.4,0.2,0.9694072008132935,0.030592869967222214,1.0646647409170984e-12,0.6831739604473115,0.16682607848197223,0.15000000000058555,lm100_ls000_le000,0.04326480157020854,0.3796047769483355,0.2087826273215846,0,0.202,14.70923220618393,14.50723220618393,0.0037044251803308725,0.02580540293519409,0.9284210526315789
12,rough_seed_18,16,6,0.9599784118002878,7,10,wm020_ws060_we020,0.2,0.6,0.2,lm040_ls040_le020,0.4,0.4,0.2,0.99944669008255,0.0005533400690183043,4.295000227867718e-13,0.6996956795454026,0.15030433703796006,0.15000000000023622,lm100_ls000_le000,0.00078251971012215,0.39963111667103407,0.21979711416906875,0,0.20400000000000001,11.036724906009079,10.832724906009078,0.0037044251803308725,0.02580540293519409,0.9284210526315789
12,rough_seed_18,16,6,0.9599784118002878,7,10,wm020_ws040_we040,0.2,0.4,0.4,lm000_ls100_le000,0.0,1.0,0.0,0.9998599290847778,0.00014001793169882149,3.35251340577436e-11,0.6999229609966279,0.15007700986243436,0.15000000001843883,lm100_ls000_le000,0.00019805272653612404,0.666573303728868,0.36661531705087747,0,0.404,7.364217605834232,6.960217605834232,0.0037044251803308725,0.02580540293519409,0.9284210526315789
12,rough_seed_18,16,6,0.9599784118002878,7,10,wm020_ws020_we060,0.2,0.2,0.6,lm000_ls100_le000,0.0,1.0,0.0,0.9936459064483643,0.006353700999170542,3.2165166885533836e-07,0.6965052485466005,0.1534945355495438,0.15000017690841785,lm100_ls000_le000,0.008985767710844715,0.6624308423669542,0.3643369633018249,0,0.202,3.691710305659382,3.489710305659382,0.0037044251803308725,0.02580540293519409,0.9284210526315789
12,rough_seed_18,16,6,0.9599784118002878,7,10,wm020_ws000_we080,0.2,0.0,0.8,lm000_ls100_le000,0.0,1.0,0.0,0.9907094240188599,0.009283141233026981,7.41500070944312e-06,0.694890183210373,0.15510572767816483,0.1500040782503902,lm100_ls000_le000,0.013133604539344835,0.6604778992621808,0.3632628445941995,0,0.0,1.8083513887216176,1.8083513887216176,0.0037044251803308725,0.02580540293519409,0.9284210526315789
12,rough_seed_18,16,6,0.9599784118002878,7,10,wm000_ws100_we000,0.0,1.0,0.0,lm040_ls040_le020,0.4,0.4,0.2,0.055615004152059555,0.9443849325180054,1.0345728440608326e-10,0.18058825228363276,0.669411712884903,0.1500000000569015,lm000_ls100_le000,0.07865153792431791,0.3629233094208295,0.19960782018145626,0,0.0,1.01,1.01,0.0037044251803308725,0.02580540293519409,0.9284210526315789
12,rough_seed_18,16,6,0.9599784118002878,7,10,wm000_ws080_we020,0.0,0.8,0.2,lm040_ls040_le020,0.4,0.4,0.2,0.7546777725219727,0.24532224237918854,5.466865848902103e-10,0.565072774887085,0.28492723330855374,0.15000000030067762,lm080_ls020_le000,0.06409531931309784,0.2364518431986992,0.13004851375928453,0,0.202,4.755090425441253,4.553090425441253,0.0037044251803308725,0.02580540293519409,0.9284210526315789
12,rough_seed_18,16,6,0.9599784118002878,7,10,wm000_ws060_we040,0.0,0.6,0.4,lm040_ls040_le020,0.4,0.4,0.2,0.9973719120025635,0.0026280456222593784,7.479313696157064e-11,0.69855455160141,0.15144542509224265,0.15000000004113623,lm100_ls000_le000,0.003716647725430351,0.39824795543517033,0.2190363754893437,0,0.404,11.039886255315011,10.635886255315011,0.0037044251803308725,0.02580540293519409,0.9284210526315789
12,rough_seed_18,16,6,0.9599784118002878,7,10,wm000_ws040_we060,0.0,0.4,0.6,lm000_ls100_le000,0.0,1.0,0.0,0.9933038353919983,0.006696141790598631,1.969840113247301e-08,0.6963171094655991,0.15368287798482924,0.15000001083412062,lm100_ls000_le000,0.009469790670212523,0.6622025710999336,0.36421141410496355,0,0.404,7.367378955140163,6.963378955140163,0.0037044251803308725,0.02580540293519409,0.9284210526315789
12,rough_seed_18,16,6,0.9599784118002878,7,10,wm000_ws020_we080,0.0,0.2,0.8,lm000_ls100_le000,0.0,1.0,0.0,0.9588035941123962,0.0411587618291378,3.764444772969e-05,0.677341976761818,0.1726373190060258,0.15002070444625132,lm100_ls000_le000,0.05823391580915996,0.6392274922436627,0.3515751207340145,0,0.202,3.694871654965313,3.492871654965313,0.0037044251803308725,0.02580540293519409,0.9284210526315789
12,rough_seed_18,16,6,0.9599784118002878,7,10,wm000_ws000_we100,0.0,0.0,1.0,lm000_ls100_le000,0.0,1.0,0.0,0.9846286773681641,0.01518659945577383,0.00018480635480955243,0.6915457725524903,0.1583526297006756,0.15010164349514524,lm100_ls000_le000,0.021608898997192795,0.6565422947557332,0.3610982621156534,0,0.0,2.2587998338368203,2.2587998338368203,0.0037044251803308725,0.02580540293519409,0.9284210526315789
12,rough_seed_18,16,6,0.9599784118002878,7,10,balanced,0.3333333333333333,0.3333333333333333,0.3333333333333333,lm000_ls100_le000,0.0,1.0,0.0,0.9995982050895691,0.0004018066974822432,1.8485579733606983e-10,0.699779012799263,0.15022099368361522,0.1500000001016707,lm100_ls000_le000,0.0005682321463889584,0.6663987995256475,0.36651933973910616,0,0.33666666666666667,6.137940939571993,5.801274272905326,0.0037044251803308725,0.02580540293519409,0.9284210526315789
12,rough_seed_18,16,6,0.9599784118002878,7,10,motion,0.7,0.15,0.15,lm000_ls100_le000,0.0,1.0,0.0,0.998808741569519,0.001191236893646419,1.4249058877258136e-10,0.6993448078632355,0.1506551802915055,0.1500000000783698,lm100_ls000_le000,0.0016846785999045466,0.6658725016061211,0.3662298758833666,0,0.1515,2.765680107350841,2.614180107350841,0.0037044251803308725,0.02580540293519409,0.9284210526315789
12,rough_seed_18,16,6,0.9599784118002878,7,10,stability,0.15,0.7,0.15,lm040_ls040_le020,0.4,0.4,0.2,0.9936680197715759,0.006331966258585453,1.7383517585470298e-12,0.6965174108743668,0.153482581442222,0.1500000000009561,lm100_ls000_le000,0.00895476243755344,0.3957786845037507,0.21767827647706292,0,0.153,12.873768893422987,12.720768893422987,0.0037044251803308725,0.02580540293519409,0.9284210526315789
12,rough_seed_18,16,6,0.9599784118002878,7,10,energy,0.15,0.15,0.7,lm000_ls100_le000,0.0,1.0,0.0,0.9777156710624695,0.022277552634477615,6.7470086833054665e-06,0.6877436190843583,0.16225265394896268,0.15000371085477582,lm100_ls000_le000,0.031510009728657765,0.6518149551455584,0.3584982253300572,0,0.1515,2.774373817942152,2.622873817942152,0.0037044251803308725,0.02580540293519409,0.9284210526315789
13,rough_seed_10,16,6,0.9564119834404229,7,10,wm100_ws000_we000,1.0,0.0,0.0,lm060_ls040_le000,0.6,0.4,0.0,2.3752011202304857e-07,0.9836406111717224,0.01635914295911789,0.1500001306360616,0.6910023361444474,0.15899752862751484,lm000_ls100_le000,0.023135495699207437,0.39999983887024276,0.2199999113786335,0,0.0,0.08372611165496771,0.08372611165496771,0.0031279721297323704,0.02349479556646616,0.9389473684210526
13,rough_seed_10,16,6,0.9564119834404229,7,10,wm080_ws020_we000,0.8,0.2,0.0,lm080_ls020_le000,0.8,0.2,0.0,2.324640391293542e-08,0.9934362173080444,0.006563832517713308,0.15000001278552214,0.6963899195194245,0.1536101078847423,lm000_ls100_le000,0.009282625735660492,0.533333342193118,0.29333333820621493,0,0.08934336145439944,0.21318783214922216,0.12384447069482271,0.0031279721297323704,0.02349479556646616,0.9389473684210526
13,rough_seed_10,16,6,0.9564119834404229,7,10,wm080_ws000_we020,0.8,0.0,0.2,lm100_ls000_le000,1.0,0.0,0.0,1.8722264016890477e-10,0.9932243227958679,0.006775681860744953,0.15000000010297246,0.6962733775377274,0.15372662502340972,lm000_ls100_le000,0.009582257889068909,0.6666666681564634,0.366666667486055,0,0.027364594489203167,0.20228840358578873,0.17492380909658556,0.0031279721297323704,0.02349479556646616,0.9389473684210526
13,rough_seed_10,16,6,0.9564119834404229,7,10,wm060_ws040_we000,0.6,0.4,0.0,lm080_ls000_le020,0.8,0.0,0.2,1.5752712911876188e-08,0.9862180352210999,0.013781902380287647,0.1500000086639921,0.692419919371605,0.1575800463091582,lm000_ls100_le000,0.019490597384043174,0.6574787056960331,0.36161328813281823,0,0.14676191603588556,0.42554669289591984,0.2787847768600343,0.0031279721297323704,0.02349479556646616,0.9389473684210526
13,rough_seed_10,16,6,0.9564119834404229,7,10,wm060_ws020_we020,0.6,0.2,0.2,lm080_ls020_le000,0.8,0.2,0.0,1.1549479150829711e-09,0.9841111898422241,0.01588883064687252,0.15000000063522134,0.6912611544132233,0.15873885685577988,lm000_ls100_le000,0.02247018530308192,0.5333333397780496,0.29333333687792734,0,0.0892287470795358,0.21501832723964567,0.12578958016010988,0.0031279721297323704,0.02349479556646616,0.9389473684210526
13,rough_seed_10,16,6,0.9564119834404229,7,10,wm060_ws000_we040,0.6,0.0,0.4,lm080_ls020_le000,0.8,0.2,0.0,4.545485949442041e-12,0.9926074743270874,0.007392488420009613,0.15000000000250002,0.6959341108798981,0.15406586863100527,lm000_ls100_le000,0.010454583725077153,0.5333333209141838,0.29333332650280114,0,0.034728155583680434,0.403747835769053,0.36901968018537257,0.0031279721297323704,0.02349479556646616,0.9389473684210526
13,rough_seed_10,16,6,0.9564119834404229,7,10,wm040_ws060_we000,0.4,0.6,0.0,lm020_ls040_le040,0.2,0.4,0.4,3.0167381925849668e-09,0.9714332818984985,0.028566772118210793,0.150000001659206,0.6842883050441743,0.16571172466501594,lm000_ls100_le000,0.040399478367232,0.3809555022545165,0.2095255262399841,0,0.16231085368994616,0.6379055536426175,0.47559469995267134,0.0031279721297323704,0.02349479556646616,0.9389473684210526
13,rough_seed_10,16,6,0.9564119834404229,7,10,wm040_ws040_we020,0.4,0.4,0.2,lm060_ls020_le020,0.6,0.2,0.2,2.3305155583130954e-09,0.948409378528595,0.051590558141469955,0.15000000128178356,0.6716251581907273,0.17837480697780847,lm000_ls100_le000,0.07296011179510482,0.49893960601886983,0.2744167833103784,0,0.12180717067211369,0.4273771879863434,0.3055700173142297,0.0031279721297323704,0.02349479556646616,0.9389473684210526
13,rough_seed_10,16,6,0.9564119834404229,7,10,wm040_ws020_we040,0.4,0.2,0.4,lm080_ls020_le000,0.8,0.2,0.0,4.320797625939621e-12,0.9912649989128113,0.008734927512705326,0.15000000000237643,0.6951957494020463,0.15480421013198792,lm000_ls100_le000,0.01235310497993944,0.5333333088070653,0.29333331984388594,0,0.08911413270467218,0.40568624599376796,0.3165721132890958,0.0031279721297323704,0.02349479556646616,0.9389473684210526
13,rough_seed_10,16,6,0.9564119834404229,7,10,wm040_ws000_we060,0.4,0.0,0.6,lm080_ls020_le000,0.8,0.2,0.0,6.229927750571853e-15,0.9996719360351562,0.0003280377422925085,0.1500000000000034,0.699819564819336,0.15018042075826088,lm000_ls100_le000,0.00046393396663465744,0.5333333245924808,0.2933333285258645,0,0.023152103722453625,0.6052072679523173,0.5820551642298637,0.0031279721297323704,0.02349479556646616,0.9389473684210526
13,rough_seed_10,16,6,0.9564119834404229,7,10,wm020_ws080_we000,0.2,0.8,0.0,lm040_ls000_le060,0.4,0.0,0.6,6.848552974725308e-11,0.9822413325309753,0.01775868609547615,0.15000000003766703,0.6902327328920365,0.15976727735251187,lm000_ls100_le000,0.02511456155526217,0.6548275487890045,0.3601551518339525,0,0.1536555874161028,0.8502644143893153,0.6966088269732125,0.0031279721297323704,0.02349479556646616,0.9389473684210526
13,rough_seed_10,16,6,0.9564119834404229,7,10,wm020_ws060_we020,0.2,0.6,0.2,lm040_ls000_le060,0.4,0.0,0.6,5.308485873101176e-10,0.937472939491272,0.06252707540988922,0.15000000029196672,0.6656101167201997,0.18438989147543908,lm000_ls100_le000,0.08842662752347909,0.6249819545168447,0.3437400749842647,0,0.11657912054015335,0.639736048733041,0.5231569281928876,0.0031279721297323704,0.02349479556646616,0.9389473684210526
13,rough_seed_10,16,6,0.9564119834404229,7,10,wm020_ws040_we040,0.2,0.4,0.4,lm060_ls020_le020,0.6,0.2,0.2,3.5359577679056065e-12,0.9891920685768127,0.010807890444993973,0.15000000000194477,0.6940556377172471,0.15594433974474667,lm000_ls100_le000,0.01528469422393888,0.5261280593760943,0.28937043265685186,0,0.12152862557147921,0.4292076830767669,0.3076790575052877,0.0031279721297323704,0.02349479556646616,0.9389473684210526
13,rough_seed_10,16,6,0.9564119834404229,7,10,wm020_ws020_we060,0.2,0.2,0.6,lm060_ls020_le020,0.6,0.2,0.2,2.8327009452835082e-15,0.9996009469032288,0.00039908947655931115,0.15000000000000155,0.6997805207967759,0.15021949921210762,lm000_ls100_le000,0.0005643720265419804,0.5330672858088888,0.2931870071948889,0,0.08034740809800486,0.6071456781770322,0.5267982700790274,0.0031279721297323704,0.02349479556646616,0.9389473684210526
13,rough_seed_10,16,6,0.9564119834404229,7,10,wm020_ws000_we080,0.2,0.0,0.8,lm080_ls020_le000,0.8,0.2,0.0,6.406945301630707e-17,0.9999731779098511,2.6799192710313946e-05,0.15000000000000002,0.6999852478504182,0.15001473955599068,lm000_ls100_le000,3.7915976182628417e-05,0.5333333257008538,0.2933333291354696,0,0.011576051861226812,0.8066667001355816,0.7950906482743548,0.0031279721297323704,0.02349479556646616,0.9389473684210526
13,rough_seed_10,16,6,0.9564119834404229,7,10,wm000_ws100_we000,0.0,1.0,0.0,lm000_ls000_le100,0.0,0.0,1.0,2.1943301342641774e-11,0.9707461595535278,0.029253782704472542,0.1500000000120688,0.6839103877544404,0.1660895804874599,lm000_ls100_le000,0.04137113708116019,0.6471641256236662,0.3559402690930164,0,0.0,1.062623275136013,1.062623275136013,0.0031279721297323704,0.02349479556646616,0.9389473684210526
13,rough_seed_10,16,6,0.9564119834404229,7,10,wm000_ws080_we020,0.0,0.8,0.2,lm040_ls000_le060,0.4,0.0,0.6,1.8274586705002704e-11,0.9870383739471436,0.01296168565750122,0.150000000010051,0.692871105670929,0.15712892711162565,lm000_ls100_le000,0.018330549501254997,0.6580255627571225,0.3619140595164175,0,0.15383036034486472,0.8520949094797388,0.698264549134874,0.0031279721297323704,0.02349479556646616,0.9389473684210526
13,rough_seed_10,16,6,0.9564119834404229,7,10,wm000_ws060_we040,0.0,0.6,0.4,lm020_ls040_le040,0.2,0.4,0.4,1.2216835616057908e-12,0.9945908784866333,0.005409172270447016,0.15000000000067193,0.6970249831676484,0.15297504474874585,lm000_ls100_le000,0.007649688895487147,0.3963939020716549,0.2180166461394102,0,0.16205962348791028,0.6415665438234645,0.4795069203355542,0.0031279721297323704,0.02349479556646616,0.9389473684210526
13,rough_seed_10,16,6,0.9564119834404229,7,10,wm000_ws040_we060,0.0,0.4,0.6,lm060_ls020_le020,0.6,0.2,0.2,2.401075613494056e-15,0.9995741248130798,0.0004258754488546401,0.15000000000000133,0.699765768647194,0.15023423149687004,lm000_ls100_le000,0.0006022786504363471,0.5330494164547409,0.2931771790501075,0,0.12125008047084473,0.6090840884017471,0.48783400793090237,0.0031279721297323704,0.02349479556646616,0.9389473684210526
13,rough_seed_10,16,6,0.9564119834404229,7,10,wm000_ws020_we080,0.0,0.2,0.8,lm080_ls020_le000,0.8,0.2,0.0,1.4979043135808354e-17,0.9999810457229614,1.895336026791483e-05,0.15,0.6999895751476288,0.15001042434814735,lm000_ls100_le000,2.6804747406017362e-05,0.5333333330277431,0.2933333331652587,0,0.08888490395494492,0.8086051103602966,0.7197202064053516,0.0031279721297323704,0.02349479556646616,0.9389473684210526
13,rough_seed_10,16,6,0.9564119834404229,7,10,wm000_ws000_we100,0.0,0.0,1.0,lm080_ls020_le000,0.8,0.2,0.0,2.296744518935908e-18,0.9999970197677612,2.9473783342837123e-06,0.15,0.6999983608722687,0.15000162105808384,lm000_ls100_le000,4.191518011700091e-06,0.5333333223820319,0.2933333273101176,0,0.0,1.0081261323188457,1.0081261323188457,0.0031279721297323704,0.02349479556646616,0.9389473684210526
13,rough_seed_10,16,6,0.9564119834404229,7,10,balanced,0.3333333333333333,0.3333333333333333,0.3333333333333333,lm060_ls020_le020,0.6,0.2,0.2,6.237080296678243e-11,0.9745859503746033,0.025414101779460907,0.15000000003430394,0.6860222727060319,0.16397775597870348,lm000_ls100_le000,0.035940930533570295,0.5163906161775905,0.2840148388976748,0,0.10172382780129385,0.3578112311310597,0.2560874033297659,0.0031279721297323704,0.02349479556646616,0.9389473684210526
13,rough_seed_10,16,6,0.9564119834404229,7,10,motion,0.7,0.15,0.15,lm080_ls020_le000,0.8,0.2,0.0,1.6900146837528496e-09,0.9907916784286499,0.009208290837705135,0.15000000092950808,0.6949354231357575,0.1550645599607378,lm000_ls100_le000,0.013022511520945518,0.5333333225254467,0.2933333273889958,0,0.06706482827823138,0.16147098828036532,0.09440616000213395,0.0031279721297323704,0.02349479556646616,0.9389473684210526
13,rough_seed_10,16,6,0.9564119834404229,7,10,stability,0.15,0.7,0.15,lm040_ls000_le060,0.4,0.0,0.6,2.401093768256146e-10,0.9588229656219482,0.04117705672979355,0.15000000013206016,0.6773526310920716,0.17264738120138645,lm000_ls100_le000,0.058233136280814314,0.6392153028840152,0.3515684165862083,0,0.13516104721031855,0.745457855333784,0.6102968081234654,0.0031279721297323704,0.02349479556646616,0.9389473684210526
13,rough_seed_10,16,6,0.9564119834404229,7,10,energy,0.15,0.15,0.7,lm080_ls020_le000,0.8,0.2,0.0,1.846552339093566e-16,0.9999175071716309,8.253564010374248e-05,0.1500000000000001,0.6999546289443971,0.15004539460205704,lm000_ls100_le000,0.00011669275307265227,0.5333333476039115,0.2933333411821513,0,0.0667496387473564,0.7073907917124855,0.6406411529651291,0.0031279721297323704,0.02349479556646616,0.9389473684210526
14,rough_seed_8,16,5,0.950098672927222,6,9,wm100_ws000_we000,1.0,0.0,0.0,lm080_ls020_le000,0.8,0.2,0.0,0.9976500868797302,0.0023314522113651037,1.8486181943444535e-05,0.6987075477838517,0.1512822987162508,0.1500101674000689,lm100_ls000_le000,0.003310302527808918,0.13177904028343618,0.07247847215588991,0,0.0,0.24128272130546916,0.24128272130546916,0.0030393912456929684,0.024835049787841307,0.9326315789473684
14,rough_seed_8,16,5,0.950098672927222,6,9,wm080_ws020_we000,0.8,0.2,0.0,lm080_ls020_le000,0.8,0.2,0.0,0.9021967053413391,0.09753178805112839,0.0002714726433623582,0.6462081879377366,0.2036424834281206,0.15014930995384929,lm100_ls000_le000,0.1381231617938685,0.06831212997785768,0.037571671487821735,0,0.0,0.2039111502677661,0.2039111502677661,0.0030393912456929684,0.024835049787841307,0.9326315789473684
14,rough_seed_8,16,5,0.950098672927222,6,9,wm080_ws000_we020,0.8,0.0,0.2,lm100_ls000_le000,1.0,0.0,0.0,0.9943720102310181,0.005545306950807571,8.258859452325851e-05,0.69690460562706,0.15304991882294416,0.1500454237269878,lm100_ls000_le000,0.007901361837960936,0.0037519617714375877,0.0020635789742906676,1,0.19353713450553464,0.19353713450553464,0.0,0.0030393912456929684,0.024835049787841307,0.9326315789473684
14,rough_seed_8,16,5,0.950098672927222,6,9,wm060_ws040_we000,0.6,0.4,0.0,lm080_ls020_le000,0.8,0.2,0.0,0.802178144454956,0.18432269990444183,0.013499105349183083,0.5911979794502259,0.251377484947443,0.15742450794205068,lm080_ls020_le000,0.020802593510934816,0.010451516633232424,0.005748334148277838,1,0.0,0.0,0.0,0.0030393912456929684,0.024835049787841307,0.9326315789473684
14,rough_seed_8,16,5,0.950098672927222,6,9,wm060_ws020_we020,0.6,0.2,0.2,lm080_ls020_le000,0.8,0.2,0.0,0.6626458764076233,0.3072781562805176,0.030075952410697937,0.5144552320241929,0.31900298595428467,0.16654177382588387,lm060_ls040_le000,0.11587238258976945,0.09156941076119741,0.05036317591865858,0,0.202,0.3931844239295289,0.1911844239295289,0.0030393912456929684,0.024835049787841307,0.9326315789473684
14,rough_seed_8,16,5,0.950098672927222,6,9,wm060_ws000_we040,0.6,0.0,0.4,lm100_ls000_le000,1.0,0.0,0.0,0.9998980760574341,3.093199848080985e-05,7.095573528204113e-05,0.6999439418315888,0.15001701259916445,0.1500390256544051,lm100_ls000_le000,0.00012798435438604385,6.793722544292298e-05,3.736547399360579e-05,1,0.14579154770560013,0.14579154770560013,0.0,0.0030393912456929684,0.024835049787841307,0.9326315789473684
14,rough_seed_8,16,5,0.950098672927222,6,9,wm040_ws060_we000,0.4,0.6,0.0,lm080_ls020_le000,0.8,0.2,0.0,0.30575063824653625,0.10091174393892288,0.5933375954627991,0.31816285103559494,0.20550145916640758,0.47633567750453953,lm040_ls000_le060,0.138240767828985,0.39555840442578,0.21755712243417902,0,0.0,1.8458359816079535,1.8458359816079535,0.0030393912456929684,0.024835049787841307,0.9326315789473684
14,rough_seed_8,16,5,0.950098672927222,6,9,wm040_ws040_we020,0.4,0.4,0.2,lm080_ls020_le000,0.8,0.2,0.0,0.005674437154084444,0.11432677507400513,0.8799988031387329,0.15312094043474644,0.21287972629070281,0.6339993417263031,lm000_ls020_le080,0.1173537779957062,0.5866658636368811,0.32266622500028463,0,0.202,2.1105704631722255,1.9085704631722256,0.0030393912456929684,0.024835049787841307,0.9326315789473684
14,rough_seed_8,16,5,0.950098672927222,6,9,wm040_ws020_we040,0.4,0.2,0.4,lm100_ls000_le000,1.0,0.0,0.0,0.7015485167503357,0.030203627422451973,0.2682478427886963,0.5358516842126847,0.16661199508234859,0.29753631353378296,lm080_ls000_le020,0.12354238830799669,0.19896765115360418,0.1094322081344823,0,0.2039774900562017,1.1058164557075436,0.9018389656513419,0.0030393912456929684,0.024835049787841307,0.9326315789473684
14,rough_seed_8,16,5,0.950098672927222,6,9,wm040_ws000_we060,0.4,0.0,0.6,lm100_ls000_le000,1.0,0.0,0.0,0.9999995231628418,1.2853378805743887e-08,4.7257935875677504e-07,0.699999737739563,0.15000000706935834,0.15000025991864732,lm100_ls000_le000,6.714686404538343e-07,3.207566319218813e-07,1.7641614756998733e-07,1,0.155775685865156,0.155775685865156,0.0,0.0030393912456929684,0.024835049787841307,0.9326315789473684
14,rough_seed_8,16,5,0.950098672927222,6,9,wm020_ws080_we000,0.2,0.8,0.0,lm080_ls020_le000,0.8,0.2,0.0,0.000872717413585633,0.028032224625349045,0.971095085144043,0.1504799945774721,0.16541772354394196,0.6841022968292237,lm000_ls000_le100,0.04027482285448474,0.6473967143683694,0.3560681929026033,0,0.0,1.1664983325949219,1.1664983325949219,0.0030393912456929684,0.024835049787841307,0.9326315789473684
14,rough_seed_8,16,5,0.950098672927222,6,9,wm020_ws060_we020,0.2,0.6,0.2,lm080_ls020_le000,0.8,0.2,0.0,8.82521544554038e-06,0.019272249191999435,0.9807189702987671,0.15000485386849505,0.16059973705559968,0.689395433664322,lm000_ls000_le100,0.02726128707788347,0.653812631963774,0.35959694758007577,0,0.202,1.176652242207753,0.974652242207753,0.0030393912456929684,0.024835049787841307,0.9326315789473684
14,rough_seed_8,16,5,0.950098672927222,6,9,wm020_ws040_we040,0.2,0.4,0.4,lm040_ls060_le000,0.4,0.6,0.0,0.0001568396110087633,0.11077800393104553,0.889065146446228,0.1500862617860548,0.21092790216207505,0.6389858305454255,lm000_ls020_le080,0.12606819381858433,0.5927101009680579,0.3259905555324319,0,0.2822873187860389,2.1328893927887407,1.8506020740027018,0.0030393912456929684,0.024835049787841307,0.9326315789473684
14,rough_seed_8,16,5,0.950098672927222,6,9,wm020_ws020_we060,0.2,0.2,0.6,lm040_ls060_le000,0.4,0.6,0.0,0.9625846743583679,0.003486130852252245,0.03392917662858963,0.6794215708971024,0.15191737196873872,0.1686610471457243,lm100_ls000_le000,0.05062853669505399,0.39767590671156844,0.21872174869136263,0,0.2033875609840893,0.20401065995041948,0.0006230989663301711,0.0030393912456929684,0.024835049787841307,0.9326315789473684
14,rough_seed_8,16,5,0.950098672927222,6,9,wm020_ws000_we080,0.2,0.0,0.8,lm040_ls060_le000,0.4,0.6,0.0,0.9999992847442627,2.551902333891576e-08,6.767719469280564e-07,0.6999996066093446,0.15000001403546284,0.1500003722245708,lm100_ls000_le000,9.850189127363172e-07,0.39999997866572873,0.21999998826615086,0,0.202,0.20690460187530552,0.004904601875305503,0.0030393912456929684,0.024835049787841307,0.9326315789473684
14,rough_seed_8,16,5,0.950098672927222,6,9,wm000_ws100_we000,0.0,1.0,0.0,lm080_ls020_le000,0.8,0.2,0.0,3.516323204166838e-06,0.007328661624342203,0.9926678538322449,0.1500019339777623,0.1540307638933882,0.6959673196077347,lm000_ls000_le100,0.010366757496631296,0.6617785586282329,0.36397820724552804,0,0.0,0.45669355453061355,0.45669355453061355,0.0030393912456929684,0.024835049787841307,0.9326315789473684
14,rough_seed_8,16,5,0.950098672927222,6,9,wm000_ws080_we020,0.0,0.8,0.2,lm080_ls020_le000,0.8,0.2,0.0,1.0455110555085412e-07,0.007625444792211056,0.9923744797706604,0.15000005750310805,0.15419399463571606,0.6958059638738633,lm000_ls000_le100,0.010784060787016044,0.6615829768091146,0.3638706372450131,0,0.202,1.1205009564914195,0.9185009564914195,0.0030393912456929684,0.024835049787841307,0.9326315789473684
14,rough_seed_8,16,5,0.950098672927222,6,9,wm000_ws060_we040,0.0,0.6,0.4,lm080_ls020_le000,0.8,0.2,0.0,1.132016109295364e-06,0.01185019314289093,0.9881487488746643,0.1500006226088601,0.15651760622859,0.6934818118810654,lm000_ls000_le100,0.016759452020906,0.6587658079052213,0.36232119434787174,0,0.404,2.2364801946211497,1.8324801946211497,0.0030393912456929684,0.024835049787841307,0.9326315789473684
14,rough_seed_8,16,5,0.950098672927222,6,9,wm000_ws040_we060,0.0,0.4,0.6,lm040_ls060_le000,0.4,0.6,0.0,0.0004113911709282547,0.05683140829205513,0.9427571892738342,0.15022626514401052,0.18125727456063032,0.6685164541006089,lm000_ls000_le100,0.0806642274554553,0.6285047966036169,0.3456776381319893,0,0.2802873187860389,3.35245943275088,3.0721721139648412,0.0030393912456929684,0.024835049787841307,0.9326315789473684
14,rough_seed_8,16,5,0.950098672927222,6,9,wm000_ws020_we080,0.0,0.2,0.8,lm040_ls060_le000,0.4,0.6,0.0,0.9966225624084473,9.399250848218799e-05,0.003283485770225525,0.6981424093246461,0.1500516958796652,0.15180591717362404,lm100_ls000_le000,0.004711390249147041,0.3999373518900635,0.21996554353953499,0,0.14014365939301945,0.208426814308364,0.06828315491534453,0.0030393912456929684,0.024835049787841307,0.9326315789473684
14,rough_seed_8,16,5,0.950098672927222,6,9,wm000_ws000_we100,0.0,0.0,1.0,lm040_ls060_le000,0.4,0.6,0.0,0.9999966621398926,3.8651464251415746e-08,3.3028554753400385e-06,0.6999981641769409,0.15000002125830533,0.15000181657051143,lm100_ls000_le000,4.695919326754967e-06,0.3999999754479679,0.21999998649638233,0,0.0,0.2580335178854549,0.2580335178854549,0.0030393912456929684,0.024835049787841307,0.9326315789473684
14,rough_seed_8,16,5,0.950098672927222,6,9,balanced,0.3333333333333333,0.3333333333333333,0.3333333333333333,lm080_ls020_le000,0.8,0.2,0.0,0.0018968710210174322,0.10575196146965027,0.8923512101173401,0.1510432790615596,0.20816357880830766,0.6407931655645371,lm000_ls020_le080,0.13196604448351762,0.5949007925422242,0.32719543589822336,0,0.33666666666666667,1.7860602920497752,1.4493936253831086,0.0030393912456929684,0.024835049787841307,0.9326315789473684
14,rough_seed_8,16,5,0.950098672927222,6,9,motion,0.7,0.15,0.15,lm080_ls020_le000,0.8,0.2,0.0,0.8954660892486572,0.10333319753408432,0.0012006658362224698,0.6425063490867615,0.20683325864374638,0.15066036620992235,lm080_ls020_le000,0.13586642886992803,0.06444451918359845,0.03544448555097914,1,0.1515,0.1515,0.0,0.0030393912456929684,0.024835049787841307,0.9326315789473684
14,rough_seed_8,16,5,0.950098672927222,6,9,stability,0.15,0.7,0.15,lm080_ls020_le000,0.8,0.2,0.0,4.896015980193624e-06,0.012685397639870644,0.9873097538948059,0.1500026928087891,0.15697696870192884,0.6930203646421433,lm000_ls000_le100,0.017943290764600623,0.6582064867463183,0.3620135677104752,0,0.1515,0.883619611246237,0.732119611246237,0.0030393912456929684,0.024835049787841307,0.9326315789473684
14,rough_seed_8,16,5,0.950098672927222,6,9,energy,0.15,0.15,0.7,lm040_ls060_le000,0.4,0.6,0.0,0.9994204044342041,3.9955182728590444e-05,0.0005397227359935641,0.6996812224388124,0.1500219753505007,0.15029684750479647,lm100_ls000_le000,0.0007929868020752433,0.39997339066248966,0.21998536486436934,0,0.15254067073806696,0.18248180319502458,0.02994113245695762,0.0030393912456929684,0.024835049787841307,0.9326315789473684
15,rough_seed_22,16,6,0.9653679046520501,7,10,wm100_ws000_we000,1.0,0.0,0.0,lm100_ls000_le000,1.0,0.0,0.0,1.0,1.1881791123907748e-12,3.677961754600112e-11,0.7000000000000001,0.1500000000006535,0.15000000002022879,lm100_ls000_le000,3.679880482343462e-11,1.2655932219463964e-11,6.960765297492344e-12,1,0.0,0.0,0.0,0.002085228217765689,0.0215815951368161,0.9515789473684211
15,rough_seed_22,16,6,0.9653679046520501,7,10,wm080_ws020_we000,0.8,0.2,0.0,lm080_ls020_le000,0.8,0.2,0.0,1.0,4.139116133172749e-12,2.0708068593222606e-10,0.7000000000000001,0.1500000000022765,0.15000000011389436,lm100_ls000_le000,2.071220480019574e-10,0.13333333340098052,0.07333333337053928,0,0.20006500496469343,0.202,0.001934995035306586,0.002085228217765689,0.0215815951368161,0.9515789473684211
15,rough_seed_22,16,6,0.9653679046520501,7,10,wm080_ws000_we020,0.8,0.0,0.2,lm080_ls020_le000,0.8,0.2,0.0,1.0,1.25810273657323e-11,5.358054555593128e-10,0.7000000000000001,0.15000000000691957,0.150000000294693,lm100_ls000_le000,5.359531401687092e-10,0.13333333350774149,0.07333333342925781,0,0.20101420328297948,0.202,0.0009857967170205373,0.002085228217765689,0.0215815951368161,0.9515789473684211
15,rough_seed_22,16,6,0.9653679046520501,7,10,wm060_ws040_we000,0.6,0.4,0.0,lm080_ls000_le020,0.8,0.0,0.2,0.9999985694885254,2.05704466793577e-07,1.1953641205764143e-06,0.6999992132186891,0.15000011313745673,0.1500006574502663,lm100_ls000_le000,1.8755193380526212e-06,0.13333252660962386,0.07333288963529315,0,0.2735163768252158,0.404,0.13048362317478424,0.002085228217765689,0.0215815951368161,0.9515789473684211
15,rough_seed_22,16,6,0.9653679046520501,7,10,wm060_ws020_we020,0.6,0.2,0.2,lm080_ls000_le020,0.8,0.0,0.2,1.0,1.118733905514091e-08,5.103525602123682e-09,0.7000000000000001,0.15000000615303646,0.15000000280693906,lm100_ls000_le000,1.2296443742245683e-08,0.13333333536127115,0.07333333444869913,0,0.1937066002379729,0.20400000000000001,0.010293399762027117,0.002085228217765689,0.0215815951368161,0.9515789473684211
15,rough_seed_22,16,6,0.9653679046520501,7,10,wm060_ws000_we040,0.6,0.0,0.4,lm040_ls040_le020,0.4,0.4,0.2,1.0,4.4972509050111853e-10,3.9980442567699725e-11,0.7000000000000001,0.1500000002473488,0.15000000002198924,lm100_ls000_le000,4.5149871850775876e-10,0.39999999983676476,0.21999999991022068,0,0.31479697927604194,0.404,0.08920302072395808,0.002085228217765689,0.0215815951368161,0.9515789473684211
15,rough_seed_22,16,6,0.9653679046520501,7,10,wm040_ws060_we000,0.4,0.6,0.0,lm040_ls040_le020,0.4,0.4,0.2,0.9939576387405396,0.0008517298265360296,0.005190702620893717,0.6966767013072969,0.1504684514045948,0.15285488644149153,lm100_ls000_le000,0.008011177627901685,0.3959717354310366,0.21778445448707018,0,0.28199113945944504,0.606,0.32400886054055494,0.002085228217765689,0.0215815951368161,0.9515789473684211
15,rough_seed_22,16,6,0.9653679046520501,7,10,wm040_ws040_we020,0.4,0.4,0.2,lm040_ls040_le020,0.4,0.4,0.2,0.9999985694885254,1.2995915312785655e-06,6.60313759226483e-08,0.6999992132186891,0.1500007147753422,0.15000003631725675,lm100_ls000_le000,1.9338204078368533e-06,0.39999906795520607,0.21999948737536337,0,0.21132834276331575,0.406,0.19467165723668428,0.002085228217765689,0.0215815951368161,0.9515789473684211
15,rough_seed_22,16,6,0.9653679046520501,7,10,wm040_ws020_we040,0.4,0.2,0.4,lm040_ls040_le020,0.4,0.4,0.2,0.9999998807907104,1.3256847353204648e-07,3.8156894310859e-10,0.6999999344348908,0.15000007291266043,0.15000000020986293,lm100_ls000_le000,1.7828460529355095e-07,0.3999999159468894,0.21999995377078915,0,0.2357043500852413,0.406,0.17029564991475873,0.002085228217765689,0.0215815951368161,0.9515789473684211
15,rough_seed_22,16,6,0.9653679046520501,7,10,wm040_ws000_we060,0.4,0.0,0.6,lm040_ls040_le020,0.4,0.4,0.2,1.0,2.588512515444563e-09,3.757288750960708e-12,0.7000000000000001,0.1500000014236819,0.1500000000020665,lm100_ls000_le000,2.588515242341041e-09,0.39999999913591006,0.21999999952475058,0,0.3511394110587184,0.606,0.2548605889412816,0.002085228217765689,0.0215815951368161,0.9515789473684211
15,rough_seed_22,16,6,0.9653679046520501,7,10,wm020_ws080_we000,0.2,0.8,0.0,lm040_ls020_le040,0.4,0.2,0.4,0.017229963093996048,0.8886001706123352,0.09416982531547546,0.15947647970169782,0.6387300938367844,0.2017934039235115,lm000_ls080_le020,0.13909309017529356,0.45906679406762124,0.2524867367371917,0,0.202,0.46554141541749844,0.2635414154174984,0.002085228217765689,0.0215815951368161,0.9515789473684211
15,rough_seed_22,16,6,0.9653679046520501,7,10,wm020_ws060_we020,0.2,0.6,0.2,lm040_ls020_le040,0.4,0.2,0.4,0.9838825464248657,0.015297874808311462,0.0008196491398848593,0.6911354005336762,0.1584138311445713,0.15045080702693667,lm100_ls000_le000,0.022236661352592776,0.3892550074922232,0.21409025412072272,0,0.202,0.608,0.40599999999999997,0.002085228217765689,0.0215815951368161,0.9515789473684211
15,rough_seed_22,16,6,0.9653679046520501,7,10,wm020_ws040_we040,0.2,0.4,0.4,lm040_ls020_le040,0.4,0.2,0.4,0.9999830722808838,1.6807369320304133e-05,7.778688626558505e-08,0.6999906897544862,0.15000924405312616,0.15000004278278745,lm100_ls000_le000,2.3854588421226402e-05,0.39998872904155913,0.21999380097285756,0,0.202,0.40800000000000003,0.20600000000000002,0.002085228217765689,0.0215815951368161,0.9515789473684211
15,rough_seed_22,16,6,0.9653679046520501,7,10,wm020_ws020_we060,0.2,0.2,0.6,lm040_ls020_le040,0.4,0.2,0.4,0.9999977350234985,2.2744877696823096e-06,3.5173097767682293e-10,0.6999987542629242,0.15000125096827333,0.15000000019345203,lm100_ls000_le000,3.209893034095842e-06,0.3999984867279993,0.21999916770039962,0,0.202,0.608,0.40599999999999997,0.002085228217765689,0.0215815951368161,0.9515789473684211
15,rough_seed_22,16,6,0.9653679046520501,7,10,wm020_ws000_we080,0.2,0.0,0.8,lm040_ls020_le040,0.4,0.2,0.4,1.0,1.0999886557172545e-09,1.4588666646248027e-13,0.7000000000000001,0.15000000060499374,0.15000000000008024,lm100_ls000_le000,1.0999886653914084e-09,0.3999999996332885,0.21999999979830873,0,0.202,0.808,0.6060000000000001,0.002085228217765689,0.0215815951368161,0.9515789473684211
15,rough_seed_22,16,6,0.9653679046520501,7,10,wm000_ws100_we000,0.0,1.0,0.0,lm040_ls020_le040,0.4,0.2,0.4,1.8208719438916887e-06,0.9971022009849548,0.0028959461487829685,0.15000100147956913,0.6984062105417252,0.15159277038183064,lm000_ls100_le000,0.00409679710796401,0.531401477988076,0.29227081289344187,0,0.0,1.1399914446873924,1.1399914446873924,0.002085228217765689,0.0215815951368161,0.9515789473684211
15,rough_seed_22,16,6,0.9653679046520501,7,10,wm000_ws080_we020,0.0,0.8,0.2,lm040_ls020_le040,0.4,0.2,0.4,0.000362656224751845,0.9981659054756165,0.0014713983982801437,0.1501994609236135,0.6989912480115891,0.15080926911905407,lm000_ls100_le000,0.0023791669777857827,0.5321106169508615,0.2926608393229739,0,0.0,0.9152555330872297,0.9152555330872297,0.002085228217765689,0.0215815951368161,0.9515789473684211
15,rough_seed_22,16,6,0.9653679046520501,7,10,wm000_ws060_we040,0.0,0.6,0.4,lm040_ls020_le040,0.4,0.2,0.4,0.2082921415567398,0.7905300855636597,0.0011778014013543725,0.2645606778562069,0.5847915470600128,0.1506477907707449,lm020_ls080_le000,0.012642235054358516,0.3936867142018552,0.21652769281102033,0,0.0,0.6590317916858501,0.6590317916858501,0.002085228217765689,0.0215815951368161,0.9515789473684211
15,rough_seed_22,16,6,0.9653679046520501,7,10,wm000_ws040_we060,0.0,0.4,0.6,lm040_ls020_le040,0.4,0.2,0.4,0.5115484595298767,0.4883973300457001,5.4272015404421836e-05,0.43135165274143217,0.41861853152513506,0.15002984960847243,lm060_ls040_le000,0.12505105323905888,0.2666305058533908,0.14664677821936492,0,0.0,0.6296517849950888,0.6296517849950888,0.002085228217765689,0.0215815951368161,0.9515789473684211
15,rough_seed_22,16,6,0.9653679046520501,7,10,wm000_ws020_we080,0.0,0.2,0.8,lm040_ls020_le040,0.4,0.2,0.4,0.9994401335716248,0.0005598712596111,5.069447528427418e-09,0.6996920734643937,0.1503079291927861,0.15000000278819614,lm100_ls000_le000,0.0007917741123488892,0.39962675241418877,0.2197947138278038,0,0.0,0.81,0.81,0.002085228217765689,0.0215815951368161,0.9515789473684211
15,rough_seed_22,16,6,0.9653679046520501,7,10,wm000_ws000_we100,0.0,0.0,1.0,lm040_ls020_le040,0.4,0.2,0.4,0.9999998807907104,7.348743480406483e-08,1.029060192093978e-12,0.6999999344348908,0.15000004041808915,0.150000000000566,lm100_ls000_le000,1.4004020062233076e-07,0.39999993576741555,0.21999996467207858,0,0.0,1.01,1.01,0.002085228217765689,0.0215815951368161,0.9515789473684211
15,rough_seed_22,16,6,0.9653679046520501,7,10,balanced,0.3333333333333333,0.3333333333333333,0.3333333333333333,lm040_ls040_le020,0.4,0.4,0.2,0.9999994039535522,5.406905643212667e-07,3.939156112409137e-09,0.6999996721744538,0.15000029737981038,0.15000000216653586,lm100_ls000_le000,8.047565912603499e-07,0.39999961977461057,0.21999979087603586,0,0.1971901720469265,0.33999999999999997,0.14280982795307348,0.002085228217765689,0.0215815951368161,0.9515789473684211
15,rough_seed_22,16,6,0.9653679046520501,7,10,motion,0.7,0.15,0.15,lm080_ls020_le000,0.8,0.2,0.0,1.0,4.020574428942325e-10,5.133644176424923e-09,0.7000000000000001,0.15000000022113158,0.15000000282350429,lm100_ls000_le000,5.149364302273454e-09,0.1333333349105289,0.0733333342007909,0,0.15225662001664353,0.153,0.000743379983356468,0.002085228217765689,0.0215815951368161,0.9515789473684211
15,rough_seed_22,16,6,0.9653679046520501,7,10,stability,0.15,0.7,0.15,lm040_ls020_le040,0.4,0.2,0.4,0.20168037712574005,0.7827823758125305,0.015537283383309841,0.260924207419157,0.5805303066968918,0.15854550586082042,lm020_ls080_le000,0.02325247137142463,0.3885215717678269,0.21368686447230478,0,0.1515,0.7646438092271118,0.6131438092271119,0.002085228217765689,0.0215815951368161,0.9515789473684211
15,rough_seed_22,16,6,0.9653679046520501,7,10,energy,0.15,0.15,0.7,lm040_ls020_le040,0.4,0.2,0.4,0.9999992847442627,7.474520202777057e-07,5.0775834925520513e-11,0.6999996066093446,0.15000041109861115,0.1500000000279267,lm100_ls000_le000,1.0345411035539775e-06,0.39999951241382226,0.21999973182760224,0,0.1515,0.7084999999999999,0.5569999999999999,0.002085228217765689,0.0215815951368161,0.9515789473684211
16,rough_seed_20,16,6,0.9613761377437539,7,10,wm100_ws000_we000,1.0,0.0,0.0,lm100_ls000_le000,1.0,0.0,0.0,0.38786131143569946,0.4635991156101227,0.14853963255882263,0.36332372128963475,0.4049795135855675,0.23169679790735245,lm040_ls040_le020,0.08270649722743563,0.40809247891108197,0.2244508634010951,0,0.0,0.16341876930168633,0.16341876930168633,0.0033817484509199858,0.02621748116486877,0.9305263157894736
16,rough_seed_20,16,6,0.9613761377437539,7,10,wm080_ws020_we000,0.8,0.2,0.0,lm080_ls000_le020,0.8,0.0,0.2,0.11417420953512192,0.38666659593582153,0.49915921688079834,0.21279581524431707,0.3626666277647018,0.4245375692844391,lm020_ls040_le040,0.1318195594943065,0.4572172010938327,0.25146946060160796,0,0.13983830255512691,0.329154526277112,0.1893162237219851,0.0033817484509199858,0.02621748116486877,0.9305263157894736
16,rough_seed_20,16,6,0.9613761377437539,7,10,wm080_ws000_we020,0.8,0.0,0.2,lm060_ls020_le020,0.6,0.2,0.2,0.43485507369041443,0.06078091263771057,0.5043640732765198,0.38917029052972796,0.18342950195074081,0.4274002403020859,lm040_ls000_le060,0.11855558183103863,0.20290936231613158,0.11160014927387236,0,0.11704548225463766,0.5853191882303762,0.46827370597573853,0.0033817484509199858,0.02621748116486877,0.9305263157894736
16,rough_seed_20,16,6,0.9613761377437539,7,10,wm060_ws040_we000,0.6,0.4,0.0,lm000_ls060_le040,0.0,0.6,0.4,0.19619090855121613,0.07534439861774445,0.7284647226333618,0.2579049997031689,0.19143941923975943,0.550655597448349,lm020_ls000_le080,0.10396433758100242,0.34977041085561117,0.19237372597058613,0,0.24433196216768818,0.4941979332349911,0.24986597106730293,0.0033817484509199858,0.02621748116486877,0.9305263157894736
16,rough_seed_20,16,6,0.9613761377437539,7,10,wm060_ws020_we020,0.6,0.2,0.2,lm080_ls000_le020,0.8,0.0,0.2,0.07905232161283493,0.01256674062460661,0.908380925655365,0.19347877688705922,0.15691170734353363,0.6496095091104508,lm000_ls000_le100,0.12166037689434052,0.48063178155571223,0.2643474798556418,0,0.1403382198920136,0.6079176126377375,0.4675793927457239,0.0033817484509199858,0.02621748116486877,0.9305263157894736
16,rough_seed_20,16,6,0.9613761377437539,7,10,wm060_ws000_we040,0.6,0.0,0.4,lm060_ls020_le020,0.6,0.2,0.2,0.11784425377845764,0.021904196590185165,0.8602515459060669,0.21481433957815171,0.16204730812460183,0.6231383502483369,lm020_ls000_le080,0.10420944894562505,0.4401676985124747,0.2420922341818611,0,0.08778411169097824,0.6058878809302852,0.518103769239307,0.0033817484509199858,0.02621748116486877,0.9305263157894736
16,rough_seed_20,16,6,0.9613761377437539,7,10,wm040_ws060_we000,0.4,0.6,0.0,lm060_ls000_le040,0.6,0.0,0.4,0.07422421872615814,0.1574375033378601,0.7683382630348206,0.19082332029938698,0.23659062683582305,0.5725860446691513,lm000_ls020_le080,0.0912319371452533,0.35051718254884084,0.19278445040186246,0,0.17869299841877725,0.3387556038020912,0.16006260538331393,0.0033817484509199858,0.02621748116486877,0.9305263157894736
16,rough_seed_20,16,6,0.9613761377437539,7,10,wm040_ws040_we020,0.4,0.4,0.2,lm040_ls020_le040,0.4,0.2,0.4,0.015556702390313148,0.015094396658241749,0.9693489074707031,0.15855618631467222,0.15830191816203296,0.6831418991088868,lm000_ls000_le100,0.03754119434669911,0.37956593614071615,0.20876126487739388,0,0.17907722385018984,0.40591761263773746,0.22684038878754761,0.0033817484509199858,0.02621748116486877,0.9305263157894736
16,rough_seed_20,16,6,0.9613761377437539,7,10,wm040_ws020_we040,0.4,0.2,0.4,lm060_ls020_le020,0.6,0.2,0.2,0.0053112925961613655,0.003958350513130426,0.990730345249176,0.15292121092788874,0.15217709278222172,0.6949016898870469,lm000_ls000_le100,0.011393193890490582,0.5271535673799614,0.2899344620589788,0,0.14740178057620767,0.40783522527547494,0.26043344469926727,0.0033817484509199858,0.02621748116486877,0.9305263157894736
16,rough_seed_20,16,6,0.9613761377437539,7,10,wm040_ws000_we060,0.4,0.0,0.6,lm060_ls020_le020,0.6,0.2,0.2,0.005941066425293684,0.00732046365737915,0.9867384433746338,0.1532675865339115,0.15402625501155853,0.6927061438560487,lm000_ls000_le100,0.016271273538250017,0.5244923044306536,0.28847076743685957,0,0.05852274112731883,0.5850366292344467,0.5265138881071278,0.0033817484509199858,0.02621748116486877,0.9305263157894736
16,rough_seed_20,16,6,0.9613761377437539,7,10,wm020_ws080_we000,0.2,0.8,0.0,lm020_ls020_le060,0.2,0.2,0.6,0.06650978326797485,0.4202810525894165,0.5132091641426086,0.18658038079738617,0.3811545789241791,0.4322650402784348,lm000_ls040_le060,0.11120935910845053,0.146854035059611,0.08076971928278602,0,0.11310902285421955,0.11519119624457337,0.0020821733903538253,0.0033817484509199858,0.02621748116486877,0.9305263157894736
16,rough_seed_20,16,6,0.9613761377437539,7,10,wm020_ws060_we020,0.2,0.6,0.2,lm000_ls040_le060,0.0,0.4,0.6,0.004996674135327339,0.07235565036535263,0.9226476550102234,0.15274817077443004,0.18979560770094395,0.657456210255623,lm000_ls000_le100,0.10603627760170206,0.21842955959339938,0.12013625777636967,0,0.13288250138278854,0.20391761263773747,0.07103511125494893,0.0033817484509199858,0.02621748116486877,0.9305263157894736
16,rough_seed_20,16,6,0.9613761377437539,7,10,wm020_ws040_we040,0.2,0.4,0.4,lm000_ls060_le040,0.0,0.6,0.4,0.0013072647852823138,0.0037070531398057938,0.9949856996536255,0.15071899563190527,0.1520388792268932,0.697242134809494,lm000_ls000_le100,0.006371372863350155,0.39752863709970065,0.21864075040483535,0,0.23106394800204005,0.3893577528229645,0.15829380482092442,0.0033817484509199858,0.02621748116486877,0.9305263157894736
16,rough_seed_20,16,6,0.9613761377437539,7,10,wm020_ws020_we060,0.2,0.2,0.6,lm060_ls020_le020,0.6,0.2,0.2,0.0008390209986828268,0.000605762645136565,0.9985552430152893,0.15046146154927556,0.1503331694548251,0.6992053836584092,lm000_ls000_le100,0.001777140220507068,0.5323701531238233,0.2928035842181029,0,0.14711206403597343,0.5830366292344467,0.4359245651984732,0.0033817484509199858,0.02621748116486877,0.9305263157894736
16,rough_seed_20,16,6,0.9613761377437539,7,10,wm020_ws000_we080,0.2,0.0,0.8,lm060_ls020_le020,0.6,0.2,0.2,0.003099684836342931,0.0006733970949426293,0.9962269067764282,0.1517048266599886,0.15037036840221843,0.6979247987270356,lm000_ls000_le100,0.004929274003937572,0.5308179416150476,0.2919498678882762,0,0.029261370563659416,0.776715505645929,0.7474541350822695,0.0033817484509199858,0.02621748116486877,0.9305263157894736
16,rough_seed_20,16,6,0.9613761377437539,7,10,wm000_ws100_we000,0.0,1.0,0.0,lm000_ls000_le100,0.0,0.0,1.0,0.040719397366046906,0.335415780544281,0.6238648295402527,0.1723956685513258,0.3344786792993546,0.493125656247139,lm000_ls040_le060,0.07999200468511726,0.25075678279002506,0.13791623053451382,0,0.0,0.060253460087195745,0.060253460087195745,0.0033817484509199858,0.02621748116486877,0.9305263157894736
16,rough_seed_20,16,6,0.9613761377437539,7,10,wm000_ws080_we020,0.0,0.8,0.2,lm000_ls040_le060,0.0,0.4,0.6,0.009201298467814922,0.12127359956502914,0.869525134563446,0.1550607141572982,0.21670047976076603,0.6282388240098954,lm000_ls020_le080,0.10543364906426443,0.18581761115541062,0.10219968613547585,0,0.13186603356993973,0.36434208753157293,0.2324760539616332,0.0033817484509199858,0.02621748116486877,0.9305263157894736
16,rough_seed_20,16,6,0.9613761377437539,7,10,wm000_ws060_we040,0.0,0.6,0.4,lm000_ls040_le060,0.0,0.4,0.6,0.0016343476017937064,0.025178875774145126,0.973186731338501,0.15089889118098654,0.1638483816757798,0.6852527022361756,lm000_ls000_le100,0.03681844990825995,0.24988073438871652,0.13743440391379413,0,0.26313549822812504,0.3873577528229645,0.12422225459483943,0.0033817484509199858,0.02621748116486877,0.9305263157894736
16,rough_seed_20,16,6,0.9613761377437539,7,10,wm000_ws040_we060,0.0,0.4,0.6,lm080_ls000_le020,0.8,0.0,0.2,0.0010503095109015703,0.001792449620552361,0.9971572160720825,0.15057767023099586,0.1509858472913038,0.6984364688396455,lm000_ls000_le100,0.003521000734412667,0.5326331187272445,0.2929482152999845,0,0.27968677928139446,0.5810366292344467,0.3013498499530522,0.0033817484509199858,0.02621748116486877,0.9305263157894736
16,rough_seed_20,16,6,0.9613761377437539,7,10,wm000_ws020_we080,0.0,0.2,0.8,lm060_ls020_le020,0.6,0.2,0.2,0.001414864556863904,0.000482254137750715,0.9981029033660889,0.15077817550627515,0.1502652397757629,0.6989565968513489,lm000_ls000_le100,0.0024152404447682486,0.5320685948904914,0.29263772718977027,0,0.1468223474957392,0.774715505645929,0.6278931581501898,0.0033817484509199858,0.02621748116486877,0.9305263157894736
16,rough_seed_20,16,6,0.9613761377437539,7,10,wm000_ws000_we100,0.0,0.0,1.0,lm060_ls020_le020,0.6,0.2,0.2,0.01101492065936327,0.0004319659201428294,0.9885531663894653,0.1560582063626498,0.15023758125607856,0.693704241514206,lm000_ls000_le100,0.01589166672805275,0.5257020932699864,0.2891361512984925,0,0.0,0.968394382057411,0.968394382057411,0.0033817484509199858,0.02621748116486877,0.9305263157894736
16,rough_seed_20,16,6,0.9613761377437539,7,10,balanced,0.3333333333333333,0.3333333333333333,0.3333333333333333,lm000_ls060_le040,0.0,0.6,0.4,0.0037686480209231377,0.004731433000415564,0.9914999604225159,0.15207275641150772,0.15260228815022855,0.6953249782323838,lm000_ls000_le100,0.010432633366596658,0.39684572514767447,0.21826514883122097,0,0.19321935599181445,0.3398626877295624,0.14664333173774796,0.0033817484509199858,0.02621748116486877,0.9305263157894736
16,rough_seed_20,16,6,0.9613761377437539,7,10,motion,0.7,0.15,0.15,lm080_ls000_le020,0.8,0.0,0.2,0.12601639330387115,0.04046783223748207,0.8335158228874207,0.21930901631712912,0.17225730773061515,0.6084337025880814,lm020_ls000_le080,0.09074431050809424,0.44932242060701055,0.2471273313338558,0,0.10694108219214375,0.5778847927775351,0.47094371058539136,0.0033817484509199858,0.02621748116486877,0.9305263157894736
16,rough_seed_20,16,6,0.9613761377437539,7,10,stability,0.15,0.7,0.15,lm000_ls040_le060,0.0,0.4,0.6,0.010185922496020794,0.1373755931854248,0.8524385094642639,0.15560225737281144,0.22555657625198364,0.6188411802053452,lm000_ls020_le080,0.08231261519843752,0.17508294625828666,0.09629562044205768,0,0.09981101826503001,0.3196042930879645,0.21979327482293448,0.0033817484509199858,0.02621748116486877,0.9305263157894736
16,rough_seed_20,16,6,0.9613761377437539,7,10,energy,0.15,0.15,0.7,lm060_ls020_le020,0.6,0.2,0.2,0.0007844332722015679,0.00039079171256162226,0.9988247752189636,0.15043143829971087,0.1502149354419089,0.6993536263704301,lm000_ls000_le100,0.0014660173965904035,0.5325498500780669,0.2929024175429368,0,0.11033404802698005,0.6793760674401877,0.5690420194132078,0.0033817484509199858,0.02621748116486877,0.9305263157894736
17,rough_seed_28,16,6,0.960597481309616,7,10,wm100_ws000_we000,1.0,0.0,0.0,lm100_ls000_le000,1.0,0.0,0.0,0.35640037059783936,0.6434752941131592,0.0001242753496626392,0.34602020382881166,0.5039114117622375,0.15006835144231445,lm040_ls060_le000,0.06157145707707413,0.4290663996216608,0.23598651979191343,0,0.0,0.16581746798523445,0.16581746798523445,0.004124634433537722,0.03272013933242907,0.8947368421052632
17,rough_seed_28,16,6,0.960597481309616,7,10,wm080_ws020_we000,0.8,0.2,0.0,lm060_ls040_le000,0.6,0.4,0.0,0.5162001848220825,0.4816071391105652,0.002192657208070159,0.4339101016521454,0.41488392651081085,0.15120596146443857,lm060_ls040_le000,0.11699120446980774,0.055866537165517594,0.030726595441034676,1,0.1146957681023558,0.1146957681023558,0.0,0.004124634433537722,0.03272013933242907,0.8947368421052632
17,rough_seed_28,16,6,0.960597481309616,7,10,wm080_ws000_we020,0.8,0.0,0.2,lm040_ls060_le000,0.4,0.6,0.0,0.13317745923995972,0.8564889430999756,0.010333587415516376,0.22324760258197784,0.6210689187049866,0.155683473078534,lm020_ls080_le000,0.08810809086033836,0.17788169042517743,0.0978349297338476,0,0.1381960569614601,0.326530106574885,0.18833404961342493,0.004124634433537722,0.03272013933242907,0.8947368421052632
17,rough_seed_28,16,6,0.960597481309616,7,10,wm060_ws040_we000,0.6,0.4,0.0,lm000_ls100_le000,0.0,1.0,0.0,0.44461777806282043,0.5534608960151672,0.0019212975166738033,0.39453977793455125,0.454403492808342,0.1510567136341706,lm040_ls060_le000,0.06450058684323538,0.29769272652144235,0.1637309995867933,0,0.1429474122250408,0.23116528305630404,0.08821787083126326,0.004124634433537722,0.03272013933242907,0.8947368421052632
17,rough_seed_28,16,6,0.960597481309616,7,10,wm060_ws020_we020,0.6,0.2,0.2,lm040_ls060_le000,0.4,0.6,0.0,0.055354587733745575,0.8703733682632446,0.07427206635475159,0.18044502325356007,0.6287053525447845,0.19084963649511338,lm000_ls080_le020,0.15435042806092625,0.22976361562808356,0.126369988595446,0,0.13900721162283114,0.6065523330164844,0.46754512139365323,0.004124634433537722,0.03272013933242907,0.8947368421052632
17,rough_seed_28,16,6,0.960597481309616,7,10,wm060_ws000_we040,0.6,0.0,0.4,lm000_ls100_le000,0.0,1.0,0.0,0.14874140918254852,0.7595231533050537,0.09173545241355896,0.23180777505040168,0.5677377343177795,0.20045449882745742,lm020_ls080_le000,0.11261088526637845,0.1603179027636846,0.08817484652002655,0,0.1433606109671207,0.6507007515553195,0.5073401405881988,0.004124634433537722,0.03272013933242907,0.8947368421052632
17,rough_seed_28,16,6,0.960597481309616,7,10,wm040_ws060_we000,0.4,0.6,0.0,lm000_ls100_le000,0.0,1.0,0.0,0.27601099014282227,0.7188121676445007,0.00517682172358036,0.30180604457855226,0.5453466922044754,0.1528472519479692,lm020_ls080_le000,0.11133702990575335,0.1874585480739673,0.10310220144068205,0,0.09529827481669385,0.33269870473039354,0.2374004299136997,0.004124634433537722,0.03272013933242907,0.8947368421052632
17,rough_seed_28,16,6,0.960597481309616,7,10,wm040_ws040_we020,0.4,0.4,0.2,lm000_ls100_le000,0.0,1.0,0.0,0.371675968170166,0.539838433265686,0.08848556876182556,0.35442178249359135,0.4469111382961274,0.19866706281900406,lm040_ls060_le000,0.11068586526801207,0.3067743678887685,0.1687259023388227,0,0.09550487418773382,0.23219220540954566,0.13668733122181184,0.004124634433537722,0.03272013933242907,0.8947368421052632
17,rough_seed_28,16,6,0.960597481309616,7,10,wm040_ws020_we040,0.4,0.2,0.4,lm000_ls100_le000,0.0,1.0,0.0,0.02755124494433403,0.8032246232032776,0.1692241132259369,0.1651531847193837,0.5917735427618027,0.2430732622742653,lm000_ls080_le020,0.04143216744892501,0.1311835783223311,0.07215096807728212,0,0.09571147355877377,0.40455233301648436,0.30884085945771056,0.004124634433537722,0.03272013933242907,0.8947368421052632
17,rough_seed_28,16,6,0.960597481309616,7,10,wm040_ws000_we060,0.4,0.0,0.6,lm000_ls100_le000,0.0,1.0,0.0,0.1729472577571869,0.6825989484786987,0.14445379376411438,0.2451209917664528,0.5254294216632843,0.2294495865702629,lm020_ls060_le020,0.10314949432664397,0.21160070101420084,0.1163803855578105,0,0.09591807292981373,1.222772017366567,1.1268539444367534,0.004124634433537722,0.03272013933242907,0.8947368421052632
17,rough_seed_28,16,6,0.960597481309616,7,10,wm020_ws080_we000,0.2,0.8,0.0,lm000_ls100_le000,0.0,1.0,0.0,0.12220442295074463,0.8589393496513367,0.018856169655919075,0.21721243262290954,0.6224166423082352,0.1603708933107555,lm020_ls080_le000,0.09940600525039696,0.09404041431844234,0.051722227875143294,0,0.04764913740834693,0.44281178577570784,0.3951626483673609,0.004124634433537722,0.03272013933242907,0.8947368421052632
17,rough_seed_28,16,6,0.960597481309616,7,10,wm020_ws060_we020,0.2,0.6,0.2,lm000_ls100_le000,0.0,1.0,0.0,0.2854500710964203,0.6441814303398132,0.0703684538602829,0.3069975391030312,0.5042997866868973,0.18870264962315558,lm040_ls060_le000,0.1415111454881689,0.23721236487229666,0.13046680067976316,0,0.047855736779386884,0.34695396838331527,0.2990982316039284,0.004124634433537722,0.03272013933242907,0.8947368421052632
17,rough_seed_28,16,6,0.960597481309616,7,10,wm020_ws040_we040,0.2,0.4,0.4,lm000_ls100_le000,0.0,1.0,0.0,0.13607235252857208,0.7174702286720276,0.14645740389823914,0.22483979389071465,0.5446086257696152,0.23055157214403152,lm020_ls060_le020,0.14405835044455398,0.1883531759182612,0.10359424675504368,0,0.04806233615042684,0.8189947164918532,0.7709323803414263,0.004124634433537722,0.03272013933242907,0.8947368421052632
17,rough_seed_28,16,6,0.960597481309616,7,10,wm020_ws020_we060,0.2,0.2,0.6,lm000_ls100_le000,0.0,1.0,0.0,0.0414314940571785,0.8528410196304321,0.10572758316993713,0.17278732173144817,0.6190625607967377,0.20815017074346542,lm000_ls080_le020,0.11574122269258627,0.0981060191988945,0.053958310559391987,0,0.06307138306281337,0.20255233301648434,0.13948094995367097,0.004124634433537722,0.03272013933242907,0.8947368421052632
17,rough_seed_28,16,6,0.960597481309616,7,10,wm020_ws000_we080,0.2,0.0,0.8,lm000_ls100_le000,0.0,1.0,0.0,0.13800477981567383,0.662834644317627,0.1991606056690216,0.22590262889862062,0.5145590543746948,0.2595383331179619,lm020_ls060_le020,0.08827403035473488,0.22477691372235617,0.12362730254729593,0,0.08393791953784904,1.6276320092384513,1.5436940897006022,0.004124634433537722,0.03272013933242907,0.8947368421052632
17,rough_seed_28,16,6,0.960597481309616,7,10,wm000_ws100_we000,0.0,1.0,0.0,lm000_ls100_le000,0.0,1.0,0.0,0.005651658400893211,0.987998366355896,0.006350059527903795,0.15310841212049126,0.6933991014957429,0.15349253274034708,lm000_ls100_le000,0.01470726721099463,0.008001117190967003,0.004400614455031833,1,0.0,0.0,0.0,0.004124634433537722,0.03272013933242907,0.8947368421052632
17,rough_seed_28,16,6,0.960597481309616,7,10,wm000_ws080_we020,0.0,0.8,0.2,lm000_ls100_le000,0.0,1.0,0.0,0.008908524177968502,0.9770249128341675,0.014066608622670174,0.15489968829788267,0.6873637020587922,0.1577366347424686,lm000_ls100_le000,0.028374035868209344,0.015316739988823732,0.008424206993853064,1,0.020866536475035658,0.020866536475035658,0.0,0.004124634433537722,0.03272013933242907,0.8947368421052632
17,rough_seed_28,16,6,0.960597481309616,7,10,wm000_ws060_we040,0.0,0.6,0.4,lm000_ls100_le000,0.0,1.0,0.0,0.09575382620096207,0.829100489616394,0.0751456618309021,0.20266460441052914,0.6060052692890168,0.19133011400699615,lm020_ls080_le000,0.13176104788463613,0.11393299947182338,0.06266314970950286,0,0.041733072950071316,0.6525697767777838,0.6108367038277125,0.004124634433537722,0.03272013933242907,0.8947368421052632
17,rough_seed_28,16,6,0.960597481309616,7,10,wm000_ws040_we060,0.0,0.4,0.6,lm000_ls100_le000,0.0,1.0,0.0,0.2250453382730484,0.6920620799064636,0.08289255946874619,0.2737749360501766,0.530634143948555,0.1955909077078104,lm020_ls080_le000,0.13838005628922725,0.20529193927844366,0.11291056660314402,0,0.06259960942510696,0.97611741335073,0.913517803925623,0.004124634433537722,0.03272013933242907,0.8947368421052632
17,rough_seed_28,16,6,0.960597481309616,7,10,wm000_ws020_we080,0.0,0.2,0.8,lm000_ls080_le020,0.0,0.8,0.2,0.12959037721157074,0.7756637334823608,0.0947459265589714,0.2212747074663639,0.5766150534152985,0.20211025960743428,lm020_ls080_le000,0.12052617744185065,0.08639357239007951,0.04751646481454374,0,0.05578563466491871,1.2996650499236764,1.2438794152587576,0.004124634433537722,0.03272013933242907,0.8947368421052632
17,rough_seed_28,16,6,0.960597481309616,7,10,wm000_ws000_we100,0.0,0.0,1.0,lm000_ls080_le020,0.0,0.8,0.2,0.16613925993442535,0.6162511110305786,0.21760964393615723,0.24137659296393393,0.4889381110668183,0.26968530416488645,lm020_ls060_le020,0.041481898306066536,0.12249926428000134,0.06737459535400073,0,0.0,2.0324920011103353,2.0324920011103353,0.004124634433537722,0.03272013933242907,0.8947368421052632
17,rough_seed_28,16,6,0.960597481309616,7,10,balanced,0.3333333333333333,0.3333333333333333,0.3333333333333333,lm000_ls100_le000,0.0,1.0,0.0,0.09657533466815948,0.6870841979980469,0.21634052693843842,0.20311643406748772,0.5278963088989258,0.2689872898161411,lm020_ls060_le020,0.13618858895146863,0.20861055453618368,0.11473580499490103,0,0.07975956129897814,0.6838609373683635,0.6041013760693854,0.004124634433537722,0.03272013933242907,0.8947368421052632
17,rough_seed_28,16,6,0.960597481309616,7,10,motion,0.7,0.15,0.15,lm060_ls040_le000,0.6,0.4,0.0,0.08598875999450684,0.8760409355163574,0.037970319390296936,0.19729381799697876,0.6318225145339966,0.1708836756646633,lm020_ls080_le000,0.14220594880803739,0.34267416497071584,0.18847079073389372,0,0.11129953241408336,0.2459547016353925,0.13465516922130913,0.004124634433537722,0.03272013933242907,0.8947368421052632
17,rough_seed_28,16,6,0.960597481309616,7,10,stability,0.15,0.7,0.15,lm000_ls100_le000,0.0,1.0,0.0,0.11631733179092407,0.8415612578392029,0.04212135076522827,0.21397453248500825,0.6128586918115616,0.17316674292087555,lm020_ls080_le000,0.102490659584444,0.10562580823898315,0.05809419453144076,0,0.03589180258454017,0.3898120379245217,0.3539202353399815,0.004124634433537722,0.03272013933242907,0.8947368421052632
17,rough_seed_28,16,6,0.960597481309616,7,10,energy,0.15,0.15,0.7,lm000_ls100_le000,0.0,1.0,0.0,0.06390459090471268,0.8264066576957703,0.10968877375125885,0.18514752499759196,0.6045236617326737,0.21032882556319238,lm000_ls080_le020,0.11374192672850052,0.11572890232006709,0.06365089627603691,0,0.0733867078909046,0.15191424976236326,0.07852754187145866,0.004124634433537722,0.03272013933242907,0.8947368421052632
18,rough_seed_17,16,6,0.9630870391133157,7,10,wm100_ws000_we000,1.0,0.0,0.0,lm060_ls040_le000,0.6,0.4,0.0,0.9999685287475586,3.100116009591147e-05,4.492709706482856e-07,0.6999826908111573,0.15001705063805273,0.15000024709903384,lm100_ls000_le000,4.417820166018667e-05,0.26664599228614444,0.14665529575737948,0,0.0,0.0005174753795976763,0.0005174753795976763,0.0024997093714773655,0.026716037637373912,0.9368421052631579
18,rough_seed_17,16,6,0.9630870391133157,7,10,wm080_ws020_we000,0.8,0.2,0.0,lm100_ls000_le000,1.0,0.0,0.0,0.9965638518333435,0.003098087850958109,0.00033811311004683375,0.698110118508339,0.15170394831802694,0.15018596221052574,lm100_ls000_le000,0.004638920459617363,0.0022907830425538123,0.0012599306734045745,1,0.019121629258464168,0.019121629258464168,0.0,0.0024997093714773655,0.026716037637373912,0.9368421052631579
18,rough_seed_17,16,6,0.9630870391133157,7,10,wm080_ws000_we020,0.8,0.0,0.2,lm100_ls000_le000,1.0,0.0,0.0,0.9999892711639404,1.066385448211804e-05,1.1169677094358121e-07,0.6999940991401673,0.15000586511996516,0.150000061433224,lm100_ls000_le000,1.5127398711528841e-05,7.168129104210645e-06,3.942471007314004e-06,1,0.054388377686413254,0.054388377686413254,0.0,0.0024997093714773655,0.026716037637373912,0.9368421052631579
18,rough_seed_17,16,6,0.9630870391133157,7,10,wm060_ws040_we000,0.6,0.4,0.0,lm100_ls000_le000,1.0,0.0,0.0,0.9380373358726501,0.036783672869205475,0.025179050862789154,0.6659205347299576,0.170231020078063,0.16384847797453403,lm100_ls000_le000,0.0763308256070797,0.041308462619781494,0.02271965444087984,1,0.03823813499831846,0.03823813499831846,0.0,0.0024997093714773655,0.026716037637373912,0.9368421052631579
18,rough_seed_17,16,6,0.9630870391133157,7,10,wm060_ws020_we020,0.6,0.2,0.2,lm100_ls000_le000,1.0,0.0,0.0,0.9995318651199341,0.00045278712059371173,1.5365594663308002e-05,0.6997425258159639,0.15024903291632655,0.1500084510770648,lm100_ls000_le000,0.0006514618515379338,0.0003120958651076459,0.00017165272580919413,1,0.05457663546233065,0.05457663546233065,0.0,0.0024997093714773655,0.026716037637373912,0.9368421052631579
18,rough_seed_17,16,6,0.9630870391133157,7,10,wm060_ws000_we040,0.6,0.0,0.4,lm100_ls000_le000,1.0,0.0,0.0,0.9999942779541016,5.64052652407554e-06,8.904251558305987e-08,0.6999968528747559,0.15000310228958824,0.15000004897338357,lm100_ls000_le000,8.035252161706343e-06,3.817204979365367e-06,2.099462738667605e-06,1,0.10877163185421664,0.10877163185421664,0.0,0.0024997093714773655,0.026716037637373912,0.9368421052631579
18,rough_seed_17,16,6,0.9630870391133157,7,10,wm040_ws060_we000,0.4,0.6,0.0,lm100_ls000_le000,1.0,0.0,0.0,0.9636428952217102,0.017638368532061577,0.018718626350164413,0.6800035923719406,0.15970110269263385,0.16029524449259042,lm100_ls000_le000,0.04453468406500075,0.02423803322017193,0.01333091827109457,1,0.05735464073817274,0.05735464073817274,0.0,0.0024997093714773655,0.026716037637373912,0.9368421052631579
18,rough_seed_17,16,6,0.9630870391133157,7,10,wm040_ws040_we020,0.4,0.4,0.2,lm100_ls000_le000,1.0,0.0,0.0,0.9198001027107239,0.07269223034381866,0.007507675793021917,0.6558900564908982,0.18998072668910027,0.15412922168616205,lm100_ls000_le000,0.1085013782095986,0.053466601142038904,0.029406630628121416,1,0.05476489323824804,0.05476489323824804,0.0,0.0024997093714773655,0.026716037637373912,0.9368421052631579
18,rough_seed_17,16,6,0.9630870391133157,7,10,wm040_ws020_we040,0.4,0.2,0.4,lm100_ls000_le000,1.0,0.0,0.0,0.9999345541000366,6.257847417145967e-05,2.8184938400954707e-06,0.6999640047550202,0.1500344181607943,0.15000155017161204,lm100_ls000_le000,9.059346090734861e-05,4.361428932497802e-05,2.398785912874346e-05,1,0.10895988963013403,0.10895988963013403,0.0,0.0024997093714773655,0.026716037637373912,0.9368421052631579
18,rough_seed_17,16,6,0.9630870391133157,7,10,wm040_ws000_we060,0.4,0.0,0.6,lm100_ls000_le000,1.0,0.0,0.0,0.9999991655349731,6.129566827439703e-07,2.408285695310042e-07,0.6999995410442353,0.1500003371261755,0.15000013245571323,lm100_ls000_le000,1.0630363003527867e-06,5.627500930434811e-07,3.095125511535605e-07,1,0.16315488602202,0.16315488602202,0.0,0.0024997093714773655,0.026716037637373912,0.9368421052631579
18,rough_seed_17,16,6,0.9630870391133157,7,10,wm020_ws080_we000,0.2,0.8,0.0,lm100_ls000_le000,1.0,0.0,0.0,0.9967116117477417,0.0004861891793552786,0.002802191535010934,0.698191386461258,0.1502674040486454,0.151541205344256,lm100_ls000_le000,0.004347660821016227,0.0021922563222081712,0.0012057409772144867,1,0.07647114647802704,0.07647114647802704,0.0,0.0024997093714773655,0.026716037637373912,0.9368421052631579
18,rough_seed_17,16,6,0.9630870391133157,7,10,wm020_ws060_we020,0.2,0.6,0.2,lm100_ls000_le000,1.0,0.0,0.0,0.9561479091644287,0.029902013018727303,0.01395010482519865,0.6758813500404358,0.1664461071603,0.15767255765385926,lm100_ls000_le000,0.05487933744003624,0.02923473622649908,0.01607910492457451,1,0.05789207424109953,0.05789207424109953,0.0,0.0024997093714773655,0.026716037637373912,0.9368421052631579
18,rough_seed_17,16,6,0.9630870391133157,7,10,wm020_ws040_we040,0.2,0.4,0.4,lm100_ls000_le000,1.0,0.0,0.0,0.9021542072296143,0.09192091971635818,0.005924901459366083,0.6461848139762879,0.200556505843997,0.15325869580265133,lm100_ls000_le000,0.13438139417966177,0.06523053798203667,0.03587679589012017,1,0.10914814740605142,0.10914814740605142,0.0,0.0024997093714773655,0.026716037637373912,0.9368421052631579
18,rough_seed_17,16,6,0.9630870391133157,7,10,wm020_ws020_we060,0.2,0.2,0.6,lm100_ls000_le000,1.0,0.0,0.0,0.999811589717865,7.689396443311125e-05,0.0001115344712161459,0.6998963743448258,0.1500422916804382,0.15006134395916887,lm100_ls000_le000,0.00023205829967898117,0.00012561290592808896,6.908709826046004e-05,1,0.1633431437979374,0.1633431437979374,0.0,0.0024997093714773655,0.026716037637373912,0.9368421052631579
18,rough_seed_17,16,6,0.9630870391133157,7,10,wm020_ws000_we080,0.2,0.0,0.8,lm020_ls060_le020,0.2,0.6,0.2,0.9999994039535522,5.559597582305287e-08,5.38437802788394e-07,0.6999996721744538,0.15000003057778669,0.15000029614079152,lm100_ls000_le000,8.05156846756805e-07,0.5333329366399245,0.29333311515195853,0,0.11820231650351962,0.2175381401898234,0.09933582368630378,0.0024997093714773655,0.026716037637373912,0.9368421052631579
18,rough_seed_17,16,6,0.9630870391133157,7,10,wm000_ws100_we000,0.0,1.0,0.0,lm060_ls000_le040,0.6,0.0,0.4,0.9929881691932678,0.0006537543958984315,0.006358051672577858,0.6961434930562974,0.15035956491774413,0.15349692841991783,lm100_ls000_le000,0.009487780938847874,0.2624279573055295,0.14433537651804126,0,0.0,0.09558765221788132,0.09558765221788132,0.0024997093714773655,0.026716037637373912,0.9368421052631579
18,rough_seed_17,16,6,0.9630870391133157,7,10,wm000_ws080_we020,0.0,0.8,0.2,lm100_ls000_le000,1.0,0.0,0.0,0.9702726602554321,0.0031356734689325094,0.026591606438159943,0.6836499631404878,0.15172462040791287,0.16462538354098796,lm100_ls000_le000,0.04000825801449897,0.01981820655055344,0.010900013602804385,1,0.07700857998095384,0.07700857998095384,0.0,0.0024997093714773655,0.026716037637373912,0.9368421052631579
18,rough_seed_17,16,6,0.9630870391133157,7,10,wm000_ws060_we040,0.0,0.6,0.4,lm100_ls000_le000,1.0,0.0,0.0,0.7105180621147156,0.16297583281993866,0.1265060305595398,0.5407849341630936,0.23963670805096626,0.2195783168077469,lm060_ls020_le020,0.13779112653971795,0.19298793375492096,0.10614336356520655,0,0.10933640518196881,0.4152384217252855,0.3059020165433167,0.0024997093714773655,0.026716037637373912,0.9368421052631579
18,rough_seed_17,16,6,0.9630870391133157,7,10,wm000_ws040_we060,0.0,0.4,0.6,lm100_ls000_le000,1.0,0.0,0.0,0.6868017911911011,0.246903195977211,0.06629499047994614,0.5277409851551056,0.28579675778746605,0.1864622447639704,lm080_ls020_le000,0.13931536179889104,0.20879879842201868,0.11483933913211031,0,0.1635314015738548,0.5090843258613533,0.3455529242874985,0.0024997093714773655,0.026716037637373912,0.9368421052631579
18,rough_seed_17,16,6,0.9630870391133157,7,10,wm000_ws020_we080,0.0,0.2,0.8,lm020_ls060_le020,0.2,0.6,0.2,0.9998412132263184,1.8411887140246108e-05,0.00014043026021681726,0.6999126672744752,0.15001012653792714,0.15007723664311926,lm100_ls000_le000,0.00021277428197235851,0.5332274570263204,0.29327510136447626,0,0.202,0.21772639796574078,0.015726397965740768,0.0024997093714773655,0.026716037637373912,0.9368421052631579
18,rough_seed_17,16,6,0.9630870391133157,7,10,wm000_ws000_we100,0.0,0.0,1.0,lm020_ls060_le020,0.2,0.6,0.2,0.9999997615814209,6.9650551992594956e-09,1.9595263722749223e-07,0.6999998688697816,0.15000000383078035,0.15000010777395048,lm100_ls000_le000,3.086897583191673e-07,0.5333331862212428,0.29333325242168357,0,0.0,0.27192139435762674,0.27192139435762674,0.0024997093714773655,0.026716037637373912,0.9368421052631579
18,rough_seed_17,16,6,0.9630870391133157,7,10,balanced,0.3333333333333333,0.3333333333333333,0.3333333333333333,lm100_ls000_le000,1.0,0.0,0.0,0.9847338795661926,0.014711197465658188,0.0005548432818613946,0.691603633761406,0.158091158606112,0.15030516380502376,lm100_ls000_le000,0.021208055428080283,0.010177387060442319,0.0055975628832432844,1,0.09095764342481116,0.09095764342481116,0.0,0.0024997093714773655,0.026716037637373912,0.9368421052631579
18,rough_seed_17,16,6,0.9630870391133157,7,10,motion,0.7,0.15,0.15,lm100_ls000_le000,1.0,0.0,0.0,0.9997524619102478,0.00024029836640693247,7.25817426427966e-06,0.6998638540506363,0.1501321641015238,0.15000399199584535,lm100_ls000_le000,0.00034506679334537235,0.0001650315434744698,9.076734891096579e-05,1,0.040933757476400455,0.040933757476400455,0.0,0.0024997093714773655,0.026716037637373912,0.9368421052631579
18,rough_seed_17,16,6,0.9630870391133157,7,10,stability,0.15,0.7,0.15,lm100_ls000_le000,1.0,0.0,0.0,0.9892663955688477,0.0031519634649157524,0.007581648416817188,0.6940965175628663,0.15173357990570366,0.15416990662924945,lm100_ls000_le000,0.013513938378017103,0.0071557387709617615,0.00393565632402897,1,0.06731596873529497,0.06731596873529497,0.0,0.0024997093714773655,0.026716037637373912,0.9368421052631579
18,rough_seed_17,16,6,0.9630870391133157,7,10,energy,0.15,0.15,0.7,lm020_ls060_le020,0.2,0.6,0.2,0.9999328851699829,8.958737453212962e-06,5.814439646201208e-05,0.6999630868434906,0.15000492730559925,0.1500319794180541,lm100_ls000_le000,8.924925896000542e-05,0.5332885940120226,0.2933087267066124,0,0.15237773997403603,0.19048770643785976,0.038109966463823725,0.0024997093714773655,0.026716037637373912,0.9368421052631579
